Test Index,Train Index,Score,Computing Time (s),Space Usage (MB),Same Class
0,307,1.1048990447099085,0.00013268399925436825,0.24100971221923828,False
2,417,11.175819541451904,0.00013504199887393042,0.24096393585205078,True
4,276,0.47538184985665327,0.00013123799726599827,0.24100208282470703,False
5,356,2.107666965836448,0.0001369540004816372,0.24106311798095703,False
6,349,0.2897809465554664,0.0001302250020671636,0.24095630645751953,True
8,289,0.8565200745083631,0.00013385700003709644,0.24101734161376953,True
11,432,0.7308672309665925,0.0001297250018978957,0.24094867706298828,False
14,269,0.7071530109436426,0.00013347000276553445,0.24097156524658203,False
20,102,0.45854273809007984,0.00014566599929821678,0.24095630645751953,True
21,183,1.7475816503866364,0.00012818399773095734,0.24095630645751953,True
22,173,1.0683773020274874,0.00013364299957174808,0.24102497100830078,False
24,194,0.43218821091130744,0.00013636599760502577,0.24096393585205078,False
25,51,0.2263055123983558,0.00013420399773167446,0.24094867706298828,False
27,31,4.094241233729238,0.0001321519994235132,0.24102497100830078,True
29,417,282.2853877376179,0.00013799600128550082,0.24122333526611328,True
30,48,0.32557791203845465,0.00025633699988247827,0.24096393585205078,True
31,291,0.011349615605628138,0.00012837399845011532,0.24093341827392578,True
32,456,0.21328819344658456,0.00012815599984605797,0.24094104766845703,True
36,360,1.625309798053677,0.0001445599991711788,0.24102497100830078,True
42,455,0.42053903551286576,0.00013002400010009296,0.24095630645751953,True
43,387,0.8966340240812012,0.00014745400039828382,0.24101734161376953,True
44,336,0.10000880890843615,0.00013656800001626834,0.24094104766845703,True
45,196,1.2943613225923378,0.00013508299889508635,0.24102497100830078,False
47,349,0.13042898128819003,0.00014271600230131298,0.24095630645751953,True
48,235,1.3051775599265267,0.00013150899758329615,0.24100971221923828,False
49,377,1.5317453291796717,0.00013325299732969142,0.24097919464111328,False
51,221,0.7520133289673808,0.0001352500003122259,0.24101734161376953,True
52,228,1.384921314641059,0.0001356939974357374,0.24101734161376953,True
55,228,0.24657659777515167,0.00013061099889455363,0.24096393585205078,True
56,357,1.1516602318970715,0.00013495399980456568,0.24105548858642578,True
57,113,0.6393518573023725,0.0001497550001658965,0.24097919464111328,False
58,461,0.7824115297849469,0.00013534599929698743,0.24097919464111328,False
59,74,0.7271284869234922,0.0001568000006955117,0.24100208282470703,False
60,8,0.7601051821408646,0.0001364130002912134,0.24095630645751953,False
61,312,2.2332449450669487,0.00013797399878967553,0.24106311798095703,True
62,45,2.671170529231918,0.00017927299995790236,0.24100208282470703,True
64,69,0.3657488874787223,0.00013409699749900028,0.24096393585205078,True
65,250,0.4015623896222845,0.00012917100320919417,0.24094867706298828,True
66,48,0.2532125802399425,0.00013728699923376553,0.24094104766845703,True
67,163,0.9670600351895745,0.00013548399874707684,0.24099445343017578,False
68,183,2.0224813402454136,0.0001315320005232934,0.24097156524658203,True
70,179,0.7382994784530296,0.00014788000044063665,0.24097156524658203,False
74,313,0.1208556130561897,0.00013289699927554466,0.24093341827392578,True
77,27,0.37260060406437506,0.0001378110027872026,0.24094867706298828,True
78,13,0.25591242863424885,0.000142300999868894,0.24094867706298828,True
80,427,0.6229483012309174,0.0001457150028727483,0.24096393585205078,True
81,419,0.5492989701296408,0.00013646699881064706,0.24098682403564453,False
82,417,284.45343203701907,0.0001453340009902604,0.24122333526611328,True
84,336,0.45694985856078757,0.00013759400098933838,0.24096393585205078,True
86,320,184.340358801509,0.00014481899779639207,0.24116230010986328,True
87,182,0.11937970932488894,0.00013298999692779034,0.24098682403564453,True
89,228,2.1739371123424482,0.00014444399857893586,0.24107837677001953,False
92,157,0.22075842733325138,0.00013799299995298497,0.24094867706298828,False
93,163,1.2245424887157617,0.00014204000035533682,0.24105548858642578,True
94,279,1.1169681340573079,0.0001308290011365898,0.24100208282470703,False
96,189,0.5316829140609467,0.00013177900109440088,0.24096393585205078,True
97,48,0.023291855332270028,0.0001579409981786739,0.24094104766845703,True
99,48,0.8842453262324906,0.00013224900249042548,0.24097919464111328,True
100,251,1.2170295897893242,0.00013923900041845627,0.24099445343017578,True
102,139,0.7969596695002484,0.00013292500079842284,0.24102497100830078,True
103,313,0.9266456447061977,0.0001598839990037959,0.24097919464111328,False
104,9,0.2890486282445361,0.00014350499986903742,0.24097156524658203,False
105,349,1.3085613956092383,0.00013431100160232745,0.24103260040283203,False
106,48,1.2438703632385126,0.0001310339976043906,0.24099445343017578,True
108,71,0.9344720389584683,0.0001352219987893477,0.24100971221923828,True
109,164,0.1753334600570187,0.00013060099809081294,0.24095630645751953,True
111,429,2.763927686852217,0.00013418500020634383,0.24099445343017578,False
112,459,0.6345308687143266,0.00013023900100961328,0.24094867706298828,False
116,197,0.048590691932328824,0.0001395660001435317,0.24093341827392578,True
121,383,0.7725275551996659,0.00013538900020648725,0.24104022979736328,True
122,419,0.42443031202508885,0.00013496199971996248,0.24102497100830078,False
124,85,2.0808055570019324,0.00014175300020724535,0.24111652374267578,True
126,250,0.4565391754639562,0.0001435979975212831,0.24094867706298828,True
129,393,0.8405406292826456,0.00013608399967779405,0.24096393585205078,False
132,446,0.4268120081909892,0.00014420699881156906,0.24095630645751953,False
133,15,4.641687444944143,0.0001485579996369779,0.24124622344970703,True
135,174,1.1302790593618122,0.00014512999769067392,0.24101734161376953,False
137,161,0.34257002844250956,0.00013910500274505466,0.24097156524658203,True
138,96,0.7911437374858685,0.00013255199883133173,0.24099445343017578,False
139,107,1.2557114227395731,0.00013393400149652734,0.24097156524658203,False
140,96,0.055217899174054556,0.0001289669999096077,0.24093341827392578,True
142,214,0.09665130455779354,0.0001352219987893477,0.24093341827392578,True
144,38,0.035782251176016217,0.00012816399976145476,0.24094104766845703,True
146,380,1.4852164981759146,0.000134707002871437,0.24100971221923828,True
147,83,0.8112169437420942,0.00014264899800764397,0.24100971221923828,False
148,173,1.2951930761115045,0.00014069100143387914,0.24106311798095703,False
152,247,0.6205337048385691,0.00013184500130591914,0.24094104766845703,True
154,375,0.6037615058082977,0.00014564599769073538,0.24099445343017578,True
156,102,1.6415759838409254,0.0001509709982201457,0.24101734161376953,False
159,362,1.6283202362781357,0.00014859099974273704,0.24098682403564453,True
163,391,0.49437767840417146,0.00013348900029086508,0.24098682403564453,False
166,279,1.1527378200251297,0.00013604100240627304,0.24098682403564453,True
168,359,0.49016680002522,0.00013459500041790307,0.24094104766845703,True
169,401,0.7273399124751956,0.0001509889989392832,0.24099445343017578,False
170,289,0.9371291319766214,0.00013663500067195855,0.24097156524658203,False
173,269,1.6111849018607451,0.0001366380020044744,0.24097156524658203,True
174,271,0.3303021626427942,0.00013818700244883075,0.24099445343017578,True
177,94,0.26542585071743696,0.0001394280006934423,0.24094867706298828,True
178,312,1.6748504169151968,0.00013473199942382053,0.24102497100830078,True
180,173,1.108101997852252,0.00013431099796434864,0.24103260040283203,True
181,349,0.650210536741243,0.00013218200183473527,0.24097919464111328,True
184,211,0.3741671864881868,0.00013464900257531554,0.24098682403564453,False
188,209,0.7302915368498042,0.00013595699783763848,0.24100971221923828,False
189,232,0.6466000957968968,0.0001427669994882308,0.24096393585205078,True
192,142,1.0768889408851157,0.00013511400175048038,0.24099445343017578,False
193,447,0.34962385287732517,0.0001297270027862396,0.24094867706298828,True
194,342,0.08591122857725045,0.00013774900071439333,0.24093341827392578,True
195,315,0.9955914799055564,0.0001404249996994622,0.24105548858642578,False
197,133,1.3529107529716777,0.00014399800056708045,0.24104022979736328,False
202,331,0.4967626591057487,0.00013450999904307537,0.24097919464111328,False
206,51,0.3088151236952501,0.0001324379991274327,0.24094867706298828,False
207,189,0.5121256439942982,0.0001292550005018711,0.24095630645751953,False
213,355,1.117432330436466,0.00015573299970128573,0.24104022979736328,True
215,27,0.22978507226350364,0.00013442500130622648,0.24095630645751953,True
218,235,1.5632616594984579,0.00013737600238528103,0.24100971221923828,False
221,214,0.2548193452904188,0.00013738300185650587,0.24094104766845703,True
224,27,0.04708950844932549,0.00013041000056546181,0.24094867706298828,True
225,229,0.7153928369768563,0.00013639800090459175,0.24100971221923828,False
226,107,1.3437910151715646,0.00014014800035511144,0.24104022979736328,True
227,414,1.1539216805446748,0.0001354830019408837,0.24100208282470703,True
230,452,2.2733949092632115,0.0001344110023637768,0.24100208282470703,True
231,312,1.6312719694483904,0.00013773300088359974,0.24100208282470703,True
232,174,1.3961269677454118,0.00013536400001612492,0.24099445343017578,False
234,321,1.2822742097210098,0.00014603899762732908,0.24104022979736328,False
237,40,0.6422350647029363,0.0001630200022191275,0.24097156524658203,False
239,250,0.109966944329722,0.0001367859986203257,0.24094104766845703,True
240,355,1.4548581781668597,0.00013804100308334455,0.24105548858642578,False
241,447,0.19035103686814883,0.00013970200234325603,0.24095630645751953,True
243,92,1.1325245790020888,0.00015974899724824354,0.24098682403564453,True
249,312,1.9142065117808316,0.0001371629987261258,0.24107074737548828,True
251,183,1.4886557903801632,0.00012891900041722693,0.24094867706298828,True
253,72,1.6004588063214058,0.0001310740008193534,0.24100208282470703,False
255,444,0.08743452147774256,0.00013424200005829334,0.24095630645751953,True
256,426,0.7863875069960323,0.00012868900012108497,0.24095630645751953,True
259,307,1.3683110739000603,0.00014295800065156072,0.24104022979736328,False
260,431,0.823375787601843,0.00012969499948667362,0.24097156524658203,True
261,211,0.7361148586869314,0.00014635899788117968,0.24098682403564453,False
263,118,0.42903677314037175,0.000306680998619413,0.24097919464111328,False
264,279,1.2549499206176373,0.00013078499978291802,0.24098682403564453,False
265,8,1.5436677521516529,0.00012960700041730888,0.24098682403564453,True
266,356,0.710242529747428,0.00017090699839172885,0.24098682403564453,True
269,177,1.0888847132183317,0.00013544799730880186,0.24097919464111328,False
270,74,0.5363270837273812,0.00013158599904272705,0.24096393585205078,False
271,96,1.1154976204371814,0.0001326910023635719,0.24103260040283203,True
272,48,0.3262666441850744,0.00014262399781728163,0.24097919464111328,True
275,394,0.13528348583960298,0.0001761720013746526,0.24094104766845703,True
280,329,0.5586733149495874,0.00013326500265975483,0.24096393585205078,False
281,355,0.9502670997319034,0.00013161999959265813,0.24099445343017578,True
283,450,1.7259007706876193,0.00014694399942527525,0.24107837677001953,False
285,7,0.39472829645909324,0.0001315769986831583,0.24097156524658203,True
287,313,1.83874155160525,0.0001332100000581704,0.24100208282470703,False
288,81,0.03201864263393907,0.0001285680009459611,0.24094104766845703,True
289,459,1.8435271231132235,0.00013672200293513015,0.24096393585205078,False
293,370,0.4250978410443369,0.0001354609994450584,0.24100208282470703,False
294,32,1.8015248726810513,0.0001408869975421112,0.24107837677001953,False
297,110,0.26650676765088216,0.00013172100079827942,0.24094104766845703,True
298,251,1.7345146998068108,0.0001639990005060099,0.24101734161376953,False
299,313,1.5388813447639564,0.00013255200246931054,0.24100971221923828,False
300,8,0.3544875499324639,0.00013763199967797846,0.24099445343017578,False
304,429,2.3000817760354604,0.00013261899948702194,0.24100208282470703,False
305,93,0.17872003238205497,0.0001393689999531489,0.24094867706298828,True
306,2,1.2440685487442642,0.00013767600103165023,0.24107837677001953,False
307,234,3.2919843881644852,0.00013929100168752484,0.24104785919189453,True
308,53,0.161851716731334,0.0001384739989589434,0.24094867706298828,True
311,48,0.6837290842801562,0.00012876899927505292,0.24096393585205078,True
313,174,1.5348959931820283,0.00013180400128476322,0.24100208282470703,False
316,219,0.9021079635585033,0.0001363379997201264,0.24100208282470703,True
317,142,1.0361317531998357,0.00013296399993123487,0.24099445343017578,True
318,209,0.3287688677949247,0.00013711299834540114,0.24099445343017578,True
319,161,0.5463100679470835,0.0001318079994234722,0.24099445343017578,False
320,106,1.1750639364579163,0.00013632899936055765,0.24099445343017578,True
321,311,0.4502489500318236,0.0001534490002086386,0.24097156524658203,False
326,261,2.018819829940228,0.0001431720011169091,0.24104785919189453,False
327,188,0.8245415919388707,0.00013148599828127772,0.24097919464111328,True
330,277,0.6504294083065453,0.00012978599988855422,0.24094867706298828,False
332,248,1.6399069695869506,0.00015263300156220794,0.24107837677001953,True
334,331,0.5598628491966456,0.0001453869990655221,0.24099445343017578,False
337,404,0.6748670240540636,0.0001481159997638315,0.24101734161376953,True
339,416,0.3074847297769926,0.00012951499957125634,0.24094867706298828,True
341,96,0.8555195512041684,0.0001360280002700165,0.24099445343017578,False
342,287,1.4845198281691527,0.0001372680017084349,0.24103260040283203,False
343,442,0.72197987535868,0.0001363849987683352,0.24102497100830078,False
346,9,0.47869661925614954,0.00013246099842945114,0.24097919464111328,True
347,313,1.192858151797236,0.00014019699665368535,0.24097919464111328,False
349,38,0.9153896360487583,0.00013342500096769072,0.24096393585205078,False
350,213,0.7244108714529642,0.00013164399933884852,0.24098682403564453,True
354,356,2.3246849319373526,0.00014601400107494555,0.24107837677001953,True
358,3,0.967551250400081,0.00013867099914932624,0.24101734161376953,True
359,107,1.1284101818830128,0.00014351400022860616,0.24098682403564453,True
360,391,1.1094549099686943,0.00014020000162418,0.24099445343017578,False
361,287,0.12342693933593615,0.00013869399845134467,0.24094104766845703,True
362,271,0.13600952579331588,0.000150273997860495,0.24093341827392578,True
365,94,0.35523118221416716,0.00013565199697040953,0.24095630645751953,False
367,423,0.21579112366631426,0.00013133099855622277,0.24096393585205078,True
368,19,0.7565905306543361,0.00015792499834788032,0.24097919464111328,False
370,45,1.8765041925293393,0.00013423400014289655,0.24101734161376953,False
371,94,0.5246538235265578,0.00014316499800770544,0.24094867706298828,False
372,287,1.1438198042086951,0.0001332120009465143,0.24097919464111328,False
373,78,0.11388925144786968,0.00012898799832328223,0.24093341827392578,True
374,214,0.4015938048840326,0.0001269169988518115,0.24093341827392578,True
377,443,0.42506959040950193,0.00013193499762564898,0.24095630645751953,True
382,76,0.7744260470831406,0.00013021799895795994,0.24098682403564453,True
385,139,0.765737515957708,0.0001328170001215767,0.24097919464111328,True
386,145,0.12683175673362593,0.00014210700101102702,0.24104022979736328,True
389,360,0.5790394567894434,0.00013621400285046548,0.24102497100830078,False
391,220,0.1485667753874036,0.00017537500025355257,0.24094867706298828,True
393,235,1.6597532528108334,0.0001351549981336575,0.24099445343017578,False
396,4,0.08854248686841847,0.000146112000948051,0.24096393585205078,True
401,96,1.0327843564752865,0.00013972499800729565,0.24100971221923828,True
402,294,2.223399894447631,0.00013666599988937378,0.24104785919189453,False
403,61,2.210906841881948,0.0001438489998690784,0.24114704132080078,True
406,163,0.42359303294463274,0.00014612800077884458,0.24097919464111328,False
407,446,0.15334273533434647,0.0001295910005865153,0.24093341827392578,True
408,263,1.9023966607387284,0.0001381779984512832,0.24107837677001953,False
410,279,1.885765788051741,0.0001338580004812684,0.24100208282470703,True
411,235,1.1416554112739348,0.00013420100003713742,0.24097919464111328,False
417,173,0.160942184302891,0.00012745200001518242,0.24093341827392578,True
418,6,1.5316767753263305,0.00016026500088628381,0.24104022979736328,False
419,68,0.11398151005819696,0.00012792800043825991,0.24094104766845703,True
421,101,0.43231229031370777,0.0001333149994025007,0.24098682403564453,True
422,218,0.04221000539784834,0.00013402699914877303,0.24094104766845703,True
423,461,1.2111911068798031,0.00013542700253310613,0.24103260040283203,True
424,291,0.18013580528777864,0.0001397419982822612,0.24094867706298828,True
428,342,0.6547603538545144,0.00012928000069223344,0.24097156524658203,False
429,93,1.1283962909839278,0.00013866799781681038,0.24100208282470703,True
430,456,0.4271623651257435,0.00013096199836581945,0.24097919464111328,False
432,212,0.13019010117647928,0.00012938500003656372,0.24093341827392578,True
433,416,0.30415585452631655,0.00013887800014344975,0.24093341827392578,True
434,283,0.703180849857622,0.00018927100245491602,0.24097919464111328,True
435,342,0.9966253473527492,0.0001310740008193534,0.24097156524658203,False
436,459,1.6314879512264575,0.00013158200090401806,0.24098682403564453,True
437,88,1.120204590663828,0.00014256899885367602,0.24103260040283203,False
442,383,0.2868873093872876,0.00013008399764657952,0.24095630645751953,True
443,142,0.8024773569550744,0.00014191099762683734,0.24097156524658203,False
446,314,1.3631328849940652,0.0001364700001431629,0.24107074737548828,True
449,161,0.55685504304501,0.00013173100160202011,0.24099445343017578,False
450,406,0.6405872590796483,0.00013091700020595454,0.24094867706298828,False
451,313,0.43449662252066446,0.000144626999826869,0.24094867706298828,True
452,70,0.7139698573201777,0.00013389800005825236,0.24099445343017578,False
456,307,1.9072582522966017,0.00014625499898102134,0.24102497100830078,False
464,352,0.09598685876539965,0.00013104499885230325,0.24094104766845703,True
465,104,0.5748010922550233,0.00013193300037528388,0.24099445343017578,True
466,235,1.5321250702219629,0.00014474999989033677,0.24099445343017578,False
470,15,1.0861657784073848,0.00014028799705556594,0.24112415313720703,True
471,4,1.410141719481711,0.0001353699990431778,0.24104785919189453,False
477,52,0.165516492967416,0.00012981300096726045,0.24095630645751953,True
478,342,0.7721350743451738,0.00013146900164429098,0.24097156524658203,False
479,142,0.8188892596878216,0.000130978998640785,0.24096393585205078,False
480,96,0.5804424063040484,0.00013324300016392954,0.24097156524658203,True
481,455,0.33465560542177825,0.00013136500274413265,0.24097156524658203,False
482,51,0.14514987988158537,0.00017582600048626773,0.24094867706298828,False
483,19,0.09186355427103317,0.00012830599735025316,0.24094104766845703,True
484,372,0.23835103280947065,0.0001361029972031247,0.24094867706298828,True
485,274,2.0653115046317887,0.00015186399832600728,0.24107074737548828,False
489,192,0.6671928534359004,0.00014212200039764866,0.24100208282470703,False
490,454,0.532213991133522,0.0001420480002707336,0.24102497100830078,True
492,140,1.5044064901067118,0.0001367130025755614,0.24100971221923828,True
493,412,0.6555035107971109,0.0001394219980284106,0.24097919464111328,True
495,133,0.8659555490808107,0.00013666700033354573,0.24097919464111328,False
496,142,0.5831366857889941,0.00013496100291376933,0.24099445343017578,False
497,40,11.578409342373968,0.00020893500186502934,0.24158954620361328,False
499,464,0.7130093557360622,0.00013472899809130467,0.24096393585205078,True
500,313,1.6660687408366914,0.0001527599997643847,0.24099445343017578,False
503,178,1.113729626707163,0.000152824999531731,0.24101734161376953,True
504,188,1.0311071465837487,0.00014218000069377013,0.24107837677001953,True
507,446,0.5268955375186055,0.00014109999756328762,0.24097156524658203,True
508,188,0.4622923142708028,0.0001323709984717425,0.24096393585205078,False
511,332,0.02412186581412955,0.0001431539967597928,0.24093341827392578,True
514,263,0.1854726670458305,0.0001385889991070144,0.24096393585205078,True
515,197,0.24001939200116335,0.00013157800276530907,0.24096393585205078,False
516,428,0.035365657396410836,0.00013302400111570023,0.24093341827392578,True
517,362,1.2996318356445462,0.00013867099914932624,0.24101734161376953,False
518,238,0.6477718462335165,0.00013217300147516653,0.24097156524658203,True
520,8,0.5052387560422649,0.0001337040012003854,0.24097156524658203,True
524,198,0.7985977383712861,0.00014092099809204228,0.24094104766845703,False
530,287,1.0120673255601258,0.00013343399768928066,0.24099445343017578,False
531,76,1.3994077003656336,0.0001371889993606601,0.24102497100830078,True
533,34,0.9043093726777469,0.00014303900024970062,0.24099445343017578,False
535,163,1.285080520171523,0.00013395799760473892,0.24102497100830078,False
537,283,0.8149904445728312,0.00014048400043975562,0.24098682403564453,True
539,315,0.4642332016005738,0.0001419990003341809,0.24098682403564453,False
541,118,0.034234931924291744,0.00012769400200340897,0.24093341827392578,True
543,139,0.5708806549618756,0.0001341520001005847,0.24094867706298828,False
545,247,1.2795077417914087,0.00013079400014248677,0.24094104766845703,True
546,378,0.18353633997456625,0.00013017099990975112,0.24094867706298828,True
547,432,1.3203343642940186,0.00015248699855874293,0.24103260040283203,True
549,360,1.2172937548937053,0.00014850999650661834,0.24107837677001953,True
551,423,0.30878051491078096,0.00015497300046263263,0.24097156524658203,True
554,238,0.8453188614226693,0.00013596899952972308,0.24097919464111328,True
558,355,0.7892301065303522,0.0001520810001238715,0.24098682403564453,True
562,355,2.47325529954215,0.0001408869975421112,0.24110889434814453,False
563,197,0.3001822773671386,0.00013148299694876187,0.24094104766845703,False
566,401,0.8404022584776377,0.00014510400069411844,0.24102497100830078,True
567,7,0.2752827220467801,0.00013930400018580258,0.24094867706298828,False
569,423,0.1692889769110327,0.00014187499982654117,0.24095630645751953,True
576,104,0.6429260071927974,0.00013663100253324956,0.24097919464111328,False
577,429,1.0797338657853444,0.00013914499868405983,0.24097156524658203,True
580,360,0.9014348860342155,0.00013851800031261519,0.24103260040283203,False
581,133,0.05552128980159294,0.00013499399938154966,0.24094867706298828,True
583,408,0.5783800351531694,0.00012923499889438972,0.24095630645751953,True
584,413,0.06563949104517003,0.00013167900033295155,0.24094867706298828,True
587,8,1.3234745589526968,0.0001328510006715078,0.24100971221923828,True
588,277,0.9432778086352747,0.00013481899804901332,0.24099445343017578,False
593,188,0.6302671737015665,0.0001361009999527596,0.24098682403564453,False
594,214,0.3324191004309309,0.00013101200238452293,0.24094104766845703,False
595,401,0.3106581894594887,0.00013002999912714586,0.24094867706298828,False
597,466,0.594832499677501,0.0001330049999523908,0.24095630645751953,True
600,177,0.480576231380913,0.00014541499695042148,0.24097156524658203,False
602,81,0.3014341854592255,0.00013028300236328505,0.24094867706298828,False
603,228,1.4095434803571936,0.00013420899995253421,0.24104785919189453,False
604,279,1.5854366380007772,0.0001386519979860168,0.24099445343017578,False
606,412,1.0672834816256893,0.00013108200073475018,0.24098682403564453,True
607,8,0.40816597249085557,0.00013163900075596757,0.24097156524658203,False
608,375,0.9317051428807246,0.00013409399980446324,0.24098682403564453,False
610,459,0.11613391822634295,0.00014496299991151318,0.24093341827392578,True
611,198,1.8812473718002116,0.0001381719994242303,0.24097919464111328,False
613,245,2.0782415054185126,0.00013317699995241128,0.24102497100830078,False
614,157,0.02173219415330136,0.00013698400289285928,0.24093341827392578,True
617,48,0.36117661494961156,0.0001328230027866084,0.24093341827392578,True
627,96,1.0217758919465347,0.0001429920012014918,0.24100971221923828,True
628,219,0.7178376104282067,0.00013550899893743917,0.24098682403564453,True
629,461,2.491934935020864,0.00016698900071787648,0.24108600616455078,False
631,321,1.5952544776850424,0.00014255499991122633,0.24101734161376953,False
633,139,0.6234753814228737,0.0001551630011817906,0.24097156524658203,False
638,237,0.5677453612943962,0.0001384169991069939,0.24098682403564453,False
639,250,0.547070938720341,0.00012990599861950614,0.24094867706298828,False
646,394,1.2683328115073436,0.00017373200171277858,0.24099445343017578,True
648,113,0.25568740018177627,0.0001340730013907887,0.24097919464111328,True
649,429,1.1044407767502953,0.00013229499745648354,0.24098682403564453,False
653,78,0.46700571287624754,0.0001337790017714724,0.24094867706298828,True
654,95,1.3221332547954698,0.00014572799773304723,0.24103260040283203,True
658,349,0.42970080509669084,0.00012977699952898547,0.24095630645751953,False
660,169,1.0421779623538074,0.00015130400061025284,0.24100971221923828,True
661,419,0.31889651205214575,0.00013759099965682253,0.24096393585205078,True
663,416,0.011133426435170412,0.0001339070004178211,0.24093341827392578,True
664,291,0.37855468941794707,0.00013162799950805493,0.24099445343017578,True
665,344,0.7846897196661275,0.00014189099965733476,0.24097156524658203,True
668,394,1.183276383370036,0.00013257200043881312,0.24101734161376953,True
671,312,2.049138691681784,0.00019773700114456005,0.24104785919189453,True
672,394,0.5521435253895746,0.0002668529996299185,0.24096393585205078,True
676,234,1.0326839521934705,0.00014115900194155984,0.24100971221923828,False
678,183,1.452744248290415,0.00013481000132742338,0.24096393585205078,True
679,70,0.3100364927557467,0.00012971599790034816,0.24094867706298828,False
683,31,3.3307600042084866,0.0001474759992561303,0.24101734161376953,True
685,92,1.686086856321742,0.00014358900079969317,0.24102497100830078,False
687,4,0.512527825387372,0.00013869699978386052,0.24098682403564453,True
690,85,0.6323322739478774,0.00014445000124396756,0.24099445343017578,True
695,196,0.8443769223767309,0.0001389640019624494,0.24101734161376953,False
696,75,0.33346011031435707,0.0001640779992158059,0.24095630645751953,True
702,263,1.4690819353525657,0.00019205300122848712,0.24105548858642578,False
710,126,0.8651900015110912,0.00013877600213163532,0.24096393585205078,True
711,189,0.0315229652878716,0.00014407100024982356,0.24093341827392578,True
712,311,0.12497287667148002,0.0001276379989576526,0.24093341827392578,True
713,302,0.08792802770808072,0.00013908700202591717,0.24093341827392578,True
715,394,0.866728094948168,0.0001405139992129989,0.24099445343017578,True
717,336,0.6088881957775649,0.00013151900202501565,0.24097156524658203,True
718,349,0.26789916483096937,0.00013152700194041245,0.24096393585205078,True
719,209,0.8076704098682057,0.00013227300223661587,0.24097919464111328,True
722,349,0.44041038123808435,0.00014342999929795042,0.24094104766845703,True
723,320,15.159956603680762,0.00014355000166688114,0.24121570587158203,True
725,229,0.6849191972735522,0.00013877300079911947,0.24097919464111328,False
726,45,1.981952227719283,0.0001336880013695918,0.24103260040283203,False
727,434,0.42843778845321684,0.00014303500211099163,0.24097156524658203,False
728,277,0.6854538774539195,0.000130517000798136,0.24097156524658203,True
730,32,1.1213740921063684,0.00013371399836614728,0.24102497100830078,False
733,2,0.5892053198347036,0.00014132500291452743,0.24104022979736328,False
736,428,0.29842514554898186,0.00013201800175011158,0.24094104766845703,True
739,359,0.544373447169044,0.0001374710009258706,0.24094867706298828,False
740,265,0.2006411086370964,0.00013070999921183102,0.24094104766845703,False
744,250,0.42563444279249535,0.00013279600170790218,0.24099445343017578,True
747,287,0.9018791642585021,0.00013259299885248765,0.24098682403564453,False
748,287,0.9486391609048485,0.00013233799836598337,0.24097156524658203,False
754,219,1.0861933521708096,0.0001291049993596971,0.24097156524658203,False
756,311,0.7051530223068712,0.0001430060001439415,0.24094104766845703,True
759,428,0.1982304240233435,0.0001342369978374336,0.24095630645751953,False
760,8,1.7022285286643706,0.0001337529974989593,0.24099445343017578,True
761,294,0.37735581085063447,0.00015153899948927574,0.24097156524658203,False
762,313,1.8047636713818929,0.00013097799819661304,0.24098682403564453,False
763,214,1.572275091426989,0.00013177000073483214,0.24094104766845703,True
764,261,2.1992630088801786,0.00013734399908571504,0.24108600616455078,False
767,375,0.14531502283291836,0.0001303450007981155,0.24095630645751953,True
769,183,0.04289488133886408,0.0001296700029342901,0.24093341827392578,True
770,292,0.3805577109335268,0.00013318699711817317,0.24100208282470703,False
773,355,2.3667556224916497,0.00013543900058721192,0.24108600616455078,False
774,141,0.2778108314383775,0.000127929997688625,0.24094104766845703,True
778,405,0.9409912640435243,0.00013455699809128419,0.24098682403564453,False
780,251,0.8287592751603161,0.00013601500177173875,0.24097919464111328,True
781,251,0.9334667089895105,0.0001358030021947343,0.24101734161376953,False
782,69,0.8190074950685947,0.0001402140005666297,0.24100208282470703,True
783,71,0.49449579715632863,0.00013132800086168572,0.24097919464111328,True
786,303,0.42238658379074784,0.00013362599929678254,0.24096393585205078,True
787,8,1.5184359093618405,0.0001349099984508939,0.24100208282470703,False
788,464,1.3493192563136156,0.00014347599790198728,0.24099445343017578,False
789,69,0.41927486649975554,0.00015055599942570552,0.24095630645751953,True
790,391,0.3038560822720462,0.00013505799870472401,0.24098682403564453,True
792,459,1.4588572696079378,0.00015192399951047264,0.24099445343017578,False
793,291,0.19737526802132108,0.0001446170026611071,0.24094104766845703,False
794,113,0.6955743516276267,0.00013663100253324956,0.24096393585205078,True
795,47,0.7547121959596934,0.0001401389999955427,0.24100971221923828,False
799,417,259.78468121643107,0.00014734999786014669,0.24119281768798828,True
800,359,0.30492599339924104,0.00013629299792228267,0.24094104766845703,True
801,78,0.4476473810700778,0.0001620029979676474,0.24093341827392578,True
802,13,1.7186609124587409,0.0001409920005244203,0.24105548858642578,True
806,406,0.22202457557779273,0.0001309079998463858,0.24094104766845703,True
807,74,0.6644163878211565,0.00013236400263849646,0.24097156524658203,True
808,183,1.5373388694702306,0.00013475200103130192,0.24097156524658203,True
810,75,0.7641051643566193,0.00014342199938255362,0.24104022979736328,False
812,85,2.7412308466748154,0.00014020700109540485,0.24114704132080078,False
814,250,0.027936471107304506,0.00015010899733169936,0.24093341827392578,True
815,265,0.2928477593489459,0.00014597499830415472,0.24093341827392578,False
818,431,0.12490284309524673,0.00013132900130585767,0.24093341827392578,True
819,174,1.486982101917594,0.0001309180006501265,0.24099445343017578,False
821,151,0.5384577679025304,0.0001379390014335513,0.24095630645751953,True
824,432,0.8563552135422375,0.00013976999980513938,0.24099445343017578,False
825,307,1.559863823767892,0.0001322269999946002,0.24101734161376953,True
826,141,0.23158579393061873,0.0001508109999122098,0.24096393585205078,True
828,229,0.760082833422178,0.00013020600090385415,0.24097156524658203,False
832,9,0.9536816353511933,0.00014659599764854647,0.24099445343017578,False
833,196,0.8330258266641026,0.00014347800242831,0.24104022979736328,True
834,314,0.9548907292653335,0.00013593399853562005,0.24103260040283203,True
835,229,0.8815402526103412,0.00013760600268142298,0.24098682403564453,True
836,36,0.1530407801192626,0.00013202499758335762,0.24095630645751953,True
837,105,0.5319552356380104,0.00013617299919133075,0.24095630645751953,True
838,197,0.2620333217081491,0.00013535199832404032,0.24094104766845703,True
839,174,1.343136160677186,0.00013692400170839392,0.24098682403564453,False
840,61,1.9800346114894505,0.00014451999959419481,0.24110889434814453,False
844,59,0.3816174188513042,0.00013789599688607268,0.24097156524658203,False
846,452,1.757420811828041,0.00013481700079864822,0.24097156524658203,False
847,416,0.1659541434884246,0.00013159799709683284,0.24094104766845703,True
848,129,0.8897785961524219,0.00013860800027032383,0.24096393585205078,False
849,320,49.50809041178533,0.00016270899868686683,0.24133014678955078,True
852,307,0.9607205447115572,0.00014363300215336494,0.24102497100830078,False
853,344,0.4474291962690446,0.0001313070024480112,0.24094104766845703,False
854,52,0.8863379162445703,0.0001414319995092228,0.24101734161376953,True
855,45,1.6552542043585108,0.00014266099969972856,0.24100971221923828,False
857,5,0.8803674487553432,0.00014031200043973513,0.24101734161376953,True
858,380,1.05592290606619,0.000141194999741856,0.24095630645751953,False
860,454,0.37957655324750816,0.00014217699936125427,0.24101734161376953,True
862,235,0.15830641051637712,0.00013346400010050274,0.24093341827392578,True
863,347,0.5820988364001335,0.00012999899990973063,0.24095630645751953,False
864,414,0.29135533989643736,0.0001474150012654718,0.24095630645751953,True
865,61,2.1430840802511284,0.00013639199823956005,0.24108600616455078,False
866,279,2.0987367947991054,0.0001367940021737013,0.24104022979736328,False
868,448,0.569410186915698,0.00014446799832512625,0.24095630645751953,False
869,161,0.8070506192535898,0.00013173199840821326,0.24099445343017578,False
871,77,0.4221030813628478,0.00015328800145653076,0.24099445343017578,False
873,429,0.8635530845364987,0.0001314229994022753,0.24095630645751953,False
874,313,1.3555989042016754,0.0001325330013060011,0.24100208282470703,False
875,188,0.5001288386417879,0.00013397600196185522,0.24097919464111328,True
878,466,8.10121984544006,0.00014111700147623196,0.24108600616455078,False
881,434,1.4375075419764551,0.00014040799942449667,0.24107074737548828,True
882,250,0.24588489037271036,0.00013300199861987494,0.24094867706298828,True
883,283,0.506064386962941,0.000133909001306165,0.24099445343017578,True
885,364,1.398810529354377,0.00013858600141247734,0.24103260040283203,False
886,129,1.6540010629702098,0.00014255600035539828,0.24098682403564453,False
887,401,0.5104701709152349,0.00013767599739367142,0.24098682403564453,True
888,251,1.3670871128325033,0.0001597519985807594,0.24103260040283203,False
889,312,1.913304521205265,0.0001489850001235027,0.24102497100830078,True
893,444,0.45362701782236664,0.00023043400142341852,0.24097156524658203,False
895,216,0.3522571499539008,0.00013625800056615844,0.24094867706298828,True
897,9,0.6114743496268714,0.00014013000327395275,0.24097156524658203,False
898,451,0.2303300434649354,0.00013209800090407953,0.24096393585205078,True
901,47,0.9727567846260694,0.00015711100058979355,0.24100971221923828,False
904,276,7.497062377896429,0.00014782699872739613,0.24116230010986328,True
908,79,1.0994910713756822,0.0001479720012866892,0.24097156524658203,False
911,361,0.10627560627830115,0.00014042999828234315,0.24094867706298828,True
912,303,1.5698197586056946,0.00015340500249294564,0.24101734161376953,True
913,234,1.1572034041538468,0.0001465800014557317,0.24098682403564453,True
914,279,0.725587582646401,0.00013543699969886802,0.24095630645751953,True
918,196,0.06600910443694,0.00014597499830415472,0.24094104766845703,True
921,107,1.193701946707525,0.00014370400094776414,0.24098682403564453,False
922,307,1.816006745670596,0.00013703200238524005,0.24104785919189453,False
923,359,0.304249970782478,0.00013437400048132986,0.24094104766845703,False
924,404,0.2235439016713916,0.00013324699830263853,0.24097156524658203,True
926,47,0.5011480395453897,0.00013286600005812943,0.24099445343017578,False
931,32,1.119256710092728,0.00013108799976180308,0.24099445343017578,False
933,431,0.6936930090941059,0.00012786400111508556,0.24094104766845703,True
934,329,0.6621096509461275,0.00014032299804966897,0.24097156524658203,False
935,397,0.5471535998599621,0.00012871500075561926,0.24094867706298828,False
936,348,0.6069678556908242,0.00013120500079821795,0.24094104766845703,True
937,96,0.7261707499840955,0.00013026699889451265,0.24095630645751953,True
941,355,2.442417917189068,0.00016490100097144023,0.24113941192626953,False
943,22,0.8839675365661825,0.00014799200289417058,0.24099445343017578,True
945,451,0.6304733184807283,0.00013155000124243088,0.24097919464111328,False
946,432,1.4606472605933554,0.00013393000335781835,0.24103260040283203,True
948,4,1.5014127821381698,0.0001349119993392378,0.24105548858642578,False
949,48,0.327824183954224,0.00013039100304013118,0.24094867706298828,True
951,461,1.7080304292987643,0.0001479559978179168,0.24104785919189453,True
956,182,0.02841267716964747,0.00015354299830505624,0.24094104766845703,True
957,355,2.1009176406485386,0.00013782500172965229,0.24108600616455078,False
959,102,0.3096019944969504,0.00014597300105378963,0.24097156524658203,True
960,465,1.632533693065117,0.000138110997795593,0.24100208282470703,False
963,320,81.56066462819629,0.00017929699970409274,0.24155902862548828,True
965,276,0.9597456748337724,0.00013161899914848618,0.24097156524658203,True
966,417,17.026718910965396,0.0001408160023856908,0.24096393585205078,True
974,364,1.5236149369249048,0.0001738719984132331,0.24104022979736328,True
975,255,2.034134866505505,0.00013582400060840882,0.24104022979736328,True
976,429,1.332315006008598,0.00015070299923536368,0.24097919464111328,False
982,126,0.5813749673713138,0.00014043599730939604,0.24097156524658203,True
984,32,3.304128507329513,0.00015163699936238118,0.24107837677001953,True
985,13,0.25348579134045635,0.00013312599912751466,0.24097156524658203,True
988,255,0.250852521322026,0.0001322249991062563,0.24094104766845703,True
990,75,0.877133109979486,0.0001383319977321662,0.24100971221923828,True
993,93,0.16947204471807453,0.00013535799735109322,0.24094104766845703,True
1003,164,0.1864412124960724,0.00013159399895812385,0.24095630645751953,True
1004,213,2.383360083993064,0.00014769300105399452,0.24104022979736328,False
1007,423,0.29317619244233817,0.00014438499783864245,0.24097919464111328,True
1008,265,0.143768343902232,0.00013849900278728455,0.24095630645751953,True
1009,183,0.70258479073018,0.0001506910011812579,0.24095630645751953,False
1010,197,0.3481229577958044,0.00015294299737433903,0.24097919464111328,False
1011,218,0.5501141952573199,0.0001387839984090533,0.24096393585205078,False
1012,426,0.9842590876575309,0.00013424600183498114,0.24097919464111328,False
1013,287,2.3107072480713513,0.0001406779992976226,0.24100971221923828,False
1014,188,0.05857133342343819,0.00013825600035488605,0.24095630645751953,True
1015,218,0.43615332579933713,0.00013262699940241873,0.24096393585205078,True
1017,173,1.1272323642682112,0.0001386299991281703,0.24104022979736328,True
1021,183,1.0472485840538734,0.0001456259997212328,0.24097156524658203,True
1022,429,1.1995068805366884,0.00014599000132875517,0.24096393585205078,False
1024,277,0.26709900327640923,0.00013280600251164287,0.24094104766845703,True
1026,314,0.8669674306519185,0.00014103000285103917,0.24100208282470703,True
1027,292,0.7675599247958796,0.00012932899699080735,0.24094867706298828,True
1033,192,0.6453557977959169,0.00014623699826188385,0.24097919464111328,False
1036,383,0.7776126733723092,0.00015241000073729083,0.24101734161376953,True
1038,348,2.3179901204192688,0.0001416039995092433,0.24104022979736328,True
1039,161,0.6662468970757327,0.00013812799807055853,0.24098682403564453,True
1042,279,1.8024264436015363,0.00014008400103193708,0.24099445343017578,True
1043,85,5.3880420294082185,0.00016127800336107612,0.24123096466064453,False
1044,434,0.7330032417676839,0.0001352260005660355,0.24095630645751953,False
1045,277,0.7064124714402519,0.00014263900084188208,0.24096393585205078,True
1046,219,0.09587185103215376,0.0001365409989375621,0.24094104766845703,True
1048,69,0.3759889292643402,0.00015220600107568316,0.24097156524658203,False
1049,57,0.41248731941669614,0.00014512200141325593,0.24101734161376953,True
1050,69,0.11257483228896606,0.00014016000204719603,0.24096393585205078,True
1051,69,0.3566436088710337,0.00015077900025062263,0.24096393585205078,False
1053,263,0.573699617208736,0.00013333400056581013,0.24098682403564453,False
1054,344,0.4588014764124102,0.00012952399993082508,0.24094867706298828,False
1058,401,0.7576516094390163,0.00014721800107508898,0.24097919464111328,False
1060,397,0.5721600778987432,0.00019439000243437476,0.24094867706298828,False
1063,355,1.787463439668408,0.00013770700024906546,0.24106311798095703,False
1064,459,1.0401001159450465,0.0001457819998904597,0.24097156524658203,False
1065,432,1.8420854877801591,0.00013574999684351496,0.24101734161376953,False
1066,445,0.5498385290152311,0.00012840700219385326,0.24095630645751953,True
1067,270,1.449196467855719,0.00019358199642738327,0.24097919464111328,False
1068,216,1.6915467523847996,0.00013973100067232735,0.24103260040283203,True
1072,74,0.41815848475833706,0.00013455400039674714,0.24095630645751953,True
1074,197,0.3117478487060437,0.00013154399857739918,0.24095630645751953,False
1075,313,2.1254181133056758,0.00020863800091319717,0.24097919464111328,False
1076,96,1.49576087920758,0.00014316099986899644,0.24101734161376953,False
1078,393,0.14279968621713807,0.0001410490003763698,0.24095630645751953,True
1081,248,0.8005812201549645,0.0001383220005664043,0.24107074737548828,True
1082,348,0.8725213240898634,0.00013310400026966818,0.24099445343017578,True
1083,279,1.895429739097163,0.0001604999997653067,0.24100208282470703,False
1084,406,0.36434923670097996,0.00013177900109440088,0.24097156524658203,False
1085,397,0.7744081147184824,0.00012938399959239177,0.24095630645751953,True
1089,388,0.21151369933497463,0.00012933499965583906,0.24094104766845703,True
1091,194,0.7151911850663374,0.00013194200073485263,0.24096393585205078,False
1093,377,2.102407767233994,0.00017998399926000275,0.24102497100830078,False
1094,440,0.3274979601244871,0.00013171099999453872,0.24094867706298828,False
1095,429,1.939892925071566,0.0001329849983449094,0.24100208282470703,False
1097,179,1.1740938187140497,0.00014613399980589747,0.24097156524658203,False
1099,198,0.2650351073290613,0.00016177100042114034,0.24094104766845703,True
1100,355,1.729775985237757,0.00013705899982596748,0.24103260040283203,False
1103,375,1.6614773469357973,0.00013774800027022138,0.24100208282470703,False
1104,312,2.447011602465053,0.00016149699877132662,0.24107074737548828,False
1105,426,0.7121437983125103,0.00013378999938140623,0.24096393585205078,False
1108,265,0.18904810464485577,0.0001422300010744948,0.24094104766845703,False
1109,139,0.95807725055842,0.00013501600187737495,0.24098682403564453,True
1110,96,0.5312501230701546,0.0001624489996174816,0.24098682403564453,False
1111,145,0.48390084524965005,0.00014555199959431775,0.24107837677001953,True
1112,163,0.21542439131386842,0.0001423640023858752,0.24098682403564453,False
1113,455,0.521599172701441,0.00013316200056578964,0.24100971221923828,False
1114,417,238.54713029907947,0.0001519190009275917,0.24140644073486328,True
1115,261,1.8338761009080993,0.00013804500122205354,0.24107074737548828,True
1116,331,0.1411460366865942,0.000131279000925133,0.24094867706298828,True
1117,360,1.8512648974433654,0.0001730049989419058,0.24100971221923828,False
1118,432,0.9411074078624524,0.0001305149999097921,0.24096393585205078,False
1119,101,0.4075719297615252,0.00013916299940319732,0.24096393585205078,True
1120,221,0.6886561196828048,0.00013872599811293185,0.24099445343017578,False
1121,448,0.3463535884041425,0.0001374140010739211,0.24094104766845703,True
1122,344,0.7250757444748651,0.00013571499948739074,0.24097919464111328,True
1125,283,0.4467178292666783,0.00013180200039641932,0.24096393585205078,True
1126,362,0.21037276265729432,0.00013055700037511997,0.24096393585205078,True
1127,429,2.414913448921921,0.00013436999870464206,0.24100208282470703,False
1128,330,0.7914649926784111,0.00013736300024902448,0.24097919464111328,False
1134,61,2.6306457066755424,0.00014017499779583886,0.24114704132080078,True
1135,40,0.8785077632079276,0.00013639600001624785,0.24101734161376953,True
1136,263,0.18961641134694357,0.0001302270029555075,0.24095630645751953,True
1138,283,1.0797990265430284,0.00013508100164472125,0.24100971221923828,True
1139,287,1.5684959478392395,0.00013466400196193717,0.24102497100830078,False
1140,356,0.1764365199482927,0.00013501599823939614,0.24094104766845703,True
1141,161,0.6125447839813872,0.00015305300257750787,0.24100971221923828,False
1142,431,0.033126119156907295,0.0001328250000369735,0.24093341827392578,True
1143,250,0.5786351620833913,0.00013700599811272696,0.24100208282470703,True
1145,76,1.5020566466680503,0.0001460959974792786,0.24104022979736328,True
1148,347,0.7617090679740871,0.00013652699999511242,0.24101734161376953,False
1149,198,0.41283912800062833,0.00013890199988964014,0.24093341827392578,True
1150,401,0.04376370465802096,0.00014271300096879713,0.24094104766845703,True
1154,251,0.23366466610028191,0.00013917400065110996,0.24094104766845703,True
1156,126,0.5897889506651751,0.00013689599654753692,0.24096393585205078,True
1158,157,0.19958573562396414,0.00013048499749857,0.24096393585205078,False
1159,426,0.5425334909443245,0.00019700100165209733,0.24097156524658203,False
1160,76,0.9408501011390847,0.00014043600094737485,0.24098682403564453,True
1165,27,0.010928029615964077,0.0001376530017296318,0.24093341827392578,True
1166,320,8.733831466885603,0.0001454859993827995,0.24107074737548828,True
1167,313,1.0474109353232495,0.0001863329998741392,0.24096393585205078,False
1168,15,9.729977209672894,0.0001478710000810679,0.24116992950439453,True
1170,104,0.7763913810020993,0.00014715499855810776,0.24100971221923828,False
1171,401,0.5347002405825857,0.0001333639993390534,0.24097156524658203,True
1172,106,0.3448958595301304,0.00012995499855605885,0.24094867706298828,True
1173,447,0.772305572392903,0.00013575900084106252,0.24102497100830078,False
1176,450,1.1059228755370087,0.00015071400048327632,0.24100971221923828,False
1178,228,1.5237488082340902,0.000132656998175662,0.24100208282470703,False
1181,157,0.2861409765304907,0.0001331469975411892,0.24095630645751953,False
1183,79,0.595797697871734,0.00013501799912774004,0.24096393585205078,True
1185,182,1.6806790617162006,0.00015142799747991376,0.24098682403564453,False
1188,61,1.9594524272192593,0.00014876099885441363,0.24109363555908203,False
1192,426,0.4618808085870709,0.0001361009999527596,0.24096393585205078,True
1193,383,0.06866886238527854,0.00014305399963632226,0.24093341827392578,True
1194,377,1.688265668223527,0.00016768999921623617,0.24097156524658203,False
1197,364,0.5391789788816478,0.00014241900134948082,0.24100208282470703,True
1201,442,0.7889971541459565,0.00015135899957385845,0.24097919464111328,True
1205,147,7.260935702020504,0.00015847399845370091,0.24138355255126953,True
1207,442,0.5298386011496803,0.00013154900079825893,0.24097919464111328,True
1209,440,0.02826024998016537,0.00012831799904233776,0.24094104766845703,True
1210,157,0.2963930785245535,0.00013083699741400778,0.24095630645751953,False
1213,266,0.041960865853309506,0.0001329990009253379,0.24093341827392578,True
1214,3,0.11772627606663674,0.00013250399933895096,0.24094867706298828,True
1215,27,0.6768672619477325,0.00014131499847280793,0.24099445343017578,False
1218,352,1.197371172058516,0.00013318800120032392,0.24097156524658203,True
1219,364,0.3764591226730632,0.0001379510031256359,0.24095630645751953,True
1221,294,1.8204827913757586,0.00014356499741552398,0.24108600616455078,False
1222,40,11.69545340409628,0.0001725189977150876,0.24158954620361328,False
1227,61,2.3246174111563156,0.00014256500071496703,0.24104785919189453,False
1228,391,0.08365837402381492,0.0001355620006506797,0.24095630645751953,True
1229,95,1.4098437695605466,0.00013559099897975102,0.24101734161376953,True
1230,459,0.8450413420526224,0.0001398839995090384,0.24096393585205078,False
1232,101,0.9105854351943984,0.00018146299771615304,0.24096393585205078,False
1233,52,1.1611209427549918,0.00015356099902419373,0.24104022979736328,True
1234,291,0.5010921423533327,0.00012991399853490293,0.24097156524658203,True
1236,359,0.8660662591950782,0.00013111400039633736,0.24096393585205078,False
1238,76,0.8758763496891117,0.0001329829974565655,0.24097919464111328,True
1244,419,0.3048478715316347,0.00013832600234309211,0.24096393585205078,False
1246,348,1.3292840763675715,0.0001338219990429934,0.24101734161376953,True
1247,442,0.6403993844713536,0.0001303710014326498,0.24098682403564453,False
1250,255,1.4282310447713247,0.00014114899749984033,0.24100208282470703,True
1251,329,0.5346185534499548,0.0001370329991914332,0.24096393585205078,False
1252,359,1.2594243119449158,0.0001333149994025007,0.24097156524658203,False
1254,391,0.46266079785655784,0.0001506830012658611,0.24098682403564453,False
1256,147,13.690605209122289,0.0001652509999985341,0.24142932891845703,True
1257,361,0.21663334441432525,0.00014944499707780778,0.24095630645751953,False
1261,362,2.032802310259071,0.00014580100105376914,0.24104022979736328,False
1262,113,0.6575850178611712,0.00013706000027013943,0.24097156524658203,True
1264,397,0.6105963481975538,0.00013838399900123477,0.24096393585205078,True
1265,235,0.6016345173323047,0.00013186200158088468,0.24094867706298828,True
1266,388,1.0237988103857631,0.00014174700118019246,0.24094867706298828,False
1267,362,0.6764554491281843,0.00014016699788044207,0.24100971221923828,True
1268,269,0.9990283185987888,0.00014026799908606336,0.24099445343017578,True
1269,133,0.23032490221750074,0.00013746200056630187,0.24096393585205078,True
1272,320,128.33774301382672,0.00015227299809339456,0.24137592315673828,True
1275,212,0.03345973726806794,0.00013445100194076076,0.24093341827392578,True
1276,364,0.42927694572673014,0.00013927299733040854,0.24095630645751953,True
1280,15,0.1273205064667028,0.00014464899868471548,0.24109363555908203,True
1281,71,1.121748063478336,0.0001504360006947536,0.24097919464111328,False
1287,394,2.790257013924745,0.00015908299974398687,0.24110126495361328,True
1288,221,2.0515524265373175,0.00014035699859960005,0.24103260040283203,True
1289,429,0.5041484374433158,0.00013259900151751935,0.24096393585205078,True
1290,361,0.2801757480923987,0.00014064100105315447,0.24096393585205078,False
1299,279,1.3819462130399278,0.0001345550008409191,0.24100971221923828,False
1300,446,0.3383468767279114,0.00015993700071703643,0.24095630645751953,False
1301,312,0.16732866449918102,0.00013333800234249793,0.24094104766845703,True
1302,367,0.528801950599586,0.0001331999992544297,0.24099445343017578,True
1303,342,0.1969534971996264,0.0001295160000154283,0.24093341827392578,True
1305,2,1.8002051739303515,0.00014676199862151407,0.24110126495361328,False
1306,377,0.20614579085807982,0.00015062700185808353,0.24094104766845703,True
1307,139,0.4339314027429162,0.00013072900037514046,0.24097919464111328,True
1309,416,0.1125877354050631,0.00012860199785791337,0.24094104766845703,True
1310,235,0.7804374745808653,0.0001330900013272185,0.24096393585205078,False
1311,287,1.965590895949035,0.00013327200213097967,0.24100208282470703,True
1312,321,0.37486828426800056,0.00014540999836754054,0.24098682403564453,False
1313,363,0.32029930159923137,0.00013007099914830178,0.24094104766845703,True
1316,320,0.20922063839699778,0.00013598399891634472,0.24098682403564453,True
1318,118,0.595671343506788,0.00012949099982506596,0.24095630645751953,False
1320,45,0.6402084229483898,0.0001305840014538262,0.24097156524658203,True
1322,387,0.7716096682357848,0.00013483600196195766,0.24100208282470703,False
1324,294,1.2442338712985266,0.00013596600183518603,0.24104022979736328,False
1325,401,0.6703838382314501,0.0001320409974141512,0.24098682403564453,True
1330,465,0.6777335180492665,0.00013091700020595454,0.24094867706298828,True
1331,212,0.03287493787154128,0.00015604299915139563,0.24093341827392578,True
1334,101,1.043764435599645,0.00013365899940254167,0.24098682403564453,False
1336,45,1.4386871155083782,0.00013613699775305577,0.24098682403564453,False
1339,234,0.5999115286236872,0.00013721399955102243,0.24094867706298828,True
1344,235,1.8421255251157014,0.0001353820007352624,0.24099445343017578,False
1345,313,0.6768967231847498,0.00013832900003762916,0.24096393585205078,False
1347,76,0.9641264989717553,0.00013982000018586405,0.24101734161376953,True
1348,208,1.5639279927801504,0.0001551829991512932,0.24100971221923828,True
1350,274,0.9406766442399661,0.00015273499957402237,0.24101734161376953,True
1351,2,1.1219603251027555,0.00013596300050267018,0.24108600616455078,False
1352,466,0.7376292104877746,0.0001317349997407291,0.24097919464111328,False
1357,360,0.857127414940194,0.00014266600192058831,0.24104785919189453,True
1360,440,0.2232602675066669,0.00013774300168734044,0.24094867706298828,True
1362,432,0.9027590461841146,0.00016224499995587394,0.24095630645751953,False
1364,362,1.6842213462302844,0.00014529899999615736,0.24103260040283203,False
1365,133,1.2923788685821496,0.00013774900071439333,0.24100208282470703,False
1366,287,0.19192334952134238,0.00014558300244971178,0.24094867706298828,False
1367,274,1.0870563040101133,0.00015430100029334426,0.24100971221923828,False
1368,372,1.050707926064857,0.0001395619983668439,0.24102497100830078,False
1369,355,2.292352894632432,0.00013865299843018875,0.24101734161376953,False
1370,313,0.12041468468942933,0.00013320500147528946,0.24094104766845703,True
1371,289,1.2499959059691856,0.00013407199730863795,0.24099445343017578,False
1372,446,0.2811140623278604,0.00012965499990968965,0.24097156524658203,False
1374,2,1.0785503584622367,0.00014275200010160916,0.24108600616455078,False
1375,455,8.531582555248312,0.00015121099932002835,0.24114704132080078,False
1376,146,0.2537029552673604,0.00013224299982539378,0.24096393585205078,True
1379,45,1.8464566987771969,0.000140357999043772,0.24101734161376953,False
1380,287,1.660202817260099,0.00015333700139308348,0.24101734161376953,False
1381,269,1.462596906303541,0.00014380100037669763,0.24104785919189453,True
1382,405,1.5271500834367044,0.0001489489986852277,0.24105548858642578,False
1383,76,2.066452989174601,0.0001355339991278015,0.24100208282470703,False
1385,71,0.6043305863982279,0.00013755699910689145,0.24096393585205078,False
1387,336,0.32127720685673816,0.0001369339988741558,0.24096393585205078,False
1388,406,0.5844865495811704,0.00013330000001587905,0.24094867706298828,False
1389,32,2.649996464572033,0.0001812170012271963,0.24110126495361328,False
1390,142,0.7121140690354734,0.000136925998958759,0.24100971221923828,False
1394,362,1.1665909755470238,0.00013486999887390994,0.24099445343017578,False
1397,74,0.025960221560524858,0.0001279479984077625,0.24093341827392578,True
1399,47,1.3480809976763946,0.0001690600001893472,0.24098682403564453,True
1400,69,0.3497610738529596,0.0001357139990432188,0.24096393585205078,True
1402,360,0.3551991768355809,0.00013394199777394533,0.24099445343017578,True
1405,357,0.18831621052137174,0.0001312770000367891,0.24095630645751953,True
1406,47,0.8540707136774752,0.00013502200090442784,0.24101734161376953,True
1410,459,1.123672022918178,0.0001326240017078817,0.24096393585205078,True
1412,7,0.3110631879304809,0.00016439500177511945,0.24099445343017578,False
1418,412,1.7965754658845865,0.00013650400069309399,0.24099445343017578,True
1419,45,3.3419600441806465,0.00014063699927646667,0.24107074737548828,False
1420,355,1.6480407535055366,0.0001348429977952037,0.24104785919189453,True
1424,173,1.3009342188520001,0.00013561200103140436,0.24101734161376953,False
1426,321,1.0621640283195621,0.00016681200213497505,0.24101734161376953,False
1429,391,0.9123284254222017,0.00013670599946635775,0.24100971221923828,False
1433,464,1.4006533256420082,0.00014010399900143966,0.24099445343017578,False
1437,216,2.2881914572375757,0.0001353390034637414,0.24103260040283203,True
1438,250,0.4401899373203593,0.00012946899732924066,0.24094104766845703,False
1443,53,0.7294492422922515,0.00013121500160195865,0.24097156524658203,True
1444,209,0.7500509082535913,0.0001310600018769037,0.24100208282470703,True
1446,372,2.1887412763301737,0.00013301099897944368,0.24100971221923828,True
1449,349,0.32249785018092714,0.00014626100164605305,0.24094867706298828,True
1450,459,1.502762064805772,0.00013642400153912604,0.24097919464111328,True
1453,291,0.17191219235086544,0.0001324539989582263,0.24094867706298828,False
1454,156,0.562370248491824,0.00014079399988986552,0.24097919464111328,False
1456,133,0.87205013131822,0.00018653000006452203,0.24100971221923828,True
1457,307,1.1695668510955157,0.0001329019978584256,0.24099445343017578,False
1458,228,1.3399386597985408,0.00014259399904403836,0.24100971221923828,True
1459,336,0.392673617145078,0.0001346770004602149,0.24094867706298828,True
1463,459,1.5673112409366108,0.00014883200128679164,0.24097156524658203,False
1464,271,0.2973654988360844,0.00013740899885306135,0.24096393585205078,True
1465,45,3.17012371495525,0.00015062500096973963,0.24110889434814453,True
1466,27,0.6539731669624407,0.00015519999942625873,0.24099445343017578,True
1469,27,0.602741624746112,0.00015103199984878302,0.24097919464111328,False
1470,57,0.7381419977257349,0.00015870399874984287,0.24104022979736328,True
1472,320,111.21511783028059,0.0001697350016911514,0.24145221710205078,True
1477,213,2.6216710372666774,0.00014107499737292528,0.24103260040283203,False
1480,447,0.7306091607910613,0.0001497570010542404,0.24104785919189453,True
1481,431,0.744550990457593,0.00013449600010062568,0.24094867706298828,True
1482,302,0.40690559412681104,0.00013022499842918478,0.24097156524658203,False
1483,416,0.23004497385048633,0.00013553499957197346,0.24094867706298828,True
1486,61,1.9063225159769328,0.0004208960017422214,0.24101734161376953,False
1487,219,0.3555992223683844,0.0001311369996983558,0.24095630645751953,True
1489,188,0.798947080244496,0.00016538100317120552,0.24098682403564453,False
1490,247,1.7481789009265163,0.00013970399959362112,0.24104022979736328,False
1491,349,0.43725236097114134,0.00015255600010277703,0.24096393585205078,False
1493,287,1.3194789037967483,0.00014473100236500613,0.24100208282470703,False
1494,269,0.13453586488184113,0.00013609399684355594,0.24096393585205078,True
1496,412,0.6334557543408815,0.00013822799883200787,0.24097156524658203,True
1498,22,0.4572750454297921,0.00014582299991161563,0.24100971221923828,True
1500,459,1.7989195260048783,0.00013864900029147975,0.24097919464111328,False
1503,454,0.09808950014982183,0.00013466399832395837,0.24093341827392578,True
1504,145,3.71550860988434,0.00014193500101100653,0.24116992950439453,True
1505,172,0.12398782759453623,0.00013232699711807072,0.24094104766845703,True
1510,157,0.24822576317387351,0.0001368550001643598,0.24094867706298828,False
1511,383,0.07017870339167478,0.00013846000001649372,0.24093341827392578,True
1517,220,0.14709727449189275,0.0001323530013905838,0.24094104766845703,True
1522,277,0.5230444763727293,0.0001501320002716966,0.24096393585205078,False
1523,61,5.095068913764013,0.00015067600179463625,0.24119281768798828,True
1526,197,0.08011073868461407,0.0001312059976044111,0.24094104766845703,True
1531,76,0.9568461806948867,0.0001370129975839518,0.24103260040283203,True
1533,133,0.9981249927092797,0.00013460899936035275,0.24100208282470703,False
1535,412,0.7477372800959879,0.00013550700168707408,0.24097919464111328,True
1537,250,0.9125725574658506,0.00018311500025447458,0.24099445343017578,False
1538,394,2.3184300855544384,0.00016013599815778434,0.24106311798095703,True
1539,69,0.9284844244323381,0.00013569500151788816,0.24100208282470703,False
1540,13,0.9442389215906276,0.00013983199823996983,0.24100971221923828,True
1541,291,0.4225844031656522,0.00013767100244876929,0.24098682403564453,True
1542,235,1.5813763901518212,0.0001567090002936311,0.24104022979736328,False
1544,313,1.3701779406146573,0.00014118200124357827,0.24097919464111328,False
1548,2,0.1757526518447919,0.0001533799986646045,0.24102497100830078,True
1549,51,0.09173337280268956,0.00013480300185619853,0.24096393585205078,True
1550,359,1.7772878653852606,0.0001388220007356722,0.24096393585205078,False
1551,312,0.9225543168491773,0.00013913699876866303,0.24098682403564453,True
1555,356,2.1237588078716656,0.00013972099986858666,0.24113178253173828,False
1556,110,0.3759207619327532,0.00013311499787960202,0.24097156524658203,True
1558,173,0.5527297011984424,0.00013497899999492802,0.24097156524658203,True
1560,72,1.6940850136230527,0.00013408599988906644,0.24102497100830078,False
1562,401,0.1928348492017376,0.00013049599874648266,0.24096393585205078,True
1567,314,1.2124144659588432,0.0001440740015823394,0.24104022979736328,False
1569,360,0.3877477171952954,0.00014910999743733555,0.24100208282470703,False
1571,419,0.6710678049934355,0.00013658699754159898,0.24103260040283203,False
1572,236,0.12194385628832977,0.00013257299724500626,0.24094104766845703,True
1575,359,0.7031405556565669,0.00013594200208899565,0.24094867706298828,False
1577,183,0.8684324197909526,0.00013410999963525683,0.24095630645751953,False
1578,83,1.0797169245585754,0.000137877999804914,0.24102497100830078,False
1579,404,1.9007915716393189,0.0001402630005031824,0.24104785919189453,False
1580,466,0.518109989297082,0.00014402599845197983,0.24099445343017578,False
1583,133,0.5157704178616253,0.00013741300062974915,0.24097156524658203,True
1585,418,1.046231953517978,0.0001438429972040467,0.24102497100830078,False
1586,61,1.4976451515318177,0.00015380499826278538,0.24108600616455078,False
1587,234,0.8757183821560839,0.00014845500118099153,0.24100208282470703,False
1589,69,0.3736330206996449,0.00013323100210982375,0.24097919464111328,True
1590,355,1.9104746456118458,0.00015529099982813932,0.24107837677001953,False
1591,272,0.5918650750906087,0.00013484599912771955,0.24100208282470703,False
1592,378,0.868300986942095,0.00014955500228097662,0.24097156524658203,True
1595,221,1.4851934344161886,0.00013698300244868733,0.24099445343017578,True
1600,145,0.12213943718667111,0.00014312800340121612,0.24104785919189453,True
1602,173,1.2181867095779542,0.0001633989995752927,0.24105548858642578,True
1604,12,0.19733236743529095,0.0001352340004814323,0.24094867706298828,False
1605,198,0.5901604984092457,0.00013429700265987776,0.24094104766845703,False
1611,294,0.16568676779653474,0.00013489200136973523,0.24097919464111328,True
1613,274,1.5913302328808394,0.00013927299733040854,0.24101734161376953,False
1614,189,0.48792605984510307,0.00013537100312532857,0.24097919464111328,False
1615,169,0.5894839336401086,0.00015223000082187355,0.24097919464111328,True
1617,276,0.36011385484970565,0.0001358619992970489,0.24096393585205078,True
1621,250,0.9120024941563857,0.000132463999761967,0.24100208282470703,False
1622,142,0.20153533754698016,0.00012973999764653854,0.24094867706298828,True
1628,9,0.17730964084956688,0.0001639260008232668,0.24095630645751953,False
1630,418,0.9109510636178076,0.00013441400005831383,0.24102497100830078,False
1631,250,0.7405681807730816,0.00013250399933895096,0.24097919464111328,False
1635,161,0.6459910013832025,0.00013292099902173504,0.24100208282470703,True
1637,82,0.09328774760349148,0.00013806700007990003,0.24094867706298828,True
1639,451,1.0703213649615853,0.00013885099906474352,0.24107074737548828,True
1641,359,1.6277376529871108,0.00013473999933921732,0.24099445343017578,False
1642,291,0.04508268138427014,0.0001326849996985402,0.24094104766845703,True
1649,174,1.3098018050923117,0.000137570001243148,0.24097156524658203,True
1650,332,0.026405192462891202,0.00015542600158369169,0.24093341827392578,True
1652,177,1.052759693619713,0.00013310699796420522,0.24100971221923828,False
1653,126,0.057974420269789766,0.0001326689998677466,0.24093341827392578,True
1655,69,0.46958162486658156,0.0001425240006938111,0.24097156524658203,True
1656,76,0.9870266886074547,0.00014892399849486537,0.24097919464111328,True
1658,179,1.1108181028619941,0.00014180700236465782,0.24104022979736328,False
1661,313,1.3531383726886055,0.00013641999976243824,0.24098682403564453,True
1664,332,0.2610670206648884,0.00013457999739330262,0.24094104766845703,False
1665,447,0.6820202244344237,0.0001429679978173226,0.24100971221923828,False
1666,35,1.5325667952899926,0.00013587300054496154,0.24105548858642578,True
1668,360,0.09509770206262902,0.00013075099923298694,0.24095630645751953,True
1669,220,1.214788252161669,0.00014177399862091988,0.24099445343017578,True
1671,277,0.49612027012835735,0.00013427600060822442,0.24094104766845703,True
1673,197,0.3361709501749831,0.00013604099876829423,0.24095630645751953,False
1675,364,1.268910309975304,0.00015709699800936505,0.24099445343017578,False
1682,394,1.4787861057531966,0.00015587300003971905,0.24100971221923828,False
1684,412,0.17959714800518922,0.00013495500024873763,0.24093341827392578,True
1685,347,0.7824005221419184,0.00013998000213177875,0.24102497100830078,True
1687,442,2.659378198841923,0.00014593100058846176,0.24107074737548828,True
1689,179,1.439373359212317,0.0001381250003760215,0.24099445343017578,False
1690,448,0.5118751421820247,0.00013692499851458706,0.24097919464111328,False
1691,271,1.3903317202775238,0.00015534799968008883,0.24109363555908203,False
1692,79,1.1774366406994774,0.00013885500084143132,0.24098682403564453,True
1694,277,1.2193096878732426,0.00014286899750004523,0.24101734161376953,False
1695,388,0.20023579093188673,0.00013464999938150868,0.24093341827392578,True
1696,401,0.4503906598246451,0.00013302699881023727,0.24099445343017578,True
1699,459,1.2913867240385861,0.0001462459986214526,0.24097919464111328,True
1700,401,0.5939562302296729,0.00013253200086182915,0.24098682403564453,False
1701,105,0.15592854692035799,0.000141535001603188,0.24095630645751953,True
1702,432,1.313070543736601,0.0001381129986839369,0.24097156524658203,False
1705,147,0.7626900510396557,0.00014032499893801287,0.24104785919189453,True
1706,48,0.6106510443894466,0.0001395190010953229,0.24099445343017578,False
1708,331,0.9617621718401982,0.0001541619967611041,0.24098682403564453,False
1709,172,0.9696829820425499,0.00016259100084425882,0.24098682403564453,False
1713,197,0.011615870723191339,0.0001416749983036425,0.24093341827392578,True
1716,229,0.26397133747992274,0.00013602499893750064,0.24094867706298828,True
1718,447,1.3996040978248439,0.00013991699961479753,0.24106311798095703,True
1719,349,0.4753932987300756,0.00014131599891697988,0.24095630645751953,False
1722,291,0.37903152220286856,0.00013501200010068715,0.24099445343017578,True
1725,68,0.9590297827973384,0.0001479339989600703,0.24096393585205078,True
1726,81,0.8962246884743844,0.00013937000039732084,0.24097919464111328,False
1727,360,0.39826892717591617,0.00013140699957148172,0.24100208282470703,False
1728,213,2.0094828500252055,0.00013718199988943525,0.24104785919189453,False
1730,406,0.027733473166507927,0.0001293440000154078,0.24093341827392578,True
1731,209,0.08138638779867143,0.00014188000204740092,0.24094867706298828,True
1732,274,1.4428139475150095,0.00013439999747788534,0.24103260040283203,False
1734,196,0.32958437597994583,0.00013459899855661206,0.24099445343017578,False
1735,74,0.4219904301886377,0.0001403319984092377,0.24097919464111328,False
1738,94,0.5071895482029853,0.00013994199980515987,0.24096393585205078,False
1741,446,0.47793344762487516,0.00014093899881117977,0.24097156524658203,True
1742,265,0.039036476622233106,0.00013726299948757514,0.24093341827392578,True
1744,82,0.7853368309610032,0.00014380299762706272,0.24100208282470703,False
1745,321,0.7809167384858214,0.00013700399722438306,0.24099445343017578,False
1746,169,0.19183542313602944,0.0001820659999793861,0.24095630645751953,True
1747,320,180.6162224514315,0.00014123700020718388,0.24114704132080078,True
1748,106,0.4324024082155664,0.00014699600069434382,0.24097919464111328,True
1751,428,0.13518602827194173,0.0001301039992540609,0.24094104766845703,True
1753,178,0.05895032595086625,0.00013459299952955917,0.24094104766845703,True
1754,454,0.09914529722051106,0.00012969100134796463,0.24094104766845703,True
1756,169,0.9136203824447323,0.0001333170002908446,0.24098682403564453,True
1757,51,0.023600408219185947,0.00013306499749887735,0.24094104766845703,True
1759,118,0.28055063511953243,0.00013018200115766376,0.24093341827392578,True
1761,330,0.126020234775975,0.00013528500130632892,0.24094867706298828,True
1765,102,0.167069573261799,0.00013534500249079429,0.24094867706298828,True
1769,263,1.3012091923787927,0.00013106500045978464,0.24096393585205078,True
1770,157,0.20978480704312852,0.00012962400069227442,0.24094867706298828,False
1772,444,0.29369966176658535,0.00013092099834466353,0.24094867706298828,False
1775,370,0.6731895766478277,0.00013615499847219326,0.24104785919189453,True
1778,357,1.4714845642202996,0.00013342700185603462,0.24102497100830078,False
1781,177,0.41893757841988494,0.0001301099982811138,0.24095630645751953,False
1782,95,0.4681282574791659,0.00013093400048092008,0.24097156524658203,True
1783,45,2.251852038381251,0.00013300199861987494,0.24100971221923828,True
1786,336,0.23514550831456824,0.00013898399993195198,0.24096393585205078,False
1787,196,0.9851701945300622,0.00013451999984681606,0.24100971221923828,False
1788,360,2.461166603461495,0.00014370999997481704,0.24118518829345703,True
1789,95,1.2016248916798886,0.00014928899690858088,0.24099445343017578,True
1790,455,0.40736375601885494,0.00013730199862038717,0.24096393585205078,False
1794,85,2.322511579929695,0.00014422900130739436,0.24106311798095703,False
1797,321,3.12510311427527,0.00015074499970069155,0.24107837677001953,True
1799,96,1.0795192128846383,0.00013931299690739252,0.24100208282470703,True
1801,237,0.5936907352801207,0.00015883900050539523,0.24098682403564453,False
1804,197,0.2879888050003699,0.0001341579991276376,0.24097919464111328,False
1806,315,0.7866108542370873,0.00013365500126383267,0.24104785919189453,False
1807,17,1.2626987409640171,0.0001374849998683203,0.24099445343017578,True
1808,461,2.5833662970278857,0.00015211400022963062,0.24110889434814453,True
1811,204,0.8035022145314744,0.00013857999874744564,0.24095630645751953,False
1812,82,0.8996053690871753,0.0001453829972888343,0.24110126495361328,True
1814,364,0.841814006652632,0.00013215099897934124,0.24095630645751953,True
1817,412,1.011966363708182,0.00015357499796664342,0.24100208282470703,True
1819,221,0.41662931606851716,0.0001310359984927345,0.24097156524658203,False
1820,269,0.5109461355617441,0.0001320490009675268,0.24095630645751953,True
1824,19,0.4461853059814251,0.00013689999832422473,0.24094867706298828,False
1825,294,0.8023976599851451,0.00014090600234339945,0.24102497100830078,False
1826,391,0.4596209650053708,0.00013622400001622736,0.24099445343017578,True
1827,434,0.6618712531776857,0.0001341700008197222,0.24096393585205078,True
1828,169,1.2025014183858904,0.00013485399904311635,0.24100208282470703,True
1829,12,0.5397169841002881,0.00013250600022729486,0.24095630645751953,False
1831,221,2.012105437621393,0.0001380260000587441,0.24107837677001953,False
1832,256,0.2153965045066825,0.00013062900325166993,0.24095630645751953,True
1835,452,2.382265810971998,0.00013744699754170142,0.24104022979736328,False
1837,413,0.5582532911243211,0.00013324300016392954,0.24103260040283203,False
1839,355,1.1220868178741583,0.00013537199993152171,0.24100208282470703,True
1848,69,0.4478446034270674,0.00013813300029141828,0.24098682403564453,False
1849,151,0.13387471360766415,0.00013108599887345918,0.24094867706298828,True
1850,61,2.032001375275227,0.00014310400001704693,0.24105548858642578,False
1851,75,0.09410251360776255,0.00013691599815501831,0.24094867706298828,True
1852,177,1.0771672484618764,0.00016522599980817176,0.24097919464111328,False
1853,15,7.5649968429037,0.00018823500067810528,0.24123859405517578,True
1856,106,1.4803006602050954,0.0001439990010112524,0.24104022979736328,True
1864,235,1.4531433317940097,0.00014776800162508152,0.24104022979736328,False
1866,277,0.6008440219564218,0.00013571499948739074,0.24095630645751953,True
1867,70,1.1443590174855232,0.000132198998471722,0.24096393585205078,False
1871,74,0.4381026714463829,0.00014727999950991943,0.24097919464111328,False
1872,45,2.2067660141493377,0.00014466599895968102,0.24104022979736328,False
1874,94,0.35611702441277543,0.00013782699898001738,0.24096393585205078,False
1876,35,0.8886154264182112,0.00015049200010253116,0.24103260040283203,True
1877,221,0.21339091305261584,0.00012967599832336418,0.24095630645751953,True
1878,359,0.17491416632435802,0.00013867600137018599,0.24094104766845703,True
1879,364,1.3519357528552929,0.00013443300122162327,0.24100971221923828,True
1881,347,0.3472456284576355,0.00015713199900346808,0.24097919464111328,False
1883,349,1.5370746327764782,0.00013961000149720348,0.24104022979736328,False
1884,271,0.8565207536121769,0.00013454600048135035,0.24097919464111328,False
1885,214,0.2230666994870657,0.00013541700172936544,0.24093341827392578,True
1886,214,0.3919587042241279,0.00014630599980591796,0.24094104766845703,False
1887,69,0.1284045530661962,0.00012841500210925005,0.24095630645751953,True
1889,142,0.9237612874452104,0.00014993199874879792,0.24097919464111328,True
1890,196,0.5576668439646578,0.0001339390000794083,0.24103260040283203,False
1891,96,0.8407578668636392,0.00012761099787894636,0.24093341827392578,True
1892,31,0.1048758806061795,0.00015202099893940613,0.24110889434814453,True
1896,419,0.7082328601017106,0.00014427999849431217,0.24104022979736328,False
1902,307,0.6256524172537367,0.0001430180018360261,0.24096393585205078,True
1904,364,1.29565743991047,0.00013532600132748485,0.24097919464111328,True
1905,393,0.363681173466431,0.00013025600128457882,0.24096393585205078,False
1906,61,1.1266522399865913,0.00013833100092597306,0.24104022979736328,False
1908,277,0.49316133802555845,0.00013376000060816295,0.24095630645751953,True
1909,35,1.835910509698246,0.0001381680012855213,0.24109363555908203,False
1911,363,1.281115433453224,0.0001380360008624848,0.24099445343017578,True
1915,312,2.4486189184267664,0.0001397580017510336,0.24104785919189453,False
1916,465,1.2989073506301194,0.00014106600065133534,0.24097156524658203,False
1917,342,1.0157140245953495,0.00013846799993189052,0.24096393585205078,False
1919,445,0.6657888551554448,0.0001470259994675871,0.24098682403564453,True
1920,404,1.2064354241098816,0.00013193899940233678,0.24102497100830078,True
1921,169,1.0020931409858362,0.000136467999254819,0.24098682403564453,True
1926,232,1.314070415618287,0.00014699700113851577,0.24096393585205078,True
1927,269,0.6722955467918201,0.00013260299965622835,0.24097919464111328,False
1928,289,0.7119194985091216,0.0001467219990445301,0.24096393585205078,True
1931,415,0.555341359864233,0.00013992200183565728,0.24098682403564453,False
1932,228,1.6530958905998827,0.0001612209998711478,0.24102497100830078,True
1933,363,0.7282724986206804,0.00012837399845011532,0.24094104766845703,True
1934,446,0.4741802614128139,0.00012931899982504547,0.24094867706298828,True
1935,287,1.2480606566232397,0.00013201900219428353,0.24100208282470703,False
1936,12,0.24331705876989246,0.00013645199942402542,0.24094104766845703,False
1938,107,1.0160897645432954,0.0001316150010097772,0.24098682403564453,False
1939,313,0.6371470800237501,0.000128570001834305,0.24095630645751953,False
1940,96,0.5610740667642858,0.0001293419991270639,0.24095630645751953,True
1941,107,1.095865513261819,0.00013914900046074763,0.24098682403564453,True
1942,320,1.967089547880647,0.00014093799836700782,0.24104022979736328,True
1947,327,0.5688630874093604,0.0001319939983659424,0.24098682403564453,True
1948,9,0.6408771269517114,0.00013533299716073088,0.24097919464111328,False
1949,431,0.7150769605109552,0.00014190100046107545,0.24104022979736328,True
1951,31,6.546205994786282,0.00014079800166655332,0.24100208282470703,True
1954,192,0.23885606311200094,0.00014288999955169857,0.24094104766845703,True
1958,318,0.5550014959817113,0.00013844600107404403,0.24097156524658203,True
1959,359,0.038958400558002614,0.00012905800031148829,0.24093341827392578,True
1962,459,1.1592790413648562,0.0001302029995713383,0.24096393585205078,True
1964,423,0.4977681548018707,0.0001337040012003854,0.24097919464111328,False
1965,106,0.9230984715650217,0.00013286499961395748,0.24098682403564453,True
1967,174,0.31808029643997643,0.00012892499944427982,0.24094104766845703,True
1968,83,0.03518860585421967,0.000142529999720864,0.24093341827392578,True
1969,377,0.7902760479254598,0.00013172300168662332,0.24097919464111328,True
1971,198,0.3390079535252981,0.00014079900211072527,0.24093341827392578,False
1973,126,0.7114066570800777,0.00015777000226080418,0.24099445343017578,True
1975,312,2.3706021194298112,0.0001493679992563557,0.24105548858642578,True
1977,447,0.04238449205590499,0.0001624489996174816,0.24094104766845703,True
1978,292,0.44024656294475994,0.00013108500206726603,0.24096393585205078,False
1980,459,0.7833443079805253,0.00014216599811334163,0.24097156524658203,False
1982,129,0.07444597871429422,0.00012769199747708626,0.24093341827392578,True
1984,106,2.1744439784700638,0.00018623199866851792,0.24107837677001953,True
1985,466,0.050145148502820744,0.0001321519994235132,0.24093341827392578,True
1987,219,0.7911221689231615,0.00013118300194037147,0.24096393585205078,True
1988,157,0.40569642111248444,0.0001323930009675678,0.24097919464111328,True
1990,391,0.34732596286051176,0.00013123600001563318,0.24097156524658203,False
1991,141,0.22944802478230275,0.0001293280001846142,0.24094104766845703,False
1992,69,0.2849706773169285,0.00014227400242816657,0.24094104766845703,False
1993,289,0.17075914553091176,0.00014297600137069821,0.24094867706298828,True
1994,426,0.5892097681153275,0.00013699999908567406,0.24097919464111328,True
1995,85,2.1571226833652553,0.00014232100147637539,0.24112415313720703,False
1996,271,0.034561248696758584,0.0001503530002082698,0.24093341827392578,True
1998,163,0.31698538882987365,0.00013690400010091253,0.24097919464111328,True
2001,69,0.9399011792642482,0.0001370050013065338,0.24100208282470703,False
2002,311,0.6872487000903015,0.00014289800310507417,0.24097156524658203,False
2004,177,0.45069188570030777,0.00015381300181616098,0.24097919464111328,False
2005,214,0.07562301160758772,0.00014652200115961023,0.24093341827392578,True
2006,312,1.8914718437400269,0.0001373349987261463,0.24100971221923828,False
2007,384,0.44065389222973894,0.0001374280000163708,0.24096393585205078,False
2009,428,0.24442534844014988,0.00014764099978492595,0.24095630645751953,False
2010,156,0.10385413772128851,0.00014461600221693516,0.24094104766845703,True
2019,174,1.2613466454266946,0.00015497599815716967,0.24100971221923828,False
2020,141,0.2301679524598531,0.00013315599790075794,0.24093341827392578,True
2022,370,1.3363413431478692,0.0001413630016031675,0.24104785919189453,False
2029,76,1.7835605062541042,0.0001447200011170935,0.24102497100830078,False
2031,196,0.3323769011859473,0.0001348710029560607,0.24098682403564453,False
2032,4,1.768237702734865,0.00014011399980518036,0.24105548858642578,False
2036,459,0.642900840925957,0.00013433100320980884,0.24094104766845703,False
2037,427,0.7811888324875939,0.00013192199912737124,0.24099445343017578,True
2039,349,0.4511085213932182,0.00013150900122127496,0.24096393585205078,True
2041,76,1.576833936084544,0.00014437699792324565,0.24100208282470703,False
2042,197,0.4865141275573912,0.00013557099737226963,0.24095630645751953,False
2043,70,0.11232559105502503,0.00013415300054475665,0.24093341827392578,True
2045,364,1.0616493209270974,0.00014423500033444725,0.24102497100830078,True
2046,417,55.347283526236275,0.0004416720003064256,0.24132251739501953,True
2048,234,1.8563203649514353,0.0001334490007138811,0.24099445343017578,True
2049,216,0.08926716784778738,0.00013056800162303261,0.24093341827392578,True
2051,13,2.034199415608546,0.00013636999938171357,0.24102497100830078,True
2052,151,0.8044375326559817,0.0001372459992126096,0.24095630645751953,False
2053,6,0.5951082504647957,0.00014140399798634462,0.24098682403564453,False
2054,47,0.7303897043440786,0.0001445540001441259,0.24100208282470703,True
2055,153,0.15993070034543885,0.0001331269995716866,0.24094104766845703,True
2059,197,0.257934081838801,0.00013363800098886713,0.24094867706298828,True
2060,405,1.5996348945907175,0.0001531529997009784,0.24107837677001953,False
2062,93,0.8172745181014477,0.0001709970019874163,0.24099445343017578,False
2067,401,0.71060954368988,0.00013213499914854765,0.24100971221923828,True
2070,194,0.7527547482217452,0.0001449490009690635,0.24095630645751953,True
2072,271,0.6279443936857709,0.0001356899992970284,0.24094867706298828,False
2073,83,0.491818337172174,0.0001403700007358566,0.24097156524658203,False
2074,61,0.17955932113845297,0.00015034000170999207,0.24094104766845703,True
2078,94,0.46748815441327934,0.0001412979981978424,0.24098682403564453,True
2080,434,1.197107305611373,0.00013407000005827285,0.24104022979736328,False
2081,174,1.2944532620226727,0.00016490500274812803,0.24100208282470703,False
2086,330,0.5115400177589772,0.0001489770002081059,0.24095630645751953,True
2087,418,0.40558292370559873,0.00013186000069254078,0.24094104766845703,True
2088,153,1.711795809344644,0.00013780799781670794,0.24104022979736328,False
2089,74,0.4354545251880588,0.0001368630000797566,0.24094867706298828,True
2090,188,0.6994058781819694,0.00013551899974117987,0.24099445343017578,False
2091,287,0.43845862609230574,0.00013583100007963367,0.24094867706298828,True
2094,173,0.7055343884253895,0.00013734000094700605,0.24100971221923828,True
2095,71,1.1527340352455802,0.00013854899953003041,0.24100208282470703,True
2097,287,1.256408317805605,0.0001464080014557112,0.24099445343017578,False
2099,349,0.7836032038999853,0.00014201999874785542,0.24096393585205078,True
2100,277,0.06517124396129911,0.00013464500079862773,0.24094104766845703,True
2101,274,0.5459003086360875,0.00013079299969831482,0.24095630645751953,True
2103,59,1.890736398234738,0.0001337649991910439,0.24100971221923828,True
2106,19,0.3608126197246467,0.00012952999895787798,0.24095630645751953,True
2107,318,0.12018731343589632,0.00012861700088251382,0.24093341827392578,True
2109,393,0.5362379367311659,0.00014010399900143966,0.24096393585205078,False
2110,465,0.9813341243640546,0.00013242700151749887,0.24095630645751953,False
2112,432,0.18923786323167763,0.0001394159990013577,0.24095630645751953,True
2117,51,0.22164987477722914,0.00014094600192038342,0.24094867706298828,False
2119,15,1.8495809498175482,0.00015207199976430275,0.24119281768798828,True
2125,126,0.7692040545324873,0.00015070600056787953,0.24100208282470703,False
2127,69,0.29948755672773414,0.00013576200217357837,0.24094104766845703,False
2128,279,1.8130039409472334,0.00013715800014324486,0.24099445343017578,True
2130,178,0.20775116641639954,0.000133608999021817,0.24095630645751953,True
2131,129,1.3193704692095936,0.00013942700024927035,0.24097156524658203,False
2134,93,1.4944063441430404,0.00013712399959331378,0.24099445343017578,True
2135,61,0.6927762166731783,0.000138106999656884,0.24098682403564453,True
2139,101,0.10328731327773459,0.000137000999529846,0.24095630645751953,True
2148,219,0.9071739720188886,0.000148821000038879,0.24100208282470703,True
2149,405,1.171587709551187,0.00015106099817785434,0.24099445343017578,False
2150,294,1.4492701287534073,0.0001423719986632932,0.24105548858642578,False
2153,197,0.2050334537565891,0.0001388099990435876,0.24095630645751953,False
2155,197,0.3953127751637293,0.0001345269993180409,0.24094104766845703,False
2157,347,0.09613625183210725,0.00013580999802798033,0.24093341827392578,True
2158,348,1.3282406631486185,0.00016271300046355464,0.24100971221923828,True
2159,442,0.3900228740888424,0.00014400399959413335,0.24099445343017578,True
2160,177,1.762710174802208,0.0001370110003335867,0.24102497100830078,False
2161,129,0.8687375264369449,0.00013754800238530152,0.24095630645751953,True
2163,349,0.4322797144951419,0.00014433600154006854,0.24095630645751953,False
2164,221,0.9404513430498873,0.00013875900185666978,0.24100971221923828,True
2166,141,0.0597649342081688,0.00013427799785858952,0.24094104766845703,True
2167,451,0.24731335670012689,0.00012937700012116693,0.24095630645751953,True
2168,213,2.4926383845593376,0.00013579200094682164,0.24103260040283203,False
2170,274,0.651857811074647,0.000131586999486899,0.24095630645751953,True
2173,218,0.27524024889661913,0.00013168799705454148,0.24096393585205078,False
2174,329,0.12008600429126186,0.0001272590016014874,0.24093341827392578,True
2175,459,0.8619512318207647,0.0003488789989205543,0.24094104766845703,False
2178,40,0.8794160420009451,0.00017790099809644744,0.24097156524658203,False
2181,312,1.354899466662566,0.00013170899910619482,0.24098682403564453,False
2182,142,0.9408289281991413,0.0001360950009257067,0.24104022979736328,True
2183,277,0.521424788687354,0.00013748999845120125,0.24094104766845703,True
2184,255,0.2136956549205415,0.00013010699694859795,0.24094104766845703,True
2187,189,0.582052041915944,0.0001325289995293133,0.24097919464111328,False
2190,344,0.7662764629568207,0.00013202300033299252,0.24097156524658203,False
2191,401,0.16739556139846898,0.00013420300092548132,0.24097919464111328,True
2193,434,0.81909978841807,0.00013585099804913625,0.24099445343017578,True
2196,177,0.16070484748641056,0.00015195299783954397,0.24094104766845703,True
2197,443,1.5992653302060156,0.0001553250003780704,0.24104785919189453,True
2204,320,12.747036753765673,0.00015387799794552848,0.24127674102783203,True
2205,461,2.440617555538372,0.00014644300244981423,0.24108600616455078,True
2207,174,1.2992732925055037,0.00013792100071441382,0.24102497100830078,False
2209,82,0.5190446314223889,0.00014198200005921535,0.24097156524658203,False
2210,164,1.7501034264323796,0.00014649199874838814,0.24105548858642578,True
2212,383,0.6492414501988037,0.00013586500062956475,0.24097919464111328,True
2213,380,1.108721990688588,0.00013875600052415393,0.24098682403564453,True
2215,279,1.7909945452823537,0.00015441199866472743,0.24097919464111328,False
2216,221,1.0036387201646015,0.00013926700194133446,0.24102497100830078,False
2218,320,5.948835802584394,0.00013666499944520183,0.24104022979736328,True
2220,289,0.15302858004981557,0.00013239799955044873,0.24094867706298828,True
2221,61,0.9240732138557333,0.0001542530008009635,0.24107074737548828,False
2222,8,0.14477612839585655,0.00013801300156046636,0.24094104766845703,False
2224,294,0.8509980265078301,0.00013940499775344506,0.24099445343017578,False
2225,344,1.3017301195158213,0.00013948400010121986,0.24100971221923828,True
2227,118,0.35403942462796045,0.00015469199934159406,0.24094104766845703,True
2229,307,0.6026359345163992,0.00013252800272312015,0.24095630645751953,False
2231,8,1.4728503468934346,0.0001387310003337916,0.24097156524658203,True
2234,274,0.9285705545772396,0.00014721499974257313,0.24099445343017578,False
2236,348,1.5480794248121406,0.00014325699885375798,0.24100208282470703,False
2241,147,0.19523221724395703,0.0001367900003970135,0.24107074737548828,True
2243,456,0.2590438393262308,0.0001317570022365544,0.24098682403564453,False
2244,213,2.285697737403617,0.0001504139981989283,0.24102497100830078,False
2245,313,1.5575251448945995,0.0001314569999522064,0.24098682403564453,False
2247,236,0.8905916140908754,0.00012853199950768612,0.24095630645751953,True
2249,219,0.9071987400064795,0.00013230499826022424,0.24098682403564453,True
2251,312,2.2246762560792397,0.00013504600065061823,0.24107837677001953,True
2252,183,0.04035738603731833,0.00013683600263902918,0.24093341827392578,True
2255,269,1.072840894060789,0.00013464299991028383,0.24101734161376953,True
2257,444,0.7319556026377917,0.0001360259993816726,0.24099445343017578,True
2258,194,1.7534228702694679,0.0001357870023639407,0.24105548858642578,False
2259,329,0.6823422114763457,0.00013117499838699587,0.24099445343017578,True
2261,397,0.09198028065598134,0.00015283799803000875,0.24093341827392578,True
2262,183,0.853097925782413,0.00013956299881101586,0.24097919464111328,True
2263,51,0.3618993685954995,0.00014415000259759836,0.24094867706298828,False
2264,106,1.855904972290636,0.00014923599883331917,0.24102497100830078,True
2265,415,0.49522961991801023,0.00033692000215523876,0.24096393585205078,True
2267,198,0.8892403262288687,0.00012893599705421366,0.24094867706298828,False
2268,173,1.3817953144449255,0.00014901100075803697,0.24104785919189453,False
2269,359,1.89830543121237,0.00014220099910744466,0.24098682403564453,True
2270,221,0.7819532549817849,0.0001347760007774923,0.24099445343017578,True
2271,277,0.6198512732459972,0.00013807700088364072,0.24095630645751953,True
2273,279,1.4344972121119464,0.0001357260007353034,0.24098682403564453,True
2274,27,0.564542532554045,0.0001367959994240664,0.24098682403564453,True
2276,415,0.24471375116930077,0.000143520999699831,0.24097156524658203,False
2277,71,1.2453491137230812,0.00014767300308449194,0.24101734161376953,True
2279,261,1.1153271869629595,0.0001403780006512534,0.24107074737548828,True
2281,188,0.06276768949218332,0.0001304239995079115,0.24094867706298828,True
2282,208,1.172199096134257,0.00013645000217366032,0.24097919464111328,False
2283,174,1.0917262305688507,0.00013430100079858676,0.24098682403564453,True
2284,269,0.6098308094116693,0.00013108399798511527,0.24098682403564453,True
2285,204,1.2080835348400694,0.0001330880004388746,0.24100208282470703,False
2287,394,1.108736725111102,0.0001363930023217108,0.24103260040283203,True
2288,356,2.591499105151643,0.00014996200116002,0.24107837677001953,True
2291,76,0.1308403192339402,0.00013210699762566946,0.24094867706298828,True
2293,198,2.23212077905201,0.000221538997720927,0.24097919464111328,False
2294,8,1.0731562554791951,0.00013634299830300733,0.24094867706298828,True
2296,355,1.7922769292296084,0.0001400619985361118,0.24103260040283203,False
2297,173,1.0340418742843303,0.00013518299965653569,0.24098682403564453,True
2299,370,0.3097009596423187,0.0001314390028710477,0.24097156524658203,True
2300,320,169.62363534560123,0.0001470220013288781,0.24121570587158203,True
2301,466,7.414357135998343,0.0001422160021320451,0.24109363555908203,False
2303,45,1.2963669021765565,0.0001663270013523288,0.24100208282470703,True
2305,446,0.3464137614493516,0.0001362309994874522,0.24096393585205078,True
2306,245,0.23572877542917312,0.00014276399815571494,0.24094104766845703,False
2307,459,2.0025005486886824,0.0001380100002279505,0.24098682403564453,False
2309,416,0.40324699128139835,0.00013626800136989914,0.24094867706298828,True
2310,394,2.0827111679517083,0.0001470989991503302,0.24109363555908203,True
2312,459,1.5579944442964329,0.00013740900249104016,0.24098682403564453,True
2313,377,1.627148608941434,0.0001375150022795424,0.24106311798095703,True
2314,76,1.1450438355379176,0.00013670999760506675,0.24102497100830078,False
2315,192,0.03259886751338637,0.00012872099978267215,0.24093341827392578,True
2316,69,0.48343840521320075,0.00013488199692801572,0.24098682403564453,True
2317,452,2.2136794389614223,0.00014165399988996796,0.24097156524658203,False
2318,269,1.2279691951098086,0.0003586890015867539,0.24098682403564453,True
2319,38,0.9395125460977696,0.00014166800247039646,0.24096393585205078,False
2321,444,0.4455742588715448,0.0001461020001443103,0.24095630645751953,False
2324,312,2.562994341953189,0.00015388300016638823,0.24105548858642578,True
2325,283,0.6598939623638288,0.0001402119996782858,0.24097919464111328,False
2326,416,0.04766946791684867,0.00013278500045998953,0.24093341827392578,True
2327,415,0.9449045018719755,0.00013321100050234236,0.24100208282470703,True
2331,219,0.42858773816604406,0.00013617700096801855,0.24097919464111328,True
2335,133,1.8992062382523418,0.00014742400162504055,0.24105548858642578,False
2336,74,0.10362866223932854,0.00013163100084057078,0.24093341827392578,True
2337,349,1.1380953031729746,0.00013833699995302595,0.24101734161376953,False
2340,292,1.206461579999753,0.0001392560006934218,0.24103260040283203,False
2341,27,0.4010429222083826,0.00013691499771084636,0.24097919464111328,True
2344,331,0.6295457708154325,0.00015541100219707005,0.24099445343017578,False
2345,342,0.29053364906861356,0.00013525899703381583,0.24094867706298828,True
2348,444,0.3095870631121957,0.00013411200052360073,0.24095630645751953,False
2350,265,0.08354604700840078,0.0001323140022577718,0.24094867706298828,True
2351,274,1.2481365697582334,0.00017310399925918318,0.24100971221923828,True
2354,221,1.6074544808219986,0.00014523599747917615,0.24106311798095703,True
2355,444,0.28415078670573396,0.00013093199959257618,0.24094867706298828,False
2356,266,0.35133966097129476,0.00012957800208823755,0.24094867706298828,True
2357,283,0.12017868233059896,0.0001304910001636017,0.24094867706298828,True
2359,419,0.2584398530099991,0.00013870299881091341,0.24095630645751953,False
2365,279,1.7365808883644895,0.00013761599984718487,0.24097156524658203,False
2368,164,1.791419255396183,0.00013048300024820492,0.24100971221923828,True
2370,204,1.3194050229743841,0.00013341200246941298,0.24098682403564453,True
2371,27,0.6277694574292654,0.00013552299787988886,0.24103260040283203,False
2372,455,0.5463237625831694,0.0001449999981559813,0.24096393585205078,False
2373,5,0.5485283650192209,0.00014169899804983288,0.24100208282470703,True
2374,207,0.4341741511965132,0.00013255900194053538,0.24100208282470703,False
2377,454,0.3828879075614548,0.0001299110008403659,0.24096393585205078,True
2378,40,0.9391471970893124,0.00013410700194071978,0.24102497100830078,False
2380,287,1.2272188271530322,0.0002796929984469898,0.24095630645751953,False
2381,360,1.6699430002981248,0.00016249599866569042,0.24101734161376953,True
2383,4,0.3971343538403951,0.00013675999798579141,0.24098682403564453,False
2387,294,1.1226703536723424,0.00013714600208913907,0.24107837677001953,False
2393,141,0.3770538076193608,0.00013294200107338838,0.24097156524658203,True
2394,77,0.27393703633762656,0.0001347719990008045,0.24096393585205078,True
2396,17,1.6574890992390205,0.00013615299758384936,0.24105548858642578,True
2397,8,0.7287324953546465,0.00013310600115801208,0.24096393585205078,False
2398,6,1.1562903337886168,0.0001437779974367004,0.24104785919189453,False
2400,465,0.9223142454668485,0.00013132899766787887,0.24096393585205078,False
2402,312,1.924275266626999,0.00013688800027011894,0.24105548858642578,True
2403,261,0.8331456607010554,0.00013963399760541506,0.24101734161376953,True
2404,312,1.4839260199820954,0.00014857099813525565,0.24101734161376953,False
2405,292,0.1797373426212454,0.0001345470009255223,0.24094867706298828,True
2406,177,0.8080699993976811,0.0001347009965684265,0.24098682403564453,False
2407,416,0.4561216487493203,0.00013331899754120968,0.24093341827392578,True
2411,139,0.6750759510429325,0.00013870600014342926,0.24095630645751953,True
2414,102,0.16669659021243802,0.00013401799878920428,0.24097156524658203,True
2416,431,0.7154896500572312,0.00013404600031208247,0.24094867706298828,False
2417,49,1.5662450386611173,0.0001308069986407645,0.24100971221923828,False
2419,442,1.1696372296097906,0.00013042499995208345,0.24097919464111328,True
2421,229,0.06335993641057489,0.00014760100020794198,0.24093341827392578,True
2424,95,0.46889826870094514,0.00013163000039639883,0.24100971221923828,False
2427,102,0.018350877184893786,0.0001457149992347695,0.24093341827392578,True
2430,96,1.5096723588895549,0.0001479399979871232,0.24100971221923828,False
2431,426,0.47716981201821507,0.00014875700071570463,0.24099445343017578,False
2432,287,1.8670367719776066,0.00013886799933970906,0.24100971221923828,False
2433,234,0.7813696854321721,0.00013424200005829334,0.24097919464111328,False
2435,163,0.644354839167965,0.00014071199984755367,0.24104785919189453,True
2436,427,0.477368129837775,0.000141614000312984,0.24096393585205078,True
2438,269,0.146919233196841,0.00014883900075801648,0.24096393585205078,True
2444,61,1.8578990006506553,0.00013388599836616777,0.24104785919189453,False
2447,451,0.8443720375908809,0.00013184599811211228,0.24100208282470703,True
2448,413,0.45639535895786376,0.00015110100139281712,0.24104022979736328,False
2450,96,1.0142777648603005,0.00013898800170863979,0.24100208282470703,True
2453,312,1.872977634535198,0.00013655799921252765,0.24101734161376953,False
2456,74,0.6168187091788043,0.0001359330017294269,0.24100971221923828,False
2457,384,0.9062665936400701,0.0001412840028933715,0.24098682403564453,False
2458,378,0.1811057972538323,0.0001384069983032532,0.24096393585205078,True
2459,77,0.2973916720889011,0.00012977499864064157,0.24097156524658203,True
2461,5,0.5605962451814284,0.0001359189991489984,0.24099445343017578,True
2463,274,0.15233353540957015,0.0001473199990869034,0.24093341827392578,True
2465,359,1.5402236288980424,0.00012994099961360916,0.24097156524658203,False
2468,348,1.5819348527341117,0.00013450099868350662,0.24103260040283203,False
2469,92,1.094526424173239,0.00013740899885306135,0.24101734161376953,False
2478,188,0.9362762979465696,0.00013217800005804747,0.24099445343017578,True
2480,213,0.052752052840829664,0.0001274780006497167,0.24094104766845703,True
2486,45,1.6679696082043283,0.0001336009991064202,0.24098682403564453,False
2487,352,0.3701049998441157,0.00014363599984790199,0.24094104766845703,True
2488,51,0.18216503960838654,0.00012779099779436365,0.24094867706298828,False
2492,133,0.9323075194636893,0.00013193199993111193,0.24101734161376953,True
2494,377,2.3771677180181454,0.00013396199938142672,0.24102497100830078,False
2497,287,1.300013140331204,0.00014887900033500046,0.24098682403564453,False
2498,216,0.7980960751638743,0.00015702599921496585,0.24095630645751953,True
2500,375,1.5118277827672073,0.00014223899779608473,0.24098682403564453,False
2501,429,0.12817747605688626,0.0001381920010317117,0.24093341827392578,True
2504,197,0.1939581880233093,0.00014427100177272223,0.24094104766845703,True
2505,71,0.1380709169003088,0.0001461729989387095,0.24094867706298828,True
2506,94,0.6708334173267795,0.00033200200050487183,0.24095630645751953,False
2507,397,0.029579418654349963,0.00013277899779495783,0.24094104766845703,True
2509,465,0.8356594740389849,0.0001384129973303061,0.24095630645751953,False
2512,141,0.01477526100586072,0.00013318200217327103,0.24094104766845703,True
2513,95,0.22398460684808155,0.00013397200018516742,0.24099445343017578,False
2514,272,0.7166042695306074,0.0001348510013485793,0.24097919464111328,False
2515,442,2.6808416883154447,0.00013530800060834736,0.24105548858642578,True
2516,4,0.3388673305192662,0.00015444599921465851,0.24099445343017578,False
2517,271,0.9276894477797255,0.00013767199925496243,0.24107837677001953,True
2519,404,0.7855286673820271,0.0005496640005731024,0.24100971221923828,True
2520,362,0.6441934812284091,0.00013269999908516183,0.24096393585205078,False
2521,48,0.7672278609643477,0.00013133900210959837,0.24098682403564453,True
2523,106,1.7190510861489188,0.00014332499995362014,0.24107837677001953,True
2524,432,1.2764377346560747,0.00014942599955247715,0.24100208282470703,False
2527,419,0.6415496424026059,0.00013745700198342092,0.24100971221923828,False
2529,4,0.4131391256462086,0.00015006000103312545,0.24099445343017578,False
2532,348,0.9394985467598063,0.00013238600149634294,0.24098682403564453,True
2533,126,0.26138316373132864,0.0001278000017919112,0.24094104766845703,True
2536,378,1.2823597824642596,0.00013139600196154788,0.24100208282470703,False
2537,426,0.5592518802941847,0.00012907600103062578,0.24094104766845703,True
2541,196,0.3417525246069823,0.0001356250031676609,0.24097919464111328,True
2543,219,0.7225497001599306,0.00014728899986948818,0.24097919464111328,True
2548,263,1.7902314703801525,0.00013621199832414277,0.24103260040283203,True
2551,329,0.5121158039257835,0.0001423879984940868,0.24094867706298828,True
2555,401,0.4195861927969262,0.00013107899940223433,0.24097919464111328,False
2557,291,0.1012878580820833,0.00013579599908553064,0.24094867706298828,True
2559,412,1.0237670038652973,0.00013302600200404413,0.24100971221923828,True
2561,61,0.8895569606273903,0.00015334499767050147,0.24107074737548828,False
2563,429,1.1220262423942517,0.00014816799739492126,0.24099445343017578,False
2564,353,0.3785470899549382,0.00014089999967836775,0.24097919464111328,True
2565,360,0.9654000627899925,0.00014109100084169768,0.24104785919189453,True
2568,94,0.530798405034443,0.0001351649989373982,0.24095630645751953,False
2570,40,0.11303917618134589,0.00013479499830282293,0.24094104766845703,True
2571,401,0.6524630269570867,0.0001384879979013931,0.24096393585205078,False
2572,194,0.1060502915411639,0.00013450500046019442,0.24095630645751953,True
2573,47,0.1716760272595298,0.00013037800090387464,0.24093341827392578,True
2575,69,0.46297698843518814,0.00013806000060867518,0.24100971221923828,True
2577,384,0.18460261809307693,0.00014912600090610795,0.24095630645751953,True
2578,312,2.07819045302931,0.00014534399815602228,0.24100971221923828,False
2579,404,1.174467445085643,0.0001339170012215618,0.24101734161376953,True
2581,8,0.11203479881731675,0.0001544740007375367,0.24096393585205078,True
2582,456,0.856224010704406,0.0001424570000381209,0.24096393585205078,True
2585,151,0.5464696897505028,0.0001333600012003444,0.24094104766845703,False
2588,83,0.44636121475127777,0.0001361559989163652,0.24095630645751953,True
2593,443,1.9111305041060829,0.00029068999720038846,0.24108600616455078,False
2594,72,0.9127179832327925,0.00014119000115897506,0.24097156524658203,False
2598,314,1.2693866937275997,0.000141610002174275,0.24100971221923828,True
2600,147,11.955305144921237,0.00015340900063165464,0.24139881134033203,True
2602,179,1.9303228171409428,0.00017724200006341562,0.24099445343017578,False
2603,198,0.1962426151048867,0.00012978299855603836,0.24093341827392578,False
2604,362,1.3668300090761587,0.0001615270011825487,0.24102497100830078,False
2605,19,0.33071291298001765,0.00020295899958000518,0.24095630645751953,False
2606,52,0.8780317582436314,0.00014242700126487762,0.24099445343017578,True
2608,250,0.9886608651876675,0.00014288999955169857,0.24100208282470703,False
2609,235,1.1386697742187915,0.00013945599857834168,0.24097919464111328,False
2612,313,1.0862512778450477,0.00013302200022735633,0.24096393585205078,False
2613,355,0.8649397346186443,0.00014356699830386788,0.24100971221923828,False
2614,355,2.1750838094051055,0.00013730800128541887,0.24100971221923828,False
2615,142,0.710782152661222,0.00014283899872680195,0.24097919464111328,True
2617,287,1.0988006919511968,0.00013544499961426482,0.24099445343017578,False
2620,456,1.275724199151712,0.00013933100126450881,0.24103260040283203,False
2621,419,0.6124077636835944,0.00013751000005868264,0.24099445343017578,False
2622,423,0.3714413004218016,0.00015236599938361906,0.24097156524658203,True
2623,47,1.10535857770732,0.00013338300050236285,0.24099445343017578,False
2624,183,1.2498878696113362,0.00013133199900039472,0.24094867706298828,False
2626,179,1.0270269702823371,0.0001968139986274764,0.24095630645751953,False
2630,106,1.0117651126989577,0.00014985499728936702,0.24098682403564453,True
2631,446,0.13991317101455916,0.00014071999976295047,0.24094104766845703,True
2634,9,0.539396392748583,0.00014014799671713263,0.24098682403564453,True
2635,349,1.0426287884472725,0.00018226700194645673,0.24099445343017578,False
2637,82,0.7521468320875808,0.0001347720026387833,0.24099445343017578,True
2639,8,0.12317253905185714,0.00013734599997405894,0.24094867706298828,True
2642,17,2.327131762845886,0.00016357799904653803,0.24110889434814453,True
2646,367,0.6072248993384705,0.00012944800255354494,0.24096393585205078,True
2648,45,1.5885297997587982,0.0001761699968483299,0.24102497100830078,True
2649,459,0.8197998121342784,0.00013080799908493645,0.24095630645751953,True
2650,360,1.2686989802525954,0.0001393670027027838,0.24098682403564453,False
2651,251,0.8526193723650995,0.00013431699699140154,0.24099445343017578,True
2652,432,0.8483127443600141,0.0001315810004598461,0.24099445343017578,True
2655,209,0.5202003971509807,0.00013559800208895467,0.24098682403564453,False
2657,164,1.3649773011478818,0.0001316739981120918,0.24098682403564453,True
2659,302,0.10188522210314006,0.00014027999714016914,0.24093341827392578,True
2661,52,0.4546684136626751,0.00013739100177190267,0.24098682403564453,True
2664,153,0.16523277541576561,0.00013459499677992426,0.24093341827392578,True
2665,27,0.8838041188436075,0.0001376959990011528,0.24100208282470703,False
2666,455,0.1046880493423681,0.00013930799832451157,0.24093341827392578,True
2667,75,1.5369466313617306,0.00013743700037593953,0.24100971221923828,False
2672,95,0.8738871252192613,0.0001346140015812125,0.24095630645751953,False
2676,274,0.9219818731058994,0.0001315340014116373,0.24100208282470703,False
2678,61,2.1440331930729872,0.00014476800060947426,0.24107074737548828,False
2679,250,0.5620068895349238,0.00013170999955036677,0.24095630645751953,False
2682,461,2.1553038555952457,0.0004666109998652246,0.24106311798095703,True
2683,329,0.21561635450458982,0.0001836420015024487,0.24093341827392578,True
2684,113,0.4950307852840117,0.00012999699902138673,0.24094104766845703,False
2690,27,0.5834464942111957,0.0001373429986415431,0.24101734161376953,True
2694,189,0.12853667379624673,0.00013310999929672107,0.24094104766845703,True
2704,466,0.7064153428107243,0.00013496800238499418,0.24094104766845703,False
2706,183,0.717062709019102,0.0001470099996367935,0.24094867706298828,True
2708,321,3.3112612948911933,0.00014399000065168366,0.24109363555908203,True
2710,331,0.12808986831470537,0.0001323569995292928,0.24094104766845703,False
2712,234,0.15830396015880352,0.00013498800035449676,0.24094104766845703,True
2713,75,1.452965905231378,0.0001317710011790041,0.24097919464111328,False
2714,45,2.425543916579132,0.00013596099961432628,0.24105548858642578,False
2717,101,2.0656061156158336,0.00015248299678205512,0.24100208282470703,False
2718,48,0.10820424597988546,0.00013404399942373857,0.24094104766845703,True
2721,247,0.01447749749273036,0.0001287970007979311,0.24093341827392578,True
2722,71,1.2179437724759514,0.00013911499991081655,0.24100208282470703,True
2725,356,2.1229461553902436,0.0001437640021322295,0.24107837677001953,True
2726,442,0.10156623090956284,0.00013442700219457038,0.24094104766845703,True
2728,142,0.8034371499042449,0.00013091299842926674,0.24096393585205078,False
2729,82,0.7000808601805828,0.00013466599921230227,0.24100971221923828,False
2730,179,2.0444495967570124,0.00014099700274528004,0.24101734161376953,False
2733,96,0.8209813995090619,0.0001460899984522257,0.24096393585205078,True
2738,342,1.0376809600493238,0.0001364759991702158,0.24096393585205078,False
2740,352,0.4087693128792391,0.00017791899881558493,0.24095630645751953,True
2744,79,0.13515542042049686,0.00013179799861973152,0.24094104766845703,True
2746,274,0.16676580219381526,0.00012998500096728094,0.24093341827392578,True
2747,218,0.7344615530611939,0.00013519300046027638,0.24100971221923828,False
2749,143,0.1209123103828888,0.0007125269985408522,0.24093341827392578,True
2751,455,0.5329655868708583,0.000132119999761926,0.24097919464111328,False
2752,232,0.19566486760316978,0.00012818200048059225,0.24094104766845703,True
2755,133,2.1364847744427053,0.00013529500211006962,0.24099445343017578,False
2760,363,0.07943598803159484,0.00015933300164761022,0.24094867706298828,True
2761,8,1.3366937449006602,0.000134711001010146,0.24099445343017578,True
2763,455,0.53725030213788,0.00014528199972119182,0.24095630645751953,True
2765,34,0.2636018783496562,0.0001376509972033091,0.24099445343017578,False
2767,255,1.7921610788606246,0.00013834499986842275,0.24098682403564453,True
2768,362,1.856443148028957,0.00014203400132828392,0.24104785919189453,False
2772,228,1.4576572111613606,0.0001402060006512329,0.24100971221923828,True
2773,94,0.6260344848542764,0.00013513099838746712,0.24095630645751953,False
2774,133,1.4772264008448475,0.00014119800107437186,0.24105548858642578,False
2776,32,2.039649269620374,0.00014866600031382404,0.24108600616455078,False
2779,355,1.0537640827991779,0.00013753099847235717,0.24101734161376953,False
2783,271,0.6068030710093635,0.00014102700151852332,0.24098682403564453,True
2785,349,0.9717665353783341,0.00013525499889510684,0.24097156524658203,True
2786,183,1.0838203683388505,0.0001380949979647994,0.24095630645751953,False
2788,15,9.055932498282488,0.00014611199731007218,0.24120807647705078,True
2789,183,1.2989814639964818,0.00013495500024873763,0.24097156524658203,False
2790,250,0.02751561217915619,0.00012903700189781375,0.24093341827392578,True
2791,196,1.1654934117685545,0.00013380000018514693,0.24100971221923828,False
2792,452,1.7077798935152442,0.00013991099694976583,0.24109363555908203,False
2793,431,0.6591708597081113,0.00012697000056505203,0.24093341827392578,True
2795,429,0.7687778607124255,0.00012708000213024206,0.24094104766845703,False
2800,426,0.7618900821829316,0.00019395799972699024,0.24096393585205078,True
2802,104,0.7628023143810501,0.00014235100024961866,0.24097919464111328,False
2804,451,1.0481397695839116,0.00013509100244846195,0.24099445343017578,True
2805,153,1.1749794013788915,0.0001514269970357418,0.24100208282470703,False
2808,432,1.9708746293024568,0.00014091399862081744,0.24101734161376953,False
2812,283,0.5445562248755943,0.00013667899838765152,0.24097156524658203,True
2814,209,0.7838516793013289,0.00013200999819673598,0.24097156524658203,False
2817,17,0.22110249481121708,0.00012848199912696145,0.24094867706298828,True
2819,221,1.3092662791829204,0.0001355399981548544,0.24104785919189453,True
2820,250,0.9746830609635796,0.00013534500249079429,0.24098682403564453,False
2822,367,0.4789450963005138,0.00012924700058647431,0.24096393585205078,True
2823,174,1.5285369394530344,0.0001387880001857411,0.24106311798095703,False
2824,342,0.6789052246498478,0.00014932399790268391,0.24097919464111328,False
2830,394,0.9190572432436651,0.00013551599840866402,0.24097919464111328,True
2832,342,0.15646937952534928,0.0001336229979642667,0.24093341827392578,True
2833,118,0.5295416881942363,0.0001412109995726496,0.24097156524658203,False
2836,277,1.1834524818019017,0.00013619399760500528,0.24100971221923828,False
2837,417,282.27075808617843,0.000149812000017846,0.24123859405517578,True
2838,220,1.1774462634017615,0.00013743700037593953,0.24097919464111328,False
2840,32,0.9059910083071391,0.0001494129974162206,0.24099445343017578,False
2841,216,0.36096577320454515,0.00013444700016407296,0.24094867706298828,True
2842,8,1.0972240735675078,0.00014291800107457675,0.24100208282470703,True
2843,318,0.4380456915178567,0.00014820399883319624,0.24094867706298828,False
2845,307,0.30807319636297836,0.00014714200005983002,0.24094104766845703,False
2848,194,0.4098951197842487,0.0001546200001030229,0.24097919464111328,True
2849,34,0.4589818875451514,0.00014737899982719682,0.24100208282470703,False
2851,291,0.45815800860457573,0.0001525350016891025,0.24097919464111328,True
2853,197,0.11273418411776827,0.00014282900156104006,0.24094104766845703,True
2855,172,0.593891995992814,0.00013128999853506684,0.24096393585205078,True
2858,414,3.0941176598493523,0.0005440239983727224,0.24108600616455078,True
2860,432,0.04923564006625387,0.00015209400226012804,0.24093341827392578,True
2862,95,0.11806959486819213,0.0001353679981548339,0.24094867706298828,True
2863,133,0.21938445120450095,0.00013224199938122183,0.24096393585205078,True
2864,355,1.9700514870327561,0.00013660599870490842,0.24109363555908203,False
2866,380,0.4995743079434652,0.0001372679980704561,0.24095630645751953,True
2873,372,1.7775806587890122,0.00014421300147660077,0.24099445343017578,False
2874,34,0.5913664518175872,0.00015365799845312722,0.24100208282470703,False
2878,412,1.0777817199909758,0.00013269000191939995,0.24100971221923828,True
2879,450,1.2886856491566772,0.00015969399828463793,0.24104022979736328,False
2882,228,0.32815675857420357,0.00013492099969880655,0.24097919464111328,True
2883,406,0.31848005978424937,0.00014254699999582954,0.24094104766845703,False
2885,412,0.1777595200201112,0.00012807299935957417,0.24094104766845703,True
2887,17,0.21306648327275413,0.0001282820012420416,0.24094867706298828,True
2888,57,1.0970929132010263,0.00014600999929825775,0.24097156524658203,False
2889,153,1.2357242710058212,0.00013179399684304371,0.24097919464111328,True
2890,294,0.6516690354171614,0.0001451819989597425,0.24100208282470703,True
2891,183,1.7132892248243277,0.00013521700020646676,0.24097919464111328,True
2892,78,0.6120002465236979,0.000150348998431582,0.24097919464111328,True
2893,113,0.2956057264604525,0.00013275099991005845,0.24100208282470703,True
2894,107,0.13610235721658118,0.00012790799883077852,0.24093341827392578,True
2896,272,0.5771956163553629,0.00014567800099030137,0.24098682403564453,False
2899,45,1.7822569341736088,0.00014278999879024923,0.24107074737548828,False
2900,318,0.8423129544376078,0.00013197899897932075,0.24096393585205078,False
2904,269,1.495336048666818,0.00013878099707653746,0.24100971221923828,True
2905,12,0.09772045227094747,0.00012754999988828786,0.24093341827392578,True
2906,82,0.3229822938972347,0.00014021499737282284,0.24096393585205078,True
2908,344,1.0586538599341977,0.00015260699728969485,0.24098682403564453,True
2909,291,0.6047003065366057,0.0001392010017298162,0.24097156524658203,True
2910,22,0.47940188735632555,0.00013465300071402453,0.24098682403564453,True
2912,218,0.18721418923388594,0.00013682800272363238,0.24094867706298828,True
2918,4,0.10158001864731105,0.0001391039986629039,0.24096393585205078,True
2921,153,0.6163017868581389,0.00013936599862063304,0.24096393585205078,True
2923,106,2.8946363867861287,0.0001498279998486396,0.24107837677001953,True
2927,419,0.4056876649202073,0.0001335560009465553,0.24101734161376953,False
2928,356,2.0389962465018607,0.00013640600081998855,0.24107074737548828,False
2931,432,0.7100104352032579,0.00013335299809114076,0.24098682403564453,False
2934,447,0.6448179932257263,0.0001445380003133323,0.24097919464111328,True
2935,102,0.07399578918708787,0.00012782200064975768,0.24094104766845703,True
2936,69,0.9015350836659153,0.00013373700130614452,0.24103260040283203,False
2938,375,0.8555943135128021,0.0001317249989369884,0.24097919464111328,False
2939,76,1.5044977795778154,0.00014451100287260488,0.24100208282470703,False
2943,8,1.2189423887087936,0.00013823699919157661,0.24098682403564453,True
2944,355,0.20138250019892281,0.00013940300050307997,0.24094867706298828,True
2945,96,1.1408522133786678,0.00013866999870515428,0.24102497100830078,True
2948,118,0.7047239150277035,0.00014804600141360424,0.24094867706298828,False
2949,245,1.431953636097792,0.00013452599887386896,0.24102497100830078,False
2950,412,0.6324888437463885,0.00013676400340045802,0.24095630645751953,True
2951,88,1.9406963489024804,0.00013407599908532575,0.24100208282470703,False
2952,406,0.8636288497069164,0.00017134600057033822,0.24099445343017578,False
2954,417,271.82649886153155,0.00013968600251246244,0.24112415313720703,True
2957,156,1.1369061774989955,0.00013333799870451912,0.24101734161376953,False
2958,372,0.2382886065289503,0.00012926600174978375,0.24094104766845703,True
2959,405,1.280972306743878,0.00013761199807049707,0.24102497100830078,False
2960,47,0.873210424914273,0.0001347819998045452,0.24100971221923828,False
2964,445,0.7435139844101255,0.00014384799942490645,0.24097156524658203,True
2968,465,1.2554247821306428,0.000142300999868894,0.24097156524658203,False
2970,70,0.5665470902090496,0.00014264700075727887,0.24097919464111328,False
2971,344,1.0975007190251356,0.0002139369971700944,0.24097919464111328,True
2972,204,0.14071368513889324,0.0001371889993606601,0.24095630645751953,True
2973,197,0.4199252553274902,0.00013136699999449775,0.24097919464111328,False
2975,234,1.0013317264860149,0.00014062700211070478,0.24097919464111328,False
2976,269,1.7025771854964644,0.000133912999444874,0.24102497100830078,True
2977,189,0.29443425450237726,0.00014259599993238226,0.24094867706298828,True
2979,141,0.21512443088716401,0.0001320750016020611,0.24094104766845703,True
2980,459,0.8548344305043816,0.0001394179998897016,0.24096393585205078,False
2983,330,0.3583857810656066,0.00013479900007951073,0.24094104766845703,False
2989,76,0.9863232533796906,0.00013485399904311635,0.24100971221923828,True
2993,405,1.5854144353510136,0.00013479100016411394,0.24107074737548828,False
2994,177,1.0798055108646294,0.00012939700172864832,0.24096393585205078,False
2998,274,1.4242961345157183,0.00014180099969962612,0.24102497100830078,False
2999,207,0.6998085646967808,0.0001361619979434181,0.24102497100830078,True
3000,276,7.4960200499763125,0.00014167200060910545,0.24118518829345703,True
3003,432,1.2164462357248462,0.0001360930000373628,0.24101734161376953,True
3004,179,0.23201474721278376,0.00013246999878901988,0.24095630645751953,True
3005,96,0.5950339979161617,0.00017638200006331317,0.24094104766845703,False
3006,164,1.4169696100327718,0.00014653399921371602,0.24104022979736328,True
3007,312,2.3017972228300465,0.0001539959994261153,0.24107074737548828,True
3008,377,2.464706605307672,0.00013201199908507988,0.24096393585205078,True
3011,221,0.8257545276373135,0.00013780800145468675,0.24097156524658203,True
3012,348,2.7131395200154174,0.00013980199946672656,0.24106311798095703,True
3013,182,2.1461266050748695,0.00013290300194057636,0.24099445343017578,False
3014,163,0.07712721602553943,0.00013354099792195484,0.24095630645751953,True
3015,229,0.7130290516128214,0.000137344999529887,0.24098682403564453,False
3016,451,1.7681316874790542,0.00013868800306227058,0.24102497100830078,True
3021,455,0.40036348957598755,0.00013244900037534535,0.24095630645751953,False
3022,173,0.7009234616465688,0.00013157300054444931,0.24098682403564453,True
3023,157,0.24105003950965467,0.00012948099902132526,0.24095630645751953,False
3024,418,1.0363408109882895,0.0001325410012213979,0.24099445343017578,False
3025,405,0.6634343812660907,0.00014096100130700506,0.24097919464111328,True
3026,198,0.0781840487862407,0.00013099799980409443,0.24094104766845703,True
3027,76,1.6364732505690867,0.00013409200255409814,0.24100208282470703,False
3029,27,0.9621470370119001,0.00013852900156052783,0.24099445343017578,True
3035,277,0.6030463559087088,0.00014639099754276685,0.24096393585205078,True
3037,459,0.438286986795401,0.00013893000141251832,0.24095630645751953,False
3039,355,1.3861392835869648,0.00014663600086350925,0.24099445343017578,False
3040,329,0.5466870397398218,0.00014499300232273526,0.24097919464111328,True
3043,307,1.2355280090064626,0.00015303300097002648,0.24100208282470703,False
3049,442,0.10814502914513442,0.00019278299805591814,0.24094104766845703,True
3051,355,2.1477605291507484,0.00013716800094698556,0.24110889434814453,False
3053,34,0.21469239889824832,0.00014134999946691096,0.24097919464111328,False
3055,347,0.09798488536894177,0.0001299010000366252,0.24093341827392578,True
3056,446,0.7585931024704071,0.00014295700020738877,0.24102497100830078,False
3057,277,0.7391560717844113,0.00013395699716056697,0.24097156524658203,False
3058,2,1.736278695749974,0.0001458490005461499,0.24115467071533203,False
3059,314,0.9682284287031342,0.00013429699902189896,0.24098682403564453,False
3061,82,0.8535500639547545,0.00014208100037649274,0.24097919464111328,True
3062,173,1.4385200727418208,0.00014237900177249685,0.24104785919189453,False
3063,272,0.19633645130732838,0.00013589800073532388,0.24097156524658203,True
3064,251,1.4903801050017365,0.00014053899940336123,0.24104022979736328,True
3068,434,1.3664863675770318,0.0001354550004180055,0.24100208282470703,True
3070,271,0.035622936638387885,0.00013728100020671263,0.24093341827392578,True
3071,232,0.7342703982962728,0.0001383969974995125,0.24096393585205078,True
3074,204,0.8005036576856774,0.00013187000149628147,0.24094867706298828,True
3076,250,0.5126285483239622,0.00013640999895869754,0.24096393585205078,False
3077,229,1.0845473302580817,0.00014160299906507134,0.24100208282470703,True
3080,444,0.29632592701446486,0.0001325090015598107,0.24094867706298828,False
3082,169,0.51682653002937,0.00013173100160202011,0.24097919464111328,True
3083,234,1.00521666318449,0.00013449999823933467,0.24095630645751953,True
3085,8,1.833116337221074,0.00014285999714047648,0.24100208282470703,False
3086,151,0.5664634720758047,0.00013999099974171259,0.24094867706298828,False
3088,454,0.44202074051638485,0.00013241499982541427,0.24099445343017578,True
3093,461,4.41056975132985,0.00014273700071498752,0.24109363555908203,False
3094,461,4.714389479950991,0.00015145599900279194,0.24110126495361328,False
3097,446,0.34993794387181004,0.0001371710022795014,0.24097156524658203,False
3099,188,0.6128727421341035,0.0001393589991494082,0.24097919464111328,True
3100,133,1.6770134146519313,0.00014071499754209071,0.24101734161376953,True
3101,104,0.508535550529923,0.0001306669983023312,0.24097919464111328,True
3103,141,0.30019521274692096,0.00012900699948659167,0.24094867706298828,False
3104,347,0.9521143643234075,0.0001347050019830931,0.24104022979736328,False
3107,196,0.2516421657478025,0.00013561199739342555,0.24097156524658203,True
3109,196,0.5649022265250194,0.00015000899657025002,0.24102497100830078,True
3110,45,2.3854836621850763,0.00013954699898022227,0.24099445343017578,True
3113,287,1.1977699069229386,0.00013315999967744574,0.24097919464111328,False
3114,349,0.03438083621913894,0.0001381639995088335,0.24094104766845703,True
3117,177,0.5063264533907328,0.00013058700278634205,0.24096393585205078,True
3120,96,0.2270576211032113,0.0001309649996983353,0.24093341827392578,True
3121,367,2.8441475669090175,0.00013659300020663068,0.24108600616455078,True
3122,104,0.7780574879096536,0.00013528300041798502,0.24099445343017578,True
3123,141,0.015081132266925448,0.00013380399832385592,0.24094104766845703,True
3124,189,0.6141009337397889,0.00013076599861960858,0.24099445343017578,False
3128,110,0.3821833520320903,0.00012993000200367533,0.24094104766845703,True
3129,250,0.43704498273970627,0.00015050599904498085,0.24097919464111328,True
3131,133,1.1140893336292679,0.000162894997629337,0.24105548858642578,True
3134,221,1.7522083281053764,0.00014252699838834815,0.24108600616455078,False
3136,380,1.2014332268965087,0.000132156001200201,0.24097919464111328,True
3143,61,1.5249288896542659,0.00014263000048231333,0.24107074737548828,True
3144,321,0.37752573168731063,0.00014394899699254893,0.24097156524658203,False
3146,95,1.229449760699326,0.00014614400060963817,0.24099445343017578,False
3148,179,1.573258996170061,0.00014113900033407845,0.24108600616455078,False
3149,71,0.4069222009923216,0.0001349949998257216,0.24095630645751953,False
3150,61,2.0558216791758395,0.00014524200014420785,0.24113941192626953,False
3151,173,1.3554611300863226,0.00013645400031236932,0.24101734161376953,False
3153,364,1.256655204420049,0.00013199699969845824,0.24101734161376953,False
3154,229,0.5029145403394724,0.00013396199938142672,0.24096393585205078,True
3155,173,1.29719493538102,0.0001422829991497565,0.24100971221923828,True
3161,361,0.38564319898728894,0.00014273100168793462,0.24096393585205078,False
3168,19,0.6350634249146103,0.0001431680029782001,0.24097919464111328,False
3170,307,1.8789522881130156,0.0001372480001009535,0.24098682403564453,False
3172,213,2.0149314356332373,0.00022301300123217516,0.24106311798095703,False
3177,104,0.5683675538483902,0.00014023499898030423,0.24100208282470703,True
3178,459,1.9528447505879163,0.00016239899923675694,0.24100208282470703,False
3181,287,2.1559591323312,0.00013832000331603922,0.24105548858642578,False
3183,431,0.47730360693263685,0.00014962599743739702,0.24099445343017578,True
3184,417,284.0087533945006,0.00015166700177360326,0.24121570587158203,True
3185,75,1.2078654226046317,0.00013496500105247833,0.24095630645751953,False
3186,12,0.9035501380615657,0.00013552000018535182,0.24096393585205078,False
3187,315,0.34091413003244597,0.00013550900257541798,0.24099445343017578,True
3189,96,0.05098793195635507,0.00013767999917035922,0.24093341827392578,True
3191,4,0.6419479773750106,0.00013766499978373758,0.24099445343017578,False
3195,455,0.5435456350090637,0.0001308760001847986,0.24096393585205078,True
3196,261,0.8564421525160092,0.00013512599980458617,0.24102497100830078,False
3200,270,0.6793967604905217,0.00012854400119977072,0.24094104766845703,False
3207,465,0.8288819660573574,0.00015579200044157915,0.24096393585205078,False
3210,270,0.8325584267403063,0.00013164299889467657,0.24095630645751953,False
3211,85,1.407916220906722,0.00014992700016591698,0.24103260040283203,True
3212,307,0.6860642717356347,0.00013310099893715233,0.24099445343017578,False
3213,459,0.7180607320272921,0.000133225999888964,0.24094867706298828,True
3216,279,1.132438079254049,0.00013172399849281646,0.24098682403564453,True
3217,367,1.3265265031516218,0.00013278500045998953,0.24096393585205078,True
3218,96,0.9676860499431903,0.00013326699991011992,0.24094867706298828,True
3219,174,1.434489101623781,0.00014061500041862018,0.24100971221923828,False
3220,360,1.6813997492430133,0.00013736699838773347,0.24104022979736328,False
3221,221,0.21186183631575273,0.00015806500232429244,0.24094867706298828,True
3222,287,2.555568343642721,0.00015139999959501438,0.24105548858642578,False
3224,174,1.4676572130715901,0.00014658299915026873,0.24100971221923828,False
3227,342,0.977282297667244,0.0001302700002270285,0.24097156524658203,False
3230,229,0.3021727975274327,0.00013303299783729017,0.24094104766845703,False
3233,450,1.9638626238389372,0.00015603100109728985,0.24107837677001953,True
3234,163,0.26490580855021906,0.000134482001158176,0.24097919464111328,False
3237,344,0.13660969568880926,0.00013112799933878705,0.24095630645751953,True
3238,48,0.5414994675436856,0.00018765899949357845,0.24096393585205078,False
3239,426,1.325960765135873,0.00013111599764670245,0.24097919464111328,True
3240,32,0.2205070200468197,0.000130137999803992,0.24096393585205078,True
3245,88,2.4538372743605468,0.00013977900016470812,0.24106311798095703,False
3247,118,0.15309455339448982,0.00014097299936111085,0.24093341827392578,True
3248,51,0.2871224268841044,0.0001361840004392434,0.24096393585205078,False
3252,85,2.277435576017469,0.0001448600014555268,0.24114704132080078,False
3256,364,0.47316547137501086,0.00014589000056730583,0.24098682403564453,False
3257,418,0.6965589970942079,0.00015472700033569708,0.24096393585205078,True
3260,95,1.117410131049829,0.0001341540009889286,0.24099445343017578,False
3263,418,1.3230687694250964,0.00014892599938320927,0.24104022979736328,False
3267,188,0.4908984225020891,0.00013735499669564888,0.24098682403564453,False
3269,164,1.3642691603139288,0.00013333199967746623,0.24100971221923828,True
3270,142,0.8170428636817408,0.00013862499690731056,0.24100971221923828,True
3271,364,1.3948640041015425,0.00014282700067269616,0.24100971221923828,False
3272,85,5.7216265261141235,0.00015219999841065146,0.24122333526611328,False
3273,362,1.4733958341217228,0.00013519799904315732,0.24099445343017578,False
3277,76,1.4869970997702031,0.00014759899931959808,0.24101734161376953,False
3280,272,0.09399227251830712,0.00013062200014246628,0.24094867706298828,True
3282,49,0.34543096645571225,0.00013288300033309497,0.24099445343017578,True
3285,274,0.879951726983253,0.0002236219988844823,0.24100208282470703,False
3286,139,0.6172550259750393,0.00013087000115774572,0.24095630645751953,False
3288,15,5.545519463905191,0.00016600600065430626,0.24123096466064453,True
3289,75,1.6999351884556777,0.0001453400000173133,0.24102497100830078,True
3290,177,1.6472171255993584,0.00013965999823994935,0.24101734161376953,False
3293,45,2.263626077082737,0.0001453789991501253,0.24097919464111328,True
3297,312,2.7629489495532455,0.00013920000128564425,0.24102497100830078,False
3298,434,0.44308987938121586,0.00013303200103109702,0.24098682403564453,False
3299,417,282.5029244739951,0.00015583400090690702,0.24124622344970703,True
3304,466,8.93127403192613,0.0001858569994510617,0.24109363555908203,False
3305,397,0.025192031273774958,0.00013007700181333348,0.24094104766845703,True
3310,380,0.9951776896119188,0.00016443000276922248,0.24097919464111328,True
3313,312,1.9264173926486379,0.00013751599908573553,0.24100971221923828,True
3320,76,1.2073755805602242,0.0001351469982182607,0.24102497100830078,True
3321,8,1.337429387787306,0.00013895500160288066,0.24098682403564453,True
3322,332,0.45636106875268373,0.00015210600031423382,0.24095630645751953,False
3324,265,0.3890787427505681,0.00013129599756211974,0.24094867706298828,True
3330,364,1.041334205073919,0.00014168000052450225,0.24100971221923828,False
3331,189,0.6609855889860372,0.00013161400056560524,0.24099445343017578,False
3332,234,1.3502861045720773,0.00013338499775272794,0.24096393585205078,True
3334,69,0.5034799741955194,0.00015025000175228342,0.24100208282470703,False
3335,173,1.1663274040968536,0.00013180899986764416,0.24100208282470703,True
3340,104,0.7993794607915272,0.00014028599980520085,0.24098682403564453,True
3344,61,1.1743058955862447,0.0001440760024706833,0.24110889434814453,False
3346,40,0.5163263171236915,0.00012952100223628804,0.24096393585205078,True
3347,377,2.680144166100678,0.00015108899970073253,0.24107074737548828,True
3348,361,0.23113004983472868,0.00013042099817539565,0.24099445343017578,True
3352,359,0.7521630428656746,0.00013372500325203873,0.24095630645751953,False
3357,4,0.45201073301277,0.00013764200048171915,0.24098682403564453,False
3358,183,1.4572074302087774,0.00013706000027013943,0.24097919464111328,True
3359,283,0.4459381359619815,0.000134370999148814,0.24095630645751953,False
3361,361,0.2932966150409737,0.00013469400073518045,0.24097919464111328,True
3363,431,0.27553050852665695,0.0001513819988758769,0.24096393585205078,True
3366,113,0.06651570255925511,0.00014120199921308085,0.24094867706298828,True
3368,355,1.5008045661175184,0.0001382549999107141,0.24107074737548828,True
3373,432,0.758291055480076,0.00013730099817621522,0.24098682403564453,False
3382,277,0.6436459717068508,0.00013937800031271763,0.24095630645751953,False
3383,213,0.055429618499983666,0.00016199599849642254,0.24094104766845703,True
3384,271,1.2049691533428315,0.00019382900063646957,0.24107837677001953,True
3388,45,1.711795887884909,0.00016223499915213324,0.24104785919189453,False
3390,51,0.27329480470964373,0.0001296720001846552,0.24096393585205078,False
3391,157,0.3370485391272899,0.00012825500016333535,0.24095630645751953,False
3392,327,0.5947839641761913,0.00013055499948677607,0.24097919464111328,True
3393,174,1.4106025283997878,0.00014637600179412402,0.24100208282470703,False
3396,289,0.8677435746144719,0.00014498200107482262,0.24102497100830078,True
3398,456,0.4764386480235907,0.00014201299927663058,0.24100208282470703,False
3401,445,0.5888121842744422,0.0001367800032312516,0.24098682403564453,True
3403,315,0.7801866129644306,0.0001499819991295226,0.24104785919189453,True
3405,2,1.9881337087634334,0.00014816600014455616,0.24110889434814453,False
3407,96,0.5997151075379376,0.00014737499805050902,0.24094104766845703,True
3409,303,5.274088311166515,0.00015545299902441911,0.24104785919189453,True
3419,388,1.151979049370816,0.00014844500037725084,0.24094867706298828,False
3422,27,0.5047834531466846,0.00013433099957183003,0.24098682403564453,True
3425,93,0.6536396736979526,0.0001346729986835271,0.24096393585205078,True
3426,161,0.842969601329373,0.00013411699910648167,0.24101734161376953,False
3429,311,1.774244206457189,0.0001388870005030185,0.24103260040283203,False
3431,153,0.6583363371258172,0.00013094899986754172,0.24094867706298828,True
3432,287,1.8257513049251224,0.00014341600035550073,0.24104022979736328,False
3433,95,0.1887303164477792,0.00013239899999462068,0.24097156524658203,False
3435,307,1.31972305768402,0.00014535400259774178,0.24099445343017578,True
3437,459,1.560406543948178,0.00013319299978320487,0.24097156524658203,False
3438,391,0.36156812602001265,0.0001310400002694223,0.24094104766845703,False
3439,446,0.03780806087657584,0.00012820499978261068,0.24093341827392578,True
3440,196,0.5594206264044841,0.00013322100130608305,0.24098682403564453,False
3444,139,0.8935335888951191,0.00013516800026991405,0.24098682403564453,False
3445,272,0.0881433165336421,0.0001533980030217208,0.24096393585205078,True
3446,349,0.2934228324119836,0.00013707100151805207,0.24097156524658203,True
3453,139,0.1141934444117187,0.00016402199980802834,0.24094104766845703,True
3456,102,0.6471023335673934,0.00013059900084044784,0.24096393585205078,True
3458,404,1.0795392373154766,0.00013478700202540495,0.24097919464111328,True
3459,188,0.6704608987198971,0.00013191399921197444,0.24096393585205078,True
3461,8,0.8227898707752714,0.00014291800107457675,0.24098682403564453,False
3463,461,1.6153860547377827,0.00015969800006132573,0.24104785919189453,True
3464,291,0.14123771237236482,0.00013211899931775406,0.24094867706298828,False
3465,59,0.9032584972260032,0.00013350699737202376,0.24103260040283203,True
3466,356,1.6749244150956748,0.00014029800149728544,0.24108600616455078,True
3469,85,1.7317437371062072,0.00013632500122184865,0.24103260040283203,False
3471,8,1.6092034157842652,0.00013581799794337712,0.24102497100830078,True
3472,387,0.09603111393019781,0.00013247399692772888,0.24095630645751953,True
3473,9,0.8629323914585831,0.00013528099952964112,0.24096393585205078,False
3475,450,0.13727607531494668,0.00012796500232070684,0.24094104766845703,True
3481,434,0.15230372346545445,0.0001352620020043105,0.24094867706298828,True
3482,375,0.9230620751507113,0.0001327620011579711,0.24098682403564453,False
3484,418,0.1914944591552345,0.00013109900100971572,0.24094104766845703,True
3487,34,0.9184541584537222,0.00013299599959282205,0.24097919464111328,False
3490,279,2.0428356189571906,0.00013473099897964858,0.24100971221923828,False
3491,145,2.6551274979437727,0.00013953500092611648,0.24116992950439453,True
3493,307,1.5556419970516036,0.0001365649986837525,0.24103260040283203,False
3495,92,0.49297080422784373,0.0005025310019846074,0.24100208282470703,True
3499,238,0.2679220455982457,0.00016039700130932033,0.24097156524658203,True
3505,256,0.21704355274520007,0.00013227499948698096,0.24096393585205078,True
3506,6,0.9031752724314838,0.0001333129985141568,0.24100208282470703,False
3509,419,0.7970707822688602,0.0001475770004617516,0.24101734161376953,False
3512,447,0.5940222894562959,0.0001376530017296318,0.24098682403564453,True
3514,147,5.093886993359945,0.00017342499995720573,0.24128437042236328,True
3515,330,0.4364152342341369,0.00013116400077706203,0.24097156524658203,False
3516,32,1.5901664501323343,0.00013737499830313027,0.24105548858642578,False
3518,71,0.7833008776625541,0.0001325369994447101,0.24097156524658203,True
3520,179,0.9261953432984045,0.00013404800120042637,0.24099445343017578,True
3521,45,0.19926842857919436,0.00012884899842902087,0.24095630645751953,True
3522,394,0.1203685370941695,0.00013315600153873675,0.24094867706298828,True
3523,93,0.72881313866454,0.00015514800179516897,0.24096393585205078,True
3527,263,0.9404940922207834,0.00015228299889713526,0.24104022979736328,False
3530,380,0.14889131942887837,0.00012904899995191954,0.24094104766845703,True
3531,45,3.5059443178876495,0.00015719600196462125,0.24111652374267578,True
3537,464,1.2985526662530815,0.00013205000141169876,0.24099445343017578,False
3538,27,0.24662495680227411,0.0001308050013903994,0.24094867706298828,True
3539,145,1.017130163912953,0.00014605099931941368,0.24110889434814453,True
3540,75,1.046562655005552,0.00012988199887331575,0.24094867706298828,False
3544,188,0.5589154529989333,0.00013368700092541985,0.24098682403564453,False
3547,265,0.012670728790391108,0.00012951900134794414,0.24093341827392578,True
3548,173,0.6293572108178348,0.00014152799849398434,0.24096393585205078,True
3549,235,0.9052268954711511,0.000140579002618324,0.24097156524658203,False
3550,34,1.1206048511046296,0.00014707399895996787,0.24102497100830078,False
3552,173,0.7785358544826786,0.00013447099991026334,0.24097919464111328,True
3553,266,9.426229455528322,0.0001558779986226,0.24111652374267578,True
3554,466,0.6786152986526943,0.00014837100025033578,0.24094104766845703,False
3555,235,0.4410442225603614,0.00012828699982492253,0.24094104766845703,True
3556,113,0.44818334155534245,0.0001361479990009684,0.24094104766845703,False
3558,19,0.4068249675598237,0.0001412150013493374,0.24096393585205078,False
3559,406,0.5689106777612002,0.0001383159979013726,0.24099445343017578,True
3562,126,0.06282323061619503,0.0001323770011367742,0.24093341827392578,True
3563,405,1.5092628747065953,0.00013714899978367612,0.24105548858642578,True
3564,256,0.8358835794001197,0.00013793800098937936,0.24097919464111328,True
3566,95,1.5668061151916448,0.00017327599925920367,0.24100208282470703,False
3567,405,1.583582360427546,0.00013596099961432628,0.24104022979736328,False
3569,107,1.8286433729151472,0.00013494100130628794,0.24100208282470703,False
3570,372,1.4410538584761374,0.0001890380008262582,0.24102497100830078,False
3573,45,3.313503666395418,0.00014248399747884832,0.24106311798095703,False
3577,450,0.5077123062667978,0.0001349339981970843,0.24099445343017578,True
3578,40,0.5266837798798658,0.000135852002131287,0.24100208282470703,True
3581,269,1.0282433474652324,0.00013117200069245882,0.24096393585205078,False
3582,356,1.874165857807939,0.00014187900160322897,0.24112415313720703,False
3583,391,0.17572439314494567,0.00013520199718186632,0.24097919464111328,True
3586,361,0.1765327745433757,0.00013473700164468028,0.24095630645751953,False
3587,172,0.4567237152582901,0.00013386399950832129,0.24097156524658203,True
3589,95,0.973624924332223,0.0001341319984931033,0.24100208282470703,False
3591,52,1.1234831822016424,0.00013241899796412326,0.24097919464111328,False
3596,353,0.8899692841446667,0.0001827850028348621,0.24101734161376953,True
3600,292,0.2396691892026389,0.0001437150021956768,0.24096393585205078,False
3602,464,0.1712536915055409,0.00014079399988986552,0.24095630645751953,True
3603,163,0.5577908123844538,0.00014562300202669576,0.24100208282470703,True
3604,40,12.281211384380178,0.00017181300063384697,0.24159717559814453,False
3605,96,0.5291236650809246,0.00013800499800709076,0.24096393585205078,False
3606,448,0.19727630663561227,0.00012797199815395288,0.24094867706298828,False
3609,452,0.22798651648483037,0.00012813599823857658,0.24094867706298828,True
3611,174,1.1476188463248362,0.00013687400132766925,0.24102497100830078,False
3615,101,1.581402895547911,0.000141993001307128,0.24097919464111328,True
3619,74,0.6103519419482775,0.00013116899935994297,0.24098682403564453,False
3620,450,1.8997763091972704,0.0001346729986835271,0.24105548858642578,True
3622,444,0.18097813698536538,0.0001309159997617826,0.24096393585205078,True
3627,443,1.0797843960665425,0.00013335700350580737,0.24100971221923828,True
3629,147,2.878485288511506,0.0001533780014142394,0.24134540557861328,True
3631,445,0.25260716506072173,0.00014569799895980395,0.24096393585205078,True
3632,349,0.6834808930730147,0.00013457100067171268,0.24096393585205078,False
3633,35,1.828222771744677,0.00014870499944663607,0.24110126495361328,False
3635,234,3.0966078942094977,0.00014643900067312643,0.24105548858642578,False
3636,141,0.30895102783036826,0.00013479900007951073,0.24094867706298828,False
3641,27,0.7411843582045873,0.00014688300143461674,0.24106311798095703,True
3643,446,0.3038473569535173,0.00013300800128490664,0.24094104766845703,True
3644,291,0.3629130716831922,0.00013549099821830168,0.24094867706298828,False
3646,251,0.9746410930670816,0.00014125199959380552,0.24100208282470703,True
3648,313,1.396388493787145,0.0001312300009885803,0.24098682403564453,False
3651,142,0.9199321739114886,0.00013355999908526428,0.24097919464111328,False
3652,270,1.1320693842720149,0.00013784499969915487,0.24099445343017578,False
3653,370,1.2816077522481666,0.00013302500155987218,0.24100208282470703,False
3655,82,0.5546933544544002,0.00014344700321089476,0.24104785919189453,False
3658,34,1.1397461590540716,0.0001330010018136818,0.24100208282470703,False
3659,359,1.1239336391870103,0.00013817100261803716,0.24095630645751953,True
3661,364,0.5456740073370288,0.00013082999794278294,0.24096393585205078,True
3663,31,10.497354336681715,0.000140121002914384,0.24109363555908203,True
3667,245,0.15779538227214676,0.00013771899830317125,0.24095630645751953,True
3671,196,0.5409887091108715,0.00013163599942345172,0.24099445343017578,True
3673,429,0.7567304412655362,0.00014613999883295037,0.24094867706298828,False
3675,182,0.36753344118092107,0.0001319680013693869,0.24100971221923828,True
3680,355,1.1766069467705444,0.0001329059996351134,0.24101734161376953,False
3681,261,1.0885298753140924,0.00015062099919305183,0.24104785919189453,False
3682,76,0.8915960996285427,0.000142147000588011,0.24100208282470703,True
3683,320,69.59935836438832,0.0002463370001350995,0.24145221710205078,True
3686,423,0.4277719005131184,0.00013045699961367063,0.24097919464111328,True
3689,173,1.3408839707427034,0.00013395199857768603,0.24101734161376953,False
3692,139,0.559679209068233,0.00012957800208823755,0.24094867706298828,True
3693,32,2.5224840213932995,0.0001587469996593427,0.24102497100830078,True
3698,287,1.4860942103093269,0.00014332700084196404,0.24101734161376953,False
3699,355,2.5043399316905193,0.0001405039984092582,0.24110889434814453,False
3702,383,0.38838679525042036,0.00013342500096769072,0.24097919464111328,True
3707,307,0.5495974564021462,0.00015612599963787943,0.24099445343017578,False
3709,307,0.9458271599605356,0.0001414479993400164,0.24099445343017578,False
3710,95,0.1184878939256566,0.0001322050011367537,0.24094867706298828,True
3715,106,1.2043791913504382,0.00013323700113687664,0.24095630645751953,True
3720,207,0.5734679771051759,0.00014652900063083507,0.24100208282470703,False
3721,157,0.3165627503262659,0.00018057399938697927,0.24096393585205078,False
3722,141,0.1865198241406965,0.00013347400090424344,0.24094104766845703,True
3723,153,1.371467835534745,0.0001342190007562749,0.24101734161376953,False
3724,416,0.5239811546003013,0.00012820700067095459,0.24094867706298828,True
3725,444,0.41377039699809065,0.00012858300033258274,0.24095630645751953,False
3727,197,0.8943030284117948,0.00013284699889482,0.24099445343017578,False
3733,221,1.6636524135327453,0.0003080040005443152,0.24107074737548828,True
3734,208,0.3656618772125263,0.00013517999832401983,0.24101734161376953,False
3735,261,3.4430095097748947,0.00014604999887524173,0.24113178253173828,False
3740,277,0.4200548938800629,0.00013448699974105693,0.24094867706298828,False
3743,9,0.8074208362521511,0.00013976799891679548,0.24098682403564453,True
3745,356,4.777976393651865,0.00014950499826227315,0.24116230010986328,False
3746,311,0.49764118605636976,0.00014201299927663058,0.24097156524658203,False
3748,367,2.6366063408212734,0.0001408930002071429,0.24107074737548828,True
3749,404,1.5334254621808958,0.00014046700016479008,0.24100208282470703,True
3755,461,2.5184658909123,0.00014119000115897506,0.24105548858642578,True
3756,452,0.21750719272070318,0.0007472600009350572,0.24094867706298828,True
3758,247,0.47961189535265014,0.00014108299728832208,0.24094104766845703,True
3759,177,1.6531599613341494,0.00013111400039633736,0.24098682403564453,False
3764,356,1.797565073053824,0.00015789300232427195,0.24107837677001953,True
3768,173,0.7993610629608628,0.0001304219986195676,0.24095630645751953,True
3769,287,0.8771773158189662,0.00013404800120042637,0.24097156524658203,False
3771,312,1.8786502211057574,0.00013154699990991503,0.24100971221923828,False
3775,161,0.7772131528755707,0.00013571700037573464,0.24101734161376953,True
3777,173,1.2506084261616597,0.00013211199984652922,0.24099445343017578,True
3778,133,0.8351312492381557,0.00013930400018580258,0.24097919464111328,False
3779,448,0.6088583315345476,0.00014284899953054264,0.24095630645751953,True
3780,34,1.109867078746569,0.0001430709999112878,0.24102497100830078,True
3781,401,0.27512759177692186,0.00012766799773089588,0.24094104766845703,False
3782,277,0.6131937940595213,0.000132352997752605,0.24097919464111328,False
3783,76,0.9088690731121173,0.00013328400018508546,0.24100208282470703,True
3784,142,0.8752895547863767,0.00013286099783726968,0.24097156524658203,False
3788,332,0.3208377275105468,0.000135172998852795,0.24094867706298828,False
3789,405,1.1906926526183113,0.000155566001922125,0.24100971221923828,False
3793,174,0.3494769389333987,0.00017305000073974952,0.24094104766845703,True
3795,77,0.5598996151367449,0.00015363399870693684,0.24102497100830078,False
3797,391,0.4659104746525327,0.00015728899961686693,0.24097919464111328,False
3799,388,0.6936341952087207,0.0001475690005463548,0.24095630645751953,False
3800,318,0.4717898988537022,0.00013296199904289097,0.24095630645751953,False
3805,8,1.0360487647761154,0.00014546099919243716,0.24097156524658203,False
3810,401,0.6035171803423798,0.00014893299885443412,0.24096393585205078,False
3811,169,0.9104604920376049,0.00014081900008022785,0.24097919464111328,True
3815,69,0.02968086962187505,0.00012958400111529045,0.24094104766845703,True
3816,17,0.8419706299771174,0.0001375819992972538,0.24100208282470703,True
3820,342,0.9916176282133394,0.00014099099644226953,0.24095630645751953,True
3822,50,0.0684520312018364,0.0001339330010523554,0.24093341827392578,True
3823,96,0.6692958006206369,0.00013560799925471656,0.24095630645751953,True
3825,169,1.2364178181637548,0.0001393530001223553,0.24102497100830078,True
3827,364,0.5350449784682872,0.00023190200226963498,0.24097919464111328,False
3831,352,0.7681150846143292,0.00015164099750109017,0.24097156524658203,True
3833,265,0.13498908012643496,0.00013866300287190825,0.24094867706298828,True
3834,177,1.1425737938119784,0.00013732599836657755,0.24097156524658203,False
3835,329,0.15868251718834905,0.0001322999996773433,0.24094867706298828,True
3836,350,0.1125265378990037,0.00014997700054664165,0.24094104766845703,True
3839,27,0.00981614218351982,0.00012975799836567603,0.24093341827392578,True
