Test Index,Train Index,Score,Computing Time (s),Space Usage (MB),Same Class
0,392,1.5633132739198674,0.0002186899982916657,0.24093341827392578,False
1,161,1.152401184504654,0.00020870900334557518,0.24093341827392578,False
2,147,121.33129237561526,0.00021068199930596165,0.24097156524658203,True
3,57,1.242216298571163,0.00021709300199290738,0.24093341827392578,False
4,276,0.6135715200164031,0.00020872000095550902,0.24093341827392578,False
8,430,0.9710383528353167,0.00021264499810058624,0.24093341827392578,False
10,246,0.052025225625483555,0.0002050479997706134,0.24093341827392578,True
12,88,0.22365025031257635,0.00022870099928695709,0.24093341827392578,True
14,269,0.7132809987111451,0.00021986600040690973,0.24093341827392578,False
15,371,0.9574542727605647,0.00021601299886242487,0.24093341827392578,True
16,100,0.7489990701027037,0.0002083140025206376,0.24093341827392578,True
19,453,0.5558827197556817,0.0002056500015896745,0.24093341827392578,False
21,313,2.180304153533703,0.00021593999917968176,0.24093341827392578,False
27,396,6.087239843541798,0.00020819200290134177,0.24093341827392578,True
29,168,185.19864559981204,0.00022414200066123158,0.24097919464111328,True
30,27,0.7701971456236977,0.00022575899856747128,0.24093341827392578,True
33,432,0.2027744208552949,0.0002113169975928031,0.24093341827392578,True
36,100,0.3920372140171009,0.0002112299989676103,0.24093341827392578,True
39,316,0.4048671764340537,0.00020776900055352598,0.24093341827392578,True
41,348,1.371276473961072,0.00020844100072281435,0.24093341827392578,True
44,276,0.9084324220720144,0.00024441899950033985,0.24093341827392578,False
45,346,1.3798967204040746,0.00022624700068263337,0.24093341827392578,True
47,349,0.1369304954307115,0.00021175799702177756,0.24093341827392578,True
49,32,2.1559016414852397,0.0002094350020342972,0.24093341827392578,False
51,405,1.4126820495343744,0.0002139530006388668,0.24093341827392578,False
52,124,1.9871979940201456,0.0002109849992848467,0.24093341827392578,False
53,10,253.3350462013438,0.0002123869999195449,0.24102497100830078,True
54,115,1.8552896459551798,0.00021973300317768008,0.24093341827392578,False
56,430,0.1550436633632327,0.00021836699670529924,0.24093341827392578,True
58,263,2.9737461027673584,0.00020839200078626163,0.24093341827392578,False
62,299,3.1497005555969486,0.0002182990028813947,0.24093341827392578,False
63,29,1.2158577671456403,0.00021303799803717993,0.24093341827392578,True
68,154,1.515839057787931,0.00021597199884126894,0.24093341827392578,False
69,453,0.18138255971241815,0.0002248150012746919,0.24093341827392578,True
70,340,2.648035189919924,0.00021810500038554892,0.24093341827392578,False
71,234,1.1613008104076914,0.00021607999951811507,0.24093341827392578,False
72,87,1.4423918150416961,0.0002185949997510761,0.24093341827392578,True
73,247,0.014439537332007422,0.00022590800290345214,0.24093341827392578,True
75,320,65.45880536379576,0.0002238019987998996,0.24095630645751953,True
76,202,0.16281543078036706,0.00020660899826907553,0.24093341827392578,True
78,341,1.5889108311265339,0.00021228600235190243,0.24093341827392578,True
82,168,232.84210644322667,0.00021153299894649535,0.24097919464111328,True
86,320,188.91433738347231,0.0002420049968350213,0.24094867706298828,True
88,111,1.1825379132582197,0.0002133980015059933,0.24093341827392578,False
89,124,0.9784569418652245,0.00022244299907470122,0.24093341827392578,False
90,142,0.5736531360585869,0.0002085189989884384,0.24093341827392578,True
92,157,0.22251383080115109,0.00021184499928494915,0.24093341827392578,False
93,44,0.6682687521949399,0.0002392880014667753,0.24093341827392578,False
94,144,0.9508662874319511,0.0002571120021457318,0.24093341827392578,False
99,329,0.9293481881547683,0.000220926998736104,0.24093341827392578,True
101,313,1.6708871548568416,0.00021505199765670113,0.24093341827392578,False
102,328,0.9080779527051438,0.0002062560015474446,0.24093341827392578,True
103,389,0.4493295151083596,0.0002075099982903339,0.24093341827392578,True
104,338,0.8073705953915971,0.00021367999943322502,0.24093341827392578,False
106,354,1.1345193933955082,0.00021739699877798557,0.24093341827392578,True
107,454,0.9621045197686012,0.0002087539978674613,0.24093341827392578,True
111,109,1.2878720550054754,0.00023135700030252337,0.24093341827392578,False
113,363,0.07967632705915169,0.00020862000019405968,0.24093341827392578,True
114,81,0.12585144015607977,0.0002078199977404438,0.24093341827392578,True
116,197,0.048590691932328824,0.00022377300047082826,0.24093341827392578,True
117,96,0.47902462734023155,0.0002172639979107771,0.24093341827392578,False
120,269,1.1444257509917954,0.00022389299920178019,0.24093341827392578,True
121,64,0.2887813105603875,0.0002228010016551707,0.24093341827392578,True
123,198,0.021086268586403174,0.00022155199985718355,0.24093341827392578,True
127,96,0.5478050395949717,0.000216807999095181,0.24093341827392578,True
129,393,1.0470048397320588,0.00023013400277704932,0.24093341827392578,False
132,83,0.4554391224049274,0.00020860299991909415,0.24093341827392578,False
134,345,0.9028401310704764,0.00020711600154754706,0.24093341827392578,False
135,65,2.0504724436502406,0.00021060699873487465,0.24093341827392578,False
136,354,0.019806178872243785,0.00022081999850342982,0.24093341827392578,True
137,161,0.35066183118138494,0.00021904800087213516,0.24093341827392578,True
138,223,0.6821609956336426,0.00021321399981388822,0.24093341827392578,False
140,96,0.055217899174054556,0.0002182850003009662,0.24093341827392578,True
142,214,0.09665130455779354,0.00022127099873614497,0.24093341827392578,True
144,38,0.03579401931791742,0.0002256459993077442,0.24093341827392578,True
148,173,1.7370596109450063,0.0002352210030949209,0.24093341827392578,False
150,169,0.9698898925681578,0.00020860699805780314,0.24093341827392578,False
151,173,3.2336551666369715,0.0002822259993990883,0.24093341827392578,True
152,247,0.621000397769879,0.0002120769968314562,0.24093341827392578,True
153,138,0.3337623620238169,0.00021362000188673846,0.24093341827392578,True
154,169,1.1003612796985942,0.00020624399985536002,0.24093341827392578,False
155,344,1.6302029279896098,0.00021890599964535795,0.24093341827392578,True
156,60,1.169019609287935,0.00020965899966540746,0.24093341827392578,True
157,329,0.014942653022967458,0.00020979200053261593,0.24093341827392578,True
159,58,2.8659704805719146,0.00020851400040555745,0.24093341827392578,False
161,446,0.5176647531038242,0.00020872200184385292,0.24093341827392578,True
162,300,0.16570586232475745,0.00021973399998387322,0.24093341827392578,True
163,381,0.2961672861818863,0.00023884899928816594,0.24093341827392578,False
164,74,0.5996101170111313,0.00021198300237301737,0.24093341827392578,False
165,96,0.4505647181720221,0.00020904099801555276,0.24093341827392578,False
166,279,1.253340223485293,0.00020517500161076896,0.24093341827392578,True
167,311,0.6607366701912027,0.00020871399829047732,0.24093341827392578,False
169,175,0.9229032091634405,0.00022197399812284857,0.24093341827392578,False
172,173,1.6971459865479865,0.00021124100021552294,0.24093341827392578,True
173,269,1.644428423871202,0.00021224400188657455,0.24093341827392578,True
175,108,0.862380093236125,0.00023557900203741156,0.24093341827392578,True
178,111,0.9322762442657554,0.00020933199994033203,0.24093341827392578,False
181,175,0.3856824234651159,0.0002118780030286871,0.24093341827392578,True
182,269,0.9206740690016888,0.00020887199934804812,0.24093341827392578,False
183,197,0.8617674611280098,0.00022468799943453632,0.24093341827392578,False
185,377,3.478278734897581,0.00021088399807922542,0.24093341827392578,True
186,118,0.6449995324416865,0.00021328200091375038,0.24093341827392578,False
187,258,0.7605393985289636,0.00022348099810187705,0.24093341827392578,True
192,25,0.0841654720086842,0.0002199830014433246,0.24093341827392578,True
193,447,0.35229930290052114,0.0002082779974443838,0.24093341827392578,True
194,342,0.08591122857725045,0.0002053499993053265,0.24093341827392578,True
196,432,1.3276686515041995,0.00020951700207660906,0.24093341827392578,False
197,149,1.8022974386694455,0.0002311530006409157,0.24093341827392578,True
198,210,1.9000625643586828,0.00021086899869260378,0.24093341827392578,True
199,330,0.12329498917931463,0.00021836099767824635,0.24093341827392578,True
201,161,1.4103869652844758,0.00021475399989867583,0.24093341827392578,True
202,454,0.8982742376975743,0.00021506699704332277,0.24093341827392578,True
203,411,3.3862072457191066,0.00022999700013315305,0.24093341827392578,False
212,154,0.0888311393528266,0.00021695300165447406,0.24093341827392578,True
215,27,0.23106855581310615,0.00022088400146458298,0.24093341827392578,True
217,353,0.6507333755946612,0.00022373600222636014,0.24093341827392578,True
218,235,1.784809290172622,0.0002155760012101382,0.24093341827392578,False
221,246,0.012726905092741709,0.00020745900110341609,0.24093341827392578,True
223,57,0.1865405263710629,0.00024597900119260885,0.24093341827392578,True
226,30,1.2167566425669085,0.00022508099937113002,0.24093341827392578,False
228,39,0.6039434295371277,0.00021959700097795576,0.24093341827392578,True
235,300,0.6472234031483964,0.00021058100173831917,0.24093341827392578,True
236,60,1.4483307566974881,0.0002117869989888277,0.24093341827392578,True
237,40,0.6797131423329617,0.00021671600188710727,0.24093341827392578,False
238,334,0.566743613712771,0.00022669700047117658,0.24093341827392578,True
241,447,0.1906027302203759,0.0002075869997497648,0.24093341827392578,True
242,245,0.5251647448107571,0.00021462900258484297,0.24093341827392578,False
244,298,0.5240063678564408,0.00021879500127397478,0.24093341827392578,True
245,313,2.8622392887686448,0.00021141500110388733,0.24093341827392578,True
246,116,0.13708287403527644,0.00022020699907443486,0.24093341827392578,True
250,123,3.345097720196722,0.0002195269989897497,0.24093341827392578,True
253,29,2.2119923763959837,0.00021222400027909316,0.24093341827392578,True
254,411,2.7801394125646746,0.00021028699848102406,0.24093341827392578,False
255,157,0.35091019143042945,0.00020671500169555657,0.24093341827392578,False
256,345,0.8134266490602279,0.00020917100118822418,0.24093341827392578,False
257,311,0.4275530435714393,0.00021985400235280395,0.24093341827392578,False
260,453,0.8192787611280975,0.000257910000073025,0.24093341827392578,False
262,284,2.2689951630099117,0.00021776399808004498,0.24093341827392578,False
264,144,0.7109029219451987,0.0002222539987997152,0.24093341827392578,False
269,220,1.464164085790288,0.00021608099996228702,0.24093341827392578,True
270,74,0.5416496807544292,0.0002117160001944285,0.24093341827392578,False
276,121,0.5225605297708803,0.00022017000082996674,0.24093341827392578,True
277,279,0.09211719707042088,0.0002119939999829512,0.24093341827392578,True
279,168,129.84125087194724,0.0002162649980164133,0.24097919464111328,True
283,35,1.8121714505689177,0.0002063510000880342,0.24093341827392578,False
284,294,1.7248005829248327,0.0002180500014219433,0.24093341827392578,False
286,173,1.9654162052011908,0.00025832999745034613,0.24093341827392578,True
287,29,1.5880160754824568,0.00021392000053310767,0.24093341827392578,True
288,81,0.03202406296232447,0.00021263699818518944,0.24093341827392578,True
289,313,2.1846055368602313,0.00021120699966559187,0.24093341827392578,False
291,26,0.5150276962195509,0.00021852099962416105,0.24093341827392578,True
293,370,0.471761499048835,0.00022537900076713413,0.24093341827392578,False
294,32,2.3176869806923794,0.00020964900249964558,0.24093341827392578,False
296,214,0.020529012439994405,0.0002069870024570264,0.24093341827392578,True
298,334,1.3884684473098066,0.00021142900004633702,0.24093341827392578,True
299,313,1.7145624318731874,0.00024117100110743195,0.24093341827392578,False
300,8,0.3621682542764681,0.00022612699831370264,0.24093341827392578,False
301,111,3.480410232354528,0.00020657100321841426,0.24093341827392578,False
303,207,0.8327559566309468,0.00023835699903429486,0.24093341827392578,False
305,294,1.0481643599842763,0.00021072399977128953,0.24093341827392578,False
306,334,0.20596500195199455,0.0002210830025433097,0.24093341827392578,True
308,172,0.9023203804841725,0.00023734000205877237,0.24093341827392578,True
309,183,1.7476489661219683,0.00022529900161316618,0.24093341827392578,True
312,121,1.0965768603022485,0.00020792500072275288,0.24093341827392578,False
319,258,0.9290807388505719,0.0002476779991411604,0.24093341827392578,False
320,106,1.2746003911362058,0.00023692799732089043,0.24093341827392578,True
321,311,0.5320098129964487,0.00021260100038489327,0.24093341827392578,False
326,395,2.031340190532914,0.00021961300080874935,0.24093341827392578,False
329,419,0.8738270654865753,0.0002063430001726374,0.24093341827392578,True
330,185,0.5876538597036254,0.00021137499788892455,0.24093341827392578,True
332,248,1.870539542773483,0.00020745399888255633,0.24093341827392578,True
334,219,0.7625445173284849,0.00020793099974980578,0.24093341827392578,True
338,384,2.403633862265448,0.00020540799960144795,0.24093341827392578,True
342,155,2.478381012713506,0.00020715600112453103,0.24093341827392578,False
343,420,0.11454211493351825,0.00020975200095563196,0.24093341827392578,True
345,225,0.5736460916854538,0.00021466500038513914,0.24093341827392578,False
346,338,0.6491796662705323,0.00020941600087098777,0.24093341827392578,False
347,339,0.6175320599605268,0.00021242799994070083,0.24093341827392578,True
348,453,0.2959884831245394,0.00022016199727659114,0.24093341827392578,False
351,115,0.696129627725807,0.00021739900330430828,0.24093341827392578,True
352,410,0.407784732238318,0.0005132530022819992,0.24093341827392578,True
353,101,1.8325074203583076,0.00022274400180322118,0.24093341827392578,False
362,447,0.43665877294687294,0.00021825200019520707,0.24093341827392578,True
363,313,1.6514623133270814,0.00021154700152692385,0.24093341827392578,False
365,189,0.4299073784334999,0.0002174319997720886,0.24093341827392578,False
366,106,0.8234187725854982,0.00020718200175906532,0.24093341827392578,True
367,423,0.21975879183766509,0.00021714199829148129,0.24093341827392578,True
368,227,0.5805052467988475,0.0002109729975927621,0.24093341827392578,True
370,103,3.269022720136,0.00023087000226951204,0.24093341827392578,True
371,224,0.01638410982593006,0.00022010199973010458,0.24093341827392578,True
372,11,0.5693329504907962,0.00021466700127348304,0.24093341827392578,True
373,78,0.11388925144786968,0.000223635997826932,0.24093341827392578,True
375,414,2.610135113039103,0.0002133249981852714,0.24093341827392578,True
377,443,0.4304287105062084,0.00020714200218208134,0.24093341827392578,True
378,121,0.718769818405481,0.00020716500148409978,0.24093341827392578,False
379,220,0.41793605253340227,0.00023137200332712382,0.24093341827392578,False
380,25,0.0857691974924849,0.00022615499983658083,0.24093341827392578,True
382,64,2.1547692697039627,0.00021122500038472936,0.24093341827392578,True
384,280,0.23095892516354913,0.00022944999727769755,0.24093341827392578,False
386,248,8.049167855723583,0.00021866300085093826,0.24094104766845703,True
390,334,1.542062311537072,0.00022190899835550226,0.24093341827392578,False
391,220,0.16117292627826502,0.00020705300266854465,0.24093341827392578,True
392,320,197.76490720997674,0.00021352499970817007,0.24097919464111328,True
395,255,0.7620505121426867,0.00022134800019557588,0.24093341827392578,True
396,185,0.5957933370887203,0.00022291200002655387,0.24093341827392578,True
398,438,1.020444239849125,0.00022303099831333384,0.24093341827392578,False
399,260,1.017309514494881,0.0002134200003638398,0.24093341827392578,True
404,332,0.11049016215928134,0.0002144230020348914,0.24093341827392578,True
405,161,0.08541453470078693,0.00021025499881943688,0.24093341827392578,True
408,411,1.5915849850304746,0.00023360900013358332,0.24093341827392578,False
410,144,0.6400923632018777,0.00022480400002677925,0.24093341827392578,True
413,10,0.6265850441421056,0.00023076700017554685,0.24093341827392578,True
415,280,0.043901153068244866,0.00022188500224729069,0.24093341827392578,True
419,172,1.3510368495037408,0.00022320100106298923,0.24093341827392578,True
422,63,0.3177211561862994,0.00022596300186705776,0.24093341827392578,False
424,231,0.17628744393705717,0.00022577699928660877,0.24093341827392578,True
425,383,1.0283277906837587,0.00020684600167442113,0.24093341827392578,True
426,405,1.629492990357502,0.00020862499877694063,0.24093341827392578,True
427,196,0.5120997035878923,0.0002087439970637206,0.24093341827392578,False
429,294,1.7215728255822078,0.0002636989993334282,0.24093341827392578,False
430,384,1.4034364300466258,0.0002200819981226232,0.24093341827392578,False
435,231,0.7607578440661875,0.00020768399917869829,0.24093341827392578,False
436,313,2.2233720717158443,0.00021731499873567373,0.24093341827392578,False
440,300,0.8561363598627396,0.0002065759981633164,0.24093341827392578,True
441,446,0.6193864279103656,0.00022631399770034477,0.24093341827392578,True
447,245,1.3220295315632085,0.00023467500068363734,0.24093341827392578,False
450,224,0.7251596000221847,0.00021882600049139,0.24093341827392578,False
455,432,0.9513488775619684,0.00022117100161267444,0.24093341827392578,False
457,372,4.683411295743445,0.00021268599812174216,0.24093341827392578,False
458,334,1.5932799106484667,0.00020979900000384077,0.24093341827392578,True
460,299,0.7471598502351439,0.00021871600256417878,0.24093341827392578,True
463,265,0.20284556352166713,0.00022041199918021448,0.24093341827392578,False
464,352,0.09600186519263966,0.00022545499814441428,0.24093341827392578,True
465,345,0.7860983165316285,0.00021694600218324922,0.24093341827392578,False
468,423,0.5450456096848358,0.0002382220009167213,0.24093341827392578,False
469,245,0.7641801691815141,0.0002548179982113652,0.24093341827392578,False
471,203,0.11906139480851562,0.00021883099907427095,0.24093341827392578,True
472,269,1.0380865176541614,0.00021276299958117306,0.24093341827392578,True
473,248,4.601389202298946,0.0002060270016954746,0.24093341827392578,True
474,125,0.44910338218098267,0.00021655099772033282,0.24093341827392578,True
475,276,0.6426135720411491,0.00021314699915819801,0.24093341827392578,False
476,377,3.307269374304505,0.00022563400125363842,0.24094104766845703,True
478,231,0.1404219920849379,0.00021607799862977117,0.24093341827392578,True
480,96,0.6068660451159971,0.0002091349997499492,0.24093341827392578,True
481,276,0.951309805806415,0.00021653299700119533,0.24093341827392578,True
484,372,0.23889824727571082,0.00022585799888474867,0.24093341827392578,True
485,411,3.8736224834213537,0.00020728199888253585,0.24093341827392578,False
486,405,2.750620202495913,0.00021080800070194528,0.24093341827392578,True
487,175,0.5423292230210517,0.00020578900148393586,0.24093341827392578,False
488,60,0.2627489781666012,0.0002471370025887154,0.24093341827392578,True
489,63,0.5121351715481423,0.00020886800120933913,0.24093341827392578,False
490,454,0.7997393691792405,0.00020581500211847015,0.24093341827392578,True
491,349,0.4032240796303947,0.00020644299729610793,0.24093341827392578,True
497,407,19.540901578209663,0.00021996899886289611,0.24094104766845703,False
503,443,1.7941551866044216,0.0002171140004065819,0.24093341827392578,True
504,346,0.7266771247319299,0.00021048799681011587,0.24093341827392578,True
505,396,0.12448516478229939,0.00021925100008957088,0.24093341827392578,True
506,173,1.5517724035598985,0.0002089849986077752,0.24093341827392578,True
509,119,9.724595969004508,0.00020880500233033672,0.24093341827392578,True
510,197,0.2216851364827005,0.0002548810007283464,0.24093341827392578,False
516,280,0.3541624450515854,0.00020521500118775293,0.24093341827392578,True
517,58,0.23909371925483858,0.0002056420016742777,0.24093341827392578,True
519,329,0.34458823049114584,0.0002162119999411516,0.24093341827392578,True
520,8,0.516428000054255,0.00020809900161111727,0.24093341827392578,True
522,161,0.07988811131182307,0.00020874899928458035,0.24093341827392578,True
523,32,0.23477751707085204,0.000210782000067411,0.24093341827392578,True
524,379,0.1827004901384034,0.00021354099953896366,0.24093341827392578,True
525,71,0.6203880106488238,0.00023943300038808957,0.24093341827392578,True
527,363,1.6751523431116373,0.0002236459986306727,0.24093341827392578,False
528,296,2.1391308037630545,0.00020738400053232908,0.24093341827392578,True
529,299,2.334016589528734,0.00023080599930835888,0.24093341827392578,False
530,11,1.6301542189920635,0.00020779899932676926,0.24093341827392578,False
531,173,2.8560642392891826,0.00022327199985738844,0.24093341827392578,True
532,272,2.059454595213666,0.00021086600099806674,0.24093341827392578,False
533,173,1.7622839714118304,0.00023024599795462564,0.24093341827392578,False
534,207,0.8310515195628554,0.00021639199985656887,0.24093341827392578,True
535,44,0.21810666548873597,0.00021502399977180175,0.24093341827392578,True
537,283,1.1082183135694825,0.00022222500047064386,0.24093341827392578,True
538,63,0.30217364915267386,0.00021487000049091876,0.24093341827392578,False
539,421,0.8684999945884689,0.00020716599829029292,0.24093341827392578,True
540,197,0.7567397894718084,0.0002173489992856048,0.24093341827392578,False
542,411,4.087062105697348,0.00020722399858641438,0.24093341827392578,False
543,258,0.4131378769123011,0.0002474120010447223,0.24093341827392578,True
544,88,0.9015183525841661,0.0002095279996865429,0.24093341827392578,True
546,378,0.18516207053338476,0.00020767799651366659,0.24093341827392578,True
548,55,0.8062376413894355,0.00021079499856568873,0.24093341827392578,True
550,258,0.5884791129668412,0.00021126400315552019,0.24093341827392578,False
552,29,0.32346718987069695,0.00020460900122998282,0.24093341827392578,False
553,39,0.5792388679168138,0.00021475899848155677,0.24093341827392578,True
554,238,0.8812471006168059,0.00021558499793172814,0.24093341827392578,True
559,438,0.5364329264247791,0.00021931700030108914,0.24093341827392578,True
560,210,2.6465230263664346,0.00021021599968662485,0.24093341827392578,True
561,269,1.376774334133615,0.00021883299996261485,0.24093341827392578,True
564,116,1.4356092606516642,0.0002158250026695896,0.24093341827392578,False
565,396,12.510969306432079,0.00021439600095618516,0.24094104766845703,True
566,25,0.6634567028083744,0.00021459200070239604,0.24093341827392578,False
567,207,1.372290332122805,0.00021506600023712963,0.24093341827392578,True
569,423,0.17113791418791627,0.00020640400180127472,0.24093341827392578,True
570,88,0.8877195465123784,0.00021997200019541197,0.24093341827392578,True
574,185,0.6892958088901644,0.0002126299987139646,0.24093341827392578,False
575,95,0.4711976354770737,0.0002202440009568818,0.24093341827392578,True
580,370,1.0032689634001535,0.00020900200252071954,0.24093341827392578,False
581,458,2.791412074097127,0.00020914400010951795,0.24093341827392578,False
582,159,0.05284790776986592,0.0002116069990734104,0.24093341827392578,True
586,60,1.7652847906280509,0.00020631999723264016,0.24093341827392578,True
591,101,2.173116688551353,0.00022499500119010918,0.24093341827392578,False
593,96,0.8450758766961849,0.00021257200205582194,0.24093341827392578,False
595,386,1.0082057962955888,0.00020919400049024262,0.24093341827392578,True
597,280,0.38731831677375506,0.00020708399824798107,0.24093341827392578,False
598,386,0.5185614919878834,0.0002179789989895653,0.24093341827392578,False
600,245,1.2043869990213352,0.00020840299839619547,0.24093341827392578,False
601,183,1.8358463914846954,0.00020780100021511316,0.24093341827392578,True
606,173,2.2203009906119235,0.00020763299835380167,0.24093341827392578,True
611,23,0.41593002801524115,0.00022194099801708944,0.24093341827392578,False
612,272,0.9010658205318093,0.0002088370019919239,0.24093341827392578,False
613,392,0.8842705012833236,0.0002202460018452257,0.24093341827392578,True
615,111,1.7780460974966177,0.000222866001422517,0.24093341827392578,False
616,173,1.5881699251569306,0.0002298399995197542,0.24093341827392578,False
624,56,0.9368101447337982,0.0002154989997507073,0.24093341827392578,False
625,96,0.9080113448009516,0.00020801400023628958,0.24093341827392578,True
626,95,1.1156167925540805,0.00020973700156901032,0.24093341827392578,False
627,223,1.0615726245268182,0.00020903600307065062,0.24093341827392578,False
628,219,0.7612159403299834,0.00020823700106120668,0.24093341827392578,True
630,173,1.6316950398527537,0.0002123929989465978,0.24093341827392578,False
633,258,0.4906489156438329,0.0002927980021922849,0.24093341827392578,False
634,95,1.8472479452795871,0.0002376119991822634,0.24093341827392578,True
642,389,1.107459243852955,0.0002088330002152361,0.24093341827392578,False
643,382,1.0173728565223603,0.0002305530033481773,0.24093341827392578,True
646,115,0.1662327068375953,0.0002063569991150871,0.24093341827392578,True
647,144,0.09210245405935347,0.00023235600019688718,0.24093341827392578,True
649,153,1.6800819230629653,0.00021407299936981872,0.24093341827392578,False
651,115,1.3851600314616241,0.00020975100051146,0.24093341827392578,True
655,83,0.4915759391377546,0.0002070319969789125,0.24093341827392578,True
656,118,0.5871969324827215,0.00022876300135976635,0.24093341827392578,False
657,289,1.4546660816176191,0.00023414800307364203,0.24093341827392578,True
658,349,0.45839484084210397,0.00021037600163253956,0.24093341827392578,False
664,265,0.6392344379511012,0.0002161410011467524,0.24093341827392578,False
665,344,0.9509672365799515,0.0002269729993713554,0.24093341827392578,True
666,300,0.7218456390687388,0.0002183819997298997,0.24093341827392578,False
668,394,1.2142367402862013,0.00022755600002710707,0.24093341827392578,True
669,56,0.6282963441785702,0.00022331299987854436,0.24093341827392578,True
670,381,0.802695836565484,0.00025386299967067316,0.24093341827392578,False
672,394,0.5671024688374621,0.0002579200008767657,0.24093341827392578,True
673,322,1.2417082883814117,0.0002150229993276298,0.24093341827392578,False
675,427,0.16185838617727127,0.00020962700000382029,0.24093341827392578,True
676,234,1.2677098140293244,0.00022796299890615046,0.24093341827392578,False
677,260,2.2368848862023767,0.0003036760026589036,0.24093341827392578,False
679,454,0.4022216964155463,0.00020997499814257026,0.24093341827392578,True
681,322,1.8363593790413522,0.00021896700127399527,0.24093341827392578,False
683,396,4.958713104456992,0.0002537869986554142,0.24093341827392578,True
684,202,2.198375999859079,0.00021043000015197322,0.24093341827392578,False
685,394,1.8675088674917337,0.00022142700254335068,0.24093341827392578,True
686,288,0.05932476349142213,0.00021505499898921698,0.24093341827392578,True
688,0,0.0304158629969561,0.00021769600061816163,0.24101734161376953,True
689,382,3.392817572761048,0.00021037000260548666,0.24093341827392578,True
691,446,0.7686897554745388,0.00021862499852431938,0.24093341827392578,True
692,463,1.1829651208208631,0.00022344999888446182,0.24093341827392578,True
693,27,0.9322940873545972,0.00022142499801702797,0.24093341827392578,True
694,29,1.7679901241380045,0.00024469699928886257,0.24093341827392578,True
697,182,2.635713165757185,0.00020754399884026498,0.24093341827392578,False
698,39,0.5824123848733258,0.00045164100083638914,0.24093341827392578,True
702,411,1.5244932343889632,0.0002124109996657353,0.24093341827392578,False
706,44,0.4902761961465222,0.0002132340014213696,0.24093341827392578,False
708,332,0.38360494820533003,0.0002220940004917793,0.24093341827392578,False
709,29,1.7839497794661192,0.0002220739988842979,0.24093341827392578,True
710,108,0.6198496565605981,0.00020585200036293827,0.24093341827392578,True
713,353,0.8884535411101832,0.00022025999714969657,0.24093341827392578,False
715,394,0.9389839397133979,0.0002086829990730621,0.24093341827392578,True
718,349,0.2725071384413392,0.00021114000264788046,0.24093341827392578,True
722,349,0.44076239449782745,0.00020929000311298296,0.24093341827392578,True
723,320,19.36949858483099,0.0002175170011469163,0.24094867706298828,True
724,60,0.667865578598003,0.00020803400184377097,0.24093341827392578,True
725,108,0.6398814760014184,0.00020639699869207107,0.24093341827392578,False
727,345,0.48679440739507607,0.00022654299755231477,0.24093341827392578,True
730,32,1.207745011882013,0.00021297100101946853,0.24093341827392578,False
733,225,1.5906277766843966,0.0002131449982698541,0.24093341827392578,True
734,349,0.6248942189812612,0.00020870099979219958,0.24093341827392578,True
737,6,0.7889324628796817,0.0002566820003266912,0.24095630645751953,True
738,389,1.5377842359273508,0.0002558630003477447,0.24093341827392578,False
739,342,1.0163405388825957,0.00020687100186478347,0.24093341827392578,False
746,141,0.13422852230488444,0.00021210999693721533,0.24093341827392578,True
749,58,1.5860212691503968,0.00022438099767896347,0.24093341827392578,True
750,207,0.3345477315397075,0.00021994499911670573,0.24093341827392578,True
752,144,1.1091210159965632,0.00020745000074384734,0.24093341827392578,False
755,276,0.10065090677152728,0.00020892099928460084,0.24093341827392578,True
756,311,0.7159382437054811,0.00020662899987655692,0.24093341827392578,True
760,144,0.09900170571053916,0.00020846400002483279,0.24093341827392578,True
762,154,1.0991153682690165,0.0002182769967475906,0.24093341827392578,False
763,23,0.1263487251087851,0.00021786599972983822,0.24093341827392578,True
765,71,0.6724794339875358,0.00024149599994416349,0.24093341827392578,True
767,300,1.0891997626360308,0.0002058889986074064,0.24093341827392578,False
769,183,0.04289488133886408,0.0002495740009180736,0.24093341827392578,True
770,384,1.0935252441097252,0.00020994499936932698,0.24093341827392578,False
775,386,0.43760531317634166,0.0002266690025862772,0.24093341827392578,True
779,143,0.12449822639065752,0.000230913999985205,0.24093341827392578,True
784,235,1.046904279177587,0.00021033899975009263,0.24093341827392578,False
786,30,10.963250300909088,0.00020882000171695836,0.24093341827392578,False
789,381,0.32774937947406335,0.00022361900118994527,0.24093341827392578,False
790,69,0.665842378278489,0.00022283699945546687,0.24093341827392578,False
792,313,1.7423440285852667,0.00022110599820734933,0.24093341827392578,False
794,113,0.8869698148061774,0.00023552199854748324,0.24093341827392578,True
796,361,0.027681444085513304,0.00023411199799738824,0.24093341827392578,True
801,78,0.4476473810700778,0.0002117870026268065,0.24093341827392578,True
803,113,0.5764474008488373,0.0002093049988616258,0.24093341827392578,False
808,183,2.3650983062011477,0.00022025199723429978,0.24093341827392578,True
811,342,0.22797276808469766,0.0002204349984822329,0.24093341827392578,True
813,209,0.0832851716022986,0.00020638800197048113,0.24093341827392578,True
814,298,0.4827306346948246,0.00021231299979262985,0.24093341827392578,True
815,246,0.10696271312994378,0.00021221199858700857,0.24093341827392578,True
822,52,1.5538573099811461,0.0002073519972327631,0.24093341827392578,True
823,432,1.3401819010160352,0.0002238000015495345,0.24093341827392578,True
824,432,0.8876301288826802,0.00023258199871634133,0.24093341827392578,False
825,173,2.1341422711100604,0.00022413699844037183,0.24093341827392578,False
829,69,0.37173257035405666,0.00021000500055379234,0.24093341827392578,False
830,377,0.864242463375361,0.00020785299784620292,0.24093341827392578,True
833,223,0.893996908906787,0.0002289039985043928,0.24093341827392578,False
834,116,1.435074443596808,0.00020786400273209438,0.24093341827392578,False
835,138,0.07980251250746467,0.00020818600023631006,0.24093341827392578,True
836,36,0.1596746907005075,0.00023530199905508198,0.24093341827392578,True
840,411,2.0199567724041563,0.0002114570015692152,0.24093341827392578,False
841,137,0.7228729933351669,0.000216271000681445,0.24093341827392578,False
842,439,6.185681698159947,0.00020677399879787117,0.24093341827392578,True
843,159,0.4125903041955978,0.0002088170003844425,0.24093341827392578,True
845,12,9.232120034965748,0.0002112440015480388,0.24093341827392578,False
847,416,0.16641614895426632,0.00021891999858780764,0.24093341827392578,True
850,354,0.7036786385817598,0.0002254430000903085,0.24093341827392578,True
851,125,0.5382688008994806,0.00021042300068074837,0.24093341827392578,False
852,296,2.2097782727723847,0.00020627299818443134,0.24093341827392578,True
853,344,0.4481318137732325,0.0004403300008561928,0.24093341827392578,False
854,52,0.959689019169694,0.0002572820012574084,0.24093341827392578,True
855,348,2.2112777151425216,0.0002091450005536899,0.24093341827392578,False
857,43,0.47880638965348493,0.00021335699784685858,0.24093341827392578,False
861,235,1.6415841081680689,0.00020589399719028734,0.24093341827392578,False
863,237,0.6246545447792888,0.0002069609981845133,0.24093341827392578,True
865,260,2.407591797830652,0.00027129999944008887,0.24093341827392578,True
866,144,0.7928097292943002,0.0002154889989469666,0.24093341827392578,False
868,280,0.5337907213387347,0.00020714799757115543,0.24093341827392578,True
872,346,0.5927877569683639,0.0002349599999433849,0.24093341827392578,True
874,313,1.447554726177654,0.0002505839984223712,0.24093341827392578,False
876,381,0.6697041755088086,0.00021250799909466878,0.24093341827392578,False
877,432,1.0725879080212888,0.000217606000660453,0.24093341827392578,True
878,285,9.557120549277816,0.00020591399879776873,0.24093341827392578,True
881,269,1.6401671031505538,0.00021314200057531707,0.24093341827392578,True
882,298,0.6209306924599455,0.00021226999888313003,0.24093341827392578,True
883,283,0.7069003815736209,0.00024518899954273365,0.24093341827392578,True
884,234,1.2854905913884864,0.00020940900139976293,0.24093341827392578,True
885,284,1.2737373408394523,0.00020930200116708875,0.24093341827392578,False
886,154,0.42699277512241013,0.0002209209997090511,0.24093341827392578,False
889,111,1.5915697519104188,0.00020757799939019606,0.24093341827392578,False
890,283,1.1607467641513578,0.0002122549994965084,0.24093341827392578,True
894,10,0.8866319776839514,0.00023917699945741333,0.24093341827392578,False
896,235,0.14928838972716374,0.00021404899962362833,0.24093341827392578,True
897,194,0.9771662156982865,0.00021290499716997147,0.24093341827392578,False
898,165,1.214724431689656,0.0002611700001580175,0.24093341827392578,False
900,157,0.3129332677839685,0.00020718700034194626,0.24093341827392578,False
902,210,2.431688299868273,0.00020616500114556402,0.24093341827392578,False
903,121,1.7076248176853859,0.00021125900093466043,0.24093341827392578,False
905,69,0.14005165218619808,0.00023891800083220005,0.24093341827392578,False
906,83,0.5357373317754045,0.0002209920021414291,0.24093341827392578,False
907,411,3.286063526252112,0.00020917299843858927,0.24093341827392578,True
908,43,0.5030678435252051,0.00020879799922113307,0.24093341827392578,False
909,299,2.845049415795537,0.0002502709976397455,0.24093341827392578,False
911,361,0.10755467391473265,0.00020928600133629516,0.24093341827392578,True
912,55,8.640182779120245,0.00020870400112471543,0.24093341827392578,False
914,279,0.776613831986949,0.00021845000082976185,0.24093341827392578,True
915,219,1.1305291021595791,0.00021953400209895335,0.24093341827392578,False
919,155,2.6834494267970492,0.00021604300127364695,0.24093341827392578,True
921,30,0.1825638730502427,0.00023291499746846966,0.24093341827392578,True
922,392,2.0313098356332313,0.0002078319994325284,0.24093341827392578,False
923,342,1.238962594475354,0.00021855700106243603,0.24093341827392578,False
924,363,1.414188854155699,0.0003152350000164006,0.24093341827392578,False
926,170,0.6401839104060022,0.00022633100161328912,0.24093341827392578,False
931,32,1.1558863202084448,0.00021304899928509258,0.24093341827392578,False
932,173,2.2513353829662943,0.0002191359999414999,0.24093341827392578,False
934,329,0.6735018327873404,0.00021001999994041398,0.24093341827392578,False
935,0,0.47550677982217154,0.00021937199926469475,0.24101734161376953,True
936,348,0.6161099509859026,0.00021683899831259623,0.24093341827392578,True
938,40,0.12414342607908639,0.0002567730007285718,0.24093341827392578,True
940,411,2.854896136755598,0.0002455360008752905,0.24093341827392578,True
941,123,2.9070030774195077,0.0002123160011251457,0.24093341827392578,False
942,344,1.4752904798388555,0.00022070500199333765,0.24093341827392578,False
943,36,1.4278078945026564,0.00023233100000652485,0.24093341827392578,False
944,170,13.19280980878769,0.0002244220013380982,0.24094104766845703,False
948,203,0.4885513244827532,0.00020818000120925717,0.24093341827392578,True
949,27,0.5271388255441327,0.00021251299767754972,0.24093341827392578,True
950,269,1.6433411013035957,0.00020793500152649358,0.24093341827392578,False
953,363,1.857752128989673,0.00022707099924446084,0.24093341827392578,False
954,394,0.8835231404360804,0.00021119500161148608,0.24093341827392578,False
957,411,2.790438511613568,0.00022563200036529452,0.24093341827392578,False
958,258,0.776756226269849,0.0002092360009555705,0.24093341827392578,False
959,102,0.31897995473615787,0.00020826300169574097,0.24093341827392578,True
962,32,2.0758289097962033,0.00022701499983668327,0.24093341827392578,False
963,320,89.65374653229625,0.0002127209991158452,0.24096393585205078,True
964,88,1.9246749335235747,0.00021917200137977488,0.24093341827392578,False
966,147,31.701222579480653,0.00022710499979439192,0.24095630645751953,True
967,155,1.2922300123378665,0.00022439399981522,0.24093341827392578,False
971,284,0.5525068035691371,0.00021092099996167235,0.24093341827392578,True
974,373,1.530639846557838,0.00022112799706519581,0.24093341827392578,True
979,235,1.9506929523433123,0.00021528800061787479,0.24093341827392578,False
986,269,1.3696747769424047,0.00021403899881988764,0.24093341827392578,False
987,123,2.342570158985799,0.00025734800146892667,0.24093341827392578,False
988,255,0.2519399556746827,0.00021647899848176166,0.24093341827392578,True
990,64,1.1320194054192736,0.00022099099805927835,0.24093341827392578,False
996,88,3.0113795510370056,0.00021645000015269034,0.24093341827392578,False
997,30,1.2071930753539373,0.00022357399939210154,0.24093341827392578,False
1000,328,1.8534805676980306,0.00021024699890404008,0.24093341827392578,True
1009,339,0.03556063588423255,0.0002077549979730975,0.24093341827392578,True
1012,26,1.3084933852624658,0.0002095279996865429,0.24093341827392578,False
1013,11,1.4848958572379827,0.0002112359979946632,0.24093341827392578,True
1014,196,0.9115805418363784,0.00021243199807940982,0.24093341827392578,False
1015,138,0.2692483778850769,0.00021404700237326324,0.24093341827392578,True
1016,328,0.8243781771584382,0.0002089080007863231,0.24093341827392578,True
1017,173,1.6111730292820747,0.00020710399985546246,0.24093341827392578,True
1018,194,0.11545160749327381,0.00021483599994098768,0.24093341827392578,True
1021,183,1.0732337592825008,0.00021471199943334796,0.24093341827392578,True
1022,153,1.8533418340337153,0.0002558599990152288,0.24093341827392578,False
1023,265,0.05562512675858739,0.00020988400137866847,0.24093341827392578,True
1033,63,0.5143132863968986,0.00021005600137868896,0.24093341827392578,False
1034,345,1.5141506710395602,0.0002376830016146414,0.24093341827392578,False
1035,300,0.7314014160714266,0.00022725400049239397,0.24093341827392578,True
1036,383,1.0079747197509579,0.00021607700182357803,0.24093341827392578,True
1037,238,0.5059928316623261,0.00021002399807912298,0.24093341827392578,True
1039,258,0.7587327920252321,0.00022306100072455592,0.24093341827392578,False
1041,364,0.10546226857029,0.0002069610018224921,0.24093341827392578,True
1043,85,6.604827472766376,0.00021931900118943304,0.24093341827392578,False
1045,185,0.5126596554875705,0.00022057100068195723,0.24093341827392578,False
1046,219,0.09594281841364646,0.00021421999917947687,0.24093341827392578,True
1049,57,0.42913214530783217,0.0002097389988193754,0.24093341827392578,True
1051,69,0.3588708174949226,0.00020437499915715307,0.24093341827392578,False
1053,263,0.6700627541843144,0.000207124998269137,0.24093341827392578,False
1057,349,0.13676610812447704,0.00021128900334588252,0.24093341827392578,True
1059,111,0.17463930042121145,0.00020800100173801184,0.24093341827392578,True
1061,427,2.1089496733105646,0.00021650700000463985,0.24093341827392578,True
1064,235,2.5510606925715393,0.00022013999841874465,0.24094104766845703,True
1065,103,1.5579119632237228,0.0002154059984604828,0.24093341827392578,True
1066,108,0.03908355170804962,0.00023134000002755783,0.24093341827392578,True
1070,102,0.5204885467063496,0.00020653100000345148,0.24093341827392578,True
1071,372,4.575906171473852,0.00021629499678965658,0.24093341827392578,False
1072,223,0.1413442260755659,0.0002505859993107151,0.24093341827392578,True
1073,285,0.04898233937703205,0.00022028300008969381,0.24093341827392578,True
1077,340,2.068588224951803,0.00021174400171730667,0.24093341827392578,True
1079,173,1.7939688532868263,0.00022817900025984272,0.24093341827392578,True
1080,173,1.6165895982292455,0.00020691499958047643,0.24093341827392578,True
1081,248,0.8878036785517539,0.0002064950022031553,0.24093341827392578,True
1085,183,0.9595431912053268,0.0002252769991173409,0.24093341827392578,True
1086,407,1.8505524282985444,0.00020894199769827537,0.24093341827392578,True
1087,142,0.05969931135288789,0.00020883600154775195,0.24093341827392578,True
1088,63,0.47384321574418414,0.00020546100131468847,0.24093341827392578,True
1089,340,0.722226796723208,0.00021191599807934836,0.24093341827392578,False
1090,296,3.2350777792548793,0.00021568900046986528,0.24093341827392578,True
1095,109,1.6953876536109698,0.00024715999825275503,0.24093341827392578,False
1097,88,2.4884117070647234,0.00020777400277438574,0.24093341827392578,True
1098,56,0.05094748747082781,0.00020752699856529944,0.24093341827392578,True
1104,10,1.9543259902911299,0.00020825800311286002,0.24093341827392578,False
1108,265,0.19003469418344218,0.0002185119992645923,0.24093341827392578,False
1112,163,0.4486287476721697,0.00020950499674654566,0.24093341827392578,False
1113,170,0.9630439696645906,0.00022333300148602575,0.24093341827392578,False
1115,263,2.263537663829528,0.00020800300262635574,0.24093341827392578,False
1116,172,1.0053834052389907,0.00021546299831243232,0.24093341827392578,False
1117,100,0.3992246906997288,0.00030166500073391944,0.24093341827392578,False
1120,296,0.23476312581927333,0.00021629399998346344,0.24093341827392578,True
1124,85,0.17194400491591333,0.0002151810003852006,0.24093341827392578,True
1130,43,1.559138299132513,0.00021673800074495375,0.24093341827392578,True
1132,83,0.3199644734316998,0.00021035300233052112,0.24093341827392578,True
1133,173,3.1615377456034155,0.0002216789980593603,0.24093341827392578,True
1134,260,1.9206395083661745,0.00021724799807998352,0.24093341827392578,False
1135,345,0.45376934384370954,0.0002087319990096148,0.24093341827392578,False
1138,78,1.1825661654492707,0.00022436699873651378,0.24093341827392578,True
1139,10,1.036851742862084,0.00020855100228800438,0.24093341827392578,False
1140,356,0.18457929424647965,0.0002083569997921586,0.24093341827392578,True
1142,453,0.6195194175136415,0.00021188399841776118,0.24093341827392578,False
1143,69,0.7855376808708858,0.00020746099835378118,0.24093341827392578,True
1146,185,0.47382770705729865,0.00021114799892529845,0.24093341827392578,False
1147,109,2.6873423988883673,0.00020829500135732815,0.24093341827392578,True
1148,226,1.2759661585315096,0.00029451499722199515,0.24093341827392578,False
1149,128,0.25331251082146533,0.00020613800006685778,0.24093341827392578,False
1150,349,1.0080014953354905,0.0002072589995805174,0.24093341827392578,True
1151,12,0.3919819063960337,0.00021576699873548932,0.24093341827392578,True
1154,146,1.135400986089608,0.0002155010006390512,0.24093341827392578,True
1155,60,0.5133327748676925,0.00020510600006673485,0.24093341827392578,True
1160,405,3.109077489832722,0.00021122700127307326,0.24093341827392578,True
1162,30,0.875877641395564,0.0002114589988195803,0.24093341827392578,True
1163,88,2.036428884035343,0.00021062300220364705,0.24093341827392578,False
1164,363,0.3264787887164516,0.00020714299898827448,0.24093341827392578,True
1166,320,9.124525150029545,0.0002206780009146314,0.24093341827392578,True
1167,339,1.4565997997797744,0.0002072079987556208,0.24093341827392578,True
1171,175,0.7509145043496539,0.00020925799981341697,0.24093341827392578,True
1172,106,0.3480131804537947,0.00021077900237287395,0.24093341827392578,True
1177,210,2.160881043272803,0.00021002599896746688,0.24093341827392578,False
1178,124,1.1952568775910806,0.00020779899932676926,0.24093341827392578,False
1179,155,1.8914641769161749,0.00020987899915780872,0.24093341827392578,False
1180,247,0.22772902550940513,0.00021466799807967618,0.24093341827392578,True
1181,157,0.30416490798521223,0.0002076700002362486,0.24093341827392578,False
1182,122,0.6699057304927318,0.00024803799897199497,0.24093341827392578,True
1184,453,0.4766987472295417,0.00022662999981548637,0.24093341827392578,False
1188,411,2.75626219172725,0.00020645899712690152,0.24093341827392578,False
1191,125,0.14538596529098324,0.00022581300072488375,0.24093341827392578,True
1193,383,0.06866886238527854,0.00020770199989783578,0.24093341827392578,True
1194,32,2.4478849583598197,0.00021949599977233447,0.24093341827392578,False
1197,364,0.5654978078730482,0.00024626500089652836,0.24093341827392578,True
1198,183,0.40411666221863957,0.00021818399909534492,0.24093341827392578,True
1200,296,1.3696756273854667,0.00020770800256286748,0.24093341827392578,False
1203,164,0.6821914118558406,0.00021055799879832193,0.24093341827392578,True
1204,288,0.6263852404205837,0.0002167409984394908,0.24093341827392578,True
1205,147,7.499212313221168,0.0002144860009138938,0.24093341827392578,True
1207,449,0.3930653521869251,0.00020852599845966324,0.24093341827392578,False
1209,240,0.27531157983691346,0.0002098240001942031,0.24093341827392578,False
1212,405,2.3279230043160823,0.00023662200328544714,0.24093341827392578,False
1213,266,0.041960865853309506,0.0002319189989066217,0.24093341827392578,True
1215,409,0.10104748340833491,0.00020892999964416958,0.24093341827392578,True
1218,138,1.2325829866205347,0.00023243000032380223,0.24093341827392578,False
1220,196,0.8429144384688068,0.00020955199943273328,0.24093341827392578,False
1221,294,3.00460083007091,0.0002068150024570059,0.24093341827392578,False
1224,168,105.3979936359987,0.00021275200197123922,0.24096393585205078,True
1225,227,0.4103400199901012,0.0002168809987779241,0.24093341827392578,False
1226,344,1.119162957948784,0.0002152940032829065,0.24093341827392578,True
1227,299,1.9456035620819685,0.00021639300030074082,0.24093341827392578,False
1228,125,0.447007135884201,0.0002194580010836944,0.24093341827392578,False
1230,235,1.240875462851943,0.00022288199761533178,0.24093341827392578,False
1231,87,1.5073657433342453,0.00023603700174135156,0.24093341827392578,False
1232,101,1.1037963895166774,0.00022794499818701297,0.24093341827392578,False
1234,197,0.7281883149938033,0.00020940299873473123,0.24093341827392578,False
1236,342,0.9848990675068979,0.00022250400070333853,0.24093341827392578,False
1237,124,0.7652229324345998,0.0002079049991152715,0.24093341827392578,False
1238,64,1.7303772578586327,0.00021357299920055084,0.24093341827392578,True
1239,258,0.8729942394085555,0.00021187699894653633,0.24093341827392578,False
1243,8,0.9487017120140301,0.00021762300093541853,0.24093341827392578,True
1245,423,0.17745204762490532,0.00020694799968623556,0.24093341827392578,True
1246,348,1.3484500345684223,0.00021064899920020252,0.24093341827392578,True
1252,379,0.05180817879373569,0.00023243499890668318,0.24093341827392578,True
1254,381,0.5105086653696712,0.0002106930005538743,0.24093341827392578,False
1256,147,16.18751924938842,0.00021552099860855378,0.24094104766845703,True
1260,163,0.26828526549004755,0.00022483700013253838,0.24093341827392578,True
1261,58,3.12295340102046,0.0002449649982736446,0.24093341827392578,True
1263,389,0.3809583487285887,0.00022396699932869524,0.24093341827392578,True
1264,288,0.7412720165340532,0.00020597500042640604,0.24093341827392578,True
1268,269,1.02625907939707,0.00022524300220538862,0.24093341827392578,True
1270,296,1.0065864812897083,0.00021692500013159588,0.24093341827392578,True
1272,320,138.28550195978266,0.00021932399977231398,0.24096393585205078,True
1276,364,0.43935486357372266,0.0002386659980402328,0.24093341827392578,True
1278,300,2.379014111960556,0.000252688998443773,0.24093341827392578,True
1279,348,2.555920986106792,0.0002488169993739575,0.24093341827392578,False
1281,427,1.2671025701917766,0.00020848699932685122,0.24093341827392578,False
1287,115,1.3852404071194455,0.00020811499780393206,0.24093341827392578,True
1290,361,0.28365269458390163,0.00020979699911549687,0.24093341827392578,False
1292,106,0.10303123095029072,0.0002080609992844984,0.24093341827392578,True
1293,210,3.0838663292928845,0.00021072800154797733,0.24093341827392578,False
1294,280,0.1654121422029765,0.00022120100038591772,0.24093341827392578,True
1297,299,2.6653680259068326,0.00023648500064155087,0.24093341827392578,False
1298,159,1.1016906397906967,0.0002129480017174501,0.24093341827392578,True
1299,279,1.5106831593888286,0.000225045998377027,0.24093341827392578,False
1301,111,2.4447271981364995,0.00021562199981417507,0.24093341827392578,False
1303,342,0.1969534971996264,0.0002227830009360332,0.24093341827392578,True
1304,372,5.5813383607808875,0.0002332780022697989,0.24093341827392578,False
1307,258,0.6219474554387073,0.00021933699827059172,0.24093341827392578,False
1308,173,2.1529018762814465,0.00020996300008846447,0.24093341827392578,True
1310,235,0.8170320217757884,0.00021783400006825104,0.24093341827392578,False
1312,59,0.46392290637697253,0.0002202059986302629,0.24093341827392578,True
1313,363,0.32047206337042883,0.0002318030019523576,0.24093341827392578,True
1316,320,0.2092224917257601,0.00023494500055676326,0.24093341827392578,True
1317,353,0.08124239693953111,0.00021718200150644407,0.24093341827392578,True
1319,207,0.09011380656963901,0.00023507599689764902,0.24093341827392578,True
1323,197,0.010303614419636497,0.0002053419993899297,0.24093341827392578,True
1324,294,1.6560073698929294,0.00021244100207695737,0.24093341827392578,False
1325,175,0.6663174142730277,0.00020837199917878024,0.24093341827392578,True
1326,458,1.4475944452234684,0.0002404589977231808,0.24093341827392578,True
1327,173,2.672446006370637,0.00020656500055338256,0.24093341827392578,True
1334,101,1.3248657186059662,0.0002096680000249762,0.24093341827392578,False
1335,378,0.52256877780827,0.00021413099966594018,0.24093341827392578,False
1336,348,2.7003748991916705,0.00021904200184508227,0.24093341827392578,False
1339,234,0.6581603179188421,0.00023143299767980352,0.24093341827392578,True
1342,43,0.5100623050488127,0.0002198939982918091,0.24093341827392578,True
1343,332,0.1858249937443763,0.00021858399850316346,0.24093341827392578,False
1344,144,2.088084504275067,0.00023019400032353587,0.24093341827392578,True
1348,322,0.8436037084621879,0.00022984099996392615,0.24093341827392578,False
1351,334,0.8008266675999683,0.00021625400040647946,0.24093341827392578,True
1353,207,0.7097973607213993,0.0002253380007459782,0.24093341827392578,False
1354,116,1.4608236421807852,0.00021849299810128286,0.24093341827392578,False
1355,175,0.18889789931517917,0.00022963399896980263,0.24093341827392578,True
1356,332,0.4150248661324707,0.0002097529977618251,0.24093341827392578,True
1359,313,1.8379186747899663,0.00020890499945380725,0.24093341827392578,False
1361,173,1.899744633151098,0.00023405299725709483,0.24093341827392578,False
1362,432,0.9230185123411216,0.0002347920017200522,0.24093341827392578,False
1365,149,0.713415053141464,0.00023011099983705208,0.24093341827392578,True
1369,382,1.5432217403299129,0.00020807399778277613,0.24093341827392578,False
1370,313,0.12115370639649932,0.00021148599989828654,0.24093341827392578,True
1372,446,0.283331952075219,0.00022037899907445535,0.24093341827392578,False
1375,170,13.334513699548376,0.00022570399960386567,0.24094867706298828,False
1376,146,0.2585642982783119,0.00022260700279730372,0.24093341827392578,True
1377,234,0.9636282244129626,0.00021769600061816163,0.24093341827392578,True
1378,137,0.4100041394560677,0.00020793300063814968,0.24093341827392578,False
1383,124,1.191477461306396,0.0002211659993918147,0.24093341827392578,False
1386,141,0.5192651530747543,0.00020835599934798665,0.24093341827392578,True
1389,32,3.411606641011672,0.0002086669992422685,0.24093341827392578,False
1391,405,0.9329071621004087,0.00024027400286286138,0.24093341827392578,True
1394,58,1.9309701170619118,0.00020889299776172265,0.24093341827392578,True
1397,74,0.025960221560524858,0.0002093720031552948,0.24093341827392578,True
1398,63,0.6912968223423431,0.0002169459985452704,0.24093341827392578,False
1399,170,0.46699205246590286,0.0002201650022470858,0.24093341827392578,True
1400,69,0.35901522577067807,0.00020757599850185215,0.24093341827392578,True
1404,334,0.7079111987899447,0.00022811699818703346,0.24093341827392578,True
1406,438,0.558170299056387,0.0002114730014000088,0.24093341827392578,False
1408,128,0.21330996654422887,0.00021956800264888443,0.24093341827392578,False
1411,420,0.9487385081229242,0.0002081140009977389,0.24093341827392578,False
1414,3,0.11485568270543824,0.00020596300237230025,0.24093341827392578,True
1415,149,0.3465026264938065,0.00020747199960169382,0.24093341827392578,True
1417,214,0.5178872779114615,0.0002072019997285679,0.24093341827392578,False
1418,427,2.25325099476375,0.00022413999977288768,0.24093341827392578,True
1419,299,4.55004242172313,0.0002966940010082908,0.24093341827392578,True
1420,414,3.796611852109315,0.0002109079978254158,0.24093341827392578,False
1421,39,0.45277513024385113,0.0002172719978261739,0.24093341827392578,False
1427,407,1.0981099474433498,0.00022206699941307306,0.24093341827392578,False
1429,57,1.3443401470771192,0.00021155300055397674,0.24093341827392578,False
1432,141,0.5541381548611781,0.000212155999179231,0.24093341827392578,False
1435,96,1.2730130970823192,0.0002322629989066627,0.24093341827392578,True
1436,147,3.3561958534387117,0.00021038200065959245,0.24093341827392578,True
1437,216,2.3856076381799967,0.0002300770029250998,0.24093341827392578,True
1438,69,0.6246276848341854,0.00020871999731753021,0.24093341827392578,False
1440,96,0.7215850209897464,0.00020768499962287024,0.24093341827392578,True
1441,43,1.0344505579681835,0.00021846199888386764,0.24093341827392578,False
1442,453,0.8816719418778829,0.00023807300021871924,0.24093341827392578,False
1444,419,0.8939580926849089,0.00022237300072447397,0.24093341827392578,False
1447,77,0.017861406289532544,0.0002225279968115501,0.24093341827392578,True
1448,39,0.7146431418220773,0.00020734899953822605,0.24093341827392578,True
1450,313,2.2735102511659324,0.0002560089997132309,0.24093341827392578,False
1451,328,0.9201167680381517,0.0002307940012542531,0.24093341827392578,True
1454,438,1.053372190148379,0.00022698999964632094,0.24093341827392578,False
1456,64,2.6210252189375267,0.00022380100199370645,0.24093341827392578,True
1460,129,0.06739541411865789,0.00022576500123250298,0.24093341827392578,True
1464,224,0.40561831512787017,0.00025687800007290207,0.24093341827392578,True
1465,103,4.371505885277841,0.00021252399892546237,0.24093341827392578,False
1467,210,2.4816764966398677,0.00020822599981329404,0.24093341827392578,False
1468,163,0.5443779798439778,0.0002086770000460092,0.24093341827392578,False
1471,80,0.5660112615552955,0.00021320299856597558,0.24093341827392578,True
1472,320,120.53563438875118,0.0002344189997529611,0.24096393585205078,True
1473,414,3.1563202947596065,0.00021010099953855388,0.24093341827392578,True
1474,144,1.724685451100911,0.00021263899907353334,0.24093341827392578,False
1477,60,3.5825212133886524,0.00021806899894727394,0.24093341827392578,True
1480,447,0.8029791690088022,0.000205868996999925,0.24093341827392578,True
1482,353,0.5231253488882749,0.00020570099877659231,0.24093341827392578,True
1483,416,0.23074154478213593,0.00022687800083076581,0.24093341827392578,True
1485,10,0.9721747770433328,0.0002058179998130072,0.24093341827392578,False
1487,219,0.35872131886213793,0.00020807400142075494,0.24093341827392578,True
1492,38,0.1657016098217437,0.00020743999994010665,0.24093341827392578,True
1494,269,0.13581309293266758,0.00021774299966637045,0.24093341827392578,True
1500,313,2.0536046059806665,0.00020598199989763089,0.24093341827392578,False
1501,269,1.0430909399199475,0.00021154899877728894,0.24093341827392578,False
1505,172,0.12467447281717627,0.0002147819977835752,0.24093341827392578,True
1506,147,24.89408184384667,0.00022903499848325737,0.24094867706298828,True
1507,157,0.22914496005731466,0.0002176609996240586,0.24093341827392578,False
1508,10,1.44078790380789,0.00022288800028036349,0.24093341827392578,True
1509,405,2.2035252515442356,0.00021150300017325208,0.24093341827392578,False
1510,157,0.25822768959966735,0.00021754099725512788,0.24093341827392578,False
1511,383,0.07017870339167478,0.00024316700000781566,0.24093341827392578,True
1515,121,0.12700340062536278,0.00022192700271261856,0.24093341827392578,True
1516,173,1.1683987083191978,0.00021911500152782537,0.24093341827392578,False
1517,220,0.15781756418262277,0.0002177419992221985,0.24093341827392578,True
1519,157,0.4297582929690156,0.0002068109970423393,0.24093341827392578,True
1522,185,0.057049181565912,0.00022996800180408172,0.24093341827392578,True
1523,210,6.544504972477086,0.00021559900051215664,0.24093341827392578,False
1525,394,1.427340195199601,0.00023057699945638888,0.24093341827392578,False
1526,197,0.08015371843168567,0.0002540640016377438,0.24093341827392578,True
1530,263,1.5490964696264922,0.00021727099738200195,0.24093341827392578,False
1531,64,0.6609953562678719,0.0002215409986092709,0.24093341827392578,True
1533,458,1.2962750043330844,0.00021422300051199272,0.24093341827392578,True
1534,173,2.7756077958440533,0.0002072669994959142,0.24093341827392578,True
1535,296,3.7903494482391413,0.00020685600247816183,0.24093341827392578,True
1537,349,1.2761216410501048,0.00020757400125148706,0.24093341827392578,False
1538,394,2.613324778164455,0.00020802700237254612,0.24093341827392578,True
1539,381,0.7210095619070196,0.0002050500006589573,0.24093341827392578,True
1541,416,0.6741465131147498,0.00022421900212066248,0.24093341827392578,False
1542,235,1.8040161451502097,0.00020924800264765508,0.24093341827392578,False
1544,313,1.9848229730893496,0.00021183700300753117,0.24093341827392578,False
1545,289,1.6791713561471293,0.00020591599968611263,0.24093341827392578,False
1546,458,1.0078530935799022,0.0002073659998131916,0.24093341827392578,True
1547,405,1.1927465256231815,0.00022427499789046124,0.24093341827392578,True
1548,225,2.050111578532642,0.0002219889975094702,0.24093341827392578,False
1555,299,1.3644059607637467,0.00022074799926485866,0.24093341827392578,True
1558,173,0.7473532189533096,0.00021986099818604998,0.24093341827392578,True
1559,332,0.3982195165609653,0.0002162830023735296,0.24093341827392578,True
1561,29,2.6751411413410278,0.00021272799858707003,0.24093341827392578,True
1563,124,2.0773291156907234,0.00022038300085114315,0.24093341827392578,True
1567,30,1.4952160818981541,0.0002058200007013511,0.24093341827392578,False
1568,453,0.04392887804486703,0.00022733700097887777,0.24093341827392578,True
1569,59,0.4045279875818341,0.00020949099780409597,0.24093341827392578,False
1572,236,0.12499798214369946,0.00022099299894762225,0.24093341827392578,True
1575,342,0.9864204998457172,0.00021245200332487002,0.24093341827392578,False
1577,339,0.03712338330171292,0.00021128099979250692,0.24093341827392578,True
1580,285,0.050846251552482145,0.0002070619993901346,0.24093341827392578,True
1581,12,0.6552744615361603,0.00020470100207603537,0.24093341827392578,False
1583,149,1.8140364936355233,0.00021737999850302003,0.24093341827392578,False
1584,198,0.17726392978332003,0.00021365000065998174,0.24093341827392578,False
1585,322,0.7177618385897292,0.00020805999884032644,0.24093341827392578,True
1586,411,2.9721255300512137,0.00022407399956136942,0.24093341827392578,False
1592,378,1.1471797685594234,0.00021259999994072132,0.24093341827392578,True
1595,296,1.0657913249702509,0.0002189070000895299,0.24093341827392578,False
1596,155,1.9250429183139663,0.00021610000112559646,0.24093341827392578,True
1599,63,0.9670592554476284,0.00022849900051369332,0.24093341827392578,True
1601,175,0.3753040694337394,0.00020865800252067856,0.24093341827392578,True
1602,173,1.828410241428802,0.0002930789996753447,0.24093341827392578,True
1603,290,0.4649795174133856,0.00021811199985677376,0.24093341827392578,True
1605,0,0.09888933220381513,0.00025797000125749037,0.24101734161376953,True
1609,96,0.19361099389412792,0.0002197860012529418,0.24093341827392578,True
1613,414,3.581988232069541,0.00020646800112444907,0.24093341827392578,True
1614,189,0.4952456264553244,0.00021173499771975912,0.24093341827392578,False
1617,276,0.4121944340451241,0.0002083469989884179,0.24093341827392578,True
1618,349,0.0343600868330078,0.00020677000065916218,0.24093341827392578,True
1619,419,1.1327846991209114,0.00021606099835480563,0.24093341827392578,True
1620,194,1.0793695539898436,0.00021350200040615164,0.24093341827392578,True
1622,142,0.20294540931016405,0.00022361899755196646,0.24093341827392578,True
1625,207,1.6518905236697656,0.00020968500029994175,0.24093341827392578,True
1626,276,0.5448220650573815,0.00022025699945515953,0.24093341827392578,False
1627,235,2.197547919173919,0.00022218999947654083,0.24093341827392578,False
1629,438,0.9711555096982749,0.000212725000892533,0.24093341827392578,False
1631,298,0.6105682604755264,0.00022498700127471238,0.24093341827392578,False
1632,12,0.5220075191443505,0.0002207120014645625,0.24093341827392578,False
1633,346,1.501312187522798,0.00023596800019731745,0.24093341827392578,True
1636,373,0.6142938027500566,0.00022809000074630603,0.24093341827392578,True
1638,332,0.41782799053022307,0.00021128599837538786,0.24093341827392578,True
1639,395,1.6218372041622027,0.0002193589971284382,0.24093341827392578,True
1640,194,0.48190280467956015,0.0002081950005958788,0.24093341827392578,True
1641,389,1.9202793399077032,0.0002074980002362281,0.24093341827392578,False
1642,197,0.24843960875482846,0.0002183559990953654,0.24093341827392578,False
1643,173,2.395968032717985,0.00021112800095579587,0.24093341827392578,True
1645,263,0.7788161598285678,0.0002181309973821044,0.24093341827392578,True
1647,141,0.30218386796306984,0.000216042000829475,0.24093341827392578,False
1648,289,1.1115026512457373,0.0002477039997756947,0.24093341827392578,False
1649,100,1.926246317645315,0.00023181399956229143,0.24093341827392578,True
1650,332,0.026405192462891202,0.0002164430006814655,0.24093341827392578,True
1659,261,1.0167967739963175,0.00022469700343208387,0.24093341827392578,False
1660,64,0.8032193083164207,0.0002069629990728572,0.24093341827392578,True
1662,224,0.059460898320168175,0.00023237099958350882,0.24093341827392578,True
1664,332,0.2619101202135886,0.00021963800099911168,0.24093341827392578,False
1669,220,1.370663223572267,0.00022600899683311582,0.24093341827392578,True
1675,364,1.4423669267955577,0.0002182689968321938,0.24093341827392578,False
1676,58,3.2394875006181407,0.00020600499919964932,0.24093341827392578,True
1677,23,0.027295982664955018,0.0002204709999205079,0.24093341827392578,True
1678,394,1.138287765805486,0.00021802699848194607,0.24093341827392578,False
1680,372,0.8141216093420742,0.00021959000150673091,0.24093341827392578,True
1681,6,1.731751319899231,0.00021506399934878573,0.24095630645751953,False
1682,394,1.674704968006351,0.00033404099667677656,0.24093341827392578,False
1684,173,2.935160226502569,0.0002205519995186478,0.24093341827392578,True
1687,154,3.733367359765662,0.00021017499966546893,0.24093341827392578,False
1689,263,4.188327441748878,0.00020655499974964187,0.24093341827392578,False
1691,44,0.8622737983474188,0.0002212350009358488,0.24093341827392578,True
1697,269,0.7140688260932476,0.00021041000218247063,0.24093341827392578,True
1698,192,0.14261479963088838,0.00021183699936955236,0.24093341827392578,True
1699,235,2.2397101819547918,0.00021389300309238024,0.24093341827392578,False
1700,386,0.36242549687244696,0.00021198100148467347,0.24093341827392578,True
1702,432,1.3225648689259573,0.00021570299941231497,0.24093341827392578,False
1704,64,2.53410692134131,0.00020560399934765883,0.24093341827392578,True
1705,147,0.7687909219542154,0.00021023400040576234,0.24093341827392578,True
1709,290,1.6054359480696154,0.00021218899928499013,0.24093341827392578,False
1710,334,1.7394714255145916,0.00020856999981333502,0.24093341827392578,True
1711,39,0.7324207961914033,0.00022021499898983166,0.24093341827392578,True
1715,77,0.48978806399254016,0.00023075100034475327,0.24093341827392578,True
1716,137,0.35010960085735315,0.00021692000154871494,0.24093341827392578,True
1717,192,0.028710402458281357,0.00023484300254494883,0.24093341827392578,True
1718,44,1.2912412528680441,0.00021584999922197312,0.24093341827392578,False
1721,43,0.5520778680012004,0.00020762699932674877,0.24093341827392578,True
1722,157,0.5464927840451425,0.00023103900093701668,0.24093341827392578,True
1723,147,0.8281697920266451,0.0002170309999200981,0.24093341827392578,True
1724,219,0.3912714990211123,0.00022306200116872787,0.24093341827392578,True
1725,290,1.0447045957679277,0.00021406399901024997,0.24093341827392578,True
1727,59,0.6025045791032793,0.00021338900114642456,0.24093341827392578,False
1728,60,0.030728099987410024,0.00021640799968736246,0.24093341827392578,True
1734,196,0.4288723735076847,0.0002069689980999101,0.24093341827392578,False
1735,74,0.4417223725211647,0.00021823399947606958,0.24093341827392578,False
1737,111,1.593177914111822,0.00021236400061752647,0.24093341827392578,True
1739,197,0.1921291796769759,0.00021327899958123453,0.24093341827392578,False
1741,446,0.4803865093118367,0.00021585899958154187,0.24093341827392578,True
1742,265,0.039036476622233106,0.00020896000205539167,0.24093341827392578,True
1748,106,0.44168269024662804,0.00021529700097744353,0.24093341827392578,True
1749,258,0.1004022499617456,0.0002090090019919444,0.24093341827392578,True
1751,212,0.5763044418704248,0.0002126319996023085,0.24093341827392578,False
1753,443,0.26267391974319965,0.00024583899721619673,0.24093341827392578,True
1754,454,0.09916741683943105,0.00021036399994045496,0.24093341827392578,True
1760,236,1.4278310029140158,0.00020772999778273515,0.24093341827392578,True
1763,454,0.32601833544977094,0.00021569900127360597,0.24093341827392578,False
1765,102,0.167523306788109,0.000208992998523172,0.24093341827392578,True
1767,74,0.23395605390853205,0.00024991199825308286,0.24093341827392578,True
1768,246,0.2771631084696886,0.00020887199934804812,0.24093341827392578,False
1769,263,1.3241943864946952,0.0002125550017808564,0.24093341827392578,True
1770,157,0.2111416363961679,0.00022532499860972166,0.24093341827392578,False
1772,141,0.36311805207689773,0.00021975299750920385,0.24093341827392578,True
1773,235,1.1897632866733387,0.00021849200129508972,0.24093341827392578,False
1777,157,0.39099352179432534,0.0002185160010412801,0.24093341827392578,False
1779,260,1.8211302522825175,0.0002316209975106176,0.24093341827392578,False
1783,414,4.692237246706403,0.00020710200260509737,0.24093341827392578,True
1788,115,2.521929809975254,0.00022572400121134706,0.24093341827392578,True
1790,170,1.0477881501980761,0.00022118099877843633,0.24093341827392578,False
1791,115,2.6995449719381663,0.00021211700004641898,0.24093341827392578,True
1793,173,1.2790248277359537,0.00021565399947576225,0.24093341827392578,True
1796,57,1.316326374316523,0.00022090800121077336,0.24093341827392578,False
1797,299,3.4577313253475657,0.00020981000125175342,0.24093341827392578,True
1798,345,0.36851899638973995,0.0002473519998602569,0.24093341827392578,False
1802,313,3.0805974244708096,0.0002153959976567421,0.24093341827392578,True
1803,185,0.8354258737967077,0.000210935999348294,0.24093341827392578,True
1804,231,0.11721179748715307,0.000232402999245096,0.24093341827392578,False
1808,210,0.2502964379370603,0.00022322900258586742,0.24093341827392578,True
1812,419,1.2637161721275065,0.00020704299822682515,0.24093341827392578,False
1814,373,0.37754394666471885,0.00022421199901145883,0.24093341827392578,True
1815,300,1.286223984517914,0.00022072100182413124,0.24093341827392578,True
1818,300,0.5616600586948217,0.00022024099962436594,0.24093341827392578,True
1819,296,0.9351189001695527,0.00022937299945624545,0.24093341827392578,True
1820,269,0.5145784746178856,0.00022868800078867935,0.24093341827392578,True
1821,356,1.5671315481713606,0.0002074410003842786,0.24093341827392578,False
1822,409,0.014447778942850925,0.00020823000158998184,0.24093341827392578,True
1824,227,0.626601285748735,0.00022377899949788116,0.24093341827392578,True
1825,294,1.226802162276319,0.00021071800074423663,0.24093341827392578,False
1831,58,2.20471513711114,0.00025352000011480413,0.24093341827392578,True
1832,344,4.441251713722305,0.0002097729993693065,0.24093341827392578,False
1833,329,0.5797279733452158,0.00022325600002659485,0.24093341827392578,False
1834,83,0.5711251273658169,0.0002084359985019546,0.24093341827392578,True
1835,377,4.184662302060427,0.00021062900123069994,0.24094104766845703,True
1836,279,1.9362249927052984,0.0002584470021247398,0.24093341827392578,False
1838,96,0.6696692647412406,0.00021479699717019685,0.24093341827392578,False
1839,261,1.936396785724143,0.0002175980007450562,0.24093341827392578,False
1841,330,0.4826672258174227,0.00021605900110444054,0.24093341827392578,True
1842,430,0.882212569368075,0.00020716200015158392,0.24093341827392578,True
1843,102,0.07439765746309751,0.00020671600213972852,0.24093341827392578,True
1845,101,1.1056441151742975,0.0002342830011912156,0.24093341827392578,True
1847,32,3.1988210564739563,0.00020607300029951148,0.24093341827392578,True
1849,181,0.7762824396438667,0.0002198290021624416,0.24093341827392578,True
1850,299,1.533845025707916,0.0002486470002622809,0.24093341827392578,True
1851,64,0.766040713355943,0.000212005998037057,0.24093341827392578,False
1852,220,1.8798725892219914,0.0002437820003251545,0.24093341827392578,True
1857,379,0.38650288524356463,0.00022809400252299383,0.24093341827392578,True
1859,209,1.019473862513408,0.00021269799981382675,0.24093341827392578,False
1862,349,0.8732996184888853,0.00023197299742605537,0.24093341827392578,False
1864,300,0.6126138545166898,0.0002120669996656943,0.24093341827392578,False
1865,405,0.8337392206885758,0.00020949199824826792,0.24093341827392578,True
1867,172,1.212295396356628,0.0002180619994760491,0.24093341827392578,True
1869,231,0.15524950584859576,0.00022951700157136656,0.24093341827392578,False
1872,103,1.6623037910323115,0.0002078020006592851,0.24093341827392578,True
1873,372,3.0107266377308783,0.0002773179985524621,0.24093341827392578,False
1874,189,0.3747912817556362,0.00021571300021605566,0.24093341827392578,False
1875,349,0.6096610391540315,0.00021162000120966695,0.24093341827392578,False
1877,296,0.8155652672227827,0.00021854899750906043,0.24093341827392578,False
1879,373,1.442317040105477,0.0002088249966618605,0.24093341827392578,True
1882,370,0.6645785725368655,0.00021737199858762324,0.24093341827392578,False
1883,175,1.2640819031646457,0.00021189299877732992,0.24093341827392578,False
1884,453,0.6248058120851098,0.0002060229999187868,0.24093341827392578,False
1885,214,0.2230666994870657,0.0002292769968335051,0.24093341827392578,True
1886,214,0.39304799482994784,0.00021968199871480465,0.24093341827392578,False
1894,447,0.7428692164663716,0.00020807799955946393,0.24093341827392578,False
1896,419,1.0487052042343346,0.00021231499704299495,0.24093341827392578,False
1897,77,0.07191465479568318,0.00023254800180438906,0.24093341827392578,True
1898,52,0.6928221228801382,0.00022643900229013525,0.24093341827392578,True
1900,276,11.713856211188315,0.00022695000006933697,0.24094104766845703,True
1901,154,1.8303911325032367,0.0002314810008101631,0.24093341827392578,False
1907,234,1.0515580048956077,0.0002203089970862493,0.24093341827392578,True
1908,175,0.04448864285217831,0.00022182400061865337,0.24093341827392578,True
1909,35,2.1226710660576438,0.0002602379972813651,0.24093341827392578,False
1910,10,3.0321716920744377,0.00021956300042802468,0.24093341827392578,False
1911,363,1.32068087471513,0.00022801700106356293,0.24093341827392578,True
1912,95,1.0758236989620191,0.00021694200040656142,0.24093341827392578,True
1913,8,0.17406185242861902,0.00022273400099948049,0.24093341827392578,False
1914,77,0.2697038524722623,0.00026480800079298206,0.24093341827392578,False
1916,279,1.5322201047934687,0.0003170650015817955,0.24093341827392578,True
1917,231,0.6711525246565027,0.00021273400125210173,0.24093341827392578,False
1920,364,2.4477743524268116,0.0002976910000143107,0.24093341827392578,True
1923,294,1.6410129646356624,0.0002105329986079596,0.24093341827392578,False
1928,289,0.7186078513798793,0.0002211760001955554,0.24093341827392578,True
1937,169,1.2086446697001068,0.0002085410014842637,0.24093341827392578,False
1938,393,1.2960745933434192,0.00020872100139968097,0.24093341827392578,False
1940,96,0.5698714912979074,0.00020812499860767275,0.24093341827392578,True
1942,320,1.9853304262914675,0.00021094800104037859,0.24093341827392578,True
1943,407,1.2631405387391084,0.00020691099780378863,0.24093341827392578,False
1944,263,1.1273487843383736,0.00022703500144416466,0.24093341827392578,True
1946,227,0.8520614599612419,0.0002143340025213547,0.24093341827392578,False
1949,354,0.6394448338270463,0.00021652799841831438,0.24093341827392578,True
1951,396,10.539380077046047,0.00020967499949620105,0.24093341827392578,True
1953,138,0.270442266623248,0.00021610399926430546,0.24093341827392578,False
1956,63,0.3594200905427588,0.00020673099788837135,0.24093341827392578,False
1957,383,1.1791951093782413,0.00020634999964386225,0.24093341827392578,True
1958,345,1.621402726596319,0.00021537399879889563,0.24093341827392578,True
1959,342,1.0095178860825063,0.0002128490014001727,0.24093341827392578,False
1961,438,1.4950033143997192,0.00022015399736119434,0.24093341827392578,False
1962,235,2.4012672919120797,0.00022121200163383037,0.24093341827392578,False
1964,423,0.5899027971288229,0.000208073000976583,0.24093341827392578,False
1965,106,0.955858990808023,0.00020773400319740176,0.24093341827392578,True
1967,383,0.9742451576455053,0.00020448999930522405,0.24093341827392578,True
1969,377,0.8340892038274244,0.00022104500021669082,0.24093341827392578,True
1970,202,1.4613195563975252,0.00023150199922383763,0.24093341827392578,False
1971,198,0.3390079535252981,0.00021473399829119444,0.24093341827392578,False
1972,236,1.2830851686573759,0.00020632599989767186,0.24093341827392578,True
1973,280,0.6348853531652144,0.00021607699818559922,0.24093341827392578,False
1976,141,0.40972855422303256,0.00021292100063874386,0.24093341827392578,False
1978,407,1.577278743107522,0.0002126910003426019,0.24093341827392578,False
1981,276,0.4860266987729166,0.00021708699932787567,0.24093341827392578,False
1982,129,0.07444597871429422,0.00022986999829299748,0.24093341827392578,True
1983,137,0.7071295454152144,0.00021273499805829488,0.24093341827392578,False
1986,12,9.443520306257327,0.00020646600023610517,0.24093341827392578,False
1987,219,0.8948696592642675,0.00022043900025892071,0.24093341827392578,True
1992,69,0.2853005732775404,0.00027655899975798093,0.24093341827392578,False
1993,289,0.17167116571706453,0.00021467600163305178,0.24093341827392578,True
1995,299,1.470079770211974,0.00021279899738146923,0.24093341827392578,True
1997,381,0.5246888514437426,0.00021220299822743982,0.24093341827392578,False
1998,163,0.32338545633997523,0.0002097610013152007,0.24093341827392578,True
2001,69,1.0597944170981808,0.00021949299843981862,0.24093341827392578,False
2004,220,1.671284080310002,0.00021059099890408106,0.24093341827392578,False
2005,214,0.07562301160758772,0.00030095600232016295,0.24093341827392578,True
2010,95,0.5294512346033111,0.00021718500283895992,0.24093341827392578,False
2011,77,0.3344769210388151,0.0004729939973913133,0.24093341827392578,False
2012,124,1.2687101930659033,0.00022409099983633496,0.24093341827392578,True
2016,129,2.007205235486148,0.00021445099991979077,0.24093341827392578,True
2022,65,0.08177001176879689,0.0002266529991175048,0.24093341827392578,True
2023,260,1.8885700030290085,0.0004505889992287848,0.24093341827392578,False
2024,118,0.5707512541224442,0.00024390000180574134,0.24093341827392578,False
2025,124,1.1109937277557125,0.00020848300118814223,0.24093341827392578,False
2027,141,0.3779136666207527,0.00020543400023598224,0.24093341827392578,True
2028,12,0.5134177015284818,0.0002100790006807074,0.24093341827392578,False
2029,124,0.11381294618362175,0.00021770999956061132,0.24093341827392578,True
2032,203,1.1135147555345202,0.0002116270006808918,0.24093341827392578,True
2033,154,1.1725837978738787,0.00023248299839906394,0.24093341827392578,False
2036,235,1.974161934004202,0.00020902500182273798,0.24093341827392578,False
2037,427,1.0551674856980042,0.00020776800010935403,0.24093341827392578,True
2039,349,0.4521314216214962,0.00021696899784728885,0.24093341827392578,True
2040,446,0.9984284138334205,0.00022806799825048074,0.24093341827392578,True
2042,231,0.007919509314548719,0.0002131930014002137,0.24093341827392578,True
2045,373,0.8759622021108558,0.0002217069995822385,0.24093341827392578,True
2047,372,0.631770061360803,0.0002126990002579987,0.24093341827392578,True
2050,164,0.7703129352179321,0.00022083099975134246,0.24093341827392578,True
2054,170,0.11092017385406878,0.00021226999888313003,0.24093341827392578,True
2055,153,0.16162670005589178,0.00021816699882037938,0.24093341827392578,True
2056,105,0.6868149442438816,0.00021932900199317373,0.24093341827392578,True
2057,407,1.5085649928426694,0.00022631899992120452,0.24093341827392578,False
2061,124,1.4053369035829082,0.0002420880009594839,0.24093341827392578,False
2063,27,0.65590279473077,0.00022795499899075367,0.24093341827392578,True
2065,56,0.7746631599488137,0.0002299129992024973,0.24093341827392578,False
2069,159,0.048200480040205294,0.00025334200108773075,0.24093341827392578,True
2070,194,0.7747757716273762,0.00021280000146362,0.24093341827392578,True
2071,296,1.8850801222919604,0.00021211700004641898,0.24093341827392578,False
2073,83,0.5278324921887885,0.00021195600129431114,0.24093341827392578,False
2074,356,2.244961641871835,0.00022278000324149616,0.24093341827392578,False
2079,128,0.03215708515523719,0.00022534699746756814,0.24093341827392578,True
2083,363,1.3401792680687972,0.0002353609997953754,0.24093341827392578,True
2084,320,13.22125279159685,0.00021080699661979452,0.24094104766845703,True
2085,373,0.9071071855700571,0.0002081320017168764,0.24093341827392578,False
2086,330,0.5206467362488999,0.00022769199858885258,0.24093341827392578,True
2087,263,2.000640076993629,0.00021050500072306022,0.24093341827392578,False
2088,8,2.4076210361385524,0.00022634199922322296,0.24093341827392578,True
2089,74,0.4357491816060438,0.000219666999328183,0.24093341827392578,True
2092,378,0.7478206584737068,0.0002132419976987876,0.24093341827392578,True
2094,173,0.9318451324994543,0.000219591998757096,0.24093341827392578,True
2096,283,0.7100518708311571,0.00021157199807930738,0.24093341827392578,True
2099,56,0.4273091191983502,0.00021096300042700022,0.24093341827392578,True
2102,209,0.7986956701954582,0.00023365399829344824,0.24093341827392578,False
2103,59,2.244888200509117,0.0002092889990308322,0.24093341827392578,True
2104,183,1.2268639332124722,0.000218522000068333,0.24093341827392578,True
2105,231,0.0578831564590312,0.00021488399943336844,0.24093341827392578,True
2106,454,1.5405382074906049,0.00020978700194973499,0.24093341827392578,True
2109,191,0.15311549125501434,0.00021771000319859013,0.24093341827392578,True
2110,279,2.361983113997518,0.0002282919995195698,0.24093341827392578,False
2112,432,0.19271268140931075,0.0002114910021191463,0.24093341827392578,True
2113,238,1.3450396687288517,0.00021608899987768382,0.24093341827392578,True
2115,196,1.2619707856191367,0.00020501299877651036,0.24093341827392578,False
2117,332,0.4691567850956163,0.0002071939998131711,0.24093341827392578,False
2118,411,2.3194614742856383,0.00020929799939040095,0.24093341827392578,False
2122,415,1.0749061725841076,0.0002257960004499182,0.24093341827392578,True
2124,149,7.353601996489013,0.0002109889974235557,0.24093341827392578,False
2126,463,0.1289912321750832,0.00020723400302813388,0.24093341827392578,True
2129,356,2.4460422164666276,0.00026071300089824945,0.24093341827392578,False
2131,29,0.2838679096783494,0.0002162119999411516,0.24093341827392578,True
2136,146,1.195957941258152,0.00020842899903072976,0.24093341827392578,True
2139,101,0.10643471647024579,0.00021365200154832564,0.24093341827392578,True
2141,414,2.9681376386961733,0.0002091449969157111,0.24093341827392578,False
2142,108,0.6797456273375015,0.00021361800099839456,0.24093341827392578,True
2144,414,3.271756147161443,0.00021436699898913503,0.24093341827392578,True
2145,196,0.9012456905882591,0.00022926399833522737,0.24093341827392578,False
2146,1,1.1849040613751038,0.00021995399947627448,0.24093341827392578,True
2148,420,0.5904597056289065,0.00020909800150548108,0.24093341827392578,False
2149,405,1.3136966728463937,0.000209450998227112,0.24093341827392578,False
2156,111,0.17752725750319642,0.0002122490004694555,0.24093341827392578,True
2157,237,1.017762988841924,0.00020561600103974342,0.24093341827392578,False
2158,123,0.7571054151342774,0.00021822099733981304,0.24093341827392578,True
2167,411,3.4129840152018547,0.00021442600336740725,0.24093341827392578,False
2168,60,3.29328230934616,0.00021295799888321199,0.24093341827392578,True
2170,32,3.2326003721602694,0.00021107100110384636,0.24093341827392578,True
2175,313,1.9129010548905747,0.00020670500089181587,0.24093341827392578,False
2177,83,0.8998143165206632,0.00020794400188606232,0.24093341827392578,True
2179,296,2.3095670501103553,0.000218067998503102,0.24093341827392578,False
2181,111,0.8452359214497015,0.0002548000011302065,0.24093341827392578,False
2182,56,0.70913516988485,0.0002081259990518447,0.24093341827392578,True
2183,56,0.24353210232933176,0.00022633000116911717,0.24093341827392578,True
2185,260,2.064457113506555,0.00021259600180201232,0.24093341827392578,True
2186,103,2.112356133830264,0.00021860199922230095,0.24093341827392578,False
2188,65,0.7025507125030094,0.0002220009992015548,0.24093341827392578,True
2193,289,0.956930621149302,0.00020670300000347197,0.24093341827392578,False
2195,12,0.6194496714361691,0.00022896700102137402,0.24093341827392578,False
2197,100,0.08979146112527384,0.00020654200125136413,0.24093341827392578,True
2198,198,0.20263297736859479,0.00021242200091364793,0.24093341827392578,False
2200,419,0.08232425292349421,0.00020759800099767745,0.24093341827392578,True
2201,149,1.5414191380547588,0.0002222240000264719,0.24093341827392578,True
2205,395,1.0122838492499031,0.00023383999723591842,0.24093341827392578,True
2206,405,0.14917663580205526,0.00024630500047351234,0.24093341827392578,True
2207,124,1.4198610951462673,0.00022036500013200566,0.24093341827392578,True
2209,161,1.1448738764968844,0.00020815400057472289,0.24093341827392578,False
2212,383,0.6727475368654537,0.00020703900008811615,0.24093341827392578,True
2215,144,1.5596574832971575,0.00020608100021490827,0.24093341827392578,False
2216,405,1.4363081501104848,0.0002101540012517944,0.24093341827392578,True
2218,320,5.994031151404085,0.00020949700046912767,0.24093341827392578,True
2219,149,2.1041541922664235,0.00021319200095604174,0.24093341827392578,True
2220,289,0.15405667224383096,0.00020647600103984587,0.24093341827392578,True
2222,8,0.14501427872214653,0.00020603400116669945,0.24093341827392578,False
2226,223,2.230080003964291,0.00020820800273213536,0.24093341827392578,False
2229,296,2.2172248077560224,0.00021639500118908472,0.24093341827392578,False
2231,8,2.076216973020745,0.00021739299700129777,0.24093341827392578,True
2235,64,0.8338561405728617,0.00021105000269017182,0.24093341827392578,True
2236,348,1.9753069433121955,0.0002331140021851752,0.24093341827392578,False
2240,328,0.7598586978781244,0.00020686000061687082,0.24093341827392578,False
2241,147,0.1963524677868738,0.00021236400061752647,0.24093341827392578,True
2244,60,2.8189557634940043,0.00020717499864986166,0.24093341827392578,True
2245,379,0.880273480728414,0.00020652899911510758,0.24093341827392578,True
2246,52,0.5862461661872345,0.00023236400011228397,0.24093341827392578,True
2247,236,0.9763396335862993,0.00020755999867105857,0.24093341827392578,True
2253,111,1.36069100841046,0.00021520199879887514,0.24093341827392578,False
2254,191,0.145756699891595,0.0004116400014027022,0.24093341827392578,True
2255,269,1.1771825058017733,0.0002195330016547814,0.24093341827392578,True
2257,381,0.6297740653734182,0.00020904099801555276,0.24093341827392578,True
2258,80,0.1354826772830565,0.00021400200057541952,0.24093341827392578,True
2259,329,0.8073411774496178,0.00020630399740184657,0.24093341827392578,True
2262,183,0.8947026956241525,0.00021057299818494357,0.24093341827392578,True
2263,332,0.4424582027372039,0.00021723200188716874,0.24093341827392578,False
2265,415,0.5260378229338493,0.00020573399888235144,0.24093341827392578,True
2266,95,1.188784651967361,0.00020924199998262338,0.24093341827392578,False
2267,128,0.13741830238573746,0.0002064059990516398,0.24093341827392578,True
2268,173,1.7691398690457993,0.0002127170009771362,0.24093341827392578,False
2269,23,0.3131474371457583,0.00020826400213991292,0.24093341827392578,True
2270,296,0.4761712952740723,0.00021009499687352218,0.24093341827392578,False
2271,185,0.38817973998006383,0.00020867399871349335,0.24093341827392578,False
2272,197,0.13287899059550606,0.00024190700059989467,0.24093341827392578,True
2274,39,0.5457615381787007,0.00022298299882095307,0.24093341827392578,True
2275,316,0.6385563126571281,0.00021230200218269601,0.24093341827392578,True
2276,415,0.2808719376208487,0.00020837600095546804,0.24093341827392578,False
2277,220,1.3596698012152884,0.00021243500304990448,0.24093341827392578,True
2278,394,1.027551258928156,0.00022161099695949815,0.24093341827392578,False
2279,261,1.580251373434163,0.00022833000184618868,0.24093341827392578,True
2281,196,0.7955393551087407,0.00021502000163309276,0.24093341827392578,False
2284,269,0.621317920299304,0.00022066599922254682,0.24093341827392578,True
2285,430,0.4142999479872139,0.00020557799871312454,0.24093341827392578,False
2287,394,1.2574102126150737,0.00022825399719295092,0.24093341827392578,True
2290,109,0.1694978961532509,0.00021833199934917502,0.24093341827392578,True
2291,64,1.7277050505559837,0.000205518001166638,0.24093341827392578,True
2295,389,0.11010780788575626,0.00021801299953949638,0.24093341827392578,True
2296,32,3.954974983119394,0.00020625699835363775,0.24093341827392578,False
2297,173,1.2530617048352626,0.00020790599955944344,0.24093341827392578,True
2298,356,1.750823677190515,0.00022395700216293335,0.24093341827392578,True
2299,370,0.32012206294160406,0.00021110599845997058,0.24093341827392578,True
2302,124,0.799615708031853,0.00020749200120917521,0.24093341827392578,False
2303,103,1.2883511722946177,0.00022297499890555628,0.24093341827392578,False
2305,446,0.34767786697230946,0.00022745199748896994,0.24093341827392578,True
2307,235,2.2498350495180737,0.0002475689980201423,0.24093341827392578,True
2309,416,0.4051964516307203,0.0002097430005960632,0.24093341827392578,True
2312,235,2.2855568812159692,0.00020763599968631752,0.24093341827392578,False
2315,192,0.03259886751338637,0.00021676899996236898,0.24093341827392578,True
2316,298,0.4486251121611316,0.0002165850019082427,0.24093341827392578,True
2317,382,4.716737705272771,0.00021707599807996303,0.24093341827392578,True
2319,108,0.9499677456552326,0.00020778399994014762,0.24093341827392578,True
2320,415,0.13050976985098642,0.00020732000120915473,0.24093341827392578,True
2321,125,0.014175376794783248,0.00021955600095679983,0.24093341827392578,True
2325,283,0.692444172408973,0.00022250599795370363,0.24093341827392578,False
2326,416,0.04766946791684867,0.00021972099784761667,0.24093341827392578,True
2327,415,0.9764639004076304,0.00020560900156851858,0.24093341827392578,True
2328,161,0.5783042084020094,0.00020469399896683171,0.24093341827392578,False
2332,109,0.6990911005915648,0.00020659700021496974,0.24093341827392578,True
2334,361,0.030250542525690847,0.00021963700055493973,0.24093341827392578,True
2336,74,0.10362866223932854,0.0002222340008302126,0.24093341827392578,True
2339,342,0.8300786472063105,0.0002147330014850013,0.24093341827392578,False
2340,164,1.882882339825579,0.00022090400307206437,0.24093341827392578,False
2341,27,0.4066915203104035,0.0002085129999613855,0.24093341827392578,True
2343,235,0.9767478977945784,0.00022026400256436318,0.24093341827392578,False
2345,342,0.2966801607643436,0.00020870799926342443,0.24093341827392578,True
2346,220,0.648178115616075,0.000253068999882089,0.24093341827392578,True
2347,247,0.6721502218343612,0.00021632499920087866,0.24093341827392578,True
2348,157,0.4021310011092222,0.00020847700216108933,0.24093341827392578,False
2349,173,2.2087875695105437,0.00021403899881988764,0.24093341827392578,True
2351,414,3.1638399956240657,0.0002119450000463985,0.24093341827392578,False
2352,272,0.3906031722751481,0.00021208199905231595,0.24093341827392578,True
2354,296,0.577350978443128,0.00022245199943426996,0.24093341827392578,False
2357,283,0.1219827208890459,0.00022076800087234005,0.24093341827392578,True
2358,219,0.7728936299843021,0.00020702400070149451,0.24093341827392578,True
2360,300,0.42512063871324096,0.0002482900017639622,0.24093341827392578,True
2362,411,0.8133750299879967,0.0002298520012118388,0.24093341827392578,True
2364,288,0.3824437850955292,0.00020746000154758804,0.24093341827392578,False
2365,279,1.8182346037886097,0.0002052489980997052,0.24093341827392578,False
2366,383,0.277054767750799,0.00021501200171769597,0.24093341827392578,True
2369,198,0.618830655783366,0.0002595920013845898,0.24093341827392578,False
2370,430,1.0301189022410633,0.00021732800087193027,0.24093341827392578,True
2372,438,0.5069773158754766,0.00021576899962383322,0.24093341827392578,True
2374,207,0.5550624985069837,0.00020511399998213165,0.24093341827392578,False
2375,43,2.4319824613828094,0.00022886399892740883,0.24093341827392578,False
2376,74,0.49075814795809986,0.00022101099966675974,0.24093341827392578,False
2377,449,0.34148024554900097,0.00023391200011246838,0.24093341827392578,False
2382,300,1.0312689766344851,0.00020864299949607812,0.24093341827392578,True
2384,23,0.029420360810631006,0.0002100180026900489,0.24093341827392578,True
2387,294,1.903345403242497,0.00021370900140027516,0.24093341827392578,False
2388,103,2.108720460092939,0.00022847299987915903,0.24093341827392578,False
2389,294,1.833528195597139,0.00021423799989861436,0.24093341827392578,True
2393,125,0.0497674916617019,0.00022749300114810467,0.24093341827392578,True
2397,97,1.719811024295143,0.0002072079987556208,0.24093341827392578,False
2400,279,1.983016959536301,0.0002704439975786954,0.24093341827392578,True
2402,202,0.6511400071614776,0.00020897799913655035,0.24093341827392578,True
2403,261,0.8830525898367663,0.0002347369991184678,0.24093341827392578,True
2408,276,10.795879250524516,0.00021037799888290465,0.24093341827392578,True
2411,181,0.12980098149200264,0.00022100899877841584,0.24093341827392578,True
2414,102,0.17234441526045122,0.00021064500106149353,0.24093341827392578,True
2415,446,0.6489558988224057,0.0002158350034733303,0.24093341827392578,False
2418,419,0.8244700151869427,0.0002185200028179679,0.24093341827392578,False
2422,159,0.7195714062595138,0.00020682399917859584,0.24093341827392578,True
2423,299,1.859556737743069,0.00020903000040561892,0.24093341827392578,True
2424,95,0.6428904707649461,0.00022287699903245084,0.24093341827392578,False
2427,102,0.018350877184893786,0.00020985300216125324,0.24093341827392578,True
2428,263,0.6645360655831118,0.00022765700123272836,0.24093341827392578,False
2429,411,0.20688027925136965,0.0002222459988843184,0.24093341827392578,True
2431,26,0.863029498189156,0.000217036998947151,0.24093341827392578,False
2433,234,0.8456527550189856,0.0002263530004711356,0.24093341827392578,False
2434,103,0.7706468694912605,0.00022112499937065877,0.24093341827392578,False
2435,346,0.6688324675947648,0.00027031900026486255,0.24093341827392578,True
2436,427,0.4893333665549767,0.00021729699801653624,0.24093341827392578,True
2438,269,0.14942255622819775,0.0002180400006182026,0.24093341827392578,True
2440,411,3.5066260628034542,0.00022508399706566706,0.24093341827392578,False
2441,300,0.9504241815702807,0.00022211800023796968,0.24093341827392578,True
2448,196,0.8143094306907267,0.00021106900021550246,0.24093341827392578,False
2449,389,1.0330976915494732,0.0002728730032686144,0.24093341827392578,False
2451,12,0.753293953228705,0.00020544400103972293,0.24093341827392578,False
2452,12,0.7473174595967296,0.00021004600057494827,0.24093341827392578,False
2454,56,0.923553301127688,0.00021011799981351942,0.24093341827392578,True
2457,384,1.2164724569231244,0.00022167399947647937,0.24093341827392578,False
2458,378,0.18340511875809923,0.00020961799964425154,0.24093341827392578,True
2460,23,0.721156016845302,0.0002202319992647972,0.24093341827392578,False
2461,116,0.6051437191342276,0.0002124940001522191,0.24093341827392578,False
2465,379,0.4878800089678821,0.0002086770000460092,0.24093341827392578,True
2467,377,1.956486057622315,0.00023547399905510247,0.24093341827392578,True
2468,348,2.0643641018519605,0.00024044100064202212,0.24093341827392578,False
2469,394,1.3008169982894195,0.0002190670020354446,0.24093341827392578,False
2473,301,2.7113451147620182,0.00021740100055467337,0.24093341827392578,False
2474,32,1.8241845564162877,0.0002141270015272312,0.24093341827392578,True
2476,25,0.3424803671208064,0.0002327839974896051,0.24093341827392578,True
2477,260,1.8350540748049908,0.00020904700068058446,0.24093341827392578,False
2478,346,1.150178776473519,0.0002057940000668168,0.24093341827392578,True
2479,226,1.3242911821826127,0.00020840400247834623,0.24093341827392578,False
2480,108,1.11358167624277,0.0002114930030074902,0.24093341827392578,False
2481,243,0.4412757100447966,0.00021484499666257761,0.24093341827392578,True
2483,265,0.010445905420326149,0.0002203250005550217,0.24093341827392578,True
2484,411,3.3589980939103454,0.00020938099987688474,0.24093341827392578,False
2489,392,0.22513668645697318,0.0002601990017865319,0.24093341827392578,True
2491,161,0.6413670117534839,0.00020886099810013548,0.24093341827392578,False
2494,377,3.8339699748256417,0.00020694200065918267,0.24093341827392578,False
2499,105,0.17047661435310832,0.00022412899852497503,0.24093341827392578,True
2501,153,1.8730050107756806,0.0002172009990317747,0.24093341827392578,True
2503,288,0.015676101680402246,0.00021263899907353334,0.24093341827392578,True
2504,197,0.1943557844621753,0.0002116049981850665,0.24093341827392578,True
2507,183,0.33261816200405636,0.0002194680018874351,0.24093341827392578,True
2508,430,0.4761982107246078,0.00020787099856534041,0.24093341827392578,False
2509,29,2.2084836214383072,0.00020787000175914727,0.24093341827392578,False
2515,154,3.5989589033922322,0.00021734600159106776,0.24093341827392578,False
2518,263,2.171806386457122,0.0002247420015919488,0.24093341827392578,False
2520,234,1.3966666451246805,0.00021363999985624105,0.24093341827392578,False
2523,106,2.1531313662025564,0.00021029699928476475,0.24093341827392578,True
2524,103,0.2792218854341819,0.00020743399727507494,0.24093341827392578,True
2527,419,0.7727232368425705,0.00023128500106395222,0.24093341827392578,False
2530,173,3.190145548696441,0.00020913399930577725,0.24093341827392578,True
2531,265,0.13399959497020647,0.0002085880005324725,0.24093341827392578,False
2532,348,0.9609814451442122,0.00020598199989763089,0.24093341827392578,True
2535,196,1.3253171018573697,0.00020516600125120021,0.24093341827392578,False
2537,289,1.5416239751432388,0.00022376799824996851,0.24093341827392578,False
2538,154,0.08039874368900896,0.00020482799664023332,0.24093341827392578,True
2540,71,0.8819758519746786,0.00020577800023602322,0.24093341827392578,True
2541,196,0.5200728738908156,0.00021126399951754138,0.24093341827392578,True
2545,299,1.572198283522555,0.0002129240019712597,0.24093341827392578,False
2546,115,3.1659863998785576,0.00022188200091477484,0.24093341827392578,True
2548,382,1.5351741139636546,0.00024291299996548332,0.24093341827392578,False
2549,234,2.6481724107035816,0.00021958700017421506,0.24093341827392578,False
2551,329,0.5136585136689702,0.0002144229983969126,0.24093341827392578,True
2552,345,0.8620713839812599,0.00021236999964457937,0.24093341827392578,False
2553,149,1.5211601319689092,0.0002074389994959347,0.24093341827392578,False
2554,173,1.532389060207737,0.00020657099958043545,0.24093341827392578,False
2555,386,0.6464622705526506,0.0002095099989674054,0.24093341827392578,True
2556,224,0.08866498436230116,0.00020749699979205616,0.24093341827392578,True
2557,197,0.22874365053887266,0.0002117889998771716,0.24093341827392578,False
2558,299,0.7475945387650256,0.00020797500110347755,0.24093341827392578,True
2559,427,3.1018636880734998,0.0002167570019082632,0.24093341827392578,True
2560,137,0.31291024756316277,0.00021121000099810772,0.24093341827392578,False
2563,153,1.8521065460107446,0.00022138400163385086,0.24093341827392578,False
2565,59,1.4554812464388334,0.00024871799905668013,0.24093341827392578,True
2566,356,6.288768696521687,0.00020885599951725453,0.24093341827392578,False
2570,40,0.11305025732725459,0.0002078950019495096,0.24093341827392578,True
2571,349,1.0312347099740253,0.00020833300004596822,0.24093341827392578,False
2576,194,0.7968611616536849,0.00021770099920104258,0.24093341827392578,False
2577,384,0.1880061653768329,0.00020962599955964833,0.24093341827392578,True
2579,106,1.5545634854785328,0.00024074199973256327,0.24093341827392578,True
2582,384,1.3530291904564635,0.00021537599968723953,0.24093341827392578,True
2584,392,2.2540263645978857,0.00021161599943297915,0.24093341827392578,False
2585,26,0.60372926685549,0.000208917997952085,0.24093341827392578,False
2586,263,2.0316114567045847,0.00023087299996404909,0.24093341827392578,False
2587,105,0.8117744618606036,0.00021458000264829025,0.24093341827392578,True
2588,83,0.44744999050957623,0.00020773200230905786,0.24093341827392578,True
2589,409,0.0648853741345195,0.00021933099924353883,0.24093341827392578,True
2591,40,0.5826492704324021,0.0002366110020375345,0.24093341827392578,False
2592,338,0.10214114649321006,0.00020815199968637899,0.24093341827392578,True
2593,41,2.1310489385800073,0.00025864000053843483,0.24093341827392578,False
2597,147,45.46422939924758,0.0002109729975927621,0.24097156524658203,True
2599,443,2.390485697289519,0.00022549699860974215,0.24093341827392578,True
2606,52,0.8909403413576888,0.0002286099988850765,0.24093341827392578,True
2607,169,1.0235263675114175,0.00022118400011095218,0.24093341827392578,True
2611,288,0.9123480958963649,0.0002220070018665865,0.24093341827392578,True
2616,328,0.676269531517836,0.00023025699920253828,0.24093341827392578,True
2617,10,2.102732727989447,0.0005544260020542424,0.24093341827392578,True
2618,77,0.24774146842717193,0.00022760999854654074,0.24093341827392578,False
2620,340,1.0228649550621167,0.00020677700013038702,0.24093341827392578,False
2622,423,0.3857949585580644,0.00021969199951854534,0.24093341827392578,True
2624,128,1.005618938113146,0.00020670899903052486,0.24093341827392578,False
2625,340,1.4659235434203255,0.00020850600049016066,0.24093341827392578,False
2629,121,1.8257706081107783,0.00020915799905196764,0.24093341827392578,False
2630,106,1.0577224315556875,0.00020778999896720052,0.24093341827392578,True
2632,119,4.131170725075559,0.0002190630002587568,0.24093341827392578,True
2634,194,1.0430245188039229,0.00023093499839887954,0.24093341827392578,True
2636,97,0.13287047360460838,0.0002301380009157583,0.24093341827392578,True
2639,8,0.12451035601962356,0.00021075499898870476,0.24093341827392578,True
2640,161,1.071834290821443,0.00026638600320438854,0.24093341827392578,True
2644,161,0.6657046235759693,0.0002174299988837447,0.24093341827392578,False
2646,1,1.1178241377454623,0.00021280399960232899,0.24093341827392578,True
2648,103,3.4549306612478947,0.00021604300127364695,0.24093341827392578,False
2649,313,1.9001205279856501,0.00021595400176011026,0.24093341827392578,False
2652,432,0.8836631809888951,0.00021608099996228702,0.24093341827392578,True
2653,407,0.6577329369373408,0.00021054000171716325,0.24093341827392578,True
2655,419,0.5964390780622799,0.00020759399922098964,0.24093341827392578,False
2658,212,0.6317997580150291,0.00021786800061818212,0.24093341827392578,True
2659,353,0.5855479897961341,0.00021115200070198625,0.24093341827392578,False
2661,284,0.42560602920675,0.00021623299835482612,0.24093341827392578,False
2662,466,1.2187947142710587,0.000209672001801664,0.24093341827392578,False
2665,409,0.012117450641563669,0.0002093900002364535,0.24093341827392578,True
2666,170,0.9410445689695466,0.00020877499991911463,0.24093341827392578,True
2668,87,1.6118947467182478,0.00020878199939033948,0.24093341827392578,False
2669,394,2.146206599163019,0.00023323800269281492,0.24093341827392578,True
2670,181,0.7486105995939796,0.0002076739983749576,0.24093341827392578,True
2671,23,0.33008923406155527,0.00020799500271095894,0.24093341827392578,False
2672,95,0.9900949608555889,0.00026251999952364713,0.24093341827392578,False
2673,103,0.10295966038106369,0.000225807998504024,0.24093341827392578,True
2680,183,0.9757725042371017,0.0002089059998979792,0.24093341827392578,True
2681,111,2.745794600153521,0.00022195700148586184,0.24093341827392578,False
2684,113,0.49520002209251657,0.00021343800108297728,0.24093341827392578,False
2685,396,3.9581245872406616,0.0002294000005349517,0.24093341827392578,True
2689,137,1.9083715059079724,0.0002082760001940187,0.24093341827392578,False
2690,39,0.02506070202560004,0.00021058299898868427,0.24093341827392578,True
2691,427,0.6391323362416597,0.00021130599998286925,0.24093341827392578,True
2695,260,2.3207883352947754,0.00020629299979191273,0.24093341827392578,False
2696,369,1.741400736619135,0.00023286799842026085,0.24093341827392578,True
2697,138,0.45161288180433945,0.00022833800176158547,0.24093341827392578,False
2698,346,0.3092619661639325,0.00020807400142075494,0.24093341827392578,True
2700,296,3.2419132914994733,0.00020536999727482907,0.24093341827392578,True
2703,419,0.7270130270224009,0.00021445600214065053,0.24093341827392578,True
2706,183,0.7344999660939718,0.00022059399998397566,0.24093341827392578,True
2708,299,3.9035442060179215,0.00021064899920020252,0.24093341827392578,True
2709,235,2.762376482924307,0.00020856500123045407,0.24093341827392578,False
2711,345,0.10715879229389928,0.0002067259993054904,0.24093341827392578,True
2713,124,1.1261574822118234,0.00023172799774329178,0.24093341827392578,False
2715,183,0.9178656441544467,0.00020769199909409508,0.24093341827392578,True
2716,224,0.7654791073675609,0.00020949700046912767,0.24093341827392578,True
2722,71,1.638319936445776,0.00023304999922402203,0.24093341827392578,True
2727,100,0.856336295658278,0.0002069590009341482,0.24093341827392578,False
2728,56,0.4221604419703783,0.0002082760001940187,0.24093341827392578,False
2729,258,0.3554804362302448,0.00022378700305125676,0.24093341827392578,True
2731,35,1.5946804022927812,0.00020902599862893112,0.24093341827392578,False
2732,60,0.12033779291745511,0.0002149620013369713,0.24093341827392578,True
2734,382,2.186119836616377,0.00022911899941391312,0.24093341827392578,False
2736,453,0.040280259720893496,0.0002164530014852062,0.24093341827392578,True
2740,1,0.10417373198000365,0.00022532900038640946,0.24093341827392578,True
2741,438,1.5514365747260008,0.00020893400142085738,0.24093341827392578,True
2743,332,0.2652894454526445,0.0002456049987813458,0.24093341827392578,False
2744,393,0.555422053732357,0.00021093100076541305,0.24093341827392578,False
2749,143,0.1209123103828888,0.00020980099725420587,0.24093341827392578,True
2752,357,1.4449049121457578,0.00021671799913747236,0.24093341827392578,True
2755,149,0.08059830740170042,0.0002073519972327631,0.24093341827392578,True
2756,294,2.1042138311740324,0.00021906399706494994,0.24093341827392578,False
2760,363,0.08063716850176285,0.0002117489966622088,0.24093341827392578,True
2761,144,0.41240701485809206,0.00023320499894907698,0.24093341827392578,True
2765,173,1.7530603772839366,0.00020714399943244644,0.24093341827392578,True
2768,58,0.9827996410364472,0.00020569299886119552,0.24093341827392578,True
2769,78,1.1898524491253943,0.0002163580029446166,0.24093341827392578,True
2770,137,1.2183543460317272,0.00021191600171732716,0.24093341827392578,False
2771,77,0.33281611117039706,0.00024243900043074973,0.24093341827392578,False
2773,39,0.40870036835211887,0.00020863399913650937,0.24093341827392578,False
2774,458,0.3993272909727651,0.00020777800091309473,0.24093341827392578,True
2775,427,0.7362753709859482,0.00021774500055471435,0.24093341827392578,True
2777,300,1.4812066943832154,0.00021314200057531707,0.24093341827392578,False
2778,288,0.5671748466260876,0.00021741000091424212,0.24093341827392578,True
2779,261,2.2259484322273018,0.0002066369997919537,0.24093341827392578,False
2785,175,0.7650050413629094,0.00022946000171941705,0.24093341827392578,True
2786,128,0.7207342511356736,0.00020905099881929345,0.24093341827392578,False
2788,119,7.303653003510256,0.00031442200270248577,0.24093341827392578,True
2790,298,0.5623227077159367,0.0002110169989464339,0.24093341827392578,True
2792,88,2.0454482743169513,0.00020700000095530413,0.24093341827392578,True
2795,153,1.1214697320950984,0.00024384199787164107,0.24093341827392578,False
2798,32,3.9720645572344324,0.00021035499958088621,0.24093341827392578,False
2800,345,1.0871167889503208,0.00020438000137801282,0.24093341827392578,False
2805,234,1.7869104965427087,0.00098565900043468,0.24093341827392578,True
2809,234,0.9753127320074947,0.00021537700013141148,0.24093341827392578,False
2810,285,0.4804581221429826,0.00020632399900932796,0.24093341827392578,True
2815,446,0.6129730278371595,0.00020778199905180372,0.24093341827392578,True
2816,74,0.026318507525180286,0.00021564000053331256,0.24093341827392578,True
2817,382,1.0507788612388613,0.00021516099877771921,0.24093341827392578,True
2819,405,1.7376452621253784,0.000221800000872463,0.24093341827392578,False
2820,69,1.164442508222396,0.00021446200116770342,0.24093341827392578,False
2821,77,0.017874183192837383,0.00022223300038604066,0.24093341827392578,True
2824,231,0.35178578782034375,0.00021169299725443125,0.24093341827392578,True
2825,338,0.4501212867477437,0.00022382500173989683,0.24093341827392578,True
2827,236,0.45065256335165094,0.00021652699797414243,0.24093341827392578,True
2828,227,0.9277177946146846,0.0002275950027978979,0.24093341827392578,False
2832,342,0.15646937952534928,0.00022741499924450181,0.24093341827392578,True
2835,108,0.1819475515525679,0.00020990200209780596,0.24093341827392578,True
2836,203,0.10848428109675429,0.0002078949983115308,0.24093341827392578,True
2837,168,154.21311513058916,0.00022353600070346147,0.24097919464111328,True
2845,296,2.3069808493788204,0.0002245860014227219,0.24093341827392578,False
2846,432,1.1708694968302529,0.00020936299915774725,0.24093341827392578,False
2847,129,0.3082602721697531,0.00021230700076557696,0.24093341827392578,True
2848,194,0.4191932052085734,0.0002429289997962769,0.24093341827392578,True
2851,197,0.7021118172134921,0.0002092870017804671,0.24093341827392578,False
2852,344,0.7059338764425945,0.00020791800125152804,0.24093341827392578,False
2854,43,1.317998041497146,0.00020676400163210928,0.24093341827392578,False
2855,172,0.7042213883283034,0.00020668999786721542,0.24093341827392578,True
2857,169,0.8362799914064143,0.0004492250009207055,0.24093341827392578,True
2858,414,3.928620385740247,0.00022374800028046593,0.24093341827392578,True
2859,443,1.2980425740188968,0.00021203899814281613,0.24093341827392578,True
2861,69,0.5235964795101303,0.00023243199757416733,0.24093341827392578,True
2863,149,2.125578889052662,0.0002273639984196052,0.24093341827392578,False
2864,382,2.862665677743262,0.00021716599803767167,0.24093341827392578,False
2866,284,2.565414352202894,0.00022849100059829652,0.24093341827392578,False
2868,231,0.11896278323034348,0.00020857499839621596,0.24093341827392578,False
2869,224,0.12287793155132525,0.0002290839984198101,0.24093341827392578,True
2870,119,6.191979339507507,0.00022238900055526756,0.24093341827392578,True
2871,39,0.10376701282446574,0.00021423300131573342,0.24093341827392578,True
2872,113,0.9957615665826766,0.00022178999643074349,0.24093341827392578,True
2874,173,2.202366909005769,0.00021664200176019222,0.24093341827392578,True
2875,64,1.4840845383343964,0.00023475600028177723,0.24093341827392578,True
2877,394,2.084389000804017,0.0002081460006593261,0.24093341827392578,True
2881,96,0.9169146626049087,0.00022002499827067368,0.24093341827392578,False
2890,284,0.15553918240226192,0.0002072120005323086,0.24093341827392578,True
2891,128,1.2365319841300801,0.00021310299780452624,0.24093341827392578,True
2893,113,0.3002248242139265,0.00020661599774030037,0.24093341827392578,True
2895,235,2.1929611314957933,0.00023817500186851248,0.24093341827392578,True
2896,409,0.31903123838909303,0.00020616500114556402,0.24093341827392578,True
2900,345,2.2590625260782,0.00024412700076936744,0.24093341827392578,False
2903,432,0.44351379291621346,0.0002065820008283481,0.24093341827392578,True
2904,344,1.617081882096294,0.0009502920001978055,0.24093341827392578,True
2906,209,1.1441221354194868,0.00023889200019766577,0.24093341827392578,True
2907,108,0.04276140456393689,0.0002195510023739189,0.24093341827392578,True
2908,344,1.2203941760161823,0.00020729000243591145,0.24093341827392578,True
2910,71,0.8814406302292815,0.0003900420015270356,0.24093341827392578,True
2911,149,1.8169301723949742,0.0002084539992210921,0.24093341827392578,False
2914,125,0.012830775666520793,0.00028263200147193857,0.24093341827392578,True
2915,407,1.0393435533275668,0.00020559000040520914,0.24093341827392578,True
2917,109,1.5907047465186985,0.00021539400040637702,0.24093341827392578,False
2918,311,0.9599029067283792,0.00021376099903136492,0.24093341827392578,False
2920,30,0.7413502585017034,0.00020774400036316365,0.24093341827392578,True
2921,153,0.632492586781705,0.00022905899822944775,0.24093341827392578,True
2923,103,3.5303943929996846,0.00021079699945403263,0.24093341827392578,False
2924,363,1.3996892375496868,0.000207274999411311,0.24093341827392578,False
2925,419,1.2857921402823356,0.0005835619995195884,0.24093341827392578,False
2926,119,0.9459949196262983,0.00020631000006687827,0.24093341827392578,True
2928,260,0.9328860704479862,0.00021867100076633506,0.24093341827392578,True
2929,207,0.7248648369785584,0.00020745599977090023,0.24093341827392578,True
2930,108,0.6314489378294268,0.00020647999917855486,0.24093341827392578,True
2931,432,0.7389532542416432,0.0002468370003043674,0.24093341827392578,False
2932,26,0.5556333873731729,0.00020948000019416213,0.24093341827392578,False
2933,411,1.4008752984312773,0.00021478900089277886,0.24093341827392578,False
2934,447,0.6998937264142818,0.0002188199978263583,0.24093341827392578,True
2941,316,1.4726765893669713,0.00021535399719141424,0.24093341827392578,True
2942,27,0.49245667241738944,0.000209146997804055,0.24093341827392578,True
2943,8,1.3260554914943092,0.0002213869993283879,0.24095630645751953,True
2945,96,1.656907264336884,0.00020725399735965766,0.24093341827392578,True
2947,27,1.1592298492819324,0.000209289002668811,0.24093341827392578,True
2948,118,0.7064011719677352,0.0002165730002161581,0.24093341827392578,False
2949,55,1.2862776159375202,0.00020932899860781617,0.24093341827392578,False
2950,427,2.4949284559528007,0.0002215570020780433,0.24093341827392578,True
2951,88,3.233573702553068,0.000256385999819031,0.24094104766845703,False
2952,447,0.925348675981412,0.0002171039996028412,0.24093341827392578,True
2954,168,34.226042110356474,0.00022727200121153146,0.24094867706298828,True
2955,363,2.119747484946771,0.00021430800188682042,0.24093341827392578,True
2958,372,0.23852077010640987,0.00020793700241483748,0.24093341827392578,True
2959,405,1.3938635484228885,0.00020794000010937452,0.24093341827392578,False
2960,170,1.0941638655980859,0.00020622800002456643,0.24093341827392578,False
2961,39,0.2991502424061503,0.00020646099801524542,0.24093341827392578,False
2962,154,0.6446211809577924,0.0002271980010846164,0.24093341827392578,False
2963,124,0.47959602119283823,0.00020936500004609115,0.24093341827392578,True
2965,36,0.3690812204634631,0.0002079029982269276,0.24093341827392578,False
2966,342,0.02676698396533357,0.00021793099949718453,0.24093341827392578,True
2967,192,0.7077110052275314,0.00021795599968754686,0.24093341827392578,True
2970,463,1.1774321222907647,0.00020942199989804067,0.24093341827392578,True
2971,344,1.1445365354949901,0.0002155759975721594,0.24093341827392578,True
2973,231,0.08751369652131737,0.0002171079977415502,0.24093341827392578,False
2977,189,0.2949252104847659,0.00021426999956020154,0.24093341827392578,True
2979,141,0.2152413913926407,0.00021271399964462034,0.24093341827392578,True
2980,235,1.0221851140138474,0.00021464900055434555,0.24093341827392578,False
2981,345,1.6267997717524185,0.00021217500034254044,0.24093341827392578,False
2982,40,0.4358949554432404,0.00022007100051268935,0.24093341827392578,True
2984,60,1.7476154455742352,0.00022795200129621662,0.24093341827392578,True
2985,219,1.166572537722412,0.00020941899856552482,0.24093341827392578,True
2986,153,2.6072979468267397,0.0002081279999401886,0.24093341827392578,True
2987,74,1.4794443269756565,0.0002094369992846623,0.24093341827392578,False
2988,124,1.1313437078903712,0.0002060570004687179,0.24093341827392578,True
2989,64,1.950011963568413,0.000219051002204651,0.24093341827392578,True
2990,432,0.9173820468985862,0.00020848699932685122,0.24093341827392578,True
2993,405,1.9079094694071939,0.00020832900190725923,0.24093341827392578,False
2994,392,1.2637860605086568,0.00020770999981323257,0.24093341827392578,False
2998,414,3.2384589146033473,0.00020576700262608938,0.24093341827392578,True
3000,170,13.14550916985734,0.00024236500030383468,0.24094104766845703,False
3002,173,2.062934324722207,0.00022183100008987822,0.24093341827392578,False
3003,432,1.3462690571339886,0.0002190569975937251,0.24093341827392578,True
3006,395,1.3629904371594406,0.0002820170011545997,0.24093341827392578,True
3008,377,3.5313179759749547,0.0002175779991375748,0.24094104766845703,True
3010,109,1.483164240526903,0.00021593500059680082,0.24093341827392578,True
3013,182,2.290299569508329,0.00020683999900938943,0.24093341827392578,False
3015,138,0.36658076856760047,0.0002079539990518242,0.24093341827392578,False
3016,165,0.5883495685440118,0.00021157799710636027,0.24093341827392578,False
3017,357,1.0905809562732323,0.0002212109975516796,0.24093341827392578,True
3020,247,0.35183401500708916,0.00021367299996200018,0.24093341827392578,True
3021,170,0.959743491073172,0.00020823500017286278,0.24093341827392578,False
3022,173,0.8833211827239499,0.00027843199859489687,0.24093341827392578,True
3023,157,0.24158899533015377,0.00021995499992044643,0.24093341827392578,False
3024,263,1.363022432712773,0.00020577800023602322,0.24093341827392578,True
3025,405,0.6981422975670285,0.00020694300110335462,0.24093341827392578,True
3026,198,0.0781905430626307,0.0002179809998779092,0.24093341827392578,True
3030,261,0.26459965670760205,0.0002062639978248626,0.24093341827392578,False
3031,430,0.6452059856495119,0.00021085600019432604,0.24093341827392578,False
3033,266,0.525452275073046,0.00020692599719041027,0.24093341827392578,False
3034,32,3.0344340595716845,0.0002137060000677593,0.24093341827392578,True
3035,185,0.4746685678790621,0.00020827499974984676,0.24093341827392578,False
3037,235,1.4111669666471205,0.00020715299979201518,0.24093341827392578,False
3038,446,0.5588072832780022,0.0002093920011247974,0.24093341827392578,False
3039,261,2.2575998122795005,0.00021094099793117493,0.24093341827392578,True
3041,41,1.271280040379938,0.00022523500228999183,0.24093341827392578,True
3042,296,1.6682514906898054,0.00020957299784640782,0.24093341827392578,False
3043,296,1.7973815315385873,0.00024391600163653493,0.24093341827392578,False
3044,147,10.102784341328876,0.00020733099881908856,0.24093341827392578,True
3046,63,0.02696931844864456,0.0002626530003908556,0.24093341827392578,True
3049,219,0.6920404364984639,0.00020688299991888925,0.24093341827392578,True
3050,173,2.052385150907356,0.00021006399765610695,0.24093341827392578,False
3051,32,3.0746824978881664,0.0002195189990743529,0.24093341827392578,False
3057,185,0.4907677516452988,0.00021529199875658378,0.24093341827392578,True
3058,334,1.868886958667233,0.0002224160016339738,0.24093341827392578,True
3059,3,1.9125783828109553,0.000223173999984283,0.24093341827392578,False
3061,328,0.1055873030129636,0.00020865600163233466,0.24093341827392578,True
3062,173,1.7275996479080826,0.0002366940025240183,0.24093341827392578,False
3063,354,0.08252358470478001,0.00023465900085284375,0.24093341827392578,True
3067,260,1.9978578946689118,0.0002095480012940243,0.24093341827392578,True
3068,289,1.9064229180789716,0.0002258179993077647,0.24093341827392578,False
3073,172,1.1371104007474446,0.0002043390013568569,0.24093341827392578,True
3074,430,0.14540304704875287,0.00024966899945866317,0.24093341827392578,True
3076,298,0.5974907262463262,0.00022414599879994057,0.24093341827392578,False
3077,137,0.09771496267863372,0.00020407600095495582,0.24093341827392578,True
3079,311,1.7279042590440425,0.00020698699881904759,0.24093341827392578,True
3080,125,0.592682079751392,0.00020671700258390047,0.24093341827392578,True
3082,169,0.5304636496423787,0.00022098600311437622,0.24093341827392578,True
3083,234,1.076138043839721,0.0002081439997709822,0.24093341827392578,True
3085,97,1.6793507954004603,0.00022074200023780577,0.24093341827392578,False
3086,26,0.6585933708606276,0.0002086890017380938,0.24093341827392578,False
3090,382,0.2569185516020957,0.00020715400023618713,0.24093341827392578,True
3093,411,6.672792929602375,0.00023873000100138597,0.24093341827392578,True
3096,159,1.9473805282216885,0.00021058900165371597,0.24093341827392578,False
3099,96,0.9390815765682579,0.000207958000828512,0.24093341827392578,True
3101,40,0.9300372782920009,0.00020741300249937922,0.24093341827392578,True
3102,59,2.0973165005311967,0.0002785340002446901,0.24093341827392578,True
3103,265,0.3007371473784942,0.0002174620021833107,0.24093341827392578,False
3104,421,1.0780026027111709,0.0002067540008283686,0.24093341827392578,True
3105,411,1.7456181617463709,0.00021273099991958588,0.24093341827392578,False
3107,196,0.2590266781870203,0.0002254840001114644,0.24093341827392578,True
3108,196,1.1165379085563536,0.0002479330032656435,0.24093341827392578,False
3112,280,0.21127270977669702,0.0002111790017806925,0.24093341827392578,False
3113,155,1.5155114219249795,0.00021966100030113012,0.24093341827392578,True
3116,446,0.48264874961489407,0.0002145709986507427,0.24093341827392578,False
3121,154,3.7071829000018925,0.00021589699827018194,0.24093341827392578,False
3123,141,0.015120912937933249,0.0002114019989676308,0.24093341827392578,True
3125,12,0.6290203576464759,0.00020624299941118807,0.24093341827392578,False
3129,298,0.038381616164360845,0.00024591400142526254,0.24093341827392578,True
3133,283,0.12009818403985008,0.0002075949996651616,0.24093341827392578,True
3135,289,1.0386903464315294,0.00020963700080756098,0.24093341827392578,False
3137,223,0.5412024442608773,0.0002112160000251606,0.24093341827392578,False
3142,405,0.1668448660148391,0.00020669800142059103,0.24093341827392578,True
3143,122,0.18399664097701593,0.00022665999858872965,0.24093341827392578,True
3144,59,1.1055772320469275,0.00023077699734130874,0.24093341827392578,True
3146,438,1.209168873458984,0.00022089900085120462,0.24093341827392578,True
3147,389,1.3791650017550339,0.00021703199672629125,0.24093341827392578,False
3148,88,3.000210747837632,0.00020918900190736167,0.24093341827392578,False
3149,71,0.696888297640548,0.00021623300199280493,0.24093341827392578,False
3151,173,1.7810521035858102,0.00021797799854539335,0.24093341827392578,False
3153,364,1.5521700739026683,0.0002169640029023867,0.24093341827392578,False
3154,137,0.09174652404225439,0.00023137000243877992,0.24093341827392578,True
3155,173,1.6363406244799514,0.00020662300084950402,0.24093341827392578,True
3156,100,1.2786700413065246,0.0002149539977835957,0.24093341827392578,True
3158,100,0.3463337008723213,0.00021517200002563186,0.24093341827392578,True
3159,245,0.4674415551996943,0.00020713599951704964,0.24093341827392578,True
3162,157,0.23493648067573183,0.00022320900097838603,0.24093341827392578,False
3165,146,0.26816417137649734,0.00021833500068169087,0.24093341827392578,True
3166,342,1.093415995607286,0.00020925300123053603,0.24093341827392578,False
3168,290,1.3888778866519418,0.00020787199900951236,0.24093341827392578,False
3170,55,0.86476724964346,0.0004163470002822578,0.24093341827392578,True
3174,43,12.418622294913895,0.0002269830001750961,0.24093341827392578,False
3176,83,0.13269727841355555,0.00028493700301623903,0.24093341827392578,True
3177,345,0.9825490782255085,0.00021806100266985595,0.24093341827392578,False
3178,144,1.4018587561016282,0.00020783299987670034,0.24093341827392578,True
3184,168,89.97920872889767,0.00021855299928574823,0.24096393585205078,True
3186,12,0.9087904625662634,0.00020980800036340952,0.24093341827392578,False
3187,421,0.9484819881048074,0.00020787999892490916,0.24093341827392578,False
3188,438,1.5080174173845027,0.00020676399799413048,0.24093341827392578,True
3191,185,0.6860731266876381,0.0002592669989098795,0.24093341827392578,False
3192,344,0.7678820056434464,0.00022797299970989116,0.24093341827392578,True
3195,170,0.4335650695687049,0.0002103119986713864,0.24093341827392578,True
3196,261,1.1022304017981555,0.00026242300009471364,0.24093341827392578,False
3203,382,1.316510910474458,0.00020816699907300062,0.24093341827392578,False
3205,231,0.26457949146347987,0.00021483300224645063,0.24093341827392578,True
3206,370,0.6835269555534864,0.0002269040014653001,0.24093341827392578,True
3208,234,1.7330625106984383,0.00021457999901031144,0.24093341827392578,True
3209,116,1.1349152050212548,0.00022041500051273033,0.24093341827392578,False
3212,427,2.621593544901954,0.00021258600099827163,0.24093341827392578,True
3213,313,1.757901865154337,0.0002112300026055891,0.24093341827392578,False
3214,353,0.3114477435491745,0.00020868699721177109,0.24093341827392578,True
3216,144,0.6474413738352922,0.00020813700029975735,0.24093341827392578,True
3219,64,1.59566183148599,0.00023129799956222996,0.24093341827392578,False
3220,65,0.0859854441482224,0.00020923799820593558,0.24093341827392578,True
3222,11,1.5653311179241747,0.0002236540021840483,0.24093341827392578,False
3226,453,0.6223230047929829,0.0002071069975499995,0.24093341827392578,False
3227,231,0.8656828248019783,0.0002216930006397888,0.24093341827392578,False
3229,458,1.6904084135860684,0.0002108490007231012,0.24093341827392578,False
3230,192,0.35670581882120705,0.00020623499949579127,0.24093341827392578,True
3231,120,1.8423162963868396,0.0002065900007437449,0.24093341827392578,True
3232,8,2.411470433419472,0.00020992799909436144,0.24095630645751953,True
3233,149,1.3577758645254296,0.00021674200252164155,0.24093341827392578,False
3235,207,1.8459227015333735,0.00021214800290181302,0.24093341827392578,True
3241,261,0.5032491595141949,0.0002151360022253357,0.24093341827392578,False
3246,458,0.7906112460623081,0.0002097750002576504,0.24093341827392578,True
3247,118,0.15309455339448982,0.00022726300085196272,0.24093341827392578,True
3250,453,0.331419176050801,0.00023827100085327402,0.24093341827392578,False
3251,383,0.9979741643278613,0.00021212399951764382,0.24093341827392578,True
3253,339,0.15054601263603046,0.00021231299979262985,0.24093341827392578,True
3257,322,1.4888413239040161,0.0002097489996231161,0.24093341827392578,False
3258,313,1.7978478206138058,0.00020581700300681405,0.24093341827392578,False
3259,370,0.40757087023607047,0.0002122450023307465,0.24093341827392578,False
3260,438,0.9406538633661087,0.0002091650021611713,0.24093341827392578,False
3263,411,0.8214300991705995,0.00020823399972869083,0.24093341827392578,True
3268,372,2.1389269759513394,0.0002080410013149958,0.24093341827392578,True
3274,102,0.018405997044745225,0.0002365869986533653,0.24093341827392578,True
3275,196,0.7008370188196809,0.000208763998671202,0.24093341827392578,False
3279,447,0.5045254594399129,0.0002307030008523725,0.24093341827392578,False
3280,272,0.0944489863363306,0.00020935100110364147,0.24093341827392578,True
3282,370,0.8069313046567246,0.00020739300089189783,0.24093341827392578,True
3283,172,1.104872188247804,0.00021058900165371597,0.24093341827392578,True
3286,26,0.6583129859281873,0.0002448190025461372,0.24093341827392578,False
3287,223,0.6598890934845706,0.0002065759981633164,0.24093341827392578,False
3288,119,3.1973556684956086,0.00023439299911842681,0.24093341827392578,True
3289,124,0.10246040176991661,0.00021750800078734756,0.24093341827392578,True
3292,372,2.415749233890294,0.00021548199947574176,0.24093341827392578,False
3294,289,1.4011386590331947,0.00020661400048993528,0.24093341827392578,False
3295,78,1.3732502497770942,0.0002362240011279937,0.24093341827392578,True
3298,345,1.1928605496314657,0.00021754100089310668,0.24093341827392578,False
3299,168,114.4807474325484,0.0002138070012733806,0.24097919464111328,True
3300,246,0.33567715194464676,0.0002134850001311861,0.24093341827392578,False
3302,57,1.4393511674574404,0.00020646199845941737,0.24093341827392578,False
3303,183,0.15509506022897088,0.00021560599998338148,0.24093341827392578,True
3305,288,0.07745230217498209,0.0002066589986498002,0.24093341827392578,True
3308,277,0.6136485668017855,0.00020701800167444162,0.24093341827392578,True
3309,63,0.8702479370200649,0.0002112949987349566,0.24093341827392578,True
3312,370,0.07600773900479102,0.00021228599871392362,0.24093341827392578,True
3315,161,0.3070121642318867,0.0002162650016543921,0.24093341827392578,True
3317,416,0.06853239159998148,0.00020775600205524825,0.24093341827392578,True
3319,147,21.633829691074475,0.00020972600032109767,0.24094867706298828,True
3322,381,0.39286638883826225,0.00032029100111685693,0.24093341827392578,False
3323,108,1.6007056537820408,0.00020671400125138462,0.24093341827392578,False
3324,288,0.12710580831496215,0.00020667400167440064,0.24093341827392578,True
3334,386,0.45586059660043887,0.00021028500123065896,0.24093341827392578,True
3335,173,1.5417877194825815,0.00020671800302807242,0.24093341827392578,True
3336,203,0.4050714656045671,0.00020664199837483466,0.24093341827392578,True
3337,298,0.731618117340566,0.0002217959990957752,0.24093341827392578,False
3338,276,0.3740075535057383,0.00021621699852403253,0.24093341827392578,True
3339,320,0.2011608704354606,0.0002080329977616202,0.24093341827392578,True
3341,124,1.4136569160065169,0.0002081989987345878,0.24093341827392578,False
3343,207,0.9181708274995303,0.00021558899970841594,0.24093341827392578,True
3344,299,2.083707912912916,0.000215247997402912,0.24093341827392578,False
3347,123,0.9122502477144737,0.0002062739986286033,0.24093341827392578,True
3349,189,0.8086726452218433,0.00020973099890397862,0.24093341827392578,False
3353,289,0.7512264695824612,0.000222565999138169,0.24093341827392578,False
3354,124,0.3896563089611423,0.00021248999837553129,0.24093341827392578,True
3356,65,1.2341580437161779,0.0002091979986289516,0.24093341827392578,True
3358,128,0.8586746424047008,0.0002152779998141341,0.24093341827392578,True
3361,386,0.2264378822492985,0.00021557299987762235,0.24093341827392578,False
3362,410,0.8892013570363783,0.00020968500029994175,0.24093341827392578,True
3363,447,0.63581287257542,0.0002139349999197293,0.24093341827392578,True
3364,155,1.7846465258841397,0.0002092889990308322,0.24093341827392578,True
3365,294,0.7734764079482606,0.00020509199748630635,0.24093341827392578,False
3366,113,0.06680629270407622,0.00020647199926315807,0.24093341827392578,True
3367,149,2.4874219856239916,0.00026561800041235983,0.24093341827392578,False
3368,32,3.7944690744400114,0.0002088879991788417,0.24093341827392578,True
3369,407,1.6384998863520095,0.00021669999841833487,0.24093341827392578,True
3370,147,19.513751534110355,0.00021498199930647388,0.24094104766845703,True
3372,214,0.306791849669187,0.00021242699949652888,0.24093341827392578,False
3373,432,0.7850210185565779,0.00028709099933621474,0.24093341827392578,False
3375,289,1.1483772259589327,0.00021210200065979734,0.24093341827392578,False
3376,458,0.13445599916692888,0.00020778600082849152,0.24093341827392578,True
3379,348,1.2555773633030969,0.00023657400015508756,0.24093341827392578,True
3380,74,0.10630355253836113,0.0002314100020157639,0.24093341827392578,True
3381,384,1.1285467417956454,0.00020854000104009174,0.24093341827392578,False
3384,446,1.3833520650688256,0.00020764100190717727,0.24093341827392578,True
3385,119,1.5881203597638642,0.00022018500021658838,0.24093341827392578,True
3387,344,0.6409539823262105,0.00021528100114664994,0.24093341827392578,False
3388,103,0.47780364233043315,0.00020607999977073632,0.24093341827392578,True
3389,161,1.213755144629888,0.00022111300131655298,0.24093341827392578,False
3390,332,0.3382918971962473,0.00020505700013018213,0.24093341827392578,False
3392,393,0.7309651746032728,0.0002169620020140428,0.24093341827392578,False
3396,430,0.697567301816141,0.00020606099860742688,0.24093341827392578,False
3397,197,0.18905151638116224,0.00020623700038413517,0.24093341827392578,False
3399,207,1.0486159966744621,0.0002064100008283276,0.24093341827392578,True
3402,298,0.2679078533439072,0.00020792600116692483,0.24093341827392578,True
3403,421,0.5166840244737911,0.00020561699784593657,0.24093341827392578,False
3404,427,2.8087234969984927,0.00020832099835388362,0.24093341827392578,True
3407,96,0.6010026077047406,0.00024167399897123687,0.24093341827392578,True
3411,394,0.8665466607332796,0.0002068009998765774,0.24093341827392578,False
3416,57,1.4844899354521655,0.0002074309995805379,0.24093341827392578,False
3418,29,0.30825111037808606,0.00020563300131470896,0.24093341827392578,True
3419,340,0.9655936334032819,0.00020622299780370668,0.24093341827392578,False
3422,39,0.5364524806984216,0.0002293920006195549,0.24093341827392578,True
3425,284,1.3528944886132028,0.00021398199896793813,0.24093341827392578,False
3426,258,0.7546070484913747,0.00020692199905170128,0.24093341827392578,False
3429,80,0.5061329262823153,0.00020669500008807518,0.24093341827392578,True
3431,153,0.661324133732724,0.00021135200222488493,0.24093341827392578,True
3438,141,0.5165320042736387,0.0002084539992210921,0.24093341827392578,True
3439,446,0.03780806087657584,0.00023765800142427906,0.24093341827392578,True
3441,27,0.08538668725464213,0.00021966399799566716,0.24093341827392578,True
3445,272,0.09291318164162322,0.00021610200201394036,0.24093341827392578,True
3446,175,0.039219261620913035,0.00022476600133813918,0.24093341827392578,True
3449,25,1.2162720078426053,0.00020795700038434006,0.24093341827392578,True
3450,419,0.7046619848828416,0.00022057599926483817,0.24093341827392578,False
3451,276,0.8779804542286856,0.00021428200125228614,0.24093341827392578,True
3456,120,0.5822411604226226,0.0003297930015833117,0.24093341827392578,False
3459,196,0.9666207518261214,0.00021667500186595134,0.24093341827392578,False
3460,432,0.9299804226896677,0.00021301199740264565,0.24093341827392578,True
3461,8,0.8653402004621111,0.00022338600319926627,0.24093341827392578,False
3469,85,1.9449874478139066,0.00020899199807900004,0.24093341827392578,False
3472,207,1.3652960769618323,0.00020752300042659044,0.24093341827392578,True
3473,338,1.0530379997754313,0.00021507900237338617,0.24093341827392578,True
3474,12,0.8438038861271892,0.00020796900207642466,0.24093341827392578,True
3476,12,0.4732969714539577,0.00022404899937100708,0.24093341827392578,False
3478,247,0.9102123744163044,0.00021208399994065985,0.24093341827392578,True
3479,237,0.5725998406406134,0.0002286930030095391,0.24093341827392578,True
3480,231,0.6111423513383817,0.00021574700076598674,0.24093341827392578,True
3486,383,1.6612744138952338,0.00020980599947506562,0.24093341827392578,True
3488,157,0.43348982242036527,0.0002157099988835398,0.24093341827392578,True
3489,279,2.6035266647525948,0.00021085399930598214,0.24093341827392578,False
3492,149,1.9777551985787816,0.0002065680018858984,0.24093341827392578,True
3495,394,1.2610804860608964,0.0002076399978250265,0.24093341827392578,False
3496,245,0.6082289419225214,0.000207500001124572,0.24093341827392578,False
3497,383,0.8066462217760225,0.00020630599829019047,0.24093341827392578,True
3498,393,1.224669696403082,0.00021779599774163216,0.24093341827392578,False
3499,226,0.07389206913000895,0.00022328699924401008,0.24093341827392578,True
3502,64,1.7098962551665058,0.00022450799951911904,0.24093341827392578,False
3503,420,0.34749647311703213,0.00020647600103984587,0.24093341827392578,False
3504,124,2.0569895703681675,0.0002165180012525525,0.24093341827392578,False
3508,438,0.13322599534603582,0.00020709999807877466,0.24093341827392578,True
3509,419,0.8747383129452385,0.0002196000023104716,0.24093341827392578,False
3511,103,1.5737890333827647,0.00022488299873657525,0.24093341827392578,False
3512,447,0.6090212901950063,0.00021604099674732424,0.24093341827392578,True
3513,30,1.3229838824721516,0.00020978000247851014,0.24093341827392578,True
3515,330,0.5308355334717484,0.00022428699958254583,0.24093341827392578,False
3518,71,1.009379627836903,0.00022539400015375577,0.24093341827392578,True
3520,340,3.6931092928933222,0.0002161899974453263,0.24093341827392578,True
3521,103,4.233589316608773,0.00020915600180160254,0.24093341827392578,False
3522,394,0.1218878079189367,0.0004564970004139468,0.24093341827392578,True
3525,183,0.17572318032948636,0.0002161310003430117,0.24093341827392578,True
3526,124,1.846494459740317,0.00026406200049677864,0.24093341827392578,False
3527,263,1.0815702826230795,0.00021251799989840947,0.24093341827392578,False
3528,161,0.6612084206089892,0.0002082779974443838,0.24093341827392578,False
3529,8,0.8522587451914656,0.00020784500156878494,0.24093341827392578,False
3531,299,3.9994336485122455,0.00022181999884196557,0.24093341827392578,False
3536,41,2.1653481131195607,0.0002207040015491657,0.24093341827392578,False
3537,407,0.8117205927351063,0.0002272870005981531,0.24093341827392578,True
3549,235,0.9316143317841086,0.00022027599698049016,0.24093341827392578,False
3551,106,0.9000833138040262,0.00021810199905303307,0.24093341827392578,True
3555,235,0.5757204699833871,0.000211998001759639,0.24093341827392578,True
3556,113,0.4489870765419348,0.0002100769997923635,0.24093341827392578,False
3558,227,1.3057625556761019,0.00021078099962323904,0.24093341827392578,True
3560,96,1.0126782474238025,0.00021545200070249848,0.24093341827392578,False
3561,173,1.897467491051993,0.00022562900267075747,0.24093341827392578,True
3564,334,3.90968522400871,0.00021066800036351196,0.24093341827392578,False
3565,88,2.253497586338378,0.00021467099941219203,0.24093341827392578,True
3567,405,1.7168480317699495,0.0002087440007016994,0.24093341827392578,False
3568,432,1.554577243122128,0.00020747899907291867,0.24093341827392578,False
3570,372,1.5556328070853234,0.00020573200163198635,0.24093341827392578,False
3572,379,1.3918020788484644,0.000207117001991719,0.24093341827392578,True
3574,328,0.8858933500646867,0.00020756999947479926,0.24093341827392578,False
3577,41,0.5246585176526025,0.00020926099750795402,0.24093341827392578,True
3580,57,0.04526489446856534,0.00020723200213978998,0.24093341827392578,True
3581,269,1.043555844227849,0.00022006899962434545,0.24093341827392578,False
3582,260,2.2284064390850884,0.00021350599854486063,0.24093341827392578,False
3584,138,0.5585012497241368,0.0002055100012512412,0.24093341827392578,False
3586,386,0.13830231423047457,0.0002620430022943765,0.24093341827392578,True
3587,290,0.11869035142667846,0.00021157700030016713,0.24093341827392578,True
3588,299,2.0173203589027224,0.00020669700097641908,0.24093341827392578,False
3589,95,1.0721905155884188,0.000211236001632642,0.24093341827392578,False
3590,185,0.5099220108973389,0.00020839499848079868,0.24093341827392578,True
3591,284,1.0634403256368532,0.00026541599800111726,0.24093341827392578,False
3595,219,0.09176819054626892,0.00022322500080917962,0.24093341827392578,True
3597,466,0.18687561532216307,0.00021140299941180274,0.24093341827392578,True
3599,411,3.0655659141693485,0.0002308790026290808,0.24093341827392578,False
3600,407,1.776666152286618,0.00022091100254328921,0.24093341827392578,False
3602,407,1.220116551104217,0.0002181250019930303,0.24093341827392578,False
3605,223,0.045503417426818536,0.00020971499907318503,0.24093341827392578,True
3610,35,1.3410813901048335,0.00021707400082959794,0.24093341827392578,True
3612,277,0.4799031994113296,0.0002075850024993997,0.24093341827392578,False
3613,173,2.109196437926479,0.00021398199896793813,0.24093341827392578,True
3615,101,1.6447187181686824,0.00022620600066147745,0.24093341827392578,True
3617,35,2.457969704766707,0.00020838599812122993,0.24093341827392578,False
3618,29,2.1483945472057866,0.00022183100008987822,0.24093341827392578,True
3620,316,1.2151191233658631,0.0002172110034734942,0.24093341827392578,True
3622,157,0.27555124466551467,0.0002273050013172906,0.24093341827392578,False
3623,272,0.023385893753053635,0.0002305650014022831,0.24093341827392578,True
3624,173,1.5020155723251163,0.00023145399973145686,0.24093341827392578,True
3627,443,1.104391002928161,0.000211318998481147,0.24093341827392578,True
3628,225,0.1834298832403445,0.00022132099911686964,0.24093341827392578,True
3629,147,2.979596114808471,0.00021155500144232064,0.24093341827392578,True
3633,35,2.0428311921835407,0.0002065660009975545,0.24093341827392578,False
3635,109,2.410999515541627,0.00020820200006710365,0.24093341827392578,False
3637,313,2.471743608882438,0.0002072060015052557,0.24093341827392578,False
3638,322,1.7182099497742955,0.0002077589997497853,0.24093341827392578,False
3639,157,0.0900077833259323,0.0002097450014844071,0.24093341827392578,True
3641,39,0.22219298675910412,0.00020716300059575588,0.24093341827392578,True
3645,109,2.739073108006021,0.00022128599812276661,0.24093341827392578,True
3647,344,0.14616782446342766,0.00020836199837503955,0.24093341827392578,True
3648,313,1.6139370441642042,0.00020551799752865918,0.24093341827392578,False
3649,288,0.4159438523254049,0.0002084320003632456,0.24093341827392578,False
3654,453,1.0211296591311672,0.00020948399833287112,0.24093341827392578,False
3664,438,0.1295049568185556,0.00021892400036449544,0.24093341827392578,True
3666,124,0.9884487592293254,0.00021475199901033193,0.24093341827392578,False
3671,196,0.5644060455230723,0.00021861600180272944,0.24093341827392578,True
3672,299,2.8185338314062047,0.00022431600154959597,0.24093341827392578,False
3677,313,2.7530040320304163,0.00021964800180285238,0.24093341827392578,False
3678,449,0.6539639201167958,0.00022312500004773028,0.24093341827392578,False
3679,39,0.5589056439570286,0.0002222379989689216,0.24093341827392578,True
3684,224,0.020265654585719124,0.00020676400163210928,0.24093341827392578,True
3686,423,0.44480423973117156,0.000207196000701515,0.24093341827392578,True
3688,80,2.482847714817295,0.0002074389994959347,0.24093341827392578,True
3690,320,190.58416731251825,0.00021250900317681953,0.24097156524658203,True
3692,410,0.11355265559124351,0.00020881500313407741,0.24093341827392578,True
3694,173,3.28761988233305,0.00022034300127415918,0.24093341827392578,True
3699,210,1.6577985091128122,0.00021225200180197135,0.24093341827392578,True
3701,10,2.814209115593646,0.00021474499953910708,0.24093341827392578,False
3702,64,0.0733275367091173,0.0002062759995169472,0.24093341827392578,True
3704,219,1.6408294865057447,0.0002098440018016845,0.24093341827392578,False
3705,235,0.6723100224306958,0.0002090620000672061,0.24093341827392578,False
3706,322,0.6759728769410995,0.0002082760001940187,0.24093341827392578,True
3707,392,2.1039754998381235,0.0002088289984385483,0.24093341827392578,False
3710,95,0.11987744318054731,0.00021142600235179998,0.24093341827392578,True
3712,258,0.7319562839821034,0.000210287998925196,0.24093341827392578,True
3713,161,0.5639615863132392,0.00023744499776512384,0.24093341827392578,False
3716,220,0.6733481821508381,0.00024263600062113255,0.24093341827392578,False
3718,235,1.1584231856794887,0.00023172799774329178,0.24093341827392578,False
3721,125,0.33031176352939334,0.0002122490004694555,0.24093341827392578,False
3722,120,0.14559290138806516,0.00021009800184401684,0.24093341827392578,True
3723,234,2.5005210466416625,0.00022596100097871386,0.24093341827392578,True
3724,416,0.5265946017427412,0.00020506799774011597,0.24093341827392578,True
3725,381,0.35858672892890014,0.000856661001307657,0.24093341827392578,False
3726,153,1.2761511064855038,0.00020850100190727971,0.24093341827392578,False
3727,231,0.2587794868152765,0.00020792099894606508,0.24093341827392578,False
3729,396,7.370667741276226,0.00020859899814240634,0.24093341827392578,True
3731,349,0.298990891914739,0.00021798599846079014,0.24093341827392578,True
3733,296,1.8868881063846505,0.00022802599778515287,0.24093341827392578,False
3734,322,1.7143314209486504,0.00020671200036304072,0.24093341827392578,False
3737,453,0.5680225714225072,0.00020671200036304072,0.24093341827392578,False
3738,298,0.03412758637036336,0.00021276500046951696,0.24093341827392578,True
3739,466,0.47897883088824134,0.00022072299907449633,0.24093341827392578,True
3740,277,0.4298256745847936,0.00021670899877790362,0.24093341827392578,False
3741,266,0.044113813101808716,0.00020751899864990264,0.24093341827392578,True
3742,58,1.9410544077402692,0.00020961599875590764,0.24093341827392578,False
3743,269,1.4143759977163024,0.00021444500089273788,0.24093341827392578,True
3744,453,0.4686223379728971,0.0002628410002216697,0.24093341827392578,False
3746,311,0.5075176364952632,0.00022889600222697482,0.24093341827392578,False
3748,183,4.050428644915539,0.00020474299890338443,0.24093341827392578,True
3750,141,0.31450404704194557,0.00022981300207902677,0.24093341827392578,False
3753,173,1.4997443305427254,0.0002073739997285884,0.24093341827392578,False
3754,225,0.7218521149316591,0.00022910599727765657,0.24093341827392578,True
3756,88,2.174313296480363,0.0002085899977828376,0.24093341827392578,False
3758,247,0.5000121058452347,0.00021125199782545678,0.24093341827392578,True
3765,313,0.8745068041304239,0.0002182019998144824,0.24093341827392578,False
3766,344,1.0111302973131922,0.0002101720019709319,0.24093341827392578,True
3767,235,1.159366057951767,0.00020948100063833408,0.24093341827392578,False
3769,10,0.8636817786243901,0.00020651399972848594,0.24093341827392578,False
3770,421,0.28408586043438483,0.00021063099848106503,0.24093341827392578,False
3772,8,1.7719327213344043,0.00021217700123088434,0.24095630645751953,True
3774,313,2.8510147448716396,0.0002182989992434159,0.24094104766845703,True
3776,447,0.1625762728316963,0.00020986199888284318,0.24093341827392578,True
3779,12,0.8493320091807021,0.00028642899997066706,0.24093341827392578,True
3780,405,2.191767224548174,0.00021087600180180743,0.24093341827392578,False
3781,298,1.4276437630282912,0.0002164329998777248,0.24093341827392578,False
3782,185,0.22313624484224298,0.00021588900199276395,0.24093341827392578,True
3783,64,1.1373113797684875,0.00020608100021490827,0.24093341827392578,True
3784,56,0.5446622163944004,0.00027107300047646277,0.24093341827392578,False
3787,154,1.4052062179243079,0.0002073579998977948,0.24093341827392578,False
3788,332,0.3217387145436273,0.0002636520002852194,0.24093341827392578,False
3791,344,0.5706767841613376,0.00021394400027929805,0.24093341827392578,False
3794,30,1.5337445952575008,0.00022973200248088688,0.24093341827392578,False
3797,381,0.48920194588259236,0.0002131020009983331,0.24093341827392578,False
3799,340,0.20780504701047922,0.00020636800036299974,0.24093341827392578,True
3801,43,0.9695941713802754,0.00020862200108240359,0.24093341827392578,False
3803,88,0.22224762358480776,0.00025127099797828123,0.24093341827392578,True
3804,329,0.06437145715542997,0.00020591599968611263,0.24093341827392578,True
3805,97,1.2952060640397831,0.0002175879999413155,0.24093341827392578,False
3806,55,1.6661507672136804,0.00022715999875799753,0.24093341827392578,True
3812,69,0.2309690267211583,0.00020760999905178323,0.24093341827392578,False
3815,69,0.029824252594354252,0.0002142550001735799,0.24093341827392578,True
3816,382,0.9101336681862604,0.00023715399947832339,0.24093341827392578,True
3818,340,1.6874867409796013,0.00020468100046855398,0.24093341827392578,False
3824,220,1.462727573139853,0.0002072650022455491,0.24093341827392578,True
3827,373,0.5318535790538454,0.0002347189983993303,0.24093341827392578,False
3828,377,3.2864230001927037,0.00021071499941172078,0.24093341827392578,False
3829,341,0.23897497286866232,0.00021239399939076975,0.24093341827392578,True
3833,265,0.13564050748434495,0.00020644899996113963,0.24093341827392578,True
3835,329,0.15916648166482467,0.00021884899979340844,0.24093341827392578,True
3836,143,0.47440298719484325,0.00020677099746535532,0.24093341827392578,True
3838,393,1.0252103812661135,0.0002821949965436943,0.24093341827392578,False
3839,27,0.00981614218351982,0.0004630089970305562,0.24093341827392578,True
