Test Index,Train Index,Score,Computing Time (s),Space Usage (MB),Same Class
0,168,42.171735748135774,0.0004523610004980583,0.24215412139892578,False
1,168,97.93883201381998,0.00042516400208114646,0.24210071563720703,False
2,233,70.44174049445877,0.00045979899732628837,0.24211597442626953,True
4,168,43.497275511468814,0.00042763999954331666,0.24210834503173828,False
6,168,96.08773078577087,0.00044246499965083785,0.24210071563720703,False
8,168,112.45787836726103,0.00043826299952343106,0.24211597442626953,False
9,168,74.34783920594694,0.00043659299990395084,0.24213123321533203,False
11,168,55.871026717500044,0.00043394499880378135,0.24211597442626953,True
12,168,122.83598655586141,0.0004298590029065963,0.24211597442626953,False
13,168,102.90470536118522,0.00044317799984128214,0.24210071563720703,False
19,168,92.20977592659546,0.0004284940005163662,0.24211597442626953,True
20,168,99.57906012640049,0.00043949699829681776,0.24212360382080078,True
23,168,129.3421163331685,0.000537168001756072,0.24212360382080078,False
26,168,43.05840722383406,0.00042900299740722403,0.24212360382080078,True
27,168,80.57048574156565,0.00043380500210332684,0.24208545684814453,True
29,168,93.07676576742729,0.0004494099994190037,0.24216938018798828,True
30,168,87.03641270439765,0.00044089899893151596,0.24210071563720703,False
32,168,124.18399788533512,0.0004330550000304356,0.24210834503173828,False
33,168,43.423555358189695,0.00044104900007368997,0.24212360382080078,False
34,168,119.73044063958544,0.000427207000029739,0.24210834503173828,False
35,168,104.34496751081588,0.00042646000292734243,0.24210071563720703,False
41,168,113.50387937928483,0.0004268379998393357,0.24210071563720703,False
42,168,44.3182016359411,0.00042298999687773176,0.24210071563720703,False
48,168,43.076942751196746,0.0004261840003891848,0.24211597442626953,False
51,168,40.515429135156594,0.000445131998276338,0.24213123321533203,False
52,168,44.90799760558483,0.0004377860022941604,0.24213886260986328,False
54,168,125.61499823054373,0.00044579799941857345,0.24212360382080078,True
56,168,119.39861835940036,0.00044858399996883236,0.24211597442626953,False
57,168,96.03684400502324,0.0004425309998623561,0.24212360382080078,True
59,168,92.60239555741339,0.00043110899787279777,0.24210834503173828,False
60,168,43.158821612178805,0.00048180199883063324,0.24213886260986328,True
61,168,37.75589193386005,0.00045232000047690235,0.24214649200439453,False
64,168,94.83588812779469,0.0004377229997771792,0.24209308624267578,False
66,168,74.73518722048324,0.0004381180006021168,0.24210834503173828,False
68,168,46.92328764211769,0.0004515879991231486,0.24215412139892578,False
71,168,36.53907574044681,0.0004335590019763913,0.24214649200439453,False
73,168,96.13334928180934,0.00043381100113037974,0.24213123321533203,True
75,140,0.031649146915417314,0.00044463900121627375,0.24215412139892578,False
79,168,120.29184682181948,0.0004261659996700473,0.24211597442626953,True
82,168,45.10210422033741,0.00043335100053809583,0.24216175079345703,True
83,168,39.90187745863659,0.00043069299863418564,0.24210071563720703,False
87,168,96.09201724517159,0.0004404920000524726,0.24211597442626953,False
88,168,37.49436641274176,0.00044040799912181683,0.24213886260986328,False
90,168,100.36940656197778,0.0004300110012991354,0.24210834503173828,False
93,168,94.72659215945274,0.0004252049984643236,0.24211597442626953,False
95,168,95.40179090947093,0.00042680299884523265,0.24210071563720703,True
96,168,64.7443127805209,0.00044297100248513743,0.24210834503173828,True
98,168,44.02570141025022,0.00045495800077333115,0.24210834503173828,False
100,168,118.88878872845342,0.00043382999865571037,0.24211597442626953,False
102,168,105.65541046072612,0.0005174059988348745,0.24210071563720703,False
108,168,43.974973523850565,0.00043506900328793563,0.24214649200439453,False
110,168,98.92182113160023,0.000440400999650592,0.24210834503173828,False
111,168,38.66214630443508,0.0004402610029501375,0.24215412139892578,False
112,168,40.94520449688805,0.0004475329988054,0.24212360382080078,False
113,168,54.16675839359965,0.000502630999108078,0.24214649200439453,False
117,168,93.1708403507261,0.00044647499817074277,0.24212360382080078,False
118,168,66.48593893424956,0.0004479000017454382,0.24214649200439453,True
119,168,92.47834412248777,0.0004675620002672076,0.24211597442626953,False
120,168,112.12867037650314,0.00043340200136299245,0.24209308624267578,False
121,168,45.48087724249023,0.00042873400161624886,0.24213886260986328,False
122,168,98.61751557998932,0.0004433840003912337,0.24212360382080078,False
124,168,112.58734082009855,0.0004369449998193886,0.24212360382080078,False
125,168,94.4535932298385,0.00044027499825460836,0.24212360382080078,False
126,168,96.19288424218824,0.00042898099854937755,0.24212360382080078,False
127,168,94.57747053648069,0.0004290770011721179,0.24211597442626953,False
131,168,109.1090646262202,0.00046576300155720674,0.24212360382080078,False
132,168,88.33705447329453,0.00043820599967148155,0.24210071563720703,True
133,168,68.7091190114891,0.0004570840028463863,0.24208545684814453,True
134,168,110.35846678806807,0.00042916099846479483,0.24211597442626953,False
135,168,54.043127180791444,0.00043892900066566654,0.24213886260986328,False
136,168,92.56730920343624,0.0004326330017647706,0.24210071563720703,False
139,168,43.861328418195576,0.0004378300000098534,0.24213886260986328,False
143,168,70.37426825235971,0.00043365300007280894,0.24210834503173828,False
144,168,56.21029516153745,0.0004395360010676086,0.24210071563720703,True
145,168,119.44787563580238,0.00048051599878817797,0.24210834503173828,False
149,168,92.90324431294837,0.0004601130021910649,0.24210071563720703,False
151,168,38.65165000773143,0.0004724179998447653,0.24214649200439453,False
152,168,79.81275867581647,0.0004387909975775983,0.24213886260986328,True
155,168,108.38243341013067,0.00043149700286448933,0.24210834503173828,False
156,168,88.45552990967248,0.0004354550001153257,0.24210834503173828,False
158,168,47.64804255494778,0.00043986099990434013,0.24211597442626953,False
159,168,40.54615230833249,0.00043814299715450034,0.24215412139892578,False
160,168,44.621097901651595,0.00043169399941689335,0.24209308624267578,False
166,168,40.572453893510506,0.00042323700108681805,0.24210834503173828,False
167,168,107.73740987760526,0.0004274020029697567,0.24210834503173828,False
168,320,90.37231721642094,0.00045481399865821004,0.24214649200439453,False
169,168,95.62948939896789,0.00047693300075479783,0.24210071563720703,False
170,168,112.85731957928351,0.00043110899787279777,0.24211597442626953,False
172,168,37.36916501707988,0.0004390500034787692,0.24213886260986328,False
174,168,93.68058850435354,0.0005442840010800865,0.24211597442626953,False
175,168,77.33736946749966,0.0004235699998389464,0.24210071563720703,False
176,168,37.597475799711624,0.0004262869988451712,0.24213886260986328,False
177,168,86.16408261433885,0.0004419630022312049,0.24210834503173828,True
178,168,38.660565862945155,0.00044305200208327733,0.24213886260986328,False
179,168,115.49704366840102,0.00046294500134536065,0.24210071563720703,False
180,168,38.03841782028204,0.0004366079992905725,0.24213886260986328,False
187,168,99.06242533360549,0.0004307039998820983,0.24210071563720703,False
190,168,110.45906686261027,0.0004508359997998923,0.24210834503173828,False
192,168,95.96956721438475,0.0004350989984232001,0.24210834503173828,True
196,168,64.42285200103373,0.000461252002423862,0.24211597442626953,True
197,168,60.91253294337049,0.00042872000267379917,0.24214649200439453,False
198,168,110.67407434556004,0.0004392240007291548,0.24211597442626953,False
203,168,119.77767172806384,0.0004544809999060817,0.24211597442626953,False
206,168,98.87984867515905,0.0004471770007512532,0.24211597442626953,True
207,168,88.74141365768631,0.00046198500058380887,0.24208545684814453,False
208,168,96.53209956297762,0.0004455170019355137,0.24210071563720703,True
209,29,18.393180190102,0.0004526289994828403,0.24215412139892578,False
210,168,117.86343286453803,0.00045178300206316635,0.24210834503173828,False
211,168,106.64733233036951,0.00044327100113150664,0.24210071563720703,False
212,168,42.80977058067255,0.00045113900341675617,0.24212360382080078,False
215,168,84.77193306728245,0.00046976700105005875,0.24211597442626953,False
217,168,105.74728270634768,0.0004537290005828254,0.24210071563720703,False
219,168,42.46866940020699,0.00043141000060131773,0.24215412139892578,False
221,168,92.57703455941126,0.00044432499998947605,0.24212360382080078,False
222,29,126.57653193112793,0.0004337350001151208,0.24202442169189453,False
223,168,94.23288454735295,0.00043887900028494187,0.24210071563720703,False
225,168,48.92092561755154,0.00043197400009375997,0.24210071563720703,False
228,168,89.7486741825201,0.0004283359994587954,0.24210834503173828,False
229,168,46.01229881061621,0.0004280070024833549,0.24209308624267578,False
232,168,51.46516541796514,0.0004379759993753396,0.24213886260986328,False
234,168,104.23825551036171,0.0004427130006661173,0.24211597442626953,False
235,168,42.44361295886453,0.000457441001344705,0.24213886260986328,False
240,168,121.21844417695995,0.00046071999895502813,0.24211597442626953,False
241,168,93.85441308894632,0.0004254380000929814,0.24210834503173828,False
242,168,43.9512345642864,0.00042913099969155155,0.24214649200439453,False
243,168,104.22844857346004,0.00045807800051989034,0.24213123321533203,True
244,168,95.83763525884861,0.000444247001723852,0.24210071563720703,False
245,168,50.00018710676944,0.0004354090015112888,0.24211597442626953,False
246,168,45.41008549814773,0.00043820200153277256,0.24213123321533203,False
248,168,118.26868112648899,0.000430216001404915,0.24210071563720703,True
251,168,52.33650088328798,0.0004389650021039415,0.24215412139892578,False
252,168,52.924271997458824,0.0004494179993344005,0.24210071563720703,False
253,168,39.92123921173163,0.0004629159993783105,0.24209308624267578,False
254,168,127.86384545970827,0.00042809100341401063,0.24211597442626953,False
255,168,97.34045374583293,0.0005251359980320558,0.24209308624267578,True
259,168,37.313986917025275,0.00047640499906265177,0.24214649200439453,False
263,168,76.90254037909452,0.00046431499868049286,0.24210071563720703,False
264,168,41.939998980989195,0.0004424500002642162,0.24211597442626953,False
265,168,43.053872346007275,0.0007380230017588474,0.24213886260986328,False
271,168,92.99936124860236,0.0004571470017253887,0.24212360382080078,False
272,168,89.19974972076966,0.00043594499948085286,0.24210071563720703,False
273,168,45.43411966382497,0.0004263680020812899,0.24213886260986328,False
275,168,88.25074045722528,0.0004564730006677564,0.24213886260986328,False
277,168,42.05194323658538,0.0004498670023167506,0.24211597442626953,False
278,168,98.21315137643954,0.0005327240032784175,0.24211597442626953,False
284,168,36.320693039533914,0.00045432400293066166,0.24213123321533203,False
286,168,38.36011003239515,0.0004306979972170666,0.24213886260986328,False
287,168,52.10235989437484,0.0004354519987828098,0.24212360382080078,False
291,168,109.72185930324687,0.0019062380015384406,0.24211597442626953,False
293,168,62.28177345261505,0.00044895099927089177,0.24213886260986328,False
297,320,85.64539918367606,0.00044710700240102597,0.24213123321533203,False
298,168,117.74904380024041,0.0004434910006239079,0.24210071563720703,False
301,168,35.93732189828657,0.0004497959998843726,0.24213123321533203,False
302,168,40.318538860097895,0.00046532399937859736,0.24213886260986328,True
303,168,97.68026942522316,0.0004266010000719689,0.24209308624267578,False
305,168,36.606747914572615,0.00044791300024371594,0.24213123321533203,False
306,168,112.92118632951124,0.0004834750034206081,0.24210071563720703,False
308,168,46.13853463178308,0.00044351899850880727,0.24210071563720703,False
309,168,52.78121028444007,0.00047990600069169886,0.24211597442626953,False
313,168,60.323403456298315,0.0004336460006015841,0.24213886260986328,False
314,168,96.6912861005543,0.0004413499991642311,0.24210071563720703,False
316,168,52.23197374096499,0.00042994300019927323,0.24209308624267578,False
317,168,96.2513774701315,0.0004460090021893848,0.24212360382080078,False
319,168,99.43731788959661,0.00046256399946287274,0.24210071563720703,False
320,168,60.27626336929199,0.00046466300045722164,0.24214649200439453,False
321,168,104.77132720168251,0.0004407030028232839,0.24210834503173828,False
322,168,97.21875598712269,0.0004384810017654672,0.24212360382080078,False
326,168,118.34476739997973,0.00043535499935387634,0.24211597442626953,False
328,168,44.558415484414475,0.0004313530007493682,0.24210071563720703,False
330,168,102.03753262037232,0.00043299100070726126,0.24210834503173828,False
331,320,87.38469194710098,0.00045004699859418906,0.24213886260986328,False
334,168,44.81578703904821,0.0004464960002223961,0.24210071563720703,False
335,168,89.25905548404596,0.0004293279998819344,0.24212360382080078,True
336,168,68.90655543225216,0.00046451099842670374,0.24213886260986328,False
338,168,122.33835391698273,0.00045419999878504314,0.24210834503173828,False
339,168,97.32389387031918,0.00042926499736495316,0.24212360382080078,False
340,168,120.01944457529085,0.00045231799958855845,0.24211597442626953,False
342,168,39.65824953010585,0.00044086000343668275,0.24212360382080078,True
345,168,115.99816016541553,0.0004612060001818463,0.24210071563720703,True
346,168,103.98898802379942,0.0004232700011925772,0.24210834503173828,False
349,168,57.132305802510494,0.00044050799988326617,0.24210071563720703,False
350,168,78.75516757286798,0.00043406300028436817,0.24211597442626953,False
351,168,117.34612053780785,0.00042962100269505754,0.24211597442626953,False
354,168,116.01873940570046,0.0004250489982950967,0.24211597442626953,False
357,168,92.4295031660183,0.0008871959980751853,0.24211597442626953,False
360,168,93.11840520743309,0.00043475199709064327,0.24211597442626953,False
362,168,92.66803028457004,0.0004335590019763913,0.24210071563720703,False
363,168,44.55768022455887,0.0004335449993959628,0.24212360382080078,False
365,168,85.54987218184931,0.000425220001488924,0.24211597442626953,False
366,168,73.68756880619254,0.00043908900261158124,0.24214649200439453,False
368,168,41.33861841015663,0.00042817500070668757,0.24210071563720703,True
369,168,44.77887305464134,0.00042869900062214583,0.24214649200439453,True
371,168,91.13902530290459,0.00042591999954311177,0.24210071563720703,False
374,168,65.80186705564323,0.0004477500006032642,0.24213886260986328,False
376,168,38.028519982261194,0.00043226900015724823,0.24214649200439453,False
377,168,73.97630293415098,0.00043294800343574025,0.24213123321533203,False
378,168,91.58152057391924,0.0004422549973241985,0.24213123321533203,False
379,168,44.10418314455433,0.0007743630012555514,0.24215412139892578,True
383,168,38.15928329262228,0.0005189069997868501,0.24214649200439453,False
386,168,59.40746733141009,0.0004440969969436992,0.24213123321533203,True
387,168,34.1079831035371,0.00043330100015737116,0.24213123321533203,True
388,168,108.41349198750937,0.0004262590009602718,0.24210071563720703,False
389,168,79.27164204724724,0.0004448510007932782,0.24213886260986328,False
395,168,71.36160221494067,0.00046064500202191994,0.24214649200439453,False
398,168,46.02479525141262,0.00043480800013639964,0.24211597442626953,False
399,168,126.03917163479115,0.00043554399962886237,0.24213123321533203,False
400,168,45.834711367437755,0.0004611690019373782,0.24212360382080078,False
401,168,94.990944365751,0.00046018099965294823,0.24212360382080078,False
408,168,130.5322724753078,0.00044819500180892646,0.24212360382080078,False
409,168,82.49082759762797,0.0004431809975358192,0.24209308624267578,True
410,168,42.32813683137823,0.00043493599878274836,0.24211597442626953,False
411,168,40.955210216051384,0.000425758000346832,0.24211597442626953,False
413,168,38.65461591214422,0.00044252599764149636,0.24213123321533203,True
414,168,38.42591344652427,0.0004435110022313893,0.24213886260986328,False
415,168,47.45432540112734,0.0004895649981335737,0.24211597442626953,True
416,168,109.4861506306212,0.0004400370016810484,0.24213123321533203,False
417,168,39.66734923755056,0.00044813999920734204,0.24213886260986328,False
418,168,126.27585639977465,0.000848194002173841,0.24210834503173828,False
421,168,41.29715317092562,0.0004406929983815644,0.24213123321533203,True
422,168,53.166501063521,0.0004457949980860576,0.24210834503173828,True
423,37,130.2295461391793,0.00043294599890941754,0.24197864532470703,True
424,320,99.48297109290573,0.0004727529994852375,0.24214649200439453,False
428,320,93.14647703878609,0.0004599369967763778,0.24214649200439453,False
432,168,66.57854483408808,0.0004277729967725463,0.24210834503173828,False
434,168,49.33342115502303,0.00043292999907862395,0.24211597442626953,False
435,320,94.04589302698204,0.00043073399865534157,0.24214649200439453,True
437,168,123.20213302171983,0.0004297279992897529,0.24211597442626953,False
438,168,46.12421078443119,0.000431976997788297,0.24213886260986328,False
439,168,92.50440731699814,0.00044461699872044846,0.24210071563720703,False
441,168,91.05327755973474,0.00046984599975985475,0.24210834503173828,False
442,168,44.97808601312607,0.00043018699943786487,0.24213886260986328,False
443,168,97.0707921708027,0.0004613170021912083,0.24210834503173828,False
447,168,42.58478140923254,0.00046358899999177083,0.24215412139892578,False
448,168,103.23601925170571,0.00043443300091894343,0.24210834503173828,False
449,168,97.26510778372051,0.00043709999954444356,0.24210071563720703,False
451,168,54.91929480419884,0.00046048099829931743,0.24213123321533203,False
453,168,103.95563108815948,0.0004463580007723067,0.24210834503173828,False
455,168,59.82551726660365,0.0004358890000730753,0.24211597442626953,True
459,168,76.19321398614646,0.00045141200098441914,0.24210834503173828,True
461,168,41.457012935105126,0.00044311100282357074,0.24213123321533203,False
463,168,99.19624444990323,0.0004474660017876886,0.24210834503173828,False
465,168,105.07674845097058,0.0004996479983674362,0.24209308624267578,False
466,168,45.63757540109305,0.0004343679975136183,0.24211597442626953,False
470,168,75.40291964682027,0.0004477789989323355,0.24210071563720703,True
471,168,100.46754906579392,0.0004262749971530866,0.24210071563720703,True
473,168,52.44525644794309,0.0005069309991085902,0.24212360382080078,True
474,168,97.43176249242414,0.00043306999941705726,0.24210834503173828,False
476,168,110.86095425773331,0.0004258520020812284,0.24211597442626953,False
477,168,37.8786382248481,0.0004512799969234038,0.24212360382080078,False
478,320,97.06291179902236,0.000430219999543624,0.24214649200439453,False
479,168,97.50970959970061,0.00044087599962949753,0.24210834503173828,True
480,168,94.42290845760024,0.00044697300108964555,0.24211597442626953,False
481,168,42.20243794345569,0.0004240419984853361,0.24210834503173828,True
483,168,46.739145360384235,0.0004247530014254153,0.24211597442626953,False
486,168,38.608556902948145,0.000456071000371594,0.24214649200439453,False
488,168,77.92776070016319,0.0004457459981495049,0.24212360382080078,False
492,168,45.442187165451465,0.0004479730014281813,0.24212360382080078,False
498,168,127.43440720677278,0.00048164200052269734,0.24210834503173828,False
501,168,98.73700649658544,0.0004571900026348885,0.24210834503173828,False
503,168,43.46765830996747,0.00043669699880410917,0.24213886260986328,False
507,168,86.24618212216008,0.0004500169998209458,0.24210834503173828,False
509,168,49.724741386062924,0.000439716997789219,0.24208545684814453,True
515,320,98.11366900589184,0.00045195699931355193,0.24214649200439453,True
516,168,53.99602951257095,0.0004367260007711593,0.24209308624267578,True
520,168,43.04813228136902,0.00046200900032999925,0.24213886260986328,False
522,168,97.7437767808635,0.0004610089999914635,0.24210834503173828,True
524,168,82.67365495088954,0.00046589500198024325,0.24215412139892578,False
525,168,44.619381634268855,0.000433798002632102,0.24214649200439453,False
528,168,39.96300001599596,0.0004482219992496539,0.24214649200439453,False
529,37,125.84656288995225,0.00042685999869718216,0.24200916290283203,True
530,168,40.243055829946705,0.0005253729977994226,0.24213123321533203,True
531,168,44.85843549820355,0.00042428199958521873,0.24214649200439453,False
533,168,37.252335033394054,0.00044958900252822787,0.24213886260986328,False
534,168,101.41446346767678,0.0004348859984020237,0.24210834503173828,False
536,168,87.18328447544818,0.0004414120012370404,0.24212360382080078,False
538,168,56.82670043529423,0.00044201299897395074,0.24210834503173828,True
540,320,93.20168970268128,0.0004527279998001177,0.24214649200439453,False
541,168,78.27175230284243,0.000441009000496706,0.24208545684814453,False
542,37,126.3223827369015,0.000431322001531953,0.24200153350830078,True
543,168,104.8733881144861,0.00044777099901693873,0.24210834503173828,False
549,168,73.51848937478243,0.0004762440003105439,0.24213123321533203,False
550,168,101.7877621283937,0.00045160099762142636,0.24210071563720703,False
555,168,46.31382724063657,0.000439791998360306,0.24210834503173828,False
556,320,90.87140036549009,0.0004652720017475076,0.24214649200439453,True
559,168,44.31216961266046,0.00044877599793835543,0.24212360382080078,False
560,168,118.78449420354362,0.00044058700223104097,0.24212360382080078,False
562,168,118.90720338710507,0.00042528699850663543,0.24211597442626953,False
563,168,96.37371843047143,0.00043306199950166047,0.24210834503173828,False
564,168,44.924992106396274,0.00046380000276258215,0.24212360382080078,False
565,168,83.36560821078075,0.00045013600174570456,0.24208545684814453,True
566,168,95.69054568426043,0.00044256399996811524,0.24210834503173828,False
569,168,96.22293859425578,0.00045217600199976005,0.24210071563720703,False
571,168,92.22057756551865,0.00042844199924729764,0.24211597442626953,False
575,168,44.789054046046196,0.000445968998974422,0.24210834503173828,True
576,168,103.0828437250028,0.00046039200242375955,0.24210071563720703,False
578,168,41.80563926209883,0.0004599209969455842,0.24208545684814453,True
583,168,42.936190564651575,0.0004304930007492658,0.24214649200439453,True
584,168,95.61401374500625,0.0004440079974301625,0.24213123321533203,False
586,168,42.956537128113574,0.00046385099994949996,0.24211597442626953,False
588,168,96.95371769576718,0.00046756099982303567,0.24210834503173828,False
589,168,38.20799356333674,0.0004944840002281126,0.24213123321533203,False
590,168,95.9405587024717,0.0004302319975977298,0.24210834503173828,True
591,168,43.50596078512783,0.00043807199836010113,0.24213123321533203,False
592,168,95.59745051130925,0.00047494400132563896,0.24211597442626953,True
596,168,98.22685515111921,0.0004703560007328633,0.24211597442626953,False
597,168,49.166816687039315,0.0004443500001798384,0.24211597442626953,False
598,168,96.00573704140517,0.0004562499998428393,0.24211597442626953,False
599,168,46.21181961143412,0.0005994900020596106,0.24214649200439453,True
601,168,48.047252892815955,0.00043086900041089393,0.24209308624267578,False
602,168,73.75983327105054,0.00043983499926980585,0.24211597442626953,False
604,168,42.25629388442344,0.000429837000410771,0.24211597442626953,False
605,168,92.7800758018961,0.0004348440015746746,0.24210834503173828,False
606,168,41.74099555019552,0.0004289490025257692,0.24213886260986328,False
608,168,41.24041281977539,0.0004579109991027508,0.24214649200439453,True
609,320,88.54632842376756,0.00045804000183125027,0.24213886260986328,False
610,168,46.10436289668154,0.0004330080009822268,0.24211597442626953,True
613,168,44.79353364149228,0.00042798999857041053,0.24214649200439453,False
614,168,98.02361247324689,0.0004431630004546605,0.24212360382080078,False
615,168,36.840056962138114,0.00045941599819343537,0.24213123321533203,False
616,168,40.59921878811217,0.0004571130011754576,0.24213886260986328,False
618,168,97.31033676840717,0.00043283299964969046,0.24213123321533203,False
622,168,63.70182359817586,0.0004253410006640479,0.24213886260986328,True
624,168,96.16410835520617,0.0004393170020193793,0.24210071563720703,True
631,168,101.13727336166377,0.00046341900088009425,0.24212360382080078,True
632,168,108.32672675927542,0.0004379759993753396,0.24211597442626953,False
633,168,101.73370389459107,0.00043363499935367145,0.24209308624267578,True
635,168,52.573501940228375,0.00043613100206130184,0.24210071563720703,False
636,168,99.47614125197825,0.00044714699834003113,0.24210834503173828,False
637,168,112.63640691603747,0.0004368479967524763,0.24211597442626953,False
638,168,101.59787923837096,0.0004274790007912088,0.24210071563720703,False
640,263,69.29696697589391,0.0004385799984447658,0.24213123321533203,False
642,168,79.81184869704167,0.0004672680006478913,0.24214649200439453,True
643,29,131.76192997290087,0.00042659199971240014,0.24203205108642578,True
645,168,39.660027552639725,0.00043929599996772595,0.24213123321533203,False
646,168,101.44410969829373,0.00045815500197932124,0.24213123321533203,False
647,168,43.656352957549764,0.0004639809994841926,0.24211597442626953,False
648,168,96.34369343917925,0.00043640299918479286,0.24212360382080078,False
651,168,97.92222255202151,0.0004433370013430249,0.24213123321533203,False
653,168,43.84983492614297,0.00043189099960727617,0.24211597442626953,False
654,168,45.44360121577551,0.00047211900164256804,0.24213123321533203,True
655,168,93.38575128699246,0.00044006200187141076,0.24211597442626953,False
656,168,73.08485599580129,0.0004450759988685604,0.24210834503173828,True
657,168,110.70806998898202,0.0005003059995942749,0.24210834503173828,False
658,168,95.46264586058754,0.000443223998445319,0.24212360382080078,False
659,168,93.7542468421858,0.0004796470020664856,0.24211597442626953,False
660,168,39.963302324093526,0.00045118100024410523,0.24214649200439453,False
661,168,99.22663131466432,0.00043741800254792906,0.24212360382080078,True
662,168,114.69128187847676,0.00046110300172585994,0.24210834503173828,False
663,168,99.95284552205317,0.000466254998173099,0.24210834503173828,False
666,168,40.5986525762938,0.000461105999420397,0.24214649200439453,True
668,168,61.348221657500616,0.0004542090027825907,0.24214649200439453,False
669,168,95.88451213080408,0.0004657380013668444,0.24210071563720703,False
673,168,125.73318247905641,0.0004448100007721223,0.24211597442626953,False
675,168,43.6864643393149,0.0004341510029917117,0.24214649200439453,False
676,168,39.1821632513413,0.00044339899977785535,0.24214649200439453,False
677,168,110.43183148410719,0.00042707200191216543,0.24211597442626953,False
678,168,49.49592587821317,0.0004323210014263168,0.24209308624267578,False
680,168,111.04573343347445,0.00044093699762015603,0.24211597442626953,True
681,168,123.65968126185788,0.0004369910020614043,0.24211597442626953,False
683,168,80.18626173920964,0.00044832800267613493,0.24208545684814453,True
684,168,38.27352150121761,0.0004593049998220522,0.24213123321533203,True
687,168,100.79183463874264,0.00043745400034822524,0.24210071563720703,False
690,168,110.64505230929922,0.0004604210007528309,0.24213123321533203,False
691,168,90.44072099084691,0.00043629699939629063,0.24210834503173828,False
693,168,85.30826563406477,0.00045175299965194426,0.24209308624267578,False
694,168,39.64273255115372,0.0004356889985501766,0.24209308624267578,False
698,168,92.71268871611072,0.0004303209971112665,0.24210834503173828,False
699,168,93.26547406439063,0.0006140350014902651,0.24211597442626953,False
700,168,108.92333013174999,0.000431210999522591,0.24210834503173828,False
702,168,129.98251252576455,0.00045856900032958947,0.24212360382080078,False
704,168,99.81658241028146,0.0004394170027808286,0.24210834503173828,True
705,168,96.14758383324215,0.0004560130000754725,0.24212360382080078,True
707,37,121.81442374136435,0.00048133800009964034,0.24200153350830078,True
710,168,48.03892076391002,0.00047663199802627787,0.24210071563720703,False
712,168,101.56509289449617,0.0004245449999871198,0.24210834503173828,False
717,168,36.46531019624433,0.00043849799840245396,0.24209308624267578,False
722,168,94.96582880584323,0.000434679001045879,0.24211597442626953,False
724,168,84.17924399070822,0.0004381520011520479,0.24211597442626953,False
725,168,50.88423561118843,0.00042387899884488434,0.24210071563720703,False
726,168,81.17448851178746,0.00046596399988629855,0.24213123321533203,True
728,168,97.68565001384654,0.0004341469975770451,0.24210834503173828,False
729,168,71.37678267886217,0.00043240900049568154,0.24214649200439453,False
732,168,73.82721102959904,0.0005675850006809924,0.24210071563720703,False
733,168,108.9460282735481,0.00042192799810436554,0.24210071563720703,False
734,168,94.61847290144883,0.00047153400009847246,0.24211597442626953,False
735,168,94.61852361326714,0.00043602000005193986,0.24211597442626953,False
736,168,69.60623121800039,0.00044891200013807975,0.24210834503173828,True
737,168,122.58943734756953,0.00045674700231757015,0.24211597442626953,True
738,168,63.460607371059204,0.00043215199912083335,0.24213123321533203,False
745,168,96.04796603408603,0.0004401119986141566,0.24212360382080078,False
746,168,98.12729122208712,0.00043912800174439326,0.24210834503173828,False
747,168,38.893405519062036,0.0004275440005585551,0.24213123321533203,False
749,168,35.56852886282509,0.0004392060000100173,0.24214649200439453,False
752,168,42.7462299188787,0.0004391590009618085,0.24213123321533203,False
753,168,43.4535438576143,0.00043214600009378046,0.24210834503173828,False
754,168,41.14399743548214,0.0004345009983808268,0.24208545684814453,False
756,168,106.73934411049056,0.0004379149977467023,0.24210834503173828,False
759,168,61.129734907143295,0.0004392770024423953,0.24210071563720703,False
762,168,48.50799438848812,0.00044292699749348685,0.24215412139892578,False
767,168,38.061779372667395,0.00043218800055910833,0.24213123321533203,False
768,168,94.90882756581149,0.0004606239999702666,0.24210834503173828,False
773,168,116.75219597684526,0.0004297480008972343,0.24211597442626953,False
774,168,98.80581477839623,0.00043873699905816466,0.24210834503173828,False
775,168,94.42165013881433,0.00042897299863398075,0.24210071563720703,True
776,320,95.8473972374894,0.0004355829987616744,0.24214649200439453,True
779,168,47.28815125832501,0.00043939500028500333,0.24211597442626953,False
780,168,115.42629988722031,0.00044424800216802396,0.24211597442626953,False
782,168,95.20975124485074,0.00042617900180630386,0.24210071563720703,False
783,168,42.661281502213626,0.00044313199759926647,0.24214649200439453,False
784,168,43.65575890755542,0.00043133100189152174,0.24211597442626953,True
786,168,46.04327594888469,0.00043528600144782104,0.24213123321533203,True
787,168,42.60662316121596,0.0004360960010671988,0.24213123321533203,True
790,168,96.49386760564705,0.0004367360015749,0.24208545684814453,False
791,168,82.31555891795567,0.0004256470019754488,0.24213886260986328,False
792,168,47.900005476679205,0.0004675349991885014,0.24213123321533203,False
797,168,102.32761164310486,0.0004726730003312696,0.24211597442626953,True
798,168,86.58055494062344,0.00043850200017914176,0.24210834503173828,False
799,465,98.49929984702614,0.0015841940003156196,0.24210834503173828,True
800,320,88.71957556804266,0.00043205099791521206,0.24214649200439453,False
801,168,42.30266939903171,0.0004554879997158423,0.24211597442626953,False
802,168,106.87012050831784,0.0004237200009811204,0.24211597442626953,False
804,168,107.36958688766354,0.0004399719982757233,0.24210834503173828,True
806,168,90.81629848135604,0.00042701200072770007,0.24210071563720703,False
809,168,96.92424392118565,0.0004405469990160782,0.24213123321533203,False
810,168,42.49674367874506,0.0004426380000950303,0.24214649200439453,False
813,168,97.73741488923162,0.0004462550023163203,0.24212360382080078,False
815,168,97.58549660160422,0.0004395000032673124,0.24212360382080078,False
816,168,121.1224779578419,0.0004744610014313366,0.24210834503173828,False
817,168,83.45179728628617,0.00045163700269768015,0.24210071563720703,True
819,168,48.148108457038035,0.0005004689992347267,0.24213886260986328,False
820,168,39.610842303542974,0.0004278519991203211,0.24213886260986328,False
821,168,114.20570761873876,0.0004236690001562238,0.24210834503173828,False
823,168,64.78478622413704,0.00044702800005325116,0.24213123321533203,False
824,168,50.571717765105966,0.000427854000008665,0.24212360382080078,True
827,168,96.63363455651584,0.0004402570011734497,0.24211597442626953,False
828,168,49.614565751130044,0.00042636699799913913,0.24211597442626953,False
829,168,96.24924253127939,0.00042548199780867435,0.24209308624267578,False
831,168,71.02874007622158,0.0004458620023797266,0.24212360382080078,False
832,168,112.54213181844842,0.0004391109978314489,0.24212360382080078,False
833,168,93.6614217389542,0.0004287900010240264,0.24212360382080078,False
836,168,45.066810537272765,0.00044566199721884914,0.24214649200439453,True
841,168,47.544477292984105,0.00042801900053746067,0.24208545684814453,False
843,168,57.55919932998201,0.00042810000013560057,0.24213886260986328,True
844,168,96.2567222823796,0.0004286660005163867,0.24211597442626953,False
845,168,42.95848154077904,0.000430256000981899,0.24209308624267578,True
846,29,128.4898882500682,0.0004908299997623544,0.24203968048095703,False
850,168,90.38665197930972,0.0004472559994610492,0.24210834503173828,False
851,168,98.22601013076897,0.00046237199785537086,0.24211597442626953,False
853,168,106.55042558655288,0.0005187809983908664,0.24212360382080078,False
854,168,38.12960440201802,0.0004489379971346352,0.24213886260986328,False
855,168,114.79313556303578,0.00042334200043114834,0.24210834503173828,False
856,168,49.8504538962517,0.00044069000068702735,0.24212360382080078,False
857,168,45.473690543693216,0.0004271969992259983,0.24213123321533203,True
860,168,44.23773442512922,0.0004325320005591493,0.24211597442626953,False
862,168,44.30215344373649,0.0004439789991010912,0.24210834503173828,False
867,168,94.1972021868131,0.00042742699952214025,0.24212360382080078,False
868,168,40.035249751602755,0.0004313669996918179,0.24212360382080078,True
875,168,94.80995902828366,0.0004851259982388001,0.24211597442626953,False
876,168,98.3845046521847,0.00044976099889026955,0.24210834503173828,False
878,168,44.808516919158585,0.0004313489989726804,0.24209308624267578,True
880,168,123.46053868740829,0.00043323399950168096,0.24210071563720703,False
881,168,114.45187126430167,0.00042872800258919597,0.24210834503173828,False
882,168,95.78589245392715,0.00043323399950168096,0.24210071563720703,False
885,168,55.06587364207906,0.0004909879971819464,0.24213123321533203,False
887,168,94.71605472616312,0.00042625800051609986,0.24211597442626953,False
888,168,116.18107241401093,0.00046078100058366545,0.24210071563720703,False
890,168,45.690976587790544,0.00042974100142600946,0.24211597442626953,False
893,168,96.26610075628162,0.000490888996864669,0.24210071563720703,False
895,168,49.90471767743025,0.000482268998894142,0.24214649200439453,False
897,168,110.10022805797038,0.0004486370016820729,0.24211597442626953,False
900,168,98.55210148311264,0.0004697069998655934,0.24210071563720703,False
901,168,43.31194985903835,0.0004747669991047587,0.24211597442626953,True
902,168,125.90026444983354,0.000429798001277959,0.24213123321533203,False
904,168,47.21544812755653,0.00043223099783062935,0.24213123321533203,True
907,29,125.69893043150358,0.0004340109990152996,0.24202442169189453,False
908,168,45.51778536284633,0.0004438049982127268,0.24213886260986328,True
910,350,0.6478370872018979,0.00045640700045623817,0.24207019805908203,False
911,168,96.64593212326119,0.0004312999990361277,0.24210834503173828,False
915,168,40.34052397877935,0.0004492579973884858,0.24209308624267578,False
919,168,44.426563746103945,0.000436815000284696,0.24213123321533203,False
921,168,42.571900111625034,0.0004503390009631403,0.24214649200439453,False
922,168,40.807518433485754,0.00044316400089883246,0.24215412139892578,False
925,168,42.27592624506482,0.0004462609977053944,0.24211597442626953,False
928,168,76.8070581580755,0.0004321289998188149,0.24211597442626953,False
929,168,44.11172323262723,0.000439258998085279,0.24213123321533203,False
931,168,118.02945528170949,0.0004442099998414051,0.24210834503173828,False
932,168,40.66980948317581,0.00043525199725991115,0.24213886260986328,False
936,29,124.50960133974776,0.0004556599997158628,0.24200916290283203,True
937,168,94.19177862178219,0.0004292230005376041,0.24213123321533203,False
938,168,106.29634530934598,0.0004384379972179886,0.24210834503173828,False
942,168,111.4015795855141,0.0004420080003910698,0.24212360382080078,False
943,168,44.89513889257919,0.000448942999355495,0.24213886260986328,False
945,168,124.91554400810428,0.0004600969987222925,0.24211597442626953,True
948,168,101.0965685726753,0.0004483559969230555,0.24210071563720703,True
949,168,90.4704724385449,0.000448827999207424,0.24212360382080078,False
954,168,90.17983829532852,0.00044014300146955065,0.24212360382080078,True
958,168,107.01754152749385,0.00045735899766441435,0.24210071563720703,True
962,37,123.47691709712551,0.0004357229991001077,0.24197101593017578,False
964,168,123.51069099752476,0.00043506300062290393,0.24211597442626953,True
965,168,39.582026408046985,0.00045291599963093176,0.24209308624267578,True
967,168,51.6048579531811,0.0004659910009650048,0.24213886260986328,False
968,168,43.496432778788666,0.0004433370013430249,0.24211597442626953,False
969,168,66.49130168667159,0.00045599100121762604,0.24213123321533203,False
970,168,94.89049712414425,0.00042631299947970547,0.24210834503173828,False
973,168,106.48022604923618,0.00045128100100555457,0.24211597442626953,False
978,168,67.41256104062566,0.00047669600098743103,0.24213886260986328,False
979,168,45.44044177415988,0.00045036899973638356,0.24211597442626953,False
980,168,41.21318796159716,0.00044501199954538606,0.24214649200439453,False
985,168,105.86478266596043,0.0004779699993378017,0.24212360382080078,False
986,168,113.73104398477541,0.0004299950014683418,0.24212360382080078,False
987,37,122.49488167132097,0.0004583830013871193,0.24197864532470703,False
989,37,125.44661156020145,0.00043437099884613417,0.24195575714111328,False
990,168,42.09500074601844,0.00044797800001106225,0.24213886260986328,False
991,168,115.81701747604097,0.00044063099994673394,0.24210834503173828,False
992,168,49.92472038154775,0.00043830900176544674,0.24212360382080078,False
994,168,83.48992961092954,0.0004503939999267459,0.24212360382080078,True
995,168,67.37386384981247,0.0004478090013435576,0.24214649200439453,False
996,168,122.92787259256292,0.000433683002484031,0.24210834503173828,False
997,168,46.012153583923585,0.0004410170004121028,0.24213886260986328,False
999,168,110.02609623878809,0.00043408300189184956,0.24211597442626953,False
1000,168,101.82731421788881,0.00045752300138701685,0.24210071563720703,False
1002,168,39.0712686494188,0.00046004800242371857,0.24213123321533203,True
1004,168,44.721711712412166,0.0004829780009458773,0.24210834503173828,False
1006,168,100.60303319937388,0.00043532700146897696,0.24212360382080078,False
1007,168,94.60507989392038,0.0005774310011474881,0.24209308624267578,False
1008,320,97.95459656452942,0.0004325759982748423,0.24214649200439453,False
1010,320,98.08312649747009,0.00044156900185043924,0.24214649200439453,True
1012,168,108.91385710681753,0.00042611000026226975,0.24210834503173828,False
1013,168,37.933551480138014,0.0004562780013657175,0.24213123321533203,False
1014,168,95.53453325984552,0.00044281100053922273,0.24210834503173828,False
1015,168,42.73781358997455,0.00042764599857036956,0.24210834503173828,True
1020,168,45.02162305208128,0.0004481470023165457,0.24213886260986328,False
1022,168,41.41682452611554,0.000448065999080427,0.24215412139892578,False
1023,168,99.25830549921409,0.0004387359986139927,0.24211597442626953,False
1025,168,40.278256176737585,0.00043333099893061444,0.24214649200439453,False
1027,168,117.06817766890748,0.0004410920009831898,0.24210071563720703,False
1028,168,40.968567709003466,0.000447529000666691,0.24215412139892578,False
1029,168,99.17289279815607,0.00045496199891204014,0.24210071563720703,False
1031,168,41.61218552183792,0.000448252001660876,0.24210834503173828,False
1032,168,123.86960699561831,0.000566726997931255,0.24211597442626953,False
1034,168,113.21746462311245,0.0004657159988710191,0.24210834503173828,False
1038,168,106.39417932754507,0.00044915499893249944,0.24210834503173828,False
1039,168,99.5645872820779,0.0005146520015841816,0.24209308624267578,True
1040,168,96.86302171936751,0.00043737699888879433,0.24213123321533203,True
1046,168,42.40797165084927,0.0005404180010373238,0.24210834503173828,False
1047,168,37.4803512645311,0.00046666100024594925,0.24213886260986328,False
1048,168,94.59937604472701,0.00042908400064334273,0.24210071563720703,False
1049,168,93.8546688048748,0.0004553760009002872,0.24210071563720703,False
1050,168,95.53743376608544,0.00043527399975573644,0.24210834503173828,False
1051,168,95.45672340976387,0.00044698499914375134,0.24211597442626953,False
1054,168,108.05935045322212,0.0004331700001785066,0.24212360382080078,False
1056,168,49.402199136632525,0.0004339299994171597,0.24210834503173828,False
1057,168,96.10835287211913,0.00043021100282203406,0.24209308624267578,False
1058,168,95.30644956888267,0.0004232040009810589,0.24210834503173828,True
1059,168,39.07961042673487,0.00044341100146993995,0.24213886260986328,True
1061,168,44.34736413499661,0.00044913700185134076,0.24215412139892578,False
1062,168,84.5109326294085,0.00043971999912173487,0.24208545684814453,True
1064,168,47.177466610766466,0.00043441299931146204,0.24210834503173828,False
1065,168,69.5966266526958,0.00043453300168039277,0.24211597442626953,True
1070,168,96.8804366240674,0.00043971500053885393,0.24210834503173828,True
1071,168,122.37347827099366,0.0004454059999261517,0.24212360382080078,True
1076,168,94.30371835788839,0.00045946799946250394,0.24212360382080078,False
1077,168,123.35109823517043,0.00042872400081250817,0.24210071563720703,True
1083,168,40.79845676967606,0.0005463720008265227,0.24212360382080078,True
1087,168,98.6447431122712,0.00046574899897677824,0.24211597442626953,False
1088,168,50.521303679240596,0.0004281780020392034,0.24209308624267578,False
1091,168,108.89519868740423,0.0004767199970956426,0.24211597442626953,False
1093,29,125.00061596448414,0.00042748000123538077,0.24203205108642578,False
1095,168,39.34756071077683,0.00047561199971823953,0.24215412139892578,False
1101,168,43.09881715286242,0.0009066479979082942,0.24215412139892578,False
1105,168,106.55147188628466,0.0004248470031598117,0.24210834503173828,False
1106,168,62.257319421089576,0.00043803199878311716,0.24213886260986328,False
1107,168,38.73698406208882,0.0004930350005452055,0.24214649200439453,False
1108,168,99.03524327838313,0.00043870000081369653,0.24210834503173828,False
1110,168,93.7214828718019,0.0004332409989729058,0.24212360382080078,False
1112,168,95.89126972046998,0.0004360390012152493,0.24212360382080078,True
1114,187,72.67395917738108,0.0004301189983380027,0.24213886260986328,False
1115,168,121.83547462950433,0.0004529049983830191,0.24211597442626953,False
1116,168,42.05989535038471,0.00045474899889086373,0.24210834503173828,False
1118,168,72.969362907332,0.00045269099791767076,0.24213886260986328,False
1119,168,43.64434818668956,0.0004405210020195227,0.24212360382080078,True
1120,168,38.4797276988586,0.0004351010029495228,0.24212360382080078,False
1122,168,105.47434898715122,0.0004271199977665674,0.24209308624267578,False
1128,168,43.564221136243575,0.000460228999145329,0.24213123321533203,False
1129,168,42.01960830944835,0.0004355320015747566,0.24211597442626953,True
1132,168,92.83573157863083,0.0004289169992262032,0.24211597442626953,False
1135,168,105.46071464339474,0.00051299999904586,0.24210834503173828,False
1136,37,128.36481280530444,0.00047429100231966004,0.24202442169189453,False
1138,168,48.703581052901555,0.00043224700129940175,0.24210834503173828,False
1140,37,125.13730966926413,0.0010578239998721983,0.24199390411376953,True
1141,168,98.06941401619123,0.00043011800153180957,0.24210071563720703,False
1146,168,98.54208518882706,0.00042791499799932353,0.24211597442626953,False
1147,168,40.566423172709726,0.0004619130013452377,0.24215412139892578,False
1155,168,49.75270136152295,0.00043936300062341616,0.24210834503173828,False
1157,168,96.95820739299182,0.0004511070001171902,0.24209308624267578,True
1159,168,111.15024677660719,0.0005344189994502813,0.24210834503173828,True
1161,168,104.31799996447823,0.0004346959976828657,0.24210071563720703,False
1163,168,123.36855769986195,0.0004431670022313483,0.24210834503173828,False
1165,168,89.27126773038461,0.0004391149996081367,0.24210071563720703,False
1166,376,38.773216310279395,0.0004454519985301886,0.24216175079345703,False
1167,168,54.47332768936821,0.0004496690016821958,0.24213123321533203,True
1168,168,52.059335795136484,0.0004572349971567746,0.24207782745361328,True
1170,168,103.01058585983472,0.0004345190027379431,0.24210834503173828,False
1175,168,75.2045792755881,0.0004292110024834983,0.24211597442626953,False
1178,168,43.58347141545292,0.0004585450005833991,0.24213886260986328,True
1179,168,42.958011760160865,0.00042758299969136715,0.24213886260986328,False
1181,168,99.97833755645927,0.0004495649991440587,0.24212360382080078,True
1182,168,93.10181884785814,0.0004378199992061127,0.24211597442626953,True
1183,168,45.10101573674398,0.0004330159972596448,0.24212360382080078,False
1189,168,68.59405845273484,0.0004448790023161564,0.24211597442626953,False
1190,168,95.37693571332515,0.0005012700021325145,0.24212360382080078,False
1194,29,124.0526556919809,0.00043878500218852423,0.24202442169189453,False
1195,168,48.122150036714,0.0004312659984861966,0.24214649200439453,False
1196,168,97.54588738347617,0.0004340800005593337,0.24210071563720703,False
1197,168,48.302311400699296,0.0004665810010919813,0.24213886260986328,False
1198,168,61.18725779504039,0.00042604700138326734,0.24213123321533203,False
1199,168,40.53656767442089,0.000636081000266131,0.24213886260986328,False
1201,168,43.7286346140076,0.0004235900014464278,0.24210071563720703,False
1204,168,83.1615430375494,0.0004451220011105761,0.24214649200439453,False
1205,168,109.97810719613416,0.00043069100138382055,0.24210834503173828,True
1206,168,97.43010939267533,0.00043351100248401053,0.24210834503173828,False
1207,168,41.99292455856745,0.0004312230012146756,0.24210071563720703,False
1208,37,124.5106522717218,0.0004308729985496029,0.24202442169189453,True
1211,168,94.66469926088507,0.0004355749988462776,0.24212360382080078,False
1212,168,39.00042441614315,0.0004359639970061835,0.24213886260986328,True
1213,168,71.47163264611535,0.00043897400246351026,0.24210834503173828,True
1214,168,45.50873964086676,0.0004288949967303779,0.24210834503173828,False
1215,168,89.42462377180235,0.0004370759997982532,0.24208545684814453,False
1219,168,54.48302327066855,0.0004437379975570366,0.24214649200439453,False
1220,168,94.83844125721104,0.0010566630007815547,0.24213123321533203,False
1221,168,41.85832363991593,0.0004500190007092897,0.24213886260986328,False
1222,168,92.74528053833029,0.00043711400212487206,0.24210071563720703,True
1223,168,107.42253315351437,0.00042972699884558097,0.24210071563720703,True
1225,168,44.337681379599935,0.0006830330021330155,0.24209308624267578,False
1226,168,106.90957733680187,0.0004444350015546661,0.24210834503173828,False
1227,37,127.91340834479065,0.00044916500337421894,0.24201679229736328,True
1228,168,98.54518202380392,0.0004280260000086855,0.24211597442626953,False
1231,168,120.67021050185711,0.00042685599692049436,0.24210834503173828,False
1235,168,37.43738371113111,0.0004280379980627913,0.24213123321533203,False
1237,168,39.105026262132554,0.00045481999768526293,0.24213886260986328,True
1239,168,103.11416586534475,0.0004752289969474077,0.24209308624267578,False
1241,168,80.53567729183713,0.0004215400003886316,0.24209308624267578,False
1242,168,115.58798462367469,0.0004528559984464664,0.24210834503173828,False
1246,168,115.6347672149498,0.0004259310007910244,0.24210834503173828,False
1248,168,40.507486824376144,0.0004523589996097144,0.24213886260986328,False
1250,168,65.79779968871215,0.0004488419981498737,0.24214649200439453,False
1251,168,75.73790784374307,0.00043183600064367056,0.24210071563720703,False
1252,168,71.23671471447658,0.00043992799692205153,0.24215412139892578,False
1253,168,37.500320512746995,0.00043780700070783496,0.24213886260986328,False
1254,168,97.48569308821536,0.0005035549984313548,0.24209308624267578,False
1262,168,96.75677419335902,0.00043746600204030983,0.24210834503173828,False
1264,168,79.54941414499535,0.0004715169998235069,0.24214649200439453,False
1267,168,36.09698862404273,0.00044193400026415475,0.24214649200439453,False
1269,168,44.174823628132245,0.00045456299994839355,0.24213886260986328,False
1270,168,36.1261012456036,0.0004366430002846755,0.24213123321533203,False
1271,168,96.05556486962115,0.0004420629993546754,0.24210071563720703,False
1272,406,0.7808931640438057,0.0005225810018600896,0.24214649200439453,False
1276,168,41.0876242196382,0.0004313870012992993,0.24213123321533203,False
1280,168,77.00753486227745,0.00043222900058026426,0.24208545684814453,True
1282,168,73.75130169163842,0.000613853000686504,0.24210834503173828,False
1283,168,102.79471564220931,0.00047426899982383475,0.24210834503173828,False
1286,192,0.364478171815604,0.0004476260000956245,0.24214649200439453,False
1288,168,39.46950207180987,0.00044000900015817024,0.24215412139892578,False
1289,168,41.85999923995911,0.0004376270007924177,0.24215412139892578,True
1294,168,50.517172018087464,0.00044830600018030964,0.24209308624267578,True
1296,168,89.99812168346728,0.0004264660019543953,0.24208545684814453,False
1297,37,126.93768565163012,0.0004475960013223812,0.24200153350830078,True
1299,168,41.226858656240516,0.0004385760003060568,0.24210834503173828,False
1301,168,36.35897603355165,0.00043422499948064797,0.24213886260986328,False
1303,320,85.66719287964257,0.0004367729998193681,0.24213886260986328,False
1305,168,113.20588445395316,0.0004593980011122767,0.24212360382080078,False
1306,168,121.35899140884207,0.00046031500096432865,0.24211597442626953,False
1308,168,40.107482965057784,0.0004429319997143466,0.24214649200439453,False
1309,168,99.43231527673443,0.00043024099795729853,0.24212360382080078,False
1310,168,50.29873566712613,0.0004457300019566901,0.24211597442626953,False
1311,168,37.433392099599,0.00044768400039174594,0.24213123321533203,False
1312,168,103.91336016101197,0.0004378830017230939,0.24212360382080078,False
1313,168,50.574870217808154,0.00045626700011780486,0.24214649200439453,False
1318,168,81.52643435674065,0.0004485579993342981,0.24210071563720703,False
1319,168,99.61532433655951,0.00045084299927111715,0.24210834503173828,False
1320,168,76.87501658678147,0.0004294739992474206,0.24213123321533203,False
1323,320,99.4902563376226,0.0005673339983331971,0.24214649200439453,False
1325,168,95.4781904163915,0.00042743700032588094,0.24210071563720703,False
1327,168,42.125911322918185,0.0004686290012614336,0.24215412139892578,False
1328,168,122.18529084208326,0.00045366700214799494,0.24210834503173828,False
1330,168,39.514470585947976,0.0004338220023782924,0.24210834503173828,True
1333,168,104.04406707857478,0.00044775499918614514,0.24210834503173828,False
1334,168,41.4609473362618,0.0004454179979802575,0.24213123321533203,False
1337,29,130.65818348878028,0.000435294998169411,0.24203205108642578,False
1338,168,98.36071334748344,0.00043217199709033594,0.24209308624267578,False
1339,168,36.7438775012546,0.0004485259996727109,0.24215412139892578,False
1345,168,64.64280383026573,0.0004446759994607419,0.24212360382080078,False
1347,168,38.41350901803799,0.0004433430003700778,0.24214649200439453,False
1348,168,123.75139177757761,0.00046109100003377534,0.24210834503173828,False
1349,168,96.39552904336114,0.00042704199950094335,0.24211597442626953,False
1352,168,48.93396659490712,0.0004616939986590296,0.24210071563720703,False
1356,168,96.55817412337697,0.00042528700214461423,0.24209308624267578,False
1357,168,86.10241330576078,0.0005177700004423968,0.24213886260986328,False
1358,168,124.4657028324475,0.0004312450000725221,0.24211597442626953,False
1361,168,38.93971718153716,0.00045215800128062256,0.24213886260986328,True
1363,168,115.33562944100372,0.0005809609974676277,0.24211597442626953,False
1364,168,35.93967650217758,0.0004344530025264248,0.24214649200439453,False
1366,168,37.713905784524066,0.0004412760026752949,0.24213123321533203,False
1369,37,123.1793589175644,0.00042822899922612123,0.24203205108642578,False
1372,168,85.74520971703481,0.00044008600161760114,0.24209308624267578,False
1374,168,113.6670235315905,0.0005038710005464964,0.24210071563720703,False
1376,168,118.72641919363936,0.0004401660007715691,0.24212360382080078,False
1377,168,38.89394004314573,0.0008931820011639502,0.24214649200439453,False
1379,168,87.1506572898304,0.0004267609983799048,0.24213886260986328,True
1381,168,116.33702373557922,0.0004273329977877438,0.24211597442626953,False
1382,168,36.99877570112967,0.0004364589985925704,0.24213886260986328,False
1383,168,40.20616197603242,0.00044187499952386133,0.24214649200439453,True
1384,168,48.139834612628796,0.0004696910000347998,0.24211597442626953,False
1388,168,89.63537801704163,0.00044645199886872433,0.24210834503173828,True
1390,168,98.07860925710702,0.00044363600318320096,0.24210834503173828,False
1392,168,105.81248049682296,0.0007178240011853632,0.24209308624267578,True
1398,168,56.22963380937782,0.0004557149986794684,0.24209308624267578,False
1399,168,45.76672053755308,0.0004551560014078859,0.24211597442626953,False
1401,168,93.81877850597988,0.00044583800263353623,0.24212360382080078,True
1403,168,37.56064107094513,0.0004310709991841577,0.24213886260986328,False
1404,168,116.31757465955671,0.00046187499901861884,0.24211597442626953,False
1406,168,44.62416884963518,0.0008026149989746045,0.24210834503173828,False
1407,168,92.21785664283529,0.00043431999802123755,0.24209308624267578,False
1409,168,101.57825297174443,0.0004273919985280372,0.24210834503173828,False
1410,168,50.53515637363048,0.0004281840010662563,0.24213123321533203,True
1412,168,98.2222473714418,0.0004300169966882095,0.24213123321533203,False
1413,168,92.13036700603632,0.0004410289984662086,0.24210071563720703,False
1414,168,45.145085079087,0.00045374600085779093,0.24210071563720703,False
1416,168,98.53971492894891,0.0004256860011082608,0.24210071563720703,True
1417,168,71.64338720651772,0.00044180400072946213,0.24213886260986328,False
1418,168,43.46921247969901,0.0004327240021666512,0.24215412139892578,False
1421,168,77.13398266674324,0.00043889899825444445,0.24210834503173828,False
1423,168,45.47374268698546,0.0004318469982536044,0.24211597442626953,False
1429,168,94.64089244272525,0.00046846199984429404,0.24210071563720703,False
1432,168,98.4010540426766,0.00044650900235865265,0.24210834503173828,False
1440,168,94.17575077122287,0.0004511990009632427,0.24210834503173828,False
1441,168,45.01593104393817,0.00044698500278173015,0.24212360382080078,False
1442,168,92.58475953307355,0.0004466220016183797,0.24212360382080078,True
1443,168,46.55237098803371,0.0004801440009032376,0.24211597442626953,False
1444,168,99.48689147592263,0.000445696001406759,0.24212360382080078,False
1445,168,119.18657484446075,0.00042994500108761713,0.24212360382080078,False
1447,168,90.48940632738748,0.0004463849982130341,0.24210071563720703,False
1453,168,98.85550750447155,0.00044257600166019984,0.24210834503173828,True
1456,168,56.37810471505449,0.00042954400123562664,0.24213886260986328,False
1457,168,41.222872561888806,0.0006086739995225798,0.24215412139892578,False
1459,168,39.21101953887077,0.0004537679997156374,0.24210834503173828,False
1461,168,53.80922124358845,0.00043734700011555105,0.24210071563720703,False
1462,168,123.01122187086409,0.00043482000182848424,0.24210071563720703,False
1464,168,92.45152015548737,0.00042623999979696237,0.24209308624267578,False
1465,168,86.53128240298223,0.0004402110025694128,0.24211597442626953,False
1466,168,79.85647471710641,0.0004612439988704864,0.24211597442626953,False
1467,168,107.05590896206174,0.00043628099956549704,0.24212360382080078,False
1469,168,83.54062799207615,0.0004279249988030642,0.24210071563720703,False
1471,168,106.01367736287062,0.00045356199916568585,0.24209308624267578,True
1473,168,122.4854889124848,0.00048176200289162807,0.24210834503173828,False
1475,168,126.44060659214212,0.0006699969999317545,0.24210834503173828,False
1478,168,98.46564868874685,0.00042994300019927323,0.24213123321533203,False
1482,168,104.82621885618275,0.0006558979985129554,0.24210071563720703,False
1483,168,98.22143338604458,0.0004343370019341819,0.24212360382080078,False
1487,168,47.40973572297686,0.0004350989984232001,0.24209308624267578,False
1488,168,119.68855145921918,0.0004308770003262907,0.24210834503173828,False
1490,168,86.53256158432872,0.000429643001552904,0.24210834503173828,False
1491,168,95.83930877464651,0.0004529750003712252,0.24212360382080078,False
1494,168,109.17571995889782,0.00044221999996807426,0.24211597442626953,False
1495,168,47.93637407794909,0.00045263200081535615,0.24213886260986328,False
1496,168,39.34419160233748,0.0004750280022562947,0.24215412139892578,False
1497,168,46.68639164237488,0.0005440259992610663,0.24210834503173828,False
1499,376,56.923966036730484,0.00043366099998820573,0.24215412139892578,False
1500,168,41.65086423139634,0.0004293240017432254,0.24213123321533203,False
1502,168,84.59423726177964,0.0004315449987188913,0.24210834503173828,True
1503,168,42.74259410777239,0.0004379109996079933,0.24210834503173828,False
1504,168,101.26739977525271,0.00042913499783026055,0.24212360382080078,True
1509,168,39.72885037165099,0.00048308899931726046,0.24213886260986328,True
1512,168,82.45229857284662,0.00045337999836192466,0.24213886260986328,False
1514,168,37.66229744873263,0.0004515449982136488,0.24213886260986328,False
1517,168,41.156386972783096,0.00048712299758335575,0.24214649200439453,False
1518,168,111.54493723317931,0.00045409300219034776,0.24212360382080078,False
1519,168,100.25976481059587,0.0004789500017068349,0.24212360382080078,False
1522,168,98.51797876063807,0.00043286100117256865,0.24211597442626953,False
1523,168,127.53306357868371,0.0004486720026761759,0.24212360382080078,True
1524,168,81.86473142888693,0.0005243429986876436,0.24210071563720703,False
1525,168,77.33844702205174,0.00045550100185209885,0.24213886260986328,False
1527,168,128.54730598813802,0.00044191599954501726,0.24210834503173828,False
1529,168,106.61245556851115,0.0004343719992903061,0.24212360382080078,True
1530,168,127.58749943685199,0.0004311820011935197,0.24211597442626953,False
1534,168,37.914383690382365,0.0004277030020602979,0.24213886260986328,False
1538,168,89.16987775882063,0.00046661200030939654,0.24213886260986328,False
1540,168,93.6922069043923,0.0004378909980005119,0.24212360382080078,False
1541,320,95.96191384278146,0.00042970199865521863,0.24214649200439453,False
1543,168,94.84025893665581,0.00043834600000991486,0.24210071563720703,False
1544,168,49.19586495993508,0.0004415719995449763,0.24213123321533203,False
1545,168,112.94972000643355,0.0004364119995443616,0.24210834503173828,True
1552,168,101.22185635022804,0.00044309299846645445,0.24209308624267578,False
1553,320,96.28577865809773,0.0004321019987401087,0.24214649200439453,False
1554,168,88.62490461413036,0.0004358510013844352,0.24209308624267578,False
1555,37,125.40134826960922,0.00043969900070806034,0.24201679229736328,False
1556,320,87.16530411327412,0.0004523919997154735,0.24213123321533203,False
1559,168,96.90640170118638,0.0004428569991432596,0.24209308624267578,False
1563,168,43.231080293721824,0.00044846200034953654,0.24213886260986328,False
1566,168,39.159305192118715,0.0005734990008932073,0.24213886260986328,True
1568,168,93.73188944853125,0.00042953599768225104,0.24210834503173828,False
1569,168,91.12269923191357,0.00045400399903883226,0.24212360382080078,False
1573,168,43.75246992972569,0.0004294740028853994,0.24210071563720703,True
1576,168,123.46522393401871,0.00044318599975667894,0.24210834503173828,False
1577,168,70.3370207652803,0.00044917300328961574,0.24213123321533203,True
1578,168,92.37085301573032,0.0004399779973027762,0.24211597442626953,True
1580,168,51.10363883699098,0.0004405130021041259,0.24210071563720703,True
1581,168,38.97762767304628,0.0004440019984031096,0.24208545684814453,False
1582,168,41.210756859633904,0.0004476470021472778,0.24213123321533203,False
1586,37,125.8463013374299,0.000421868000557879,0.24201679229736328,True
1587,168,37.479452156626294,0.00044339899977785535,0.24214649200439453,True
1588,168,100.55311887913216,0.00043736499719670974,0.24210071563720703,False
1589,168,94.56135275982713,0.0004350769995653536,0.24210071563720703,False
1590,37,128.85432648194958,0.00043304100108798593,0.24200916290283203,True
1591,168,91.85166242810912,0.0004407779997563921,0.24210071563720703,False
1594,168,114.58696947623856,0.00042924800072796643,0.24210834503173828,False
1596,168,41.32919703578036,0.00043852599992533214,0.24213886260986328,False
1598,168,47.65246242216457,0.0004741929988085758,0.24215412139892578,True
1599,168,74.67003066767298,0.0004325480003899429,0.24212360382080078,False
1600,168,69.22964758777191,0.00044032099685864523,0.24213886260986328,True
1601,168,96.14708357191061,0.0004338609978731256,0.24212360382080078,False
1602,168,38.17898627043554,0.0004528169993136544,0.24214649200439453,False
1604,168,38.59852964806829,0.0004247510005370714,0.24208545684814453,True
1605,320,87.71631067349233,0.0004468120023375377,0.24214649200439453,True
1606,168,39.835911564537156,0.0004339820006862283,0.24214649200439453,False
1607,168,98.44236709502158,0.0004581850007525645,0.24210834503173828,True
1608,168,116.85974818112035,0.0004397999982757028,0.24210071563720703,False
1611,168,36.253855819951156,0.0004276510007912293,0.24211597442626953,True
1612,168,87.11943036520408,0.0004438130017661024,0.24213123321533203,False
1613,168,114.96915425339124,0.00042516200119280256,0.24210834503173828,False
1614,168,77.01851723755897,0.00043185500180698,0.24213123321533203,False
1615,168,39.14943728108072,0.0004355219971330371,0.24214649200439453,False
1616,168,82.78059233515748,0.0004753540015371982,0.24210834503173828,True
1618,168,96.50732501722987,0.0004382959996291902,0.24211597442626953,False
1619,168,97.10355991626885,0.0004475459973036777,0.24210071563720703,True
1621,168,95.98929828517244,0.00044930299918632954,0.24212360382080078,True
1623,168,93.80815284774773,0.00043783100045402534,0.24212360382080078,False
1625,168,99.38512336323689,0.0004547660028038081,0.24210071563720703,False
1628,168,107.35160629042701,0.0004423649988893885,0.24211597442626953,False
1629,168,44.23779889601175,0.0004253859988239128,0.24210834503173828,True
1631,168,94.79061002755135,0.0004433370013430249,0.24210834503173828,True
1632,168,42.88173255843936,0.0004353010008344427,0.24210071563720703,True
1637,168,103.30656076902211,0.0004401240003062412,0.24210071563720703,False
1638,168,97.28104595821735,0.0004648569993150886,0.24210071563720703,False
1640,168,107.51747649063188,0.0004256879983586259,0.24210834503173828,False
1647,168,99.19479458807453,0.000458318001619773,0.24210071563720703,False
1648,168,111.47274639376019,0.00042795600165845826,0.24210834503173828,False
1651,168,47.85809242377136,0.00043244200060144067,0.24213886260986328,False
1655,168,95.79536416284633,0.0012599909969139844,0.24210071563720703,False
1656,168,39.2195733364053,0.00042633900011423975,0.24214649200439453,False
1657,168,34.64183278533124,0.0004438899995875545,0.24211597442626953,True
1661,168,54.2683037876638,0.00045096899702912197,0.24212360382080078,False
1662,168,90.81430089254668,0.0004757290007546544,0.24209308624267578,False
1665,168,91.69087606334922,0.000422021999838762,0.24210071563720703,True
1668,168,84.87590067694644,0.0004351069983385969,0.24214649200439453,False
1672,37,122.7271677980978,0.0004420849982125219,0.24199390411376953,False
1674,168,39.263482493949176,0.00043130099948029965,0.24213123321533203,False
1677,168,61.75992372209849,0.000438375001976965,0.24213886260986328,False
1679,168,80.33462105315168,0.0005219910017331131,0.24209308624267578,True
1683,168,44.596584120681946,0.00044846800301456824,0.24212360382080078,True
1687,168,45.185496629644575,0.00043295400246279314,0.24209308624267578,False
1688,168,91.27633915791091,0.0004806830002053175,0.24210071563720703,False
1691,168,93.42917368863183,0.00046750600085943006,0.24212360382080078,True
1692,168,45.11337384361979,0.0004282240006432403,0.24211597442626953,False
1694,168,98.83480048659017,0.0004372040020825807,0.24210071563720703,True
1695,168,122.37385239623453,0.0004441069977474399,0.24210071563720703,False
1697,168,109.41913885462597,0.000428620998718543,0.24211597442626953,False
1700,168,95.12061264249503,0.0004264390008756891,0.24212360382080078,True
1703,168,70.48195761147575,0.0004335509984230157,0.24211597442626953,False
1705,376,87.31505477899067,0.00044625000009546056,0.24215412139892578,False
1706,168,84.19777610684756,0.0004239759982738178,0.24211597442626953,False
1708,168,43.1717799456314,0.00043018499854952097,0.24210834503173828,True
1709,168,40.07789711867842,0.0004394290008349344,0.24210834503173828,False
1711,168,80.71761921314423,0.0004622839987860061,0.24210071563720703,False
1713,320,100.5391853467871,0.00044074900142732076,0.24214649200439453,False
1714,168,41.08963145709406,0.00042456200026208535,0.24210834503173828,True
1718,168,93.99674596369728,0.00045895999937783927,0.24211597442626953,False
1720,259,6.369065017480656,0.00045334500100580044,0.24214649200439453,False
1721,168,45.81378894016902,0.00045345499893301167,0.24214649200439453,False
1723,37,98.62775124788642,0.00047071099834283814,0.24213123321533203,False
1725,168,39.33599841822603,0.0004556150015559979,0.24210834503173828,False
1726,168,64.8684268218913,0.0004408429995237384,0.24210071563720703,False
1727,168,85.37301464392027,0.0004366710018075537,0.24213886260986328,False
1729,168,44.32313570623701,0.0004337289974500891,0.24212360382080078,True
1732,168,119.42703809830122,0.00044028100091964006,0.24211597442626953,False
1735,168,87.20574156104483,0.0004412520029291045,0.24210071563720703,False
1736,168,43.71303141811549,0.0004359580016171094,0.24213886260986328,False
1737,168,38.529787384454,0.0004380889986350667,0.24213123321533203,True
1738,168,89.42217020171366,0.0004437200004758779,0.24210071563720703,False
1740,168,118.00019256605728,0.00042662499981815927,0.24210071563720703,False
1741,168,87.36765037058744,0.0004416900010255631,0.24210834503173828,False
1742,168,99.10345341224186,0.00044048299969290383,0.24211597442626953,False
1743,168,66.15904069821809,0.00042706399835878983,0.24213886260986328,False
1744,168,100.94891794059009,0.00042500400013523176,0.24209308624267578,False
1745,168,102.24089261169918,0.00044248699850868434,0.24211597442626953,False
1746,168,38.505145483625576,0.0004435740011103917,0.24214649200439453,False
1749,168,103.39790678661925,0.0004388609995658044,0.24209308624267578,False
1756,168,39.84874000104377,0.0004418839998834301,0.24214649200439453,False
1758,168,107.12147429374335,0.000431439999374561,0.24209308624267578,True
1759,168,82.53677208303272,0.0004404679966683034,0.24208545684814453,False
1760,168,44.73109217607355,0.0005587779996858444,0.24213123321533203,False
1761,168,47.26292210935772,0.0004584239977702964,0.24211597442626953,False
1762,168,93.92674867334776,0.00047061200166353956,0.24213123321533203,True
1763,168,45.229057882233,0.00043229600123595446,0.24210834503173828,False
1764,168,115.71724539823956,0.0004786240024259314,0.24213123321533203,False
1767,168,89.97869597496259,0.000568172999919625,0.24210834503173828,True
1768,168,91.65718384650344,0.00044322499888949096,0.24210834503173828,False
1769,37,129.97256490287322,0.0004389669993543066,0.24202442169189453,False
1770,168,98.30394219145249,0.0004471740030567162,0.24210834503173828,True
1771,168,88.9701398160792,0.00042771700100274757,0.24210071563720703,False
1773,168,43.568016563608005,0.0004365249988040887,0.24211597442626953,False
1775,168,57.53192741774705,0.00043943600030615926,0.24213886260986328,False
1777,168,90.96083287106819,0.000432395998359425,0.24212360382080078,False
1780,168,76.3709346249408,0.0004492049993132241,0.24213123321533203,True
1782,168,46.440232485898036,0.0004377830009616446,0.24211597442626953,True
1783,168,96.65294522406683,0.0004291499972168822,0.24210834503173828,False
1785,168,80.11463539870157,0.0004599109997798223,0.24213886260986328,False
1788,168,94.17665474451412,0.00042788900100276805,0.24213123321533203,False
1792,168,93.80234191259154,0.000426372997026192,0.24210834503173828,False
1793,168,40.7174257572964,0.00044953199903829955,0.24213886260986328,False
1797,168,108.98744649995831,0.00046434700198005885,0.24211597442626953,False
1803,168,102.90573048047281,0.0005176990016479976,0.24210834503173828,False
1804,320,98.07461274953212,0.00044978499863645993,0.24214649200439453,True
1808,168,114.08180365564327,0.0004368919981061481,0.24212360382080078,False
1809,168,101.80213243046093,0.0004290729993954301,0.24210071563720703,False
1811,168,111.77508384247949,0.00044183499994687736,0.24210834503173828,True
1814,168,59.65081888637395,0.00042593800026224926,0.24214649200439453,False
1819,168,37.70155989273863,0.0004408040003909264,0.24212360382080078,False
1821,168,122.22747815532261,0.00044248700214666314,0.24211597442626953,True
1823,168,99.78509096862841,0.0004249539997545071,0.24209308624267578,False
1826,168,96.22898584140985,0.00048294699809048325,0.24208545684814453,False
1827,168,113.41665381760862,0.0004575339989969507,0.24211597442626953,False
1828,168,40.23799794905852,0.0004566590032482054,0.24214649200439453,False
1831,168,36.92073393272612,0.00043968300087726675,0.24213886260986328,False
1834,168,93.09438005008128,0.00042913300057989545,0.24212360382080078,False
1835,168,118.13216806413959,0.0004231059974699747,0.24211597442626953,False
1836,168,39.7921171705431,0.00044920199798070826,0.24211597442626953,True
1837,168,96.44957489118232,0.00044200300180818886,0.24211597442626953,True
1838,168,92.9868187723563,0.000429604002420092,0.24211597442626953,False
1839,168,128.68103105562136,0.0004307849994802382,0.24211597442626953,True
1840,168,117.26668806187696,0.000434604000474792,0.24212360382080078,False
1842,168,114.07085565729652,0.00042590299926814623,0.24211597442626953,False
1843,168,97.97632986037503,0.0004404230021464173,0.24211597442626953,True
1844,168,46.46029926770901,0.00044275699838181026,0.24213123321533203,True
1847,168,109.76498947992582,0.00043546499728108756,0.24211597442626953,True
1849,168,112.43448134961776,0.00043578899931162596,0.24210834503173828,False
1850,37,123.75562303522499,0.00045185600174590945,0.24202442169189453,False
1854,168,94.720555665268,0.0004845200019190088,0.24213123321533203,False
1857,168,85.92474485097827,0.00045628700172528625,0.24215412139892578,False
1863,168,128.40749991393798,0.0004259100023773499,0.24211597442626953,False
1864,168,42.45782117357072,0.0004421619996719528,0.24212360382080078,True
1868,168,116.95365231482302,0.00043607299812720157,0.24210834503173828,False
1872,168,75.23407720179138,0.00042463299905648455,0.24212360382080078,True
1875,168,96.14011854268237,0.0004346389978309162,0.24210834503173828,False
1878,168,70.99069483409909,0.00045226699876366183,0.24214649200439453,False
1879,168,47.79193695632029,0.00043582099897321314,0.24213886260986328,False
1881,168,102.05480760620628,0.00043688900041161105,0.24210071563720703,False
1884,168,92.66892363903996,0.0004264509989297949,0.24211597442626953,True
1885,168,70.02075039047766,0.00043780100168078206,0.24213886260986328,False
1886,168,76.06035159917994,0.0004287650008336641,0.24213886260986328,False
1891,168,93.44182756877457,0.0004403809980431106,0.24211597442626953,False
1899,37,95.98286424409145,0.000508234999870183,0.24210834503173828,False
1900,168,46.274121131780134,0.0004293179990781937,0.24212360382080078,True
1901,168,42.39913298341997,0.0004430110020621214,0.24215412139892578,False
1903,168,91.4532271634087,0.0004453840010683052,0.24210071563720703,False
1904,168,44.86926348909193,0.00045301699719857424,0.24213886260986328,False
1905,168,47.66855997414198,0.00048449300084030256,0.24213123321533203,False
1906,168,125.24974252363732,0.00044251799772609957,0.24210834503173828,False
1912,168,46.579230348880756,0.00043392299994593486,0.24212360382080078,True
1917,320,95.01625013679345,0.00043218599967076443,0.24214649200439453,True
1918,168,98.56984644019843,0.00042859200038947165,0.24210834503173828,False
1919,168,76.59147987286254,0.0004434670008777175,0.24212360382080078,False
1920,168,37.47955660146796,0.00047270100185414776,0.24213886260986328,False
1921,168,39.98813005369584,0.0005171619995962828,0.24214649200439453,False
1922,168,93.13048935358752,0.00043842699960805476,0.24210834503173828,False
1923,168,35.4934207933705,0.00042958099948009476,0.24213123321533203,False
1924,168,40.47122809967469,0.00043668400030583143,0.24215412139892578,False
1926,168,119.34429781608011,0.0004348049988038838,0.24210071563720703,False
1928,168,113.75650059274317,0.000458017999335425,0.24210834503173828,False
1929,168,95.41870177807216,0.000447682999947574,0.24210071563720703,False
1931,168,105.77131140774617,0.00044499800060293637,0.24210071563720703,True
1937,168,39.16091503175345,0.0004570199998852331,0.24214649200439453,True
1938,168,45.231826180188925,0.0004473270018934272,0.24213123321533203,False
1940,168,94.82861090726247,0.00044534200060297735,0.24213123321533203,False
1942,376,52.25915623310047,0.0004292230005376041,0.24215412139892578,False
1945,37,123.73173164176191,0.00043668000216712244,0.24198627471923828,False
1946,168,47.23504110833748,0.00042501799907768145,0.24210834503173828,False
1948,168,111.32489225420638,0.00042867299998761155,0.24211597442626953,False
1951,168,82.42252931240202,0.0004360009988886304,0.24208545684814453,True
1952,168,95.93307339562843,0.0004412179987411946,0.24210071563720703,False
1954,168,70.68647074283743,0.0004329590010456741,0.24212360382080078,False
1956,168,60.73666487943032,0.00042859799941652454,0.24210834503173828,True
1959,168,82.54620280310438,0.0004364540000096895,0.24214649200439453,False
1960,168,89.5696604218589,0.0004396559997985605,0.24211597442626953,False
1961,168,43.507379403001856,0.00044057899867766537,0.24212360382080078,True
1963,168,42.701762794682566,0.0004518129971984308,0.24211597442626953,False
1965,168,66.44482530049068,0.00042763600140460767,0.24214649200439453,False
1966,168,115.688448845951,0.0004333459983172361,0.24211597442626953,False
1971,320,92.37575373332606,0.000422364999394631,0.24214649200439453,False
1976,168,98.71500315776292,0.00044846199671155773,0.24210834503173828,False
1978,168,114.85825784036027,0.000436968999565579,0.24210834503173828,True
1980,168,46.07328299265097,0.00045828300062566996,0.24211597442626953,False
1981,168,43.45871762988977,0.0004255900021234993,0.24208545684814453,False
1982,168,39.88922166033455,0.00042391999886604026,0.24210834503173828,True
1985,168,52.86451710334491,0.00043282499973429367,0.24210071563720703,False
1986,168,43.16540843988857,0.0004355490018497221,0.24207782745361328,True
1987,168,41.22008662134815,0.00042771500011440367,0.24210071563720703,False
1988,320,99.47365276875213,0.00043618800191325136,0.24214649200439453,False
1991,168,99.22733748895114,0.00045994399988558143,0.24210834503173828,False
1992,168,95.76113950322,0.0006046570015314501,0.24211597442626953,False
1998,168,97.57181104968049,0.0004567440009850543,0.24213123321533203,False
2001,168,95.47349721661718,0.000488288002088666,0.24210834503173828,True
2002,168,103.86614341280122,0.00043269700108794495,0.24210834503173828,False
2004,168,41.82889198170997,0.0004386910004541278,0.24215412139892578,False
2005,168,88.20002185581455,0.0004269560013199225,0.24213123321533203,False
2010,168,46.98150365698683,0.0004249970006640069,0.24210834503173828,False
2011,168,85.80540697605403,0.0004507060002651997,0.24210071563720703,True
2013,168,80.4626170554514,0.0004930809991492424,0.24214649200439453,False
2020,168,97.72741057343718,0.0006725509992975276,0.24210834503173828,False
2024,168,79.56431700381887,0.0004289349999453407,0.24210071563720703,True
2025,168,39.89101144579207,0.0004410359979374334,0.24213886260986328,False
2026,168,63.702711308624885,0.0004253690021869261,0.24209308624267578,False
2027,168,98.74928589663195,0.00043817400000989437,0.24210834503173828,False
2028,168,38.72322037021589,0.0004377129989734385,0.24208545684814453,False
2029,168,38.85354373374632,0.0004799330017704051,0.24213886260986328,False
2032,168,101.79654816096985,0.0004259960005583707,0.24210071563720703,True
2033,168,47.12913378168926,0.00046216299961088225,0.24212360382080078,False
2034,168,103.15375612937689,0.0004332779972173739,0.24209308624267578,True
2035,320,85.86823065079268,0.00043172000005142763,0.24214649200439453,True
2037,168,52.7952234588408,0.0004351520001364406,0.24214649200439453,False
2038,168,91.46627849187333,0.0004300559994590003,0.24211597442626953,True
2041,168,38.06847032615652,0.000435287001891993,0.24213886260986328,False
2044,168,116.46886194273178,0.0004255439998814836,0.24210834503173828,False
2047,168,117.83094850037158,0.00044261099901632406,0.24210834503173828,False
2049,168,62.051082777290766,0.00044952800089959055,0.24214649200439453,False
2050,168,121.89874055526789,0.0004273880003893282,0.24211597442626953,False
2052,168,110.31894667003053,0.0004383749983389862,0.24210834503173828,False
2053,168,120.2956888297629,0.00042395600030431524,0.24210071563720703,False
2056,168,52.8639043633926,0.00044746700223186053,0.24214649200439453,False
2060,168,37.1899379744709,0.0004261130015947856,0.24213123321533203,True
2063,168,88.4387481350007,0.0004434789989318233,0.24211597442626953,False
2067,168,96.52191564985793,0.00043131300117238425,0.24210834503173828,False
2069,168,50.03773150443294,0.0004293709971534554,0.24213886260986328,True
2074,37,123.10454516046214,0.00043734499922720715,0.24200153350830078,False
2076,168,96.22917369205125,0.00044323899783194065,0.24211597442626953,False
2077,168,100.08380357451497,0.00044242299918551,0.24210834503173828,False
2079,168,77.10191684247573,0.00043638400165946223,0.24214649200439453,False
2080,168,117.65834493090324,0.0004562290014291648,0.24210834503173828,False
2081,168,53.502429287392594,0.0004806060023838654,0.24213886260986328,True
2082,168,101.97269418318542,0.00044055200123693794,0.24210834503173828,True
2084,259,34.637541750816894,0.0004581810026138555,0.24216175079345703,False
2086,168,47.52930586445549,0.00042706000022008084,0.24211597442626953,False
2087,168,125.70992348781894,0.0004757040005642921,0.24211597442626953,False
2088,168,42.75497114411641,0.0004422470010467805,0.24213123321533203,False
2089,168,81.59738708349171,0.0004299200008972548,0.24210071563720703,True
2090,168,94.87664819442155,0.0004344260014477186,0.24210834503173828,False
2091,168,45.26248470153534,0.00044897300176671706,0.24213886260986328,False
2093,168,100.15010041198383,0.00042881499757640995,0.24211597442626953,False
2094,168,38.46435717585409,0.00042659600148908794,0.24213886260986328,False
2095,168,41.95770501165738,0.000434639001468895,0.24215412139892578,False
2096,168,44.161162955397714,0.0004520390029938426,0.24212360382080078,False
2098,168,99.46667335680495,0.0004664740008593071,0.24210071563720703,False
2099,168,96.33071996754046,0.00042845000280067325,0.24208545684814453,False
2100,168,100.6462081324441,0.0004449679981917143,0.24210834503173828,False
2102,168,96.0999605293878,0.0004295250000723172,0.24212360382080078,False
2106,168,46.68193238360917,0.00043069899766123854,0.24211597442626953,False
2109,168,51.311705086028034,0.00046476600255118683,0.24213123321533203,False
2110,168,41.14821755191092,0.00043831299990415573,0.24212360382080078,False
2111,168,46.95614568240856,0.00042751599903567694,0.24210834503173828,False
2112,168,52.93946083124464,0.00044041000001016073,0.24212360382080078,False
2113,168,95.02536440858154,0.0004379799975140486,0.24212360382080078,False
2114,168,96.6663354293432,0.0004340289997344371,0.24212360382080078,False
2115,168,95.77402436682814,0.0004439429976628162,0.24213123321533203,False
2122,168,106.73025859991272,0.00042628200026229024,0.24210071563720703,False
2123,37,125.59765515231024,0.0004210779989080038,0.24200916290283203,False
2124,168,89.1475781372685,0.00043219200233579613,0.24213123321533203,True
2125,168,41.21766518569249,0.0004794140004378278,0.24212360382080078,True
2127,168,95.58513513170467,0.0004460400014068,0.24211597442626953,False
2128,168,44.51069355067564,0.00042883899732260033,0.24211597442626953,False
2129,37,126.35820244062772,0.0006312990008154884,0.24197864532470703,False
2130,168,50.64338725720603,0.0004295920007280074,0.24213886260986328,False
2131,168,41.12182474533138,0.0004983099970559124,0.24213123321533203,False
2132,168,64.83453349415718,0.0004671599999710452,0.24211597442626953,False
2135,168,117.4268294214526,0.0004320539992477279,0.24210834503173828,True
2136,168,122.48072644064028,0.0004330040028435178,0.24211597442626953,False
2140,168,94.74093933858387,0.0004286719995434396,0.24210071563720703,False
2142,168,45.98369753566513,0.00043321599878254347,0.24210071563720703,False
2145,168,96.686554287584,0.00046249699880718254,0.24211597442626953,False
2148,168,44.39229013223444,0.00043417399865575135,0.24207782745361328,False
2149,168,37.46827584553909,0.00043427899800008163,0.24213886260986328,False
2153,320,98.2193091496173,0.0004528400022536516,0.24214649200439453,True
2154,168,97.53806168964269,0.00047205200098687783,0.24210071563720703,False
2156,168,38.47516254505697,0.00044424200314097106,0.24213123321533203,True
2157,168,101.09125216002431,0.00044163199709146284,0.24209308624267578,True
2159,168,41.73430227432519,0.00042685999869718216,0.24208545684814453,False
2160,168,41.44535410634393,0.0004349180017015897,0.24215412139892578,False
2164,168,37.9985049278411,0.00044538899965118617,0.24213886260986328,False
2165,168,60.106727040281996,0.00043943200216745026,0.24210834503173828,False
2166,168,98.5154771870535,0.00043588200060185045,0.24210071563720703,False
2167,168,125.48100639306858,0.0004440929988049902,0.24212360382080078,False
2168,168,53.8309561168497,0.0004408109998621512,0.24210071563720703,False
2169,168,42.444799266059356,0.0004540659974736627,0.24213886260986328,False
2170,168,122.2631226609226,0.0004356990029918961,0.24211597442626953,True
2171,168,97.55661710211302,0.00044889000128023326,0.24211597442626953,True
2174,168,89.58179319730849,0.00043260800157440826,0.24210071563720703,False
2176,168,73.54932943549831,0.000439870997070102,0.24213886260986328,False
2180,168,96.74317648011255,0.0004425250008353032,0.24212360382080078,True
2181,168,36.85087591669386,0.0009001569997053593,0.24213886260986328,False
2183,168,98.62076664334748,0.00043666399869835004,0.24210071563720703,False
2187,168,86.89430250098908,0.00048721399798523635,0.24210071563720703,False
2190,168,109.67618193978545,0.00046697699872311205,0.24210834503173828,False
2191,168,95.84611015115065,0.0004280459979781881,0.24211597442626953,False
2192,168,95.34067394467101,0.00046366799870156683,0.24210834503173828,False
2194,168,94.55813326458284,0.0004347829999460373,0.24209308624267578,False
2198,168,88.2048079222247,0.0004421029989316594,0.24213886260986328,False
2201,168,112.49186819151235,0.0004306959999667015,0.24213123321533203,False
2202,168,39.09694391668931,0.00043410100261098705,0.24214649200439453,False
2205,168,116.83419473754847,0.00043376299800002016,0.24212360382080078,False
2207,168,49.83864090804079,0.0004336419988248963,0.24213886260986328,False
2208,168,45.509672844289405,0.00044191999768372625,0.24208545684814453,False
2209,168,97.24368300261204,0.00043262799954391085,0.24211597442626953,False
2216,168,36.80412859440771,0.00044173100104671903,0.24213123321533203,False
2221,168,124.98354146702137,0.0004476549984246958,0.24211597442626953,False
2222,168,42.73631022420612,0.0004724430000351276,0.24213123321533203,False
2223,168,35.47163159842341,0.0004571610006678384,0.24214649200439453,False
2224,168,36.339106189793796,0.0004523679999692831,0.24213123321533203,False
2227,168,65.98920569373826,0.0004808449994015973,0.24210834503173828,False
2228,168,44.24498675630314,0.00042878600288531743,0.24212360382080078,True
2229,168,41.532903004646144,0.00042826600110856816,0.24214649200439453,False
2232,168,49.88126909789637,0.00043709800229407847,0.24210071563720703,True
2233,168,39.27980497655769,0.00045429300007526763,0.24213886260986328,False
2235,168,47.136156172033445,0.0004732630004582461,0.24213886260986328,False
2236,168,118.87310852215236,0.0004604009991453495,0.24210834503173828,False
2237,168,40.995319581137316,0.00043828499838127755,0.24215412139892578,True
2238,168,56.7662198264095,0.00043680599992512725,0.24210071563720703,False
2244,168,63.761452089190385,0.0004374740019557066,0.24210834503173828,False
2248,168,123.08740897625472,0.0004397330012579914,0.24211597442626953,False
2250,168,48.119751194528334,0.0004334879995440133,0.24211597442626953,True
2254,168,49.997989891698445,0.00044872600119560957,0.24212360382080078,False
2259,168,90.83884808371698,0.00042679500256781466,0.24210071563720703,False
2261,168,91.60223303746525,0.000449322000349639,0.24212360382080078,False
2263,168,97.99669984276906,0.00045785700058331713,0.24210834503173828,True
2264,168,103.12607378392958,0.0006498799994005822,0.24210834503173828,False
2265,168,105.91452938049252,0.000456983001640765,0.24210071563720703,False
2269,168,49.22587173128404,0.00043281400212435983,0.24214649200439453,False
2270,168,39.89933804605628,0.0004306840019125957,0.24215412139892578,False
2272,320,97.63900596877295,0.0004706639992946293,0.24214649200439453,False
2275,168,105.84881490762159,0.0004372099974716548,0.24210834503173828,False
2277,168,43.40230108661776,0.00044302600144874305,0.24214649200439453,False
2278,168,88.86449817327443,0.00046266900244518183,0.24213123321533203,False
2281,168,96.26722484263013,0.00045699000111198984,0.24211597442626953,False
2283,168,51.749833184948564,0.0004307349990995135,0.24213886260986328,False
2285,168,115.15988689478533,0.0004268299999239389,0.24211597442626953,True
2287,168,86.8477457426227,0.0004433070025697816,0.24213886260986328,False
2288,37,129.88210495619475,0.00043062799886683933,0.24201679229736328,True
2290,168,41.029232385298414,0.0004319649997341912,0.24215412139892578,False
2291,168,37.54077665958293,0.0004464349985937588,0.24214649200439453,False
2292,168,105.19104575754766,0.00042906000089715235,0.24211597442626953,False
2293,168,48.350741884994356,0.0004318039973441046,0.24214649200439453,False
2297,168,38.172824971212066,0.00044971399984206073,0.24213886260986328,False
2300,452,1.0938644211038613,0.0004590030002873391,0.24217700958251953,True
2302,168,41.68101620995405,0.0004763790020660963,0.24213886260986328,True
2306,168,44.586955835925764,0.00045445199793903157,0.24214649200439453,False
2307,168,44.69772549602707,0.00047680799980298616,0.24211597442626953,False
2308,168,41.29376434120436,0.0004476229987631086,0.24213886260986328,False
2310,168,83.6639648165191,0.00043731299956562,0.24213886260986328,False
2312,168,45.93099121282072,0.0004315529986342881,0.24211597442626953,True
2313,168,124.64962598568418,0.0004381770013424102,0.24210834503173828,False
2319,168,60.910855477251445,0.00042897299863398075,0.24210071563720703,False
2320,168,104.39744172686294,0.0004484409982978832,0.24209308624267578,False
2321,168,98.27881871521579,0.00043417400229373015,0.24211597442626953,False
2322,168,40.69995803660524,0.0004430030021467246,0.24212360382080078,False
2324,168,39.430733063319046,0.00045498200051952153,0.24215412139892578,False
2325,168,47.7130572291484,0.00042860800022026524,0.24211597442626953,False
2328,168,99.60559388494224,0.0004561710011330433,0.24210071563720703,False
2333,168,119.06329164312949,0.00045253099960973486,0.24210834503173828,False
2335,168,39.73733425250016,0.0004447249993972946,0.24214649200439453,False
2336,168,89.23677428699705,0.0004309539981477428,0.24210834503173828,True
2337,168,97.06613056192515,0.0004334900004323572,0.24212360382080078,True
2338,168,43.07920912404917,0.0004416900010255631,0.24211597442626953,False
2342,168,67.34225835769996,0.00042425200081197545,0.24212360382080078,False
2343,168,44.03048066379463,0.0004793430016434286,0.24211597442626953,False
2344,168,45.17294278273653,0.00042775700057973154,0.24210834503173828,False
2345,320,95.10971486123047,0.0004384120002214331,0.24214649200439453,False
2346,168,38.02241175657544,0.00043539000034797937,0.24215412139892578,False
2347,168,99.50980729858115,0.00043500500032678246,0.24212360382080078,True
2349,168,37.68637639003679,0.0004372440016595647,0.24213886260986328,False
2350,168,98.6836648083307,0.0004297949999454431,0.24211597442626953,False
2355,168,97.60755922614901,0.0004275229985069018,0.24210071563720703,False
2359,168,96.31863408824725,0.0004781019997608382,0.24213123321533203,False
2360,168,40.86348720955542,0.0004410459987411741,0.24212360382080078,False
2363,168,49.810534239673814,0.0004388590023154393,0.24212360382080078,True
2365,168,40.08188861633611,0.00044292700113146566,0.24210834503173828,True
2366,168,58.881470148268455,0.0004304389985918533,0.24213886260986328,False
2368,168,115.64447293880016,0.0004581079992931336,0.24210834503173828,False
2370,168,117.57846639712996,0.0004267029980837833,0.24210834503173828,False
2371,168,85.79504736211622,0.0004396900003484916,0.24209308624267578,False
2373,168,45.32037492831225,0.00043960399852949195,0.24213886260986328,True
2374,168,99.12316638543723,0.0004318249993957579,0.24209308624267578,False
2375,168,48.093177031458055,0.0004440709999471437,0.24212360382080078,False
2378,168,102.70089212070094,0.0004413050010043662,0.24210834503173828,True
2380,168,42.710815710943926,0.00044815000001108274,0.24212360382080078,True
2382,168,44.67875545045904,0.0004443850011739414,0.24211597442626953,False
2383,168,100.36444343097035,0.0004338939979788847,0.24210834503173828,False
2387,168,43.17774400974546,0.00042695499723777175,0.24213886260986328,False
2388,168,84.34927725817963,0.0008837329987727571,0.24211597442626953,False
2390,168,37.91501292970233,0.00042981200022040866,0.24214649200439453,False
2392,168,54.67491568408286,0.0004413780006871093,0.24214649200439453,False
2394,168,86.55309170927809,0.0004529879988695029,0.24209308624267578,False
2396,29,120.75913851876561,0.0004288259988243226,0.24202442169189453,True
2397,168,43.26213301296263,0.0004394409988890402,0.24213886260986328,True
2399,168,125.43311060742568,0.0004294850004953332,0.24211597442626953,False
2400,168,39.91888283308494,0.00042322100125602446,0.24211597442626953,False
2402,168,38.04562493192129,0.0004506229997787159,0.24214649200439453,False
2403,168,123.23518634405353,0.0004395640025904868,0.24211597442626953,False
2407,168,93.4435496529872,0.0005064080032752827,0.24210834503173828,False
2409,168,39.90826802892957,0.00044739200166077353,0.24209308624267578,False
2410,168,92.6089584250408,0.0004503150012169499,0.24209308624267578,False
2412,168,43.399056688807974,0.00045696599772782065,0.24211597442626953,False
2418,168,98.09535142860288,0.00042910699994536117,0.24210834503173828,False
2419,168,44.59260975953886,0.0004209560029266868,0.24207782745361328,False
2421,168,43.931212854535836,0.00043242700121481903,0.24211597442626953,True
2424,168,46.59516890834773,0.0004525119984464254,0.24211597442626953,False
2425,168,43.63032479206877,0.000460303999716416,0.24212360382080078,False
2427,168,98.3162668101489,0.0004384870007925201,0.24211597442626953,True
2428,37,130.83798771782094,0.00041990200043073855,0.24200916290283203,True
2430,168,94.62473850998313,0.0004489599996304605,0.24212360382080078,False
2433,168,38.58959315283565,0.00043185399772482924,0.24214649200439453,False
2434,168,65.52561114247732,0.0004312189994379878,0.24212360382080078,False
2437,168,45.31494942350034,0.00043395700049586594,0.24208545684814453,False
2438,168,113.02448404558756,0.0004319159997976385,0.24211597442626953,False
2439,168,34.20901779470598,0.0004309860014473088,0.24212360382080078,True
2440,168,118.44014662503085,0.00042600500091793947,0.24211597442626953,False
2441,168,42.87770297150477,0.0004439189979166258,0.24213123321533203,False
2445,168,56.2159426741294,0.00045305300227482803,0.24208545684814453,False
2447,168,120.36674666293771,0.00043426499905763194,0.24211597442626953,False
2450,168,92.53353218931132,0.00043817100231535733,0.24212360382080078,False
2451,168,35.1442674814818,0.0004270729987183586,0.24208545684814453,False
2455,168,90.32583894846375,0.00042812999890884385,0.24210071563720703,False
2456,168,82.33982113412851,0.00044770000022253953,0.24210071563720703,False
2457,168,126.12081971229954,0.0004414180002640933,0.24210834503173828,False
2458,168,121.6509709242139,0.0004392260016174987,0.24210834503173828,True
2460,168,45.94624587206215,0.0005092480023449752,0.24213886260986328,False
2461,168,44.62065702316545,0.00042466100057936274,0.24213886260986328,True
2462,168,97.97105432688221,0.00042388899964862503,0.24210071563720703,False
2463,168,113.84644526904941,0.0004382619990792591,0.24211597442626953,True
2465,168,63.69268035024127,0.00044794800123781897,0.24214649200439453,False
2468,168,122.45492461311972,0.00043067099977633916,0.24211597442626953,False
2471,168,130.55976393778505,0.0010332389974792022,0.24211597442626953,True
2473,168,92.89102669583853,0.00046205699982238,0.24213123321533203,False
2474,168,108.91736451758523,0.00044021400026394986,0.24211597442626953,True
2476,168,97.42020695425231,0.00042985800246242434,0.24210834503173828,True
2477,168,114.26397099305224,0.0004385069987620227,0.24211597442626953,False
2478,168,94.92046438809449,0.0004473530025279615,0.24213123321533203,False
2482,168,40.993069440824506,0.0004463240002223756,0.24210834503173828,False
2483,168,99.34694045351058,0.0005279489996610209,0.24211597442626953,False
2485,168,106.51679345718554,0.00047587600056431256,0.24211597442626953,False
2486,168,93.88163264291343,0.00044686600085697137,0.24211597442626953,False
2490,168,91.2351006428351,0.00043310600085533224,0.24210071563720703,True
2491,168,100.53599764736572,0.0004403509992698673,0.24210071563720703,False
2495,320,90.77785774371968,0.0004465060010261368,0.24214649200439453,False
2497,168,39.66394356336883,0.0004361179999250453,0.24213123321533203,True
2498,168,47.10907420061734,0.00043379699854995124,0.24214649200439453,False
2500,168,42.55348937997715,0.0004416350020619575,0.24211597442626953,False
2501,168,42.31386488662598,0.00042793100146809593,0.24214649200439453,True
2504,320,96.88969173132591,0.0004594370002450887,0.24214649200439453,False
2505,168,46.29583521112007,0.0004497889967751689,0.24214649200439453,False
2508,168,116.84044802052003,0.00043015799747081473,0.24211597442626953,True
2510,168,115.83285990438326,0.0004871159981121309,0.24211597442626953,False
2513,168,46.849351758964914,0.0004472410000744276,0.24211597442626953,False
2515,168,45.39412744196879,0.0004242959985276684,0.24208545684814453,False
2516,168,100.21805845094934,0.00042671600022003986,0.24211597442626953,False
2519,168,51.18139899715674,0.00044078100108890794,0.24213886260986328,False
2522,168,47.206167140984086,0.00042652900083339773,0.24211597442626953,False
2523,168,67.91201156345195,0.00047948400242603384,0.24213886260986328,False
2524,168,56.90544957996399,0.0004748169994854834,0.24212360382080078,True
2525,168,94.7912389414417,0.0004502770025283098,0.24210834503173828,False
2526,168,40.87303148903793,0.00043567300235736184,0.24213123321533203,False
2528,168,56.95983095740362,0.0004455010021047201,0.24213123321533203,True
2532,168,121.18128079827062,0.00043742300113081,0.24210834503173828,False
2533,168,35.59086538763167,0.00044508700011647306,0.24208545684814453,False
2534,168,89.97842486131134,0.00042476899761823006,0.24210071563720703,False
2535,168,94.25575285324564,0.0004394209972815588,0.24213123321533203,False
2538,168,45.3421978445125,0.00045176300045568496,0.24213886260986328,False
2541,168,95.19282328319146,0.00042909499825327657,0.24213123321533203,False
2543,168,50.14217890567058,0.00042601499808370136,0.24209308624267578,False
2544,168,38.53460735759578,0.0004444719997991342,0.24213123321533203,False
2547,168,94.95737899478749,0.00042284799928893335,0.24209308624267578,False
2548,37,127.38970217853179,0.00042503999793552794,0.24200916290283203,False
2550,168,104.68851169854568,0.0004241740025463514,0.24210834503173828,False
2551,168,90.84398466819015,0.00042623600165825337,0.24210071563720703,False
2552,168,109.87991596622564,0.0004351620009401813,0.24210071563720703,False
2554,168,39.887745484078174,0.00048162800158024766,0.24213886260986328,True
2555,168,95.02659736384578,0.00043419199937488884,0.24212360382080078,True
2559,168,43.62601100104931,0.00042976099939551204,0.24215412139892578,False
2560,168,48.67827371995947,0.00042377399950055405,0.24208545684814453,False
2563,168,41.36253772597367,0.0004680940000980627,0.24214649200439453,False
2567,168,43.501533824836464,0.0004528219978965353,0.24213123321533203,False
2568,168,88.29363172418682,0.0004298269996070303,0.24210834503173828,False
2571,168,95.75560523847074,0.00043015600022044964,0.24210834503173828,True
2572,168,103.96254693059855,0.0004230230006214697,0.24210071563720703,False
2573,168,43.36082417982559,0.0004725239996332675,0.24210834503173828,False
2575,168,96.16378605110073,0.00042786299673025496,0.24210071563720703,False
2576,168,105.94421709602886,0.0004269339988240972,0.24211597442626953,False
2578,168,38.41963150057389,0.00043501700201886706,0.24213123321533203,True
2579,168,54.49810586354158,0.0004318770006648265,0.24213886260986328,False
2580,168,99.29366755963305,0.00043835199903696775,0.24212360382080078,True
2581,168,43.148761739446854,0.00042738400225061923,0.24213123321533203,False
2582,168,125.95103110058497,0.0004386309992696624,0.24210834503173828,False
2585,168,106.52187467429557,0.00042742099685710855,0.24210834503173828,False
2587,168,46.06256280774268,0.0005762010005128104,0.24213886260986328,False
2590,168,40.15819401324546,0.00043487099901540205,0.24215412139892578,True
2591,168,104.67745739499509,0.0004394349998619873,0.24210834503173828,False
2593,168,72.83597317286173,0.00043100300172227435,0.24212360382080078,False
2594,168,41.36544471847846,0.00043351999920560047,0.24211597442626953,False
2596,29,121.66191208255438,0.0006160529992484953,0.24205493927001953,False
2597,168,4.66234026430867,0.000479713999084197,0.24212360382080078,True
2598,168,47.70375389048014,0.00045340799988480285,0.24213886260986328,False
2600,168,104.31767611844488,0.0018469580027158372,0.24210071563720703,True
2601,168,38.65825083830483,0.0004706030013039708,0.24213886260986328,False
2602,168,125.12706267164981,0.0004269539967935998,0.24210834503173828,False
2605,168,41.920817263193726,0.00043785300294985063,0.24210834503173828,True
2606,168,40.60418676883078,0.00044424599764170125,0.24213886260986328,False
2608,168,96.30698772404618,0.00044108699876233004,0.24212360382080078,True
2611,168,75.58068752248647,0.0004368269983388018,0.24213123321533203,False
2616,168,100.09907010093863,0.0004612459997588303,0.24210834503173828,False
2617,168,39.297774269989375,0.0004269599994586315,0.24213123321533203,True
2618,168,88.09936255232415,0.00043909700252697803,0.24210071563720703,True
2620,168,122.05467117835097,0.00042200700045214035,0.24210834503173828,False
2622,168,95.52011376852401,0.0004473129993129987,0.24209308624267578,False
2623,168,39.42074926309814,0.0004278349988453556,0.24210834503173828,False
2625,168,125.06121365838271,0.00042141300218645483,0.24210071563720703,False
2630,168,96.18124209194018,0.00043918000301346183,0.24210071563720703,False
2632,168,63.45789669294535,0.0004403730017656926,0.24209308624267578,True
2637,168,103.96872719043942,0.0004429930013429839,0.24210071563720703,False
2639,168,43.13773012730281,0.0005081019990029745,0.24213123321533203,False
2642,37,120.2005541288127,0.0004294870013836771,0.24200153350830078,True
2645,168,122.71624702352754,0.0004443020006874576,0.24210834503173828,True
2647,168,45.8628434390161,0.0004356499994173646,0.24213886260986328,False
2649,168,49.05028284892051,0.00043602599907899275,0.24213123321533203,True
2651,168,116.89791702713077,0.0004432379973877687,0.24212360382080078,False
2654,168,101.27561094151508,0.00044302600144874305,0.24210834503173828,False
2655,168,97.5717124108608,0.0004415719995449763,0.24210834503173828,False
2656,168,46.17687636563679,0.00043627099876175635,0.24210834503173828,False
2657,168,117.6423475707862,0.000439179999375483,0.24210834503173828,False
2661,168,37.55073505042135,0.000430981999670621,0.24212360382080078,False
2662,168,75.93869870030093,0.0004580669992719777,0.24211597442626953,False
2663,168,74.25485741236794,0.00043428500066511333,0.24212360382080078,False
2665,168,90.46089834931132,0.000427625000156695,0.24208545684814453,False
2666,168,44.04537107186771,0.00041906699698301964,0.24210071563720703,False
2667,168,41.910258034554715,0.00044598399836104363,0.24213886260986328,True
2668,168,119.12511306110837,0.00044060100117349066,0.24210071563720703,False
2671,168,58.51311207703967,0.00044054200043319725,0.24214649200439453,False
2674,168,93.464326107569,0.00043384200034779496,0.24211597442626953,False
2676,168,117.09728577090105,0.00047510199874523096,0.24211597442626953,False
2677,168,97.31262085296983,0.0004440299999259878,0.24210834503173828,False
2678,37,119.24118388497685,0.00046105699948384427,0.24201679229736328,False
2680,168,56.465927810995545,0.0004256110005371738,0.24213123321533203,False
2682,168,116.99463543126967,0.0004433759968378581,0.24212360382080078,False
2683,168,90.06840360777274,0.0005029629974160343,0.24210834503173828,False
2686,168,99.02529756350324,0.0005941240015090443,0.24212360382080078,False
2691,168,44.2048454340234,0.00044739000077242963,0.24214649200439453,False
2693,168,100.25152140144142,0.0004471629981708247,0.24210834503173828,False
2698,168,94.86775849146949,0.0004498609996517189,0.24212360382080078,False
2700,168,41.42437180399327,0.0005295190021570306,0.24215412139892578,False
2703,168,100.11838650802808,0.0004322950007917825,0.24210834503173828,True
2707,168,111.86277260567223,0.0004301029985072091,0.24211597442626953,False
2710,168,40.9254022036346,0.0004299020001781173,0.24210071563720703,True
2711,168,104.109116120832,0.0004387049993965775,0.24210834503173828,True
2714,168,95.85354394322428,0.0004612829980032984,0.24210834503173828,True
2715,168,59.734033741853246,0.00043682199975592084,0.24213123321533203,False
2716,168,89.37410053743622,0.00042617500002961606,0.24210834503173828,False
2719,168,100.55498042803528,0.0004419270007929299,0.24210071563720703,False
2720,168,124.1279302137191,0.0004348459988250397,0.24211597442626953,True
2723,465,134.11794592412465,0.0004276710023987107,0.24211597442626953,True
2724,168,100.04712805401407,0.0004456469978322275,0.24212360382080078,False
2725,168,114.35969660792065,0.0004340839986980427,0.24211597442626953,False
2726,168,45.24824050729721,0.0004291010009183083,0.24208545684814453,False
2729,168,99.94580737995193,0.0004252280014043208,0.24209308624267578,False
2730,168,124.33701906774846,0.0004225369993946515,0.24210834503173828,False
2733,168,94.58276992428264,0.00042801699964911677,0.24212360382080078,False
2734,37,122.1659903846853,0.0004464170015126001,0.24200916290283203,False
2735,168,53.47850377927768,0.0004543069990177173,0.24212360382080078,True
2737,168,64.64282071432714,0.0004396459989948198,0.24215412139892578,False
2738,320,96.53580966660115,0.0004409730026964098,0.24214649200439453,True
2740,168,56.38321971868728,0.00043251900206087157,0.24208545684814453,False
2743,168,97.05710951898666,0.00042966199907823466,0.24211597442626953,False
2747,168,53.32977220097328,0.00045296399912331253,0.24209308624267578,False
2748,168,100.33467572784214,0.0004301129993109498,0.24210834503173828,False
2754,168,125.44352728367949,0.0004293099991627969,0.24211597442626953,False
2756,168,35.28752969161164,0.00043276799988234416,0.24213123321533203,False
2758,168,122.39164008021628,0.0004342110005381983,0.24210834503173828,False
2759,168,72.74081479681519,0.00043727400043280795,0.24209308624267578,False
2760,168,63.16362956789295,0.00046185699829948135,0.24213123321533203,False
2763,168,44.45770028156746,0.0004270940007700119,0.24213123321533203,False
2764,168,41.749215220561645,0.00044122899998910725,0.24211597442626953,False
2766,168,92.27976100709695,0.0005943770011072047,0.24210071563720703,False
2768,168,37.22584234940933,0.0004314179968787357,0.24214649200439453,False
2770,168,48.84540155734692,0.00045366899939836003,0.24209308624267578,False
2771,168,89.66285694207421,0.0004308890020183753,0.24210071563720703,True
2773,168,88.16989408634265,0.00042263900104444474,0.24210071563720703,False
2774,168,41.062977675796496,0.0006614729973080102,0.24213886260986328,False
2775,168,43.86899111429183,0.00044517400237964466,0.24215412139892578,False
2776,168,116.55292370873254,0.00043873300091945566,0.24210834503173828,False
2780,320,98.16288968425089,0.0004373199990368448,0.24214649200439453,True
2783,168,93.98508190146065,0.00043943600030615926,0.24213123321533203,False
2784,452,46.314295132608805,0.0004402579979796428,0.24212360382080078,True
2785,168,96.65502432885644,0.00043395100146881305,0.24210834503173828,False
2786,168,57.7077453307003,0.00043418999848654494,0.24215412139892578,False
2787,29,125.96053350818755,0.0004577930012601428,0.24200916290283203,True
2790,168,95.90923284722362,0.0004279630011296831,0.24211597442626953,False
2792,168,122.20331093097737,0.0004675049967772793,0.24211597442626953,False
2793,168,91.6806998939268,0.00042409399975440465,0.24210071563720703,False
2795,168,41.67657191268106,0.00043600600110949017,0.24214649200439453,False
2796,168,98.11372031822789,0.00043103100324515253,0.24210071563720703,False
2797,168,42.731651486943186,0.00044397400051821023,0.24215412139892578,True
2801,168,46.69903150224732,0.0004407740016176831,0.24209308624267578,False
2802,168,107.25634923803004,0.00044703599996864796,0.24210834503173828,False
2803,168,98.7616115563662,0.00042605899943737313,0.24211597442626953,False
2806,168,46.08613258148998,0.0004351440002210438,0.24213123321533203,False
2809,168,36.585366135510895,0.00043027600258938037,0.24214649200439453,True
2810,168,46.56726006107803,0.00042895700244116597,0.24209308624267578,True
2813,168,42.20521646014275,0.00045031199988443404,0.24214649200439453,False
2815,168,89.82132289594519,0.0004451769964362029,0.24210834503173828,False
2816,168,86.22305780954554,0.00043302499761921354,0.24210071563720703,True
2818,168,93.1559804985128,0.00044208599865669385,0.24212360382080078,False
2819,168,37.6096603904816,0.00044822099880548194,0.24213886260986328,False
2820,168,95.56137106545049,0.0004438599971763324,0.24211597442626953,True
2821,168,89.38004902078653,0.00043749899850809015,0.24210071563720703,False
2824,320,94.3218530115264,0.0004262850015948061,0.24214649200439453,False
2826,168,129.09372188499077,0.0004318270002841018,0.24211597442626953,False
2829,168,94.33448392766537,0.0004469010018510744,0.24212360382080078,True
2834,168,118.90976900459468,0.000488326000777306,0.24210834503173828,False
2835,168,51.25910729509809,0.0004368410009192303,0.24210071563720703,False
2839,168,117.12501826292066,0.0004277100015315227,0.24211597442626953,False
2845,168,41.97067580801595,0.0004433960020833183,0.24215412139892578,False
2846,168,41.798612585675244,0.0004456450005818624,0.24213123321533203,True
2848,168,102.96725637386,0.00043856699994648807,0.24210071563720703,False
2849,168,35.32154731790419,0.0004418120006448589,0.24213886260986328,False
2850,168,42.98286804048049,0.0004254199993738439,0.24213886260986328,False
2853,168,100.59602237425698,0.00044106499990448356,0.24210834503173828,False
2854,168,45.24145572203281,0.0004324340006860439,0.24212360382080078,True
2856,168,98.39408374622198,0.00045943800068926066,0.24210071563720703,False
2859,168,45.43286487641261,0.00047437200191779993,0.24213886260986328,False
2862,168,45.31440676229799,0.00044105499910074286,0.24210834503173828,True
2864,37,120.05880649735136,0.00043302499761921354,0.24199390411376953,False
2865,168,46.79140436821724,0.00044784000056097284,0.24213886260986328,False
2866,168,39.10387813783816,0.0004293999991205055,0.24213123321533203,False
2869,168,90.434786512859,0.00044538000292959623,0.24210071563720703,False
2871,168,79.00658634589207,0.00043283300328766927,0.24210834503173828,False
2873,168,124.86213787916753,0.00044392799827619456,0.24213123321533203,False
2876,168,37.29645715287142,0.00043336800081306137,0.24213123321533203,True
2877,168,60.23284563583118,0.00042989099893020466,0.24214649200439453,False
2878,168,38.06979262225284,0.0004323979992477689,0.24214649200439453,False
2879,168,77.6896721501448,0.0004443990001163911,0.24213886260986328,True
2880,168,100.82493218410609,0.0005701070003851783,0.24210071563720703,False
2882,168,38.54183719677567,0.0004266030009603128,0.24213886260986328,False
2883,168,91.38749732317822,0.00043006700070691295,0.24210071563720703,False
2884,168,129.22087269891992,0.0004277579973859247,0.24211597442626953,False
2887,29,130.43794324430428,0.000424652000219794,0.24203205108642578,True
2890,168,37.456299481547504,0.000427932998718461,0.24212360382080078,True
2891,168,49.28395690120588,0.0004491339968808461,0.24215412139892578,False
2892,168,46.80791894362296,0.0004326289999880828,0.24210834503173828,False
2893,168,98.78415096506464,0.000644854997517541,0.24210834503173828,False
2902,168,117.02769247249867,0.00045997699999134056,0.24211597442626953,False
2903,168,56.49165046210815,0.00042850699901464395,0.24211597442626953,False
2904,168,112.51241941670796,0.0004364400010672398,0.24210834503173828,False
2905,168,44.669179301120515,0.0004358440019132104,0.24210834503173828,False
2908,168,102.78018965669769,0.00043679000009433366,0.24210071563720703,False
2909,320,92.15213896542565,0.0004783349977515172,0.24214649200439453,False
2911,168,68.26885215235086,0.0006758260024071205,0.24213886260986328,False
2916,168,88.15544920359021,0.0004287049996491987,0.24210071563720703,False
2917,168,40.756309464128535,0.00043006999840145,0.24215412139892578,True
2919,168,74.94378521835495,0.0004490300016186666,0.24214649200439453,False
2920,168,41.80852770290412,0.0004277719999663532,0.24214649200439453,False
2922,168,109.42766921956884,0.00042444499922567047,0.24212360382080078,False
2924,168,43.794185727471415,0.0004394509996927809,0.24213886260986328,False
2925,168,99.90004660984816,0.00042825199852813967,0.24210071563720703,False
2927,168,97.01092218891282,0.00042750399734359235,0.24212360382080078,False
2929,168,97.16524374201886,0.0004282629997760523,0.24211597442626953,False
2930,168,50.60955614850669,0.00047927400009939447,0.24209308624267578,False
2932,168,107.5797856042449,0.0004682399994635489,0.24210834503173828,True
2935,168,99.15225225820673,0.00044683899977826513,0.24210834503173828,True
2936,168,95.56266378073131,0.00043056900176452473,0.24210834503173828,True
2939,168,37.46424384708994,0.00042689600013545714,0.24213886260986328,False
2940,168,93.90970621760182,0.0005053129971201997,0.24212360382080078,False
2942,168,91.71337157778089,0.00043355600064387545,0.24211597442626953,False
2943,168,44.846702772873435,0.00043663399992510676,0.24212360382080078,False
2945,168,93.3772064951366,0.0004628990027413238,0.24212360382080078,False
2948,168,83.36136572741401,0.0004265079987817444,0.24210071563720703,False
2957,168,44.94367903079376,0.0004390949980006553,0.24211597442626953,False
2960,168,43.13346106810911,0.00043708100201911293,0.24212360382080078,True
2964,168,68.13505575695355,0.0004289230018912349,0.24211597442626953,False
2966,320,90.39176925389287,0.0004297820014471654,0.24213886260986328,False
2969,29,125.63030916998859,0.00043213599929003976,0.24200916290283203,True
2971,168,111.3370104223198,0.00042859000313910656,0.24212360382080078,False
2976,168,113.63667947737865,0.0004381359976832755,0.24211597442626953,False
2977,168,68.6517823146921,0.00042670800030464306,0.24210834503173828,True
2979,168,98.7527311446364,0.00042830600068555214,0.24210071563720703,False
2981,168,109.93219707351683,0.00043996499880449846,0.24211597442626953,False
2982,168,101.3584057671495,0.0004256510001141578,0.24211597442626953,False
2984,168,91.29184803823773,0.0004299100000935141,0.24210834503173828,False
2985,168,54.03808638718784,0.0004398139972181525,0.24209308624267578,False
2986,168,38.33872528940006,0.00045593499817186967,0.24215412139892578,True
2992,168,39.12023863981597,0.00043578899931162596,0.24212360382080078,False
2993,168,37.288611224057284,0.0004922730004182085,0.24213123321533203,True
2994,168,43.096833301575366,0.0004411769987200387,0.24215412139892578,False
2996,168,83.78673757197369,0.00043178099804208614,0.24213123321533203,True
3001,168,62.19313087256656,0.00042465099977562204,0.24213886260986328,False
3002,168,41.17214871087705,0.0004568430013023317,0.24213886260986328,False
3003,168,46.70198417176356,0.00042826999924727716,0.24213886260986328,False
3004,168,122.2193801904878,0.00043121199996676296,0.24210834503173828,True
3008,168,114.7643059884713,0.00044044099922757596,0.24211597442626953,False
3009,168,96.426953497047,0.00043559000187087804,0.24212360382080078,False
3010,168,42.4532451066234,0.00043882599857170135,0.24215412139892578,False
3011,168,38.602166699444545,0.00043554200237849727,0.24214649200439453,False
3014,168,97.00684686993438,0.00043220499719609506,0.24212360382080078,False
3015,168,47.47001259582562,0.0005306499988364521,0.24210071563720703,False
3017,168,118.08004660063746,0.0004241049973643385,0.24210834503173828,False
3019,168,83.3592049657867,0.0004282569971110206,0.24210071563720703,True
3020,168,99.02699341053169,0.00044497300041257404,0.24213123321533203,True
3023,168,99.86780895429197,0.00043384400123613887,0.24210071563720703,False
3026,168,89.68865182532753,0.0004316669983381871,0.24213886260986328,False
3029,168,92.80029988588136,0.00043441500019980595,0.24210834503173828,False
3030,168,125.45418987368984,0.0004263030023139436,0.24210834503173828,False
3031,168,113.46252136746992,0.0004367440014902968,0.24210834503173828,True
3032,465,126.5134693881473,0.00045728999975835904,0.24211597442626953,True
3037,168,44.92313923796301,0.0004514249994826969,0.24211597442626953,False
3039,168,129.30672392769762,0.0004246770004101563,0.24211597442626953,False
3042,168,39.47324461205199,0.00045507599861593917,0.24214649200439453,False
3043,168,38.743645439872424,0.0004352389987616334,0.24214649200439453,False
3046,168,57.85414948942736,0.000440282001363812,0.24210071563720703,False
3048,168,39.07104288449464,0.0008400539991271216,0.24213123321533203,False
3050,168,38.107337456099735,0.0004325049994804431,0.24214649200439453,False
3052,168,39.731378216642256,0.00046080199899734,0.24213886260986328,False
3056,168,91.21820656422021,0.0004486069992708508,0.24212360382080078,False
3058,168,115.80351136109614,0.00043155200182809494,0.24210071563720703,False
3060,421,0.5824804758190125,0.000445317000412615,0.24216175079345703,False
3062,168,37.57845812610015,0.00044174600043334067,0.24213123321533203,True
3064,168,113.60154570203376,0.0004301790031604469,0.24212360382080078,False
3067,168,119.70614538384017,0.00044742500176653266,0.24213123321533203,False
3069,168,112.20730015626548,0.0004321750020608306,0.24212360382080078,False
3070,168,93.241683098598,0.00043616999755613506,0.24211597442626953,False
3071,168,121.66579879738296,0.00042224600110785104,0.24210834503173828,False
3072,168,98.85203063214524,0.0012262279997230507,0.24213123321533203,False
3076,168,95.74184819920502,0.00042916300299111754,0.24210071563720703,False
3077,168,41.173110572359384,0.0004245270029059611,0.24209308624267578,True
3080,168,97.14125764769946,0.0004340489977039397,0.24210071563720703,False
3082,168,38.27350606112835,0.00043475399797898717,0.24214649200439453,False
3083,168,40.33675074955674,0.0004482139993342571,0.24214649200439453,False
3084,168,103.54948673922254,0.00044866299867862836,0.24211597442626953,False
3085,168,42.18870645962284,0.0004336749989306554,0.24213123321533203,True
3086,168,108.33905140700647,0.0004624419998435769,0.24210834503173828,False
3088,168,44.132708687382625,0.0004978520009899512,0.24210834503173828,False
3089,168,39.76395897474769,0.00043925499994657,0.24210071563720703,False
3090,29,128.87308125897064,0.00042808399666682817,0.24203205108642578,True
3091,168,99.52568547211703,0.00043282499973429367,0.24211597442626953,False
3092,168,45.184881542388425,0.00043834000098286197,0.24209308624267578,False
3093,168,126.40487587602881,0.0004275389983376954,0.24211597442626953,True
3095,168,80.62029036228893,0.0004310260010242928,0.24214649200439453,False
3097,168,84.25371369271012,0.00043152400030521676,0.24209308624267578,False
3099,168,94.36604582351637,0.0004342159991210792,0.24212360382080078,False
3101,168,107.8008127918762,0.0004490829996939283,0.24210834503173828,False
3107,168,93.44394808219806,0.0004420160003064666,0.24212360382080078,False
3108,168,94.51179073119164,0.0004434430011315271,0.24212360382080078,True
3110,168,102.96167955710217,0.00043978199755656533,0.24212360382080078,False
3112,168,53.00953295296215,0.0005001360004825983,0.24210071563720703,False
3113,168,43.04168519949809,0.00044057899867766537,0.24213886260986328,False
3114,168,96.18589992034002,0.0004465259989956394,0.24210071563720703,False
3116,168,89.93218412642958,0.0004285319992050063,0.24210834503173828,False
3117,168,43.28710537056955,0.00044620100015890785,0.24214649200439453,True
3118,168,120.43633261165607,0.0004409620014484972,0.24210834503173828,False
3119,168,45.20277710772724,0.00043788399852928706,0.24214649200439453,False
3120,168,93.50683424422827,0.0004429079999681562,0.24212360382080078,False
3125,168,42.303629804230624,0.00043060200187028386,0.24208545684814453,True
3127,168,93.19982379106581,0.0004606199981935788,0.24211597442626953,False
3128,320,78.2989369055172,0.0004792969994014129,0.24213886260986328,False
3129,168,95.78914139993368,0.0004317700004321523,0.24210071563720703,False
3130,168,79.58859579095997,0.00043720500252675265,0.24211597442626953,False
3131,168,47.96857375303847,0.0004277830012142658,0.24214649200439453,False
3132,168,76.60893363046831,0.0004322989989304915,0.24214649200439453,False
3133,168,47.51188171892583,0.00042829599988181144,0.24210834503173828,False
3134,168,36.782778358959746,0.0004372829971543979,0.24213123321533203,False
3136,168,36.29444579942956,0.0004264369999873452,0.24213123321533203,False
3137,168,92.0492305101792,0.00043790400013676845,0.24211597442626953,False
3141,168,38.467363103163706,0.00044175600123708136,0.24214649200439453,False
3142,168,36.65661741477028,0.00046588900295319036,0.24213886260986328,False
3143,168,111.99819925670188,0.0004993890033802018,0.24210834503173828,True
3144,168,107.33960983146144,0.0004367869987618178,0.24212360382080078,False
3146,168,44.73438120878523,0.0004317959974287078,0.24211597442626953,False
3148,168,120.96674463461206,0.0004406140033097472,0.24210071563720703,False
3149,168,46.23008949296534,0.0004711559995485004,0.24214649200439453,False
3150,168,125.57212717925754,0.0004526349985098932,0.24211597442626953,False
3151,168,38.18941529985789,0.00047446399912587367,0.24214649200439453,False
3153,168,58.37229297832543,0.00044132599941804074,0.24213123321533203,False
3157,168,91.5801989079266,0.00044960100058233365,0.24210834503173828,False
3159,168,43.45391783327832,0.00044531000094139017,0.24214649200439453,True
3160,168,78.94330224529156,0.000424269001086941,0.24210071563720703,True
3161,168,94.59556512304397,0.00042967999979737215,0.24210071563720703,True
3163,168,111.83544399071923,0.00043112300045322627,0.24212360382080078,False
3167,168,40.66089259341819,0.0004381420003483072,0.24214649200439453,False
3169,168,94.37683894690818,0.00042739900163724087,0.24213123321533203,False
3175,168,117.26885986889285,0.00042926900277961977,0.24211597442626953,False
3176,168,91.7157198978536,0.00048631899699103087,0.24208545684814453,False
3178,168,45.20364433867032,0.0004308019997552037,0.24210834503173828,False
3179,168,90.63221635993123,0.0004258339977241121,0.24210834503173828,True
3181,168,39.8907776277081,0.0004412279995449353,0.24213123321533203,False
3182,168,95.21270315829243,0.0004600969987222925,0.24209308624267578,False
3186,168,35.30994315632757,0.0004369080015749205,0.24208545684814453,False
3191,168,99.11908078321599,0.00046646800183225423,0.24211597442626953,False
3192,168,107.90851187988751,0.00045490100092138164,0.24212360382080078,False
3195,168,44.64372330270968,0.000438875998952426,0.24213123321533203,False
3196,168,127.92091419979351,0.0004659449987229891,0.24210834503173828,True
3199,37,125.65296641460077,0.0005195679987082258,0.24198627471923828,True
3200,168,42.050894347237126,0.00045642500117537566,0.24214649200439453,False
3202,168,40.38943119381145,0.0004496319997997489,0.24210834503173828,False
3203,37,125.06206671943796,0.00043622399971354753,0.24202442169189453,False
3204,168,94.23190048221822,0.00044063099994673394,0.24212360382080078,True
3208,168,37.98684165151648,0.00043624299723887816,0.24215412139892578,False
3209,168,46.58436690666208,0.0004678229997807648,0.24213123321533203,True
3211,168,104.62960491138422,0.00044609799806494266,0.24213123321533203,False
3212,168,40.10804134863578,0.0004312980017857626,0.24215412139892578,False
3213,168,47.851999385318315,0.0004283640009816736,0.24213123321533203,True
3214,168,102.29136015210734,0.000433154000347713,0.24210071563720703,False
3215,168,80.55671112655939,0.000422897999669658,0.24207782745361328,False
3217,168,58.78429613776811,0.0004358059995865915,0.24207782745361328,False
3219,168,49.65122260289369,0.00043605600149021484,0.24213886260986328,True
3222,168,38.788922310228834,0.00044885900206281804,0.24213123321533203,True
3226,168,93.4421334513309,0.0004362460022093728,0.24211597442626953,False
3229,168,42.22938145844923,0.0005071249979664572,0.24213123321533203,False
3231,168,92.30994092271723,0.0004889250012638513,0.24211597442626953,False
3235,168,100.75800885332744,0.00043482800174388103,0.24210071563720703,False
3236,168,48.32934267229056,0.0004361949977464974,0.24213886260986328,False
3237,168,105.54752705083625,0.0004530320002231747,0.24211597442626953,False
3238,168,82.2513487651097,0.00043949300015810877,0.24211597442626953,False
3239,168,111.47556033294308,0.0004286340008547995,0.24210834503173828,False
3244,168,41.09245176528684,0.00042897300227195956,0.24213886260986328,False
3246,168,48.98277107943224,0.0004371450013422873,0.24213123321533203,False
3247,168,69.48237405691333,0.0004232009996485431,0.24210071563720703,False
3250,168,93.58969450609419,0.00044834499931312166,0.24210834503173828,False
3251,168,39.43894858273425,0.00042987900087609887,0.24213886260986328,False
3252,168,121.27056769997125,0.00046215700058382936,0.24212360382080078,True
3255,168,123.27074528300481,0.0004317599996284116,0.24211597442626953,True
3256,168,46.45178800339904,0.0004276690015103668,0.24213886260986328,True
3257,168,120.18899112550717,0.0004304940011934377,0.24210071563720703,False
3260,168,45.25205188268507,0.00042370300070615485,0.24211597442626953,False
3261,168,52.52274090674879,0.0004325139998400118,0.24211597442626953,True
3265,168,44.93321957552263,0.00043228399954386987,0.24210834503173828,False
3272,168,111.5547324457355,0.00042759300049510784,0.24212360382080078,True
3274,168,98.9096852911715,0.0004719179996754974,0.24210834503173828,True
3276,168,39.93971212423438,0.000433840999903623,0.24214649200439453,True
3277,168,40.26374076682981,0.00046632299927296117,0.24214649200439453,True
3278,168,54.71328599214951,0.0004523370007518679,0.24214649200439453,True
3281,168,40.33117330883548,0.00045644499914487824,0.24215412139892578,False
3282,168,53.523966686241636,0.0004306680020818021,0.24213886260986328,False
3284,168,39.39003927890063,0.0004472879991226364,0.24213123321533203,False
3285,168,119.91726165011006,0.0004645139997592196,0.24210834503173828,False
3286,168,104.39536555653648,0.0004336040001362562,0.24210834503173828,True
3287,168,92.18670393782271,0.0004378769990580622,0.24213123321533203,False
3291,29,12.250014811487475,0.00044659800187218934,0.24216175079345703,False
3292,168,125.90763989039426,0.0004458250004972797,0.24213123321533203,False
3295,168,41.16847145578465,0.0004407029991853051,0.24210834503173828,False
3296,168,106.82417506565932,0.00045593300092150457,0.24210834503173828,False
3297,168,37.93629199370471,0.00044401699778973125,0.24213886260986328,True
3298,168,110.75114016409832,0.00043444999755593017,0.24211597442626953,False
3300,168,89.50146171857321,0.0005281320009089541,0.24211597442626953,False
3301,168,37.96558349144049,0.0004260000023350585,0.24213123321533203,False
3303,168,80.30830554026532,0.0004461030002858024,0.24213123321533203,False
3306,168,101.84058467464378,0.0004722560006484855,0.24209308624267578,False
3308,168,102.27704083924883,0.0004270610006642528,0.24210834503173828,False
3311,168,44.05586723295254,0.00044079900180804543,0.24207782745361328,True
3313,168,38.96475139625281,0.00044167900341562927,0.24213886260986328,False
3314,168,43.8688757788115,0.00045056299859425053,0.24211597442626953,False
3315,168,97.09801226761125,0.0004392379996716045,0.24210834503173828,True
3316,168,126.30431833374885,0.00043633400127873756,0.24213123321533203,False
3317,168,99.78618857010169,0.0004652299976442009,0.24212360382080078,False
3318,465,140.2058980715104,0.00044993299889029004,0.24211597442626953,True
3321,168,44.80108356130782,0.00043628699859254993,0.24211597442626953,False
3322,168,95.873391913044,0.0004342300017015077,0.24209308624267578,False
3323,168,48.75146963965386,0.00042715300151030533,0.24210834503173828,False
3324,168,96.76233649933394,0.00042868900345638394,0.24211597442626953,False
3326,168,104.41809700441446,0.0004378019984869752,0.24210834503173828,False
3327,168,52.172114995879895,0.0004435440023371484,0.24210834503173828,False
3328,168,109.85021989961912,0.0005169129981368314,0.24210071563720703,True
3330,168,40.94696561084286,0.00045103099910193123,0.24213123321533203,True
3331,168,85.65954386920167,0.0004316259983170312,0.24210071563720703,False
3332,168,36.22544452644899,0.00044150699977762997,0.24215412139892578,False
3333,168,41.913327551450124,0.00042869300159509294,0.24211597442626953,False
3335,168,39.326693871513406,0.00044951199743081816,0.24214649200439453,False
3340,168,106.98424151579327,0.00043237900172243826,0.24209308624267578,False
3342,168,61.00528092965272,0.0004362939980637748,0.24215412139892578,False
3343,168,98.3817413301782,0.0004897450016869698,0.24209308624267578,False
3346,168,107.93106051655796,0.00042132000089623034,0.24210834503173828,False
3347,37,123.31038917642368,0.00045549100104835816,0.24198627471923828,True
3348,168,96.55783980950014,0.0010817660004249774,0.24211597442626953,False
3350,168,40.055069281550026,0.000453397002274869,0.24214649200439453,False
3352,168,71.5678725523046,0.0004472410000744276,0.24213123321533203,True
3354,168,43.755233787851566,0.0004304230023990385,0.24213886260986328,False
3355,168,81.55399360302835,0.0004310330004955176,0.24211597442626953,False
3356,168,49.54202977783227,0.0004433859976415988,0.24213886260986328,True
3357,168,99.7160103750856,0.00043145699964952655,0.24211597442626953,False
3358,168,52.16105883212212,0.0004303070018067956,0.24214649200439453,False
3362,168,100.91635749516453,0.0004234929983795155,0.24210071563720703,False
3363,168,92.66499315061877,0.00042292700163670816,0.24210834503173828,False
3366,168,96.85773590931514,0.00044288799836067483,0.24212360382080078,False
3367,168,52.244170274303954,0.00044743100079358555,0.24214649200439453,False
3368,37,124.23710856784065,0.00042998199933208525,0.24204730987548828,False
3369,168,117.23440198888055,0.0005378409987315536,0.24210071563720703,False
3373,168,44.354398220109225,0.00045656099973712116,0.24212360382080078,True
3374,168,101.61308874830091,0.0004288359996280633,0.24210071563720703,False
3377,168,42.75207118219569,0.0004432970017660409,0.24213886260986328,False
3378,168,79.62886882087642,0.0004511380029725842,0.24209308624267578,True
3386,168,113.09861005214466,0.0004348799993749708,0.24211597442626953,True
3387,168,110.1713855986321,0.0004325600020820275,0.24213123321533203,False
3390,168,96.03436892414877,0.00045618000149261206,0.24210834503173828,False
3391,168,100.33397405658553,0.00044145400170236826,0.24213123321533203,True
3394,168,40.70363704775809,0.0004292800003895536,0.24212360382080078,False
3395,168,89.01133408911333,0.00044524300028569996,0.24208545684814453,True
3400,168,103.14349359323623,0.0004468440019991249,0.24210834503173828,False
3403,168,99.95111455892527,0.0004516100016189739,0.24210071563720703,True
3404,168,41.221392617783415,0.0006638899976678658,0.24215412139892578,False
3410,376,74.43481724778998,0.0004343289983808063,0.24216175079345703,False
3414,168,95.93064521244409,0.0004404110004543327,0.24211597442626953,True
3416,168,94.25128600885294,0.0004400789985083975,0.24210834503173828,False
3417,168,58.34554544600359,0.00044195000009494834,0.24214649200439453,False
3418,168,39.13589019646561,0.0004410799992911052,0.24210834503173828,False
3419,168,126.7939180368661,0.0006388440015143715,0.24210834503173828,False
3423,168,120.6756252289025,0.0004266520008968655,0.24210071563720703,False
3424,168,99.03844258008968,0.00043717299922718666,0.24209308624267578,True
3429,168,102.54531267651296,0.00043054300112999044,0.24210071563720703,True
3430,168,68.01747436026535,0.00044089899893151596,0.24214649200439453,False
3432,168,47.28828045124159,0.0004264550007064827,0.24213886260986328,False
3433,168,46.96771495897463,0.00044508900100481696,0.24211597442626953,False
3434,168,95.22684644039887,0.00043326600280124694,0.24213123321533203,True
3438,168,98.60252811955709,0.0005380839975259732,0.24210834503173828,False
3439,168,87.41982029433464,0.00045547500121756457,0.24208545684814453,False
3440,168,95.53144851635783,0.0004413370006659534,0.24213123321533203,False
3442,168,44.62214428122347,0.00043367800026317127,0.24214649200439453,False
3447,259,0.8340213675207987,0.00045732899889117107,0.24213886260986328,False
3449,168,95.10444128526521,0.00044613400314119644,0.24211597442626953,True
3451,168,39.28371423814691,0.00042934000157401897,0.24209308624267578,True
3452,168,110.12030666458196,0.00043885600098292343,0.24210834503173828,True
3454,168,94.79760387836355,0.00043495800127857365,0.24210071563720703,True
3457,168,113.75963207611821,0.0004780199997185264,0.24210071563720703,True
3458,168,51.258801777757306,0.00045051500273984857,0.24214649200439453,False
3459,168,94.87410053398223,0.00042769400170072913,0.24212360382080078,False
3460,168,52.222309988553185,0.0005471980002766941,0.24213123321533203,False
3461,168,42.866839473322294,0.00042860599933192134,0.24213123321533203,False
3462,168,96.86697580298562,0.0004328320028434973,0.24210834503173828,False
3465,168,97.48318580212468,0.0004898859988315962,0.24211597442626953,False
3466,168,121.39075749772117,0.0004246890021022409,0.24211597442626953,False
3469,168,115.65532636925923,0.00044178200187161565,0.24213123321533203,False
3470,168,121.52721493831389,0.0004492490006668959,0.24210834503173828,True
3472,168,97.66180291443384,0.00045782699817209505,0.24211597442626953,False
3473,168,108.61797692364136,0.00044487800187198445,0.24210834503173828,True
3475,168,83.9533348921102,0.00045006299842498265,0.24213123321533203,False
3478,168,75.63714708939933,0.00043113299761898816,0.24213886260986328,True
3479,168,101.09719853237813,0.000471744999231305,0.24210071563720703,False
3480,320,91.8382882556118,0.0004372200019133743,0.24214649200439453,False
3485,168,112.32771663815355,0.0004645829976652749,0.24211597442626953,False
3486,168,48.7114636025006,0.00043385200115153566,0.24213886260986328,False
3488,320,100.42195884798785,0.00042846599899348803,0.24214649200439453,False
3490,168,41.24308497493409,0.00043984699732391164,0.24212360382080078,True
3492,168,62.8064249282026,0.0005019460004405119,0.24213886260986328,False
3493,168,36.62108536123543,0.0004325600020820275,0.24213886260986328,False
3497,168,45.35898055081156,0.0004379339989100117,0.24213886260986328,False
3498,168,45.719247814403545,0.000425256002927199,0.24212360382080078,False
3499,168,99.32446432508978,0.00043019299846491776,0.24211597442626953,False
3501,168,37.130182131745926,0.0004486090001591947,0.24214649200439453,False
3502,168,46.776852995118965,0.0004343489999882877,0.24213886260986328,True
3503,168,41.649960578847924,0.0004354519987828098,0.24208545684814453,False
3505,168,115.06854237438331,0.00043804999950225465,0.24210071563720703,True
3508,168,43.77934321412665,0.00042784199831658043,0.24211597442626953,False
3510,168,44.00007684671817,0.0004503979980654549,0.24210834503173828,False
3513,168,45.729673656672055,0.00043453500256873667,0.24214649200439453,False
3518,168,44.21374500328914,0.00043360299969208427,0.24214649200439453,False
3519,168,88.3310203560007,0.0005003270016459282,0.24210071563720703,False
3521,168,97.04500981642713,0.00044334999984130263,0.24210834503173828,False
3522,168,72.73650240877518,0.00046944499990786426,0.24214649200439453,False
3525,168,64.73164009968647,0.00045485900045605376,0.24213123321533203,False
3526,168,39.433350298516224,0.00043288300003041513,0.24213886260986328,False
3530,168,35.81856521566236,0.0004479669987631496,0.24213123321533203,False
3533,168,43.534668885760034,0.0004597889965225477,0.24213886260986328,False
3534,37,126.99233142823707,0.00042634700002963655,0.24200916290283203,True
3537,168,115.3413971394356,0.00042810800005099736,0.24210834503173828,False
3539,168,82.21087917333983,0.000433501998486463,0.24214649200439453,True
3540,168,44.58998958428742,0.0004407900014484767,0.24213886260986328,True
3545,168,87.69372694727123,0.00042954400123562664,0.24209308624267578,False
3548,168,41.18575910603785,0.0004400869984237943,0.24214649200439453,False
3550,168,36.52441698388337,0.000426895003329264,0.24213886260986328,False
3552,168,38.195689489489,0.0004599310013873037,0.24213886260986328,False
3553,168,47.73657492782899,0.00042048999966937117,0.24208545684814453,True
3554,168,43.369440295623455,0.0004267289987183176,0.24211597442626953,False
3561,168,37.63232362824239,0.000430674001108855,0.24213886260986328,False
3562,168,36.46952473111647,0.00044176799929118715,0.24211597442626953,False
3563,168,39.26055324823905,0.0004316970007494092,0.24213886260986328,False
3564,168,116.93967844469661,0.00042708500041044317,0.24210834503173828,True
3572,168,57.17438386486838,0.00047308200009865686,0.24211597442626953,False
3581,168,113.96985089909067,0.00044642400098382495,0.24210834503173828,False
3582,37,124.89738022637422,0.0004291360019124113,0.24197864532470703,False
3587,168,49.59307906339112,0.0004261780013621319,0.24209308624267578,False
3588,168,125.35743366496953,0.00042836899956455454,0.24211597442626953,False
3589,168,45.52183254990425,0.00043745600123656914,0.24212360382080078,False
3591,168,52.24554186744326,0.00042981599835911766,0.24213123321533203,False
3592,168,40.47053454149677,0.0004543249997368548,0.24215412139892578,True
3593,168,98.81737084447882,0.000430488998972578,0.24211597442626953,False
3594,168,120.88520933266659,0.0004247009965183679,0.24211597442626953,False
3596,168,107.89033249725759,0.00044266300028539263,0.24211597442626953,False
3598,168,99.78647667492429,0.00045153199971537106,0.24212360382080078,False
3600,168,116.7350864866413,0.00043114100117236376,0.24210071563720703,True
3601,168,47.111045602380635,0.0004386410000734031,0.24211597442626953,False
3603,168,95.3950476114582,0.000437695998698473,0.24211597442626953,False
3607,168,44.60694396479488,0.0004695470015576575,0.24214649200439453,False
3608,37,127.01047941375988,0.0004333260003477335,0.24203205108642578,True
3610,168,69.64238601209236,0.0004271830002835486,0.24213123321533203,False
3613,168,45.349115665761076,0.00042869499884545803,0.24213886260986328,False
3615,168,45.070112461571505,0.0004418200005602557,0.24211597442626953,True
3616,168,79.4164993238471,0.0004273529993952252,0.24209308624267578,True
3619,168,92.88952664000293,0.0005776229991170112,0.24211597442626953,False
3622,168,97.68922577109157,0.0004460380005184561,0.24210071563720703,True
3624,168,41.66085575124442,0.0004604250025295187,0.24214649200439453,False
3625,168,115.19739821476024,0.000453214997833129,0.24210071563720703,True
3627,168,80.61823481654726,0.00043037100112996995,0.24213123321533203,False
3629,376,81.28787439674902,0.0004370850001578219,0.24215412139892578,False
3630,168,99.42665680769497,0.0004324469991843216,0.24211597442626953,False
3631,168,65.24447183505848,0.00043628899948089384,0.24210834503173828,False
3632,168,96.96417872547116,0.0004532689999905415,0.24210834503173828,False
3633,168,80.54160667237905,0.000426827999035595,0.24212360382080078,False
3635,168,38.092314118156764,0.0004289800017431844,0.24214649200439453,True
3636,168,98.96924268159171,0.0004268420016160235,0.24210834503173828,False
3637,168,45.645766571003996,0.00045219800085760653,0.24211597442626953,False
3638,168,121.51087470893661,0.000466362002043752,0.24210834503173828,False
3641,168,88.01383621174982,0.0004346329988038633,0.24210071563720703,False
3642,168,97.17001323135425,0.00044505799814942293,0.24211597442626953,False
3645,168,38.257529875597946,0.00044652499855146743,0.24215412139892578,False
3646,168,117.79571248903781,0.0004741379998449702,0.24211597442626953,False
3652,168,42.038380548218655,0.00043233399992459454,0.24214649200439453,False
3653,168,57.068016476182336,0.0004493020023801364,0.24213886260986328,True
3654,168,93.01607291661074,0.00047758799701114185,0.24212360382080078,True
3655,168,101.06026403090695,0.000462287000118522,0.24209308624267578,True
3656,168,120.59591243460584,0.00042887399831670336,0.24212360382080078,False
3660,168,81.400268658796,0.00043468900184961967,0.24211597442626953,False
3662,168,43.42684359739762,0.00044327299838187173,0.24214649200439453,False
3663,168,85.8474738028147,0.00045865199717809446,0.24208545684814453,True
3665,168,101.58292843854558,0.00043004299732274376,0.24210834503173828,False
3667,168,43.81671465705594,0.0004284030001144856,0.24214649200439453,True
3668,168,97.00373657983671,0.0005317930008459371,0.24209308624267578,True
3670,168,92.4133541551955,0.00042805900011444464,0.24212360382080078,False
3671,168,93.0289062791299,0.0004467819999263156,0.24213123321533203,False
3673,168,42.32103175371924,0.0004321950000303332,0.24214649200439453,False
3674,168,46.99914942362971,0.00042481099808355793,0.24211597442626953,False
3676,168,43.38537660398989,0.0004324330002418719,0.24211597442626953,False
3677,168,45.746462812964154,0.0004566309980873484,0.24210834503173828,False
3678,168,44.11997573996853,0.00042947300244122744,0.24210834503173828,False
3681,168,128.5597377529053,0.0007159510023484472,0.24210834503173828,True
3682,168,38.23730705371576,0.0004382900006021373,0.24214649200439453,False
3684,168,91.70572648123866,0.00042531000144663267,0.24210071563720703,False
3685,168,109.9203224448009,0.0004339299994171597,0.24210071563720703,False
3687,168,121.06117971640465,0.0004436839990376029,0.24210834503173828,True
3689,168,37.2442015136883,0.00043946799996774644,0.24213886260986328,False
3691,29,123.21560396581567,0.00042577600106596947,0.24203968048095703,True
3694,168,40.47511602338093,0.00044401899867807515,0.24215412139892578,False
3696,168,42.67216627153546,0.00045376499838312156,0.24213123321533203,False
3697,168,60.92392053227855,0.00045578299977933057,0.24213123321533203,True
3701,168,37.70255885914095,0.00045484000293072313,0.24213123321533203,False
3703,168,55.3300545912321,0.00048296300155925564,0.24214649200439453,False
3706,168,119.04480846946348,0.000440972999058431,0.24210834503173828,True
3707,168,41.04663355864567,0.00045899200267740525,0.24215412139892578,False
3708,168,36.435497968234046,0.00043062199983978644,0.24213886260986328,False
3715,168,90.72303170765245,0.00042486599704716355,0.24210834503173828,False
3716,168,43.358672272754696,0.000427163002314046,0.24215412139892578,True
3718,168,44.828360392562104,0.0004434340007719584,0.24212360382080078,True
3719,168,113.38689261626112,0.00042856399886659347,0.24210834503173828,True
3724,168,94.82329294335786,0.0004339660008554347,0.24212360382080078,False
3725,168,96.08114641506997,0.0004358099977253005,0.24210071563720703,False
3726,168,42.64976004233157,0.00044073699973523617,0.24214649200439453,False
3729,168,81.05384987750345,0.00044510299994726665,0.24209308624267578,True
3731,168,94.71766680422743,0.00045781500011798926,0.24209308624267578,False
3732,168,43.03486009591844,0.00043215199912083335,0.24215412139892578,False
3737,168,91.70420584221577,0.00042853500053752214,0.24211597442626953,True
3738,168,95.71808551434624,0.0004349170012574177,0.24210071563720703,False
3744,168,94.01526786332035,0.0004548879987851251,0.24211597442626953,False
3745,37,127.16508904692404,0.000453666001703823,0.24196338653564453,False
3748,168,47.86465946104188,0.0004491540021263063,0.24210834503173828,False
3751,168,38.21733273919877,0.0004339719998824876,0.24213123321533203,True
3752,168,82.63818543901878,0.00042847400254686363,0.24209308624267578,False
3758,168,99.32870331044982,0.00045156399937695824,0.24213123321533203,True
3760,168,125.42468988383013,0.00042709500121418387,0.24213123321533203,False
3762,168,42.40315160352821,0.0004344610024418216,0.24214649200439453,False
3763,168,121.41642837571862,0.0004316440026741475,0.24211597442626953,False
3764,37,124.74736774610442,0.0004360810016805772,0.24199390411376953,True
3769,168,37.6773050663293,0.0004338689977885224,0.24213123321533203,False
3772,168,44.668180467166934,0.000429954998253379,0.24213123321533203,False
3775,168,101.44167130590985,0.00048628800141159445,0.24210834503173828,True
3776,168,92.34951356400515,0.0004264150011294987,0.24210071563720703,False
3777,168,46.8225308323964,0.0004293530000722967,0.24213886260986328,False
3780,168,39.227996438127704,0.000444214998424286,0.24213886260986328,True
3781,168,94.94856617494054,0.000435322002886096,0.24211597442626953,True
3786,168,45.13586086514366,0.0004442730023583863,0.24212360382080078,False
3789,168,45.902163298171864,0.00044201100172358565,0.24213123321533203,False
3790,168,117.08830800220267,0.00043451600140542723,0.24210834503173828,True
3793,168,73.25946097143402,0.00043536700104596093,0.24213123321533203,False
3796,37,127.81314306765799,0.00048105299720191397,0.24200916290283203,True
3799,168,119.91589060474833,0.00043605600149021484,0.24210834503173828,True
3805,168,42.93762559388326,0.0004368269983388018,0.24213123321533203,True
3806,168,42.03764390807573,0.0004820459980692249,0.24215412139892578,False
3807,168,67.45830775208117,0.0004266280011506751,0.24210071563720703,False
3809,168,92.29252531417033,0.0004498830021475442,0.24210071563720703,False
3811,168,39.386802306048494,0.00044190599874127656,0.24214649200439453,False
3812,168,94.64689373230817,0.00042726500032586046,0.24210071563720703,False
3813,168,88.88735172170408,0.00043464599730214104,0.24213886260986328,False
3815,168,95.25910710243258,0.00042915499943774194,0.24209308624267578,False
3817,168,118.798075903737,0.00044145799984107725,0.24212360382080078,False
3818,168,120.42417094712984,0.00042747599945869297,0.24210834503173828,False
3819,168,46.35045740724398,0.00044759700176655315,0.24213123321533203,False
3821,168,76.32152462660774,0.0004309640025894623,0.24215412139892578,False
3824,168,37.13087556864547,0.0004479890012589749,0.24215412139892578,False
3826,168,87.90910232565311,0.00042954599848599173,0.24209308624267578,False
3833,168,99.02164985085356,0.00043285499850753695,0.24210834503173828,False
3836,168,49.99898963475901,0.00043503499910002574,0.24210834503173828,False
