Test Index,Train Index,Score,Computing Time (s),Space Usage (MB),Same Class
0,1,0.021428571428571463,0.00024739499713177793,0.1909189224243164,True
1,5,0.0071428571428571175,9.82510027824901e-05,0.1909341812133789,True
2,290,0.0071428571428571175,9.674499960965477e-05,0.1909341812133789,True
3,44,0.0,9.861099897534586e-05,0.19094181060791016,True
4,102,0.0,9.545399734633975e-05,0.19094181060791016,True
5,232,0.021428571428571463,0.00010195099821430631,0.1909189224243164,True
6,144,0.0,0.0001158459999714978,0.19094181060791016,True
7,98,0.0071428571428571175,0.00010371299867983907,0.1909341812133789,True
8,98,0.0,9.981599941966124e-05,0.19094181060791016,True
9,98,0.014285714285714235,0.00010206500155618414,0.19092655181884766,True
10,17,0.0,0.00010134599870070815,0.19094181060791016,True
11,158,0.0,9.963999764295295e-05,0.19094181060791016,True
12,44,0.0071428571428571175,9.70149994827807e-05,0.1909341812133789,True
13,69,0.0,9.91669985523913e-05,0.19094181060791016,True
14,5,0.0,0.00010626199946273118,0.19094181060791016,True
15,1,0.0,0.00010076299804495648,0.19094181060791016,True
16,10,0.0,0.00010389100134489127,0.19094181060791016,True
17,46,0.0,9.673200111137703e-05,0.19094181060791016,True
18,139,0.0,0.00013379399752011523,0.19094181060791016,True
19,25,0.0,9.610499910195358e-05,0.19094181060791016,True
20,5,0.0,0.00020612899970728904,0.19094181060791016,True
21,22,0.0071428571428571175,0.00010508600098546594,0.1909341812133789,True
22,44,0.0,9.651499931351282e-05,0.19094181060791016,True
23,1,0.0,0.00010816400026669726,0.19094181060791016,True
24,69,0.0071428571428571175,9.750200115377083e-05,0.1909341812133789,True
25,71,0.021428571428571463,0.00010317100168322213,0.1909189224243164,True
26,17,0.0,9.920400043483824e-05,0.19094181060791016,True
27,233,0.042857142857142816,9.738800144987181e-05,0.19089603424072266,True
28,51,0.0,9.703600153443404e-05,0.19094181060791016,True
29,35,0.0,0.00012589700054377317,0.19094181060791016,True
30,82,0.0,9.640099960961379e-05,0.19094181060791016,True
31,35,0.0,9.939499796018936e-05,0.19094181060791016,True
32,86,0.0,9.556000077282079e-05,0.19094181060791016,True
33,22,0.0,9.572600174578838e-05,0.19094181060791016,True
34,1,0.0,0.00011024600098608062,0.1909646987915039,True
35,10,0.0071428571428571175,0.00010027800090028904,0.1909799575805664,True
36,46,0.0,9.652300286688842e-05,0.19094181060791016,True
37,98,0.0,9.6543000836391e-05,0.19094181060791016,True
38,82,0.0,9.620900164009072e-05,0.19094181060791016,True
39,86,0.0,9.984999996959232e-05,0.19094181060791016,True
40,71,0.021428571428571463,9.719900117488578e-05,0.1909189224243164,True
41,46,0.0,9.627499821363017e-05,0.19094181060791016,True
42,17,0.0,0.00010095300240209326,0.19094181060791016,True
43,46,0.0,9.534299897495657e-05,0.19094181060791016,True
44,259,0.0,9.730700185173191e-05,0.19094181060791016,True
45,52,0.0,0.00013606699940282851,0.19094181060791016,True
46,145,0.021428571428571463,9.698500070953742e-05,0.1909189224243164,True
47,149,0.0357142857142857,9.74040012806654e-05,0.1909036636352539,True
48,51,0.0,0.00011316700329189189,0.19094181060791016,True
49,60,0.0,9.63910024438519e-05,0.19094181060791016,True
50,35,0.0,9.835599848884158e-05,0.19094181060791016,True
51,109,0.0,9.605900049791671e-05,0.19094181060791016,True
52,159,0.0,9.656299880589359e-05,0.19094181060791016,True
53,44,0.0,9.767599840415642e-05,0.19094181060791016,True
54,46,0.0,9.526699795969762e-05,0.19094181060791016,True
55,44,0.0071428571428571175,9.563399726175703e-05,0.1909341812133789,True
56,10,0.0,0.00022070300110499375,0.19094181060791016,True
57,109,0.0,0.00010290899808751419,0.19094181060791016,True
58,1,0.0,0.00011320699923089705,0.1909646987915039,True
59,255,0.0,9.9026998213958e-05,0.19094181060791016,True
60,46,0.0,9.90249973256141e-05,0.19094181060791016,True
61,17,0.0,0.00012012600200250745,0.19094181060791016,True
62,86,0.0,9.60750003287103e-05,0.19094181060791016,True
63,35,0.0,0.0001018879993353039,0.19094181060791016,True
64,100,0.0,0.00020259200027794577,0.19094181060791016,True
65,232,0.0,0.00010681999992812052,0.19094181060791016,True
66,145,0.11428571428571432,0.00012351199984550476,0.19081974029541016,True
67,35,0.0,0.00010571500024525449,0.19094181060791016,True
68,125,0.0,9.924900223268196e-05,0.19094181060791016,True
69,5,0.0,9.853300070972182e-05,0.19094181060791016,True
70,290,0.0071428571428571175,0.00011924000136787072,0.1909341812133789,True
71,232,0.0071428571428571175,0.00010946399925160222,0.1909341812133789,True
72,69,0.0,0.0001046759971359279,0.19094181060791016,True
73,51,0.0,0.00010037800166173838,0.19094181060791016,True
74,69,0.0,0.00010472700159880333,0.19094181060791016,True
75,46,0.0,9.594500079401769e-05,0.19094181060791016,True
76,137,0.0,9.489000149187632e-05,0.19094181060791016,True
77,5,0.0071428571428571175,0.00012001399954897352,0.1909341812133789,True
78,69,0.0,9.987500015995465e-05,0.19094181060791016,True
79,35,0.0071428571428571175,9.851399954641238e-05,0.1909341812133789,True
80,86,0.0071428571428571175,0.00010759900033008307,0.1909341812133789,True
81,44,0.0,9.864900130196474e-05,0.19094181060791016,True
82,44,0.0,0.00010053900041384622,0.19094181060791016,True
83,46,0.0,0.000102988000435289,0.19094181060791016,True
84,211,0.0,9.617999967304058e-05,0.19094181060791016,True
85,192,0.0,9.961000250768848e-05,0.19094181060791016,True
86,51,0.0071428571428571175,0.00011298800018266775,0.1909341812133789,True
87,158,0.0,9.824999870033935e-05,0.19094181060791016,True
88,86,0.0,0.00010191999899689108,0.19094181060791016,True
89,144,0.0,0.00010580000162008218,0.19094181060791016,True
90,35,0.0071428571428571175,0.00010087999908137135,0.1909341812133789,True
91,125,0.0,9.838099867920391e-05,0.19094181060791016,True
92,46,0.0,9.532599869999103e-05,0.19094181060791016,True
93,211,0.014285714285714235,9.754200073075481e-05,0.19092655181884766,True
94,35,0.0,9.557299927109852e-05,0.19094181060791016,True
95,192,0.0071428571428571175,0.00011750200064852834,0.1909341812133789,True
96,51,0.0,9.812599819269963e-05,0.19094181060791016,True
97,158,0.0071428571428571175,0.00010125599874299951,0.1909341812133789,True
98,10,0.014285714285714235,0.00011821899897768162,0.19097232818603516,True
99,5,0.0,9.83339996309951e-05,0.19094181060791016,True
100,1,0.0,0.00010392699914518744,0.1910257339477539,True
101,290,0.0071428571428571175,9.919399963109754e-05,0.1909341812133789,True
102,35,0.0,9.745799980009906e-05,0.19094181060791016,True
103,60,0.0,9.697099812910892e-05,0.19094181060791016,True
104,134,0.0,9.801499982131645e-05,0.19094181060791016,True
105,5,0.0,0.0001119780026783701,0.19094181060791016,True
106,25,0.0071428571428571175,9.906700142892078e-05,0.1909341812133789,True
107,110,0.02857142857142858,9.718100045574829e-05,0.19091129302978516,True
108,17,0.0,9.916800263454206e-05,0.19094181060791016,True
109,17,0.0,0.00010380700041423552,0.19094181060791016,True
110,232,0.0071428571428571175,9.907799903885461e-05,0.1909341812133789,True
111,1,0.014285714285714235,0.00010403800115454942,0.1910104751586914,True
112,193,0.0,9.653800225351006e-05,0.19094181060791016,True
113,35,0.0071428571428571175,0.00010158899749512784,0.1909341812133789,True
114,1,0.014285714285714235,0.00010304799798177555,0.1910104751586914,True
115,82,0.0,9.748899901751429e-05,0.19094181060791016,True
116,1,0.0,0.00010999700316460803,0.1910257339477539,True
117,5,0.0,0.00010711700087995268,0.19094181060791016,True
118,46,0.0,0.0001136800019594375,0.19094181060791016,True
119,232,0.0,9.782000051927753e-05,0.19094181060791016,True
120,1,0.0,0.00010301099973730743,0.1910257339477539,True
121,102,0.0071428571428571175,9.544999920763075e-05,0.1909341812133789,True
122,5,0.0071428571428571175,0.00010600400128168985,0.1909341812133789,True
123,86,0.0,9.579900142853148e-05,0.19094181060791016,True
124,86,0.0,9.755999781191349e-05,0.19094181060791016,True
125,193,0.0,0.00010441199992783368,0.19094181060791016,True
126,21,0.0071428571428571175,9.688399950391613e-05,0.1909341812133789,True
127,193,0.0,0.00011778400221373886,0.19094181060791016,True
128,10,0.0,0.00011385899779270403,0.19098758697509766,True
129,46,0.0,9.718000001157634e-05,0.19094181060791016,True
130,5,0.0,9.875999967334792e-05,0.19094181060791016,True
131,10,0.0,9.741499889059924e-05,0.19094181060791016,True
132,125,0.0,9.618799958843738e-05,0.19094181060791016,True
133,1,0.0071428571428571175,0.00010051399658550508,0.19101810455322266,True
134,381,0.09999999999999998,9.988500096369535e-05,0.19083499908447266,False
135,145,0.021428571428571463,0.00010285500320605934,0.1909189224243164,True
136,17,0.0,0.00010498100164113566,0.19094181060791016,True
137,5,0.0,0.00010962599844788201,0.19094181060791016,True
138,25,0.0,0.00010779700096463785,0.19094181060791016,True
139,46,0.0,0.00010260499766445719,0.19094181060791016,True
140,22,0.0,9.695599874248728e-05,0.19094181060791016,True
141,57,0.0,9.673900058260188e-05,0.19094181060791016,True
142,5,0.0,9.77870004135184e-05,0.19094181060791016,True
143,1,0.0,0.00011514599827933125,0.1910257339477539,True
144,21,0.0,0.00010101500083692372,0.19094181060791016,True
145,5,0.0,9.852599760051817e-05,0.19094181060791016,True
146,139,0.0,9.68450003711041e-05,0.19094181060791016,True
147,85,0.0,0.0001736919984978158,0.19094181060791016,True
148,134,0.0,0.00010917300096480176,0.19094181060791016,True
149,17,0.0,9.694099935586564e-05,0.19094181060791016,True
150,10,0.014285714285714235,0.0001026720019581262,0.19097232818603516,True
151,1,0.014285714285714235,0.0001008789986371994,0.1910104751586914,True
152,69,0.0,9.629199848859571e-05,0.19094181060791016,True
153,22,0.0071428571428571175,0.00013470799967763014,0.1909341812133789,True
154,46,0.0,9.81720004347153e-05,0.19094181060791016,True
155,10,0.0,0.00010220999683951959,0.19098758697509766,True
156,70,0.0,9.53820017457474e-05,0.19094181060791016,True
157,198,0.0,9.673200111137703e-05,0.19094181060791016,True
158,25,0.0071428571428571175,9.974799831979908e-05,0.1909341812133789,True
159,21,0.0,9.938100265571848e-05,0.19094181060791016,True
160,1,0.0,0.00011953099965467118,0.1910257339477539,True
161,35,0.0071428571428571175,9.75620023382362e-05,0.1909341812133789,True
162,211,0.0,9.671900261309929e-05,0.19094181060791016,True
163,194,0.0,9.547899753670208e-05,0.19094181060791016,True
164,35,0.0,0.00011858499783556908,0.19094181060791016,True
165,82,0.0,9.905299884849228e-05,0.19094181060791016,True
166,1,0.021428571428571463,0.00010236899834126234,0.19100284576416016,True
167,102,0.0,9.688699719845317e-05,0.19094181060791016,True
168,17,0.0,9.712600149214268e-05,0.19094181060791016,True
169,57,0.0,9.501399836153723e-05,0.19094181060791016,True
170,102,0.0071428571428571175,9.665100151323713e-05,0.1909341812133789,True
171,109,0.0,0.00010820099851116538,0.19094181060791016,True
172,52,0.0,0.00014190499859978445,0.19094181060791016,True
173,25,0.0071428571428571175,0.00010431199916638434,0.1909341812133789,True
174,5,0.0071428571428571175,9.907200001180172e-05,0.1909341812133789,True
175,46,0.0,9.594999937689863e-05,0.19094181060791016,True
176,102,0.0,9.603999933460727e-05,0.19094181060791016,True
177,158,0.0,9.687199781183153e-05,0.19094181060791016,True
178,109,0.15714285714285714,0.00011420699956943281,0.19077396392822266,True
179,25,0.0071428571428571175,9.721300011733547e-05,0.1909341812133789,True
180,1,0.0,0.0001025099991238676,0.1910257339477539,True
181,46,0.0,0.00010765300248749554,0.19094181060791016,True
182,137,0.0,0.00010448999819345772,0.19094181060791016,True
183,5,0.0071428571428571175,9.866000254987739e-05,0.1909341812133789,True
184,102,0.0,0.00010361699969507754,0.19094181060791016,True
185,17,0.0,9.66890002018772e-05,0.19094181060791016,True
186,44,0.0,0.0001064810021489393,0.19094181060791016,True
187,25,0.014285714285714235,0.00010339500295231119,0.19092655181884766,True
188,10,0.0,0.00010027000098489225,0.19094181060791016,True
189,21,0.0,0.0001077960005204659,0.19094181060791016,True
190,211,0.0,9.519300147076137e-05,0.19094181060791016,True
191,86,0.0,9.582699931343086e-05,0.19094181060791016,True
192,82,0.0,9.749899982125498e-05,0.19094181060791016,True
193,17,0.0,9.673499880591407e-05,0.19094181060791016,True
194,57,0.0,0.00012360900291241705,0.19094181060791016,True
195,100,0.0071428571428571175,0.000107640000351239,0.1909341812133789,True
196,10,0.0,0.0001103530012187548,0.19098758697509766,True
197,82,0.0,9.54630013438873e-05,0.19094181060791016,True
198,17,0.0,0.00010701899736886844,0.19094181060791016,True
199,82,0.0,9.498600047663786e-05,0.19094181060791016,True
200,111,0.0,9.518799924990162e-05,0.19094181060791016,True
201,109,0.0,0.00039169799856608734,0.19094181060791016,True
202,5,0.0071428571428571175,0.00010172000111197121,0.1909341812133789,True
203,5,0.0071428571428571175,0.00011323500075377524,0.1909341812133789,True
204,98,0.0,9.944699922925793e-05,0.19094181060791016,True
205,1,0.0071428571428571175,0.00010124799882760271,0.19101810455322266,True
206,203,0.0,9.543299893266521e-05,0.19094181060791016,True
207,25,0.0071428571428571175,0.00011206799899809994,0.1909341812133789,True
208,86,0.0,0.00011233300028834492,0.19094181060791016,True
209,290,0.014285714285714235,9.946499994839542e-05,0.19092655181884766,True
210,233,0.06428571428571428,0.00033385200003976934,0.1908731460571289,True
211,102,0.0,0.00043797699981951155,0.19094181060791016,True
212,35,0.0,9.811799827730283e-05,0.19094181060791016,True
213,98,0.0,9.63849997788202e-05,0.19094181060791016,True
214,17,0.0,9.794599827728234e-05,0.19094181060791016,True
215,139,0.0071428571428571175,9.539500024402514e-05,0.1909341812133789,True
216,10,0.0071428571428571175,9.790200056158938e-05,0.1909341812133789,True
217,1,0.0071428571428571175,0.000100737001048401,0.19101810455322266,True
218,46,0.0,9.598800170351751e-05,0.19094181060791016,True
219,10,0.0,9.679900176706724e-05,0.19094181060791016,True
220,51,0.0,9.776500155567192e-05,0.19094181060791016,True
221,110,0.014285714285714235,9.809200128074735e-05,0.19092655181884766,True
222,85,0.08571428571428574,9.643399971537292e-05,0.19085025787353516,True
223,158,0.0071428571428571175,9.712500104797073e-05,0.1909341812133789,True
224,10,0.0,9.665600009611808e-05,0.19094181060791016,True
225,139,0.014285714285714235,9.706000128062442e-05,0.19092655181884766,True
226,98,0.0,9.583700011717156e-05,0.19094181060791016,True
227,233,0.05714285714285716,9.611600034986623e-05,0.19088077545166016,True
228,5,0.014285714285714235,9.870600115391426e-05,0.19092655181884766,True
229,17,0.0071428571428571175,9.820599734666757e-05,0.1909341812133789,True
230,82,0.0,0.00010245399971609004,0.19094181060791016,True
231,5,0.014285714285714235,9.785499787540175e-05,0.19092655181884766,True
232,17,0.0071428571428571175,0.00010565000047790818,0.1909341812133789,True
233,46,0.0,9.450599827687256e-05,0.19094181060791016,True
234,22,0.0,9.595500159775838e-05,0.19094181060791016,True
235,5,0.0,9.781900007510558e-05,0.19094181060791016,True
236,17,0.0071428571428571175,9.618200056138448e-05,0.1909341812133789,True
237,290,0.0071428571428571175,9.62289996095933e-05,0.1909341812133789,True
238,82,0.0,9.494799815001898e-05,0.19094181060791016,True
239,17,0.0071428571428571175,9.781100015970878e-05,0.1909341812133789,True
240,71,0.014285714285714235,9.856399992713705e-05,0.19092655181884766,True
241,25,0.0071428571428571175,0.00011792200166382827,0.1909341812133789,True
242,51,0.0,9.619400225346908e-05,0.19094181060791016,True
243,82,0.0,9.54469978751149e-05,0.19094181060791016,True
244,35,0.021428571428571463,0.00010978100181091577,0.1909189224243164,True
245,35,0.0071428571428571175,9.674800094217062e-05,0.1909341812133789,True
246,193,0.0,9.787800081539899e-05,0.19094181060791016,True
247,46,0.0,0.00011590400026761927,0.19094181060791016,True
248,57,0.0,9.728800068842247e-05,0.19094181060791016,True
249,35,0.0,9.722300092107616e-05,0.19094181060791016,True
250,44,0.0071428571428571175,9.556499935570173e-05,0.1909341812133789,True
251,137,0.0,9.569300164002925e-05,0.19094181060791016,True
252,35,0.0071428571428571175,9.822699939832091e-05,0.1909341812133789,True
253,51,0.0071428571428571175,9.678599963081069e-05,0.1909341812133789,True
254,86,0.0,0.00010255300003336743,0.19094181060791016,True
255,1,0.09285714285714286,0.00010020400077337399,0.19092655181884766,True
256,86,0.0,9.879100252874196e-05,0.19094181060791016,True
257,134,0.014285714285714235,0.0001433969991921913,0.19092655181884766,True
258,98,0.0071428571428571175,9.73960013652686e-05,0.1909341812133789,True
259,51,0.0071428571428571175,0.00011463900227681734,0.1909341812133789,True
260,1,0.0,0.00010110200310009532,0.1910257339477539,True
261,5,0.0071428571428571175,0.00010471700079506263,0.1909341812133789,True
262,17,0.0,0.00010558799840509892,0.19094181060791016,True
263,1,0.021428571428571463,0.0001269470012630336,0.19100284576416016,True
264,82,0.0,9.769300231710076e-05,0.19094181060791016,True
265,44,0.0,0.00010306599870091304,0.19094181060791016,True
266,82,0.0071428571428571175,9.722000322653912e-05,0.1909341812133789,True
267,10,0.0071428571428571175,0.00010000600013881922,0.1909799575805664,True
268,21,0.014285714285714235,9.69989996519871e-05,0.19092655181884766,True
269,110,0.0071428571428571175,0.00010454600123921409,0.1909341812133789,True
270,102,0.0,0.00011332799840602092,0.19094181060791016,True
271,82,0.0,0.00010156099961022846,0.19094181060791016,True
272,5,0.0,9.905800106935203e-05,0.19094181060791016,True
273,232,0.0,9.859800047706813e-05,0.19094181060791016,True
274,44,0.0,0.00013967999984743074,0.19094181060791016,True
275,17,0.0,0.0001104160000977572,0.19094181060791016,True
276,111,0.0,0.00011122199794044718,0.19094181060791016,True
277,46,0.0,0.00010959000064758584,0.19094181060791016,True
278,193,0.0,0.00011118600014015101,0.19094181060791016,True
279,71,0.0,9.52949994825758e-05,0.19094181060791016,True
280,10,0.0,0.00010508799823583104,0.19098758697509766,True
281,10,0.0,0.00010142300016013905,0.19094181060791016,True
282,35,0.014285714285714235,0.00010207499872194603,0.19092655181884766,True
283,1,0.02857142857142858,0.00010136200216948055,0.1909952163696289,True
284,10,0.0071428571428571175,0.00011718699897755869,0.1909341812133789,True
285,17,0.0,9.874500028672628e-05,0.19094181060791016,True
286,5,0.0,9.806399975786917e-05,0.19094181060791016,True
287,5,0.0,9.785300062503666e-05,0.19094181060791016,True
288,70,0.0,0.00013683200086234137,0.19094181060791016,True
289,82,0.0,9.821399726206437e-05,0.19094181060791016,True
290,17,0.0,9.804700312088244e-05,0.19094181060791016,True
291,35,0.0,9.573200077284127e-05,0.19094181060791016,True
292,10,0.0,0.00010023200229625218,0.19098758697509766,True
293,25,0.0071428571428571175,9.877699994831346e-05,0.1909341812133789,True
294,82,0.0,0.00011211499804630876,0.19094181060791016,True
295,35,0.0,9.680700168246403e-05,0.19094181060791016,True
296,52,0.0,0.00011764999726437964,0.19094181060791016,True
297,102,0.0,9.505100024398416e-05,0.19094181060791016,True
298,232,0.014285714285714235,9.880099969450384e-05,0.19092655181884766,True
299,139,0.0,9.695700282463804e-05,0.19094181060791016,True
300,10,0.0071428571428571175,0.00022834199990029447,0.1909799575805664,True
301,1,0.0,0.0001019020019157324,0.1910257339477539,True
302,49,0.050000000000000044,9.696900087874383e-05,0.1908884048461914,True
303,5,0.0,9.999100075219758e-05,0.19094181060791016,True
304,21,0.0071428571428571175,0.00010007799937739037,0.1909341812133789,True
305,5,0.0,0.0001455370002076961,0.19094181060791016,True
306,379,0.06428571428571428,9.785899965208955e-05,0.1908731460571289,False
307,10,0.0071428571428571175,0.00010155100244446658,0.1909799575805664,True
308,82,0.0,0.00010914899758063257,0.19094181060791016,True
309,245,0.0,0.00010481700155651197,0.19094181060791016,True
310,86,0.0071428571428571175,9.553899872116745e-05,0.1909341812133789,True
311,22,0.0,9.894100003293715e-05,0.19094181060791016,True
312,100,0.0,9.65309991443064e-05,0.19094181060791016,True
313,22,0.0,9.682299787527882e-05,0.19094181060791016,True
314,46,0.0071428571428571175,9.472199963056482e-05,0.1909341812133789,True
315,10,0.0,9.76269984676037e-05,0.19094181060791016,True
316,44,0.0,9.476099876337685e-05,0.19094181060791016,True
317,98,0.0,9.672799933468923e-05,0.19094181060791016,True
318,25,0.0071428571428571175,9.656999827711843e-05,0.1909341812133789,True
319,46,0.0,9.848099944065325e-05,0.19094181060791016,True
320,1,0.0357142857142857,0.0001108860014937818,0.19098758697509766,True
321,144,0.0,9.880899960990064e-05,0.19094181060791016,True
322,232,0.0,9.849900015979074e-05,0.19094181060791016,True
323,35,0.0,9.659699935582466e-05,0.19094181060791016,True
324,25,0.0071428571428571175,9.770900214789435e-05,0.1909341812133789,True
325,82,0.0,9.996399967349134e-05,0.19094181060791016,True
326,25,0.0,0.00011597900083870627,0.19094181060791016,True
327,44,0.0,9.865500032901764e-05,0.19094181060791016,True
328,17,0.0071428571428571175,0.00013048300024820492,0.1909341812133789,True
329,46,0.0,9.493600009591319e-05,0.19094181060791016,True
330,69,0.0,9.701399903860874e-05,0.19094181060791016,True
331,60,0.0071428571428571175,0.00011494900172692724,0.1909341812133789,True
332,46,0.0,9.705300180939957e-05,0.19094181060791016,True
333,98,0.0,0.00010866099910344929,0.19094181060791016,True
334,98,0.0,9.67659980233293e-05,0.19094181060791016,True
335,46,0.0,0.00010537100024521351,0.19094181060791016,True
336,17,0.0071428571428571175,9.840999700827524e-05,0.1909341812133789,True
337,139,0.0,0.00013228099851403385,0.19094181060791016,True
338,21,0.0071428571428571175,9.651700020185672e-05,0.1909341812133789,True
339,192,0.0,9.609300104784779e-05,0.19094181060791016,True
340,17,0.0,0.00010591000318527222,0.19094181060791016,True
341,10,0.0,9.721999958856031e-05,0.19094181060791016,True
342,49,0.042857142857142816,9.610699999029748e-05,0.19089603424072266,True
343,232,0.014285714285714235,9.772900011739694e-05,0.19092655181884766,True
344,17,0.0,9.879799836198799e-05,0.19094181060791016,True
345,1,0.014285714285714235,0.00010736100011854433,0.1910104751586914,True
346,17,0.0,9.677100024418905e-05,0.19094181060791016,True
347,44,0.0071428571428571175,9.568300083628856e-05,0.1909341812133789,True
348,44,0.0071428571428571175,0.00011902799815288745,0.1909341812133789,True
349,82,0.0,9.560800026520155e-05,0.19094181060791016,True
350,232,0.0071428571428571175,9.705000047688372e-05,0.1909341812133789,True
351,5,0.0071428571428571175,9.81739976850804e-05,0.1909341812133789,True
352,17,0.0,9.697700079414062e-05,0.19094181060791016,True
353,109,0.0,9.545200009597465e-05,0.19094181060791016,True
354,145,0.02857142857142858,0.00012312299804762006,0.19091129302978516,True
355,17,0.0,9.57609991019126e-05,0.19094181060791016,True
356,51,0.0,9.697700079414062e-05,0.19094181060791016,True
357,49,0.02857142857142858,9.942099859472364e-05,0.19091129302978516,True
358,139,0.0,9.640899952501059e-05,0.19094181060791016,True
359,272,0.09285714285714286,0.00010118199861608446,0.1908426284790039,True
360,5,0.0,9.852999937720597e-05,0.19094181060791016,True
361,57,0.0,9.607199899619445e-05,0.19094181060791016,True
362,5,0.0071428571428571175,0.00012357000014162622,0.1909341812133789,True
363,192,0.0,0.00010427399683976546,0.19094181060791016,True
364,69,0.0071428571428571175,9.936900096363388e-05,0.1909341812133789,True
365,22,0.0,9.881300138658844e-05,0.19094181060791016,True
366,17,0.0,0.00010037600077339448,0.19094181060791016,True
367,35,0.0071428571428571175,9.70190012594685e-05,0.1909341812133789,True
368,111,0.02857142857142858,9.954900087905116e-05,0.19091129302978516,True
369,136,0.0,9.628100087866187e-05,0.19094181060791016,True
370,125,0.0,9.6850999398157e-05,0.19094181060791016,True
371,211,0.0071428571428571175,9.665299876360223e-05,0.1909341812133789,True
372,57,0.0,0.00011252200056333095,0.19094181060791016,True
373,249,0.0,9.579399920767173e-05,0.19094181060791016,True
374,232,0.0071428571428571175,9.687800047686324e-05,0.1909341812133789,True
375,86,0.0,9.464799950364977e-05,0.19094181060791016,True
376,17,0.0,9.666299956734292e-05,0.19094181060791016,True
377,86,0.0071428571428571175,9.681300070951693e-05,0.1909341812133789,True
378,46,0.0,0.0001028240003506653,0.19094181060791016,True
379,1,0.0071428571428571175,0.00010719399870140478,0.19101810455322266,True
380,44,0.0,9.733200204209425e-05,0.19094181060791016,True
381,82,0.0,9.575500007485971e-05,0.19094181060791016,True
382,70,0.0,9.634000161895528e-05,0.19094181060791016,True
383,10,0.0,9.94280017039273e-05,0.19098758697509766,True
384,1,0.0071428571428571175,0.0001007289974950254,0.19101810455322266,True
385,69,0.0,9.528100054012612e-05,0.19094181060791016,True
386,5,0.0,0.00010782200115500018,0.19094181060791016,True
387,211,0.0071428571428571175,9.591600246494636e-05,0.1909341812133789,True
388,44,0.0,9.604600199963897e-05,0.19094181060791016,True
389,232,0.0071428571428571175,9.656100155552849e-05,0.1909341812133789,True
390,44,0.0,9.90250009635929e-05,0.19094181060791016,True
391,144,0.0,0.00012541600153781474,0.19094181060791016,True
392,57,0.0,9.64539976848755e-05,0.19094181060791016,True
393,10,0.0,0.00010825899880728684,0.19098758697509766,True
394,5,0.0071428571428571175,9.807300011743791e-05,0.1909341812133789,True
395,5,0.0071428571428571175,0.00011349400301696733,0.1909341812133789,True
396,17,0.0,9.782499910215847e-05,0.19094181060791016,True
397,110,0.02857142857142858,9.742699694470502e-05,0.19091129302978516,True
398,69,0.0,9.617999967304058e-05,0.19094181060791016,True
399,232,0.014285714285714235,9.73979986156337e-05,0.19092655181884766,True
400,17,0.0,0.00013806700007990003,0.19094181060791016,True
401,49,0.014285714285714235,0.00011596500189625658,0.19092655181884766,True
402,10,0.0,0.00010052200013888068,0.19098758697509766,True
403,5,0.0,9.939500159816816e-05,0.19094181060791016,True
404,17,0.0,9.695799963083118e-05,0.19094181060791016,True
405,5,0.0,9.796499944059178e-05,0.19094181060791016,True
406,125,0.0,0.00010255599772790447,0.19094181060791016,True
407,192,0.0,9.829799819272012e-05,0.19094181060791016,True
408,139,0.0,0.000110270000732271,0.19094181060791016,True
409,237,0.0,0.00010236799789709039,0.19094181060791016,True
410,5,0.0,9.717799912323244e-05,0.19094181060791016,True
411,100,0.0,9.594299990567379e-05,0.19094181060791016,True
412,69,0.0,0.00010486000246601179,0.19094181060791016,True
413,25,0.0071428571428571175,0.00010223600111203268,0.1909341812133789,True
414,69,0.0,9.616899842512794e-05,0.19094181060791016,True
415,1,0.0,0.00010738600030890666,0.1910257339477539,True
416,86,0.0,9.741100075189024e-05,0.19094181060791016,True
417,211,0.0,9.656799738877453e-05,0.19094181060791016,True
418,69,0.0,0.00010531100269872695,0.19094181060791016,True
419,10,0.0071428571428571175,9.8636002803687e-05,0.1909799575805664,True
420,82,0.0,9.577699893270619e-05,0.19094181060791016,True
421,46,0.0,9.587200111127459e-05,0.19094181060791016,True
422,100,0.0,0.00011280800026725046,0.19094181060791016,True
423,249,0.0,0.00011056600123993121,0.19094181060791016,True
424,46,0.0,9.719200170366094e-05,0.19094181060791016,True
425,290,0.0,9.558399688103236e-05,0.19094181060791016,True
426,17,0.0,0.00010267499965266325,0.19094181060791016,True
427,35,0.014285714285714235,9.719100125948898e-05,0.19092655181884766,True
428,1,0.0071428571428571175,0.00010540400035097264,0.19101810455322266,True
429,35,0.0,9.683499956736341e-05,0.19094181060791016,True
430,5,0.0,9.738899825606495e-05,0.19094181060791016,True
431,82,0.0,9.813399810809642e-05,0.19094181060791016,True
432,158,0.0071428571428571175,0.0001058529996953439,0.1909341812133789,True
433,17,0.014285714285714235,9.73109999904409e-05,0.19092655181884766,True
434,46,0.0,9.640300049795769e-05,0.19094181060791016,True
435,35,0.0071428571428571175,9.58500022534281e-05,0.1909341812133789,True
436,25,0.014285714285714235,9.783600035007112e-05,0.19092655181884766,True
437,86,0.0,9.560800026520155e-05,0.19094181060791016,True
438,82,0.0,9.518700244370848e-05,0.19094181060791016,True
439,232,0.021428571428571463,0.00010127299901796505,0.1909189224243164,True
440,51,0.0,9.707000208436511e-05,0.19094181060791016,True
441,69,0.0,0.00010708999980124645,0.19094181060791016,True
442,5,0.0071428571428571175,9.916999988490716e-05,0.1909341812133789,True
443,5,0.0071428571428571175,0.00011364799865987152,0.1909341812133789,True
444,44,0.0,0.00010040300185210072,0.19094181060791016,True
445,35,0.0,0.00011443499897723086,0.19094181060791016,True
446,35,0.0,0.00011207699935766868,0.19094181060791016,True
447,290,0.0,9.793999925022945e-05,0.19094181060791016,True
448,232,0.014285714285714235,9.765700087882578e-05,0.19092655181884766,True
449,70,0.0,9.519599916529842e-05,0.19094181060791016,True
450,17,0.0,9.546000001137145e-05,0.19094181060791016,True
451,10,0.0,0.00010546699922997504,0.19094181060791016,True
452,5,0.0071428571428571175,9.765100185177289e-05,0.1909341812133789,True
453,5,0.0071428571428571175,0.00010120400111190975,0.1909341812133789,True
454,82,0.0,0.0001115060003940016,0.19094181060791016,True
455,82,0.0,9.516299905953929e-05,0.19094181060791016,True
456,100,0.0,9.641499855206348e-05,0.19094181060791016,True
457,232,0.0,0.00011620700024650432,0.19094181060791016,True
458,57,0.0,0.00012384599904180504,0.19094181060791016,True
459,17,0.0,9.699200018076226e-05,0.19094181060791016,True
460,125,0.0,9.975200009648688e-05,0.19094181060791016,True
461,5,0.0,0.00011683399861794896,0.19094181060791016,True
462,21,0.0071428571428571175,9.63220008998178e-05,0.1909341812133789,True
463,134,0.0071428571428571175,9.625500024412759e-05,0.1909341812133789,True
464,17,0.0,9.877500269794837e-05,0.19094181060791016,True
465,5,0.0,0.00010733699673437513,0.19094181060791016,True
466,82,0.0071428571428571175,9.865099855232984e-05,0.1909341812133789,True
467,10,0.021428571428571463,0.00010974999895552173,0.1909646987915039,True
468,1,0.0,0.00010269999984302558,0.1910257339477539,True
469,1,0.0,0.00010167900109081529,0.1910257339477539,True
470,125,0.0,0.00010446899977978319,0.19094181060791016,True
471,69,0.0,9.474200123804621e-05,0.19094181060791016,True
472,109,0.0,0.00011193099999218248,0.19094181060791016,True
473,255,0.014285714285714235,0.00010681700223358348,0.19092655181884766,True
474,198,0.0,9.497499922872521e-05,0.19094181060791016,True
475,125,0.0,9.624299855204299e-05,0.19094181060791016,True
476,232,0.0,0.00010355799895478413,0.19094181060791016,True
477,46,0.0,0.00010746000043582171,0.19094181060791016,True
478,194,0.0,0.00010014299914473668,0.19094181060791016,True
479,25,0.0071428571428571175,0.00011496800289023668,0.1909341812133789,True
480,5,0.0,9.951000174623914e-05,0.19094181060791016,True
481,1,0.014285714285714235,0.00010209199899691157,0.1910104751586914,True
482,57,0.014285714285714235,9.675800174591132e-05,0.19092655181884766,True
483,10,0.0,0.00010461599958944134,0.19098758697509766,True
484,145,0.13571428571428568,9.534799755783752e-05,0.1907968521118164,True
485,259,0.0071428571428571175,9.746100113261491e-05,0.1909341812133789,True
486,17,0.0071428571428571175,0.00011501399785629474,0.1909341812133789,True
487,71,0.0,0.00010038300024461932,0.19094181060791016,True
488,237,0.0,0.00010064099842566065,0.19094181060791016,True
489,109,0.0,0.0001022100004774984,0.19094181060791016,True
490,10,0.0,0.00010154899791814387,0.19098758697509766,True
491,69,0.0,0.00010273500083712861,0.19094181060791016,True
492,21,0.0071428571428571175,9.63809980021324e-05,0.1909341812133789,True
493,232,0.0,9.666000187280588e-05,0.19094181060791016,True
494,110,0.014285714285714235,9.91729975794442e-05,0.19092655181884766,True
495,158,0.0,0.00011292500130366534,0.19094181060791016,True
496,233,0.0357142857142857,0.00011641300079645589,0.1909036636352539,True
497,139,0.014285714285714235,9.901600060402416e-05,0.19092655181884766,True
498,10,0.0,9.74020003923215e-05,0.19094181060791016,True
499,60,0.0,0.00011333399743307382,0.19094181060791016,True
500,35,0.0071428571428571175,0.00010179300079471432,0.1909341812133789,True
501,137,0.0,9.842000144999474e-05,0.19094181060791016,True
502,1,0.0071428571428571175,0.00020739700266858563,0.19101810455322266,True
503,44,0.0,9.80990007519722e-05,0.19094181060791016,True
504,57,0.0071428571428571175,0.00011075800284743309,0.1909341812133789,True
505,211,0.0,9.874100214801729e-05,0.19094181060791016,True
506,158,0.0071428571428571175,9.818900070968084e-05,0.1909341812133789,True
507,102,0.0,9.551399853080511e-05,0.19094181060791016,True
508,17,0.0,0.00010077200204250403,0.19094181060791016,True
509,51,0.0,9.723400216898881e-05,0.19094181060791016,True
510,158,0.0,0.00014414799807127565,0.19094181060791016,True
511,232,0.0,0.0001433889992767945,0.19094181060791016,True
512,69,0.0071428571428571175,9.674400280346163e-05,0.1909341812133789,True
513,201,0.021428571428571463,0.00010330700024496764,0.1909189224243164,True
514,1,0.0,0.00010850199760170653,0.1910257339477539,True
515,46,0.0,0.00011043999984394759,0.19094181060791016,True
516,25,0.014285714285714235,9.745599891175516e-05,0.19092655181884766,True
517,233,0.0071428571428571175,0.00011844199980259873,0.1909341812133789,True
518,290,0.0,9.95619993773289e-05,0.19094181060791016,True
519,60,0.0,0.00010107299749506637,0.19094181060791016,True
520,5,0.0071428571428571175,9.859600322670303e-05,0.1909341812133789,True
521,98,0.0,9.880699872155674e-05,0.19094181060791016,True
522,1,0.0,0.0001104099974327255,0.1910257339477539,True
523,44,0.0,0.0003129500000795815,0.19094181060791016,True
524,211,0.0,0.00010099800056195818,0.19094181060791016,True
525,35,0.014285714285714235,0.00010696000026655383,0.19092655181884766,True
526,52,0.0,9.896800111164339e-05,0.19094181060791016,True
527,10,0.0,0.00010099000064656138,0.19098758697509766,True
528,69,0.0071428571428571175,9.535099889035337e-05,0.1909341812133789,True
529,481,0.0071428571428571175,9.649600178818218e-05,0.1909341812133789,False
530,211,0.0,9.602300269762054e-05,0.19094181060791016,True
531,35,0.0,9.562799823470414e-05,0.19094181060791016,True
532,86,0.014285714285714235,0.000101270001323428,0.19092655181884766,True
533,51,0.0071428571428571175,9.696399865788408e-05,0.1909341812133789,True
534,145,0.021428571428571463,0.00011767199976020493,0.1909189224243164,True
535,245,0.0,0.0001036100002238527,0.19094181060791016,True
536,102,0.0071428571428571175,9.55399991653394e-05,0.1909341812133789,True
537,10,0.0,0.00010678199760150164,0.19098758697509766,True
538,21,0.0,9.632599903852679e-05,0.19094181060791016,True
539,21,0.014285714285714235,9.852800212684087e-05,0.19092655181884766,True
540,145,0.11428571428571432,9.618699914426543e-05,0.19081974029541016,True
541,44,0.0,9.781600238056853e-05,0.19094181060791016,True
542,98,0.0,9.643599696573801e-05,0.19094181060791016,True
543,82,0.0,9.489999865763821e-05,0.19094181060791016,True
544,17,0.0,0.00011033000191673636,0.19094181060791016,True
545,145,0.021428571428571463,9.982499977922998e-05,0.1909189224243164,True
546,46,0.0,9.68449967331253e-05,0.19094181060791016,True
547,49,0.0071428571428571175,9.595499795977958e-05,0.1909341812133789,True
548,290,0.0,9.641300130169839e-05,0.19094181060791016,True
549,1,0.0,9.984799908124842e-05,0.1910257339477539,True
550,51,0.0071428571428571175,9.513300028629601e-05,0.1909341812133789,True
551,10,0.0,0.00010868900062632747,0.19098758697509766,True
552,25,0.0,9.845799650065601e-05,0.19094181060791016,True
553,1,0.0,0.00010271499922964722,0.1910257339477539,True
554,233,0.1071428571428571,9.577699893270619e-05,0.1908273696899414,True
555,102,0.0,0.00010524699973757379,0.19094181060791016,True
556,5,0.0071428571428571175,9.75580005615484e-05,0.1909341812133789,True
557,44,0.0,9.649400089983828e-05,0.19094181060791016,True
558,82,0.0,9.533499905955978e-05,0.19094181060791016,True
559,255,0.0,9.602199861546978e-05,0.19094181060791016,True
560,46,0.0,9.56250005401671e-05,0.19094181060791016,True
561,98,0.0,9.73310015979223e-05,0.19094181060791016,True
562,21,0.0071428571428571175,9.736300125950947e-05,0.1909341812133789,True
563,10,0.0,9.800899715628475e-05,0.19094181060791016,True
564,137,0.0,9.483199755777605e-05,0.19094181060791016,True
565,100,0.0,9.557399971527047e-05,0.19094181060791016,True
566,86,0.0,9.620299897505902e-05,0.19094181060791016,True
567,35,0.014285714285714235,9.631300054024905e-05,0.19092655181884766,True
568,5,0.0071428571428571175,9.765899812919088e-05,0.1909341812133789,True
569,232,0.0,0.00011698700109263882,0.19094181060791016,True
570,5,0.0071428571428571175,9.660700015956536e-05,0.1909341812133789,True
571,139,0.0071428571428571175,0.00011442899995017797,0.1909341812133789,True
572,192,0.0,9.656000111135654e-05,0.19094181060791016,True
573,10,0.021428571428571463,0.00011406399789848365,0.1909646987915039,True
574,201,0.014285714285714235,0.00010688499969546683,0.19092655181884766,True
575,35,0.0071428571428571175,0.00011177100168424658,0.1909341812133789,True
576,49,0.014285714285714235,9.638799747335725e-05,0.19092655181884766,True
577,35,0.0,0.00011027900109183975,0.19094181060791016,True
578,46,0.0,9.552800111123361e-05,0.19094181060791016,True
579,35,0.0,9.651999789639376e-05,0.19094181060791016,True
580,52,0.0,9.495099948253483e-05,0.19094181060791016,True
581,17,0.0,9.683600001153536e-05,0.19094181060791016,True
582,139,0.0,0.00010012699931394309,0.19094181060791016,True
583,10,0.0,0.00010988899884978309,0.19098758697509766,True
584,22,0.0,9.612999929231592e-05,0.19094181060791016,True
585,290,0.0,0.00010327400013920851,0.19094181060791016,True
586,82,0.0071428571428571175,9.739000233821571e-05,0.1909341812133789,True
587,203,0.0,9.615900125936605e-05,0.19094181060791016,True
588,233,0.0,0.00010496300092199817,0.19094181060791016,True
589,193,0.0,0.00010833399937837385,0.19094181060791016,True
590,5,0.0,9.719599984236993e-05,0.19094181060791016,True
591,35,0.0071428571428571175,0.00013442000272334553,0.1909341812133789,True
592,10,0.0071428571428571175,0.00011179400098626502,0.1909799575805664,True
593,82,0.0,0.00023390399655909277,0.19094181060791016,True
594,259,0.0,9.644999954616651e-05,0.19094181060791016,True
595,194,0.0,9.645300087868236e-05,0.19094181060791016,True
596,145,0.014285714285714235,9.695599874248728e-05,0.19092655181884766,True
597,46,0.0,9.472999954596162e-05,0.19094181060791016,True
598,5,0.0071428571428571175,9.66360021266155e-05,0.1909341812133789,True
599,1,0.0071428571428571175,0.0001011079984891694,0.19101810455322266,True
600,5,0.0,0.0001001109994831495,0.19094181060791016,True
601,159,0.0,9.719099762151018e-05,0.19094181060791016,True
602,17,0.0,9.970099927159026e-05,0.19094181060791016,True
603,69,0.0071428571428571175,0.00010589500016067177,0.1909341812133789,True
604,22,0.0,9.658600174589083e-05,0.19094181060791016,True
605,134,0.0,9.938999937730841e-05,0.19094181060791016,True
606,51,0.0,9.60769975790754e-05,0.19094181060791016,True
607,125,0.0071428571428571175,9.703199975774623e-05,0.1909341812133789,True
608,259,0.0,0.00010844999997061677,0.19094181060791016,True
609,82,0.0,9.549400056130253e-05,0.19094181060791016,True
610,232,0.0,9.883799793897197e-05,0.19094181060791016,True
611,10,0.0071428571428571175,0.0001325719968008343,0.1909341812133789,True
612,10,0.0,9.865199899650179e-05,0.19094181060791016,True
613,44,0.0,0.00010100399958901107,0.19094181060791016,True
614,290,0.0,9.658499766374007e-05,0.19094181060791016,True
615,109,0.0,9.752400001161732e-05,0.19094181060791016,True
616,10,0.0071428571428571175,0.00010066500180982985,0.1909341812133789,True
617,44,0.0,9.693299944046885e-05,0.19094181060791016,True
618,35,0.0,9.547200170345604e-05,0.19094181060791016,True
619,233,0.042857142857142816,0.00011932900088140741,0.19089603424072266,True
620,35,0.0,9.717799912323244e-05,0.19094181060791016,True
621,17,0.0,0.0001585019999765791,0.19094181060791016,True
622,46,0.0,9.556200166116469e-05,0.19094181060791016,True
623,5,0.0,9.612400026526302e-05,0.19094181060791016,True
624,10,0.0,9.707900244393386e-05,0.19094181060791016,True
625,57,0.0071428571428571175,0.00012673899982473813,0.1909341812133789,True
626,259,0.0,0.00012086700007785112,0.19094181060791016,True
627,46,0.0,0.00011087199891335331,0.19094181060791016,True
628,22,0.0,9.766600123839453e-05,0.19094181060791016,True
629,35,0.014285714285714235,9.561399929225445e-05,0.19092655181884766,True
630,139,0.014285714285714235,9.629299893276766e-05,0.19092655181884766,True
631,1,0.0,0.00010195100185228512,0.1910257339477539,True
632,22,0.0071428571428571175,0.00010546100020292215,0.1909341812133789,True
633,5,0.0,9.80909971985966e-05,0.19094181060791016,True
634,1,0.0071428571428571175,9.993999992730096e-05,0.19101810455322266,True
635,21,0.0071428571428571175,9.639800191507675e-05,0.1909341812133789,True
636,25,0.0,9.629900159779936e-05,0.19094181060791016,True
637,86,0.0,0.00010277299952576868,0.19094181060791016,True
638,57,0.0,9.441099973628297e-05,0.19094181060791016,True
639,35,0.021428571428571463,9.53859998844564e-05,0.1909189224243164,True
640,5,0.0071428571428571175,9.873499948298559e-05,0.1909341812133789,True
641,46,0.0071428571428571175,9.582600250723772e-05,0.1909341812133789,True
642,17,0.0,9.60809993557632e-05,0.19094181060791016,True
643,44,0.0,9.658500130171888e-05,0.19094181060791016,True
644,10,0.0,0.00010141299935639836,0.19098758697509766,True
645,159,0.0,9.524099732516333e-05,0.19094181060791016,True
646,10,0.0,0.00010209700121777132,0.19094181060791016,True
647,5,0.0071428571428571175,0.00010034300066763535,0.1909341812133789,True
648,102,0.0,0.0001075670006684959,0.19094181060791016,True
649,295,0.12142857142857144,9.507099821348675e-05,0.1908121109008789,False
650,290,0.0,9.812899952521548e-05,0.19094181060791016,True
651,35,0.0,9.727400174597278e-05,0.19094181060791016,True
652,211,0.0,0.00010912799916695803,0.19094181060791016,True
653,158,0.0071428571428571175,9.6621999546187e-05,0.1909341812133789,True
654,52,0.0,0.00010322399975848384,0.19094181060791016,True
655,10,0.0,9.635999958845787e-05,0.19094181060791016,True
656,35,0.0,9.595300070941448e-05,0.19094181060791016,True
657,35,0.0071428571428571175,9.56859985308256e-05,0.1909341812133789,True
658,125,0.0,9.955100176739506e-05,0.19094181060791016,True
659,35,0.0071428571428571175,9.745900024427101e-05,0.1909341812133789,True
660,46,0.0,9.70149994827807e-05,0.19094181060791016,True
661,17,0.0,0.00010790799933602102,0.19094181060791016,True
662,139,0.0071428571428571175,9.617400064598769e-05,0.1909341812133789,True
663,158,0.0071428571428571175,0.0001015050002024509,0.1909341812133789,True
664,137,0.0,9.634500020183623e-05,0.19094181060791016,True
665,57,0.0,9.525199857307598e-05,0.19094181060791016,True
666,21,0.0,9.598399992682971e-05,0.19094181060791016,True
667,21,0.0071428571428571175,0.00011225100024603307,0.1909341812133789,True
668,69,0.0,9.591500202077441e-05,0.19094181060791016,True
669,211,0.0,9.507099821348675e-05,0.19094181060791016,True
670,100,0.0,9.585500083630905e-05,0.19094181060791016,True
671,17,0.0,9.702200259198435e-05,0.19094181060791016,True
672,69,0.0,9.681899973656982e-05,0.19094181060791016,True
673,295,0.12857142857142856,9.524900087853894e-05,0.19080448150634766,False
674,10,0.0071428571428571175,0.00010421899787615985,0.1909799575805664,True
675,35,0.0071428571428571175,0.00010337899948353879,0.1909341812133789,True
676,44,0.0,9.611399946152233e-05,0.19094181060791016,True
677,86,0.021428571428571463,9.712999963085167e-05,0.1909189224243164,True
678,35,0.0,9.725400013849139e-05,0.19094181060791016,True
679,10,0.0,9.939200026565231e-05,0.19098758697509766,True
680,22,0.0071428571428571175,9.538100130157545e-05,0.1909341812133789,True
681,198,0.0071428571428571175,9.962699914467521e-05,0.1909341812133789,True
682,158,0.0,9.612099893274717e-05,0.19094181060791016,True
683,46,0.0071428571428571175,0.00010661200212780386,0.1909341812133789,True
684,125,0.0,9.916600174619816e-05,0.19094181060791016,True
685,102,0.0,9.528699956717901e-05,0.19094181060791016,True
686,125,0.0,9.626899918657728e-05,0.19094181060791016,True
687,35,0.0071428571428571175,9.644699821365066e-05,0.1909341812133789,True
688,139,0.0,9.757899897522293e-05,0.19094181060791016,True
689,290,0.0,0.00021524100156966597,0.19094181060791016,True
690,290,0.0071428571428571175,0.000104057999124052,0.1909341812133789,True
691,159,0.014285714285714235,9.721199967316352e-05,0.19092655181884766,True
692,158,0.0,9.665600009611808e-05,0.19094181060791016,True
693,290,0.0,0.00010788700092234649,0.19094181060791016,True
694,57,0.0,0.00012462400263757445,0.19094181060791016,True
695,17,0.0,0.0001127559989981819,0.19094181060791016,True
696,22,0.0,0.00010028299948316999,0.19094181060791016,True
697,5,0.0,0.00010372299948357977,0.19094181060791016,True
698,1,0.021428571428571463,0.00010220699914498255,0.19100284576416016,True
699,102,0.0071428571428571175,9.97930001176428e-05,0.1909341812133789,True
700,82,0.0,0.0001134449994424358,0.19094181060791016,True
701,10,0.0,0.00010594799823593348,0.19098758697509766,True
702,10,0.0071428571428571175,0.0001120529996114783,0.1909341812133789,True
703,70,0.0,0.00011831599840661511,0.19094181060791016,True
704,25,0.0071428571428571175,0.00010056400060420856,0.1909341812133789,True
705,17,0.0071428571428571175,0.0001106589988921769,0.1909341812133789,True
706,232,0.0,0.00010457899770699441,0.19094181060791016,True
707,10,0.0,0.00010513300003367476,0.19094181060791016,True
708,125,0.0,0.00010339599975850433,0.19094181060791016,True
709,82,0.0071428571428571175,9.642799705034122e-05,0.1909341812133789,True
710,22,0.0,0.00010230000043520704,0.19094181060791016,True
711,52,0.0,9.587399836163968e-05,0.19094181060791016,True
712,17,0.0071428571428571175,0.00010808699880726635,0.1909341812133789,True
713,25,0.0071428571428571175,0.00011813799937954172,0.1909341812133789,True
714,17,0.0,9.846000102697872e-05,0.19094181060791016,True
715,52,0.0,9.671699808677658e-05,0.19094181060791016,True
716,100,0.0,9.637000039219856e-05,0.19094181060791016,True
717,69,0.0,0.00010175900024478324,0.19094181060791016,True
718,35,0.0071428571428571175,0.0001090320001821965,0.1909341812133789,True
719,125,0.0,9.702399984234944e-05,0.19094181060791016,True
720,1,0.0,0.00010405099965282716,0.1910257339477539,True
721,272,0.1071428571428571,9.709700316307135e-05,0.1908273696899414,True
722,10,0.0,0.00010015199950430542,0.19098758697509766,True
723,82,0.0,0.00010960900181089528,0.19094181060791016,True
724,82,0.0,9.99650001176633e-05,0.19094181060791016,True
725,17,0.0,9.6010000561364e-05,0.19094181060791016,True
726,158,0.0071428571428571175,9.74730028246995e-05,0.1909341812133789,True
727,10,0.0,9.773399870027788e-05,0.19094181060791016,True
728,35,0.0071428571428571175,9.892299931379966e-05,0.1909341812133789,True
729,193,0.0071428571428571175,0.00011048200030927546,0.1909341812133789,True
730,35,0.0,0.00010804100020322949,0.19094181060791016,True
731,100,0.0,9.835900345933624e-05,0.19094181060791016,True
732,102,0.0071428571428571175,0.00012573799904203042,0.1909341812133789,True
733,1,0.0,0.00010331099838367663,0.1910257339477539,True
734,82,0.0071428571428571175,9.630200293031521e-05,0.1909341812133789,True
735,10,0.0,0.00010194999777013436,0.19098758697509766,True
736,198,0.0,9.633300214773044e-05,0.19094181060791016,True
737,46,0.0071428571428571175,9.705999764264561e-05,0.1909341812133789,True
738,17,0.0,9.798999963095412e-05,0.19094181060791016,True
739,35,0.0,0.00012340900138951838,0.19094181060791016,True
740,17,0.0,9.719599984236993e-05,0.19094181060791016,True
741,1,0.0,0.00011218099825782701,0.1910257339477539,True
742,233,0.1071428571428571,9.75439979811199e-05,0.1908273696899414,True
743,46,0.0,9.89520012808498e-05,0.19094181060791016,True
744,17,0.0,9.801700070966035e-05,0.19094181060791016,True
745,57,0.0,9.720600064611062e-05,0.19094181060791016,True
746,149,0.014285714285714235,0.00010074599776999094,0.19092655181884766,True
747,110,0.050000000000000044,9.946699719876051e-05,0.1908884048461914,True
748,44,0.0,9.774399950401857e-05,0.19094181060791016,True
749,57,0.0,0.00010796900096465833,0.19094181060791016,True
750,290,0.0071428571428571175,0.0001122760004363954,0.1909341812133789,True
751,17,0.0071428571428571175,0.00010509799903957173,0.1909341812133789,True
752,193,0.0,9.599899931345135e-05,0.19094181060791016,True
753,98,0.0,9.872800001176074e-05,0.19094181060791016,True
754,111,0.021428571428571463,0.0001083289971575141,0.1909189224243164,True
755,10,0.0,9.736599895404652e-05,0.19094181060791016,True
756,232,0.0071428571428571175,9.801000123843551e-05,0.1909341812133789,True
757,102,0.0,9.552000119583681e-05,0.19094181060791016,True
758,1,0.0,0.00010245800149277784,0.1910257339477539,True
759,35,0.0,9.62329977483023e-05,0.19094181060791016,True
760,25,0.0071428571428571175,0.00011410099978093058,0.1909341812133789,True
761,82,0.0,9.60789984674193e-05,0.19094181060791016,True
762,82,0.0,9.657299960963428e-05,0.19094181060791016,True
763,5,0.0071428571428571175,9.839199992711656e-05,0.1909341812133789,True
764,46,0.0,9.714999760035425e-05,0.19094181060791016,True
765,52,0.0,9.594400034984574e-05,0.19094181060791016,True
766,82,0.0,0.00010770000153570436,0.19094181060791016,True
767,17,0.0,0.00011019800149369985,0.19094181060791016,True
768,17,0.0071428571428571175,9.857499753707089e-05,0.1909341812133789,True
769,25,0.014285714285714235,9.684600081527606e-05,0.19092655181884766,True
770,60,0.0,9.840799975791015e-05,0.19094181060791016,True
771,10,0.0,0.00010486000246601179,0.19094181060791016,True
772,1,0.0,0.00010355500126024708,0.1910257339477539,True
773,1,0.0071428571428571175,0.00010186800136580132,0.19101810455322266,True
774,17,0.0,9.870199937722646e-05,0.19094181060791016,True
775,1,0.0,0.00012263399912626483,0.1910257339477539,True
776,25,0.0,0.00010420100079500116,0.19094181060791016,True
777,46,0.0,9.520300227450207e-05,0.19094181060791016,True
778,145,0.19285714285714284,9.778200183063745e-05,0.1907358169555664,True
779,10,0.0,0.0001021129974105861,0.19098758697509766,True
780,229,0.0,9.611299901735038e-05,0.19094181060791016,True
781,145,0.0357142857142857,9.865699757938273e-05,0.1909036636352539,True
782,10,0.0071428571428571175,0.00010062000001198612,0.1909799575805664,True
783,100,0.0,0.00010591400132398121,0.19094181060791016,True
784,10,0.0,0.00010232799832010642,0.19098758697509766,True
785,22,0.0,0.00010647600356605835,0.19094181060791016,True
786,46,0.0,9.551800030749291e-05,0.19094181060791016,True
787,233,0.021428571428571463,9.898399730445817e-05,0.1909189224243164,True
788,139,0.0,9.57589982135687e-05,0.19094181060791016,True
789,10,0.0,0.00010018099783337675,0.19098758697509766,True
790,82,0.0,0.00013210099859861657,0.19094181060791016,True
791,139,0.0,9.714000043459237e-05,0.19094181060791016,True
792,290,0.0,9.794699872145429e-05,0.19094181060791016,True
793,1,0.0,0.00010156499774893746,0.1910257339477539,True
794,232,0.0071428571428571175,9.667299673310481e-05,0.1909341812133789,True
795,46,0.0,9.673599925008602e-05,0.19094181060791016,True
796,17,0.0071428571428571175,9.890699948300608e-05,0.1909341812133789,True
797,5,0.0071428571428571175,9.724599658511579e-05,0.1909341812133789,True
798,46,0.0,9.595300070941448e-05,0.19094181060791016,True
799,10,0.0071428571428571175,9.761799810803495e-05,0.1909341812133789,True
800,109,0.0,9.541899999021553e-05,0.19094181060791016,True
801,290,0.0,9.667299673310481e-05,0.19094181060791016,True
802,57,0.0,9.556999793858267e-05,0.19094181060791016,True
803,125,0.014285714285714235,9.682500240160152e-05,0.19092655181884766,True
804,233,0.05714285714285716,9.907300045597367e-05,0.19088077545166016,True
805,1,0.0,0.00012525900092441589,0.1910257339477539,True
806,5,0.0,9.976500223274343e-05,0.19094181060791016,True
807,1,0.0,0.00013469400073518045,0.1910257339477539,True
808,259,0.0,9.649200001149438e-05,0.19094181060791016,True
809,35,0.014285714285714235,9.911899906001054e-05,0.19092655181884766,True
810,5,0.0,9.805399895412847e-05,0.19094181060791016,True
811,17,0.0,9.736400170368142e-05,0.19094181060791016,True
812,192,0.0,9.53050002863165e-05,0.19094181060791016,True
813,17,0.0,9.993300045607612e-05,0.19094181060791016,True
814,35,0.0,9.504300032858737e-05,0.19094181060791016,True
815,290,0.014285714285714235,9.765800132299773e-05,0.19092655181884766,True
816,5,0.0071428571428571175,0.00011545199959073216,0.1909341812133789,True
817,86,0.0,9.641600263421424e-05,0.19094181060791016,True
818,100,0.0,9.627899999031797e-05,0.19094181060791016,True
819,70,0.0071428571428571175,9.715200212667696e-05,0.1909341812133789,True
820,17,0.0071428571428571175,9.664700337452814e-05,0.1909341812133789,True
821,44,0.0,9.65510007517878e-05,0.19094181060791016,True
822,35,0.0,9.799200051929802e-05,0.19094181060791016,True
823,193,0.0,9.483199755777605e-05,0.19094181060791016,True
824,35,0.0,9.608400068827905e-05,0.19094181060791016,True
825,5,0.0071428571428571175,9.874399984255433e-05,0.1909341812133789,True
826,46,0.0,9.681599840405397e-05,0.19094181060791016,True
827,44,0.0071428571428571175,9.663099990575574e-05,0.1909341812133789,True
828,198,0.0,9.575100193615071e-05,0.19094181060791016,True
829,1,0.0071428571428571175,0.00010401100007584319,0.19101810455322266,True
830,5,0.0,9.712800238048658e-05,0.19094181060791016,True
831,10,0.0,9.66849984251894e-05,0.19094181060791016,True
832,17,0.0,9.637300172471441e-05,0.19094181060791016,True
833,211,0.0,9.809200128074735e-05,0.19094181060791016,True
834,245,0.0,9.691199738881551e-05,0.19094181060791016,True
835,1,0.0,0.00010009499965235591,0.1910257339477539,True
836,46,0.0,9.911700180964544e-05,0.19094181060791016,True
837,5,0.0,9.896199844661169e-05,0.19094181060791016,True
838,5,0.0071428571428571175,9.843299994827248e-05,0.1909341812133789,True
839,102,0.0,9.729600060381927e-05,0.19094181060791016,True
840,1,0.0,0.00010144699990632944,0.1910257339477539,True
841,44,0.0071428571428571175,9.543399937683716e-05,0.1909341812133789,True
842,290,0.0,9.601700003258884e-05,0.19094181060791016,True
843,57,0.0,9.966300058295019e-05,0.19094181060791016,True
844,232,0.0,9.84759972197935e-05,0.19094181060791016,True
845,46,0.0,9.683000098448247e-05,0.19094181060791016,True
846,193,0.0,9.538300218991935e-05,0.19094181060791016,True
847,22,0.0071428571428571175,0.00012018200141028501,0.1909341812133789,True
848,290,0.0,9.56959993345663e-05,0.19094181060791016,True
849,49,0.0,9.606999810785055e-05,0.19094181060791016,True
850,5,0.0071428571428571175,9.741300164023414e-05,0.1909341812133789,True
851,22,0.0071428571428571175,9.94910005829297e-05,0.1909341812133789,True
852,198,0.12142857142857144,9.365799996885471e-05,0.1908121109008789,True
853,46,0.0,9.628799671190791e-05,0.19094181060791016,True
854,44,0.0071428571428571175,9.915400005411357e-05,0.1909341812133789,True
855,5,0.0,9.834099910221994e-05,0.19094181060791016,True
856,136,0.0,9.610699999029748e-05,0.19094181060791016,True
857,5,0.0,0.00012213599984534085,0.19094181060791016,True
858,22,0.0071428571428571175,0.00013006500012124889,0.1909341812133789,True
859,1,0.0,0.00013715100067202002,0.1910257339477539,True
860,102,0.0,0.00010302200098522007,0.19094181060791016,True
861,46,0.0,9.584099825588055e-05,0.19094181060791016,True
862,1,0.014285714285714235,0.00010080299762194045,0.1910104751586914,True
863,51,0.0,9.531999967293814e-05,0.19094181060791016,True
864,35,0.014285714285714235,9.643700104788877e-05,0.19092655181884766,True
865,69,0.0,0.00011183300011907704,0.19094181060791016,True
866,51,0.0,0.00010117700003320351,0.19094181060791016,True
867,198,0.0,9.580299956724048e-05,0.19094181060791016,True
868,232,0.0071428571428571175,0.00011839600119856186,0.1909341812133789,True
869,5,0.0,0.00011263199849054217,0.19094181060791016,True
870,102,0.0,9.840600250754505e-05,0.19094181060791016,True
871,136,0.0071428571428571175,9.848499757936224e-05,0.1909341812133789,True
872,139,0.0071428571428571175,9.62269987212494e-05,0.1909341812133789,True
873,102,0.0,9.841800056165084e-05,0.19094181060791016,True
874,46,0.0,9.597499956726097e-05,0.19094181060791016,True
875,82,0.0,9.997099914471619e-05,0.19094181060791016,True
876,82,0.0,9.519899685983546e-05,0.19094181060791016,True
877,35,0.0071428571428571175,9.672099986346439e-05,0.1909341812133789,True
878,17,0.0,9.646699982113205e-05,0.19094181060791016,True
879,125,0.0,9.517999933450483e-05,0.19094181060791016,True
880,69,0.0,9.497200153418817e-05,0.19094181060791016,True
881,44,0.0,0.00011274099961156026,0.19094181060791016,True
882,193,0.0,0.00010486300016054884,0.19094181060791016,True
883,10,0.0,0.00010279799971613102,0.19098758697509766,True
884,46,0.0,9.934199988492765e-05,0.19094181060791016,True
885,86,0.014285714285714235,9.488800060353242e-05,0.19092655181884766,True
886,109,0.0,9.516299905953929e-05,0.19094181060791016,True
887,144,0.0357142857142857,9.723000039230101e-05,0.1909036636352539,True
888,110,0.050000000000000044,9.696400229586288e-05,0.1908884048461914,True
889,110,0.021428571428571463,9.799100007512607e-05,0.1909189224243164,True
890,1,0.15714285714285714,0.00010124099935637787,0.1908578872680664,True
891,5,0.0,9.884899918688461e-05,0.19094181060791016,True
892,22,0.0,0.00010091699732583947,0.19094181060791016,True
893,255,0.0,9.65510007517878e-05,0.19094181060791016,True
894,290,0.0071428571428571175,9.607199899619445e-05,0.1909341812133789,True
895,255,0.0,9.554899952490814e-05,0.19094181060791016,True
896,1,0.0,9.984600183088332e-05,0.1910257339477539,True
897,109,0.0,9.677100024418905e-05,0.19094181060791016,True
898,17,0.0,9.814900113269687e-05,0.19094181060791016,True
899,35,0.0071428571428571175,0.00010931799988611601,0.1909341812133789,True
900,46,0.0,0.00016239899923675694,0.19094181060791016,True
901,17,0.0,9.685399709269404e-05,0.19094181060791016,True
902,1,0.0,0.00010387000293121673,0.1910257339477539,True
903,69,0.0,9.797700113267638e-05,0.19094181060791016,True
904,22,0.0,9.811400013859384e-05,0.19094181060791016,True
905,17,0.0,0.00010481800200068392,0.19094181060791016,True
906,51,0.0,0.00010403599662822671,0.19094181060791016,True
907,5,0.0071428571428571175,0.0001439279985788744,0.1909341812133789,True
908,44,0.0,0.00010640199980116449,0.19094181060791016,True
909,439,0.0071428571428571175,0.00010378400111221708,0.1909341812133789,False
910,259,0.0071428571428571175,0.00010122300227521919,0.1909341812133789,True
911,35,0.0,9.714499901747331e-05,0.19094181060791016,True
912,109,0.0,0.00010782800018205307,0.19094181060791016,True
913,211,0.0,9.726400094223209e-05,0.19094181060791016,True
914,1,0.0,0.00010811899846885353,0.1910257339477539,True
915,145,0.0357142857142857,0.00012525000056484714,0.1909036636352539,True
916,35,0.0071428571428571175,0.00010651100092218257,0.1909341812133789,True
917,17,0.0071428571428571175,0.00010565199772827327,0.1909341812133789,True
918,102,0.0071428571428571175,9.891799709293991e-05,0.1909341812133789,True
919,82,0.0071428571428571175,0.00010207699961028993,0.1909341812133789,True
920,17,0.0,0.00011269500100752339,0.19094181060791016,True
921,139,0.0071428571428571175,0.00010423300045658834,0.1909341812133789,True
922,46,0.0,0.00010190399916609749,0.19094181060791016,True
923,10,0.0,9.627499821363017e-05,0.19094181060791016,True
924,192,0.0,9.758899977896363e-05,0.19094181060791016,True
925,69,0.0,9.744099952513352e-05,0.19094181060791016,True
926,25,0.0,9.813200085773133e-05,0.19094181060791016,True
927,158,0.0,9.729100202093832e-05,0.19094181060791016,True
928,232,0.0,0.00010291499711456709,0.19094181060791016,True
929,57,0.0,9.519000013824552e-05,0.19094181060791016,True
930,82,0.0,9.746200157678686e-05,0.19094181060791016,True
931,139,0.0071428571428571175,0.00012444199819583446,0.1909341812133789,True
932,134,0.0071428571428571175,9.736699939821847e-05,0.1909341812133789,True
933,46,0.0,9.590099944034591e-05,0.19094181060791016,True
934,1,0.0,0.00010219500109087676,0.1910257339477539,True
935,35,0.0071428571428571175,9.504100307822227e-05,0.1909341812133789,True
936,22,0.0,9.644899910199456e-05,0.19094181060791016,True
937,17,0.0,9.711500024423003e-05,0.19094181060791016,True
938,44,0.0071428571428571175,9.830699855228886e-05,0.1909341812133789,True
939,232,0.0071428571428571175,9.668799975770526e-05,0.1909341812133789,True
940,1,0.0071428571428571175,0.00012092299948562868,0.19101810455322266,True
941,46,0.0,9.593800132279284e-05,0.19094181060791016,True
942,46,0.0071428571428571175,9.595799929229543e-05,0.1909341812133789,True
943,192,0.0,0.00010481400022399612,0.19094181060791016,True
944,209,0.042857142857142816,9.511000098427758e-05,0.19089603424072266,True
945,17,0.014285714285714235,9.891400259220973e-05,0.19092655181884766,True
946,44,0.0,0.00011839800208690576,0.19094181060791016,True
947,82,0.0,9.750400204211473e-05,0.19094181060791016,True
948,22,0.0071428571428571175,9.615499948267825e-05,0.1909341812133789,True
949,1,0.02857142857142858,0.00010293800005456433,0.1909952163696289,True
950,98,0.0,0.00010109299910254776,0.19094181060791016,True
951,51,0.0,9.790200056158938e-05,0.19094181060791016,True
952,1,0.0,0.00010358600047766231,0.1910257339477539,True
953,69,0.0071428571428571175,0.00011559400081750937,0.1909341812133789,True
954,10,0.0,9.62430021900218e-05,0.19094181060791016,True
955,70,0.0,9.561600018059835e-05,0.19094181060791016,True
956,159,0.0,9.511100142844953e-05,0.19094181060791016,True
957,69,0.0071428571428571175,9.638800111133605e-05,0.1909341812133789,True
958,232,0.0071428571428571175,0.00010035800005425699,0.1909341812133789,True
959,22,0.0,0.0001526949999970384,0.19094181060791016,True
960,71,0.014285714285714235,0.00010356799975852482,0.19092655181884766,True
961,255,0.0,9.663899982115254e-05,0.19094181060791016,True
962,60,0.014285714285714235,9.932000102708116e-05,0.19092655181884766,True
963,290,0.0,9.697299901745282e-05,0.19094181060791016,True
964,44,0.0,9.608600157662295e-05,0.19094181060791016,True
965,290,0.0,0.00012692100062849931,0.19094181060791016,True
966,102,0.0,9.620900164009072e-05,0.19094181060791016,True
967,44,0.0,0.00023938400045153685,0.19094181060791016,True
968,5,0.0,9.699599831947125e-05,0.19094181060791016,True
969,10,0.0,9.996399967349134e-05,0.19098758697509766,True
970,46,0.0,0.00010159999874304049,0.19094181060791016,True
971,52,0.0,9.575799776939675e-05,0.19094181060791016,True
972,290,0.0071428571428571175,0.00010701700011850335,0.1909341812133789,True
973,136,0.0,9.599300028639846e-05,0.19094181060791016,True
974,35,0.0,9.480200242251158e-05,0.19094181060791016,True
975,35,0.0071428571428571175,9.641499855206348e-05,0.1909341812133789,True
976,10,0.0071428571428571175,0.00010364500121795572,0.1909799575805664,True
977,273,0.0,9.624700032873079e-05,0.19094181060791016,True
978,21,0.0,0.00010464799925102852,0.19094181060791016,True
979,139,0.0071428571428571175,0.00011829200229840353,0.1909341812133789,True
980,211,0.0071428571428571175,0.00010569000005489215,0.1909341812133789,True
981,10,0.0,0.00012113499906263314,0.19098758697509766,True
982,25,0.0071428571428571175,0.00021001699860789813,0.1909341812133789,True
983,35,0.0,0.00010533900058362633,0.19094181060791016,True
984,460,0.1071428571428571,9.488499927101657e-05,0.1908273696899414,False
985,5,0.0071428571428571175,9.818499893299304e-05,0.1909341812133789,True
986,100,0.0,9.625000166124664e-05,0.19094181060791016,True
987,51,0.0,9.695599874248728e-05,0.19094181060791016,True
988,35,0.0,9.801300257095136e-05,0.19094181060791016,True
989,46,0.0071428571428571175,9.955899804481305e-05,0.1909341812133789,True
990,255,0.0071428571428571175,9.64780010690447e-05,0.1909341812133789,True
991,5,0.0071428571428571175,9.903200043481775e-05,0.1909341812133789,True
992,10,0.0,9.938899893313646e-05,0.19098758697509766,True
993,5,0.0,0.00011779600026784465,0.19094181060791016,True
994,17,0.0,9.622200013836846e-05,0.19094181060791016,True
995,21,0.0357142857142857,9.63749989750795e-05,0.1909036636352539,True
996,17,0.0,9.70820001384709e-05,0.19094181060791016,True
997,1,0.042857142857142816,0.00010002800263464451,0.1909799575805664,True
998,35,0.0071428571428571175,9.922499884851277e-05,0.1909341812133789,True
999,158,0.0,9.68570020631887e-05,0.19094181060791016,True
1000,290,0.021428571428571463,9.695499829831533e-05,0.1909189224243164,True
1001,5,0.0071428571428571175,9.785300062503666e-05,0.1909341812133789,True
1002,35,0.0071428571428571175,9.697399946162477e-05,0.1909341812133789,True
1003,46,0.0071428571428571175,0.00010897600077441894,0.1909341812133789,True
1004,5,0.014285714285714235,9.901000157697126e-05,0.19092655181884766,True
1005,5,0.0,0.00011583900050027296,0.19094181060791016,True
1006,9,0.0,9.78680000116583e-05,0.19094181060791016,True
1007,22,0.0071428571428571175,9.614100054022856e-05,0.1909341812133789,True
1008,17,0.0,9.873499948298559e-05,0.19094181060791016,True
1009,102,0.0,9.78700009000022e-05,0.19094181060791016,True
1010,272,0.021428571428571463,9.618300100555643e-05,0.1909189224243164,True
1011,110,0.0071428571428571175,9.770500037120655e-05,0.1909341812133789,True
1012,102,0.0071428571428571175,9.596800009603612e-05,0.1909341812133789,True
1013,5,0.0,0.0001123610018112231,0.19094181060791016,True
1014,10,0.0,0.00011746499876608141,0.19094181060791016,True
1015,1,0.0071428571428571175,0.00010188200030825101,0.19101810455322266,True
1016,10,0.0071428571428571175,0.00010431700138724409,0.1909341812133789,True
1017,237,0.0,0.00010931200085906312,0.19094181060791016,True
1018,5,0.0,9.76350020209793e-05,0.19094181060791016,True
1019,22,0.0071428571428571175,9.552299889037386e-05,0.1909341812133789,True
1020,290,0.0,9.870000212686136e-05,0.19094181060791016,True
1021,10,0.0071428571428571175,0.0001020519994199276,0.1909799575805664,True
1022,10,0.0,0.00010014899817178957,0.19098758697509766,True
1023,98,0.0,9.586899977875873e-05,0.19094181060791016,True
1024,25,0.0357142857142857,9.742399925016798e-05,0.1909036636352539,True
1025,46,0.0,0.00010232400018139742,0.19094181060791016,True
1026,44,0.0,9.775600119610317e-05,0.19094181060791016,True
1027,86,0.0,9.55420000536833e-05,0.19094181060791016,True
1028,10,0.0,0.0001002610006253235,0.19098758697509766,True
1029,35,0.0071428571428571175,9.666000187280588e-05,0.1909341812133789,True
1030,10,0.0,0.00012606400196091272,0.19094181060791016,True
1031,10,0.0,0.00010065700189443305,0.19098758697509766,True
1032,46,0.0,9.574499927111901e-05,0.19094181060791016,True
1033,46,0.0,9.423899973626249e-05,0.19094181060791016,True
1034,35,0.0,9.62289996095933e-05,0.19094181060791016,True
1035,44,0.0071428571428571175,9.526299982098863e-05,0.1909341812133789,True
1036,52,0.0,9.548200250719674e-05,0.19094181060791016,True
1037,145,0.050000000000000044,9.59210010478273e-05,0.1908884048461914,True
1038,1,0.0,0.00010138600191567093,0.1910257339477539,True
1039,22,0.0071428571428571175,9.586399755789898e-05,0.1909341812133789,True
1040,82,0.0,9.541100007481873e-05,0.19094181060791016,True
1041,233,0.0,9.593900176696479e-05,0.19094181060791016,True
1042,17,0.0071428571428571175,9.610900087864138e-05,0.1909341812133789,True
1043,5,0.0071428571428571175,0.00010325299808755517,0.1909341812133789,True
1044,25,0.0071428571428571175,9.597900134394877e-05,0.1909341812133789,True
1045,5,0.0,9.915900227497332e-05,0.19094181060791016,True
1046,60,0.0,9.656800102675334e-05,0.19094181060791016,True
1047,35,0.0,0.00010312700032955036,0.19094181060791016,True
1048,144,0.014285714285714235,9.662899901741184e-05,0.19092655181884766,True
1049,10,0.0,0.00010066100003314205,0.19098758697509766,True
1050,1,0.0,0.00010048699914477766,0.1910257339477539,True
1051,10,0.0,9.650100037106313e-05,0.19094181060791016,True
1052,25,0.0,9.754499842529185e-05,0.19094181060791016,True
1053,60,0.0071428571428571175,9.716000204207376e-05,0.1909341812133789,True
1054,10,0.0,9.578100070939399e-05,0.19094181060791016,True
1055,136,0.0071428571428571175,9.494800178799778e-05,0.1909341812133789,True
1056,137,0.0,9.642000077292323e-05,0.19094181060791016,True
1057,46,0.0,9.552100164000876e-05,0.19094181060791016,True
1058,5,0.0071428571428571175,9.733299884828739e-05,0.1909341812133789,True
1059,5,0.0071428571428571175,9.808400136535056e-05,0.1909341812133789,True
1060,290,0.0071428571428571175,9.580199912306853e-05,0.1909341812133789,True
1061,17,0.0071428571428571175,0.00011370299762347713,0.1909341812133789,True
1062,17,0.0071428571428571175,0.00010473300062585622,0.1909341812133789,True
1063,139,0.0,0.00011170200014021248,0.19094181060791016,True
1064,21,0.0,9.493600009591319e-05,0.19094181060791016,True
1065,145,0.02857142857142858,0.00010520399882807396,0.19091129302978516,True
1066,46,0.0,9.666600089985877e-05,0.19094181060791016,True
1067,82,0.0,9.689299986348487e-05,0.19094181060791016,True
1068,5,0.0071428571428571175,0.00010483600271982141,0.1909341812133789,True
1069,52,0.0,9.85570004559122e-05,0.19094181060791016,True
1070,17,0.0,0.00010450799891259521,0.19094181060791016,True
1071,71,0.014285714285714235,0.00010760700024547987,0.19092655181884766,True
1072,86,0.0,9.55440009420272e-05,0.19094181060791016,True
1073,5,0.0071428571428571175,0.00010013700011768378,0.1909341812133789,True
1074,109,0.0,9.636599861551076e-05,0.19094181060791016,True
1075,211,0.014285714285714235,0.00010758799908217043,0.19092655181884766,True
1076,5,0.0071428571428571175,0.00011304899817332625,0.1909341812133789,True
1077,46,0.0,9.56069998210296e-05,0.19094181060791016,True
1078,21,0.0071428571428571175,9.526899884804152e-05,0.1909341812133789,True
1079,110,0.0071428571428571175,9.720799789647572e-05,0.1909341812133789,True
1080,35,0.0,0.00010549500075285323,0.19094181060791016,True
1081,1,0.02857142857142858,0.00010113600001204759,0.1909952163696289,True
1082,5,0.0071428571428571175,9.926399798132479e-05,0.1909341812133789,True
1083,229,0.0,9.542699990561232e-05,0.19094181060791016,True
1084,290,0.0,9.520200183033012e-05,0.19094181060791016,True
1085,192,0.0,9.589100227458403e-05,0.19094181060791016,True
1086,1,0.0,0.00010069400013890117,0.1910257339477539,True
1087,100,0.0,9.613300062483177e-05,0.19094181060791016,True
1088,46,0.0,9.518099977867678e-05,0.19094181060791016,True
1089,193,0.0,0.0001252490001206752,0.19094181060791016,True
1090,51,0.0,9.707299977890216e-05,0.19094181060791016,True
1091,229,0.0,9.625199891161174e-05,0.19094181060791016,True
1092,139,0.0,9.79410033323802e-05,0.19094181060791016,True
1093,25,0.0,9.59169992711395e-05,0.19094181060791016,True
1094,86,0.06428571428571428,0.000126169001305243,0.1908731460571289,True
1095,35,0.0,9.671700172475539e-05,0.19094181060791016,True
1096,102,0.0,9.544799831928685e-05,0.19094181060791016,True
1097,46,0.0,9.697999848867767e-05,0.19094181060791016,True
1098,82,0.0,9.783299901755527e-05,0.19094181060791016,True
1099,232,0.0,9.66849984251894e-05,0.19094181060791016,True
1100,109,0.0,9.480900189373642e-05,0.19094181060791016,True
1101,17,0.0071428571428571175,9.693999891169369e-05,0.1909341812133789,True
1102,139,0.014285714285714235,0.00010059700070996769,0.19092655181884766,True
1103,139,0.0,9.878200216917321e-05,0.19094181060791016,True
1104,17,0.0,9.686699922895059e-05,0.19094181060791016,True
1105,5,0.0,0.0001060779977706261,0.19094181060791016,True
1106,46,0.0071428571428571175,9.690599836176261e-05,0.1909341812133789,True
1107,25,0.0071428571428571175,9.720200250740163e-05,0.1909341812133789,True
1108,49,0.09285714285714286,9.816099918680266e-05,0.1908426284790039,True
1109,144,0.0,9.620299897505902e-05,0.19094181060791016,True
1110,25,0.0071428571428571175,0.0003127589989162516,0.1909341812133789,True
1111,1,0.0,0.00010417900193715468,0.1910257339477539,True
1112,51,0.0,9.60729994403664e-05,0.19094181060791016,True
1113,5,0.0,0.00012619600238394924,0.19094181060791016,True
1114,139,0.0071428571428571175,0.00010022299829870462,0.1909341812133789,True
1115,85,0.014285714285714235,9.688099817140028e-05,0.19092655181884766,True
1116,82,0.0,9.689400030765682e-05,0.19094181060791016,True
1117,5,0.0071428571428571175,0.00010214999929303303,0.1909341812133789,True
1118,17,0.02857142857142858,0.0001226780004799366,0.19091129302978516,True
1119,1,0.0,0.00010346799899707548,0.1910257339477539,True
1120,10,0.0,0.00010582599861663766,0.19098758697509766,True
1121,5,0.0,9.922900062520057e-05,0.19094181060791016,True
1122,86,0.0,0.0001287199993385002,0.19094181060791016,True
1123,232,0.021428571428571463,9.820500054047443e-05,0.1909189224243164,True
1124,139,0.0,0.00010811999891302548,0.19094181060791016,True
1125,290,0.0,9.71629997366108e-05,0.19094181060791016,True
1126,35,0.0,9.926999700837769e-05,0.19094181060791016,True
1127,125,0.0,9.998899986385368e-05,0.19094181060791016,True
1128,110,0.02857142857142858,9.996199878514744e-05,0.19091129302978516,True
1129,25,0.0071428571428571175,9.649400089983828e-05,0.1909341812133789,True
1130,46,0.0,0.00010469699918758124,0.19094181060791016,True
1131,290,0.0,9.499800216872245e-05,0.19094181060791016,True
1132,17,0.0071428571428571175,9.715399937704206e-05,0.1909341812133789,True
1133,46,0.0,9.796700032893568e-05,0.19094181060791016,True
1134,69,0.0,9.852199946180917e-05,0.19094181060791016,True
1135,17,0.0,9.840400161920115e-05,0.19094181060791016,True
1136,259,0.0,0.000172159998328425,0.19094181060791016,True
1137,158,0.0,9.630099884816445e-05,0.19094181060791016,True
1138,139,0.0,0.00015498300126637332,0.19094181060791016,True
1139,158,0.0,0.0001227999964612536,0.19094181060791016,True
1140,5,0.0071428571428571175,9.770499673322774e-05,0.1909341812133789,True
1141,5,0.0,9.689799844636582e-05,0.19094181060791016,True
1142,51,0.07857142857142863,9.828999827732332e-05,0.1908578872680664,True
1143,158,0.0,9.898899952531792e-05,0.19094181060791016,True
1144,102,0.0,9.753199992701411e-05,0.19094181060791016,True
1145,192,0.0,9.609900007490069e-05,0.19094181060791016,True
1146,158,0.0071428571428571175,0.0001084729992726352,0.1909341812133789,True
1147,25,0.0,9.71590015979018e-05,0.19094181060791016,True
1148,21,0.0071428571428571175,9.627499821363017e-05,0.1909341812133789,True
1149,82,0.0,0.00011223999899812043,0.19094181060791016,True
1150,25,0.0071428571428571175,0.0001264730017283,0.1909341812133789,True
1151,98,0.0,9.583200153429061e-05,0.19094181060791016,True
1152,17,0.0,0.00010099299834109843,0.19094181060791016,True
1153,46,0.0,9.928199870046228e-05,0.19094181060791016,True
1154,1,0.06428571428571428,0.00010204700083704665,0.19095706939697266,True
1155,98,0.0071428571428571175,9.96509988908656e-05,0.1909341812133789,True
1156,139,0.0,9.737800064613111e-05,0.19094181060791016,True
1157,102,0.0071428571428571175,9.932200191542506e-05,0.1909341812133789,True
1158,159,0.0,9.798399696592242e-05,0.19094181060791016,True
1159,290,0.021428571428571463,0.00010247300087939948,0.1909189224243164,True
1160,10,0.0,0.00010111499796039425,0.19098758697509766,True
1161,5,0.0,9.851099821389653e-05,0.19094181060791016,True
1162,44,0.0,9.602299905964173e-05,0.19094181060791016,True
1163,198,0.0,0.00010628899690345861,0.19094181060791016,True
1164,17,0.0071428571428571175,9.603999933460727e-05,0.1909341812133789,True
1165,159,0.0,0.00010601800022413954,0.19094181060791016,True
1166,46,0.0,0.00012835000234190375,0.19094181060791016,True
1167,10,0.0,0.00010081499931402504,0.19098758697509766,True
1168,17,0.0,9.83339996309951e-05,0.19094181060791016,True
1169,137,0.0,9.640400094212964e-05,0.19094181060791016,True
1170,1,0.0071428571428571175,0.0001032979998853989,0.19101810455322266,True
1171,44,0.0,0.00011476500003482215,0.19094181060791016,True
1172,35,0.0,9.624900121707469e-05,0.19094181060791016,True
1173,46,0.0,9.544600106892176e-05,0.19094181060791016,True
1174,10,0.0,0.00010377999933552928,0.19098758697509766,True
1175,49,0.0071428571428571175,9.620499986340292e-05,0.1909341812133789,True
1176,193,0.0,9.666499681770802e-05,0.19094181060791016,True
1177,211,0.0071428571428571175,9.581899939803407e-05,0.1909341812133789,True
1178,134,0.0,9.7799002105603e-05,0.19094181060791016,True
1179,5,0.02857142857142858,9.74829999904614e-05,0.19091129302978516,True
1180,35,0.021428571428571463,9.919600051944144e-05,0.1909189224243164,True
1181,35,0.014285714285714235,9.605000013834797e-05,0.19092655181884766,True
1182,125,0.0,9.57650008786004e-05,0.19094181060791016,True
1183,82,0.0,9.540099927107804e-05,0.19094181060791016,True
1184,35,0.0,9.870600115391426e-05,0.19094181060791016,True
1185,1,0.0357142857142857,0.00010059000123874284,0.19098758697509766,True
1186,100,0.0,9.591100024408661e-05,0.19094181060791016,True
1187,159,0.0071428571428571175,0.00010021799971582368,0.1909341812133789,True
1188,10,0.0,0.00010331500016036443,0.19098758697509766,True
1189,193,0.0071428571428571175,9.649999992689118e-05,0.1909341812133789,True
1190,259,0.0,0.00010054300219053403,0.19094181060791016,True
1191,21,0.0,9.555699944030493e-05,0.19094181060791016,True
1192,17,0.0071428571428571175,0.00011576800170587376,0.1909341812133789,True
1193,1,0.0071428571428571175,0.00010191799810854718,0.19101810455322266,True
1194,71,0.014285714285714235,9.965999925043434e-05,0.19092655181884766,True
1195,100,0.0,9.75479997578077e-05,0.19094181060791016,True
1196,1,0.0,0.00010288799967383966,0.1910257339477539,True
1197,109,0.0,9.633300214773044e-05,0.19094181060791016,True
1198,22,0.02857142857142858,9.733900151331909e-05,0.19091129302978516,True
1199,82,0.0,9.634999878471717e-05,0.19094181060791016,True
1200,102,0.0071428571428571175,0.00012838900147471577,0.1909341812133789,True
1201,46,0.0,0.0001086390002456028,0.19094181060791016,True
1202,5,0.0071428571428571175,9.914700058288872e-05,0.1909341812133789,True
1203,1,0.0,0.00013183100236346945,0.1910257339477539,True
1204,82,0.0,9.832100113271736e-05,0.19094181060791016,True
1205,25,0.0071428571428571175,9.844699889072217e-05,0.1909341812133789,True
1206,102,0.0,9.67920022958424e-05,0.19094181060791016,True
1207,46,0.0,9.974999920814298e-05,0.19094181060791016,True
1208,69,0.0,0.00010896000094362535,0.19094181060791016,True
1209,82,0.0,0.000101044999610167,0.19094181060791016,True
1210,82,0.0,9.865100219030865e-05,0.19094181060791016,True
1211,481,0.0,9.620399941923097e-05,0.19094181060791016,False
1212,82,0.0,9.915600094245747e-05,0.19094181060791016,True
1213,44,0.0071428571428571175,9.866799882729538e-05,0.1909341812133789,True
1214,10,0.0,0.00010255099914502352,0.19098758697509766,True
1215,82,0.0,9.711700113257393e-05,0.19094181060791016,True
1216,22,0.0,9.645099999033846e-05,0.19094181060791016,True
1217,98,0.0071428571428571175,0.00010484299855306745,0.1909341812133789,True
1218,22,0.0,9.512999895378016e-05,0.19094181060791016,True
1219,49,0.050000000000000044,0.00010525400284677744,0.1908884048461914,True
1220,10,0.0,9.616899842512794e-05,0.19094181060791016,True
1221,21,0.05714285714285716,0.00011287099914625287,0.19088077545166016,True
1222,10,0.0,9.796800077310763e-05,0.19094181060791016,True
1223,35,0.0071428571428571175,0.00011990200073341839,0.1909341812133789,True
1224,82,0.0071428571428571175,9.595199662726372e-05,0.1909341812133789,True
1225,10,0.0,0.0001021169991872739,0.19098758697509766,True
1226,1,0.0,0.00011606000043684617,0.1910257339477539,True
1227,46,0.0,0.00010623699927236885,0.19094181060791016,True
1228,17,0.0,0.00011186199844814837,0.19094181060791016,True
1229,158,0.0071428571428571175,9.642399891163222e-05,0.1909341812133789,True
1230,5,0.0,9.73230016825255e-05,0.19094181060791016,True
1231,5,0.014285714285714235,9.70820001384709e-05,0.19092655181884766,True
1232,98,0.02857142857142858,9.535199933452532e-05,0.19091129302978516,True
1233,139,0.0071428571428571175,9.943499753717333e-05,0.1909341812133789,True
1234,17,0.0,9.705199772724882e-05,0.19094181060791016,True
1235,10,0.0071428571428571175,9.629100168240257e-05,0.1909341812133789,True
1236,149,0.0,9.61599980655592e-05,0.19094181060791016,True
1237,201,0.0,9.671199950389564e-05,0.19094181060791016,True
1238,192,0.0,9.500200030743144e-05,0.19094181060791016,True
1239,35,0.0,9.670899817137979e-05,0.19094181060791016,True
1240,245,0.0,9.677900015958585e-05,0.19094181060791016,True
1241,46,0.0,9.582400161889382e-05,0.19094181060791016,True
1242,57,0.0,9.50539979385212e-05,0.19094181060791016,True
1243,136,0.021428571428571463,0.00010466099774930626,0.1909189224243164,True
1244,35,0.014285714285714235,9.754300117492676e-05,0.19092655181884766,True
1245,290,0.0,9.627300096326508e-05,0.19094181060791016,True
1246,82,0.0,9.506700007477775e-05,0.19094181060791016,True
1247,82,0.0,0.00011091100168414414,0.19094181060791016,True
1248,1,0.0071428571428571175,0.00010992299939971417,0.19101810455322266,True
1249,1,0.014285714285714235,0.00010230200132355094,0.1910104751586914,True
1250,86,0.0071428571428571175,9.948400111170486e-05,0.1909341812133789,True
1251,232,0.0071428571428571175,0.00012198399781482294,0.1909341812133789,True
1252,85,0.0,9.579399920767173e-05,0.19094181060791016,True
1253,232,0.0,9.718100045574829e-05,0.19094181060791016,True
1254,211,0.0071428571428571175,0.0001035979985317681,0.1909341812133789,True
1255,49,0.0357142857142857,9.66179977694992e-05,0.1909036636352539,True
1256,5,0.0071428571428571175,9.767599840415642e-05,0.1909341812133789,True
1257,98,0.0,9.596199743100442e-05,0.19094181060791016,True
1258,35,0.0,9.727100041345693e-05,0.19094181060791016,True
1259,35,0.0071428571428571175,9.734700142871588e-05,0.1909341812133789,True
1260,245,0.0,9.575800140737556e-05,0.19094181060791016,True
1261,10,0.0,0.00010930400094366632,0.19098758697509766,True
1262,10,0.0,9.588900138624012e-05,0.19094181060791016,True
1263,159,0.0,9.572500130161643e-05,0.19094181060791016,True
1264,22,0.0,9.805000081541948e-05,0.19094181060791016,True
1265,158,0.0,9.728500299388543e-05,0.19094181060791016,True
1266,10,0.0071428571428571175,0.00011305099906167015,0.1909799575805664,True
1267,17,0.0071428571428571175,9.795200094231404e-05,0.1909341812133789,True
1268,17,0.0,9.72319976426661e-05,0.19094181060791016,True
1269,46,0.0,9.773799683898687e-05,0.19094181060791016,True
1270,259,0.0,9.885400140774436e-05,0.19094181060791016,True
1271,137,0.0,9.604899969417602e-05,0.19094181060791016,True
1272,211,0.0,0.0001066189979610499,0.19094181060791016,True
1273,5,0.0,9.702899842523038e-05,0.19094181060791016,True
1274,46,0.0,9.57589982135687e-05,0.19094181060791016,True
1275,69,0.0,0.00010457799726282246,0.19094181060791016,True
1276,86,0.0071428571428571175,9.66260013228748e-05,0.1909341812133789,True
1277,98,0.0,9.722500180942006e-05,0.19094181060791016,True
1278,21,0.0071428571428571175,9.874399984255433e-05,0.1909341812133789,True
1279,5,0.014285714285714235,0.00010531900261412375,0.19092655181884766,True
1280,110,0.0071428571428571175,9.673099702922627e-05,0.1909341812133789,True
1281,237,0.014285714285714235,9.881499863695353e-05,0.19092655181884766,True
1282,192,0.0,0.00010611799734761007,0.19094181060791016,True
1283,290,0.0071428571428571175,0.00010021599882747978,0.1909341812133789,True
1284,46,0.0,9.633999798097648e-05,0.19094181060791016,True
1285,82,0.0,0.00011401400115573779,0.19094181060791016,True
1286,44,0.0,9.722899994812906e-05,0.19094181060791016,True
1287,5,0.0,9.79369979177136e-05,0.19094181060791016,True
1288,46,0.0,9.666200276114978e-05,0.19094181060791016,True
1289,158,0.021428571428571463,9.8643999081105e-05,0.1909189224243164,True
1290,17,0.0,9.99489966488909e-05,0.19094181060791016,True
1291,1,0.0,0.00010178100274060853,0.1910257339477539,True
1292,198,0.0,9.533499905955978e-05,0.19094181060791016,True
1293,194,0.05714285714285716,0.00012048599819536321,0.19088077545166016,True
1294,46,0.0,0.0001108210017264355,0.19094181060791016,True
1295,144,0.0,0.00011298000026727095,0.19094181060791016,True
1296,209,0.0,9.65510007517878e-05,0.19094181060791016,True
1297,5,0.0,9.83240024652332e-05,0.19094181060791016,True
1298,86,0.0,9.435900210519321e-05,0.19094181060791016,True
1299,86,0.0,9.697099812910892e-05,0.19094181060791016,True
1300,17,0.0,9.999900066759437e-05,0.19094181060791016,True
1301,82,0.0071428571428571175,0.00010004300202126615,0.1909341812133789,True
1302,17,0.0,9.74890026554931e-05,0.19094181060791016,True
1303,193,0.0,0.00010210899927187711,0.19094181060791016,True
1304,5,0.0,0.00010252799984300509,0.19094181060791016,True
1305,139,0.0,0.00011101900236099027,0.19094181060791016,True
1306,25,0.0,0.00018481799997971393,0.19094181060791016,True
1307,233,0.0714285714285714,0.00010920999920926988,0.19086551666259766,True
1308,100,0.0,0.00019543500093277544,0.19094181060791016,True
1309,1,0.0,0.00013436799781629816,0.1910257339477539,True
1310,82,0.0,0.00010206799925072119,0.19094181060791016,True
1311,158,0.02857142857142858,0.00010846900113392621,0.19091129302978516,True
1312,86,0.0,9.958200098481029e-05,0.19094181060791016,True
1313,17,0.0,0.00011416099732741714,0.19094181060791016,True
1314,193,0.0,0.00010520599971641786,0.19094181060791016,True
1315,5,0.0071428571428571175,9.723499897518195e-05,0.1909341812133789,True
1316,71,0.0,0.0001051500003086403,0.19094181060791016,True
1317,5,0.0071428571428571175,9.713299732538871e-05,0.1909341812133789,True
1318,139,0.0,0.00011136100147268735,0.19094181060791016,True
1319,137,0.0,9.662099910201505e-05,0.19094181060791016,True
1320,5,0.0071428571428571175,0.00010594700142974034,0.1909341812133789,True
1321,46,0.0,0.00010265699893352576,0.19094181060791016,True
1322,98,0.0,9.649499770603143e-05,0.19094181060791016,True
1323,25,0.0,9.67029991443269e-05,0.19094181060791016,True
1324,17,0.0,9.764999776962213e-05,0.19094181060791016,True
1325,139,0.0071428571428571175,9.684000178822316e-05,0.1909341812133789,True
1326,22,0.0071428571428571175,9.846399916568771e-05,0.1909341812133789,True
1327,102,0.0071428571428571175,9.527700240141712e-05,0.1909341812133789,True
1328,46,0.0,9.601800047676079e-05,0.19094181060791016,True
1329,193,0.0,9.478299762122333e-05,0.19094181060791016,True
1330,102,0.0,9.505300113232806e-05,0.19094181060791016,True
1331,233,0.05714285714285716,0.00017218799985130318,0.19088077545166016,True
1332,82,0.0,0.0001103510003304109,0.19094181060791016,True
1333,109,0.0,0.00010702199870138429,0.19094181060791016,True
1334,46,0.0,0.00011932800043723546,0.19094181060791016,True
1335,46,0.0,9.621500066714361e-05,0.19094181060791016,True
1336,82,0.0,0.00011397299749660306,0.19094181060791016,True
1337,193,0.0,0.00011958699906244874,0.19094181060791016,True
1338,82,0.0,9.707899880595505e-05,0.19094181060791016,True
1339,109,0.0,0.00011232600081712008,0.19094181060791016,True
1340,5,0.0,0.00010570800077402964,0.19094181060791016,True
1341,35,0.0071428571428571175,0.0001025019992084708,0.1909341812133789,True
1342,70,0.0,0.00011101999916718341,0.19094181060791016,True
1343,25,0.0,0.00012753700139001012,0.19094181060791016,True
1344,17,0.0,9.578800018061884e-05,0.19094181060791016,True
1345,46,0.0,9.532100011711009e-05,0.19094181060791016,True
1346,139,0.0,0.00013507500261766836,0.19094181060791016,True
1347,5,0.0,9.619100092095323e-05,0.19094181060791016,True
1348,102,0.0071428571428571175,0.00011128199912491255,0.1909341812133789,True
1349,46,0.0,9.62289996095933e-05,0.19094181060791016,True
1350,22,0.0071428571428571175,0.00012567500016302802,0.1909341812133789,True
1351,5,0.0071428571428571175,0.00010507799743209034,0.1909341812133789,True
1352,51,0.0,9.729999874252826e-05,0.19094181060791016,True
1353,10,0.0,0.00010280599963152781,0.19094181060791016,True
1354,137,0.0,0.00010690500130294822,0.19094181060791016,True
1355,35,0.0071428571428571175,9.706600030767731e-05,0.1909341812133789,True
1356,10,0.0,9.69949978752993e-05,0.19094181060791016,True
1357,10,0.0071428571428571175,0.00010104699686053209,0.1909799575805664,True
1358,82,0.0,0.00010977599959005602,0.19094181060791016,True
1359,17,0.0071428571428571175,9.707100252853706e-05,0.1909341812133789,True
1360,102,0.0,9.680500079412013e-05,0.19094181060791016,True
1361,1,0.0,0.00010201199984294362,0.1910257339477539,True
1362,49,0.021428571428571463,0.00010030799967353232,0.1909189224243164,True
1363,102,0.0,0.00010438599929329939,0.19094181060791016,True
1364,5,0.0071428571428571175,0.00012053500176989473,0.1909341812133789,True
1365,17,0.0,9.960999886970967e-05,0.19094181060791016,True
1366,46,0.0,9.649499770603143e-05,0.19094181060791016,True
1367,139,0.0,9.935400157701224e-05,0.19094181060791016,True
1368,35,0.02857142857142858,0.00011635999908321537,0.19091129302978516,True
1369,273,0.0,9.682000018074177e-05,0.19094181060791016,True
1370,22,0.05714285714285716,9.669100109022111e-05,0.19088077545166016,True
1371,85,0.0,0.00010800599920912646,0.19094181060791016,True
1372,22,0.0,0.00010033500075223856,0.19094181060791016,True
1373,44,0.0071428571428571175,9.764199785422534e-05,0.1909341812133789,True
1374,44,0.0071428571428571175,0.00012007999976049177,0.1909341812133789,True
1375,203,0.0,9.885799954645336e-05,0.19094181060791016,True
1376,35,0.0,9.879700155579485e-05,0.19094181060791016,True
1377,44,0.0,0.00010018899774877355,0.19094181060791016,True
1378,44,0.0,9.674399916548282e-05,0.19094181060791016,True
1379,21,0.0071428571428571175,9.856600081548095e-05,0.1909341812133789,True
1380,46,0.0,9.53859998844564e-05,0.19094181060791016,True
1381,110,0.014285714285714235,9.809800030780025e-05,0.19092655181884766,True
1382,211,0.014285714285714235,9.750599929247983e-05,0.19092655181884766,True
1383,35,0.0071428571428571175,0.0001261590005015023,0.1909341812133789,True
1384,46,0.0,9.602099817129783e-05,0.19094181060791016,True
1385,17,0.0,0.00010671400013961829,0.19094181060791016,True
1386,144,0.021428571428571463,9.613099973648787e-05,0.1909189224243164,True
1387,290,0.0,9.915000191540457e-05,0.19094181060791016,True
1388,49,0.0071428571428571175,0.00011092000204371288,0.1909341812133789,True
1389,17,0.0,0.00011212099707336165,0.19094181060791016,True
1390,52,0.0,9.63870006671641e-05,0.19094181060791016,True
1391,82,0.0071428571428571175,0.00011209899821551517,0.1909341812133789,True
1392,145,0.1071428571428571,9.540700193610974e-05,0.1908273696899414,True
1393,35,0.0,9.509499795967713e-05,0.19094181060791016,True
1394,5,0.0071428571428571175,9.749699893291108e-05,0.1909341812133789,True
1395,21,0.0,9.764700007508509e-05,0.19094181060791016,True
1396,49,0.0,0.00011053499838453718,0.19094181060791016,True
1397,10,0.0,0.00010131799717782997,0.19094181060791016,True
1398,86,0.0071428571428571175,9.648899867897853e-05,0.1909341812133789,True
1399,44,0.0,9.628300176700577e-05,0.19094181060791016,True
1400,46,0.0,9.605800005374476e-05,0.19094181060791016,True
1401,10,0.0071428571428571175,0.00010154499977943487,0.1909799575805664,True
1402,1,0.0071428571428571175,0.00010123000174644403,0.19101810455322266,True
1403,1,0.0,0.00010121800005435944,0.1910257339477539,True
1404,57,0.0,9.567400047671981e-05,0.19094181060791016,True
1405,70,0.0071428571428571175,9.602100180927664e-05,0.1909341812133789,True
1406,22,0.014285714285714235,0.00010474199734744616,0.19092655181884766,True
1407,25,0.0071428571428571175,9.750699973665178e-05,0.1909341812133789,True
1408,10,0.0,9.597700045560487e-05,0.19094181060791016,True
1409,255,0.0,9.558400051901117e-05,0.19094181060791016,True
1410,100,0.0,9.697099812910892e-05,0.19094181060791016,True
1411,10,0.0,9.939200026565231e-05,0.19098758697509766,True
1412,71,0.021428571428571463,0.00010114200267707929,0.1909189224243164,True
1413,203,0.0,9.506100104772486e-05,0.19094181060791016,True
1414,102,0.09999999999999998,9.5211998996092e-05,0.19083499908447266,True
1415,35,0.0071428571428571175,9.71570007095579e-05,0.1909341812133789,True
1416,98,0.0,9.535600111121312e-05,0.19094181060791016,True
1417,1,0.0,0.00010615200153551996,0.1910257339477539,True
1418,109,0.0,9.519000013824552e-05,0.19094181060791016,True
1419,5,0.0071428571428571175,9.680600123829208e-05,0.1909341812133789,True
1420,46,0.0,0.00011301400081720203,0.19094181060791016,True
1421,100,0.014285714285714235,9.73109999904409e-05,0.19092655181884766,True
1422,82,0.0,9.506500282441266e-05,0.19094181060791016,True
1423,69,0.0,0.0002427319996058941,0.19094181060791016,True
1424,46,0.0,0.00010277800174662843,0.19094181060791016,True
1425,290,0.0,9.933399996953085e-05,0.19094181060791016,True
1426,46,0.0,9.907000276143663e-05,0.19094181060791016,True
1427,25,0.0,9.659699935582466e-05,0.19094181060791016,True
1428,5,0.0071428571428571175,9.878700075205415e-05,0.1909341812133789,True
1429,193,0.0,9.505799971520901e-05,0.19094181060791016,True
1430,10,0.0,9.844399755820632e-05,0.19094181060791016,True
1431,193,0.0,9.923600009642541e-05,0.19094181060791016,True
1432,102,0.0071428571428571175,9.813100041355938e-05,0.1909341812133789,True
1433,86,0.0,9.791499905986711e-05,0.19094181060791016,True
1434,5,0.0,9.870800204225816e-05,0.19094181060791016,True
1435,35,0.014285714285714235,9.73919995885808e-05,0.19092655181884766,True
1436,17,0.0,9.783299901755527e-05,0.19094181060791016,True
1437,98,0.0,9.678300193627365e-05,0.19094181060791016,True
1438,5,0.0,9.828100155573338e-05,0.19094181060791016,True
1439,25,0.0,9.730800229590386e-05,0.19094181060791016,True
1440,100,0.0,9.984799908124842e-05,0.19094181060791016,True
1441,17,0.0,9.767199662746862e-05,0.19094181060791016,True
1442,17,0.0,9.783399946172722e-05,0.19094181060791016,True
1443,232,0.0,9.648999912315048e-05,0.19094181060791016,True
1444,139,0.0,0.0001073240018740762,0.19094181060791016,True
1445,71,0.0,0.00012888900164398365,0.19094181060791016,True
1446,245,0.0,9.618900003260933e-05,0.19094181060791016,True
1447,17,0.0071428571428571175,9.732000035000965e-05,0.1909341812133789,True
1448,22,0.0071428571428571175,9.627200051909313e-05,0.1909341812133789,True
1449,17,0.0,9.963599950424396e-05,0.19094181060791016,True
1450,233,0.014285714285714235,9.651199798099697e-05,0.19092655181884766,True
1451,70,0.014285714285714235,9.671500083641149e-05,0.19092655181884766,True
1452,290,0.0,9.586099986336194e-05,0.19094181060791016,True
1453,5,0.0,9.617199975764379e-05,0.19094181060791016,True
1454,98,0.0,0.00010687100075301714,0.19094181060791016,True
1455,290,0.0071428571428571175,9.663899982115254e-05,0.1909341812133789,True
1456,139,0.0,9.576600132277235e-05,0.19094181060791016,True
1457,158,0.0071428571428571175,9.575100193615071e-05,0.1909341812133789,True
1458,137,0.0,9.600000339560211e-05,0.19094181060791016,True
1459,17,0.0071428571428571175,9.670600047684275e-05,0.1909341812133789,True
1460,52,0.0,9.862300066743046e-05,0.19094181060791016,True
1461,5,0.0071428571428571175,9.940100062522106e-05,0.1909341812133789,True
1462,71,0.0071428571428571175,9.767399751581252e-05,0.1909341812133789,True
1463,10,0.0,0.0001024999983201269,0.19098758697509766,True
1464,46,0.0,0.0001108090000343509,0.19094181060791016,True
1465,17,0.0,9.778000094229355e-05,0.19094181060791016,True
1466,10,0.0,9.991600018111058e-05,0.19094181060791016,True
1467,9,0.0071428571428571175,9.740799941937439e-05,0.1909341812133789,True
1468,109,0.0,9.56799995037727e-05,0.19094181060791016,True
1469,46,0.0,9.719899753690697e-05,0.19094181060791016,True
1470,46,0.0,9.480600056122057e-05,0.19094181060791016,True
1471,71,0.0071428571428571175,9.746400246513076e-05,0.1909341812133789,True
1472,290,0.0071428571428571175,9.554500138619915e-05,0.1909341812133789,True
1473,290,0.0071428571428571175,9.811900235945359e-05,0.1909341812133789,True
1474,5,0.0,9.654599853092805e-05,0.19094181060791016,True
1475,1,0.0,0.00010110000221175142,0.1910257339477539,True
1476,17,0.0,0.00010909200136666186,0.19094181060791016,True
1477,139,0.0071428571428571175,9.622800280340016e-05,0.1909341812133789,True
1478,290,0.0,9.517299986327998e-05,0.19094181060791016,True
1479,35,0.0,9.641599899623543e-05,0.19094181060791016,True
1480,232,0.0071428571428571175,0.00012985699868295342,0.1909341812133789,True
1481,25,0.021428571428571463,9.692100138636306e-05,0.1909189224243164,True
1482,249,0.0,0.00011132600047858432,0.19094181060791016,True
1483,102,0.0,9.752600089996122e-05,0.19094181060791016,True
1484,255,0.0,9.597000098438002e-05,0.19094181060791016,True
1485,35,0.0,9.586799933458678e-05,0.19094181060791016,True
1486,49,0.014285714285714235,9.781500193639658e-05,0.19092655181884766,True
1487,134,0.014285714285714235,9.79350006673485e-05,0.19092655181884766,True
1488,82,0.0,9.719300214783289e-05,0.19094181060791016,True
1489,35,0.0071428571428571175,9.803400098462589e-05,0.1909341812133789,True
1490,192,0.0,9.516399950371124e-05,0.19094181060791016,True
1491,193,0.0,0.0001095850020647049,0.19094181060791016,True
1492,1,0.0,0.00010189500244450755,0.1910257339477539,True
1493,259,0.0071428571428571175,0.00011047099906136282,0.1909341812133789,True
1494,44,0.014285714285714235,9.844399755820632e-05,0.19092655181884766,True
1495,1,0.0,0.00010395299977972172,0.1910257339477539,True
1496,249,0.014285714285714235,0.00010070300049846992,0.19092655181884766,True
1497,35,0.0,0.00011259299935773015,0.19094181060791016,True
1498,100,0.0,9.815299927140586e-05,0.19094181060791016,True
1499,52,0.0,9.97849965642672e-05,0.19094181060791016,True
1500,98,0.0,9.668200073065236e-05,0.19094181060791016,True
1501,10,0.014285714285714235,0.0001048259982781019,0.19097232818603516,True
1502,10,0.0,9.877599950414151e-05,0.19094181060791016,True
1503,10,0.0,0.00010224899961031042,0.19094181060791016,True
1504,35,0.0071428571428571175,0.0001035049972415436,0.1909341812133789,True
1505,259,0.0,0.00011006700151483528,0.19094181060791016,True
1506,17,0.0,0.00010372799806646071,0.19094181060791016,True
1507,10,0.0,0.00010082099834107794,0.19098758697509766,True
1508,82,0.0,9.584300278220326e-05,0.19094181060791016,True
1509,98,0.0,9.480800144956447e-05,0.19094181060791016,True
1510,25,0.0,9.584200233803131e-05,0.19094181060791016,True
1511,10,0.0,9.919099829858169e-05,0.19098758697509766,True
1512,82,0.0,9.468600183026865e-05,0.19094181060791016,True
1513,17,0.0,9.759999738889746e-05,0.19094181060791016,True
1514,145,0.0714285714285714,0.00010884600123972632,0.19086551666259766,True
1515,82,0.0,9.76189985522069e-05,0.19094181060791016,True
1516,290,0.0071428571428571175,9.808200047700666e-05,0.1909341812133789,True
1517,5,0.0071428571428571175,9.716999920783564e-05,0.1909341812133789,True
1518,46,0.0,9.565599975758232e-05,0.19094181060791016,True
1519,5,0.02857142857142858,9.642399891163222e-05,0.19091129302978516,True
1520,46,0.0,9.574700015946291e-05,0.19094181060791016,True
1521,158,0.0071428571428571175,9.571700138621964e-05,0.1909341812133789,True
1522,46,0.0,9.528699956717901e-05,0.19094181060791016,True
1523,10,0.0,9.678499918663874e-05,0.19094181060791016,True
1524,82,0.0,9.628900079405867e-05,0.19094181060791016,True
1525,60,0.0071428571428571175,9.859600322670303e-05,0.1909341812133789,True
1526,35,0.014285714285714235,9.943299664882943e-05,0.19092655181884766,True
1527,82,0.0,9.515199781162664e-05,0.19094181060791016,True
1528,82,0.0,9.940400195773691e-05,0.19094181060791016,True
1529,134,0.0071428571428571175,9.511499956715852e-05,0.1909341812133789,True
1530,17,0.0,9.673900058260188e-05,0.19094181060791016,True
1531,44,0.0,0.00010362299872213043,0.19094181060791016,True
1532,201,0.0,9.579299876349978e-05,0.19094181060791016,True
1533,46,0.0,9.633799709263258e-05,0.19094181060791016,True
1534,22,0.0,9.55239993345458e-05,0.19094181060791016,True
1535,290,0.0,9.832700015977025e-05,0.19094181060791016,True
1536,134,0.0,9.577699893270619e-05,0.19094181060791016,True
1537,22,0.0,9.624499944038689e-05,0.19094181060791016,True
1538,137,0.0,9.610499910195358e-05,0.19094181060791016,True
1539,233,0.0714285714285714,0.0001025019992084708,0.19086551666259766,True
1540,35,0.0,9.564199717715383e-05,0.19094181060791016,True
1541,109,0.0,9.703300020191818e-05,0.19094181060791016,True
1542,109,0.0,9.49179993767757e-05,0.19094181060791016,True
1543,158,0.0,0.0001086269985535182,0.19094181060791016,True
1544,17,0.0,0.00011356300092302263,0.19094181060791016,True
1545,5,0.0,0.00012925400005769916,0.19094181060791016,True
1546,10,0.0,0.00011476900181150995,0.19098758697509766,True
1547,25,0.0,0.000103446000139229,0.19094181060791016,True
1548,35,0.0071428571428571175,9.680200309958309e-05,0.1909341812133789,True
1549,145,0.021428571428571463,9.734299965202808e-05,0.1909189224243164,True
1550,35,0.0071428571428571175,9.67050000326708e-05,0.1909341812133789,True
1551,139,0.0,0.00011308000102872029,0.19094181060791016,True
1552,70,0.0,0.00010241499694529921,0.19094181060791016,True
1553,71,0.0,9.546400178805925e-05,0.19094181060791016,True
1554,46,0.0,9.506700007477775e-05,0.19094181060791016,True
1555,1,0.0,0.00010053000005427748,0.1910257339477539,True
1556,49,0.021428571428571463,9.752099867910147e-05,0.1909189224243164,True
1557,158,0.0071428571428571175,9.605499872122891e-05,0.1909341812133789,True
1558,109,0.0,0.00010452499918756075,0.19094181060791016,True
1559,1,0.0071428571428571175,0.00011174599785590544,0.19101810455322266,True
1560,192,0.014285714285714235,9.852099901763722e-05,0.19092655181884766,True
1561,69,0.0,0.00010392399781267159,0.19094181060791016,True
1562,44,0.0,0.00010364199988543987,0.19094181060791016,True
1563,5,0.0,9.805100125959143e-05,0.19094181060791016,True
1564,44,0.0071428571428571175,9.737099753692746e-05,0.1909341812133789,True
1565,5,0.0071428571428571175,0.00011474299753899686,0.1909341812133789,True
1566,35,0.0,9.479499931330793e-05,0.19094181060791016,True
1567,69,0.0,9.624700032873079e-05,0.19094181060791016,True
1568,82,0.0071428571428571175,9.689299986348487e-05,0.1909341812133789,True
1569,255,0.0,9.633200170355849e-05,0.19094181060791016,True
1570,70,0.0,9.778000094229355e-05,0.19094181060791016,True
1571,17,0.0,9.627100007492118e-05,0.19094181060791016,True
1572,139,0.0,9.59919998422265e-05,0.19094181060791016,True
1573,10,0.0071428571428571175,0.00010064299931400456,0.1909799575805664,True
1574,35,0.0,0.00012297300054342486,0.19094181060791016,True
1575,149,0.0,0.0001093339997169096,0.19094181060791016,True
1576,192,0.0,9.574200157658197e-05,0.19094181060791016,True
1577,272,0.014285714285714235,0.00010701700011850335,0.19092655181884766,True
1578,290,0.0,0.0001749300026858691,0.19094181060791016,True
1579,1,0.0,0.00010369300071033649,0.1910257339477539,True
1580,158,0.0071428571428571175,9.754500206327066e-05,0.1909341812133789,True
1581,5,0.0,9.915400005411357e-05,0.19094181060791016,True
1582,82,0.0,9.648400009609759e-05,0.19094181060791016,True
1583,10,0.0,9.769600001163781e-05,0.19094181060791016,True
1584,17,0.0071428571428571175,0.00010068399933516048,0.1909341812133789,True
1585,49,0.0,9.959399903891608e-05,0.19094181060791016,True
1586,232,0.0,9.812399730435573e-05,0.19094181060791016,True
1587,100,0.0,9.627300096326508e-05,0.19094181060791016,True
1588,110,0.0357142857142857,9.818499893299304e-05,0.1909036636352539,True
1589,233,0.042857142857142816,0.00012202200014144182,0.19089603424072266,True
1590,57,0.0,9.7154999821214e-05,0.19094181060791016,True
1591,22,0.021428571428571463,0.00017634499818086624,0.1909189224243164,True
1592,290,0.0,0.0001100430017686449,0.19094181060791016,True
1593,17,0.0,0.00014939399989088997,0.19094181060791016,True
1594,10,0.0,0.00010336100240238011,0.19098758697509766,True
1595,46,0.0,0.00011583600280573592,0.19094181060791016,True
1596,158,0.0071428571428571175,0.00011426299897721037,0.1909341812133789,True
1597,211,0.0,9.599299664841965e-05,0.19094181060791016,True
1598,100,0.0071428571428571175,9.869499990600161e-05,0.1909341812133789,True
1599,46,0.0,9.685600161901675e-05,0.19094181060791016,True
1600,17,0.0071428571428571175,0.0001009640000120271,0.1909341812133789,True
1601,17,0.0,0.00011596800322877243,0.19094181060791016,True
1602,17,0.0,9.934899935615249e-05,0.19094181060791016,True
1603,44,0.0,9.535600111121312e-05,0.19094181060791016,True
1604,22,0.0,9.835500168264844e-05,0.19094181060791016,True
1605,49,0.021428571428571463,0.00011740500121959485,0.1909189224243164,True
1606,46,0.0071428571428571175,0.00010404000204289332,0.1909341812133789,True
1607,22,0.0,0.00024643500000820495,0.19094181060791016,True
1608,5,0.0071428571428571175,0.0001900830029626377,0.1909341812133789,True
1609,22,0.0071428571428571175,0.00016563700046390295,0.1909341812133789,True
1610,193,0.0,9.629499982111156e-05,0.19094181060791016,True
1611,51,0.0,0.00010218600073130801,0.19094181060791016,True
1612,10,0.0071428571428571175,0.00010172299880650826,0.1909341812133789,True
1613,35,0.0,0.00011529599942150526,0.19094181060791016,True
1614,82,0.0071428571428571175,9.646900070947595e-05,0.1909341812133789,True
1615,17,0.0,0.00010937299884972163,0.19094181060791016,True
1616,46,0.0,9.58419987000525e-05,0.19094181060791016,True
1617,10,0.0,9.965999925043434e-05,0.19098758697509766,True
1618,17,0.0,9.960399984265678e-05,0.19094181060791016,True
1619,125,0.0,9.606700041331351e-05,0.19094181060791016,True
1620,1,0.0071428571428571175,0.00010106799891218543,0.19101810455322266,True
1621,44,0.0071428571428571175,9.899400174617767e-05,0.1909341812133789,True
1622,46,0.0,0.00010117900092154741,0.19094181060791016,True
1623,5,0.0071428571428571175,9.827500252868049e-05,0.1909341812133789,True
1624,10,0.0,9.954499910236336e-05,0.19098758697509766,True
1625,1,0.0071428571428571175,0.00010902099893428385,0.19101810455322266,True
1626,193,0.0,9.601700003258884e-05,0.19094181060791016,True
1627,102,0.0,9.53130002017133e-05,0.19094181060791016,True
1628,125,0.0,0.00010004800060414709,0.19094181060791016,True
1629,134,0.0,9.737400250742212e-05,0.19094181060791016,True
1630,69,0.0,0.00010890799967455678,0.19094181060791016,True
1631,10,0.0,0.00010176199793932028,0.19094181060791016,True
1632,44,0.0,9.71040026342962e-05,0.19094181060791016,True
1633,35,0.0,9.57589982135687e-05,0.19094181060791016,True
1634,46,0.0,9.49929999478627e-05,0.19094181060791016,True
1635,51,0.0,9.809199764276855e-05,0.19094181060791016,True
1636,233,0.08571428571428574,9.888199929264374e-05,0.19085025787353516,True
1637,98,0.0071428571428571175,0.00013289900016388856,0.1909341812133789,True
1638,44,0.0071428571428571175,9.506299829808995e-05,0.1909341812133789,True
1639,10,0.0,0.00010201199984294362,0.19098758697509766,True
1640,192,0.0,9.572400085744448e-05,0.19094181060791016,True
1641,98,0.0,9.455799954594113e-05,0.19094181060791016,True
1642,57,0.0071428571428571175,9.803799912333488e-05,0.1909341812133789,True
1643,25,0.014285714285714235,9.869299901765771e-05,0.19092655181884766,True
1644,35,0.0071428571428571175,9.881700316327624e-05,0.1909341812133789,True
1645,46,0.0,9.904800026561134e-05,0.19094181060791016,True
1646,35,0.0071428571428571175,9.721899914438836e-05,0.1909341812133789,True
1647,10,0.0,9.655400208430365e-05,0.19094181060791016,True
1648,125,0.0,0.00010351199671276845,0.19094181060791016,True
1649,10,0.0,9.939400115399621e-05,0.19094181060791016,True
1650,35,0.0,9.578000026522204e-05,0.19094181060791016,True
1651,22,0.0,9.497599967289716e-05,0.19094181060791016,True
1652,17,0.0,9.663499804446474e-05,0.19094181060791016,True
1653,17,0.0,9.683800089987926e-05,0.19094181060791016,True
1654,203,0.0,9.543299893266521e-05,0.19094181060791016,True
1655,1,0.0,0.00010027600001194514,0.1910257339477539,True
1656,44,0.0,9.524800043436699e-05,0.19094181060791016,True
1657,69,0.0,9.502499960944988e-05,0.19094181060791016,True
1658,44,0.0071428571428571175,0.00011082000128226355,0.1909341812133789,True
1659,5,0.0071428571428571175,9.72500019997824e-05,0.1909341812133789,True
1660,71,0.1785714285714286,9.601300189387985e-05,0.1907510757446289,True
1661,22,0.0,9.518200022284873e-05,0.19094181060791016,True
1662,70,0.0,9.74690010480117e-05,0.19094181060791016,True
1663,57,0.0071428571428571175,0.00015154199718381278,0.1909341812133789,True
1664,290,0.021428571428571463,9.618100011721253e-05,0.1909189224243164,True
1665,44,0.0,9.875400064629503e-05,0.19094181060791016,True
1666,17,0.0,0.0001122009998653084,0.19094181060791016,True
1667,57,0.0,9.511999815003946e-05,0.19094181060791016,True
1668,100,0.0,0.00010999799997080117,0.19094181060791016,True
1669,102,0.0071428571428571175,9.673999738879502e-05,0.1909341812133789,True
1670,5,0.0,9.797000166145153e-05,0.19094181060791016,True
1671,145,0.02857142857142858,0.00010385300265625119,0.19091129302978516,True
1672,46,0.0071428571428571175,0.00010011199992732145,0.1909341812133789,True
1673,86,0.0,9.563899948261678e-05,0.19094181060791016,True
1674,144,0.0,9.530199895380065e-05,0.19094181060791016,True
1675,52,0.0,9.737499931361526e-05,0.19094181060791016,True
1676,1,0.0,0.0001020480012812186,0.1910257339477539,True
1677,35,0.0071428571428571175,9.664599929237738e-05,0.1909341812133789,True
1678,158,0.0071428571428571175,9.755299834068865e-05,0.1909341812133789,True
1679,1,0.0,0.00010115400073118508,0.1910257339477539,True
1680,52,0.0,9.520000094198622e-05,0.19094181060791016,True
1681,10,0.0,9.588499960955232e-05,0.19094181060791016,True
1682,5,0.0071428571428571175,9.788699753698893e-05,0.1909341812133789,True
1683,1,0.0071428571428571175,0.00010010199912358075,0.19101810455322266,True
1684,17,0.0,9.734899867908098e-05,0.19094181060791016,True
1685,5,0.0,0.00010566899800323881,0.19094181060791016,True
1686,159,0.0071428571428571175,9.644599776947871e-05,0.1909341812133789,True
1687,60,0.0071428571428571175,9.706000128062442e-05,0.1909341812133789,True
1688,134,0.0,0.00011552299838513136,0.19094181060791016,True
1689,57,0.0,9.633399895392358e-05,0.19094181060791016,True
1690,149,0.0,0.00010137700155610219,0.19094181060791016,True
1691,366,0.021428571428571463,0.00018588199964142404,0.1909189224243164,False
1692,86,0.0,0.00010077300248667598,0.19094181060791016,True
1693,110,0.014285714285714235,9.602199861546978e-05,0.19092655181884766,True
1694,102,0.0,0.00010443599967402406,0.19094181060791016,True
1695,5,0.0071428571428571175,0.00011016800272045657,0.1909341812133789,True
1696,233,0.06428571428571428,0.00010563300020294264,0.1908731460571289,True
1697,25,0.0,0.00010308999844710343,0.19094181060791016,True
1698,5,0.0,0.00010184900020249188,0.19094181060791016,True
1699,5,0.0071428571428571175,9.972699990612455e-05,0.1909341812133789,True
1700,100,0.0,9.628000043448992e-05,0.19094181060791016,True
1701,17,0.0,0.00011207699935766868,0.19094181060791016,True
1702,5,0.0,9.779399988474324e-05,0.19094181060791016,True
1703,46,0.0,0.00010048200056189671,0.19094181060791016,True
1704,201,0.0,0.00011318799806758761,0.19094181060791016,True
1705,139,0.0,0.00011558800179045647,0.19094181060791016,True
1706,35,0.042857142857142816,9.968700032914057e-05,0.19089603424072266,True
1707,1,0.0,0.00010164600098505616,0.1910257339477539,True
1708,211,0.0071428571428571175,9.757899897522293e-05,0.1909341812133789,True
1709,139,0.0,9.548500020173378e-05,0.19094181060791016,True
1710,46,0.0,0.00010417399971629493,0.19094181060791016,True
1711,25,0.0071428571428571175,0.00010904700320679694,0.1909341812133789,True
1712,158,0.0071428571428571175,9.579699690220878e-05,0.1909341812133789,True
1713,5,0.0071428571428571175,9.784400026546791e-05,0.1909341812133789,True
1714,109,0.0,9.613099973648787e-05,0.19094181060791016,True
1715,60,0.0,9.854499876382761e-05,0.19094181060791016,True
1716,60,0.0,9.698700159788132e-05,0.19094181060791016,True
1717,134,0.0,9.639199925004505e-05,0.19094181060791016,True
1718,57,0.0,9.556900113238953e-05,0.19094181060791016,True
1719,1,0.0,0.00010056900282506831,0.1910257339477539,True
1720,158,0.014285714285714235,9.552800111123361e-05,0.19092655181884766,True
1721,5,0.0071428571428571175,0.00010898499749600887,0.1909341812133789,True
1722,17,0.0,9.576600132277235e-05,0.19094181060791016,True
1723,110,0.021428571428571463,9.78620009846054e-05,0.1909189224243164,True
1724,35,0.0,9.505799971520901e-05,0.19094181060791016,True
1725,35,0.0,9.627499821363017e-05,0.19094181060791016,True
1726,82,0.0,9.698500070953742e-05,0.19094181060791016,True
1727,51,0.0,9.748699812917039e-05,0.19094181060791016,True
1728,10,0.0,0.00011883299885084853,0.19094181060791016,True
1729,110,0.0714285714285714,9.574299838277511e-05,0.19086551666259766,True
1730,109,0.0,9.492700337432325e-05,0.19094181060791016,True
1731,1,0.0071428571428571175,0.0001032860018312931,0.19101810455322266,True
1732,69,0.0,0.00012623499787878245,0.19094181060791016,True
1733,203,0.0,9.4982999144122e-05,0.19094181060791016,True
1734,10,0.0,0.00010311699952580966,0.19098758697509766,True
1735,25,0.0071428571428571175,9.898799908114597e-05,0.1909341812133789,True
1736,10,0.0,0.0001028279984893743,0.19098758697509766,True
1737,109,0.0,0.00010353700054110959,0.19094181060791016,True
1738,22,0.0,9.554899952490814e-05,0.19094181060791016,True
1739,5,0.0071428571428571175,0.00010210999971604906,0.1909341812133789,True
1740,57,0.0071428571428571175,9.649400089983828e-05,0.1909341812133789,True
1741,259,0.0,9.787800081539899e-05,0.19094181060791016,True
1742,211,0.0,9.651300206314772e-05,0.19094181060791016,True
1743,86,0.0,0.00010372799806646071,0.19094181060791016,True
1744,98,0.0,9.810899791773409e-05,0.19094181060791016,True
1745,86,0.0,9.513800250715576e-05,0.19094181060791016,True
1746,46,0.0,9.667099948273972e-05,0.19094181060791016,True
1747,51,0.0,9.613799920771271e-05,0.19094181060791016,True
1748,110,0.021428571428571463,9.691899686004035e-05,0.1909189224243164,True
1749,52,0.0,0.00010389399903942831,0.19094181060791016,True
1750,69,0.0,9.506000060355291e-05,0.19094181060791016,True
1751,17,0.0071428571428571175,9.696800043457188e-05,0.1909341812133789,True
1752,82,0.0,9.628399857319891e-05,0.19094181060791016,True
1753,290,0.0,0.00010058800035039894,0.19094181060791016,True
1754,71,0.0071428571428571175,9.766400035005063e-05,0.1909341812133789,True
1755,17,0.0071428571428571175,0.00013124200268066488,0.1909341812133789,True
1756,86,0.0,0.000119345000712201,0.19094181060791016,True
1757,82,0.0071428571428571175,9.949000013875775e-05,0.1909341812133789,True
1758,237,0.0,9.797700113267638e-05,0.19094181060791016,True
1759,17,0.0,9.957399743143469e-05,0.19094181060791016,True
1760,109,0.0,9.918200157699175e-05,0.19094181060791016,True
1761,203,0.0,0.00011420400187489577,0.19094181060791016,True
1762,5,0.0071428571428571175,0.00011272499978076667,0.1909341812133789,True
1763,10,0.0,9.681300070951693e-05,0.19094181060791016,True
1764,109,0.0,9.71609988482669e-05,0.19094181060791016,True
1765,46,0.0,9.685799886938184e-05,0.19094181060791016,True
1766,44,0.0,9.8257001809543e-05,0.19094181060791016,True
1767,46,0.0,9.675999899627641e-05,0.19094181060791016,True
1768,22,0.0071428571428571175,0.00010605999705148861,0.1909341812133789,True
1769,193,0.0,9.598299948265776e-05,0.19094181060791016,True
1770,17,0.0071428571428571175,0.0001008829967759084,0.1909341812133789,True
1771,5,0.0,0.0001370169993606396,0.19094181060791016,True
1772,211,0.0,9.56799995037727e-05,0.19094181060791016,True
1773,139,0.0,9.6163999842247e-05,0.19094181060791016,True
1774,46,0.0,9.546200089971535e-05,0.19094181060791016,True
1775,209,0.014285714285714235,0.00010371099779149517,0.19092655181884766,True
1776,102,0.0071428571428571175,9.590500121703371e-05,0.1909341812133789,True
1777,57,0.0,9.524300185148604e-05,0.19094181060791016,True
1778,290,0.0,9.70069995673839e-05,0.19094181060791016,True
1779,5,0.0071428571428571175,9.911499728332274e-05,0.1909341812133789,True
1780,21,0.0071428571428571175,0.00012090000018361025,0.1909341812133789,True
1781,10,0.0,0.00012476199844968505,0.19098758697509766,True
1782,1,0.0071428571428571175,0.0002161350021196995,0.19101810455322266,True
1783,1,0.0,0.00010284000018145889,0.1910257339477539,True
1784,290,0.0071428571428571175,0.00010030600242316723,0.1909341812133789,True
1785,10,0.0,0.00010244099757983349,0.19098758697509766,True
1786,295,0.1071428571428571,0.00010221300181001425,0.1908273696899414,False
1787,82,0.0071428571428571175,9.697799760033377e-05,0.1909341812133789,True
1788,211,0.0,9.80240001808852e-05,0.19094181060791016,True
1789,232,0.0071428571428571175,9.954900087905116e-05,0.1909341812133789,True
1790,5,0.0071428571428571175,9.825800225371495e-05,0.1909341812133789,True
1791,44,0.0,9.667400081525557e-05,0.19094181060791016,True
1792,139,0.0,0.00010752700109151192,0.19094181060791016,True
1793,57,0.0,0.00018882599761127494,0.19094181060791016,True
1794,1,0.0,0.0001010490013868548,0.1910257339477539,True
1795,290,0.0071428571428571175,9.633800073061138e-05,0.1909341812133789,True
1796,25,0.0071428571428571175,9.712499740999192e-05,0.1909341812133789,True
1797,158,0.02857142857142858,0.00011521899796207435,0.19091129302978516,True
1798,5,0.0,9.973899796023034e-05,0.19094181060791016,True
1799,82,0.0,9.614200098440051e-05,0.19094181060791016,True
1800,159,0.0,9.581899939803407e-05,0.19094181060791016,True
1801,1,0.0,0.00010205499711446464,0.1910257339477539,True
1802,125,0.0071428571428571175,9.862300066743046e-05,0.1909341812133789,True
1803,10,0.0071428571428571175,9.615100134396926e-05,0.1909341812133789,True
1804,57,0.0071428571428571175,9.721400056150742e-05,0.1909341812133789,True
1805,1,0.0,0.00010464099977980368,0.1910257339477539,True
1806,10,0.0,0.00010000900147133507,0.19098758697509766,True
1807,10,0.0071428571428571175,0.00010355300037190318,0.1909341812133789,True
1808,139,0.0071428571428571175,9.780400068848394e-05,0.1909341812133789,True
1809,10,0.0,9.797800157684833e-05,0.19094181060791016,True
1810,10,0.0,9.74689974100329e-05,0.19094181060791016,True
1811,82,0.0,9.572699855198152e-05,0.19094181060791016,True
1812,44,0.0071428571428571175,9.659599891165271e-05,0.1909341812133789,True
1813,82,0.0071428571428571175,0.00011441000242484733,0.1909341812133789,True
1814,17,0.0,9.850000060396269e-05,0.19094181060791016,True
1815,10,0.0,0.00011489399912534282,0.19098758697509766,True
1816,46,0.021428571428571463,9.999200119636953e-05,0.1909189224243164,True
1817,35,0.0,9.664399840403348e-05,0.19094181060791016,True
1818,57,0.0,9.45370011322666e-05,0.19094181060791016,True
1819,290,0.0,9.59899989538826e-05,0.19094181060791016,True
1820,1,0.0071428571428571175,0.00010695899982238188,0.19101810455322266,True
1821,17,0.0071428571428571175,9.818100079428405e-05,0.1909341812133789,True
1822,51,0.0,9.602900172467344e-05,0.19094181060791016,True
1823,109,0.0,9.543200212647207e-05,0.19094181060791016,True
1824,1,0.0,0.00010138899961020797,0.1910257339477539,True
1825,17,0.0,9.691000013845041e-05,0.19094181060791016,True
1826,10,0.0,9.643900193623267e-05,0.19094181060791016,True
1827,70,0.0,9.512600081507117e-05,0.19094181060791016,True
1828,159,0.0,0.00011377900227671489,0.19094181060791016,True
1829,249,0.0,9.759000022313558e-05,0.19094181060791016,True
1830,35,0.0,9.739699817146175e-05,0.19094181060791016,True
1831,5,0.0071428571428571175,9.91830020211637e-05,0.1909341812133789,True
1832,272,0.0071428571428571175,0.00010863200077437796,0.1909341812133789,True
1833,102,0.0357142857142857,9.995800064643845e-05,0.1909036636352539,True
1834,100,0.0,9.657400005380623e-05,0.19094181060791016,True
1835,82,0.0,9.565599975758232e-05,0.19094181060791016,True
1836,98,0.0,9.476599734625779e-05,0.19094181060791016,True
1837,232,0.0,0.00010431000191601925,0.19094181060791016,True
1838,46,0.0,9.557199882692657e-05,0.19094181060791016,True
1839,159,0.0,9.563499770592898e-05,0.19094181060791016,True
1840,145,0.021428571428571463,9.659400166128762e-05,0.1909189224243164,True
1841,233,0.021428571428571463,9.735899948282167e-05,0.1909189224243164,True
1842,5,0.0,0.00014326900054584257,0.19094181060791016,True
1843,17,0.0,0.00011363299927324988,0.19094181060791016,True
1844,100,0.0,9.743899863678962e-05,0.19094181060791016,True
1845,273,0.0,9.564699939801358e-05,0.19094181060791016,True
1846,17,0.0,9.768800009624101e-05,0.19094181060791016,True
1847,49,0.021428571428571463,9.735500134411268e-05,0.1909189224243164,True
1848,10,0.0,9.97970018943306e-05,0.19098758697509766,True
1849,46,0.0,9.534999844618142e-05,0.19094181060791016,True
1850,102,0.0,9.50679968809709e-05,0.19094181060791016,True
1851,57,0.0,9.665800098446198e-05,0.19094181060791016,True
1852,1,0.0,0.0001021349999064114,0.1910257339477539,True
1853,233,0.02857142857142858,9.737899745232426e-05,0.19091129302978516,True
1854,46,0.0,9.534099808661267e-05,0.19094181060791016,True
1855,290,0.0,9.689700164017268e-05,0.19094181060791016,True
1856,125,0.0,9.58439995883964e-05,0.19094181060791016,True
1857,158,0.0071428571428571175,9.45979991229251e-05,0.1909341812133789,True
1858,86,0.0,9.655499889049679e-05,0.19094181060791016,True
1859,35,0.0,0.00011009299851139076,0.19094181060791016,True
1860,233,0.0357142857142857,9.679100185167044e-05,0.1909036636352539,True
1861,82,0.0,9.598600081517361e-05,0.19094181060791016,True
1862,10,0.0,0.00010964499961119145,0.19098758697509766,True
1863,1,0.0,0.00011278400052106008,0.1910257339477539,True
1864,109,0.0,9.790900003281422e-05,0.19094181060791016,True
1865,5,0.0,9.945000056177378e-05,0.19094181060791016,True
1866,272,0.0357142857142857,9.676900299382396e-05,0.1909036636352539,True
1867,57,0.0,9.65450017247349e-05,0.19094181060791016,True
1868,5,0.0,9.898099960992113e-05,0.19094181060791016,True
1869,35,0.014285714285714235,9.684200267656706e-05,0.19092655181884766,True
1870,35,0.0071428571428571175,9.757600128068589e-05,0.1909341812133789,True
1871,98,0.0,0.0001039080016198568,0.19094181060791016,True
1872,69,0.0071428571428571175,0.00010382399705122225,0.1909341812133789,True
1873,35,0.0,0.00010101199950440787,0.19094181060791016,True
1874,5,0.0,0.00010531699808780104,0.19094181060791016,True
1875,102,0.0071428571428571175,9.61660007305909e-05,0.1909341812133789,True
1876,10,0.0071428571428571175,0.00010384199777035974,0.1909799575805664,True
1877,5,0.0,9.820299965213053e-05,0.19094181060791016,True
1878,82,0.0,9.825799861573614e-05,0.19094181060791016,True
1879,35,0.0,9.734199920785613e-05,0.19094181060791016,True
1880,5,0.0,0.00010058599946205504,0.19094181060791016,True
1881,17,0.0,9.711899838293903e-05,0.19094181060791016,True
1882,232,0.0071428571428571175,0.00010052200013888068,0.1909341812133789,True
1883,232,0.0,0.00010115799886989407,0.19094181060791016,True
1884,46,0.0,9.580700134392828e-05,0.19094181060791016,True
1885,232,0.0,9.86500017461367e-05,0.19094181060791016,True
1886,35,0.0,9.630099884816445e-05,0.19094181060791016,True
1887,17,0.0,0.0001152380027633626,0.19094181060791016,True
1888,17,0.0071428571428571175,0.00010652900164132006,0.1909341812133789,True
1889,35,0.0,0.00010198800009675324,0.19094181060791016,True
1890,44,0.0,9.980000322684646e-05,0.19094181060791016,True
1891,10,0.0,0.00010839899914572015,0.19098758697509766,True
1892,35,0.0071428571428571175,9.874600073089823e-05,0.1909341812133789,True
1893,44,0.0,9.689999933470972e-05,0.19094181060791016,True
1894,82,0.0,9.927399878506549e-05,0.19094181060791016,True
1895,145,0.0357142857142857,0.00011361599899828434,0.1909036636352539,True
1896,71,0.0,0.0001012070024444256,0.19094181060791016,True
1897,22,0.0,9.659200077294372e-05,0.19094181060791016,True
1898,158,0.014285714285714235,9.643700104788877e-05,0.19092655181884766,True
1899,5,0.0071428571428571175,0.0001163809974968899,0.1909341812133789,True
1900,25,0.0,0.00010166400170419365,0.19094181060791016,True
1901,290,0.0,9.901700104819611e-05,0.19094181060791016,True
1902,192,0.0,9.58299970079679e-05,0.19094181060791016,True
1903,10,0.0,0.0001024369994411245,0.19098758697509766,True
1904,35,0.0,9.599000259186141e-05,0.19094181060791016,True
1905,159,0.021428571428571463,9.659600254963152e-05,0.1909189224243164,True
1906,71,0.0071428571428571175,9.597999815014191e-05,0.1909341812133789,True
1907,21,0.0071428571428571175,9.688100180937909e-05,0.1909341812133789,True
1908,46,0.0,9.574999785399996e-05,0.19094181060791016,True
1909,10,0.0,0.00010826300058397464,0.19094181060791016,True
1910,1,0.0,0.00010084099994855933,0.1910257339477539,True
1911,17,0.0071428571428571175,0.00010219800242339261,0.1909341812133789,True
1912,1,0.0,0.00010053799996967427,0.1910257339477539,True
1913,46,0.0071428571428571175,9.655699977884069e-05,0.1909341812133789,True
1914,1,0.0,0.00010206099977949634,0.1910257339477539,True
1915,100,0.0,9.591799971531145e-05,0.19094181060791016,True
1916,158,0.014285714285714235,9.62430021900218e-05,0.19092655181884766,True
1917,134,0.021428571428571463,9.763799971551634e-05,0.1909189224243164,True
1918,46,0.0,9.598099859431386e-05,0.19094181060791016,True
1919,98,0.0,0.00010878000102820806,0.19094181060791016,True
1920,158,0.0071428571428571175,9.425799726159312e-05,0.1909341812133789,True
1921,272,0.0,9.805000081541948e-05,0.19094181060791016,True
1922,211,0.0071428571428571175,9.75500006461516e-05,0.1909341812133789,True
1923,232,0.0,9.59169992711395e-05,0.19094181060791016,True
1924,51,0.0,0.00011118400288978592,0.19094181060791016,True
1925,46,0.0,9.698999929241836e-05,0.19094181060791016,True
1926,51,0.0,0.0001084850009647198,0.19094181060791016,True
1927,35,0.0,0.00023227599740494043,0.19094181060791016,True
1928,139,0.0071428571428571175,0.00014645100236521102,0.1909341812133789,True
1929,57,0.0,0.00011303700011922047,0.19094181060791016,True
1930,70,0.0,9.517999933450483e-05,0.19094181060791016,True
1931,35,0.0,0.0001199590005853679,0.19094181060791016,True
1932,21,0.0071428571428571175,0.00011038099910365418,0.1909341812133789,True
1933,5,0.0,9.93470021057874e-05,0.19094181060791016,True
1934,35,0.0071428571428571175,0.00010689100236049853,0.1909341812133789,True
1935,5,0.0071428571428571175,9.701599992695265e-05,0.1909341812133789,True
1936,109,0.0,9.744899944053032e-05,0.19094181060791016,True
1937,5,0.0071428571428571175,0.00011603599705267698,0.1909341812133789,True
1938,69,0.0,9.567899905960076e-05,0.19094181060791016,True
1939,144,0.08571428571428574,0.00010438199751661159,0.19085025787353516,True
1940,5,0.0,9.681400115368888e-05,0.19094181060791016,True
1941,232,0.0071428571428571175,9.940699965227395e-05,0.1909341812133789,True
1942,481,0.0071428571428571175,9.624199810787104e-05,0.1909341812133789,False
1943,139,0.0071428571428571175,9.733399929245934e-05,0.1909341812133789,True
1944,110,0.0071428571428571175,0.00010135999764315784,0.1909341812133789,True
1945,17,0.0,9.656900147092529e-05,0.19094181060791016,True
1946,57,0.0,0.00011178800195921212,0.19094181060791016,True
1947,5,0.0,9.795599908102304e-05,0.19094181060791016,True
1948,69,0.0,9.551299808663316e-05,0.19094181060791016,True
1949,5,0.0,9.874099851003848e-05,0.19094181060791016,True
1950,98,0.0,9.706400305731222e-05,0.19094181060791016,True
1951,17,0.0,0.00010095200195792131,0.19094181060791016,True
1952,5,0.0071428571428571175,0.0001020500021695625,0.1909341812133789,True
1953,44,0.0,0.00013779200162389316,0.19094181060791016,True
1954,211,0.0,0.00010376499994890764,0.19094181060791016,True
1955,149,0.0,9.495799895375967e-05,0.19094181060791016,True
1956,51,0.0,0.00010123199899680912,0.19094181060791016,True
1957,5,0.0,9.678099740995094e-05,0.19094181060791016,True
1958,10,0.0071428571428571175,9.992099876399152e-05,0.1909799575805664,True
1959,139,0.0,9.555099677527323e-05,0.19094181060791016,True
1960,290,0.0,0.00011138300033053383,0.19094181060791016,True
1961,9,0.0071428571428571175,9.819299884838983e-05,0.1909341812133789,True
1962,46,0.0,0.00010937200204352848,0.19094181060791016,True
1963,109,0.0071428571428571175,0.00010527599806664512,0.1909341812133789,True
1964,49,0.0071428571428571175,0.00010109699724125676,0.1909341812133789,True
1965,35,0.0,0.00010822400145116262,0.19094181060791016,True
1966,51,0.0,0.0001310359984927345,0.19094181060791016,True
1967,232,0.0071428571428571175,0.00010193500202149153,0.1909341812133789,True
1968,22,0.0,9.789700197870843e-05,0.19094181060791016,True
1969,139,0.0,9.678100104792975e-05,0.19094181060791016,True
1970,82,0.0,0.00011211900346097536,0.19094181060791016,True
1971,49,0.014285714285714235,0.00012449899804778397,0.19092655181884766,True
1972,57,0.0,9.663500168244354e-05,0.19094181060791016,True
1973,17,0.0,9.81779994617682e-05,0.19094181060791016,True
1974,17,0.0,9.827599933487363e-05,0.19094181060791016,True
1975,35,0.014285714285714235,9.6543000836391e-05,0.19092655181884766,True
1976,290,0.0,0.00010191499677603133,0.19094181060791016,True
1977,98,0.0,9.693299944046885e-05,0.19094181060791016,True
1978,10,0.014285714285714235,0.00011440399975981563,0.19097232818603516,True
1979,98,0.0,0.00010284200106980279,0.19094181060791016,True
1980,139,0.0,9.61680016189348e-05,0.19094181060791016,True
1981,46,0.0,9.74649992713239e-05,0.19094181060791016,True
1982,145,0.06428571428571428,0.00011846800043713301,0.1908731460571289,True
1983,46,0.0,0.00010642000052030198,0.19094181060791016,True
1984,44,0.0,0.0001488979978603311,0.19094181060791016,True
1985,1,0.0071428571428571175,0.00010358600047766231,0.19101810455322266,True
1986,17,0.0,0.00010490400018170476,0.19094181060791016,True
1987,21,0.0,9.71590015979018e-05,0.19094181060791016,True
1988,82,0.0071428571428571175,9.592399874236435e-05,0.1909341812133789,True
1989,139,0.0,0.00010029100303654559,0.19094181060791016,True
1990,35,0.0,9.623600271879695e-05,0.19094181060791016,True
1991,233,0.0071428571428571175,9.660700015956536e-05,0.1909341812133789,True
1992,22,0.0,9.575800140737556e-05,0.19094181060791016,True
1993,69,0.0,9.623799996916205e-05,0.19094181060791016,True
1994,1,0.0,0.00010269099948345684,0.1910257339477539,True
1995,10,0.0,0.00010585400013951585,0.19094181060791016,True
1996,82,0.0071428571428571175,0.00016056499953265302,0.1909341812133789,True
1997,25,0.0071428571428571175,9.63200000114739e-05,0.1909341812133789,True
1998,10,0.0071428571428571175,0.00010518499766476452,0.1909799575805664,True
1999,17,0.0,0.0001876599999377504,0.19094181060791016,True
2000,57,0.0,0.00010354100231779739,0.19094181060791016,True
2001,134,0.0,9.938199946191162e-05,0.19094181060791016,True
2002,25,0.014285714285714235,0.00010478200056240894,0.19092655181884766,True
2003,17,0.0,0.000152134001837112,0.19094181060791016,True
2004,137,0.0,9.457900159759447e-05,0.19094181060791016,True
2005,57,0.0,9.59270000748802e-05,0.19094181060791016,True
2006,5,0.0071428571428571175,0.00011343199730617926,0.1909341812133789,True
2007,1,0.0,0.00010192400077357888,0.1910257339477539,True
2008,159,0.0,9.59129974944517e-05,0.19094181060791016,True
2009,5,0.0,0.0001151489996118471,0.19094181060791016,True
2010,290,0.0,9.591399793862365e-05,0.19094181060791016,True
2011,229,0.0,9.89419968391303e-05,0.19094181060791016,True
2012,51,0.0,9.697899804450572e-05,0.19094181060791016,True
2013,46,0.0,9.57870033744257e-05,0.19094181060791016,True
2014,102,0.0,9.608999971533194e-05,0.19094181060791016,True
2015,290,0.0,9.75439979811199e-05,0.19094181060791016,True
2016,35,0.014285714285714235,0.0001299620016652625,0.19092655181884766,True
2017,98,0.0,0.00011828199785668403,0.19094181060791016,True
2018,46,0.0,9.525499990559183e-05,0.19094181060791016,True
2019,22,0.0071428571428571175,0.00010109099821420386,0.1909341812133789,True
2020,82,0.0,9.519399827695452e-05,0.19094181060791016,True
2021,69,0.0071428571428571175,9.720199886942282e-05,0.1909341812133789,True
2022,35,0.0,9.581399717717431e-05,0.19094181060791016,True
2023,17,0.0,0.00010405800276203081,0.19094181060791016,True
2024,22,0.0,0.00011033600094378926,0.19094181060791016,True
2025,98,0.0,9.912799941957928e-05,0.19094181060791016,True
2026,203,0.0,9.684199903858826e-05,0.19094181060791016,True
2027,86,0.014285714285714235,9.728899749461561e-05,0.19092655181884766,True
2028,5,0.0,0.00010110400035046041,0.19094181060791016,True
2029,17,0.0071428571428571175,9.73229980445467e-05,0.1909341812133789,True
2030,1,0.0071428571428571175,0.00010155199925065972,0.19101810455322266,True
2031,237,0.0,9.797600068850443e-05,0.19094181060791016,True
2032,137,0.0,9.710799713502638e-05,0.19094181060791016,True
2033,232,0.0071428571428571175,9.742899783304892e-05,0.1909341812133789,True
2034,82,0.0,9.608400068827905e-05,0.19094181060791016,True
2035,192,0.0,0.00010455099982209504,0.19094181060791016,True
2036,201,0.0,9.618399781174958e-05,0.19094181060791016,True
2037,272,0.13571428571428568,9.540599785395898e-05,0.1907968521118164,True
2038,57,0.0,9.521399988443591e-05,0.19094181060791016,True
2039,51,0.0,0.00010006099910242483,0.19094181060791016,True
2040,272,0.0071428571428571175,0.00012355299986666068,0.1909341812133789,True
2041,82,0.0,0.00011012599861714989,0.19094181060791016,True
2042,139,0.0,9.588400280335918e-05,0.19094181060791016,True
2043,46,0.0,9.545400098431855e-05,0.19094181060791016,True
2044,245,0.0,9.496400161879137e-05,0.19094181060791016,True
2045,35,0.0071428571428571175,0.00010037800166173838,0.1909341812133789,True
2046,125,0.0,0.00011592399823712185,0.19094181060791016,True
2047,110,0.05714285714285716,9.581099948263727e-05,0.19088077545166016,True
2048,381,0.09285714285714286,0.00010530700092203915,0.1908426284790039,False
2049,5,0.0,9.93229987216182e-05,0.19094181060791016,True
2050,35,0.0071428571428571175,0.00010877000022446737,0.1909341812133789,True
2051,1,0.014285714285714235,0.00010028200267697684,0.1910104751586914,True
2052,102,0.0071428571428571175,9.487900024396367e-05,0.1909341812133789,True
2053,1,0.0,0.00010028799806605093,0.1910257339477539,True
2054,82,0.0071428571428571175,9.500200030743144e-05,0.1909341812133789,True
2055,149,0.0,9.573700299370103e-05,0.19094181060791016,True
2056,10,0.0071428571428571175,0.00010019700130214915,0.1909799575805664,True
2057,69,0.0,9.658500130171888e-05,0.19094181060791016,True
2058,1,0.0,0.0001076420012395829,0.1910257339477539,True
2059,46,0.0,9.544700151309371e-05,0.19094181060791016,True
2060,51,0.0,9.67010018939618e-05,0.19094181060791016,True
2061,139,0.0,0.00010559300062595867,0.19094181060791016,True
2062,10,0.0,0.00011171900041517802,0.19098758697509766,True
2063,211,0.0071428571428571175,9.593699724064209e-05,0.1909341812133789,True
2064,82,0.0,9.563699859427288e-05,0.19094181060791016,True
2065,71,0.014285714285714235,0.000102988000435289,0.19092655181884766,True
2066,17,0.0071428571428571175,9.665099787525833e-05,0.1909341812133789,True
2067,82,0.0071428571428571175,9.439099812880158e-05,0.1909341812133789,True
2068,35,0.0071428571428571175,9.757899897522293e-05,0.1909341812133789,True
2069,10,0.0,0.00011241899846936576,0.19098758697509766,True
2070,49,0.0071428571428571175,9.63749989750795e-05,0.1909341812133789,True
2071,158,0.0,0.00030874200092512183,0.19094181060791016,True
2072,10,0.014285714285714235,0.00011437599823693745,0.19097232818603516,True
2073,5,0.0,0.00010490900240256451,0.19094181060791016,True
2074,82,0.0,9.594200309948064e-05,0.19094181060791016,True
2075,49,0.0071428571428571175,9.724099800223485e-05,0.1909341812133789,True
2076,44,0.0,9.622200013836846e-05,0.19094181060791016,True
2077,102,0.0,0.00010613599806674756,0.19094181060791016,True
2078,139,0.0,9.552499977871776e-05,0.19094181060791016,True
2079,35,0.0,9.6163999842247e-05,0.19094181060791016,True
2080,110,0.014285714285714235,9.661500007496215e-05,0.19092655181884766,True
2081,35,0.0,9.621500066714361e-05,0.19094181060791016,True
2082,44,0.0,0.00016315699758706614,0.19094181060791016,True
2083,10,0.0071428571428571175,0.00010645799920894206,0.1909341812133789,True
2084,10,0.0071428571428571175,0.0001345310010947287,0.1909341812133789,True
2085,193,0.0,9.794400102691725e-05,0.19094181060791016,True
2086,98,0.0,9.503199908067472e-05,0.19094181060791016,True
2087,5,0.0071428571428571175,0.00010217599992756732,0.1909341812133789,True
2088,144,0.0,9.75559996732045e-05,0.19094181060791016,True
2089,125,0.0071428571428571175,0.00011890700261574239,0.1909341812133789,True
2090,111,0.0,9.629899795982055e-05,0.19094181060791016,True
2091,139,0.0071428571428571175,0.00010419299724162556,0.1909341812133789,True
2092,272,0.13571428571428568,9.639799827709794e-05,0.1907968521118164,True
2093,102,0.0,0.00010849399768630974,0.19094181060791016,True
2094,17,0.0,0.00010240699702990241,0.19094181060791016,True
2095,57,0.0071428571428571175,9.559899990563281e-05,0.1909341812133789,True
2096,17,0.0,9.657099872129038e-05,0.19094181060791016,True
2097,57,0.0,0.00010147300054086372,0.19094181060791016,True
2098,102,0.014285714285714235,0.00013063399819657207,0.19092655181884766,True
2099,71,0.0,9.734500054037198e-05,0.19094181060791016,True
2100,149,0.0071428571428571175,9.629100168240257e-05,0.1909341812133789,True
2101,5,0.0,9.799599865800701e-05,0.19094181060791016,True
2102,145,0.11428571428571432,0.00010755000039353035,0.19081974029541016,True
2103,232,0.0071428571428571175,9.860000136541203e-05,0.1909341812133789,True
2104,44,0.0,9.583100109011866e-05,0.19094181060791016,True
2105,10,0.0,9.60750003287103e-05,0.19094181060791016,True
2106,17,0.0,9.759900058270432e-05,0.19094181060791016,True
2107,46,0.0,9.493299876339734e-05,0.19094181060791016,True
2108,5,0.0,9.720200250740163e-05,0.19094181060791016,True
2109,22,0.0,9.674500324763358e-05,0.19094181060791016,True
2110,134,0.0,9.659099669079296e-05,0.19094181060791016,True
2111,102,0.0,9.462800153414719e-05,0.19094181060791016,True
2112,46,0.0,0.0005566020008700434,0.19094181060791016,True
2113,193,0.0,9.454799874220043e-05,0.19094181060791016,True
2114,22,0.0,0.00012358299863990396,0.19094181060791016,True
2115,5,0.0071428571428571175,9.726200005388819e-05,0.1909341812133789,True
2116,46,0.0,9.687499914434738e-05,0.19094181060791016,True
2117,5,0.0,0.00010757199925137684,0.19094181060791016,True
2118,5,0.0,0.00011630600056378171,0.19094181060791016,True
2119,44,0.0,9.580600089975633e-05,0.19094181060791016,True
2120,35,0.0,9.787500312086195e-05,0.19094181060791016,True
2121,25,0.0071428571428571175,9.889200009638444e-05,0.1909341812133789,True
2122,1,0.0,0.00010194800051976927,0.1910257339477539,True
2123,1,0.0,0.00010551400191616267,0.1910257339477539,True
2124,44,0.0,9.539600068819709e-05,0.19094181060791016,True
2125,201,0.014285714285714235,9.692699677543715e-05,0.19092655181884766,True
2126,1,0.0071428571428571175,0.00010372099859523587,0.19101810455322266,True
2127,10,0.0071428571428571175,0.00011351099965395406,0.1909799575805664,True
2128,46,0.0,9.572300041327253e-05,0.19094181060791016,True
2129,85,0.0,9.533599950373173e-05,0.19094181060791016,True
2130,125,0.0,9.510000018053688e-05,0.19094181060791016,True
2131,46,0.0,0.0001054010026564356,0.19094181060791016,True
2132,51,0.0071428571428571175,9.613500151317567e-05,0.1909341812133789,True
2133,17,0.0,9.69969987636432e-05,0.19094181060791016,True
2134,35,0.0,9.822300125961192e-05,0.19094181060791016,True
2135,136,0.0,0.00010560200098552741,0.19094181060791016,True
2136,17,0.0,0.00012806599988834932,0.19094181060791016,True
2137,1,0.0,0.00010109299910254776,0.1910257339477539,True
2138,98,0.0,9.593399954610504e-05,0.19094181060791016,True
2139,82,0.0,9.633700028643943e-05,0.19094181060791016,True
2140,57,0.0071428571428571175,0.00010301299698767252,0.1909341812133789,True
2141,82,0.0,9.674400280346163e-05,0.19094181060791016,True
2142,211,0.0,0.00010278600166202523,0.19094181060791016,True
2143,111,0.014285714285714235,9.634800153435208e-05,0.19092655181884766,True
2144,125,0.0,9.869800123851746e-05,0.19094181060791016,True
2145,158,0.0,9.759499880601652e-05,0.19094181060791016,True
2146,44,0.0,9.458099884795956e-05,0.19094181060791016,True
2147,17,0.0,0.00012046200208715163,0.19094181060791016,True
2148,290,0.09999999999999998,9.673499880591407e-05,0.19083499908447266,True
2149,158,0.0071428571428571175,9.674000102677383e-05,0.1909341812133789,True
2150,51,0.0071428571428571175,0.00011092200293205678,0.1909341812133789,True
2151,35,0.0,0.00010427600136608817,0.19094181060791016,True
2152,46,0.0,9.495600170339458e-05,0.19094181060791016,True
2153,1,0.0,0.00010009100151364692,0.1910257339477539,True
2154,139,0.0,9.582599886925891e-05,0.19094181060791016,True
2155,17,0.0,9.729399971547537e-05,0.19094181060791016,True
2156,82,0.0,9.709899677545764e-05,0.19094181060791016,True
2157,17,0.0071428571428571175,9.736199717735872e-05,0.1909341812133789,True
2158,5,0.0071428571428571175,9.788700117496774e-05,0.1909341812133789,True
2159,255,0.0,9.905399929266423e-05,0.19094181060791016,True
2160,102,0.0071428571428571175,0.00010052300058305264,0.1909341812133789,True
2161,46,0.0,9.603800208424218e-05,0.19094181060791016,True
2162,232,0.0,9.982000119634904e-05,0.19094181060791016,True
2163,110,0.014285714285714235,0.00010676000238163397,0.19092655181884766,True
2164,211,0.0,9.580600089975633e-05,0.19094181060791016,True
2165,1,0.0,0.00013916799798607826,0.1910257339477539,True
2166,82,0.0,9.627100007492118e-05,0.19094181060791016,True
2167,5,0.0,9.993200001190417e-05,0.19094181060791016,True
2168,9,0.0,0.00010140700032934546,0.19094181060791016,True
2169,109,0.0,0.00010509799903957173,0.19094181060791016,True
2170,201,0.021428571428571463,9.720500020193867e-05,0.1909189224243164,True
2171,46,0.0,0.00011683399861794896,0.19094181060791016,True
2172,46,0.0,0.00011791200086008757,0.19094181060791016,True
2173,17,0.0,0.00011231600001337938,0.19094181060791016,True
2174,10,0.0071428571428571175,0.00011380299838492647,0.1909799575805664,True
2175,46,0.0071428571428571175,0.00011230000018258579,0.1909341812133789,True
2176,102,0.0,0.00010894799925154075,0.19094181060791016,True
2177,5,0.0071428571428571175,9.864499952527694e-05,0.1909341812133789,True
2178,35,0.0071428571428571175,0.00010255499728373252,0.1909341812133789,True
2179,49,0.0071428571428571175,0.00010191500041401014,0.1909341812133789,True
2180,211,0.0,9.661000149208121e-05,0.19094181060791016,True
2181,10,0.0,9.733899787534028e-05,0.19094181060791016,True
2182,35,0.0,0.00010971500159939751,0.19094181060791016,True
2183,35,0.0,9.56149997364264e-05,0.19094181060791016,True
2184,203,0.0,9.608199979993515e-05,0.19094181060791016,True
2185,35,0.0,9.844500164035708e-05,0.19094181060791016,True
2186,17,0.0,9.713100007502362e-05,0.19094181060791016,True
2187,22,0.0,9.606100138626061e-05,0.19094181060791016,True
2188,1,0.0,0.00010823099728440866,0.1910257339477539,True
2189,10,0.0,0.00011974399967584759,0.19098758697509766,True
2190,22,0.0,0.0001471940013288986,0.19094181060791016,True
2191,82,0.0,0.00010859500252990983,0.19094181060791016,True
2192,49,0.0071428571428571175,0.00010039900007541291,0.1909341812133789,True
2193,17,0.0,9.985100041376427e-05,0.19094181060791016,True
2194,22,0.0,9.93390021903906e-05,0.19094181060791016,True
2195,35,0.0071428571428571175,0.00010692599971662275,0.1909341812133789,True
2196,139,0.0,9.90350017673336e-05,0.19094181060791016,True
2197,82,0.0,9.522300024400465e-05,0.19094181060791016,True
2198,10,0.0071428571428571175,0.00010065500100608915,0.1909799575805664,True
2199,70,0.0071428571428571175,9.861400030786172e-05,0.1909341812133789,True
2200,44,0.0,0.0001506730004621204,0.19094181060791016,True
2201,10,0.0071428571428571175,0.00010032100180978887,0.1909799575805664,True
2202,1,0.0071428571428571175,0.00010085999747388996,0.19101810455322266,True
2203,109,0.0,0.00010036299863713793,0.19094181060791016,True
2204,82,0.0,9.724100164021365e-05,0.19094181060791016,True
2205,125,0.0071428571428571175,9.68530002865009e-05,0.1909341812133789,True
2206,125,0.0071428571428571175,0.0001008850013022311,0.1909341812133789,True
2207,70,0.0,9.672600208432414e-05,0.19094181060791016,True
2208,44,0.0071428571428571175,9.665600009611808e-05,0.1909341812133789,True
2209,70,0.0071428571428571175,9.869199857348576e-05,0.1909341812133789,True
2210,82,0.0,9.572400085744448e-05,0.19094181060791016,True
2211,5,0.0071428571428571175,0.00010518599810893647,0.1909341812133789,True
2212,139,0.0,0.00011744400035240687,0.19094181060791016,True
2213,158,0.0071428571428571175,9.586700252839364e-05,0.1909341812133789,True
2214,46,0.0071428571428571175,9.56819967541378e-05,0.1909341812133789,True
2215,5,0.0071428571428571175,9.712200335343368e-05,0.1909341812133789,True
2216,86,0.0,9.727900032885373e-05,0.19094181060791016,True
2217,17,0.0,9.889200009638444e-05,0.19094181060791016,True
2218,35,0.014285714285714235,9.656100155552849e-05,0.19092655181884766,True
2219,46,0.0,9.799200051929802e-05,0.19094181060791016,True
2220,17,0.0,0.00010068799747386947,0.19094181060791016,True
2221,255,0.0,0.00010900599954766221,0.19094181060791016,True
2222,71,0.0,0.00011789700147346593,0.19094181060791016,True
2223,125,0.0,9.850800051935948e-05,0.19094181060791016,True
2224,5,0.0,9.859899728326127e-05,0.19094181060791016,True
2225,46,0.0,9.788700117496774e-05,0.19094181060791016,True
2226,82,0.0071428571428571175,9.65389990597032e-05,0.1909341812133789,True
2227,193,0.0,9.708000288810581e-05,0.19094181060791016,True
2228,82,0.0,9.774800128070638e-05,0.19094181060791016,True
2229,70,0.0071428571428571175,0.00010774000111268833,0.1909341812133789,True
2230,139,0.0,0.0001216669988934882,0.19094181060791016,True
2231,5,0.0071428571428571175,9.83219979389105e-05,0.1909341812133789,True
2232,1,0.0,0.00010385299901827239,0.1910257339477539,True
2233,82,0.0,0.00010466000094311312,0.19094181060791016,True
2234,10,0.0,9.968500307877548e-05,0.19098758697509766,True
2235,5,0.0,0.00010149199806619436,0.19094181060791016,True
2236,232,0.0071428571428571175,9.706899800221436e-05,0.1909341812133789,True
2237,110,0.0071428571428571175,9.57609991019126e-05,0.1909341812133789,True
2238,57,0.0,9.533300180919468e-05,0.19094181060791016,True
2239,5,0.0,9.991700062528253e-05,0.19094181060791016,True
2240,159,0.0071428571428571175,9.787499948288314e-05,0.1909341812133789,True
2241,5,0.0071428571428571175,0.00010208000094280578,0.1909341812133789,True
2242,125,0.0,0.00010522799857426435,0.19094181060791016,True
2243,1,0.0,0.00010174999988521449,0.1910257339477539,True
2244,5,0.0071428571428571175,9.733900151331909e-05,0.1909341812133789,True
2245,159,0.0,9.655599933466874e-05,0.19094181060791016,True
2246,21,0.0071428571428571175,9.605099694454111e-05,0.1909341812133789,True
2247,22,0.0,9.587900058249943e-05,0.19094181060791016,True
2248,144,0.06428571428571428,9.61660007305909e-05,0.1908731460571289,True
2249,125,0.0071428571428571175,9.721099922899157e-05,0.1909341812133789,True
2250,1,0.0071428571428571175,0.00010176299838349223,0.19101810455322266,True
2251,10,0.0071428571428571175,0.00012202300058561377,0.1909799575805664,True
2252,71,0.0,9.69969987636432e-05,0.19094181060791016,True
2253,102,0.021428571428571463,9.921899982145987e-05,0.1909189224243164,True
2254,1,0.0,0.00010711199865909293,0.1910257339477539,True
2255,145,0.13571428571428568,9.590500121703371e-05,0.1907968521118164,True
2256,139,0.0,9.63729980867356e-05,0.19094181060791016,True
2257,102,0.0071428571428571175,9.778799721971154e-05,0.1909341812133789,True
2258,44,0.0,0.00019083999723079614,0.19094181060791016,True
2259,35,0.0071428571428571175,9.644899910199456e-05,0.1909341812133789,True
2260,46,0.0,9.555900032864884e-05,0.19094181060791016,True
2261,17,0.0071428571428571175,0.00018614100190461613,0.1909341812133789,True
2262,46,0.0,9.534800119581632e-05,0.19094181060791016,True
2263,71,0.0,9.811899872147478e-05,0.19094181060791016,True
2264,290,0.0,0.0001242949983861763,0.19094181060791016,True
2265,22,0.0,0.00010294599996996112,0.19094181060791016,True
2266,273,0.0,9.57609991019126e-05,0.19094181060791016,True
2267,136,0.0,0.0003566449995560106,0.19094181060791016,True
2268,35,0.0,0.00012043699825881049,0.19094181060791016,True
2269,211,0.0071428571428571175,9.565099753672257e-05,0.1909341812133789,True
2270,44,0.0071428571428571175,9.783399946172722e-05,0.1909341812133789,True
2271,10,0.0,9.990400212700479e-05,0.19098758697509766,True
2272,35,0.0,0.00011152300066896714,0.19094181060791016,True
2273,10,0.0,9.766600123839453e-05,0.19094181060791016,True
2274,5,0.0071428571428571175,9.821200001169927e-05,0.1909341812133789,True
2275,46,0.0,9.727299766382203e-05,0.19094181060791016,True
2276,98,0.0,0.00010552499952609651,0.19094181060791016,True
2277,1,0.0071428571428571175,0.00010208800085820258,0.19101810455322266,True
2278,35,0.0071428571428571175,9.808799950405955e-05,0.1909341812133789,True
2279,139,0.0,9.848100307863206e-05,0.19094181060791016,True
2280,52,0.0,9.664300159784034e-05,0.19094181060791016,True
2281,69,0.0,0.0001161600011982955,0.19094181060791016,True
2282,5,0.0,9.822200081543997e-05,0.19094181060791016,True
2283,22,0.0071428571428571175,9.612300345906988e-05,0.1909341812133789,True
2284,35,0.0,9.639199925004505e-05,0.19094181060791016,True
2285,137,0.0,9.585299994796515e-05,0.19094181060791016,True
2286,44,0.0071428571428571175,9.53700000536628e-05,0.1909341812133789,True
2287,1,0.0071428571428571175,0.00010001000191550702,0.19101810455322266,True
2288,136,0.0,9.784500070963986e-05,0.19094181060791016,True
2289,109,0.0,0.0001096319974749349,0.19094181060791016,True
2290,1,0.014285714285714235,0.0001077070010069292,0.1910104751586914,True
2291,46,0.0,9.892199886962771e-05,0.19094181060791016,True
2292,22,0.0,9.636400136514567e-05,0.19094181060791016,True
2293,149,0.0,9.699600195745006e-05,0.19094181060791016,True
2294,10,0.0,9.93369976640679e-05,0.19098758697509766,True
2295,109,0.0,9.547599984216504e-05,0.19094181060791016,True
2296,109,0.0,9.500200030743144e-05,0.19094181060791016,True
2297,5,0.0071428571428571175,9.77140007307753e-05,0.1909341812133789,True
2298,46,0.0,9.658699855208397e-05,0.19094181060791016,True
2299,5,0.0,9.774499994819053e-05,0.19094181060791016,True
2300,1,0.0,0.00010128999929293059,0.1910257339477539,True
2301,237,0.0,0.00010717899931478314,0.19094181060791016,True
2302,109,0.0,9.711500024423003e-05,0.19094181060791016,True
2303,5,0.0,9.829500049818307e-05,0.19094181060791016,True
2304,25,0.0,0.00011471900143078528,0.19094181060791016,True
2305,35,0.0071428571428571175,9.700800001155585e-05,0.1909341812133789,True
2306,139,0.0,9.68610002018977e-05,0.19094181060791016,True
2307,52,0.0,9.555699944030493e-05,0.19094181060791016,True
2308,17,0.0,0.00010534000102779828,0.19094181060791016,True
2309,82,0.0,0.00010286000178894028,0.19094181060791016,True
2310,17,0.0,9.694499749457464e-05,0.19094181060791016,True
2311,35,0.0,9.578899698681198e-05,0.19094181060791016,True
2312,100,0.0,9.663300079409964e-05,0.19094181060791016,True
2313,1,0.014285714285714235,0.00010851299884961918,0.1910104751586914,True
2314,51,0.014285714285714235,0.00010788399958983064,0.19092655181884766,True
2315,57,0.0071428571428571175,9.777400191524066e-05,0.1909341812133789,True
2316,17,0.0,9.968100130208768e-05,0.19094181060791016,True
2317,82,0.0,9.614100054022856e-05,0.19094181060791016,True
2318,290,0.0,9.654600216890685e-05,0.19094181060791016,True
2319,5,0.0,0.00010275000022375025,0.19094181060791016,True
2320,44,0.0,9.967699952539988e-05,0.19094181060791016,True
2321,102,0.0,9.767799929250032e-05,0.19094181060791016,True
2322,35,0.014285714285714235,9.915899863699451e-05,0.19092655181884766,True
2323,10,0.0,9.651800064602867e-05,0.19094181060791016,True
2324,5,0.0,9.843000225373544e-05,0.19094181060791016,True
2325,51,0.0,0.00010592100079520606,0.19094181060791016,True
2326,102,0.0071428571428571175,0.00010894600200117566,0.1909341812133789,True
2327,46,0.0,9.626400060369633e-05,0.19094181060791016,True
2328,1,0.0071428571428571175,0.00010191500041401014,0.19101810455322266,True
2329,381,0.08571428571428574,9.951600077329203e-05,0.19085025787353516,False
2330,17,0.0071428571428571175,0.00010108000060427003,0.1909341812133789,True
2331,21,0.0071428571428571175,0.00010464499791851267,0.1909341812133789,True
2332,102,0.0,9.635599781177007e-05,0.19094181060791016,True
2333,201,0.0071428571428571175,9.635500100557692e-05,0.1909341812133789,True
2334,232,0.0071428571428571175,0.00010922799992840737,0.1909341812133789,True
2335,10,0.0,9.933399996953085e-05,0.19094181060791016,True
2336,46,0.0,9.533099728287198e-05,0.19094181060791016,True
2337,17,0.0,9.681099982117303e-05,0.19094181060791016,True
2338,10,0.0,0.00010006400043494068,0.19098758697509766,True
2339,102,0.0,0.00010508800187380984,0.19094181060791016,True
2340,232,0.021428571428571463,9.632199726183899e-05,0.1909189224243164,True
2341,82,0.0,9.61619989539031e-05,0.19094181060791016,True
2342,17,0.0,9.707800199976191e-05,0.19094181060791016,True
2343,22,0.0071428571428571175,9.634600064600818e-05,0.1909341812133789,True
2344,5,0.0071428571428571175,0.00011263100168434903,0.1909341812133789,True
2345,145,0.15000000000000002,9.640999996918254e-05,0.1907815933227539,True
2346,98,0.0071428571428571175,9.589399996912107e-05,0.1909341812133789,True
2347,134,0.0,9.519499872112647e-05,0.19094181060791016,True
2348,1,0.021428571428571463,0.00010204299906035885,0.19100284576416016,True
2349,22,0.0,9.701899762148969e-05,0.19094181060791016,True
2350,17,0.0071428571428571175,9.648499690229073e-05,0.1909341812133789,True
2351,232,0.0,0.00010463400030857883,0.19094181060791016,True
2352,46,0.0,9.532500189379789e-05,0.19094181060791016,True
2353,1,0.0071428571428571175,0.00010122700041392818,0.19101810455322266,True
2354,46,0.0,0.00011663299665087834,0.19094181060791016,True
2355,46,0.0,0.00011016300049959682,0.19094181060791016,True
2356,136,0.0071428571428571175,9.642399891163222e-05,0.1909341812133789,True
2357,86,0.0,9.76410010480322e-05,0.19094181060791016,True
2358,111,0.0,9.519800005364232e-05,0.19094181060791016,True
2359,69,0.0,0.00011191899830009788,0.19094181060791016,True
2360,1,0.0071428571428571175,0.00010130999726243317,0.19101810455322266,True
2361,136,0.0,9.577200034982525e-05,0.19094181060791016,True
2362,10,0.0,0.00010002700219047256,0.19098758697509766,True
2363,139,0.0071428571428571175,9.707400022307411e-05,0.1909341812133789,True
2364,192,0.0,0.00011185699986526743,0.19094181060791016,True
2365,69,0.0,0.00010110099901794456,0.19094181060791016,True
2366,82,0.0,9.721999958856031e-05,0.19094181060791016,True
2367,259,0.0,0.0001070200014510192,0.19094181060791016,True
2368,136,0.0,0.00010031700003310107,0.19094181060791016,True
2369,193,0.0,9.520599996903911e-05,0.19094181060791016,True
2370,17,0.0,9.732399848871864e-05,0.19094181060791016,True
2371,158,0.0071428571428571175,9.592400238034315e-05,0.1909341812133789,True
2372,10,0.0,0.00010692799696698785,0.19094181060791016,True
2373,229,0.0,0.00010879799810936674,0.19094181060791016,True
2374,86,0.014285714285714235,0.0001402080015395768,0.19092655181884766,True
2375,25,0.0071428571428571175,0.00026141400303458795,0.1909341812133789,True
2376,5,0.0071428571428571175,9.931199747370556e-05,0.1909341812133789,True
2377,5,0.0,0.0001064080024661962,0.19094181060791016,True
2378,102,0.014285714285714235,9.498100189375691e-05,0.19092655181884766,True
2379,35,0.021428571428571463,9.97300012386404e-05,0.1909189224243164,True
2380,232,0.0,9.779399988474324e-05,0.19094181060791016,True
2381,272,0.0071428571428571175,0.00010831500185304321,0.1909341812133789,True
2382,98,0.0,9.703199975774623e-05,0.19094181060791016,True
2383,71,0.0071428571428571175,0.00010097599806613289,0.1909341812133789,True
2384,86,0.0,0.00010126000051968731,0.19094181060791016,True
2385,232,0.0071428571428571175,0.00010143899999093264,0.1909341812133789,True
2386,111,0.014285714285714235,0.00010191299952566624,0.19092655181884766,True
2387,110,0.0071428571428571175,0.00015203499788185582,0.1909341812133789,True
2388,158,0.0,9.946700083673932e-05,0.19094181060791016,True
2389,159,0.0071428571428571175,9.700800001155585e-05,0.1909341812133789,True
2390,5,0.0,0.00010077000115416013,0.19094181060791016,True
2391,159,0.0,0.0001001819982775487,0.19094181060791016,True
2392,69,0.0071428571428571175,0.00010185599967371672,0.1909341812133789,True
2393,5,0.0,0.00010059900159831159,0.19094181060791016,True
2394,137,0.0,0.00010129099973710254,0.19094181060791016,True
2395,10,0.0,0.0001071599981514737,0.19094181060791016,True
2396,51,0.02857142857142858,9.6464002126595e-05,0.19091129302978516,True
2397,69,0.0,9.63829988904763e-05,0.19094181060791016,True
2398,5,0.0,9.745600254973397e-05,0.19094181060791016,True
2399,232,0.0,9.618699914426543e-05,0.19094181060791016,True
2400,102,0.0071428571428571175,9.524800043436699e-05,0.1909341812133789,True
2401,111,0.0,9.652199878473766e-05,0.19094181060791016,True
2402,232,0.0,9.886300176731311e-05,0.19094181060791016,True
2403,232,0.0,0.00011203800022485666,0.19094181060791016,True
2404,5,0.0,9.834299999056384e-05,0.19094181060791016,True
2405,21,0.0071428571428571175,0.00011592500231927261,0.1909341812133789,True
2406,137,0.0,0.00010470599954714999,0.19094181060791016,True
2407,35,0.0,9.844699889072217e-05,0.19094181060791016,True
2408,158,0.0,9.612199937691912e-05,0.19094181060791016,True
2409,139,0.0,0.00012676500045927241,0.19094181060791016,True
2410,10,0.0,0.00010138699872186407,0.19098758697509766,True
2411,35,0.0071428571428571175,9.919000149238855e-05,0.1909341812133789,True
2412,255,0.014285714285714235,0.00010147300054086372,0.19092655181884766,True
2413,100,0.0,0.00010365500202169642,0.19094181060791016,True
2414,17,0.0,9.750900062499568e-05,0.19094181060791016,True
2415,22,0.0071428571428571175,0.00011510799959069118,0.1909341812133789,True
2416,70,0.0,9.540499740978703e-05,0.19094181060791016,True
2417,211,0.0,9.501200111117214e-05,0.19094181060791016,True
2418,10,0.0,0.00012078700092388317,0.19098758697509766,True
2419,10,0.0071428571428571175,0.00011358999836375006,0.1909799575805664,True
2420,98,0.0,0.0001057010013028048,0.19094181060791016,True
2421,125,0.0,9.711099846754223e-05,0.19094181060791016,True
2422,10,0.0,0.00010649899923009798,0.19098758697509766,True
2423,25,0.0071428571428571175,9.707600111141801e-05,0.1909341812133789,True
2424,35,0.0071428571428571175,0.00011613400056376122,0.1909341812133789,True
2425,82,0.0,0.00011207799980184063,0.19094181060791016,True
2426,10,0.0,9.71570007095579e-05,0.19094181060791016,True
2427,290,0.0,9.872699956758879e-05,0.19094181060791016,True
2428,10,0.0071428571428571175,0.00011831500160042197,0.1909799575805664,True
2429,10,0.0,0.00010012900020228699,0.19098758697509766,True
2430,10,0.0,0.00010443700011819601,0.19098758697509766,True
2431,46,0.0,9.506700007477775e-05,0.19094181060791016,True
2432,22,0.0,9.832900104811415e-05,0.19094181060791016,True
2433,5,0.0,0.00011513999925227836,0.19094181060791016,True
2434,17,0.0,9.798300015972927e-05,0.19094181060791016,True
2435,145,0.11428571428571432,9.731399768497795e-05,0.19081974029541016,True
2436,10,0.0,0.0001014360022963956,0.19098758697509766,True
2437,203,0.0,9.682200106908567e-05,0.19094181060791016,True
2438,60,0.0,9.711600068840198e-05,0.19094181060791016,True
2439,17,0.0,9.938099901773967e-05,0.19094181060791016,True
2440,71,0.0,0.00010637100058374926,0.19094181060791016,True
2441,69,0.0,9.590799891157076e-05,0.19094181060791016,True
2442,1,0.0,0.000101960999018047,0.1910257339477539,True
2443,86,0.08571428571428574,9.519200102658942e-05,0.19085025787353516,True
2444,46,0.0,9.717499779071659e-05,0.19094181060791016,True
2445,17,0.0,9.887199848890305e-05,0.19094181060791016,True
2446,60,0.0,9.871800284599885e-05,0.19094181060791016,True
2447,17,0.0,0.00011662500037346035,0.19094181060791016,True
2448,52,0.0,9.490500087849796e-05,0.19094181060791016,True
2449,25,0.0,0.0001071680017048493,0.19094181060791016,True
2450,86,0.014285714285714235,9.640799908083864e-05,0.19092655181884766,True
2451,82,0.0,9.564399806549773e-05,0.19094181060791016,True
2452,1,0.0,0.00010179200035054237,0.1910257339477539,True
2453,5,0.0,0.00010708600166253746,0.19094181060791016,True
2454,1,0.0071428571428571175,0.00010997900244547054,0.19101810455322266,True
2455,10,0.0,9.673299791757017e-05,0.19094181060791016,True
2456,5,0.0,9.698600115370937e-05,0.19094181060791016,True
2457,232,0.0071428571428571175,0.00010475400267750956,0.1909341812133789,True
2458,44,0.0,0.00010105299952556379,0.19094181060791016,True
2459,44,0.0,9.914499969454482e-05,0.19094181060791016,True
2460,111,0.014285714285714235,9.789599789655767e-05,0.19092655181884766,True
2461,82,0.0,9.653399683884345e-05,0.19094181060791016,True
2462,193,0.0,0.0001107989992306102,0.19094181060791016,True
2463,125,0.0071428571428571175,0.00011462899783509783,0.1909341812133789,True
2464,17,0.0,9.686799967312254e-05,0.19094181060791016,True
2465,17,0.0,9.869399946182966e-05,0.19094181060791016,True
2466,290,0.0071428571428571175,9.59210010478273e-05,0.1909341812133789,True
2467,100,0.0,9.666900223237462e-05,0.19094181060791016,True
2468,69,0.0,9.720299931359477e-05,0.19094181060791016,True
2469,5,0.0,9.908799984259531e-05,0.19094181060791016,True
2470,70,0.0,9.642800068832003e-05,0.19094181060791016,True
2471,70,0.0071428571428571175,0.00010277100227540359,0.1909341812133789,True
2472,46,0.0071428571428571175,0.00010148200090043247,0.1909341812133789,True
2473,1,0.0,0.00012247399718035012,0.1910257339477539,True
2474,46,0.0,9.581300037098117e-05,0.19094181060791016,True
2475,85,0.0,9.743899863678962e-05,0.19094181060791016,True
2476,259,0.0,9.59210010478273e-05,0.19094181060791016,True
2477,60,0.0,9.641100041335449e-05,0.19094181060791016,True
2478,70,0.0,9.548099842504598e-05,0.19094181060791016,True
2479,35,0.0071428571428571175,9.683999815024436e-05,0.1909341812133789,True
2480,35,0.0071428571428571175,9.557700104778633e-05,0.1909341812133789,True
2481,51,0.0,9.788999886950478e-05,0.19094181060791016,True
2482,82,0.0071428571428571175,0.00010143300096387975,0.1909341812133789,True
2483,52,0.0071428571428571175,9.63080019573681e-05,0.1909341812133789,True
2484,290,0.0,9.878699711407535e-05,0.19094181060791016,True
2485,125,0.0071428571428571175,0.00011713200001395307,0.1909341812133789,True
2486,109,0.0,9.720500020193867e-05,0.19094181060791016,True
2487,57,0.0,0.00011502900088089518,0.19094181060791016,True
2488,5,0.0,9.655200119595975e-05,0.19094181060791016,True
2489,49,0.02857142857142858,9.716800195747055e-05,0.19091129302978516,True
2490,193,0.0,0.00012679800056503154,0.19094181060791016,True
2491,5,0.0,9.79370015556924e-05,0.19094181060791016,True
2492,100,0.0,0.00010538399874349125,0.19094181060791016,True
2493,232,0.0071428571428571175,0.00011271100083831698,0.1909341812133789,True
2494,35,0.014285714285714235,9.672700252849609e-05,0.19092655181884766,True
2495,98,0.0,9.431499711354263e-05,0.19094181060791016,True
2496,17,0.0,0.00011432199971750379,0.19094181060791016,True
2497,25,0.0,9.686799967312254e-05,0.19094181060791016,True
2498,17,0.0,9.543000123812817e-05,0.19094181060791016,True
2499,52,0.0071428571428571175,9.566000153427012e-05,0.1909341812133789,True
2500,22,0.0,9.69339998846408e-05,0.19094181060791016,True
2501,193,0.0,9.621800199965946e-05,0.19094181060791016,True
2502,100,0.0,9.965200297301635e-05,0.19094181060791016,True
2503,86,0.0,9.648899867897853e-05,0.19094181060791016,True
2504,17,0.014285714285714235,0.00010443000064697117,0.19092655181884766,True
2505,44,0.0,9.532100011711009e-05,0.19094181060791016,True
2506,82,0.0,9.783400309970602e-05,0.19094181060791016,True
2507,5,0.0,9.827499889070168e-05,0.19094181060791016,True
2508,233,0.0714285714285714,0.0001281789991480764,0.19086551666259766,True
2509,159,0.0,9.704699914436787e-05,0.19094181060791016,True
2510,139,0.0,9.627199688111432e-05,0.19094181060791016,True
2511,21,0.0071428571428571175,9.720500020193867e-05,0.1909341812133789,True
2512,46,0.0,9.524299821350724e-05,0.19094181060791016,True
2513,35,0.0071428571428571175,9.664000026532449e-05,0.1909341812133789,True
2514,1,0.0,0.00010091800140799023,0.1910257339477539,True
2515,17,0.0,9.59249991865363e-05,0.19094181060791016,True
2516,100,0.0,9.8869000794366e-05,0.19094181060791016,True
2517,98,0.0,9.781200060388073e-05,0.19094181060791016,True
2518,203,0.0,0.00010412100164103322,0.19094181060791016,True
2519,1,0.0071428571428571175,0.00010655500227585435,0.19101810455322266,True
2520,144,0.0714285714285714,0.00010687000030884519,0.19086551666259766,True
2521,35,0.0,0.00010375299825682305,0.19094181060791016,True
2522,102,0.0,9.810600022319704e-05,0.19094181060791016,True
2523,46,0.0,0.00012324999988777563,0.19094181060791016,True
2524,10,0.0071428571428571175,0.00010906099851126783,0.1909799575805664,True
2525,5,0.0,9.693500032881275e-05,0.19094181060791016,True
2526,46,0.0,9.559099999023601e-05,0.19094181060791016,True
2527,35,0.0,9.585399675415829e-05,0.19094181060791016,True
2528,10,0.0,9.998499808716588e-05,0.19098758697509766,True
2529,102,0.0,9.462999878451228e-05,0.19094181060791016,True
2530,17,0.0,9.919299918692559e-05,0.19094181060791016,True
2531,44,0.0,9.546199726173654e-05,0.19094181060791016,True
2532,139,0.0071428571428571175,0.00012487599815358408,0.1909341812133789,True
2533,82,0.0,9.624700032873079e-05,0.19094181060791016,True
2534,35,0.0,9.595799929229543e-05,0.19094181060791016,True
2535,17,0.0071428571428571175,9.693900210550055e-05,0.1909341812133789,True
2536,10,0.0,9.889200009638444e-05,0.19094181060791016,True
2537,203,0.0,9.640599819249474e-05,0.19094181060791016,True
2538,102,0.0071428571428571175,9.627599865780212e-05,0.1909341812133789,True
2539,139,0.0071428571428571175,0.00011754899969673716,0.1909341812133789,True
2540,139,0.0071428571428571175,9.97320021269843e-05,0.1909341812133789,True
2541,44,0.0,9.648900231695734e-05,0.19094181060791016,True
2542,17,0.0071428571428571175,0.00011066899969591759,0.1909341812133789,True
2543,17,0.0,9.642900113249198e-05,0.19094181060791016,True
2544,109,0.0071428571428571175,9.579499965184368e-05,0.1909341812133789,True
2545,21,0.0071428571428571175,9.639199925004505e-05,0.1909341812133789,True
2546,1,0.0,0.00010303599992766976,0.1910257339477539,True
2547,111,0.0,9.560100079397671e-05,0.19094181060791016,True
2548,233,0.0357142857142857,9.601599958841689e-05,0.1909036636352539,True
2549,259,0.0071428571428571175,0.00010036100138677284,0.1909341812133789,True
2550,1,0.0071428571428571175,0.00010450899935676716,0.19101810455322266,True
2551,46,0.0,9.96449998638127e-05,0.19094181060791016,True
2552,232,0.0071428571428571175,9.602600039215758e-05,0.1909341812133789,True
2553,52,0.0,9.486899944022298e-05,0.19094181060791016,True
2554,86,0.0,9.571500049787574e-05,0.19094181060791016,True
2555,52,0.0,9.529600356472656e-05,0.19094181060791016,True
2556,1,0.0,0.00010198900054092519,0.1910257339477539,True
2557,1,0.0,0.0001044550008373335,0.1910257339477539,True
2558,139,0.0,9.829299960983917e-05,0.19094181060791016,True
2559,17,0.0,9.638599658501334e-05,0.19094181060791016,True
2560,10,0.0,0.00010061699867947027,0.19098758697509766,True
2561,193,0.0,0.00010029599798144773,0.19094181060791016,True
2562,57,0.0,9.579299876349978e-05,0.19094181060791016,True
2563,82,0.0,9.596399831934832e-05,0.19094181060791016,True
2564,272,0.050000000000000044,0.0001070119978976436,0.1908884048461914,True
2565,5,0.0,9.745299757923931e-05,0.19094181060791016,True
2566,52,0.0071428571428571175,0.00012260400035302155,0.1909341812133789,True
2567,1,0.0,0.00011489399912534282,0.1910257339477539,True
2568,159,0.0,9.520800085738301e-05,0.19094181060791016,True
2569,137,0.0,0.00010966300033032894,0.19094181060791016,True
2570,46,0.0,9.578200115356594e-05,0.19094181060791016,True
2571,35,0.014285714285714235,9.757199950399809e-05,0.19092655181884766,True
2572,60,0.0,9.705599950393662e-05,0.19094181060791016,True
2573,5,0.0,9.808100003283471e-05,0.19094181060791016,True
2574,25,0.0071428571428571175,9.684199903858826e-05,0.1909341812133789,True
2575,10,0.02857142857142858,9.87130006251391e-05,0.19091129302978516,True
2576,17,0.0,0.00011519100007717498,0.19094181060791016,True
2577,5,0.0,9.952500113286078e-05,0.19094181060791016,True
2578,158,0.0071428571428571175,9.893000242300332e-05,0.1909341812133789,True
2579,10,0.0,0.00010017200111178681,0.19094181060791016,True
2580,17,0.0,0.00011009499939973466,0.19094181060791016,True
2581,134,0.0071428571428571175,9.5290997705888e-05,0.1909341812133789,True
2582,1,0.0,0.00010076499893330038,0.1910257339477539,True
2583,57,0.0071428571428571175,9.565599975758232e-05,0.1909341812133789,True
2584,86,0.0,9.688900172477588e-05,0.19094181060791016,True
2585,5,0.0071428571428571175,9.856999895418994e-05,0.1909341812133789,True
2586,86,0.0,0.00010134200056199916,0.19094181060791016,True
2587,10,0.0,0.00010043200018117204,0.19098758697509766,True
2588,5,0.0071428571428571175,9.888299973681569e-05,0.1909341812133789,True
2589,17,0.0071428571428571175,9.694099935586564e-05,0.1909341812133789,True
2590,35,0.0,9.767099982127547e-05,0.19094181060791016,True
2591,144,0.014285714285714235,0.00010140900121768937,0.19092655181884766,True
2592,46,0.0,0.00010344200200052,0.19094181060791016,True
2593,35,0.0,0.00010844800272025168,0.19094181060791016,True
2594,379,0.08571428571428574,9.898799908114597e-05,0.19085025787353516,False
2595,51,0.0,0.00010163000115426257,0.19094181060791016,True
2596,100,0.0,0.00011957500100834295,0.19094181060791016,True
2597,144,0.0,9.744500130182132e-05,0.19094181060791016,True
2598,5,0.0,9.788399984245189e-05,0.19094181060791016,True
2599,290,0.0071428571428571175,9.654200039221905e-05,0.1909341812133789,True
2600,60,0.0,9.555599899613298e-05,0.19094181060791016,True
2601,137,0.0,9.580600089975633e-05,0.19094181060791016,True
2602,82,0.0071428571428571175,0.00011004699990735389,0.1909341812133789,True
2603,46,0.0,9.546299770590849e-05,0.19094181060791016,True
2604,10,0.0,0.00010070599819300696,0.19098758697509766,True
2605,35,0.014285714285714235,0.00010087999908137135,0.19092655181884766,True
2606,46,0.0,0.00010231299893348478,0.19094181060791016,True
2607,25,0.0,0.00010291400030837394,0.19094181060791016,True
2608,71,0.021428571428571463,9.59940007305704e-05,0.1909189224243164,True
2609,22,0.0071428571428571175,9.761600085766986e-05,0.1909341812133789,True
2610,5,0.0071428571428571175,0.00011058999734814279,0.1909341812133789,True
2611,5,0.0,9.91140004771296e-05,0.19094181060791016,True
2612,134,0.0,0.00012938000145368278,0.19094181060791016,True
2613,232,0.0,0.00012396799866110086,0.19094181060791016,True
2614,44,0.0,0.00013847499940311536,0.19094181060791016,True
2615,259,0.0,0.00010605500210658647,0.19094181060791016,True
2616,139,0.0071428571428571175,9.647899787523784e-05,0.1909341812133789,True
2617,144,0.0,9.71590015979018e-05,0.19094181060791016,True
2618,233,0.05714285714285716,0.00010101799853146076,0.19088077545166016,True
2619,193,0.0,9.611100176698528e-05,0.19094181060791016,True
2620,71,0.0,9.728499935590662e-05,0.19094181060791016,True
2621,35,0.0071428571428571175,9.713599865790457e-05,0.1909341812133789,True
2622,69,0.0,9.740599853103049e-05,0.19094181060791016,True
2623,137,0.0,9.625500024412759e-05,0.19094181060791016,True
2624,233,0.05714285714285716,9.535599747323431e-05,0.19088077545166016,True
2625,137,0.0,0.00010934999954770319,0.19094181060791016,True
2626,5,0.0071428571428571175,9.836099707172252e-05,0.1909341812133789,True
2627,372,0.0,9.42980004765559e-05,0.19094181060791016,True
2628,399,0.0,0.00010625299910316244,0.19094181060791016,True
2629,322,0.0,9.864100138656795e-05,0.19094181060791016,True
2630,322,0.0,9.739899905980565e-05,0.19094181060791016,True
2631,402,0.0,9.587200111127459e-05,0.19094181060791016,True
2632,399,0.0,0.00012048799908370711,0.19094181060791016,True
2633,292,0.0,0.0001002669996523764,0.19094181060791016,True
2634,372,0.0,0.00011086000085924752,0.19094181060791016,True
2635,350,0.0071428571428571175,9.611299901735038e-05,0.1909341812133789,True
2636,322,0.0071428571428571175,9.563799903844483e-05,0.1909341812133789,True
2637,414,0.0,9.574299838277511e-05,0.19094181060791016,True
2638,340,0.0071428571428571175,9.784600115381181e-05,0.1909341812133789,False
2639,308,0.0071428571428571175,9.659900024416856e-05,0.1909341812133789,True
2640,350,0.0071428571428571175,9.566200242261402e-05,0.1909341812133789,True
2641,494,0.0,9.504000263405032e-05,0.19094181060791016,False
2642,399,0.0,9.675799810793251e-05,0.19094181060791016,True
2643,350,0.0,9.71649969869759e-05,0.19094181060791016,True
2644,350,0.0,9.660800060373731e-05,0.19094181060791016,True
2645,292,0.0,9.760600005392917e-05,0.19094181060791016,True
2646,402,0.0,0.00011932099732803181,0.19094181060791016,True
2647,371,0.0071428571428571175,9.699400106910616e-05,0.1909341812133789,True
2648,292,0.0,9.796099766390398e-05,0.19094181060791016,True
2649,292,0.0,0.00010077399929286912,0.19094181060791016,True
2650,332,0.0,9.619499905966222e-05,0.19094181060791016,True
2651,292,0.0,0.00010075400132336654,0.19094181060791016,True
2652,332,0.0071428571428571175,0.0006922430002305191,0.1909341812133789,False
2653,350,0.0,9.587200111127459e-05,0.19094181060791016,True
2654,292,0.0,9.95030022750143e-05,0.19094181060791016,True
2655,292,0.0,0.00012796999726560898,0.19094181060791016,True
2656,292,0.0,0.00011563700172700919,0.19094181060791016,True
2657,292,0.0,0.00011831000301754102,0.19094181060791016,True
2658,409,0.042857142857142816,9.565000073052943e-05,0.19089603424072266,True
2659,292,0.0,0.0001108149990614038,0.19094181060791016,True
2660,417,0.0,9.440199937671423e-05,0.19094181060791016,True
2661,102,0.02857142857142858,0.00010783100151456892,0.19091129302978516,False
2662,1,0.15000000000000002,9.947099897544831e-05,0.19086551666259766,False
2663,421,0.042857142857142816,9.452800077269785e-05,0.19089603424072266,False
2664,308,0.0,9.649300045566633e-05,0.19094181060791016,True
2665,245,0.014285714285714235,9.848899935605004e-05,0.19092655181884766,False
2666,399,0.0,9.579200195730664e-05,0.19094181060791016,True
2667,372,0.0,9.524200140731409e-05,0.19094181060791016,True
2668,427,0.0,9.495699850958772e-05,0.19094181060791016,True
2669,417,0.0,0.0001086369993572589,0.19094181060791016,True
2670,372,0.0,0.0001066290024027694,0.19094181060791016,True
2671,414,0.0,0.00011244500274187885,0.19094181060791016,True
2672,371,0.0071428571428571175,9.706800119602121e-05,0.1909341812133789,True
2673,350,0.0,9.610000051907264e-05,0.19094181060791016,True
2674,371,0.0071428571428571175,0.00012812900240533054,0.1909341812133789,True
2675,358,0.0,9.718200089992024e-05,0.19094181060791016,True
2676,399,0.0,9.899100041366182e-05,0.19094181060791016,True
2677,372,0.0,0.00011573600204428658,0.19094181060791016,True
2678,305,0.0,0.00011222600005567074,0.19094181060791016,True
2679,292,0.0,9.690099977888167e-05,0.19094181060791016,True
2680,399,0.0,9.594400034984574e-05,0.19094181060791016,True
2681,494,0.0,9.523199696559459e-05,0.19094181060791016,False
2682,371,0.0071428571428571175,9.788100214791484e-05,0.1909341812133789,True
2683,399,0.0,9.638100164011121e-05,0.19094181060791016,True
2684,137,0.042857142857142816,9.476099876337685e-05,0.19089603424072266,False
2685,340,0.08571428571428574,9.540300015942194e-05,0.19085025787353516,True
2686,295,0.15000000000000002,9.40449972404167e-05,0.1907815933227539,True
2687,494,0.0,0.00011339099728502333,0.19094181060791016,False
2688,494,0.0,9.473400132264942e-05,0.19094181060791016,False
2689,372,0.0,9.653300003265031e-05,0.19094181060791016,True
2690,371,0.0,9.59270000748802e-05,0.19094181060791016,True
2691,308,0.0,9.570800102665089e-05,0.19094181060791016,True
2692,399,0.0,0.00017049100279109553,0.19094181060791016,True
2693,399,0.0,0.00011874300253111869,0.19094181060791016,True
2694,366,0.021428571428571463,9.813299766392447e-05,0.1909189224243164,True
2695,371,0.0,0.00010180400204262696,0.19094181060791016,True
2696,371,0.0071428571428571175,0.00011988500045845285,0.1909341812133789,True
2697,379,0.014285714285714235,9.697499990579672e-05,0.19092655181884766,True
2698,409,0.0,9.564699939801358e-05,0.19094181060791016,True
2699,371,0.0071428571428571175,9.466499977861531e-05,0.1909341812133789,True
2700,158,0.021428571428571463,9.609300104784779e-05,0.1909189224243164,False
2701,292,0.0,9.814900113269687e-05,0.19094181060791016,True
2702,340,0.0071428571428571175,0.00013923799997428432,0.1909341812133789,True
2703,370,0.0,9.596900054020807e-05,0.19094181060791016,True
2704,308,0.0071428571428571175,0.00011349999840604141,0.1909341812133789,True
2705,439,0.0,9.534499986330047e-05,0.19094181060791016,True
2706,308,0.0,9.635400056140497e-05,0.19094181060791016,True
2707,308,0.0,0.00010894400111283176,0.19094181060791016,True
2708,35,0.05714285714285716,0.00010197799929301254,0.19088077545166016,False
2709,272,0.15714285714285714,9.494800178799778e-05,0.19077396392822266,False
2710,259,0.042857142857142816,9.599699842510745e-05,0.19089603424072266,False
2711,487,0.0357142857142857,9.74750000750646e-05,0.1909036636352539,False
2712,209,0.09999999999999998,0.00020524800129351206,0.19083499908447266,False
2713,372,0.0,0.00017629700232646428,0.19094181060791016,True
2714,340,0.0357142857142857,9.579799734638073e-05,0.1909036636352539,True
2715,295,0.13571428571428568,9.442400187253952e-05,0.1907968521118164,False
2716,49,0.1071428571428571,9.849900015979074e-05,0.1908273696899414,False
2717,399,0.0,9.533100092085078e-05,0.19094181060791016,True
2718,402,0.0,0.000103446000139229,0.19094181060791016,True
2719,462,0.0,0.00011579499914660119,0.19094181060791016,True
2720,308,0.0071428571428571175,0.00010062000001198612,0.1909341812133789,True
2721,292,0.0,9.692100138636306e-05,0.19094181060791016,True
2722,340,0.0,9.65309991443064e-05,0.19094181060791016,True
2723,421,0.0071428571428571175,9.561399929225445e-05,0.1909341812133789,True
2724,292,0.0071428571428571175,0.00012428999980329536,0.1909341812133789,True
2725,340,0.0071428571428571175,9.905899787554517e-05,0.1909341812133789,True
2726,340,0.014285714285714235,9.655200119595975e-05,0.19092655181884766,True
2727,292,0.0,0.00010920999920926988,0.19094181060791016,True
2728,340,0.06428571428571428,9.88669999060221e-05,0.1908731460571289,True
2729,292,0.0,0.00010069999916595407,0.19094181060791016,True
2730,399,0.0,9.712900282465853e-05,0.19094181060791016,True
2731,1,0.014285714285714235,0.0001003500001388602,0.1910104751586914,False
2732,25,0.0357142857142857,9.718000001157634e-05,0.1909036636352539,False
2733,371,0.0,0.00010119899889105,0.19094181060791016,True
2734,323,0.0071428571428571175,9.52219997998327e-05,0.1909341812133789,True
2735,456,0.0,9.674600005382672e-05,0.19094181060791016,True
2736,381,0.11428571428571432,0.00010272900181007572,0.19081974029541016,True
2737,323,0.0,0.00011187400014023297,0.19094181060791016,True
2738,414,0.0,9.604899969417602e-05,0.19094181060791016,True
2739,371,0.0071428571428571175,9.67029991443269e-05,0.1909341812133789,True
2740,340,0.0,9.757299994817004e-05,0.19094181060791016,True
2741,350,0.0,9.618900003260933e-05,0.19094181060791016,True
2742,414,0.0,9.557899829815142e-05,0.19094181060791016,True
2743,427,0.0071428571428571175,9.873200178844854e-05,0.1909341812133789,True
2744,379,0.0071428571428571175,9.524699999019504e-05,0.1909341812133789,True
2745,366,0.0071428571428571175,0.00011155500033055432,0.1909341812133789,True
2746,305,0.0071428571428571175,9.891300214803778e-05,0.1909341812133789,True
2747,414,0.0071428571428571175,0.00010042600115411915,0.1909341812133789,True
2748,340,0.0,9.705699994810857e-05,0.19094181060791016,True
2749,323,0.0,0.00011115600136690773,0.19094181060791016,True
2750,137,0.02857142857142858,9.710599988466129e-05,0.19091129302978516,False
2751,460,0.09999999999999998,9.719000081531703e-05,0.19083499908447266,True
2752,417,0.050000000000000044,9.547599984216504e-05,0.1908884048461914,True
2753,9,0.042857142857142816,9.635700189392082e-05,0.19089603424072266,False
2754,308,0.0071428571428571175,0.0001117469983000774,0.1909341812133789,True
2755,372,0.0,0.00011516700033098459,0.19094181060791016,True
2756,372,0.0,9.530399984214455e-05,0.19094181060791016,True
2757,399,0.0,0.00010411199764348567,0.19094181060791016,True
2758,371,0.0071428571428571175,9.640699863666669e-05,0.1909341812133789,True
2759,371,0.0071428571428571175,9.52299997152295e-05,0.1909341812133789,True
2760,350,0.0071428571428571175,9.691900049801916e-05,0.1909341812133789,True
2761,308,0.0,9.742100155563094e-05,0.19094181060791016,True
2762,371,0.0071428571428571175,9.841199789661914e-05,0.1909341812133789,True
2763,358,0.0071428571428571175,9.752000187290832e-05,0.1909341812133789,True
2764,366,0.0,9.589000183041207e-05,0.19094181060791016,True
2765,399,0.0,9.777399827726185e-05,0.19094181060791016,True
2766,399,0.0,9.566800144966692e-05,0.19094181060791016,True
2767,85,0.0071428571428571175,9.586400119587779e-05,0.1909341812133789,False
2768,379,0.021428571428571463,9.563799903844483e-05,0.1909189224243164,True
2769,358,0.0,9.740899986354634e-05,0.19094181060791016,True
2770,399,0.0,9.749699893291108e-05,0.19094181060791016,True
2771,295,0.0,9.69360007729847e-05,0.19094181060791016,True
2772,371,0.0071428571428571175,9.724700066726655e-05,0.1909341812133789,True
2773,399,0.0,0.00010366300193709321,0.19094181060791016,True
2774,462,0.0,9.589399996912107e-05,0.19094181060791016,True
2775,456,0.014285714285714235,0.00011178199929418042,0.19092655181884766,True
2776,427,0.0071428571428571175,9.929299994837493e-05,0.1909341812133789,False
2777,85,0.014285714285714235,0.00010602199836284854,0.19092655181884766,False
2778,371,0.0071428571428571175,9.973399937734939e-05,0.1909341812133789,True
2779,494,0.0,9.687700003269129e-05,0.19094181060791016,False
2780,462,0.0,9.579299876349978e-05,0.19094181060791016,True
2781,295,0.0071428571428571175,0.00010568200013949536,0.1909341812133789,True
2782,399,0.0,9.95720001810696e-05,0.19094181060791016,True
2783,292,0.0,9.817899990594015e-05,0.19094181060791016,True
2784,49,0.021428571428571463,9.787100134417415e-05,0.1909189224243164,False
2785,462,0.0,0.00010870500045712106,0.19094181060791016,True
2786,399,0.0,9.520499952486716e-05,0.19094181060791016,True
2787,292,0.0,0.00011025100320694037,0.19094181060791016,True
2788,372,0.0,9.85549995675683e-05,0.19094181060791016,True
2789,431,0.0,9.447599950362928e-05,0.19094181060791016,True
2790,295,0.0,9.737000073073432e-05,0.19094181060791016,True
2791,399,0.0,9.60120014497079e-05,0.19094181060791016,True
2792,292,0.0,9.80220029305201e-05,0.19094181060791016,True
2793,399,0.0,9.657500049797818e-05,0.19094181060791016,True
2794,474,0.0071428571428571175,9.912300083669834e-05,0.1909341812133789,True
2795,332,0.0,0.00010697300240281038,0.19094181060791016,True
2796,371,0.0,9.702399984234944e-05,0.19094181060791016,True
2797,379,0.014285714285714235,9.562299965182319e-05,0.19092655181884766,False
2798,494,0.0071428571428571175,0.00010391300020273775,0.1909341812133789,False
2799,292,0.0,0.00010256499808747321,0.19094181060791016,True
2800,292,0.0,0.00012095299825887196,0.19094181060791016,True
2801,399,0.0,9.576100273989141e-05,0.19094181060791016,True
2802,9,0.02857142857142858,9.66139996307902e-05,0.19091129302978516,False
2803,292,0.0,0.00010310899961041287,0.19094181060791016,True
2804,49,0.014285714285714235,9.94200017885305e-05,0.19092655181884766,False
2805,350,0.0071428571428571175,0.0001495649994467385,0.1909341812133789,True
2806,332,0.0,0.00014744999862159602,0.19094181060791016,False
2807,322,0.0,0.00011456799984443933,0.19094181060791016,False
2808,372,0.0,0.00010111699884873815,0.19094181060791016,True
2809,460,0.0,9.769299867912196e-05,0.19094181060791016,True
2810,399,0.014285714285714235,9.687100100563839e-05,0.19092655181884766,True
2811,292,0.0,0.00011082699711550958,0.19094181060791016,True
2812,292,0.0,9.936499918694608e-05,0.19094181060791016,True
2813,417,0.050000000000000044,9.560000034980476e-05,0.1908884048461914,False
2814,60,0.07857142857142863,9.742200199980289e-05,0.1908578872680664,False
2815,477,0.09285714285714286,9.978199886973016e-05,0.1908426284790039,False
2816,292,0.0,0.00010093600212712772,0.19094181060791016,True
2817,292,0.0,0.00010409300011815503,0.19094181060791016,True
2818,462,0.0,9.570099791744724e-05,0.19094181060791016,True
2819,322,0.0071428571428571175,9.602899808669463e-05,0.1909341812133789,True
2820,414,0.021428571428571463,9.790400144993328e-05,0.1909189224243164,True
2821,372,0.0,9.784899884834886e-05,0.19094181060791016,True
2822,292,0.0,9.839300037128851e-05,0.19094181060791016,False
2823,414,0.0,0.0003650309990916867,0.19094181060791016,True
2824,481,0.0357142857142857,0.00010193299749516882,0.1909036636352539,False
2825,462,0.0,9.565199798089452e-05,0.19094181060791016,True
2826,292,0.0,0.00010287199984304607,0.19094181060791016,True
2827,292,0.0,9.826300083659589e-05,0.19094181060791016,True
2828,402,0.0071428571428571175,9.516900172457099e-05,0.1909341812133789,True
2829,322,0.0,0.00011179699868080206,0.19094181060791016,True
2830,9,0.042857142857142816,9.681899973656982e-05,0.19089603424072266,False
2831,145,0.09999999999999998,9.604800288798288e-05,0.19083499908447266,False
2832,399,0.0,0.000105925999378087,0.19094181060791016,True
2833,322,0.0,9.673699969425797e-05,0.19094181060791016,False
2834,402,0.0,9.609300104784779e-05,0.19094181060791016,True
2835,399,0.0,0.00011840200022561476,0.19094181060791016,True
2836,322,0.0,9.763299749465659e-05,0.19094181060791016,False
2837,402,0.014285714285714235,9.763600246515125e-05,0.19092655181884766,True
2838,305,0.0071428571428571175,9.774200225365348e-05,0.1909341812133789,True
2839,371,0.0071428571428571175,9.793599747354165e-05,0.1909341812133789,True
2840,371,0.0,0.0001057820009009447,0.19094181060791016,True
2841,439,0.0,9.564799984218553e-05,0.19094181060791016,True
2842,358,0.0071428571428571175,9.760800094227307e-05,0.1909341812133789,True
2843,399,0.0,9.656900147092529e-05,0.19094181060791016,True
2844,9,0.0071428571428571175,9.60040015343111e-05,0.1909341812133789,False
2845,371,0.0071428571428571175,9.87960011116229e-05,0.1909341812133789,True
2846,371,0.0071428571428571175,9.562600098433904e-05,0.1909341812133789,True
2847,350,0.0071428571428571175,9.612599751562811e-05,0.1909341812133789,True
2848,358,0.014285714285714235,9.666199912317097e-05,0.19092655181884766,True
2849,308,0.0071428571428571175,0.0001039909984683618,0.1909341812133789,True
2850,358,0.0,0.00011316699965391308,0.19094181060791016,True
2851,85,0.021428571428571463,0.00013458399916999042,0.1909189224243164,False
2852,439,0.0,9.567899905960076e-05,0.19094181060791016,True
2853,456,0.0,9.65510007517878e-05,0.19094181060791016,True
2854,308,0.0071428571428571175,0.0001004900004772935,0.1909341812133789,True
2855,98,0.0071428571428571175,9.719199806568213e-05,0.1909341812133789,False
2856,487,0.02857142857142858,9.767799929250032e-05,0.19091129302978516,True
2857,308,0.021428571428571463,0.00010665800073184073,0.1909189224243164,True
2858,366,0.014285714285714235,9.635500100557692e-05,0.19092655181884766,True
2859,308,0.0,9.703300020191818e-05,0.19094181060791016,True
2860,402,0.0,9.471299927099608e-05,0.19094181060791016,True
2861,308,0.0071428571428571175,9.720500020193867e-05,0.1909341812133789,True
2862,399,0.0,0.00010802399992826395,0.19094181060791016,True
2863,350,0.0071428571428571175,9.673099702922627e-05,0.1909341812133789,True
2864,399,0.0,0.00011333700240356848,0.19094181060791016,True
2865,372,0.0071428571428571175,0.00010132799798157066,0.1909341812133789,True
2866,350,0.0,9.569499889039434e-05,0.19094181060791016,True
2867,322,0.0,9.628200132283382e-05,0.19094181060791016,True
2868,399,0.0,0.00011103200085926801,0.19094181060791016,True
2869,372,0.0,9.850700007518753e-05,0.19094181060791016,True
2870,350,0.0071428571428571175,0.00010377699800301343,0.1909341812133789,True
2871,308,0.0,9.625500024412759e-05,0.19094181060791016,True
2872,9,0.014285714285714235,0.00011605499821598642,0.19092655181884766,False
2873,350,0.0,0.00010378800288890488,0.19094181060791016,True
2874,292,0.0,9.687400233815424e-05,0.19094181060791016,True
2875,487,0.014285714285714235,9.573900024406612e-05,0.19092655181884766,True
2876,399,0.0,0.00010181000106967986,0.19094181060791016,True
2877,417,0.014285714285714235,9.542599946144037e-05,0.19092655181884766,True
2878,487,0.0071428571428571175,9.602300269762054e-05,0.1909341812133789,False
2879,295,0.0071428571428571175,0.0001129869997384958,0.1909341812133789,True
2880,399,0.0,9.626400060369633e-05,0.19094181060791016,True
2881,402,0.0071428571428571175,9.640599819249474e-05,0.1909341812133789,True
2882,9,0.02857142857142858,9.650900028645992e-05,0.19091129302978516,False
2883,332,0.0071428571428571175,9.677100024418905e-05,0.1909341812133789,True
2884,292,0.0071428571428571175,9.679600043455139e-05,0.1909341812133789,True
2885,292,0.0,9.597299867891707e-05,0.19094181060791016,True
2886,393,0.0071428571428571175,0.00010905499948421493,0.1909341812133789,True
2887,322,0.0,9.493599645793438e-05,0.19094181060791016,True
2888,292,0.0,9.634800153435208e-05,0.19094181060791016,True
2889,402,0.0,9.457899795961566e-05,0.19094181060791016,True
2890,498,0.042857142857142816,0.00010547900092205964,0.19089603424072266,True
2891,340,0.050000000000000044,9.719299850985408e-05,0.1908884048461914,True
2892,111,0.17142857142857137,9.564599895384163e-05,0.19075870513916016,False
2893,372,0.0,0.00011301600170554593,0.19094181060791016,True
2894,427,0.0,9.543399937683716e-05,0.19094181060791016,True
2895,350,0.0,9.562799823470414e-05,0.19094181060791016,True
2896,350,0.0071428571428571175,9.819800106924959e-05,0.1909341812133789,True
2897,371,0.0,9.575300282449462e-05,0.19094181060791016,True
2898,332,0.0071428571428571175,9.943700206349604e-05,0.1909341812133789,True
2899,340,0.0,9.643600060371682e-05,0.19094181060791016,True
2900,399,0.0071428571428571175,9.608899927115999e-05,0.1909341812133789,True
2901,371,0.0,0.00010463099897606298,0.19094181060791016,True
2902,350,0.0071428571428571175,9.678799688117579e-05,0.1909341812133789,True
2903,358,0.0,9.631700231693685e-05,0.19094181060791016,True
2904,456,0.0,0.00011065000217058696,0.19094181060791016,True
2905,371,0.0071428571428571175,0.00010394799755886197,0.1909341812133789,True
2906,372,0.0,9.906000195769593e-05,0.19094181060791016,True
2907,308,0.0071428571428571175,9.516200225334615e-05,0.1909341812133789,True
2908,481,0.0,9.861199941951782e-05,0.19094181060791016,False
2909,402,0.0,9.677700290922076e-05,0.19094181060791016,True
2910,295,0.014285714285714235,9.832100113271736e-05,0.19092655181884766,True
2911,462,0.0,9.531199975754134e-05,0.19094181060791016,True
2912,487,0.0,9.700000009615906e-05,0.19094181060791016,True
2913,9,0.0071428571428571175,0.000118962001579348,0.1909341812133789,False
2914,358,0.021428571428571463,9.878499986371025e-05,0.1909189224243164,True
2915,9,0.0,0.0001056300025084056,0.19094181060791016,False
2916,358,0.0,0.000112363002699567,0.19094181060791016,True
2917,358,0.0071428571428571175,9.625299935578369e-05,0.1909341812133789,True
2918,399,0.0,9.497600331087597e-05,0.19094181060791016,True
2919,456,0.0,9.543600026518106e-05,0.19094181060791016,True
2920,414,0.0071428571428571175,0.00011711200204445049,0.1909341812133789,True
2921,358,0.0,0.00010856700100703165,0.19094181060791016,True
2922,366,0.0,9.456799671170302e-05,0.19094181060791016,True
2923,399,0.0071428571428571175,9.757999941939488e-05,0.1909341812133789,True
2924,350,0.0071428571428571175,9.630299973650835e-05,0.1909341812133789,True
2925,379,0.0,9.495199992670678e-05,0.19094181060791016,True
2926,335,0.0357142857142857,9.48310007515829e-05,0.1909036636352539,False
2927,9,0.021428571428571463,9.580600089975633e-05,0.1909189224243164,False
2928,25,0.02857142857142858,0.00010242300049867481,0.19091129302978516,False
2929,110,0.09999999999999998,9.4449998869095e-05,0.19083499908447266,False
2930,145,0.23571428571428577,0.00010464300066814758,0.1906900405883789,False
2931,487,0.014285714285714235,9.875000250758603e-05,0.19092655181884766,False
2932,477,0.042857142857142816,9.525100176688284e-05,0.19089603424072266,True
2933,402,0.0,9.651100117480382e-05,0.19094181060791016,True
2934,308,0.0,0.00013467200187733397,0.19094181060791016,True
2935,417,0.050000000000000044,9.9634999060072e-05,0.1908884048461914,False
2936,144,0.05714285714285716,9.85489969025366e-05,0.19088077545166016,False
2937,358,0.0,0.00010521100193727762,0.19094181060791016,True
2938,372,0.0,9.595300070941448e-05,0.19094181060791016,True
2939,308,0.0,9.484200199949555e-05,0.19094181060791016,True
2940,421,0.0071428571428571175,9.574499927111901e-05,0.1909341812133789,False
2941,323,0.0,9.590999979991466e-05,0.19094181060791016,True
2942,372,0.0,9.595200026524253e-05,0.19094181060791016,True
2943,9,0.0,9.481099914410152e-05,0.19094181060791016,False
2944,399,0.0,9.619300180929713e-05,0.19094181060791016,True
2945,323,0.0,0.00013208999735070392,0.19094181060791016,True
2946,399,0.0,9.885799954645336e-05,0.19094181060791016,True
2947,292,0.0,9.77810013864655e-05,0.19094181060791016,True
2948,372,0.0,9.535199933452532e-05,0.19094181060791016,True
2949,308,0.0,9.63220008998178e-05,0.19094181060791016,True
2950,402,0.0071428571428571175,9.660499927122146e-05,0.1909341812133789,False
2951,417,0.0071428571428571175,9.52320006035734e-05,0.1909341812133789,False
2952,350,0.0,0.0001584940000611823,0.19094181060791016,True
2953,439,0.0,9.485800183028914e-05,0.19094181060791016,False
2954,358,0.0071428571428571175,0.0001159290004579816,0.1909341812133789,True
2955,427,0.0,9.503600085736252e-05,0.19094181060791016,True
2956,9,0.0,9.73979986156337e-05,0.19094181060791016,False
2957,292,0.0,9.656300244387239e-05,0.19094181060791016,False
2958,372,0.0,9.710499944048934e-05,0.19094181060791016,True
2959,9,0.02857142857142858,9.577899982105009e-05,0.19091129302978516,False
2960,371,0.0071428571428571175,0.00011073499990743585,0.1909341812133789,True
2961,308,0.0,0.00011154199819429778,0.19094181060791016,True
2962,379,0.0071428571428571175,0.00010637300147209316,0.1909341812133789,True
2963,399,0.0,0.00011340699711581692,0.19094181060791016,True
2964,358,0.0071428571428571175,0.00011161300062667578,0.1909341812133789,True
2965,439,0.0,9.583299834048375e-05,0.19094181060791016,True
2966,335,0.0071428571428571175,0.00010043400106951594,0.1909341812133789,True
2967,340,0.0071428571428571175,9.677300113253295e-05,0.1909341812133789,True
2968,358,0.0,9.598199903848581e-05,0.19094181060791016,True
2969,402,0.0071428571428571175,0.00028088099861633964,0.1909341812133789,False
2970,456,0.0,9.620499986340292e-05,0.19094181060791016,True
2971,402,0.0071428571428571175,9.820999912335537e-05,0.1909341812133789,False
2972,381,0.08571428571428574,9.567499728291295e-05,0.19085025787353516,True
2973,379,0.0,9.773399870027788e-05,0.19094181060791016,True
2974,414,0.0,9.768400195753202e-05,0.19094181060791016,True
2975,308,0.0,9.709100049803965e-05,0.19094181060791016,True
2976,371,0.0,9.559300087857991e-05,0.19094181060791016,True
2977,371,0.0071428571428571175,9.462199886911549e-05,0.1909341812133789,False
2978,323,0.0,9.695900007500313e-05,0.19094181060791016,True
2979,198,0.0357142857142857,9.588900138624012e-05,0.1909036636352539,False
2980,372,0.0,9.595500159775838e-05,0.19094181060791016,True
2981,295,0.0071428571428571175,9.957899965229444e-05,0.1909341812133789,True
2982,308,0.0,9.595099982107058e-05,0.19094181060791016,True
2983,358,0.0,9.584100189385936e-05,0.19094181060791016,True
2984,427,0.0071428571428571175,9.502099783276208e-05,0.1909341812133789,False
2985,323,0.0,9.628500265534967e-05,0.19094181060791016,True
2986,305,0.0,9.651200161897577e-05,0.19094181060791016,True
2987,305,0.0,9.881399819278158e-05,0.19094181060791016,True
2988,366,0.0,0.00010983000174746849,0.19094181060791016,True
2989,308,0.0,9.597499956726097e-05,0.19094181060791016,True
2990,332,0.0,0.00010356200073147193,0.19094181060791016,True
2991,358,0.0,0.00010315400140825659,0.19094181060791016,True
2992,379,0.0071428571428571175,9.88020001386758e-05,0.1909341812133789,True
2993,366,0.021428571428571463,0.00010484700032975525,0.1909189224243164,False
2994,340,0.0071428571428571175,9.842000144999474e-05,0.1909341812133789,True
2995,371,0.0,0.00010996099808835424,0.19094181060791016,True
2996,371,0.0,9.570999827701598e-05,0.19094181060791016,True
2997,308,0.0,9.601099736755714e-05,0.19094181060791016,True
2998,332,0.0071428571428571175,9.599300028639846e-05,0.1909341812133789,False
2999,332,0.0,9.852500079432502e-05,0.19094181060791016,False
3000,308,0.0,0.0001003460020001512,0.19094181060791016,True
3001,402,0.0,9.480500011704862e-05,0.19094181060791016,True
3002,414,0.0,9.60689976636786e-05,0.19094181060791016,True
3003,136,0.15714285714285714,0.0001167170012195129,0.19077396392822266,False
3004,372,0.0,9.529999806545675e-05,0.19094181060791016,True
3005,372,0.0,9.596699965186417e-05,0.19094181060791016,True
3006,292,0.0,9.810499977902509e-05,0.19094181060791016,True
3007,292,0.0,9.691200102679431e-05,0.19094181060791016,True
3008,372,0.0,9.605800005374476e-05,0.19094181060791016,True
3009,372,0.0,9.572899944032542e-05,0.19094181060791016,True
3010,399,0.0,9.52970003709197e-05,0.19094181060791016,True
3011,308,0.0,0.00010397799997008406,0.19094181060791016,True
3012,372,0.0,9.514200064586475e-05,0.19094181060791016,True
3013,305,0.0,0.00010451699927216396,0.19094181060791016,True
3014,305,0.0,9.63950005825609e-05,0.19094181060791016,True
3015,371,0.0071428571428571175,9.502700049779378e-05,0.1909341812133789,True
3016,439,0.0,0.0001168550006696023,0.19094181060791016,True
3017,439,0.0,0.00010483000005478971,0.19094181060791016,True
3018,305,0.0,0.00010498099800315686,0.19094181060791016,True
3019,381,0.08571428571428574,0.00011071100016124547,0.19085025787353516,True
3020,358,0.0071428571428571175,0.00010283700248692185,0.1909341812133789,True
3021,308,0.0,0.00011777700274251401,0.19094181060791016,True
3022,370,0.0,9.756199870025739e-05,0.19094181060791016,True
3023,399,0.0,9.548199886921793e-05,0.19094181060791016,True
3024,292,0.0071428571428571175,0.00010078600098495372,0.1909341812133789,True
3025,292,0.0,9.933199908118695e-05,0.19094181060791016,True
3026,427,0.0,0.00011584899766603485,0.19094181060791016,True
3027,414,0.0071428571428571175,9.670899817137979e-05,0.1909341812133789,True
3028,308,0.0071428571428571175,9.522899927105755e-05,0.1909341812133789,True
3029,364,0.0,0.00010006600132328458,0.19094181060791016,True
3030,308,0.0071428571428571175,9.686400153441355e-05,0.1909341812133789,True
3031,350,0.0,9.663099990575574e-05,0.19094181060791016,True
3032,381,0.06428571428571428,9.5444996986771e-05,0.1908731460571289,True
3033,409,0.050000000000000044,9.981000039260834e-05,0.1908884048461914,False
3034,372,0.0,9.521399988443591e-05,0.19094181060791016,True
3035,399,0.0,9.871400106931105e-05,0.19094181060791016,True
3036,292,0.0,9.732199760037474e-05,0.19094181060791016,True
3037,371,0.0,9.551100083626807e-05,0.19094181060791016,True
3038,372,0.0,0.00011128799815196544,0.19094181060791016,True
3039,305,0.014285714285714235,0.00010070799908135086,0.19092655181884766,False
3040,419,0.042857142857142816,9.485799819231033e-05,0.19089603424072266,True
3041,371,0.0,9.498100189375691e-05,0.19094181060791016,True
3042,379,0.0071428571428571175,9.706800119602121e-05,0.1909341812133789,True
3043,366,0.021428571428571463,9.91910019365605e-05,0.1909189224243164,False
3044,322,0.0,0.00010921500143012963,0.19094181060791016,True
3045,372,0.0,9.526399662718177e-05,0.19094181060791016,True
3046,381,0.07857142857142863,9.704400144983083e-05,0.1908578872680664,True
3047,371,0.0,9.557300290907733e-05,0.19094181060791016,True
3048,402,0.0,9.646100079407915e-05,0.19094181060791016,True
3049,102,0.021428571428571463,9.967400183086284e-05,0.1909189224243164,False
3050,308,0.0,9.596499876352027e-05,0.19094181060791016,True
3051,323,0.0,9.425899770576507e-05,0.19094181060791016,True
3052,292,0.0,9.806700109038502e-05,0.19094181060791016,True
3053,308,0.0,0.00010564499825704843,0.19094181060791016,True
3054,340,0.0071428571428571175,9.83949976216536e-05,0.1909341812133789,True
3055,350,0.0,9.702800161903724e-05,0.19094181060791016,True
3056,49,0.06428571428571428,9.712899918667972e-05,0.1908731460571289,False
3057,292,0.0071428571428571175,0.00010239199764328077,0.1909341812133789,True
3058,308,0.0,0.00028228099836269394,0.19094181060791016,True
3059,292,0.0,0.0001465070017729886,0.19094181060791016,True
3060,292,0.0,0.00010557499990682118,0.19094181060791016,True
3061,332,0.014285714285714235,9.995000073104165e-05,0.19092655181884766,False
3062,402,0.0071428571428571175,0.00010331199882784858,0.1909341812133789,False
3063,350,0.0,9.700599912321195e-05,0.19094181060791016,True
3064,323,0.0,9.500799933448434e-05,0.19094181060791016,True
3065,292,0.0,9.680999937700108e-05,0.19094181060791016,True
3066,308,0.0,9.667899939813651e-05,0.19094181060791016,True
3067,292,0.0,9.774299905984662e-05,0.19094181060791016,True
3068,417,0.0071428571428571175,9.86259983619675e-05,0.1909341812133789,True
3069,292,0.0,0.0001008220024232287,0.19094181060791016,True
3070,292,0.0,9.951500032912008e-05,0.19094181060791016,True
3071,350,0.0,0.00011627600179053843,0.19094181060791016,True
3072,474,0.014285714285714235,0.00010231299893348478,0.19092655181884766,True
3073,371,0.0,9.674900138634257e-05,0.19094181060791016,True
3074,292,0.0,9.79510004981421e-05,0.19094181060791016,True
3075,332,0.0,0.0001029720006044954,0.19094181060791016,True
3076,439,0.0,9.711999882711098e-05,0.19094181060791016,True
3077,292,0.0,9.692099774838425e-05,0.19094181060791016,True
3078,305,0.0,9.70880028035026e-05,0.19094181060791016,True
3079,323,0.0,9.611899804440327e-05,0.19094181060791016,True
3080,350,0.0,9.632300134398974e-05,0.19094181060791016,True
3081,305,0.0,9.756399958860129e-05,0.19094181060791016,True
3082,292,0.0,9.662799857323989e-05,0.19094181060791016,True
3083,417,0.0071428571428571175,9.580299956724048e-05,0.1909341812133789,True
3084,421,0.0071428571428571175,0.00010512600056244992,0.1909341812133789,False
3085,427,0.0071428571428571175,0.00012304500341997482,0.1909341812133789,True
3086,381,0.0,9.583100109011866e-05,0.19094181060791016,True
3087,305,0.0,9.588299872120842e-05,0.19094181060791016,True
3088,323,0.0,9.521700121695176e-05,0.19094181060791016,True
3089,308,0.0071428571428571175,9.566999870003201e-05,0.1909341812133789,True
3090,295,0.0,9.62310004979372e-05,0.19094181060791016,True
3091,481,0.0071428571428571175,0.00010158900113310665,0.1909341812133789,True
3092,366,0.02857142857142858,9.858300109044649e-05,0.19091129302978516,True
3093,323,0.014285714285714235,9.970199971576221e-05,0.19092655181884766,True
3094,9,0.014285714285714235,9.78660027612932e-05,0.19092655181884766,False
3095,308,0.0,9.706399941933341e-05,0.19094181060791016,True
3096,340,0.0071428571428571175,9.845800013863482e-05,0.1909341812133789,True
3097,414,0.0,9.704300100565888e-05,0.19094181060791016,True
3098,308,0.0071428571428571175,9.814999793889001e-05,0.1909341812133789,True
3099,308,0.0,0.00010318300337530673,0.19094181060791016,True
3100,399,0.0,9.527799920761026e-05,0.19094181060791016,True
3101,323,0.0,9.461100125918165e-05,0.19094181060791016,True
3102,417,0.0,9.506100104772486e-05,0.19094181060791016,True
3103,323,0.0,0.00011634600014076568,0.19094181060791016,True
3104,358,0.0,9.542099724058062e-05,0.19094181060791016,True
3105,350,0.0071428571428571175,0.00011315899973851629,0.1909341812133789,True
3106,308,0.0,9.565100117470138e-05,0.19094181060791016,True
3107,358,0.0,9.606999810785055e-05,0.19094181060791016,True
3108,335,0.0,9.628399857319891e-05,0.19094181060791016,True
3109,292,0.0,9.641900032875128e-05,0.19094181060791016,True
3110,295,0.0,9.927499922923744e-05,0.19094181060791016,True
3111,431,0.0,9.503099863650277e-05,0.19094181060791016,True
3112,292,0.0,9.665200195740908e-05,0.19094181060791016,True
3113,295,0.0,0.00011738499961211346,0.19094181060791016,True
3114,292,0.0,0.0001079360008588992,0.19094181060791016,True
3115,335,0.0,0.0001030730018101167,0.19094181060791016,True
3116,322,0.0071428571428571175,0.00010986499910359271,0.1909341812133789,True
3117,292,0.0,9.689400030765682e-05,0.19094181060791016,True
3118,332,0.0071428571428571175,9.497499922872521e-05,0.1909341812133789,True
3119,292,0.0,9.853600204223767e-05,0.19094181060791016,True
3120,417,0.0,9.549899914418347e-05,0.19094181060791016,True
3121,292,0.0,0.0001000359989120625,0.19094181060791016,True
3122,370,0.021428571428571463,9.482200039201416e-05,0.1909189224243164,True
3123,292,0.0,9.748199954628944e-05,0.19094181060791016,True
3124,292,0.0,9.725500058266334e-05,0.19094181060791016,True
3125,350,0.0,0.00010948500130325556,0.19094181060791016,False
3126,322,0.0,9.749300079420209e-05,0.19094181060791016,True
3127,292,0.0,0.00010008900062530302,0.19094181060791016,True
3128,372,0.0,9.596800009603612e-05,0.19094181060791016,True
3129,350,0.0071428571428571175,9.548799789627083e-05,0.1909341812133789,False
3130,402,0.0,9.69969987636432e-05,0.19094181060791016,True
3131,322,0.0,9.713799954624847e-05,0.19094181060791016,True
3132,402,0.0,9.461900117457844e-05,0.19094181060791016,True
3133,417,0.0,9.490699812886305e-05,0.19094181060791016,True
3134,350,0.0071428571428571175,9.897999916574918e-05,0.1909341812133789,False
3135,431,0.0,9.547000081511214e-05,0.19094181060791016,True
3136,292,0.0,0.00010112900054082274,0.19094181060791016,True
3137,431,0.0,9.601999772712588e-05,0.19094181060791016,True
3138,292,0.0,9.586300075170584e-05,0.19094181060791016,True
3139,399,0.0,9.999999747378752e-05,0.19094181060791016,True
3140,456,0.0,9.648500054026954e-05,0.19094181060791016,False
3141,402,0.0,9.745699935592711e-05,0.19094181060791016,True
3142,402,0.0,9.599899931345135e-05,0.19094181060791016,True
3143,292,0.0071428571428571175,0.00010030799967353232,0.1909341812133789,True
3144,414,0.014285714285714235,9.696900087874383e-05,0.19092655181884766,True
3145,489,0.0,9.55279974732548e-05,0.19094181060791016,False
3146,372,0.0,9.594200309948064e-05,0.19094181060791016,True
3147,371,0.0,0.00010404200293123722,0.19094181060791016,True
3148,292,0.0,9.752100231708027e-05,0.19094181060791016,True
3149,295,0.0,9.920299999066629e-05,0.19094181060791016,True
3150,402,0.0,9.696200140751898e-05,0.19094181060791016,True
3151,399,0.0,0.00011642400204436854,0.19094181060791016,True
3152,409,0.021428571428571463,0.00010378799925092608,0.1909189224243164,True
3153,308,0.0,9.647199840401299e-05,0.19094181060791016,True
3154,340,0.021428571428571463,9.726699863676913e-05,0.1909189224243164,True
3155,308,0.0,9.532900003250688e-05,0.19094181060791016,True
3156,456,0.050000000000000044,0.00010160999954678118,0.1908884048461914,True
3157,381,0.08571428571428574,9.730400051921606e-05,0.19085025787353516,True
3158,379,0.0071428571428571175,9.790300100576133e-05,0.1909341812133789,True
3159,335,0.0,9.620399941923097e-05,0.19094181060791016,True
3160,489,0.0,9.560599937685765e-05,0.19094181060791016,False
3161,399,0.0,0.00010873699648072943,0.19094181060791016,True
3162,335,0.0,9.473599857301451e-05,0.19094181060791016,True
3163,292,0.0,9.597499956726097e-05,0.19094181060791016,True
3164,308,0.0,9.650900028645992e-05,0.19094181060791016,True
3165,399,0.0,9.529000089969486e-05,0.19094181060791016,True
3166,292,0.0071428571428571175,0.0001046899997163564,0.1909341812133789,True
3167,399,0.0,9.580099867889658e-05,0.19094181060791016,True
3168,399,0.0,0.0001035859968396835,0.19094181060791016,True
3169,308,0.0,9.850599963101558e-05,0.19094181060791016,True
3170,399,0.0,9.433599916519597e-05,0.19094181060791016,True
3171,322,0.0071428571428571175,9.647300248616375e-05,0.1909341812133789,True
3172,487,0.050000000000000044,0.00012726199929602444,0.1908884048461914,False
3173,17,0.08571428571428574,9.735699859447777e-05,0.19085025787353516,False
3174,145,0.1428571428571429,9.500699889031239e-05,0.19078922271728516,False
3175,399,0.0071428571428571175,9.988999954657629e-05,0.1909341812133789,True
3176,245,0.02857142857142858,0.00010606100113363937,0.19091129302978516,False
3177,456,0.0,9.696099732536823e-05,0.19094181060791016,True
3178,308,0.0071428571428571175,9.647299884818494e-05,0.1909341812133789,True
3179,350,0.0,9.5211998996092e-05,0.19094181060791016,True
3180,358,0.0,9.855999815044925e-05,0.19094181060791016,True
3181,487,0.0071428571428571175,0.00011065999933634885,0.1909341812133789,True
3182,350,0.0,9.582299753674306e-05,0.19094181060791016,True
3183,350,0.0,9.680599760031328e-05,0.19094181060791016,True
3184,308,0.0,0.00010535000183153898,0.19094181060791016,True
3185,308,0.0,0.00010441099948366173,0.19094181060791016,True
3186,414,0.0071428571428571175,0.00021124300110386685,0.1909341812133789,True
3187,456,0.0,9.960000170394778e-05,0.19094181060791016,True
3188,358,0.0,9.601599958841689e-05,0.19094181060791016,True
3189,308,0.0,9.659799979999661e-05,0.19094181060791016,True
3190,308,0.0,9.619699994800612e-05,0.19094181060791016,True
3191,308,0.0,9.582599886925891e-05,0.19094181060791016,True
3192,381,0.0071428571428571175,9.817099999054335e-05,0.1909341812133789,True
3193,358,0.0,9.629000123823062e-05,0.19094181060791016,True
3194,456,0.0,9.536899960949086e-05,0.19094181060791016,True
3195,372,0.0,9.722300092107616e-05,0.19094181060791016,True
3196,323,0.0,0.00010246000238112174,0.19094181060791016,True
3197,358,0.0,9.548199886921793e-05,0.19094181060791016,True
3198,308,0.0,0.0001025950004986953,0.19094181060791016,True
3199,399,0.0,9.487500210525468e-05,0.19094181060791016,True
3200,417,0.0,9.766899893293157e-05,0.19094181060791016,True
3201,350,0.0,9.607399988453835e-05,0.19094181060791016,True
3202,308,0.0,9.559799946146086e-05,0.19094181060791016,True
3203,340,0.014285714285714235,9.709599908092059e-05,0.19092655181884766,True
3204,350,0.0,9.573200077284127e-05,0.19094181060791016,True
3205,399,0.0,9.868499910226092e-05,0.19094181060791016,True
3206,323,0.0,9.581199992680922e-05,0.19094181060791016,True
3207,308,0.0,9.513300028629601e-05,0.19094181060791016,True
3208,399,0.0,0.00011147099939989857,0.19094181060791016,True
3209,340,0.0071428571428571175,9.679900176706724e-05,0.1909341812133789,True
3210,431,0.0,9.620299897505902e-05,0.19094181060791016,True
3211,372,0.0,9.57609991019126e-05,0.19094181060791016,True
3212,323,0.0,9.519499872112647e-05,0.19094181060791016,True
3213,323,0.0,0.00010567400022409856,0.19094181060791016,True
3214,358,0.0,9.520399908069521e-05,0.19094181060791016,True
3215,308,0.0,9.478900028625503e-05,0.19094181060791016,True
3216,358,0.0,9.536000288790092e-05,0.19094181060791016,True
3217,372,0.0,9.546000001137145e-05,0.19094181060791016,True
3218,308,0.0,9.728900113259442e-05,0.19094181060791016,True
3219,358,0.0,0.0001033690023177769,0.19094181060791016,True
3220,358,0.0,9.774499994819053e-05,0.19094181060791016,True
3221,456,0.0,9.590499757905491e-05,0.19094181060791016,True
3222,370,0.05714285714285716,0.00010676999954739586,0.19088077545166016,True
3223,292,0.0,9.659699935582466e-05,0.19094181060791016,True
3224,332,0.0,9.43689992709551e-05,0.19094181060791016,True
3225,379,0.0071428571428571175,9.570700058247894e-05,0.1909341812133789,True
3226,494,0.0,9.564399806549773e-05,0.19094181060791016,False
3227,414,0.0071428571428571175,9.553000199957751e-05,0.1909341812133789,True
3228,399,0.0071428571428571175,0.0001229110021085944,0.1909341812133789,True
3229,292,0.0071428571428571175,0.00010606800060486421,0.1909341812133789,True
3230,9,0.0071428571428571175,0.00010325999755878001,0.1909341812133789,False
3231,308,0.0,0.00011595099931582808,0.19094181060791016,True
3232,372,0.0071428571428571175,0.00012255600086064078,0.1909341812133789,True
3233,308,0.0071428571428571175,9.925899939844385e-05,0.1909341812133789,True
3234,295,0.0071428571428571175,9.579899779055268e-05,0.1909341812133789,True
3235,399,0.0,9.53820017457474e-05,0.19094181060791016,True
3236,292,0.0,0.00010179200035054237,0.19094181060791016,True
3237,350,0.0,9.56029980443418e-05,0.19094181060791016,True
3238,292,0.0,9.605600280337967e-05,0.19094181060791016,True
3239,308,0.0,9.901900193654001e-05,0.19094181060791016,True
3240,372,0.0,9.514200064586475e-05,0.19094181060791016,True
3241,460,0.0,9.590800254954956e-05,0.19094181060791016,True
3242,308,0.0,9.551100083626807e-05,0.19094181060791016,True
3243,308,0.0,0.00011626599734881893,0.19094181060791016,True
3244,340,0.0,9.4675000582356e-05,0.19094181060791016,True
3245,379,0.014285714285714235,9.679299910203554e-05,0.19092655181884766,True
3246,9,0.021428571428571463,9.683499956736341e-05,0.1909189224243164,False
3247,414,0.0,9.786699956748635e-05,0.19094181060791016,True
3248,481,0.021428571428571463,9.774099817150272e-05,0.1909189224243164,False
3249,399,0.0,9.693799802334979e-05,0.19094181060791016,True
3250,145,0.1071428571428571,9.627899999031797e-05,0.1908273696899414,False
3251,272,0.19999999999999996,9.843799853115343e-05,0.19072818756103516,False
3252,98,0.050000000000000044,9.652600056142546e-05,0.1908884048461914,False
3253,308,0.0071428571428571175,0.00010025200026575476,0.1909341812133789,True
3254,371,0.0071428571428571175,9.808400136535056e-05,0.1909341812133789,True
3255,372,0.0,0.00011883099796250463,0.19094181060791016,True
3256,399,0.0,0.00011966600141022354,0.19094181060791016,True
3257,323,0.0,0.00010019099863711745,0.19094181060791016,True
3258,323,0.0,0.00010056799874291755,0.19094181060791016,True
3259,366,0.021428571428571463,9.724700066726655e-05,0.1909189224243164,True
3260,358,0.0,9.896600022329949e-05,0.19094181060791016,True
3261,399,0.0,0.00010161499812966213,0.19094181060791016,True
3262,308,0.0,0.00010577499779174104,0.19094181060791016,True
3263,366,0.0071428571428571175,0.0002465819998178631,0.1909341812133789,True
3264,308,0.0,0.00011233099940000102,0.19094181060791016,True
3265,322,0.0,0.00010533599925111048,0.19094181060791016,True
3266,295,0.014285714285714235,9.978800153476186e-05,0.19092655181884766,True
3267,295,0.0071428571428571175,0.00010004700015997514,0.1909341812133789,True
3268,399,0.0071428571428571175,9.621800199965946e-05,0.1909341812133789,True
3269,456,0.0071428571428571175,9.77829986368306e-05,0.1909341812133789,True
3270,323,0.0071428571428571175,9.707900244393386e-05,0.1909341812133789,True
3271,371,0.0071428571428571175,0.00010931300130323507,0.1909341812133789,True
3272,358,0.0071428571428571175,0.00010467500032973476,0.1909341812133789,True
3273,371,0.0,9.895899711409584e-05,0.19094181060791016,True
3274,323,0.0,0.00010594700142974034,0.19094181060791016,True
3275,399,0.0,9.877200136543252e-05,0.19094181060791016,True
3276,358,0.0,9.557599696563557e-05,0.19094181060791016,True
3277,308,0.0,9.742299880599603e-05,0.19094181060791016,True
3278,399,0.0,0.00011296700176899321,0.19094181060791016,True
3279,427,0.0,0.00010407100126030855,0.19094181060791016,True
3280,399,0.0,9.461900117457844e-05,0.19094181060791016,True
3281,371,0.0071428571428571175,9.690699880593456e-05,0.1909341812133789,True
3282,358,0.0,9.651099753682502e-05,0.19094181060791016,True
3283,379,0.0071428571428571175,9.728700024425052e-05,0.1909341812133789,True
3284,417,0.0,9.581699850969017e-05,0.19094181060791016,True
3285,456,0.0,0.00011300400001346134,0.19094181060791016,True
3286,417,0.0,9.747600051923655e-05,0.19094181060791016,True
3287,402,0.0,9.721400056150742e-05,0.19094181060791016,True
3288,402,0.0071428571428571175,0.00010094599929288961,0.1909341812133789,True
3289,402,0.0,9.626499740988947e-05,0.19094181060791016,True
3290,305,0.0071428571428571175,0.00010021799971582368,0.1909341812133789,True
3291,366,0.050000000000000044,0.00014557599934050813,0.1908884048461914,False
3292,323,0.0,9.696899724076502e-05,0.19094181060791016,True
3293,308,0.0071428571428571175,9.769700045580976e-05,0.1909341812133789,True
3294,308,0.0,9.69989996519871e-05,0.19094181060791016,True
3295,350,0.0071428571428571175,0.00011892700058524497,0.1909341812133789,True
3296,358,0.0,9.627200051909313e-05,0.19094181060791016,True
3297,381,0.0,9.59919998422265e-05,0.19094181060791016,True
3298,427,0.0071428571428571175,9.580299956724048e-05,0.1909341812133789,False
3299,379,0.0071428571428571175,9.579199831932783e-05,0.1909341812133789,True
3300,358,0.0,9.55460018303711e-05,0.19094181060791016,True
3301,358,0.0,9.731800309964456e-05,0.19094181060791016,True
3302,323,0.0071428571428571175,9.570499969413504e-05,0.1909341812133789,True
3303,371,0.0071428571428571175,9.45229985518381e-05,0.1909341812133789,True
3304,371,0.0071428571428571175,0.00010376999853178859,0.1909341812133789,True
3305,323,0.0,9.465399853070267e-05,0.19094181060791016,True
3306,456,0.0,9.865499669103883e-05,0.19094181060791016,True
3307,358,0.0071428571428571175,0.00012022900045849383,0.1909341812133789,True
3308,399,0.0,9.527200018055737e-05,0.19094181060791016,True
3309,381,0.014285714285714235,9.799599865800701e-05,0.19092655181884766,True
3310,393,0.0071428571428571175,0.00010073999874293804,0.1909341812133789,True
3311,427,0.0,0.00010567299977992661,0.19094181060791016,True
3312,366,0.014285714285714235,9.586200030753389e-05,0.19092655181884766,True
3313,379,0.0071428571428571175,9.877100092126057e-05,0.1909341812133789,True
3314,358,0.0071428571428571175,9.893099922919646e-05,0.1909341812133789,True
3315,308,0.0071428571428571175,0.0001072550003300421,0.1909341812133789,True
3316,439,0.0,0.00010894799925154075,0.19094181060791016,True
3317,323,0.0,9.669800056144595e-05,0.19094181060791016,True
3318,402,0.0071428571428571175,9.574200157658197e-05,0.1909341812133789,False
3319,474,0.0071428571428571175,0.00011288099994999357,0.1909341812133789,True
3320,393,0.021428571428571463,9.628400221117772e-05,0.1909189224243164,False
3321,110,0.05714285714285716,9.814799705054611e-05,0.19088077545166016,False
3322,49,0.1071428571428571,9.500699889031239e-05,0.1908273696899414,False
3323,102,0.09285714285714286,9.542999760014936e-05,0.1908426284790039,False
3324,22,0.0,9.589000183041207e-05,0.19094181060791016,False
3325,149,0.0,9.731100362841971e-05,0.19094181060791016,False
3326,393,0.05714285714285716,9.53839989961125e-05,0.19088077545166016,False
3327,481,0.0714285714285714,9.660800060373731e-05,0.19086551666259766,False
3328,335,0.0,9.674499960965477e-05,0.19094181060791016,True
3329,494,0.0,9.634700109018013e-05,0.19094181060791016,False
3330,323,0.0,9.558999954606406e-05,0.19094181060791016,False
3331,292,0.0,9.659600254963152e-05,0.19094181060791016,True
3332,364,0.0071428571428571175,0.0001007229984679725,0.1909341812133789,True
3333,308,0.0,9.528499867883511e-05,0.19094181060791016,True
3334,489,0.0,9.421600043424405e-05,0.19094181060791016,False
3335,308,0.0,0.00011215099948458374,0.19094181060791016,True
3336,292,0.0,0.0001107300013245549,0.19094181060791016,True
3337,295,0.0,9.88649990176782e-05,0.19094181060791016,True
3338,292,0.0,9.82409983407706e-05,0.19094181060791016,True
3339,323,0.0,9.961300020222552e-05,0.19094181060791016,True
3340,308,0.0,9.587200111127459e-05,0.19094181060791016,False
3341,399,0.0,9.849300113273785e-05,0.19094181060791016,False
3342,332,0.014285714285714235,9.586499800207093e-05,0.19092655181884766,False
3343,456,0.0071428571428571175,9.776799925020896e-05,0.1909341812133789,False
3344,110,0.05714285714285716,9.47700027609244e-05,0.19088077545166016,False
3345,370,0.06428571428571428,9.466099800192751e-05,0.1908731460571289,True
3346,477,0.0357142857142857,9.904800026561134e-05,0.1909036636352539,False
3347,145,0.12857142857142856,0.0001102740025089588,0.19080448150634766,False
3348,272,0.15000000000000002,9.986000077333301e-05,0.1907815933227539,False
3349,364,0.0714285714285714,9.830899944063276e-05,0.19086551666259766,True
3350,323,0.0,0.0001053810010489542,0.19094181060791016,False
3351,49,0.042857142857142816,9.697499990579672e-05,0.19089603424072266,False
3352,144,0.0714285714285714,9.615299859433435e-05,0.19086551666259766,False
3353,272,0.13571428571428568,0.00010609500168357044,0.1907968521118164,False
3354,9,0.05714285714285716,9.741800022311509e-05,0.19088077545166016,False
3355,474,0.12857142857142856,9.560800026520155e-05,0.19080448150634766,False
3356,51,0.08571428571428574,9.839599806582555e-05,0.19085025787353516,False
3357,358,0.0,9.571600094204769e-05,0.19094181060791016,False
3358,323,0.0071428571428571175,9.64539976848755e-05,0.1909341812133789,False
3359,399,0.0,9.648100240156054e-05,0.19094181060791016,False
3360,358,0.0,9.596599920769222e-05,0.19094181060791016,False
3361,295,0.021428571428571463,9.695699918665923e-05,0.1909189224243164,True
3362,350,0.0357142857142857,9.79510004981421e-05,0.1909036636352539,True
3363,323,0.0,9.698999929241836e-05,0.19094181060791016,True
3364,308,0.014285714285714235,9.692299863672815e-05,0.19092655181884766,True
3365,399,0.0,9.695499829831533e-05,0.19094181060791016,True
3366,381,0.0071428571428571175,9.872000009636395e-05,0.1909341812133789,True
3367,364,0.06428571428571428,9.598699762136675e-05,0.1908731460571289,True
3368,22,0.050000000000000044,9.86279992503114e-05,0.1908884048461914,False
3369,323,0.0,9.587999738869257e-05,0.19094181060791016,True
3370,381,0.0071428571428571175,9.686900011729449e-05,0.1909341812133789,True
3371,358,0.0,9.692700041341595e-05,0.19094181060791016,True
3372,456,0.0071428571428571175,9.924800178851001e-05,0.1909341812133789,True
3373,350,0.0,0.00011264199929428287,0.19094181060791016,True
3374,295,0.0071428571428571175,9.686599878477864e-05,0.1909341812133789,True
3375,399,0.0,9.573999705025926e-05,0.19094181060791016,True
3376,323,0.0,9.56859985308256e-05,0.19094181060791016,True
3377,358,0.0,9.56879994191695e-05,0.19094181060791016,True
3378,323,0.0,9.602699719835073e-05,0.19094181060791016,True
3379,350,0.0,0.00010177299918723293,0.19094181060791016,True
3380,358,0.0071428571428571175,0.00010532399755902588,0.1909341812133789,True
3381,323,0.0,9.680900257080793e-05,0.19094181060791016,True
3382,399,0.0,9.674600005382672e-05,0.19094181060791016,True
3383,358,0.0,9.52340014919173e-05,0.19094181060791016,True
3384,308,0.0,9.543800115352497e-05,0.19094181060791016,True
3385,350,0.0071428571428571175,9.623400183045305e-05,0.1909341812133789,True
3386,358,0.0,0.00011104900113423355,0.19094181060791016,True
3387,350,0.0,9.917999705066904e-05,0.19094181060791016,True
3388,292,0.0,0.00010174500130233355,0.19094181060791016,True
3389,371,0.0,9.49099994613789e-05,0.19094181060791016,True
3390,308,0.0071428571428571175,0.00011593399904086255,0.1909341812133789,True
3391,295,0.0071428571428571175,0.00010744099927251227,0.1909341812133789,True
3392,323,0.0071428571428571175,9.637199764256366e-05,0.1909341812133789,True
3393,323,0.0071428571428571175,9.760499960975721e-05,0.1909341812133789,True
3394,417,0.042857142857142816,9.4524999440182e-05,0.19089603424072266,False
3395,364,0.050000000000000044,9.564400170347653e-05,0.1908884048461914,True
3396,379,0.050000000000000044,9.630200293031521e-05,0.1908884048461914,True
3397,332,0.0071428571428571175,9.593899812898599e-05,0.1909341812133789,False
3398,358,0.0,9.557600060361437e-05,0.19094181060791016,True
3399,372,0.0,9.592599963070825e-05,0.19094181060791016,True
3400,402,0.014285714285714235,9.732400212669745e-05,0.19092655181884766,False
3401,399,0.0,9.855800090008415e-05,0.19094181060791016,False
3402,402,0.0071428571428571175,9.930300075211562e-05,0.1909341812133789,False
3403,481,0.05714285714285716,9.541600229567848e-05,0.19088077545166016,False
3404,145,0.05714285714285716,9.736200081533752e-05,0.19088077545166016,False
3405,292,0.0,9.803400098462589e-05,0.19094181060791016,False
3406,295,0.0,9.714200132293627e-05,0.19094181060791016,False
3407,350,0.0,9.50680005189497e-05,0.19094181060791016,False
3408,487,0.0071428571428571175,9.588300235918723e-05,0.1909341812133789,True
3409,323,0.0,9.563000276102684e-05,0.19094181060791016,False
3410,323,0.0,9.72380003076978e-05,0.19094181060791016,False
3411,417,0.0071428571428571175,0.00010744700193754397,0.1909341812133789,True
3412,393,0.06428571428571428,9.41340003919322e-05,0.1908731460571289,False
3413,70,0.09285714285714286,9.477700223214924e-05,0.1908426284790039,False
3414,9,0.0357142857142857,9.845400199992582e-05,0.1909036636352539,False
3415,477,0.05714285714285716,9.679199865786359e-05,0.19088077545166016,False
3416,145,0.2571428571428571,9.723699986352585e-05,0.19066715240478516,False
3417,498,0.05714285714285716,9.8794000223279e-05,0.19088077545166016,False
3418,102,0.07857142857142863,9.493600009591319e-05,0.1908578872680664,False
3419,86,0.0071428571428571175,9.647899787523784e-05,0.1909341812133789,False
3420,102,0.014285714285714235,9.653400047682226e-05,0.19092655181884766,False
3421,305,0.15000000000000002,9.66909974522423e-05,0.1907815933227539,True
3422,102,0.0357142857142857,0.00010666000162018463,0.1909036636352539,False
3423,9,0.0,9.924500045599416e-05,0.19094181060791016,False
3424,111,0.15714285714285714,0.0001188850001199171,0.19077396392822266,False
3425,295,0.014285714285714235,9.814599980018102e-05,0.19092655181884766,True
3426,350,0.0,9.747200238052756e-05,0.19094181060791016,True
3427,308,0.0,9.745299757923931e-05,0.19094181060791016,True
3428,323,0.014285714285714235,9.553900235914625e-05,0.19092655181884766,True
3429,323,0.0071428571428571175,9.662099910201505e-05,0.1909341812133789,True
3430,399,0.0,9.689500075182877e-05,0.19094181060791016,True
3431,350,0.0071428571428571175,0.00011209700096515007,0.1909341812133789,True
3432,10,0.0357142857142857,0.0001274149981327355,0.1909494400024414,False
3433,323,0.0,9.86259983619675e-05,0.19094181060791016,True
3434,462,0.0,9.516999853076413e-05,0.19094181060791016,True
3435,305,0.0,9.8489999800222e-05,0.19094181060791016,True
3436,358,0.0,0.00012378700193949044,0.19094181060791016,True
3437,371,0.014285714285714235,9.569999747327529e-05,0.19092655181884766,True
3438,323,0.014285714285714235,0.00010253100117552094,0.19092655181884766,True
3439,323,0.0,0.00012175499796285294,0.19094181060791016,True
3440,69,0.0357142857142857,0.00010738499986473471,0.1909036636352539,False
3441,372,0.0,0.00010986299821524881,0.19094181060791016,True
3442,70,0.0,0.00011086800077464432,0.19094181060791016,False
3443,332,0.0,0.00010100099825649522,0.19094181060791016,True
3444,292,0.0,0.00010752600064733997,0.19094181060791016,True
3445,372,0.0,9.695299740997143e-05,0.19094181060791016,True
3446,399,0.0,0.0001115830018534325,0.19094181060791016,True
3447,322,0.0,9.833999865804799e-05,0.19094181060791016,True
3448,417,0.0,0.00010441899939905852,0.19094181060791016,True
3449,292,0.0,0.00011140399874420837,0.19094181060791016,True
3450,399,0.0071428571428571175,0.00010870300320675597,0.1909341812133789,True
3451,322,0.0,0.00010681000276235864,0.19094181060791016,True
3452,340,0.021428571428571463,0.00011025699859601445,0.1909189224243164,True
3453,322,0.0,0.00012529200103017502,0.19094181060791016,True
3454,292,0.0,9.738600056152791e-05,0.19094181060791016,True
3455,487,0.014285714285714235,0.00011498200183268636,0.19092655181884766,False
3456,372,0.0,0.0001077130000339821,0.19094181060791016,True
3457,308,0.0,9.683700045570731e-05,0.19094181060791016,True
3458,414,0.0,0.00010040399865829386,0.19094181060791016,True
3459,417,0.0,0.00010387300062575378,0.19094181060791016,True
3460,292,0.0,0.00010269400081597269,0.19094181060791016,True
3461,489,0.0,0.00011474200073280372,0.19094181060791016,False
3462,399,0.0,0.00011013300172635354,0.19094181060791016,True
3463,335,0.0071428571428571175,9.506000060355291e-05,0.1909341812133789,True
3464,399,0.0071428571428571175,9.998599853133783e-05,0.1909341812133789,True
3465,322,0.0,0.00012752700058626942,0.19094181060791016,True
3466,494,0.0,9.736299762153067e-05,0.19094181060791016,False
3467,350,0.0,0.00010463000216986984,0.19094181060791016,True
3468,332,0.0,0.00010913199730566703,0.19094181060791016,True
3469,370,0.014285714285714235,0.00010024299990618601,0.19092655181884766,True
3470,417,0.0,9.443900125916116e-05,0.19094181060791016,True
3471,322,0.0,9.4982999144122e-05,0.19094181060791016,True
3472,322,0.0,9.550599861540832e-05,0.19094181060791016,True
3473,489,0.0,9.640299685997888e-05,0.19094181060791016,False
3474,417,0.05714285714285716,9.596500240149908e-05,0.19088077545166016,False
3475,409,0.06428571428571428,9.605800005374476e-05,0.1908731460571289,True
3476,111,0.0357142857142857,0.00010138099969481118,0.1909036636352539,False
3477,421,0.0357142857142857,0.00010009299876401201,0.1909036636352539,False
3478,399,0.0,0.00010072800068883225,0.19094181060791016,True
3479,399,0.0,0.00011118099791929126,0.19094181060791016,True
3480,487,0.0071428571428571175,0.00012160999904153869,0.1909341812133789,False
3481,323,0.0,9.667100312071852e-05,0.19094181060791016,True
3482,292,0.0,9.861400030786172e-05,0.19094181060791016,True
3483,364,0.021428571428571463,9.737300206325017e-05,0.1909189224243164,True
3484,372,0.0,9.962400145013817e-05,0.19094181060791016,True
3485,494,0.0,0.00010130000009667128,0.19094181060791016,False
3486,456,0.0,9.758300075191073e-05,0.19094181060791016,True
3487,340,0.014285714285714235,9.93409994407557e-05,0.19092655181884766,True
3488,414,0.0,9.619399861549027e-05,0.19094181060791016,True
3489,350,0.0,9.577600212651305e-05,0.19094181060791016,True
3490,305,0.0,0.0001006599995889701,0.19094181060791016,True
3491,439,0.0,9.594999937689863e-05,0.19094181060791016,True
3492,456,0.0,9.719399895402603e-05,0.19094181060791016,True
3493,323,0.0,0.00011392200030968525,0.19094181060791016,True
3494,358,0.0,9.576400043442845e-05,0.19094181060791016,True
3495,350,0.0,9.60689976636786e-05,0.19094181060791016,True
3496,358,0.0,0.00011294400246697478,0.19094181060791016,True
3497,350,0.0,9.672600208432414e-05,0.19094181060791016,True
3498,399,0.0,9.590700210537761e-05,0.19094181060791016,True
3499,358,0.0,9.871200018096715e-05,0.19094181060791016,True
3500,308,0.0,9.570299880579114e-05,0.19094181060791016,True
3501,350,0.0,9.557800149195828e-05,0.19094181060791016,True
3502,308,0.0,9.69949978752993e-05,0.19094181060791016,True
3503,350,0.0,9.983700147131458e-05,0.19094181060791016,True
3504,323,0.0071428571428571175,9.851099821389653e-05,0.1909341812133789,True
3505,340,0.0071428571428571175,9.691599916550331e-05,0.1909341812133789,True
3506,308,0.0,9.548899834044278e-05,0.19094181060791016,True
3507,305,0.0071428571428571175,9.752700134413317e-05,0.1909341812133789,False
3508,427,0.0,9.920700176735409e-05,0.19094181060791016,True
3509,350,0.0,9.793800199986435e-05,0.19094181060791016,True
3510,340,0.0357142857142857,0.00011914299830095842,0.1909036636352539,False
3511,358,0.0071428571428571175,0.000110270000732271,0.1909341812133789,True
3512,323,0.0071428571428571175,9.897800191538408e-05,0.1909341812133789,True
3513,308,0.0,0.00010532899977988563,0.19094181060791016,True
3514,358,0.0,9.537499863654375e-05,0.19094181060791016,True
3515,350,0.0,9.603299986338243e-05,0.19094181060791016,True
3516,467,0.0071428571428571175,9.94180009001866e-05,0.1909341812133789,True
3517,358,0.0071428571428571175,9.661299918661825e-05,0.1909341812133789,True
3518,323,0.0,9.812700227485038e-05,0.19094181060791016,True
3519,456,0.0,9.535899880575016e-05,0.19094181060791016,True
3520,308,0.0,9.532700278214179e-05,0.19094181060791016,True
3521,308,0.0071428571428571175,9.820799823501147e-05,0.1909341812133789,True
3522,308,0.0071428571428571175,9.686600242275745e-05,0.1909341812133789,True
3523,308,0.0,9.798700193641707e-05,0.19094181060791016,True
3524,323,0.0,9.718499859445728e-05,0.19094181060791016,True
3525,427,0.0,0.0001099459987017326,0.19094181060791016,True
3526,371,0.0071428571428571175,9.581300037098117e-05,0.1909341812133789,True
3527,305,0.0,0.00010282499715685844,0.19094181060791016,True
3528,358,0.0,9.711999882711098e-05,0.19094181060791016,True
3529,358,0.0,9.582799975760281e-05,0.19094181060791016,True
3530,439,0.0,0.00010862199997063726,0.19094181060791016,True
3531,439,0.0,9.5215997134801e-05,0.19094181060791016,True
3532,323,0.0,0.00010122499952558428,0.19094181060791016,True
3533,295,0.0,9.792399941943586e-05,0.19094181060791016,True
3534,439,0.0,9.534800119581632e-05,0.19094181060791016,True
3535,340,0.0071428571428571175,0.0003265289997216314,0.1909341812133789,True
3536,350,0.0071428571428571175,9.597900134394877e-05,0.1909341812133789,True
3537,474,0.0,9.714200132293627e-05,0.19094181060791016,True
3538,358,0.0,0.00010856299923034385,0.19094181060791016,True
3539,417,0.0,9.566899825586006e-05,0.19094181060791016,False
3540,305,0.014285714285714235,9.710599988466129e-05,0.19092655181884766,False
3541,372,0.0,9.449400022276677e-05,0.19094181060791016,True
3542,456,0.0,9.537300138617866e-05,0.19094181060791016,True
3543,427,0.0,9.491699893260375e-05,0.19094181060791016,True
3544,323,0.0,0.00011105500016128644,0.19094181060791016,True
3545,323,0.0071428571428571175,9.718100045574829e-05,0.1909341812133789,True
3546,474,0.02857142857142858,9.594599760021083e-05,0.19091129302978516,False
3547,295,0.0071428571428571175,9.651999789639376e-05,0.1909341812133789,True
3548,323,0.0071428571428571175,9.910599692375399e-05,0.1909341812133789,True
3549,366,0.0071428571428571175,0.00010171900066779926,0.1909341812133789,True
3550,308,0.0071428571428571175,9.56920011958573e-05,0.1909341812133789,False
3551,366,0.014285714285714235,9.8869000794366e-05,0.19092655181884766,True
3552,323,0.0,0.00011563400039449334,0.19094181060791016,True
3553,305,0.0,9.596600284567103e-05,0.19094181060791016,True
3554,323,0.0071428571428571175,9.582799975760281e-05,0.1909341812133789,True
3555,305,0.0,0.00011716399967554025,0.19094181060791016,True
3556,350,0.0071428571428571175,9.568099994794466e-05,0.1909341812133789,True
3557,494,0.0,9.636899994802661e-05,0.19094181060791016,False
3558,305,0.0,9.553099880577065e-05,0.19094181060791016,True
3559,358,0.0071428571428571175,0.00012937300198245794,0.1909341812133789,True
3560,137,0.021428571428571463,0.00015273300232365727,0.1909189224243164,False
3561,82,0.021428571428571463,9.767899973667227e-05,0.1909189224243164,False
3562,5,0.02857142857142858,0.00010526100231800228,0.19091129302978516,False
3563,399,0.0,9.618500189390033e-05,0.19094181060791016,True
3564,417,0.0,9.751899779075757e-05,0.19094181060791016,True
3565,305,0.0,9.619000047678128e-05,0.19094181060791016,True
3566,366,0.0071428571428571175,9.727799988468178e-05,0.1909341812133789,True
3567,292,0.0071428571428571175,9.600499834050424e-05,0.1909341812133789,True
3568,323,0.0,9.693999891169369e-05,0.19094181060791016,True
3569,308,0.0,9.868499910226092e-05,0.19094181060791016,True
3570,305,0.0071428571428571175,9.527300062472932e-05,0.1909341812133789,True
3571,323,0.0,0.00010276800094288774,0.19094181060791016,True
3572,366,0.0071428571428571175,9.563399726175703e-05,0.1909341812133789,True
3573,379,0.0,9.471399971516803e-05,0.19094181060791016,True
3574,371,0.0071428571428571175,9.874399984255433e-05,0.1909341812133789,False
3575,358,0.0071428571428571175,9.70920009422116e-05,0.1909341812133789,True
3576,323,0.0,9.773000056156889e-05,0.19094181060791016,True
3577,295,0.0,0.00011208599971723743,0.19094181060791016,True
3578,323,0.0,9.594999937689863e-05,0.19094181060791016,True
3579,427,0.0,0.00010482400102773681,0.19094181060791016,True
3580,335,0.0,0.00012410799899953417,0.19094181060791016,True
3581,305,0.0071428571428571175,9.517999933450483e-05,0.1909341812133789,True
3582,399,0.0,9.858500197879039e-05,0.19094181060791016,True
3583,308,0.0071428571428571175,9.634600064600818e-05,0.1909341812133789,True
3584,366,0.0071428571428571175,0.00010862400085898116,0.1909341812133789,True
3585,421,0.0071428571428571175,9.587900058249943e-05,0.1909341812133789,True
3586,358,0.0,9.52280024648644e-05,0.19094181060791016,False
3587,439,0.0,9.662999946158379e-05,0.19094181060791016,False
3588,371,0.0,9.505200068815611e-05,0.19094181060791016,True
3589,358,0.0,9.512399992672727e-05,0.19094181060791016,True
3590,439,0.0,9.664800018072128e-05,0.19094181060791016,True
3591,371,0.0,9.94200017885305e-05,0.19094181060791016,True
3592,358,0.0,9.570900147082284e-05,0.19094181060791016,True
3593,379,0.0,9.532200056128204e-05,0.19094181060791016,True
3594,366,0.0071428571428571175,0.00010635299986461177,0.1909341812133789,True
3595,308,0.0071428571428571175,9.564599895384163e-05,0.1909341812133789,True
3596,305,0.0,9.697600034996867e-05,0.19094181060791016,True
3597,9,0.021428571428571463,9.70820001384709e-05,0.1909189224243164,False
3598,102,0.021428571428571463,9.465299808653072e-05,0.1909189224243164,False
3599,366,0.0071428571428571175,9.67940031841863e-05,0.1909341812133789,True
3600,292,0.0071428571428571175,9.62289996095933e-05,0.1909341812133789,True
3601,322,0.0,9.906999912345782e-05,0.19094181060791016,True
3602,409,0.09285714285714286,9.561899787513539e-05,0.1908426284790039,True
3603,85,0.014285714285714235,9.725700147100724e-05,0.19092655181884766,False
3604,366,0.0,0.00010642800043569878,0.19094181060791016,True
3605,417,0.0,9.56940020842012e-05,0.19094181060791016,True
3606,372,0.0,9.681099982117303e-05,0.19094181060791016,True
3607,372,0.0071428571428571175,9.601399870007299e-05,0.1909341812133789,True
3608,335,0.0,0.00010395900244475342,0.19094181060791016,True
3609,335,0.0,9.52299997152295e-05,0.19094181060791016,False
3610,292,0.0,9.729899829835631e-05,0.19094181060791016,True
3611,379,0.0,0.00011498800085973926,0.19094181060791016,True
3612,474,0.0071428571428571175,9.789999967324547e-05,0.1909341812133789,True
3613,427,0.0,9.741399844642729e-05,0.19094181060791016,False
3614,332,0.021428571428571463,9.572699855198152e-05,0.1909189224243164,False
3615,295,0.0,0.00010418300007586367,0.19094181060791016,True
3616,308,0.0,9.450000288779847e-05,0.19094181060791016,True
3617,305,0.0,9.614499867893755e-05,0.19094181060791016,True
3618,379,0.021428571428571463,9.752800178830512e-05,0.1909189224243164,True
3619,295,0.0,9.97300012386404e-05,0.19094181060791016,True
3620,379,0.0071428571428571175,9.600999692338519e-05,0.1909341812133789,True
3621,292,0.0071428571428571175,0.00010243599899695255,0.1909341812133789,True
3622,292,0.0,9.84779981081374e-05,0.19094181060791016,True
3623,292,0.0,0.00012408099792082794,0.19094181060791016,True
3624,366,0.0071428571428571175,9.557199882692657e-05,0.1909341812133789,True
3625,370,0.021428571428571463,9.63080019573681e-05,0.1909189224243164,False
3626,431,0.0,9.602600039215758e-05,0.19094181060791016,True
3627,366,0.0071428571428571175,9.569499889039434e-05,0.1909341812133789,True
3628,421,0.0071428571428571175,9.915800183080137e-05,0.1909341812133789,False
3629,371,0.0,9.540000246488489e-05,0.19094181060791016,True
3630,323,0.0,9.582799975760281e-05,0.19094181060791016,True
3631,323,0.0,9.536499783280306e-05,0.19094181060791016,True
3632,417,0.0,9.446900003240444e-05,0.19094181060791016,True
3633,371,0.0,9.520300227450207e-05,0.19094181060791016,True
3634,323,0.0,0.00010323500100639649,0.19094181060791016,True
3635,439,0.0,0.00010061500142910518,0.19094181060791016,True
3636,305,0.0,9.562799823470414e-05,0.19094181060791016,True
3637,305,0.0,0.00010096700134454295,0.19094181060791016,True
3638,372,0.0,0.00010289600322721526,0.19094181060791016,True
3639,439,0.0,9.448199853068218e-05,0.19094181060791016,False
3640,474,0.0071428571428571175,9.575600051903166e-05,0.1909341812133789,True
3641,292,0.0,9.650799984228797e-05,0.19094181060791016,False
3642,308,0.0,9.745100032887422e-05,0.19094181060791016,False
3643,292,0.0,9.627400140743703e-05,0.19094181060791016,False
3644,292,0.0071428571428571175,0.00010579599984339438,0.1909341812133789,False
3645,292,0.0,9.804200090002269e-05,0.19094181060791016,False
3646,322,0.0,9.645099999033846e-05,0.19094181060791016,True
3647,292,0.0,0.00010574100087978877,0.19094181060791016,True
3648,431,0.0,0.00013450400001602247,0.19094181060791016,True
3649,350,0.0071428571428571175,0.00012823400174966082,0.1909341812133789,True
3650,308,0.0,0.00011092299973824993,0.19094181060791016,True
3651,417,0.0,0.00011915100185433403,0.19094181060791016,False
3652,323,0.0,0.00013450999904307537,0.19094181060791016,True
3653,439,0.0,0.00013001799743506126,0.19094181060791016,True
3654,340,0.0,0.00010372099859523587,0.19094181060791016,True
3655,308,0.0,0.00011758799882954918,0.19094181060791016,True
3656,371,0.0071428571428571175,9.814599980018102e-05,0.1909341812133789,False
3657,308,0.0,9.814599980018102e-05,0.19094181060791016,False
3658,358,0.0,9.662299999035895e-05,0.19094181060791016,True
3659,323,0.0,0.00010190199827775359,0.19094181060791016,True
3660,427,0.0,9.513999975752085e-05,0.19094181060791016,True
3661,439,0.0,9.529999806545675e-05,0.19094181060791016,True
3662,366,0.014285714285714235,9.684000178822316e-05,0.19092655181884766,False
3663,474,0.0,9.723100083647296e-05,0.19094181060791016,True
3664,323,0.0,9.67050000326708e-05,0.19094181060791016,False
3665,323,0.0071428571428571175,9.840600250754505e-05,0.1909341812133789,False
3666,372,0.0,9.549500100547448e-05,0.19094181060791016,False
3667,358,0.0071428571428571175,0.00010931799988611601,0.1909341812133789,False
3668,399,0.0071428571428571175,0.00011207699935766868,0.1909341812133789,False
3669,350,0.0,9.634500020183623e-05,0.19094181060791016,False
3670,399,0.0071428571428571175,9.712199971545488e-05,0.1909341812133789,False
3671,399,0.0,0.00010095099787577055,0.19094181060791016,False
3672,371,0.0071428571428571175,9.615900125936605e-05,0.1909341812133789,True
3673,456,0.0,9.60729994403664e-05,0.19094181060791016,False
3674,323,0.0,0.00011591099973884411,0.19094181060791016,False
3675,308,0.0071428571428571175,9.829800183069892e-05,0.1909341812133789,False
3676,340,0.0,0.00010295800166204572,0.19094181060791016,True
3677,393,0.0071428571428571175,0.00011841399827972054,0.1909341812133789,False
3678,308,0.0071428571428571175,9.636499817133881e-05,0.1909341812133789,False
3679,323,0.0,9.986900113290176e-05,0.19094181060791016,False
3680,456,0.0,9.56759977270849e-05,0.19094181060791016,False
3681,308,0.0,0.00010226499944110401,0.19094181060791016,False
3682,323,0.0,9.978600064641796e-05,0.19094181060791016,False
3683,456,0.0,0.00010528499842621386,0.19094181060791016,True
3684,399,0.0,9.986800068872981e-05,0.19094181060791016,True
3685,305,0.0071428571428571175,0.0001364089985145256,0.1909341812133789,True
3686,308,0.0,0.00011178899876540527,0.19094181060791016,True
3687,474,0.0,9.485799819231033e-05,0.19094181060791016,True
3688,323,0.0,9.885599865810946e-05,0.19094181060791016,True
3689,358,0.0,9.776200022315606e-05,0.19094181060791016,False
3690,308,0.0,0.00011016400094376877,0.19094181060791016,True
3691,323,0.0071428571428571175,9.717600187286735e-05,0.1909341812133789,True
3692,456,0.0,9.541200051899068e-05,0.19094181060791016,True
3693,308,0.0,9.6010000561364e-05,0.19094181060791016,True
3694,350,0.0,9.649999992689118e-05,0.19094181060791016,True
3695,358,0.0,9.605699960957281e-05,0.19094181060791016,True
3696,308,0.0,9.594400034984574e-05,0.19094181060791016,True
3697,5,0.02857142857142858,9.645700265537016e-05,0.19091129302978516,False
3698,494,0.0,0.00012193399743409827,0.19094181060791016,False
3699,292,0.0071428571428571175,9.754300117492676e-05,0.1909341812133789,True
3700,292,0.0071428571428571175,9.587299791746773e-05,0.1909341812133789,True
3701,322,0.0071428571428571175,0.00011133900261484087,0.1909341812133789,True
3702,292,0.0,0.00013999499788042158,0.19094181060791016,True
3703,292,0.0,0.00010016600208473392,0.19094181060791016,True
3704,335,0.0,9.952799882739782e-05,0.19094181060791016,True
3705,292,0.0,9.880099969450384e-05,0.19094181060791016,True
3706,292,0.0,9.859599958872423e-05,0.19094181060791016,True
3707,417,0.0,9.578800018061884e-05,0.19094181060791016,False
3708,292,0.0,0.0001020419986161869,0.19094181060791016,True
3709,431,0.0071428571428571175,0.00011761199857573956,0.1909341812133789,False
3710,322,0.0,0.00011526399975991808,0.19094181060791016,True
3711,402,0.0,0.00010595500134513713,0.19094181060791016,True
3712,292,0.0,9.785899965208955e-05,0.19094181060791016,True
3713,322,0.0,9.713499821373262e-05,0.19094181060791016,True
3714,402,0.0,9.605399827705696e-05,0.19094181060791016,True
3715,295,0.0071428571428571175,9.762599802343175e-05,0.1909341812133789,True
3716,292,0.0,9.586099986336194e-05,0.19094181060791016,True
3717,322,0.0,9.641699944040738e-05,0.19094181060791016,True
3718,332,0.014285714285714235,9.494000187260099e-05,0.19092655181884766,False
3719,322,0.0071428571428571175,0.00010361599925090559,0.1909341812133789,True
3720,9,0.021428571428571463,9.611499990569428e-05,0.1909189224243164,False
3721,322,0.0,9.542099724058062e-05,0.19094181060791016,True
3722,322,0.0,9.502700049779378e-05,0.19094181060791016,True
3723,402,0.0,9.623000005376525e-05,0.19094181060791016,True
3724,9,0.0357142857142857,9.624299855204299e-05,0.1909036636352539,False
3725,322,0.0,9.550400136504322e-05,0.19094181060791016,True
3726,322,0.0,9.496300117461942e-05,0.19094181060791016,True
3727,322,0.0,0.00011527400056365877,0.19094181060791016,True
3728,322,0.0,9.735500134411268e-05,0.19094181060791016,True
3729,322,0.0,0.00010322999878553674,0.19094181060791016,True
3730,402,0.0,9.735899948282167e-05,0.19094181060791016,True
3731,322,0.0071428571428571175,9.568300083628856e-05,0.1909341812133789,True
3732,9,0.02857142857142858,9.648199920775369e-05,0.19091129302978516,False
3733,322,0.0071428571428571175,9.680199946160428e-05,0.1909341812133789,True
3734,322,0.0,9.489500007475726e-05,0.19094181060791016,True
3735,17,0.014285714285714235,0.00010739199933595955,0.19097232818603516,False
3736,322,0.0,9.579099787515588e-05,0.19094181060791016,True
3737,9,0.021428571428571463,9.683499956736341e-05,0.1909189224243164,False
3738,322,0.0,0.00010799400115502067,0.19094181060791016,True
3739,417,0.0071428571428571175,9.489999865763821e-05,0.1909341812133789,True
3740,322,0.0,9.724700066726655e-05,0.19094181060791016,True
3741,322,0.014285714285714235,9.510800009593368e-05,0.19092655181884766,True
3742,481,0.014285714285714235,9.728300210554153e-05,0.19092655181884766,False
3743,322,0.0,9.63950005825609e-05,0.19094181060791016,True
3744,335,0.0,9.612199937691912e-05,0.19094181060791016,True
3745,295,0.021428571428571463,9.725099880597554e-05,0.1909189224243164,True
3746,417,0.0071428571428571175,9.757499719853513e-05,0.1909341812133789,True
3747,292,0.0,0.00011535200246726163,0.19094181060791016,True
3748,379,0.0,9.931399836204946e-05,0.19094181060791016,True
3749,292,0.0,9.696100096334703e-05,0.19094181060791016,True
3750,335,0.0,9.563300045556389e-05,0.19094181060791016,True
3751,474,0.0071428571428571175,9.457899795961566e-05,0.1909341812133789,True
3752,292,0.0,9.772600242285989e-05,0.19094181060791016,True
3753,295,0.0071428571428571175,9.741200119606219e-05,0.1909341812133789,True
3754,399,0.0,0.0001172600022982806,0.19094181060791016,True
3755,292,0.0,0.00010014099825639278,0.19094181060791016,True
3756,305,0.0,9.709799996926449e-05,0.19094181060791016,True
3757,402,0.0,0.00012492799942265265,0.19094181060791016,True
3758,292,0.0,9.65470026130788e-05,0.19094181060791016,True
3759,308,0.0,0.00011578399789868854,0.19094181060791016,True
3760,292,0.0,0.00010054499944089912,0.19094181060791016,True
3761,474,0.0,9.606200183043256e-05,0.19094181060791016,True
3762,456,0.0,9.838899859460071e-05,0.19094181060791016,True
3763,292,0.0071428571428571175,0.00010851000115508214,0.1909341812133789,True
3764,335,0.0,9.790699914447032e-05,0.19094181060791016,True
3765,431,0.0,9.540999963064678e-05,0.19094181060791016,True
3766,332,0.0071428571428571175,9.505200068815611e-05,0.1909341812133789,True
3767,308,0.0071428571428571175,9.900100121740252e-05,0.1909341812133789,True
3768,381,0.0,0.00010689400005503558,0.19094181060791016,True
3769,414,0.0,9.821099956752732e-05,0.19094181060791016,True
3770,414,0.0,9.637699986342341e-05,0.19094181060791016,True
3771,350,0.0,9.581699850969017e-05,0.19094181060791016,True
3772,379,0.0,9.478099673287943e-05,0.19094181060791016,True
3773,292,0.0,9.790100011741742e-05,0.19094181060791016,True
3774,366,0.0,9.70859982771799e-05,0.19094181060791016,True
3775,308,0.0,9.800499901757576e-05,0.19094181060791016,True
3776,292,0.0,0.00011463600094430149,0.19094181060791016,True
3777,427,0.0,0.00011610599904088303,0.19094181060791016,True
3778,292,0.0,0.00010529000064707361,0.19094181060791016,True
3779,372,0.0,0.00010373199984314851,0.19094181060791016,True
3780,102,0.021428571428571463,9.522500113234855e-05,0.1909189224243164,False
3781,340,0.0071428571428571175,0.00010207299783360213,0.1909341812133789,True
3782,332,0.014285714285714235,9.585999941918999e-05,0.19092655181884766,False
3783,371,0.0,9.582100028637797e-05,0.19094181060791016,True
3784,381,0.0714285714285714,9.678300193627365e-05,0.19086551666259766,True
3785,305,0.0,0.00010539899813011289,0.19094181060791016,True
3786,350,0.0,9.479199798079208e-05,0.19094181060791016,True
3787,305,0.0,9.644000238040462e-05,0.19094181060791016,True
3788,308,0.0071428571428571175,9.734600098454393e-05,0.1909341812133789,True
3789,456,0.0,9.565499931341037e-05,0.19094181060791016,True
3790,340,0.0071428571428571175,0.00010964300236082636,0.1909341812133789,True
3791,308,0.0,9.636699905968271e-05,0.19094181060791016,True
3792,439,0.0,9.559899990563281e-05,0.19094181060791016,True
3793,292,0.0071428571428571175,9.798400060390122e-05,0.1909341812133789,True
3794,474,0.0,0.00012352200064924546,0.19094181060791016,True
3795,305,0.0,9.691800005384721e-05,0.19094181060791016,True
3796,417,0.0,9.55239993345458e-05,0.19094181060791016,True
3797,305,0.0071428571428571175,9.736700303619727e-05,0.1909341812133789,True
3798,379,0.0,9.810899791773409e-05,0.19094181060791016,True
3799,292,0.0071428571428571175,0.00011978100155829452,0.1909341812133789,True
3800,308,0.0,9.509099982096814e-05,0.19094181060791016,True
3801,474,0.021428571428571463,9.546199726173654e-05,0.1909189224243164,True
3802,381,0.05714285714285716,9.874399984255433e-05,0.19088077545166016,True
3803,308,0.0,9.707500066724606e-05,0.19094181060791016,True
3804,372,0.0,9.556199802318588e-05,0.19094181060791016,True
3805,308,0.0,9.543000123812817e-05,0.19094181060791016,True
3806,366,0.0071428571428571175,0.0001049839993356727,0.1909341812133789,True
3807,381,0.050000000000000044,0.00010974800170515664,0.1908884048461914,True
3808,379,0.0,9.835799937718548e-05,0.19094181060791016,True
3809,372,0.0,9.61459991231095e-05,0.19094181060791016,True
3810,350,0.0,0.0001008079998428002,0.19094181060791016,True
3811,295,0.0,9.595299707143568e-05,0.19094181060791016,True
3812,308,0.0,0.00012223600060679018,0.19094181060791016,True
3813,323,0.0,9.616500028641894e-05,0.19094181060791016,True
3814,305,0.0,0.00010983399988617748,0.19094181060791016,True
3815,308,0.0,9.853800293058157e-05,0.19094181060791016,True
3816,462,0.0,0.00010263299918733537,0.19094181060791016,True
3817,350,0.0,9.581199992680922e-05,0.19094181060791016,True
3818,358,0.0,0.00010167200161959045,0.19094181060791016,True
3819,308,0.0071428571428571175,9.653000233811326e-05,0.1909341812133789,True
3820,308,0.0,9.859800047706813e-05,0.19094181060791016,True
3821,305,0.0,9.904699982143939e-05,0.19094181060791016,True
3822,379,0.0071428571428571175,9.882999802357517e-05,0.1909341812133789,True
3823,381,0.0,9.682699965196662e-05,0.19094181060791016,True
3824,323,0.0071428571428571175,9.627899999031797e-05,0.1909341812133789,True
3825,305,0.0,9.931300155585632e-05,0.19094181060791016,True
3826,414,0.0071428571428571175,0.00010523899982217699,0.1909341812133789,True
3827,308,0.0,0.00010137500066775829,0.19094181060791016,True
3828,305,0.0,9.721599781187251e-05,0.19094181060791016,True
3829,305,0.0,9.56149997364264e-05,0.19094181060791016,True
3830,308,0.0,0.00010129500151379034,0.19094181060791016,True
3831,323,0.0,9.836599929258227e-05,0.19094181060791016,True
3832,305,0.0,9.714000043459237e-05,0.19094181060791016,True
3833,371,0.0,9.901399971568026e-05,0.19094181060791016,True
3834,305,0.0,9.9330998637015e-05,0.19094181060791016,True
3835,305,0.0,9.604799925000407e-05,0.19094181060791016,True
3836,305,0.0071428571428571175,9.57850024860818e-05,0.1909341812133789,True
3837,370,0.0071428571428571175,9.594699804438278e-05,0.1909341812133789,True
3838,402,0.0,9.476599734625779e-05,0.19094181060791016,True
3839,366,0.0071428571428571175,9.63749989750795e-05,0.1909341812133789,True
3840,308,0.0071428571428571175,9.821700223255903e-05,0.1909341812133789,True
3841,427,0.0,9.538100130157545e-05,0.19094181060791016,True
3842,305,0.0071428571428571175,0.00011351699868100695,0.1909341812133789,True
3843,308,0.0,9.727999713504687e-05,0.19094181060791016,True
3844,323,0.0,9.990599937736988e-05,0.19094181060791016,True
3845,417,0.0071428571428571175,9.765399954630993e-05,0.1909341812133789,True
3846,305,0.0,9.634999878471717e-05,0.19094181060791016,True
3847,308,0.0,9.782200140762143e-05,0.19094181060791016,True
3848,308,0.0,9.745400166139007e-05,0.19094181060791016,True
3849,305,0.0,9.556499935570173e-05,0.19094181060791016,True
3850,370,0.021428571428571463,0.00010129500151379034,0.1909189224243164,True
3851,308,0.0,9.668599886936136e-05,0.19094181060791016,True
3852,427,0.0,9.659600254963152e-05,0.19094181060791016,True
3853,305,0.0,9.566400331095792e-05,0.19094181060791016,True
3854,305,0.0,0.00013266200039652176,0.19094181060791016,True
3855,414,0.0,0.00011681999967549928,0.19094181060791016,True
3856,439,0.0,9.58519995037932e-05,0.19094181060791016,True
3857,474,0.014285714285714235,9.546000001137145e-05,0.19092655181884766,True
3858,417,0.0,9.985300130210817e-05,0.19094181060791016,True
3859,350,0.0071428571428571175,9.614699956728145e-05,0.1909341812133789,True
3860,305,0.0,0.00010145999840460718,0.19094181060791016,True
3861,305,0.0,0.00010363299952587113,0.19094181060791016,True
3862,323,0.0,0.00010168000153498724,0.19094181060791016,True
3863,417,0.0,0.0001220439989992883,0.19094181060791016,True
3864,372,0.0,0.00010819899762282148,0.19094181060791016,True
3865,417,0.0,9.578199751558714e-05,0.19094181060791016,True
3866,308,0.0,0.00010634800128173083,0.19094181060791016,True
3867,350,0.0071428571428571175,9.606000094208866e-05,0.1909341812133789,True
3868,414,0.0,9.864499952527694e-05,0.19094181060791016,True
3869,323,0.0,0.00013285099703352898,0.19094181060791016,True
3870,427,0.0,9.645099999033846e-05,0.19094181060791016,True
3871,308,0.0,0.00010108400238095783,0.19094181060791016,True
3872,308,0.0,0.0001391180012433324,0.19094181060791016,True
3873,358,0.0,9.478200081503019e-05,0.19094181060791016,True
3874,305,0.0,0.00010039200060418807,0.19094181060791016,True
3875,323,0.0,9.542800034978427e-05,0.19094181060791016,True
3876,393,0.0357142857142857,0.00010168100197915919,0.1909036636352539,False
3877,295,0.0071428571428571175,0.00010223300341749564,0.1909341812133789,True
3878,340,0.02857142857142858,9.811099880607799e-05,0.19091129302978516,True
3879,402,0.0,9.892499656416476e-05,0.19094181060791016,True
3880,292,0.0,0.00010001500049838796,0.19094181060791016,True
3881,431,0.0,9.628399857319891e-05,0.19094181060791016,True
3882,292,0.0,0.00010197799929301254,0.19094181060791016,True
3883,494,0.0,0.0001643960022192914,0.19094181060791016,False
3884,340,0.021428571428571463,9.927299834089354e-05,0.1909189224243164,True
3885,308,0.0,0.00010387500151409768,0.19094181060791016,True
3886,292,0.0,0.00010294200183125213,0.19094181060791016,True
3887,402,0.0,9.448700075154193e-05,0.19094181060791016,True
3888,322,0.0,0.00010674400255084038,0.19094181060791016,True
3889,292,0.0,9.53859998844564e-05,0.19094181060791016,True
3890,335,0.0,9.775200305739418e-05,0.19094181060791016,True
3891,9,0.02857142857142858,9.704000331112184e-05,0.19091129302978516,False
3892,335,0.0,0.0001315789995715022,0.19094181060791016,True
3893,9,0.02857142857142858,9.695600238046609e-05,0.19091129302978516,False
3894,292,0.0,9.907000276143663e-05,0.19094181060791016,True
3895,340,0.021428571428571463,0.00010207099694525823,0.1909189224243164,True
3896,322,0.0,0.0002801870032271836,0.19094181060791016,True
3897,292,0.0,9.847700130194426e-05,0.19094181060791016,True
3898,9,0.02857142857142858,0.00011442500181146897,0.19091129302978516,False
3899,292,0.0071428571428571175,9.970900282496586e-05,0.1909341812133789,True
3900,370,0.014285714285714235,9.702399984234944e-05,0.19092655181884766,True
3901,414,0.014285714285714235,0.00010807299986481667,0.19092655181884766,True
3902,292,0.0,0.00010192099944106303,0.19094181060791016,True
3903,372,0.0357142857142857,9.590199988451786e-05,0.1909036636352539,True
3904,379,0.0,9.784199937712401e-05,0.19094181060791016,True
3905,399,0.0,9.564499850966968e-05,0.19094181060791016,True
3906,399,0.0,9.533799675409682e-05,0.19094181060791016,True
3907,372,0.0,9.463899914408103e-05,0.19094181060791016,True
3908,292,0.0,0.00011410699880798347,0.19094181060791016,True
3909,292,0.0,9.910999870044179e-05,0.19094181060791016,True
3910,292,0.0,0.00010162000035052188,0.19094181060791016,True
3911,399,0.0,9.5211998996092e-05,0.19094181060791016,True
3912,371,0.0,0.00010465800005476922,0.19094181060791016,True
3913,292,0.0,9.854800009634346e-05,0.19094181060791016,True
3914,494,0.0,0.00011100399933638982,0.19094181060791016,False
3915,292,0.0,0.0002493779975338839,0.19094181060791016,True
3916,323,0.0,9.807199967326596e-05,0.19094181060791016,True
3917,305,0.0,9.698600115370937e-05,0.19094181060791016,True
3918,456,0.0,9.504000263405032e-05,0.19094181060791016,True
3919,399,0.0071428571428571175,9.77180025074631e-05,0.1909341812133789,True
3920,305,0.0,0.00010350299999117851,0.19094181060791016,True
3921,198,0.02857142857142858,0.00010025200026575476,0.19091129302978516,False
3922,308,0.0,9.58460004767403e-05,0.19094181060791016,True
3923,399,0.0,9.594199946150184e-05,0.19094181060791016,True
3924,439,0.0,9.53030030359514e-05,0.19094181060791016,True
3925,427,0.0,9.666999903856777e-05,0.19094181060791016,True
3926,372,0.0,0.00010131599992746487,0.19094181060791016,True
3927,366,0.0071428571428571175,9.90289991023019e-05,0.1909341812133789,False
3928,340,0.0071428571428571175,9.553700147080235e-05,0.1909341812133789,False
3929,358,0.0,9.570299880579114e-05,0.19094181060791016,True
3930,308,0.0,9.626599785406142e-05,0.19094181060791016,True
3931,366,0.0071428571428571175,9.494400001130998e-05,0.1909341812133789,False
3932,292,0.0,0.00012095599959138781,0.19094181060791016,False
3933,439,0.0,9.519200102658942e-05,0.19094181060791016,False
3934,417,0.0,9.531999967293814e-05,0.19094181060791016,False
3935,371,0.0,9.547099762130529e-05,0.19094181060791016,True
3936,292,0.0,9.637599941925146e-05,0.19094181060791016,True
3937,427,0.0,9.835699893301353e-05,0.19094181060791016,True
3938,292,0.0,9.698100257082842e-05,0.19094181060791016,True
3939,358,0.0,9.672499800217338e-05,0.19094181060791016,True
3940,474,0.014285714285714235,0.00011865099804708734,0.19092655181884766,True
3941,305,0.0,9.6468000265304e-05,0.19094181060791016,True
3942,323,0.0,0.0001039140006469097,0.19094181060791016,True
3943,308,0.0,9.619999764254317e-05,0.19094181060791016,True
3944,399,0.0,0.00010135399861610495,0.19094181060791016,True
3945,335,0.0,9.791999764274806e-05,0.19094181060791016,True
3946,323,0.0071428571428571175,0.00011361599899828434,0.1909341812133789,True
3947,305,0.0,0.00015519400039920583,0.19094181060791016,True
3948,308,0.0,9.596399831934832e-05,0.19094181060791016,True
3949,421,0.0071428571428571175,0.00010592899707262404,0.1909341812133789,True
3950,292,0.0,0.0001248519984073937,0.19094181060791016,True
3951,399,0.0,0.00010431700138724409,0.19094181060791016,True
3952,305,0.0,0.00010028199903899804,0.19094181060791016,True
3953,308,0.0,9.641799988457933e-05,0.19094181060791016,True
3954,308,0.0,9.682999734650366e-05,0.19094181060791016,True
3955,399,0.0,9.556599979987368e-05,0.19094181060791016,True
3956,305,0.0,0.0001048259982781019,0.19094181060791016,True
3957,335,0.0,9.530199895380065e-05,0.19094181060791016,True
3958,323,0.0,0.00011595600153668784,0.19094181060791016,True
3959,372,0.0,9.586300075170584e-05,0.19094181060791016,True
3960,402,0.0,9.614400187274441e-05,0.19094181060791016,True
3961,335,0.0,9.770900214789435e-05,0.19094181060791016,True
3962,372,0.0,9.551699986332096e-05,0.19094181060791016,True
3963,295,0.0,9.820999912335537e-05,0.19094181060791016,True
3964,295,0.0,9.597199823474512e-05,0.19094181060791016,True
3965,308,0.0,9.618400144972838e-05,0.19094181060791016,True
3966,371,0.0,9.618100011721253e-05,0.19094181060791016,True
3967,414,0.0,9.950499952537939e-05,0.19094181060791016,False
3968,439,0.0,9.45290012168698e-05,0.19094181060791016,True
3969,371,0.0,9.976700312108733e-05,0.19094181060791016,True
3970,335,0.0,9.660200157668442e-05,0.19094181060791016,True
3971,323,0.0,0.00010138699872186407,0.19094181060791016,True
3972,292,0.0071428571428571175,9.720000161905773e-05,0.1909341812133789,True
3973,308,0.0,9.707299977890216e-05,0.19094181060791016,True
3974,305,0.0,0.00010275000022375025,0.19094181060791016,True
3975,335,0.0,9.56920011958573e-05,0.19094181060791016,True
3976,371,0.0,9.694999971543439e-05,0.19094181060791016,True
3977,399,0.0,9.772300109034404e-05,0.19094181060791016,True
3978,371,0.0,9.547700028633699e-05,0.19094181060791016,True
3979,358,0.0,9.919500007526949e-05,0.19094181060791016,True
3980,295,0.0071428571428571175,9.608799882698804e-05,0.1909341812133789,True
3981,295,0.0,0.00020427799972821958,0.19094181060791016,True
3982,308,0.0,9.749799937708303e-05,0.19094181060791016,True
3983,439,0.0,9.634899834054522e-05,0.19094181060791016,True
3984,371,0.0071428571428571175,9.537299774819985e-05,0.1909341812133789,True
3985,323,0.0,9.557000157656148e-05,0.19094181060791016,True
3986,340,0.0071428571428571175,9.608400068827905e-05,0.1909341812133789,True
3987,371,0.0,0.00010314500104868785,0.19094181060791016,True
3988,417,0.0,9.615799717721529e-05,0.19094181060791016,True
3989,417,0.0,0.0001304949983023107,0.19094181060791016,True
3990,371,0.0,0.00010198299787589349,0.19094181060791016,True
3991,439,0.0,9.460900037083775e-05,0.19094181060791016,True
3992,9,0.0,9.579300240147859e-05,0.19094181060791016,False
3993,409,0.0357142857142857,0.00010251300045638345,0.1909036636352539,False
3994,323,0.0,9.610100096324459e-05,0.19094181060791016,True
3995,350,0.0,9.55239993345458e-05,0.19094181060791016,True
3996,323,0.0,9.489199874224141e-05,0.19094181060791016,True
3997,371,0.0,9.613500151317567e-05,0.19094181060791016,True
3998,366,0.014285714285714235,9.556300210533664e-05,0.19092655181884766,False
3999,305,0.0,0.00010013800056185573,0.19094181060791016,True
4000,308,0.0,9.574700015946291e-05,0.19094181060791016,True
4001,305,0.0,9.615099770599045e-05,0.19094181060791016,True
4002,358,0.0,0.00010571600068942644,0.19094181060791016,True
4003,399,0.0,9.49910026974976e-05,0.19094181060791016,True
4004,414,0.0,0.00011493100100778975,0.19094181060791016,True
4005,414,0.0,9.579000106896274e-05,0.19094181060791016,True
4006,335,0.0,9.68570020631887e-05,0.19094181060791016,True
4007,439,0.0,9.859000056167133e-05,0.19094181060791016,True
4008,393,0.0071428571428571175,9.622600191505626e-05,0.1909341812133789,False
4009,371,0.0,9.758300075191073e-05,0.19094181060791016,True
4010,372,0.0,9.765499999048188e-05,0.19094181060791016,True
4011,393,0.0071428571428571175,9.494200276094489e-05,0.1909341812133789,True
4012,456,0.0,9.628199768485501e-05,0.19094181060791016,True
4013,417,0.0,9.670899817137979e-05,0.19094181060791016,True
4014,399,0.0,9.549499736749567e-05,0.19094181060791016,True
4015,399,0.0,9.449999924981967e-05,0.19094181060791016,True
4016,370,0.0,0.00011648299914668314,0.19094181060791016,True
4017,439,0.0,0.0002524449992051814,0.19094181060791016,True
4018,371,0.0,9.688399950391613e-05,0.19094181060791016,True
4019,371,0.0,9.618100011721253e-05,0.19094181060791016,True
4020,372,0.0,9.553299969411455e-05,0.19094181060791016,True
4021,308,0.0,9.549500100547448e-05,0.19094181060791016,True
4022,308,0.0,9.652300286688842e-05,0.19094181060791016,True
4023,439,0.0,9.805499939830042e-05,0.19094181060791016,True
4024,340,0.014285714285714235,9.70820001384709e-05,0.19092655181884766,True
4025,308,0.0,9.986500299419276e-05,0.19094181060791016,True
4026,371,0.014285714285714235,9.461800073040649e-05,0.19092655181884766,True
4027,308,0.05714285714285716,9.433000013814308e-05,0.19088077545166016,False
4028,371,0.0,0.00012174099902040325,0.19094181060791016,True
4029,371,0.0071428571428571175,9.55360010266304e-05,0.1909341812133789,True
4030,308,0.0,0.00011007599823642522,0.19094181060791016,True
4031,295,0.0,0.00011375200119800866,0.19094181060791016,True
4032,474,0.014285714285714235,9.76369992713444e-05,0.19092655181884766,False
4033,409,0.0,9.683700045570731e-05,0.19094181060791016,True
4034,419,0.0,0.00010481799836270511,0.19094181060791016,True
4035,419,0.0,0.00010279400157742202,0.19094181060791016,True
4036,370,0.0,9.753499762155116e-05,0.19094181060791016,True
4037,364,0.0071428571428571175,9.699400106910616e-05,0.1909341812133789,True
4038,419,0.0,9.66220031841658e-05,0.19094181060791016,True
4039,409,0.0,0.00010074799865833484,0.19094181060791016,True
4040,419,0.0,9.572500130161643e-05,0.19094181060791016,True
4041,474,0.02857142857142858,9.967600271920674e-05,0.19091129302978516,True
4042,409,0.0,0.00010029099939856678,0.19094181060791016,True
4043,370,0.0,0.00010087199916597456,0.19094181060791016,True
4044,370,0.0,0.00010241000200039707,0.19094181060791016,True
4045,419,0.0,9.696499910205603e-05,0.19094181060791016,True
4046,474,0.0357142857142857,0.00010310400102753192,0.1909036636352539,True
4047,370,0.0071428571428571175,9.628499901737086e-05,0.1909341812133789,True
4048,409,0.0,9.530999886919744e-05,0.19094181060791016,True
4049,409,0.0,0.00010073600060422905,0.19094181060791016,True
4050,474,0.014285714285714235,9.49950008362066e-05,0.19092655181884766,True
4051,419,0.0,9.513199984212406e-05,0.19094181060791016,True
4052,419,0.0,0.000103750000562286,0.19094181060791016,True
4053,370,0.0,9.782200140762143e-05,0.19094181060791016,True
4054,409,0.0,9.561400293023326e-05,0.19094181060791016,True
4055,419,0.0,0.00010994300100719556,0.19094181060791016,True
4056,419,0.0,9.658499766374007e-05,0.19094181060791016,True
4057,409,0.0,9.781799963093363e-05,0.19094181060791016,True
4058,370,0.0,9.618300100555643e-05,0.19094181060791016,True
4059,419,0.0,9.66260013228748e-05,0.19094181060791016,True
4060,370,0.0,9.644600140745752e-05,0.19094181060791016,True
4061,419,0.0,9.581999984220602e-05,0.19094181060791016,True
4062,409,0.0,9.575800140737556e-05,0.19094181060791016,True
4063,419,0.0,9.509200026514009e-05,0.19094181060791016,True
4064,419,0.0,9.846800094237551e-05,0.19094181060791016,True
4065,419,0.0,9.629700070945546e-05,0.19094181060791016,True
4066,370,0.0,0.000103370999568142,0.19094181060791016,True
4067,419,0.0,9.578100070939399e-05,0.19094181060791016,True
4068,419,0.0,9.52219997998327e-05,0.19094181060791016,True
4069,419,0.0071428571428571175,9.620800119591877e-05,0.1909341812133789,True
4070,419,0.0,0.00010231499982182868,0.19094181060791016,True
4071,364,0.0071428571428571175,0.00010613399717840366,0.1909341812133789,True
4072,409,0.0,0.00011989500126219355,0.19094181060791016,True
4073,409,0.0071428571428571175,0.00010273999942000955,0.1909341812133789,True
4074,419,0.0,9.564400170347653e-05,0.19094181060791016,True
4075,409,0.0,9.73290007095784e-05,0.19094181060791016,True
4076,295,0.0071428571428571175,0.0001051540020853281,0.1909341812133789,True
4077,409,0.0,0.00010055799793917686,0.19094181060791016,True
4078,409,0.0,9.854599920799956e-05,0.19094181060791016,True
4079,292,0.0071428571428571175,9.869299901765771e-05,0.1909341812133789,True
4080,364,0.0714285714285714,9.691500235931017e-05,0.19086551666259766,True
4081,409,0.0,9.849700290942565e-05,0.19094181060791016,True
4082,465,0.0071428571428571175,0.00011084799916716293,0.1909341812133789,True
4083,409,0.0,9.977500303648412e-05,0.19094181060791016,True
4084,419,0.0071428571428571175,0.00010046800161944702,0.1909341812133789,True
4085,409,0.0,0.0001129810007114429,0.19094181060791016,True
4086,419,0.0,9.595200026524253e-05,0.19094181060791016,True
4087,364,0.0071428571428571175,9.762799891177565e-05,0.1909341812133789,True
4088,295,0.0,9.691800005384721e-05,0.19094181060791016,True
4089,419,0.0,9.804000001167879e-05,0.19094181060791016,True
4090,419,0.0,9.65409999480471e-05,0.19094181060791016,True
4091,474,0.02857142857142858,9.713899999042042e-05,0.19091129302978516,True
4092,419,0.0,9.630700151319616e-05,0.19094181060791016,True
4093,419,0.0,0.0001419670006725937,0.19094181060791016,True
4094,419,0.0071428571428571175,9.609300104784779e-05,0.1909341812133789,True
4095,409,0.0,0.00010054499944089912,0.19094181060791016,True
4096,409,0.0,9.49909990595188e-05,0.19094181060791016,True
4097,419,0.0,9.880899960990064e-05,0.19094181060791016,True
4098,474,0.02857142857142858,9.495700214756653e-05,0.19091129302978516,True
4099,370,0.014285714285714235,9.526199937681668e-05,0.19092655181884766,True
4100,409,0.0,0.00010494100206415169,0.19094181060791016,True
4101,419,0.0,9.488000068813562e-05,0.19094181060791016,True
4102,409,0.0071428571428571175,9.504400077275932e-05,0.1909341812133789,True
4103,419,0.0,9.677900015958585e-05,0.19094181060791016,True
4104,409,0.0,9.775600119610317e-05,0.19094181060791016,True
4105,465,0.0,9.808799950405955e-05,0.19094181060791016,True
4106,465,0.0,9.688199861557223e-05,0.19094181060791016,True
4107,409,0.0,9.58459968387615e-05,0.19094181060791016,True
4108,98,0.02857142857142858,0.00010431699774926528,0.19091129302978516,False
4109,465,0.0,9.602199861546978e-05,0.19094181060791016,True
4110,409,0.0,9.655400208430365e-05,0.19094181060791016,True
4111,364,0.0,0.00010610900062602013,0.19094181060791016,True
4112,364,0.0,9.72380003076978e-05,0.19094181060791016,True
4113,474,0.021428571428571463,9.62310004979372e-05,0.1909189224243164,True
4114,409,0.0,0.00011396999980206601,0.19094181060791016,True
4115,295,0.0071428571428571175,9.787800081539899e-05,0.1909341812133789,True
4116,364,0.0,9.805700028664432e-05,0.19094181060791016,True
4117,292,0.0,9.949199738912284e-05,0.19094181060791016,True
4118,419,0.0,9.531799878459424e-05,0.19094181060791016,True
4119,419,0.0,9.703800242277794e-05,0.19094181060791016,True
4120,409,0.0,9.529599992674775e-05,0.19094181060791016,True
4121,419,0.0,9.64579994615633e-05,0.19094181060791016,True
4122,409,0.0,9.737800064613111e-05,0.19094181060791016,True
4123,364,0.0071428571428571175,9.869799760053866e-05,0.1909341812133789,True
4124,419,0.0,9.959000090020709e-05,0.19094181060791016,True
4125,332,0.0,9.534800119581632e-05,0.19094181060791016,True
4126,295,0.0,9.59980025072582e-05,0.19094181060791016,True
4127,419,0.0,9.850700007518753e-05,0.19094181060791016,True
4128,419,0.0,9.760299872141331e-05,0.19094181060791016,True
4129,332,0.0,9.860700083663687e-05,0.19094181060791016,True
4130,295,0.0,9.842099825618789e-05,0.19094181060791016,True
4131,409,0.0,9.48449996940326e-05,0.19094181060791016,True
4132,364,0.0,9.667599806562066e-05,0.19094181060791016,True
4133,409,0.0,9.498399958829395e-05,0.19094181060791016,True
4134,332,0.0071428571428571175,9.70190012594685e-05,0.1909341812133789,True
4135,419,0.0071428571428571175,9.597600001143292e-05,0.1909341812133789,True
4136,409,0.0,9.626099927118048e-05,0.19094181060791016,True
4137,295,0.0,9.698200301500037e-05,0.19094181060791016,True
4138,292,0.0071428571428571175,0.0001037600013660267,0.1909341812133789,True
4139,292,0.0071428571428571175,9.660499927122146e-05,0.1909341812133789,True
4140,409,0.0,9.680999937700108e-05,0.19094181060791016,True
4141,409,0.0,9.87999992503319e-05,0.19094181060791016,True
4142,409,0.0,9.495699850958772e-05,0.19094181060791016,True
4143,332,0.0071428571428571175,9.551800030749291e-05,0.1909341812133789,True
4144,419,0.0,0.00010816199937835336,0.19094181060791016,True
4145,419,0.0,9.587599924998358e-05,0.19094181060791016,True
4146,474,0.0071428571428571175,0.00010333299724152312,0.1909341812133789,True
4147,409,0.0,9.707299977890216e-05,0.19094181060791016,True
4148,409,0.0,0.00010427600136608817,0.19094181060791016,True
4149,409,0.0,9.519800005364232e-05,0.19094181060791016,True
4150,474,0.014285714285714235,9.757699808687903e-05,0.19092655181884766,False
4151,421,0.021428571428571463,9.756299914442934e-05,0.1909189224243164,True
4152,474,0.0071428571428571175,9.7079999250127e-05,0.1909341812133789,True
4153,419,0.0,9.958699956769124e-05,0.19094181060791016,True
4154,364,0.0071428571428571175,9.782200140762143e-05,0.1909341812133789,True
4155,292,0.0,9.602299905964173e-05,0.19094181060791016,True
4156,409,0.0071428571428571175,9.755299834068865e-05,0.1909341812133789,True
4157,419,0.021428571428571463,9.64780010690447e-05,0.1909189224243164,True
4158,295,0.0071428571428571175,9.779600077308714e-05,0.1909341812133789,True
4159,409,0.0,9.760000102687627e-05,0.19094181060791016,True
4160,409,0.0,9.571299960953183e-05,0.19094181060791016,True
4161,292,0.0071428571428571175,9.798999963095412e-05,0.1909341812133789,True
4162,419,0.0,9.94320034806151e-05,0.19094181060791016,True
4163,409,0.0,9.788100214791484e-05,0.19094181060791016,True
4164,419,0.0,9.984200005419552e-05,0.19094181060791016,True
4165,409,0.0,9.902599776978604e-05,0.19094181060791016,True
4166,419,0.0,9.582199709257111e-05,0.19094181060791016,True
4167,419,0.0,9.856999895418994e-05,0.19094181060791016,True
4168,364,0.0071428571428571175,9.588099783286452e-05,0.1909341812133789,True
4169,370,0.0071428571428571175,9.60770012170542e-05,0.1909341812133789,False
4170,474,0.014285714285714235,9.969199891202152e-05,0.19092655181884766,True
4171,370,0.0,9.842799772741273e-05,0.19094181060791016,True
4172,419,0.0,0.00010611499965307303,0.19094181060791016,True
4173,419,0.021428571428571463,9.749199671205133e-05,0.1909189224243164,False
4174,419,0.0,0.00011006500062649138,0.19094181060791016,True
4175,419,0.0,9.638199844630435e-05,0.19094181060791016,True
4176,370,0.0,9.535500066704117e-05,0.19094181060791016,True
4177,409,0.0,9.74589966062922e-05,0.19094181060791016,True
4178,364,0.0,9.683200187282637e-05,0.19094181060791016,True
4179,370,0.0,0.00011262199768680148,0.19094181060791016,True
4180,419,0.014285714285714235,9.740300083649345e-05,0.19092655181884766,True
4181,370,0.0,9.75559996732045e-05,0.19094181060791016,True
4182,295,0.0,9.78659991233144e-05,0.19094181060791016,True
4183,419,0.0,9.484399924986064e-05,0.19094181060791016,True
4184,419,0.0,9.563699859427288e-05,0.19094181060791016,True
4185,419,0.0,9.558799865772016e-05,0.19094181060791016,True
4186,370,0.0071428571428571175,0.00011689500024658628,0.1909341812133789,True
4187,364,0.0,0.00010945699978037737,0.19094181060791016,True
4188,409,0.0,9.555200085742399e-05,0.19094181060791016,True
4189,370,0.0071428571428571175,9.640400094212964e-05,0.1909341812133789,True
4190,295,0.0,9.55299983615987e-05,0.19094181060791016,True
4191,332,0.0,9.690800288808532e-05,0.19094181060791016,True
4192,295,0.0,9.643699740990996e-05,0.19094181060791016,True
4193,481,0.0,0.00010821300020324998,0.19094181060791016,True
4194,292,0.0071428571428571175,9.768900054041296e-05,0.1909341812133789,True
4195,372,0.0,9.540899918647483e-05,0.19094181060791016,True
4196,487,0.0,9.636699905968271e-05,0.19094181060791016,True
4197,439,0.0,9.518300066702068e-05,0.19094181060791016,True
4198,439,0.0,9.660900104790926e-05,0.19094181060791016,True
4199,308,0.0,9.619599950383417e-05,0.19094181060791016,True
4200,308,0.0,9.622099969419651e-05,0.19094181060791016,True
4201,323,0.014285714285714235,9.63060010690242e-05,0.19092655181884766,True
4202,439,0.0,9.562000195728615e-05,0.19094181060791016,True
4203,399,0.0,9.495199992670678e-05,0.19094181060791016,True
4204,439,0.0,9.459499779040925e-05,0.19094181060791016,True
4205,399,0.0,0.00010324599861633033,0.19094181060791016,True
4206,372,0.0,9.594099901732989e-05,0.19094181060791016,True
4207,305,0.0,9.824800144997425e-05,0.19094181060791016,True
4208,292,0.0,9.58580021688249e-05,0.19094181060791016,True
4209,9,0.0,9.533200136502273e-05,0.19094181060791016,False
4210,399,0.0,9.548899834044278e-05,0.19094181060791016,True
4211,372,0.0,9.574399882694706e-05,0.19094181060791016,True
4212,399,0.0,0.00013594399933936074,0.19094181060791016,True
4213,323,0.0,9.637000039219856e-05,0.19094181060791016,True
4214,323,0.0,0.0001785320018825587,0.19094181060791016,True
4215,305,0.0,9.890400178846903e-05,0.19094181060791016,True
4216,350,0.042857142857142816,9.381600102642551e-05,0.19089603424072266,True
4217,399,0.042857142857142816,0.00010216800001217052,0.19089603424072266,False
4218,323,0.042857142857142816,9.490299999015406e-05,0.19089603424072266,False
4219,372,0.0,9.454599785385653e-05,0.19094181060791016,True
4220,372,0.0,0.00011566600005608052,0.19094181060791016,True
4221,371,0.0,9.814399891183712e-05,0.19094181060791016,True
4222,439,0.0,0.00011120799899799749,0.19094181060791016,True
4223,305,0.0071428571428571175,0.0001046819998009596,0.1909341812133789,True
4224,399,0.0,9.597499956726097e-05,0.19094181060791016,True
4225,399,0.0,9.618900003260933e-05,0.19094181060791016,True
4226,350,0.0,9.655199755798094e-05,0.19094181060791016,True
4227,417,0.0071428571428571175,9.581599806551822e-05,0.1909341812133789,True
4228,350,0.0,0.00012140699982410297,0.19094181060791016,True
4229,305,0.0,0.00010310099969501607,0.19094181060791016,True
4230,305,0.0,9.780799882719293e-05,0.19094181060791016,True
4231,5,0.0,9.853899973677471e-05,0.19094181060791016,False
4232,358,0.0,0.00010030799967353232,0.19094181060791016,True
4233,399,0.0,9.545400098431855e-05,0.19094181060791016,True
4234,292,0.0,9.589899855200201e-05,0.19094181060791016,True
4235,305,0.0,9.671500083641149e-05,0.19094181060791016,True
4236,439,0.0,9.924199912347831e-05,0.19094181060791016,True
4237,305,0.0,0.00010326600022381172,0.19094181060791016,True
4238,371,0.0071428571428571175,9.542500265524723e-05,0.1909341812133789,True
4239,414,0.0,9.838900223257951e-05,0.19094181060791016,True
4240,409,0.050000000000000044,9.466800111113116e-05,0.1908884048461914,False
4241,439,0.0,0.00010060199929284863,0.19094181060791016,True
4242,335,0.0,9.425000098417513e-05,0.19094181060791016,True
4243,9,0.0071428571428571175,0.00011677899965434335,0.1909341812133789,False
4244,372,0.0,0.00010468099935678765,0.19094181060791016,True
4245,439,0.0,9.475699698668905e-05,0.19094181060791016,True
4246,371,0.0,0.00011020300007658079,0.19094181060791016,True
4247,371,0.0,9.512600081507117e-05,0.19094181060791016,True
4248,332,0.0,9.587900058249943e-05,0.19094181060791016,True
4249,308,0.0,9.918000068864785e-05,0.19094181060791016,True
4250,399,0.0,9.904900070978329e-05,0.19094181060791016,True
4251,9,0.0,9.53700000536628e-05,0.19094181060791016,False
4252,399,0.0,9.511200187262148e-05,0.19094181060791016,True
4253,323,0.0,9.753199992701411e-05,0.19094181060791016,True
4254,323,0.0,9.753899939823896e-05,0.19094181060791016,True
4255,350,0.0,9.643500015954487e-05,0.19094181060791016,True
4256,371,0.0,9.64780010690447e-05,0.19094181060791016,True
4257,371,0.0,9.481400047661737e-05,0.19094181060791016,True
4258,323,0.0,9.675900219008327e-05,0.19094181060791016,True
4259,350,0.0,9.650100037106313e-05,0.19094181060791016,True
4260,292,0.0,9.718300134409219e-05,0.19094181060791016,True
4261,9,0.0,0.00013435800065053627,0.19094181060791016,False
4262,305,0.0,9.81640005193185e-05,0.19094181060791016,True
4263,399,0.0,0.00014807099796598777,0.19094181060791016,True
4264,323,0.0,9.580000187270343e-05,0.19094181060791016,True
4265,371,0.0,9.492399840382859e-05,0.19094181060791016,True
4266,414,0.0,9.612700159777887e-05,0.19094181060791016,True
4267,292,0.0,9.78620009846054e-05,0.19094181060791016,True
4268,381,0.0,9.759000022313558e-05,0.19094181060791016,True
4269,474,0.0,9.528299779049121e-05,0.19094181060791016,True
4270,439,0.0,9.477300045546144e-05,0.19094181060791016,True
4271,371,0.0,0.00010688499969546683,0.19094181060791016,True
4272,439,0.0,9.64620012382511e-05,0.19094181060791016,True
4273,439,0.0,9.636200047680177e-05,0.19094181060791016,True
4274,439,0.0,9.46689979173243e-05,0.19094181060791016,True
4275,340,0.0,0.000103832997410791,0.19094181060791016,True
4276,323,0.0,9.631099965190515e-05,0.19094181060791016,True
4277,372,0.0,9.804200090002269e-05,0.19094181060791016,True
4278,372,0.0,9.588600005372427e-05,0.19094181060791016,True
4279,295,0.0071428571428571175,9.878400305751711e-05,0.1909341812133789,True
4280,409,0.02857142857142858,0.00010444200233905576,0.19091129302978516,True
4281,409,0.0,9.697399946162477e-05,0.19094181060791016,True
4282,419,0.0,0.00010555400149314664,0.19094181060791016,True
4283,419,0.0,9.709900041343644e-05,0.19094181060791016,True
4284,419,0.0,0.00010738999844761565,0.19094181060791016,True
4285,419,0.0,9.953100015991367e-05,0.19094181060791016,True
4286,370,0.0071428571428571175,0.00012979700113646686,0.1909341812133789,True
4287,409,0.0071428571428571175,9.626199971535243e-05,0.1909341812133789,True
4288,419,0.0,0.00010325400216970593,0.19094181060791016,True
4289,409,0.0,0.00012821799828088842,0.19094181060791016,True
4290,409,0.0,0.00010201699842582457,0.19094181060791016,True
4291,409,0.0,9.742500333231874e-05,0.19094181060791016,True
4292,295,0.0,9.682000018074177e-05,0.19094181060791016,True
4293,419,0.0,9.60830002441071e-05,0.19094181060791016,True
4294,370,0.0071428571428571175,9.617300020181574e-05,0.1909341812133789,True
4295,409,0.0,9.619800039217807e-05,0.19094181060791016,True
4296,419,0.0,9.673800013842992e-05,0.19094181060791016,True
4297,409,0.0,0.0001102679998439271,0.19094181060791016,True
4298,465,0.0,9.635600144974887e-05,0.19094181060791016,True
4299,474,0.014285714285714235,0.00010091000149259344,0.19092655181884766,False
4300,419,0.0,9.681200026534498e-05,0.19094181060791016,True
4301,465,0.0,0.00012016400069114752,0.19094181060791016,True
4302,419,0.0,9.654599853092805e-05,0.19094181060791016,True
4303,409,0.0,0.00012012299703201279,0.19094181060791016,True
4304,370,0.0071428571428571175,9.873100134427659e-05,0.1909341812133789,True
4305,419,0.0,0.00012862099902122281,0.19094181060791016,True
4306,419,0.014285714285714235,9.671400039223954e-05,0.19092655181884766,True
4307,332,0.014285714285714235,9.504399713478051e-05,0.19092655181884766,True
4308,419,0.0,9.719299850985408e-05,0.19094181060791016,True
4309,474,0.014285714285714235,9.565599975758232e-05,0.19092655181884766,False
4310,370,0.0,9.772900011739694e-05,0.19094181060791016,True
4311,364,0.0,9.8565000371309e-05,0.19094181060791016,True
4312,419,0.0,9.556399891152978e-05,0.19094181060791016,True
4313,409,0.0,9.575500007485971e-05,0.19094181060791016,True
4314,295,0.0,0.00010030999692389742,0.19094181060791016,True
4315,409,0.0,0.0001198250029119663,0.19094181060791016,True
4316,474,0.014285714285714235,0.00012069000149494968,0.19092655181884766,True
4317,409,0.0071428571428571175,0.0001107360003516078,0.1909341812133789,True
4318,292,0.0071428571428571175,9.703899922897108e-05,0.1909341812133789,True
4319,419,0.0,9.56799995037727e-05,0.19094181060791016,True
4320,364,0.0071428571428571175,9.683900134405121e-05,0.1909341812133789,True
4321,409,0.0,0.0001050690007105004,0.19094181060791016,True
4322,364,0.0,9.621199933462776e-05,0.19094181060791016,True
4323,409,0.0,9.683999815024436e-05,0.19094181060791016,True
4324,419,0.0,0.00010263100193697028,0.19094181060791016,True
4325,295,0.0071428571428571175,9.737800064613111e-05,0.1909341812133789,True
4326,419,0.0,0.0001053870000760071,0.19094181060791016,True
4327,474,0.021428571428571463,9.585099905962124e-05,0.1909189224243164,False
4328,439,0.042857142857142816,9.512600081507117e-05,0.19089603424072266,True
4329,295,0.0071428571428571175,0.0001039769995259121,0.1909341812133789,True
4330,474,0.021428571428571463,9.604699880583212e-05,0.1909189224243164,True
4331,364,0.0,9.839500125963241e-05,0.19094181060791016,True
4332,305,0.0,9.687000056146644e-05,0.19094181060791016,True
4333,305,0.0071428571428571175,9.75500006461516e-05,0.1909341812133789,True
4334,366,0.050000000000000044,0.00010674200166249648,0.1908884048461914,False
4335,272,0.12142857142857144,9.598299948265776e-05,0.1908121109008789,False
4336,340,0.0357142857142857,9.826799941947684e-05,0.1909036636352539,True
4337,17,0.050000000000000044,9.636899994802661e-05,0.1908884048461914,False
4338,481,0.05714285714285716,0.00012146999870310538,0.19088077545166016,False
4339,145,0.27142857142857146,0.00011315000301692635,0.19065189361572266,False
4340,136,0.050000000000000044,0.00011115499728475697,0.1908884048461914,False
4341,308,0.0,9.920199954649433e-05,0.19094181060791016,True
4342,371,0.0,9.767200026544742e-05,0.19094181060791016,True
4343,481,0.0071428571428571175,9.925899939844385e-05,0.1909341812133789,True
4344,456,0.0,9.645699901739135e-05,0.19094181060791016,True
4345,350,0.0,9.618300100555643e-05,0.19094181060791016,True
4346,456,0.0,9.793400022317655e-05,0.19094181060791016,True
4347,295,0.0,9.752000187290832e-05,0.19094181060791016,True
4348,350,0.0,9.646699982113205e-05,0.19094181060791016,True
4349,489,0.0,9.579200195730664e-05,0.19094181060791016,False
4350,308,0.0,9.509899973636493e-05,0.19094181060791016,True
4351,308,0.0,9.573799979989417e-05,0.19094181060791016,True
4352,292,0.0,9.611100176698528e-05,0.19094181060791016,True
4353,399,0.0,0.00010333799946238287,0.19094181060791016,True
4354,292,0.0,0.00010779999865917489,0.19094181060791016,True
4355,292,0.0071428571428571175,9.74649992713239e-05,0.1909341812133789,True
4356,431,0.0,9.434000094188377e-05,0.19094181060791016,True
4357,340,0.042857142857142816,0.00010780400043586269,0.19089603424072266,True
4358,273,0.0071428571428571175,0.00010758899952634238,0.1909341812133789,False
4359,295,0.0,9.688200225355104e-05,0.19094181060791016,True
4360,292,0.014285714285714235,9.711299935588613e-05,0.19092655181884766,True
4361,158,0.014285714285714235,9.52360023802612e-05,0.19092655181884766,False
4362,350,0.0,9.70940018305555e-05,0.19094181060791016,True
4363,431,0.0,9.561600018059835e-05,0.19094181060791016,True
4364,292,0.0071428571428571175,9.598399992682971e-05,0.1909341812133789,True
4365,292,0.0,9.769900134415366e-05,0.19094181060791016,True
4366,292,0.050000000000000044,0.00010458099859533831,0.1908884048461914,True
4367,308,0.0,9.630500062485225e-05,0.19094181060791016,True
4368,292,0.0,0.00010637699961080216,0.19094181060791016,True
4369,292,0.021428571428571463,9.65309991443064e-05,0.1909189224243164,True
4370,292,0.0,9.766499715624377e-05,0.19094181060791016,True
4371,402,0.0,9.580300320521928e-05,0.19094181060791016,True
4372,292,0.014285714285714235,9.73229980445467e-05,0.19092655181884766,True
4373,292,0.0,9.698599751573056e-05,0.19094181060791016,True
4374,292,0.0,9.634200250729918e-05,0.19094181060791016,True
4375,322,0.0,9.540200335322879e-05,0.19094181060791016,True
4376,350,0.0,0.00011238799925195053,0.19094181060791016,True
4377,350,0.0071428571428571175,9.685199984232895e-05,0.1909341812133789,True
4378,399,0.0,9.538499944028445e-05,0.19094181060791016,True
4379,350,0.0,9.643100202083588e-05,0.19094181060791016,True
4380,350,0.0071428571428571175,9.632299770601094e-05,0.1909341812133789,True
4381,292,0.0,0.00010593899787636474,0.19094181060791016,True
4382,49,0.07857142857142863,9.675500041339546e-05,0.1908578872680664,False
4383,379,0.06428571428571428,9.725199925014749e-05,0.1908731460571289,False
4384,145,0.17142857142857137,9.503500041319057e-05,0.19075870513916016,False
4385,364,0.0071428571428571175,9.944900011760183e-05,0.1909341812133789,True
4386,399,0.0,9.462399975745939e-05,0.19094181060791016,True
4387,323,0.0,9.565900109009817e-05,0.19094181060791016,True
4388,487,0.0071428571428571175,9.896700066747144e-05,0.1909341812133789,True
4389,372,0.0,9.4600000011269e-05,0.19094181060791016,True
4390,399,0.0,9.525600034976378e-05,0.19094181060791016,True
4391,474,0.0071428571428571175,0.00011243600238231011,0.1909341812133789,False
4392,399,0.0,9.417700130143203e-05,0.19094181060791016,True
4393,487,0.0,0.0001118219988711644,0.19094181060791016,True
4394,399,0.0,0.00010363399997004308,0.19094181060791016,True
4395,487,0.0,9.665899779065512e-05,0.19094181060791016,True
4396,462,0.0,9.728299846756272e-05,0.19094181060791016,True
4397,487,0.0,0.00010525600009714253,0.19094181060791016,True
4398,350,0.014285714285714235,9.612000212655403e-05,0.19092655181884766,True
4399,487,0.0,9.849100024439394e-05,0.19094181060791016,True
4400,456,0.0071428571428571175,0.000115916998765897,0.1909341812133789,True
4401,9,0.0071428571428571175,9.648300328990445e-05,0.1909341812133789,False
4402,350,0.0,9.655900066718459e-05,0.19094181060791016,True
4403,399,0.0,9.486199996899813e-05,0.19094181060791016,True
4404,487,0.0071428571428571175,9.776400111149997e-05,0.1909341812133789,True
4405,487,0.0,9.511700045550242e-05,0.19094181060791016,True
4406,487,0.0071428571428571175,0.00011087099846918136,0.1909341812133789,True
4407,323,0.0,9.643399971537292e-05,0.19094181060791016,True
4408,481,0.0,9.823399886954576e-05,0.19094181060791016,True
4409,399,0.0,9.714800034998916e-05,0.19094181060791016,True
4410,9,0.0071428571428571175,9.639799827709794e-05,0.1909341812133789,False
4411,399,0.0,0.00012708999929600395,0.19094181060791016,True
4412,295,0.0071428571428571175,9.640799908083864e-05,0.1909341812133789,True
4413,487,0.0,9.560200123814866e-05,0.19094181060791016,True
4414,9,0.0,0.00010393599950475618,0.19094181060791016,False
4415,350,0.0,0.00011353100126143545,0.19094181060791016,True
4416,9,0.0,9.513199984212406e-05,0.19094181060791016,False
4417,399,0.0,9.562600098433904e-05,0.19094181060791016,False
4418,9,0.0,0.00010485399980098009,0.19094181060791016,False
4419,323,0.0,9.796799713512883e-05,0.19094181060791016,True
4420,481,0.0,9.603199941921048e-05,0.19094181060791016,True
4421,487,0.0,0.00010062099681817926,0.19094181060791016,True
4422,487,0.014285714285714235,0.0001045360004354734,0.19092655181884766,True
4423,102,0.02857142857142858,9.870600115391426e-05,0.19091129302978516,False
4424,487,0.0071428571428571175,0.00010608799857436679,0.1909341812133789,True
4425,487,0.0071428571428571175,9.800100087886676e-05,0.1909341812133789,True
4426,487,0.0,0.00010159299927181564,0.19094181060791016,True
4427,9,0.0,0.00010888399992836639,0.19094181060791016,False
4428,487,0.0,0.00011568899935809895,0.19094181060791016,True
4429,292,0.0,9.87069979601074e-05,0.19094181060791016,True
4430,487,0.0071428571428571175,9.690200022305362e-05,0.1909341812133789,True
4431,421,0.0,0.00011098100003437139,0.19094181060791016,True
4432,487,0.0071428571428571175,0.00010226199810858816,0.1909341812133789,True
4433,399,0.0,9.944799967342988e-05,0.19094181060791016,True
4434,487,0.0,9.856599717750214e-05,0.19094181060791016,True
4435,487,0.0,9.759300155565143e-05,0.19094181060791016,True
4436,487,0.0,9.585899897501804e-05,0.19094181060791016,True
4437,9,0.0,9.574299838277511e-05,0.19094181060791016,False
4438,9,0.0,9.687000056146644e-05,0.19094181060791016,False
4439,9,0.0071428571428571175,0.00010893999933614396,0.1909341812133789,False
4440,9,0.0,9.739300003275275e-05,0.19094181060791016,False
4441,487,0.0,9.6464002126595e-05,0.19094181060791016,True
4442,487,0.0,9.741100075189024e-05,0.19094181060791016,True
4443,399,0.0,9.506400238024071e-05,0.19094181060791016,True
4444,371,0.042857142857142816,0.00010183600170421414,0.19089603424072266,False
4445,323,0.0071428571428571175,9.668100028648041e-05,0.1909341812133789,False
4446,323,0.0,9.649799903854728e-05,0.19094181060791016,False
4447,487,0.0,9.685799886938184e-05,0.19094181060791016,True
4448,323,0.0071428571428571175,0.00011067000014008954,0.1909341812133789,True
4449,487,0.02857142857142858,9.625300299376249e-05,0.19091129302978516,True
4450,322,0.0,0.00010633599958964624,0.19094181060791016,True
4451,340,0.050000000000000044,9.862300066743046e-05,0.1908884048461914,True
4452,372,0.0,9.588499960955232e-05,0.19094181060791016,True
4453,414,0.0071428571428571175,9.636100003262982e-05,0.1909341812133789,True
4454,292,0.0,9.820999912335537e-05,0.19094181060791016,True
4455,322,0.0,0.00011190399891347624,0.19094181060791016,True
4456,431,0.0,9.669599967310205e-05,0.19094181060791016,True
4457,487,0.02857142857142858,9.938799848896451e-05,0.19091129302978516,True
4458,460,0.0,9.477899948251434e-05,0.19094181060791016,True
4459,292,0.0,9.679399954620749e-05,0.19094181060791016,True
4460,292,0.0,9.650100037106313e-05,0.19094181060791016,True
4461,292,0.0,0.00016662000052747317,0.19094181060791016,True
4462,292,0.0,9.934400077327155e-05,0.19094181060791016,True
4463,292,0.0,9.744800263433717e-05,0.19094181060791016,True
4464,487,0.021428571428571463,0.00010000399925047532,0.1909189224243164,True
4465,295,0.0,0.00010173700138693675,0.19094181060791016,True
4466,292,0.0071428571428571175,9.587900058249943e-05,0.1909341812133789,True
4467,292,0.0,9.959299859474413e-05,0.19094181060791016,True
4468,462,0.0,9.583099745213985e-05,0.19094181060791016,True
4469,487,0.0071428571428571175,9.656600013840944e-05,0.1909341812133789,True
4470,399,0.0,9.722100003273226e-05,0.19094181060791016,True
4471,487,0.0,0.00010755800030892715,0.19094181060791016,True
4472,372,0.0,9.434599996893667e-05,0.19094181060791016,True
4473,487,0.0,0.00010169600136578083,0.19094181060791016,True
4474,399,0.0,0.00010676500096451491,0.19094181060791016,True
4475,487,0.0071428571428571175,9.763599882717244e-05,0.1909341812133789,True
4476,462,0.0,9.616100214770995e-05,0.19094181060791016,True
4477,481,0.021428571428571463,9.995599975809455e-05,0.1909189224243164,True
4478,350,0.0071428571428571175,9.580100231687538e-05,0.1909341812133789,True
4479,340,0.021428571428571463,9.688900172477588e-05,0.1909189224243164,True
4480,364,0.0,9.743800183059648e-05,0.19094181060791016,True
4481,350,0.0071428571428571175,9.6239000413334e-05,0.1909341812133789,True
4482,295,0.021428571428571463,9.735699859447777e-05,0.1909189224243164,True
4483,332,0.0071428571428571175,0.00010952999946312048,0.1909341812133789,True
4484,481,0.014285714285714235,9.74770009634085e-05,0.19092655181884766,True
4485,399,0.0,0.00010370100062573329,0.19094181060791016,True
4486,487,0.0071428571428571175,0.00010432099952595308,0.1909341812133789,False
4487,456,0.0,9.641399810789153e-05,0.19094181060791016,True
4488,9,0.0,9.890399815049022e-05,0.19094181060791016,False
4489,399,0.0071428571428571175,0.00011196400009794161,0.1909341812133789,True
4490,399,0.0,0.0001135929996962659,0.19094181060791016,True
4491,487,0.0,9.552700066706166e-05,0.19094181060791016,True
4492,399,0.0,0.00011968100079684518,0.19094181060791016,True
4493,9,0.0071428571428571175,9.663799937698059e-05,0.1909341812133789,False
4494,9,0.0071428571428571175,0.0001219830010086298,0.1909341812133789,False
4495,371,0.0071428571428571175,0.00010141800157725811,0.1909341812133789,False
4496,487,0.0071428571428571175,0.00010504999954719096,0.1909341812133789,False
4497,494,0.0,0.00010230399857391603,0.19094181060791016,False
4498,399,0.0071428571428571175,9.611999848857522e-05,0.1909341812133789,True
4499,487,0.0071428571428571175,9.671500083641149e-05,0.1909341812133789,False
