Test Index,Train Index,Score,Computing Time (s),Space Usage (MB),Same Class
0,13,13.187032186762831,0.00013750200014328584,0.17247867584228516,True
1,118,1.9570408804857984,0.0001471979994676076,0.1724557876586914,True
2,271,4.619339571627564,0.00013363600010052323,0.1724863052368164,True
3,65,4.836142402965682,0.00013179300003685057,0.1724863052368164,True
4,226,4.55203912398407,0.00013500600107363425,0.1725625991821289,True
5,269,3.9524887912867297,0.00014527000166708604,0.1724100112915039,True
6,144,3.9231482197103356,0.0001432999997632578,0.1725320816040039,True
7,166,2.5159898588772487,0.00014034699779585935,0.17246341705322266,True
8,98,2.8198855937421983,0.0001446209971618373,0.1725473403930664,True
9,33,8.37697359371857,0.00013924500308348797,0.17247867584228516,True
10,129,2.103602330075211,0.00014061200272408314,0.17247867584228516,True
11,158,4.016699115334132,0.00014372000077855773,0.1725168228149414,True
12,106,5.338829415380271,0.00013953599773230962,0.17246341705322266,True
13,151,1.967415044277598,0.0001362189977953676,0.17241764068603516,True
14,247,3.0215447206558705,0.00014063300113775767,0.17252445220947266,True
15,1,3.0172988876599254,0.00013472999853547662,0.1723947525024414,True
16,135,1.4182296304024289,0.00013790100274491124,0.17240238189697266,True
17,166,2.0187818853318373,0.00014871900202706456,0.1724405288696289,True
18,76,3.471579722771181,0.00012896800035377964,0.17229557037353516,True
19,76,2.5985075555900496,0.00014548100079991855,0.17231082916259766,True
20,98,1.875915931407857,0.00013899300029152073,0.1724252700805664,True
21,151,1.9947939543525008,0.0001454070006730035,0.17252445220947266,True
22,24,2.0438413866524194,0.00013309399946592748,0.1723337173461914,True
23,166,1.4818721136284074,0.00012809100007871166,0.17234134674072266,True
24,151,1.7971583918947385,0.00013616100113722496,0.17241764068603516,True
25,144,30.000720344070324,0.00014799299970036373,0.17260074615478516,True
26,187,2.7582493020071484,0.0001499600002716761,0.1725931167602539,True
27,13,7.258644453839599,0.00014797499898122624,0.17247867584228516,True
28,282,2.0346274597664973,0.0001430749980499968,0.1724710464477539,True
29,24,2.2245379023226475,0.00014272900079959072,0.1724100112915039,True
30,161,3.4936486944618794,0.0001577970033395104,0.1725320816040039,True
31,242,3.330422524236953,0.00015049900321173482,0.1723947525024414,True
32,242,1.8261031225890323,0.00014357600230141543,0.1723947525024414,True
33,132,2.839514490465086,0.0001369440033158753,0.1724863052368164,True
34,66,2.6483929619886055,0.00013799799853586592,0.17249393463134766,True
35,242,3.241889441737498,0.00013930000204709359,0.17237186431884766,True
36,33,3.468154752141664,0.00015071700181579217,0.1724405288696289,True
37,33,6.2443102335748275,0.00013567099813371897,0.17243289947509766,True
38,82,1.7446970466227951,0.00013544499961426482,0.1724100112915039,True
39,246,3.022960268152953,0.00017573299919604324,0.17255496978759766,True
40,106,11.177823952482305,0.00013955000031273812,0.17249393463134766,True
41,24,1.8979493833815457,0.00014348100012284704,0.17243289947509766,True
42,255,3.6961055850711433,0.00017822299923864193,0.1725320816040039,True
43,151,3.0965817501694466,0.00013504699745681137,0.1723947525024414,True
44,75,4.452861943556527,0.00013830500029143877,0.17246341705322266,True
45,24,1.5404621264997285,0.00013581999883172102,0.17240238189697266,True
46,145,11.432932613243644,0.00015357899974333122,0.17249393463134766,True
47,33,18.153103632162686,0.00014890900274622254,0.1725473403930664,True
48,282,2.8427629965585943,0.00013492500147549435,0.1724100112915039,True
49,243,3.4298936034367578,0.0001442240027245134,0.1725473403930664,True
50,226,1.801827120282586,0.000127238999994006,0.17231082916259766,True
51,38,0.8074007330570102,0.00012960700041730888,0.1723337173461914,True
52,247,2.78368126579925,0.00015047299893922172,0.17243289947509766,True
53,24,2.0858245186771955,0.00015023200103314593,0.1723947525024414,True
54,98,5.650229366779043,0.0001420619992131833,0.17258548736572266,True
55,127,5.216818765463245,0.0001628280006116256,0.17241764068603516,True
56,143,3.151492404697334,0.0001531229972897563,0.1723947525024414,True
57,242,2.051948351631356,0.000133068002469372,0.1723489761352539,True
58,66,3.458054111326606,0.00014464699779637158,0.17252445220947266,True
59,149,3.333691541207676,0.00014714400094817393,0.1724100112915039,True
60,242,1.8255441312148892,0.0001410060031048488,0.17237186431884766,True
61,129,1.7696444734114432,0.0001512059970991686,0.17237186431884766,True
62,125,4.190613060102442,0.00016171899915207177,0.1725168228149414,True
63,24,1.7797660647219096,0.00014208799984771758,0.17240238189697266,True
64,149,2.026398991971348,0.00014651500168838538,0.1723489761352539,True
65,271,3.3426415462703485,0.00014951300181564875,0.1725168228149414,True
66,435,34.44483889624274,0.0001423130015609786,0.1725931167602539,False
67,226,4.245398797533481,0.00015303699910873547,0.17244815826416016,True
68,125,5.6327341694821715,0.00017737099915393628,0.1724863052368164,True
69,151,1.5097989204719282,0.00013344599938136525,0.1724100112915039,True
70,169,2.1963507825998927,0.0001343730000371579,0.1724252700805664,True
71,75,4.806109418716516,0.00013500400018529035,0.17241764068603516,True
72,151,2.655230601327661,0.000149965999298729,0.17241764068603516,True
73,144,2.225791214703777,0.00013854999997420236,0.1725168228149414,True
74,151,1.874602323088519,0.00013486800162354484,0.1723947525024414,True
75,143,2.3674417050875833,0.0001372480001009535,0.1724405288696289,True
76,66,3.3486366300916077,0.0001410589975421317,0.1725168228149414,True
77,98,8.151982725881762,0.00014048299999558367,0.17252445220947266,True
78,151,2.303914191185258,0.00013610600217361934,0.17241764068603516,True
79,226,3.863377335341536,0.0001486729997850489,0.17250919342041016,True
80,82,4.955519248764601,0.000136579001264181,0.17241764068603516,True
81,268,2.6735825301113496,0.00013264299923321232,0.1723489761352539,True
82,24,4.361277890116351,0.00014666900096926838,0.1724863052368164,True
83,166,2.7138497587993973,0.00013659199976245873,0.17244815826416016,True
84,144,10.279240165175569,0.0001548770014778711,0.1726388931274414,True
85,226,3.263337993300029,0.00013838399900123477,0.1724710464477539,True
86,51,11.758867212792191,0.0001513540009909775,0.1724252700805664,True
87,158,2.973220654353277,0.00013974100147606805,0.1724252700805664,True
88,149,0.699772223081535,0.00012837300164392218,0.17231082916259766,True
89,144,5.211113903668542,0.00015744600023026578,0.1725473403930664,True
90,8,5.014631738857345,0.00014684499910799786,0.17250919342041016,True
91,38,2.732868749499073,0.0001365530006296467,0.1723947525024414,True
92,246,1.3900078320400295,0.00015327000073739327,0.1723947525024414,True
93,158,18.144132210920077,0.00014432399984798394,0.17263126373291016,True
94,242,3.004041827033471,0.00014333999934024177,0.1724252700805664,True
95,38,3.75787969057816,0.00013815399870509282,0.1724252700805664,True
96,282,2.534878492293566,0.00013969399878988042,0.17252445220947266,True
97,158,3.7782792007528716,0.0001404370013915468,0.17252445220947266,True
98,274,2.2550103295709443,0.00015324799824156798,0.17238712310791016,True
99,151,2.032988415573355,0.00015163099669734947,0.17241764068603516,True
100,118,3.8770786425737063,0.0001380199973937124,0.17243289947509766,True
101,269,2.8025902134555705,0.00013209000098868273,0.1723337173461914,True
102,226,2.0904719441017914,0.00012666600014199503,0.1723031997680664,True
103,245,5.13468813995888,0.00015179600086412393,0.17249393463134766,True
104,271,5.06537022385576,0.0001408929965691641,0.1724863052368164,True
105,166,1.9090054561581575,0.00014059599925531074,0.17231082916259766,True
106,196,3.6505417663744257,0.00013407000005827285,0.1723947525024414,True
107,254,14.308238411122321,0.00015498499851673841,0.1726388931274414,True
108,144,3.4544706571497583,0.0001556530005473178,0.1725473403930664,True
109,282,2.142556808731432,0.00014507200103253126,0.1724863052368164,True
110,75,2.4690262063396107,0.00015956099741742946,0.17234134674072266,True
111,106,9.856092673206751,0.0001583359990036115,0.17257022857666016,True
112,161,1.6705687335110657,0.0001964779985428322,0.1724710464477539,True
113,124,3.299819149353466,0.00015465799879166298,0.1724405288696289,True
114,106,7.6396165146861374,0.00015953800175338984,0.17250919342041016,True
115,82,3.646818826431344,0.00014816600014455616,0.1724100112915039,True
116,118,2.0630163907031163,0.00015111700122361071,0.17249393463134766,True
117,166,2.055869658149262,0.00013693700020667166,0.1724557876586914,True
118,166,1.1662983653612737,0.00013310700160218403,0.17238712310791016,True
119,75,3.2210556687855956,0.00013205000141169876,0.17232608795166016,True
120,118,2.7958056466166066,0.0001373230006720405,0.17244815826416016,True
121,208,3.4914309562674184,0.00015713699758634903,0.17247867584228516,True
122,151,2.3156194625624327,0.0001356249995296821,0.1724252700805664,True
123,38,1.7898291584923371,0.00013829300223733298,0.1724710464477539,True
124,82,4.605794040667024,0.0001433019970136229,0.1725015640258789,True
125,82,4.87655069329272,0.00013556100020650774,0.17240238189697266,True
126,271,3.579277559797353,0.00013488900003721938,0.17243289947509766,True
127,1,5.60452693427426,0.00014873300096951425,0.1725168228149414,True
128,133,1.831821225677144,0.00014769400149816647,0.17235660552978516,True
129,24,3.125025583851885,0.00014987500253482722,0.1725015640258789,True
130,246,2.645682401727595,0.00013986799967824481,0.1725473403930664,True
131,133,1.9596475974365926,0.0001311979976890143,0.17238712310791016,True
132,245,2.5497228461448205,0.00013821600077790208,0.1723642349243164,True
133,118,2.8940312231955803,0.00014466700304183178,0.17250919342041016,True
134,468,27.535665861845516,0.00013962400043965317,0.1725168228149414,False
135,145,10.219082073928623,0.00013615699936053716,0.1724710464477539,True
136,255,2.786553334065884,0.00014834000103292055,0.17252445220947266,True
137,166,1.1513093249694089,0.00013900100020691752,0.1723489761352539,True
138,196,2.812319883560935,0.0001440050000383053,0.17247867584228516,True
139,135,1.696759424602992,0.0001778919977368787,0.1723947525024414,True
140,273,3.7408267929129257,0.00017588899936527014,0.17243289947509766,True
141,149,3.4608990566614697,0.00015630499910912476,0.1724710464477539,True
142,10,2.00697152228272,0.00014560700219590217,0.1724710464477539,True
143,66,2.036308678968722,0.0002169029976357706,0.17237186431884766,True
144,226,3.4186054948224602,0.00013633100024890155,0.17241764068603516,True
145,166,2.731388026082172,0.00014347099931910634,0.1725015640258789,True
146,65,4.964062519632241,0.00014529699910781346,0.1725168228149414,True
147,215,3.6240302647252327,0.000136733000545064,0.17247867584228516,True
148,24,4.07577096753395,0.00015364000137196854,0.17249393463134766,True
149,144,3.7429058036071403,0.00017696700160740875,0.1725320816040039,True
150,226,4.1727123645834245,0.00014155399912851863,0.1724252700805664,True
151,106,3.1054320691328945,0.00014359099805005826,0.17246341705322266,True
152,151,2.008768329602248,0.00014238100266084075,0.17238712310791016,True
153,151,4.825839061351802,0.00014611900041927584,0.1725625991821289,True
154,133,1.2201262373650936,0.00014509200264001265,0.17247867584228516,True
155,143,2.076398525979021,0.0001413530007994268,0.1724710464477539,True
156,282,2.2727420168611405,0.0001409069991495926,0.1724252700805664,True
157,247,2.1074352823803584,0.00014351600111695006,0.17244815826416016,True
158,242,3.3742895438906744,0.0001410709992342163,0.1723947525024414,True
159,82,5.299776804894887,0.00015147800149861723,0.17237186431884766,True
160,151,1.9324461642139734,0.00013458199828164652,0.17243289947509766,True
161,92,4.694715401564879,0.00015807800082257017,0.1725015640258789,True
162,158,2.553267538651401,0.00013343200043891557,0.17241764068603516,True
163,51,3.7836486873884034,0.00014325200027087703,0.1724863052368164,True
164,242,1.0515723425297976,0.00014556200039805844,0.17232608795166016,True
165,82,2.493010485023388,0.00014623099923483096,0.17250919342041016,True
166,106,17.292928828525078,0.00016844699712237343,0.17255496978759766,True
167,24,1.1183643079368557,0.0001781920000212267,0.17243289947509766,True
168,129,2.3078781858252357,0.0001705249997030478,0.1725168228149414,True
169,166,2.1779311283705973,0.00029057800202281214,0.17240238189697266,True
170,24,4.546827975350338,0.00016867000158526935,0.1724557876586914,True
171,247,2.4200021558017113,0.00018102200192515738,0.17255496978759766,True
172,135,0.4986059119688477,0.00019380400044610724,0.17237186431884766,True
173,196,3.71968922610234,0.0001429270014341455,0.1724252700805664,True
174,274,1.2261626752632266,0.00014839299910818227,0.17243289947509766,True
175,98,5.497162277707229,0.00016962800145847723,0.1725931167602539,True
176,24,7.4719527613003205,0.0001794240015442483,0.1726541519165039,True
177,158,8.318102234839802,0.00016079499982879497,0.17255496978759766,True
178,356,73.63990467103987,0.00015195900050457567,0.1725625991821289,False
179,130,3.428664013292975,0.00013837000005878508,0.17235660552978516,True
180,118,0.8272205753532779,0.0001488800007791724,0.17237186431884766,True
181,135,1.2852165734086838,0.0001686690011410974,0.17234134674072266,True
182,273,3.9243483890342983,0.00016077599866548553,0.17255496978759766,True
183,127,2.0881055710702467,0.00014164900130708702,0.1723642349243164,True
184,242,2.4401767920174655,0.00014427000132855028,0.1724405288696289,True
185,273,2.145000111968777,0.00019046699890168384,0.1725015640258789,True
186,271,2.5214954602975093,0.0001432370008842554,0.1724405288696289,True
187,92,3.172175319037591,0.00015296800120268017,0.1724557876586914,True
188,143,1.9266482314127344,0.00013970700092613697,0.17241764068603516,True
189,226,2.757781364640063,0.00014103599824011326,0.1723947525024414,True
190,158,3.026819019833934,0.00017687800209387206,0.17238712310791016,True
191,242,2.71751686646821,0.00019052600327995606,0.1724863052368164,True
192,125,2.9491672274748817,0.00018284099860466085,0.1724710464477539,True
193,132,2.3726998846468144,0.00014226999701349996,0.17240238189697266,True
194,118,2.7076114822260937,0.0001338620022579562,0.17238712310791016,True
195,82,11.692409776833435,0.00014731400005985051,0.1724863052368164,True
196,127,2.5723595201589604,0.00013348300126381218,0.1724252700805664,True
197,82,1.4525352400198699,0.00013251600103103556,0.17235660552978516,True
198,273,1.8622965179426028,0.0001393710008414928,0.17249393463134766,True
199,82,2.7847205179871932,0.00014208300126483664,0.1723794937133789,True
200,66,4.1197683276452475,0.0001587149999977555,0.17240238189697266,True
201,242,2.695198461344771,0.0001335239976469893,0.1724100112915039,True
202,274,2.1899431702599994,0.00015954799891915172,0.17238712310791016,True
203,274,4.28833790055402,0.00014480800018645823,0.17257022857666016,True
204,95,4.234748027399559,0.0001522210004623048,0.17250919342041016,True
205,135,1.7625146500497617,0.00017994600057136267,0.17243289947509766,True
206,271,2.733249599925981,0.00013973100067232735,0.17246341705322266,True
207,226,3.482365908727622,0.00014054400162422098,0.1723794937133789,True
208,82,2.7773514792420704,0.00013357900024857372,0.17235660552978516,True
209,130,3.432813705112681,0.00014535599984810688,0.17238712310791016,True
210,13,29.808248436462062,0.00014904099953128025,0.1725625991821289,True
211,24,2.1173089814719943,0.00013550499716075137,0.17232608795166016,True
212,143,2.727747212015425,0.0001437760001863353,0.17244815826416016,True
213,98,5.409536826157364,0.00014028399891685694,0.17250919342041016,True
214,243,4.288970974469028,0.00013929800115874968,0.1725015640258789,True
215,76,1.2928771766118996,0.00014736499724676833,0.1723642349243164,True
216,271,2.941889934965816,0.00013609799862024374,0.17234134674072266,True
217,151,5.414198522451246,0.00014282299889600836,0.17244815826416016,True
218,33,7.700953010458649,0.00016834800044307485,0.1724710464477539,True
219,10,1.7874461942271798,0.00013830000170855783,0.1723794937133789,True
220,273,2.489025110929977,0.00014474300041911192,0.17249393463134766,True
221,254,10.000202946528326,0.0001473299998906441,0.1725320816040039,True
222,274,10.062122497700166,0.00016627999866614118,0.1724710464477539,True
223,187,4.843381932273841,0.0001785080021363683,0.1725778579711914,True
224,133,2.0046019763660383,0.00014458599980571307,0.1724710464477539,True
225,124,6.0153107502496,0.00014772599752177484,0.17246341705322266,True
226,274,2.348637892874462,0.00014964000001782551,0.1724710464477539,True
227,144,20.68146734875541,0.00017969699911191128,0.17267704010009766,True
228,274,1.940983108133338,0.00015148599777603522,0.17238712310791016,True
229,255,2.513512185518276,0.00014182400263962336,0.1724405288696289,True
230,82,1.7980841764546245,0.00014720199760631658,0.1725015640258789,True
231,133,2.097854593941301,0.00014620200090575963,0.1724252700805664,True
232,243,2.374233542349689,0.0001480509999964852,0.17244815826416016,True
233,242,2.8788297041893642,0.0001390430006722454,0.17240238189697266,True
234,273,1.6547980115045042,0.00013345000115805306,0.17234134674072266,True
235,98,2.5240111546878348,0.0001949420002347324,0.1724557876586914,True
236,144,3.947166414573403,0.00014258200098993257,0.1725625991821289,True
237,271,3.0369264861300307,0.00014806800027145073,0.1724710464477539,True
238,82,2.8662198247341073,0.00018801199985318817,0.1724405288696289,True
239,132,3.5283872292456393,0.00013668400060851127,0.1724405288696289,True
240,1,6.1998665450463735,0.00015254599929903634,0.1725778579711914,True
241,65,1.2466812598738672,0.00013008200039621443,0.1723184585571289,True
242,282,1.2833982895818905,0.0001516129996161908,0.17240238189697266,True
243,82,2.275927779456136,0.0001622180025151465,0.17244815826416016,True
244,92,5.393764248090902,0.00014183800158207305,0.17243289947509766,True
245,75,1.5509122136381,0.00012797099770978093,0.1723184585571289,True
246,66,2.7939480361589673,0.00013794199912808836,0.1724863052368164,True
247,242,1.6045660612628,0.00014453499898081645,0.1724100112915039,True
248,246,2.2829250611140353,0.00014072799967834726,0.17253971099853516,True
249,24,2.4119769043189563,0.00013513399971998297,0.17240238189697266,True
250,66,3.898483758221363,0.0001444020017515868,0.17247867584228516,True
251,85,4.226620397528502,0.0001431460004823748,0.17246341705322266,True
252,92,7.92331390208498,0.00014267300139181316,0.1725168228149414,True
253,282,3.4799831620321875,0.00014414199904422276,0.1725320816040039,True
254,226,1.99196393836047,0.0001412919991707895,0.1724557876586914,True
255,468,22.365296987880384,0.0001508939967607148,0.1725625991821289,False
256,38,3.2729343464696425,0.0001354650012217462,0.17241764068603516,True
257,76,6.876506642625584,0.0001498970013926737,0.1724863052368164,True
258,33,8.202588186926384,0.00014095700316829607,0.17243289947509766,True
259,243,5.327547390808565,0.00016610699822194874,0.1724710464477539,True
260,118,2.4508697685412963,0.00014404399917111732,0.1724252700805664,True
261,24,1.4726872029138613,0.00014555799862137064,0.1723337173461914,True
262,282,2.662227038979876,0.0001463289991079364,0.1725015640258789,True
263,13,10.97383504656412,0.00015322100080084056,0.17249393463134766,True
264,82,2.81870904052027,0.00014728500173077919,0.1724863052368164,True
265,24,3.2657841647388346,0.00015920800069579855,0.1725168228149414,True
266,82,3.644188739142575,0.00014563099830411375,0.17241764068603516,True
267,135,1.8524866353361351,0.0001395090002915822,0.1724100112915039,True
268,150,6.171464910441558,0.000145084999530809,0.17241764068603516,True
269,1,19.004386224011373,0.0001529260007373523,0.1726236343383789,True
270,24,6.275875462372863,0.00014127499889582396,0.1724710464477539,True
271,247,5.370547511243727,0.00014395600010175258,0.1726083755493164,True
272,98,2.877676264462878,0.00020663599934778176,0.17247867584228516,True
273,75,2.8729619504686723,0.00013372700050240383,0.1723337173461914,True
274,149,3.5779610312629258,0.00013761700029135682,0.17244815826416016,True
275,129,2.0527859461965012,0.00014675499915028922,0.17243289947509766,True
276,118,3.0699134555465046,0.0001353899970126804,0.17244815826416016,True
277,10,3.2252839486070393,0.00013473400031216443,0.17241764068603516,True
278,247,2.2227052178377535,0.00013567800124292262,0.1724710464477539,True
279,1,4.110170448723623,0.00014012400060892105,0.17252445220947266,True
280,226,2.6648990066374054,0.00014170699796522968,0.1725320816040039,True
281,242,1.5972653101222323,0.00013496599785867147,0.17237186431884766,True
282,269,3.2134058482351118,0.00013904599836678244,0.1724405288696289,True
283,106,6.082905721273729,0.00014422899766941555,0.17253971099853516,True
284,125,3.1474272457082586,0.00013738800043938681,0.17246341705322266,True
285,273,1.3865146129078,0.00013764600225840695,0.1724100112915039,True
286,133,0.9228446288999633,0.00013162699906388298,0.17237186431884766,True
287,166,1.5393043625290366,0.00014150800052448176,0.1724405288696289,True
288,51,10.012845753567303,0.00015467800039914437,0.1725778579711914,True
289,82,1.6452606111469625,0.00013497499821824022,0.17241764068603516,True
290,132,1.9351805173295002,0.0001409010001225397,0.1724710464477539,True
291,271,4.136381391454199,0.00014011999883223325,0.17250919342041016,True
292,64,2.1486988397708036,0.00014898299923515879,0.1723947525024414,True
293,65,3.5558162053608653,0.00013692699940293096,0.1724557876586914,True
294,118,2.3705175900643454,0.00014734300202690065,0.1724100112915039,True
295,226,2.5121747447365625,0.00013170999955036677,0.17237186431884766,True
296,242,1.9707123222110132,0.00013455999942380004,0.17240238189697266,True
297,24,3.223717919113471,0.0001382650007144548,0.17247867584228516,True
298,269,4.3903330865150405,0.0001407290001225192,0.17244815826416016,True
299,76,2.558756505714944,0.00015234899910865352,0.1723184585571289,True
300,274,2.433864195050142,0.0001392539998050779,0.17246341705322266,True
301,151,1.4474191291247256,0.0001349809972452931,0.17241764068603516,True
302,106,23.549144697642753,0.00015164800061029382,0.1726388931274414,True
303,151,2.015082797744524,0.00014736499724676833,0.17246341705322266,True
304,271,1.252255228277401,0.00013080799908493645,0.1723642349243164,True
305,247,1.1702112646855052,0.0001352219987893477,0.17243289947509766,True
306,98,9.198427147742224,0.00014240800010156818,0.17258548736572266,True
307,24,4.408060335686623,0.00013802299872622825,0.17247867584228516,True
308,82,1.6719309180519983,0.00013366499842959456,0.17235660552978516,True
309,245,3.3376378617348568,0.0001623839998501353,0.1725320816040039,True
310,64,2.8082931568893814,0.0001614360007806681,0.17237186431884766,True
311,161,3.3009284279821305,0.00017517200103611685,0.17244815826416016,True
312,82,4.231910579021574,0.00014683300105389208,0.1723947525024414,True
313,98,3.803379165674911,0.00013862699779565446,0.1724405288696289,True
314,135,4.086493163548657,0.00014053900304134004,0.17250919342041016,True
315,166,2.6396319444771903,0.000134828998852754,0.1724252700805664,True
316,242,3.194817420237376,0.0003559930009942036,0.17238712310791016,True
317,151,1.5560647284166917,0.00014202300008037128,0.17246341705322266,True
318,149,3.5521515156442924,0.00013488799959304743,0.1724100112915039,True
319,98,1.9876518768326499,0.0001436769998690579,0.1725473403930664,True
320,13,15.228538302264433,0.00014277399895945564,0.1725320816040039,True
321,144,1.9332504043688787,0.000131053999211872,0.17235660552978516,True
322,169,1.6529712712027844,0.00014706300135003403,0.1724100112915039,True
323,33,8.3313136989584,0.00014721199841005728,0.17249393463134766,True
324,65,3.2702832060786604,0.000214668001717655,0.17244815826416016,True
325,82,2.393151194072808,0.00015398699906654656,0.1723947525024414,True
326,76,3.0259933436699935,0.00013201199908507988,0.1723489761352539,True
327,242,2.8623931954100477,0.00014274600107455626,0.1725320816040039,True
328,245,5.6866133263545064,0.0001378599990857765,0.17249393463134766,True
329,247,9.078071739863839,0.00015884799722698517,0.1725320816040039,True
330,151,2.194584966872346,0.00014924000061000697,0.17241764068603516,True
331,243,2.2136318253612735,0.00014789399938308634,0.1724557876586914,True
332,166,1.5628323401771278,0.0001319619987043552,0.1723337173461914,True
333,274,3.3606331967566736,0.00013435400251182728,0.1724405288696289,True
334,98,3.265259640106626,0.00014370599819812924,0.1726083755493164,True
335,118,2.750096979656528,0.0001330030027020257,0.17240238189697266,True
336,85,4.606052753534295,0.00016005499855964445,0.1725778579711914,True
337,196,2.5193341525957575,0.0001376289983454626,0.17246341705322266,True
338,242,2.7856213638424174,0.000132764002046315,0.17237186431884766,True
339,226,2.7541217605817345,0.0001484909989812877,0.17240238189697266,True
340,132,2.760880767834309,0.00014654899860033765,0.17238712310791016,True
341,10,3.101671148301157,0.00018562900004326366,0.1724405288696289,True
342,144,26.58852208425099,0.00014688299779663794,0.17263126373291016,True
343,92,8.639369052571105,0.000132048997329548,0.1723794937133789,True
344,282,3.848141854948823,0.00014277000082074665,0.1725473403930664,True
345,64,2.4751723057590116,0.00012951499957125634,0.17234134674072266,True
346,243,2.9583335241305972,0.00015796200023032725,0.17253971099853516,True
347,76,4.277030951063416,0.00014574600209016353,0.17244815826416016,True
348,125,5.147981496260325,0.0001426920025551226,0.1725625991821289,True
349,247,2.1253898072756088,0.00015047199849504977,0.1725015640258789,True
350,65,7.726376218116808,0.00013643300189869478,0.17249393463134766,True
351,82,4.265630961658952,0.0001867339997261297,0.1724252700805664,True
352,273,3.142386748138585,0.0001380949979647994,0.17246341705322266,True
353,38,1.9045605078912595,0.00013573300020652823,0.17240238189697266,True
354,145,8.974900336024604,0.00014178700075717643,0.1725625991821289,True
355,132,2.7972567541030706,0.00013525499889510684,0.17246341705322266,True
356,129,3.0250401152761297,0.00014755400115973316,0.17253971099853516,True
357,486,11.935088289756271,0.0001400580003974028,0.1725320816040039,False
358,76,3.2177553990091297,0.00013785500050289556,0.17232608795166016,True
359,435,31.495365305171724,0.0001643350005906541,0.17266178131103516,False
360,118,2.0758997807419948,0.00013364400001592003,0.17237186431884766,True
361,118,2.7877872779466113,0.00014365999959409237,0.17243289947509766,True
362,187,6.224374200770119,0.00015979900126694702,0.17253971099853516,True
363,242,3.0854028324969867,0.0001930840007844381,0.17241764068603516,True
364,144,8.786652201773242,0.00014156399993225932,0.1725778579711914,True
365,255,2.5963401310522563,0.00014779500270378776,0.17246341705322266,True
366,273,2.2247677558984873,0.00015731199891888537,0.17244815826416016,True
367,124,2.8147288343797268,0.00013716400280827656,0.1724710464477539,True
368,106,17.1275587452227,0.00014996499885455705,0.17267704010009766,True
369,273,3.364747996628812,0.00014247699800762348,0.17255496978759766,True
370,245,2.6040502512609334,0.00014077499872655608,0.1724405288696289,True
371,144,10.100783748278971,0.00014979100160417147,0.1726236343383789,True
372,161,2.8555685084697626,0.00013553700046031736,0.1724252700805664,True
373,242,3.273761283556961,0.00013698299881070852,0.1723947525024414,True
374,271,2.5086964177839217,0.00015441000141436234,0.1724863052368164,True
375,161,2.195056260121528,0.00014355699750012718,0.1725320816040039,True
376,132,2.0063531363259743,0.00013149299775250256,0.1723642349243164,True
377,144,6.428607745194837,0.00013798600048176013,0.17249393463134766,True
378,135,1.5126704581950425,0.00014396400001714937,0.1723794937133789,True
379,150,4.2809572535303175,0.00014037100118002854,0.17249393463134766,True
380,196,2.5545867233885438,0.00015072099995450117,0.1724405288696289,True
381,82,2.46471747442791,0.0001337850007985253,0.17240238189697266,True
382,129,2.477094943582221,0.00013862700143363327,0.1724100112915039,True
383,161,3.506561687030511,0.00013972500164527446,0.1725168228149414,True
384,106,3.3480091348103493,0.00013490700075635687,0.1724252700805664,True
385,1,5.834861918182665,0.00015366600200650282,0.1725473403930664,True
386,98,2.0826002802428927,0.00015137700029299594,0.1724405288696289,True
387,226,2.2806229203644377,0.00013480599955073558,0.17240238189697266,True
388,24,1.8465837920587995,0.00013818500156048685,0.17241764068603516,True
389,169,1.5783169939000716,0.00013198699889471754,0.1723642349243164,True
390,242,2.5497798102915925,0.00014807700063101947,0.1725015640258789,True
391,144,3.941857317596403,0.00013961700096842833,0.1725168228149414,True
392,247,2.283376940331828,0.00014282499978435226,0.17257022857666016,True
393,38,1.84279549575471,0.00013799600128550082,0.17240238189697266,True
394,151,2.1560429199629936,0.00013690600098925643,0.1724710464477539,True
395,268,1.6941128749002163,0.00012978599988855422,0.17234134674072266,True
396,132,1.9329793283680528,0.0001439890002075117,0.17250919342041016,True
397,95,27.832137407302035,0.0001417399980709888,0.1725168228149414,True
398,66,2.5543759712471372,0.00014048499724594876,0.1724710464477539,True
399,268,4.582802136526871,0.00015231500219670124,0.1725015640258789,True
400,282,2.0302976109557056,0.00014314500003820285,0.1725015640258789,True
401,144,6.502750170999345,0.00014164600361254998,0.1725320816040039,True
402,166,2.4754746525304356,0.0001438229992345441,0.17241764068603516,True
403,247,2.887700124077435,0.00014457400175160728,0.1725625991821289,True
404,273,2.771033127104091,0.00015033900126582012,0.1725625991821289,True
405,98,1.9319277959590557,0.00013744000170845538,0.1724710464477539,True
406,125,2.383900483730302,0.00013594400297733955,0.17241764068603516,True
407,65,3.210376016768767,0.00013269400005810894,0.17238712310791016,True
408,169,2.414559568490354,0.0001404409995302558,0.17246341705322266,True
409,98,5.086818627050436,0.00014663000183645636,0.17260074615478516,True
410,118,2.3768761721873353,0.0001324459990428295,0.1723794937133789,True
411,149,3.2578252351401997,0.00013507099720300175,0.17238712310791016,True
412,108,2.504263065449586,0.0001341679999313783,0.1723947525024414,True
413,169,2.1832472898617077,0.00013991499872645363,0.1724863052368164,True
414,151,3.9410569826475808,0.0001472389994887635,0.1724405288696289,True
415,118,2.5180050077394474,0.00013430300168693066,0.17241764068603516,True
416,150,5.38580874468969,0.00014800200005993247,0.17241764068603516,True
417,8,2.8207023605552983,0.00014578899936168455,0.1724863052368164,True
418,118,3.4931423453315675,0.000140050000482006,0.1724710464477539,True
419,151,2.2173313963768653,0.0001361739996355027,0.17247867584228516,True
420,247,3.315424539833079,0.00013860299804946408,0.1724863052368164,True
421,166,1.9755815443612146,0.00013875299919163808,0.1724557876586914,True
422,149,3.6712797843405798,0.00013106999904266559,0.1723489761352539,True
423,166,2.550214716262311,0.00013158599904272705,0.17235660552978516,True
424,166,2.136329675795365,0.00014542400094796903,0.17246341705322266,True
425,76,3.9457752162514246,0.0001323549986409489,0.1723642349243164,True
426,51,3.5437949501946027,0.00013941299766884185,0.1723642349243164,True
427,226,3.6051788892926293,0.00014377299885381944,0.1725015640258789,True
428,118,1.4641036052793353,0.00014952300261938944,0.1723947525024414,True
429,242,1.7162115463831664,0.00016392299949075095,0.1723947525024414,True
430,118,2.361633829630019,0.0001907559999381192,0.17244815826416016,True
431,216,3.5973371670341985,0.00014231899695005268,0.1724557876586914,True
432,158,1.8004679277620665,0.00013342100282898173,0.1723947525024414,True
433,243,6.302077979437473,0.00014179200297803618,0.1724863052368164,True
434,143,5.926506928839527,0.00014088600073591806,0.17247867584228516,True
435,24,3.4242271492271814,0.0001415250007994473,0.1724252700805664,True
436,124,3.5111551874811364,0.0001418979991285596,0.17247867584228516,True
437,38,2.009088692622091,0.0001544030019431375,0.1724100112915039,True
438,161,1.1922190756309532,0.0001445359994249884,0.17246341705322266,True
439,269,5.6780491701978235,0.0001325880002696067,0.17238712310791016,True
440,282,2.252848388618059,0.00013506800314644352,0.17241764068603516,True
441,151,1.8102417424029817,0.00016705999951227568,0.17243289947509766,True
442,274,4.432484845326166,0.00013800699889543466,0.1724863052368164,True
443,151,1.858520681860149,0.00013784900147584267,0.17244815826416016,True
444,242,3.1676850422507137,0.00013593199764727615,0.17244815826416016,True
445,226,2.191758306560127,0.00013701799980481155,0.17246341705322266,True
446,226,2.788506261708314,0.0001338219990429934,0.17232608795166016,True
447,271,2.759603050508983,0.00013876099910703488,0.1724557876586914,True
448,269,3.5117047311814567,0.00014095900041866116,0.17240238189697266,True
449,187,2.78851444533073,0.00013569300062954426,0.1724557876586914,True
450,255,3.5939708417876175,0.00013510799908544868,0.1724557876586914,True
451,143,1.3484390784866365,0.0001326730016444344,0.1723947525024414,True
452,8,4.34463927646719,0.00013592400136985816,0.17241764068603516,True
453,274,1.8479217442072253,0.00019937600154662505,0.1724405288696289,True
454,82,4.10027689932804,0.00019920400154660456,0.1724405288696289,True
455,245,2.5480309303613775,0.00016092400255729444,0.17249393463134766,True
456,118,3.0600745281139385,0.0001494230018579401,0.1723947525024414,True
457,76,3.1800172327420877,0.00013516800026991405,0.17243289947509766,True
458,98,2.2742757895168983,0.0001432069984730333,0.17241764068603516,True
459,243,2.44909710070314,0.0001406010014761705,0.1724252700805664,True
460,245,2.6334670287913684,0.00013848299931851216,0.1724405288696289,True
461,143,1.94656715213509,0.0001424369984306395,0.1724252700805664,True
462,75,6.306431096698642,0.0001658039982430637,0.17249393463134766,True
463,124,3.5049959065950835,0.00015638500190107152,0.17247867584228516,True
464,132,2.069497351421129,0.00013323700113687664,0.17238712310791016,True
465,226,2.801070176726351,0.0001353109983028844,0.17238712310791016,True
466,106,6.873299135251854,0.00014222699974197894,0.1725015640258789,True
467,124,1.5936235991660934,0.00013203799971961416,0.1723794937133789,True
468,66,2.331499694567036,0.0001366440010315273,0.1724405288696289,True
469,118,2.3270854038114557,0.00013327700071386062,0.1724100112915039,True
470,125,3.2988144625743336,0.00013445099830278195,0.1724100112915039,True
471,66,2.096128617124183,0.00014991599891800433,0.17246341705322266,True
472,242,2.9450060589287124,0.0001474800010328181,0.1723947525024414,True
473,125,6.758658712316395,0.0001397300002281554,0.1724863052368164,True
474,187,1.5029325676881402,0.00016432399934274144,0.17246341705322266,True
475,245,2.43060435088244,0.00013983200187794864,0.17250919342041016,True
476,75,2.8391078321924414,0.00014310800179373473,0.1724100112915039,True
477,64,2.0960527846958548,0.0001477410005463753,0.1724252700805664,True
478,144,3.6314141070964094,0.00013504600065061823,0.1724252700805664,True
479,150,3.357763464576412,0.00013231499906396493,0.1723794937133789,True
480,33,8.607376087175819,0.00013860300168744288,0.17249393463134766,True
481,125,7.9999844520761485,0.00018747500143945217,0.17253971099853516,True
482,151,9.327721514788037,0.0001430040028935764,0.17253971099853516,True
483,166,1.6660840084284712,0.00013598499936051667,0.17238712310791016,True
484,435,60.231742229974905,0.00013782599853584543,0.1724557876586914,False
485,208,2.723971080490584,0.00013720599963562563,0.1724405288696289,True
486,125,5.691924748447592,0.00014248400111682713,0.1725168228149414,True
487,273,2.3946937431928155,0.00016243100253632292,0.1724557876586914,True
488,64,4.0044744511155015,0.00015165200238698162,0.17240238189697266,True
489,38,1.636117458641809,0.0001313639986619819,0.1723642349243164,True
490,246,3.0730077645867966,0.00013707900143344887,0.1724557876586914,True
491,66,1.7773161004587985,0.00013105900143273175,0.17237186431884766,True
492,483,8.767241942400299,0.0001444689987692982,0.1725625991821289,False
493,75,2.3113178159363206,0.00012890099969808944,0.1723337173461914,True
494,145,9.5254829850549,0.00014080300024943426,0.17255496978759766,True
495,158,1.2562679888560666,0.00013418899834505282,0.17240238189697266,True
496,150,17.739820695940498,0.00014821299919276498,0.1725778579711914,True
497,92,7.107208036476457,0.0001348450023215264,0.17241764068603516,True
498,143,2.0676539984743436,0.00014269500024965964,0.17240238189697266,True
499,255,3.0459692271785945,0.00017007199858198874,0.1723947525024414,True
500,124,3.6655558196692573,0.0001323140022577718,0.1723794937133789,True
501,161,2.6640306393279354,0.00013930500062997453,0.1725015640258789,True
502,151,1.9018416151807764,0.00013791600213153288,0.1724710464477539,True
503,64,3.0216797926146373,0.00013922099969931878,0.17246341705322266,True
504,151,4.717699071184969,0.00014127699978416786,0.17247867584228516,True
505,8,4.273963065973967,0.00013651699919137172,0.17244815826416016,True
506,158,5.209800242341886,0.00015614999938406982,0.17252445220947266,True
507,24,3.1662071473130995,0.0001567029976285994,0.17241764068603516,True
508,132,2.5184522310147743,0.00013957499686512165,0.1725015640258789,True
509,282,1.0456241316335741,0.00015644800078007393,0.17243289947509766,True
510,158,3.2140180438034007,0.00014484099665423855,0.1725931167602539,True
511,75,3.18014039723437,0.00013808400035486557,0.1724252700805664,True
512,151,4.148704590707878,0.00014025100244907662,0.17253971099853516,True
513,144,10.995841791398997,0.00015510899902437814,0.17260074615478516,True
514,118,1.4236389888563052,0.00014134199955151416,0.1723947525024414,True
515,133,4.243475703240823,0.00014282699703471735,0.17258548736572266,True
516,125,4.211185835177964,0.00014123399887466803,0.17249393463134766,True
517,483,10.46208155730672,0.00013956499969935976,0.1725320816040039,False
518,65,1.8446185818513097,0.0001430509983038064,0.17238712310791016,True
519,282,3.9988141118945766,0.00015232099758577533,0.17238712310791016,True
520,246,3.05565409251917,0.00013805599883198738,0.17246341705322266,True
521,133,2.443694615428094,0.00013961799777462147,0.17241764068603516,True
522,118,1.9151747219180286,0.00014255799760576338,0.17243289947509766,True
523,271,3.065848070849411,0.00014331100101117045,0.1724710464477539,True
524,245,2.791358333014348,0.00016241300181718543,0.17247867584228516,True
525,124,3.8455688416074056,0.00013544700050260872,0.17231082916259766,True
526,1,2.293009276786794,0.0001358459994662553,0.17243289947509766,True
527,242,1.156669779573618,0.00013497100007953122,0.17240238189697266,True
528,151,2.9561220128734833,0.00017833800302469172,0.1724405288696289,True
529,208,13.469740937674931,0.000161134001245955,0.1724557876586914,True
530,8,2.8867054647273176,0.00013488200056599453,0.1723947525024414,True
531,24,1.7864768996729492,0.0001529159999336116,0.17249393463134766,True
532,106,11.716957653392885,0.00014184000247041695,0.17249393463134766,True
533,85,3.6816449654238106,0.00014985199959482998,0.17249393463134766,True
534,145,5.504301748014015,0.00014069899771129712,0.17253971099853516,True
535,161,1.9162809539906498,0.00013846200090483762,0.1724710464477539,True
536,33,3.35575946769131,0.00015016500037745573,0.17246341705322266,True
537,242,1.8403308305660908,0.00013343300088308752,0.1724100112915039,True
538,226,3.9242352410239016,0.00015190199701464735,0.17253971099853516,True
539,169,2.207811976784976,0.0001555500020913314,0.17238712310791016,True
540,435,27.089669515470412,0.0001439340012439061,0.1726083755493164,False
541,196,3.2179372444008836,0.00013573400065070018,0.1724100112915039,True
542,98,3.202755106920677,0.00015393400099128485,0.17263126373291016,True
543,38,2.876046847758366,0.00013505500101018697,0.17243289947509766,True
544,144,2.5965741829882574,0.00013777300046058372,0.1724710464477539,True
545,145,10.76571751024448,0.0001454070006730035,0.1724710464477539,True
546,133,1.8480954519096164,0.00014646799900219776,0.1724100112915039,True
547,125,7.48729566836887,0.00014522399942507036,0.17250919342041016,True
548,75,3.665951184639468,0.00013427600060822442,0.17240238189697266,True
549,118,1.5977402641994913,0.00013491899881046265,0.17243289947509766,True
550,282,3.847928538945581,0.00014613399980589747,0.17250919342041016,True
551,64,3.899497410608218,0.00013581299936049618,0.17243289947509766,True
552,65,2.6457946710714153,0.00014432800162467174,0.1723489761352539,True
553,247,1.742239925399587,0.00013590500020654872,0.1724405288696289,True
554,13,38.854687165890205,0.0001467689980927389,0.17261600494384766,True
555,242,2.5967693250576596,0.00013180499809095636,0.17234134674072266,True
556,133,1.5975618494532013,0.00013566399866249412,0.1724252700805664,True
557,242,2.2900686903452314,0.00013704299999517389,0.17246341705322266,True
558,82,1.9785075711075497,0.00013341800149646588,0.17240238189697266,True
559,149,3.8559407706526097,0.0001495729993621353,0.17235660552978516,True
560,246,2.1113699360017524,0.00015056100164656527,0.17247867584228516,True
561,98,4.255419858428855,0.00015122999684535898,0.1726541519165039,True
562,38,4.567029658057434,0.00017089100219891407,0.1725015640258789,True
563,38,1.3181226702031972,0.00013695900270249695,0.17238712310791016,True
564,187,3.891544311248394,0.00014327800090541132,0.17258548736572266,True
565,216,3.1332570431000963,0.00013988700084155425,0.17247867584228516,True
566,242,2.2040536762938885,0.00014187199849402532,0.1724252700805664,True
567,269,6.456626208355173,0.00014040799942449667,0.17247867584228516,True
568,135,5.638897324753734,0.00014115300291450694,0.17252445220947266,True
569,271,4.011843878494641,0.00014288300008047372,0.1724863052368164,True
570,268,2.0781772467835005,0.00014178499986883253,0.17243289947509766,True
571,75,1.8418352284460022,0.00013621200196212158,0.1724405288696289,True
572,143,7.305501272669433,0.00014274400018621236,0.1725320816040039,True
573,226,5.1127431176891305,0.0001377989974571392,0.17246341705322266,True
574,144,3.948111927507385,0.00014870899758534506,0.17253971099853516,True
575,124,3.3650205807440017,0.00013903400031267665,0.17243289947509766,True
576,144,7.820730068896412,0.00014640299923485145,0.17263126373291016,True
577,226,4.093239054208982,0.00015190400154097006,0.17244815826416016,True
578,64,2.726310210698566,0.00013885500084143132,0.1724405288696289,True
579,242,2.7394883103253767,0.0001370190002489835,0.1724100112915039,True
580,24,2.3091822572132057,0.000134141999296844,0.17238712310791016,True
581,255,2.7420436654944487,0.00014018500223755836,0.1725015640258789,True
582,169,2.159323494132122,0.000150123996718321,0.1723184585571289,True
583,242,2.0854607609441116,0.00014838499919278547,0.17249393463134766,True
584,132,1.4071696688661122,0.0001394969985994976,0.17241764068603516,True
585,271,3.0254687621528253,0.00013930599743616767,0.1724252700805664,True
586,82,3.7485142642440223,0.00014442600149777718,0.17246341705322266,True
587,24,1.2808757103123563,0.0001312849999521859,0.17234134674072266,True
588,13,13.13472061195578,0.00018221500067738816,0.1725168228149414,True
589,118,2.3761455787352066,0.0001439910010958556,0.1724710464477539,True
590,98,2.0031158445141437,0.000138868999783881,0.17238712310791016,True
591,226,4.348685695311129,0.00014582599760615267,0.1724557876586914,True
592,65,2.38640098773273,0.0001410040022165049,0.1724405288696289,True
593,82,2.6579004985290737,0.00013737299741478637,0.1723794937133789,True
594,271,3.5579214517360978,0.00013825800124322996,0.17240238189697266,True
595,129,2.4708288895983976,0.00014434200056712143,0.1724557876586914,True
596,145,7.484740086281171,0.0001543159996799659,0.1725473403930664,True
597,133,2.1562880105164943,0.00015536900173174217,0.17243289947509766,True
598,135,1.8945007964057181,0.00015276100020855665,0.1724405288696289,True
599,66,7.384159439837806,0.0001445599991711788,0.17249393463134766,True
600,166,1.5508175809194196,0.00013451800259645097,0.1724405288696289,True
601,127,3.455442387192144,0.00013312800001585856,0.17238712310791016,True
602,132,3.4410001859900974,0.00014935299986973405,0.17253971099853516,True
603,106,6.683133019899444,0.00014700300016556866,0.17249393463134766,True
604,151,11.056320568868735,0.0001388179989589844,0.17250919342041016,True
605,24,2.7722414884833784,0.0001563119985803496,0.1724557876586914,True
606,144,2.5419356923054663,0.00013969200153951533,0.17246341705322266,True
607,273,3.6576392371635116,0.00015590800103382207,0.1725168228149414,True
608,268,1.8743930107705788,0.00013857599697075784,0.1723947525024414,True
609,226,3.519063669458447,0.00013769699944532476,0.1723794937133789,True
610,130,4.2511129255379965,0.00017568000112078153,0.17237186431884766,True
611,133,2.4300066885890876,0.00013729000056628138,0.1723947525024414,True
612,242,1.7604592249500866,0.00013791300079901703,0.17237186431884766,True
613,242,3.224893680302142,0.00014654299957328476,0.17250919342041016,True
614,271,3.9025378175293803,0.0001501240003562998,0.1724252700805664,True
615,143,1.391664779042664,0.00014828599887550808,0.1724252700805664,True
616,151,2.587327285632338,0.00014984600056777708,0.17247867584228516,True
617,242,2.404076045072958,0.00015847000031499192,0.1725015640258789,True
618,24,0.977228891508947,0.0001343909971183166,0.1723642349243164,True
619,13,22.776504634101276,0.00015263499881257303,0.1725015640258789,True
620,242,1.381667034370899,0.00013381199823925272,0.17235660552978516,True
621,129,1.7742571579521762,0.00014709600145579316,0.17247867584228516,True
622,246,2.698061551455928,0.0001413469981343951,0.1724863052368164,True
623,166,2.008993524341341,0.00013126799967722036,0.1723642349243164,True
624,133,2.767000065621016,0.0001343990006716922,0.17243289947509766,True
625,242,4.144621623990533,0.0001519920006103348,0.17241764068603516,True
626,271,7.820100009824551,0.00013861800107406452,0.17246341705322266,True
627,143,1.800384545556422,0.00014853199900244363,0.17246341705322266,True
628,255,2.1379804069617254,0.00013824300185660832,0.17250919342041016,True
629,269,2.6343998967840707,0.00013069600026938133,0.17235660552978516,True
630,75,7.100379219597811,0.00014451300012296997,0.17244815826416016,True
631,118,1.9029062732216544,0.00013326000043889508,0.17241764068603516,True
632,95,6.710053134627113,0.000140279000333976,0.17250919342041016,True
633,98,1.4245387268887075,0.0001306610029132571,0.17232608795166016,True
634,118,1.9937515988420542,0.0001671719983278308,0.17244815826416016,True
635,483,4.196077643680523,0.00014589100101147778,0.17255496978759766,False
636,76,2.9377958769376478,0.0001287500017497223,0.17231082916259766,True
637,161,1.6820883898113175,0.00013627299995278008,0.17241764068603516,True
638,98,1.9778732821258649,0.00013744600073550828,0.1724710464477539,True
639,269,5.613110844681142,0.00014218200158211403,0.17250919342041016,True
640,268,1.4142037934591922,0.00013051399946562015,0.17234134674072266,True
641,271,2.2127683511817997,0.00013049400149611756,0.17234134674072266,True
642,129,1.3807137156729248,0.00013133899847161956,0.17235660552978516,True
643,268,2.0020449113376344,0.00013465700249071233,0.17238712310791016,True
644,10,2.5369955592412903,0.0001424710026185494,0.17240238189697266,True
645,245,2.5136837085312336,0.00013984500037622638,0.17247867584228516,True
646,143,0.7550410233204051,0.0001343970034213271,0.17238712310791016,True
647,135,3.0507897974584175,0.00016189300004043616,0.17240238189697266,True
648,24,1.4722356114231505,0.0001345269993180409,0.1723794937133789,True
649,435,27.82358436256638,0.00014881199967931025,0.1726236343383789,False
650,269,1.56678104473226,0.00013645099897985347,0.1724405288696289,True
651,226,2.0253920126858764,0.00014552500215359032,0.17249393463134766,True
652,158,2.279790465994356,0.00014123399887466803,0.1723794937133789,True
653,226,3.6570286321092005,0.00016767100169090554,0.17243289947509766,True
654,135,1.1945369042081857,0.0001304139987041708,0.1723337173461914,True
655,246,2.3137158756108605,0.0001382810005452484,0.1724710464477539,True
656,24,3.785597807040675,0.00013973300156067125,0.1725168228149414,True
657,75,2.0156281183797473,0.00013078500342089683,0.17235660552978516,True
658,245,2.34420654881304,0.00013002999912714586,0.17235660552978516,True
659,124,4.876754858028067,0.00014439699953072704,0.1725320816040039,True
660,166,2.2935640150339225,0.00013649899847223423,0.17240238189697266,True
661,282,2.291154127028829,0.0001405729999532923,0.1724405288696289,True
662,269,2.4497276598717095,0.0001451090029149782,0.17244815826416016,True
663,158,3.608708928670465,0.00015403900033561513,0.1724863052368164,True
664,66,6.049199642737625,0.0003296629984106403,0.1724557876586914,True
665,118,2.217464121943528,0.00013474400111590512,0.1724100112915039,True
666,38,4.267837258724908,0.00013831700198352337,0.1724100112915039,True
667,38,2.6565074971621745,0.00013696599853574298,0.17243289947509766,True
668,151,2.2278718089913974,0.0001410689983458724,0.1724100112915039,True
669,158,3.9051391417041725,0.00014352199650602415,0.1725473403930664,True
670,149,2.1797794464028435,0.0001352199979010038,0.1723642349243164,True
671,132,2.8855397932302593,0.00013922099969931878,0.1724557876586914,True
672,66,3.684050786151907,0.00013503199807018973,0.17237186431884766,True
673,435,28.73492971361639,0.00014869999722577631,0.17257022857666016,False
674,65,2.4419410356333886,0.0001433609977539163,0.1724252700805664,True
675,65,4.538808630335885,0.00014475199714070186,0.1724405288696289,True
676,149,2.371246144841566,0.00013462499919114634,0.17234134674072266,True
677,144,16.161531595135017,0.0001452550022804644,0.17258548736572266,True
678,226,1.9980502504264268,0.00013294800010044128,0.17240238189697266,True
679,246,2.548466589396045,0.0001316499983659014,0.1723947525024414,True
680,132,4.023866520100385,0.00013543300156015903,0.17243289947509766,True
681,98,3.5133633713053993,0.00014381400251295418,0.1725473403930664,True
682,158,3.6093098608699177,0.00014079200263950042,0.17255496978759766,True
683,38,3.6371073054833496,0.00013669599866261706,0.17246341705322266,True
684,149,3.0146633661374533,0.00013713800217374228,0.1724252700805664,True
685,33,4.634737016192888,0.00013922400103183463,0.1724863052368164,True
686,149,2.1984733503107456,0.0001465029999963008,0.17243289947509766,True
687,226,3.005616507826968,0.000132689001475228,0.17240238189697266,True
688,76,3.077753644651029,0.00013814699923386797,0.17244815826416016,True
689,196,2.9924635373583723,0.00017273299818043597,0.17241764068603516,True
690,130,1.6047463596528253,0.00013644600039697252,0.17237186431884766,True
691,226,5.818252152407,0.00014001900126459077,0.17244815826416016,True
692,158,4.626733290056283,0.00015992999760783277,0.1726236343383789,True
693,208,3.125086955529991,0.00014171099974191748,0.1725015640258789,True
694,24,2.540725042811991,0.00013900600242777728,0.17246341705322266,True
695,282,1.3292614375521357,0.00014292400010162964,0.1724710464477539,True
696,98,2.082666630014936,0.00014486899817711674,0.17246341705322266,True
697,166,1.7194334603398191,0.0001324479999311734,0.17235660552978516,True
698,66,4.424555250191174,0.00014760699923499487,0.1724252700805664,True
699,268,2.4435529358801285,0.00014506400111713447,0.1723947525024414,True
700,82,2.9124430868656237,0.00014320300033432432,0.1724405288696289,True
701,38,2.5162565681494713,0.00019173599866917357,0.17235660552978516,True
702,65,5.338904342342534,0.00013876299999537878,0.1724710464477539,True
703,282,2.1134917446311063,0.00014260899843066,0.17247867584228516,True
704,196,3.436667746461605,0.00014484300118056126,0.17243289947509766,True
705,282,2.9377377957816257,0.0002940150006907061,0.17252445220947266,True
706,75,2.793855918666293,0.00013405700155999511,0.1723947525024414,True
707,143,2.1314407429017344,0.0001415170008840505,0.17247867584228516,True
708,125,7.043865939077275,0.00013721299910685048,0.17243289947509766,True
709,125,7.7793206730815125,0.00020035099805681966,0.17249393463134766,True
710,255,3.9944013361619812,0.0002129580025211908,0.1725168228149414,True
711,135,5.0432677948057805,0.00013815100101055577,0.17250919342041016,True
712,144,3.1872956620611297,0.00015148899910855107,0.17246341705322266,True
713,125,2.874868947445618,0.00013793199832434766,0.1725015640258789,True
714,132,1.4092537764170705,0.00016047400276875123,0.1724405288696289,True
715,135,1.5387096981975996,0.0001344130032521207,0.17238712310791016,True
716,82,2.7600805108360937,0.00013848700109519996,0.17246341705322266,True
717,66,3.3783632759828968,0.00014007600111654028,0.17250919342041016,True
718,75,4.191981553027353,0.00013096400289214216,0.17237186431884766,True
719,125,2.9125881740471367,0.00013833500270266086,0.17249393463134766,True
720,151,3.019830153207326,0.0001589739986229688,0.1724252700805664,True
721,435,46.01243874938307,0.0001517429991508834,0.1726999282836914,False
722,10,2.9789035593195594,0.0001383479975629598,0.17244815826416016,True
723,82,2.2694952911162765,0.00013677099923370406,0.17240238189697266,True
724,161,2.8327082648346718,0.00014434599870583043,0.1724710464477539,True
725,132,4.976201308763891,0.0001521399972261861,0.1724557876586914,True
726,158,5.435043290422472,0.0001378050001221709,0.1725168228149414,True
727,143,1.9035145787046162,0.00013342199963517487,0.1724100112915039,True
728,271,3.3925869073846067,0.0001364840027235914,0.1724710464477539,True
729,273,3.6376668307426128,0.00014093299978412688,0.17252445220947266,True
730,24,1.0159097584793249,0.00013184899944462813,0.1723489761352539,True
731,149,2.6012435496210236,0.00014586599718313664,0.17243289947509766,True
732,208,4.673272655897478,0.00014489299792330712,0.1725168228149414,True
733,143,2.0462116463841094,0.00014138599726720713,0.1724405288696289,True
734,82,2.8983640688812606,0.00013701200077775866,0.17244815826416016,True
735,24,1.811136044115539,0.00013644800128531642,0.17243289947509766,True
736,161,2.35950866321644,0.00014097700113779865,0.1724710464477539,True
737,98,5.040017635604658,0.0001450810013921,0.1725473403930664,True
738,129,2.0236371165978464,0.00013930700151831843,0.17244815826416016,True
739,64,3.4467731917401707,0.00014245600323192775,0.1723947525024414,True
740,273,1.4498576840348523,0.00013815399870509282,0.1724405288696289,True
741,118,2.2982257497163223,0.0001471939976909198,0.17247867584228516,True
742,435,25.80931701373997,0.0001560339987918269,0.17273807525634766,False
743,242,2.805505466568693,0.0001493660020059906,0.17249393463134766,True
744,132,3.6469976619942526,0.00015053799870656803,0.1725931167602539,True
745,133,2.0692879163385216,0.00014629699944634922,0.1724710464477539,True
746,98,6.166176841618422,0.0001862719982455019,0.17258548736572266,True
747,51,20.98001492398055,0.00014002600073581561,0.1725473403930664,True
748,65,4.7955213478636285,0.00014169099813443609,0.1724710464477539,True
749,143,1.9500980827769576,0.00014018099682289176,0.1724710464477539,True
750,130,8.543130948040051,0.00014891599857946858,0.1724405288696289,True
751,132,4.327977661580151,0.0001380360008624848,0.17249393463134766,True
752,161,4.044088529990759,0.00013688400213140994,0.1724252700805664,True
753,166,2.292795622747053,0.000139746000058949,0.17240238189697266,True
754,92,4.706390432852681,0.00013577400022768416,0.17238712310791016,True
755,133,2.6735976222478777,0.0001442219981981907,0.1724405288696289,True
756,169,2.184440677600758,0.00013722099902224727,0.17247867584228516,True
757,24,1.656981219629141,0.00013630700050271116,0.1724405288696289,True
758,143,2.0675525589761357,0.00015356899893959053,0.1724557876586914,True
759,242,3.4482977929849508,0.0001482459992985241,0.17246341705322266,True
760,65,3.189333973984626,0.00014097699749981984,0.1723489761352539,True
761,125,3.075684230621294,0.00014471100075752474,0.1724557876586914,True
762,82,2.4952132671941225,0.00013356199997360818,0.1723794937133789,True
763,271,1.286843807187803,0.00013679500261787325,0.17241764068603516,True
764,246,2.226541697168229,0.00014480800018645823,0.1725473403930664,True
765,135,1.2651110063415407,0.00013217100058682263,0.17238712310791016,True
766,38,2.2592840947567594,0.00014020299931871705,0.17243289947509766,True
767,132,2.2011641504571084,0.00016217399752349593,0.17246341705322266,True
768,243,3.5087418874653475,0.00014172100054565817,0.17250919342041016,True
769,124,3.463633136166817,0.00017468700025347061,0.1724405288696289,True
770,129,2.9396647789586043,0.00014359300257638097,0.17250919342041016,True
771,135,2.465475211721174,0.00013355900227907114,0.1724100112915039,True
772,151,1.8849378010224833,0.00013416100046015345,0.17243289947509766,True
773,127,3.560808679098355,0.00013698100156034343,0.1724557876586914,True
774,282,1.8717019349299484,0.00014262599870562553,0.17253971099853516,True
775,118,3.197411097054829,0.0001387430020258762,0.17243289947509766,True
776,65,3.885754463512031,0.0001335460001428146,0.1723947525024414,True
777,135,1.6677802814387561,0.00014040699898032472,0.17252445220947266,True
778,435,69.88856315498457,0.00013407599908532575,0.1723947525024414,False
779,143,1.4632822595707364,0.0001285150028706994,0.1723184585571289,True
780,161,2.795824280185453,0.00017342600040137768,0.1724252700805664,True
781,145,12.163941012532396,0.00013646400111611,0.17247867584228516,True
782,65,4.856032633934399,0.0001413469981343951,0.17237186431884766,True
783,125,3.080535435756773,0.00013263400251162238,0.1723947525024414,True
784,135,3.022175308151326,0.00015078800061019138,0.17253971099853516,True
785,98,3.04470386954855,0.00014201700105331838,0.1725473403930664,True
786,135,4.0195155012020365,0.00013868499809177592,0.1724710464477539,True
787,150,10.076318032827038,0.0001397500018356368,0.1725168228149414,True
788,65,3.3030575541820246,0.00013576800120063126,0.1724405288696289,True
789,24,2.236117458531927,0.00015163100033532828,0.17246341705322266,True
790,82,2.142298522962414,0.00013777799904346466,0.1724863052368164,True
791,75,0.7304944844961614,0.00012782900012098253,0.17231082916259766,True
792,271,2.143168321738964,0.00013712099826079793,0.17240238189697266,True
793,118,2.0113555881288123,0.00013991899686516263,0.1724100112915039,True
794,75,1.521205243551297,0.00013656200098921545,0.1723947525024414,True
795,274,3.1584922197740837,0.00013703600052394904,0.17244815826416016,True
796,245,3.727263632305324,0.00013359999866224825,0.1724100112915039,True
797,135,1.8002199117841962,0.00013782699898001738,0.17247867584228516,True
798,98,2.4025237278207654,0.00013537099948734976,0.1724252700805664,True
799,10,2.4383606624838854,0.00013534599929698743,0.1724100112915039,True
800,247,2.463624164335159,0.00013964599929749966,0.1725320816040039,True
801,65,3.618636813412397,0.00014084299982641824,0.17246341705322266,True
802,149,2.9062209363684186,0.00013619699893752113,0.17240238189697266,True
803,13,10.780861316047513,0.00014059000022825785,0.17246341705322266,True
804,13,6.276813243557684,0.00013629800014314242,0.17238712310791016,True
805,166,3.0885834590517485,0.00013705499804927967,0.17243289947509766,True
806,166,2.143307010095577,0.00014242600082070567,0.17243289947509766,True
807,98,2.2018820046583496,0.0001422080022166483,0.17243289947509766,True
808,271,3.502066627221492,0.0001509059984527994,0.1724863052368164,True
809,169,2.536591492360699,0.0001360079986625351,0.17244815826416016,True
810,98,1.5165616155427284,0.00013716600005864166,0.1724710464477539,True
811,132,4.412617060655614,0.0001374769999529235,0.1724710464477539,True
812,143,4.954125962622327,0.00013776999912806787,0.1724252700805664,True
813,282,3.6027060354172535,0.00013987500278744847,0.1724557876586914,True
814,226,1.6839260638411762,0.0001330779996351339,0.17237186431884766,True
815,268,4.847325777832934,0.00014369799828273244,0.1725015640258789,True
816,274,2.056531473006252,0.00014574899978470057,0.17244815826416016,True
817,24,2.3583291751988367,0.00013594600022770464,0.1724252700805664,True
818,38,5.65557379966915,0.00013340800069272518,0.17238712310791016,True
819,129,1.8755104689353104,0.00013406799916992895,0.17240238189697266,True
820,51,6.087242327799405,0.0001478589983889833,0.1725320816040039,True
821,242,2.077541821034918,0.00013429899991024286,0.1724100112915039,True
822,242,2.0764228183190463,0.00014186500266077928,0.17247867584228516,True
823,66,2.0327877370250067,0.0001379410023218952,0.17244815826416016,True
824,226,1.5495777071785712,0.00031907999800750986,0.1723642349243164,True
825,271,1.7915945130392867,0.00013237199891591445,0.1723489761352539,True
826,98,1.7827647283104118,0.00015066999912960455,0.17241764068603516,True
827,151,3.6803549834281073,0.0001497209996159654,0.1725015640258789,True
828,187,3.5605554229811682,0.00014085200018598698,0.1725320816040039,True
829,125,5.911822169782267,0.0001370110003335867,0.17240238189697266,True
830,247,4.941279237902631,0.00014547499813488685,0.1725778579711914,True
831,166,1.535351602627138,0.0001392800004396122,0.17232608795166016,True
832,282,1.9140861938443443,0.0001346969984297175,0.17240238189697266,True
833,158,8.487923104222084,0.00015250099750119261,0.17257022857666016,True
834,161,3.0978707025415835,0.00014465400090557523,0.17246341705322266,True
835,151,2.1676372409365716,0.00013643700003740378,0.17246341705322266,True
836,274,3.6722842823742794,0.00013837100050295703,0.1724557876586914,True
837,166,1.187678748157523,0.0001371609978377819,0.1724100112915039,True
838,66,1.8677351347222124,0.00014473600094788708,0.17247867584228516,True
839,242,1.6951193192448453,0.00013681299969903193,0.17244815826416016,True
840,118,2.494035795597314,0.00013318899800651707,0.1724405288696289,True
841,38,3.6736533576707338,0.0001394789978803601,0.1723794937133789,True
842,76,3.3368273633272842,0.00014124999870546162,0.17232608795166016,True
843,246,6.318129736514452,0.00017422600285499357,0.17258548736572266,True
844,75,2.7435179997274384,0.0001358720001007896,0.1724252700805664,True
845,135,1.6371279533425107,0.00013546000263886526,0.1724100112915039,True
846,161,1.7030527481620548,0.00013386100181378424,0.17240238189697266,True
847,98,13.076778331102396,0.00014173499948810786,0.17257022857666016,True
848,65,3.3457520362038125,0.00013888000103179365,0.17246341705322266,True
849,282,2.5475252385533187,0.00013916000170866027,0.17249393463134766,True
850,151,1.4170381064554367,0.00015591800183756277,0.17244815826416016,True
851,98,3.5634621836490195,0.00014140699931886047,0.17252445220947266,True
852,483,58.313869053799145,0.00017132799985120073,0.1726236343383789,False
853,98,1.6140604499022093,0.00013929299893788993,0.17250919342041016,True
854,208,2.659093587837977,0.0001512909984739963,0.1725473403930664,True
855,166,2.684061375330264,0.00014931400073692203,0.1724863052368164,True
856,282,3.0045764028610416,0.00013503400259651244,0.17241764068603516,True
857,151,1.622864149448378,0.00013679100084118545,0.1724710464477539,True
858,10,3.307328831732678,0.00013999500151840039,0.1725168228149414,True
859,118,2.822539731997437,0.00015793799684615806,0.1724863052368164,True
860,33,7.2474542486066875,0.00013918799959355965,0.17247867584228516,True
861,246,2.611897619751451,0.00013928299813414924,0.17246341705322266,True
862,1,14.73785685838659,0.00014043199917068705,0.17250919342041016,True
863,51,2.8142596706069543,0.00013905200103181414,0.17249393463134766,True
864,8,10.875353831200245,0.00015300800077966414,0.17257022857666016,True
865,161,2.762215868345102,0.00013359999866224825,0.1724405288696289,True
866,51,3.332475965868605,0.00016559899813728407,0.17250919342041016,True
867,33,7.977264184031739,0.0001381290021527093,0.17247867584228516,True
868,269,1.73904427019554,0.00013177799701225013,0.17238712310791016,True
869,133,2.088805615070129,0.0001464100023440551,0.17241764068603516,True
870,24,3.503547423341375,0.00014324199946713634,0.1725778579711914,True
871,282,8.195856017435556,0.00014182999802869745,0.17247867584228516,True
872,196,2.773884711435772,0.00013464700168697163,0.17237186431884766,True
873,135,11.177356743274382,0.00013430900071398355,0.1724405288696289,True
874,166,1.0692777769533857,0.00013071500143269077,0.1723489761352539,True
875,82,3.5162091023862048,0.00013589300215244293,0.17246341705322266,True
876,82,1.1555556463088137,0.0001338239999313373,0.1723184585571289,True
877,24,3.8230164541703253,0.0001372560000163503,0.1724557876586914,True
878,129,3.2484832668692887,0.00016784599938546307,0.17252445220947266,True
879,38,1.9388830335408413,0.00013253400175017305,0.1723947525024414,True
880,151,2.5931417630616522,0.00014814799942541867,0.1724100112915039,True
881,242,3.8938163828260532,0.00014847499915049411,0.17241764068603516,True
882,161,2.087997923829429,0.00014836400077911094,0.1725168228149414,True
883,143,2.734112872422253,0.00014428800204768777,0.1725015640258789,True
884,242,1.1561746676906413,0.0001433119978173636,0.1724557876586914,True
885,130,3.8324303096807517,0.0001469509988965001,0.1724557876586914,True
886,242,3.708728066899828,0.00015094600166776218,0.1723489761352539,True
887,106,26.08979026771245,0.00014311300037661567,0.17258548736572266,True
888,51,15.985994082862627,0.0001424710026185494,0.1725778579711914,True
889,254,36.45868729300859,0.00014113100041868165,0.17255496978759766,True
890,13,47.10771841344011,0.00015776299915160052,0.17261600494384766,True
891,133,2.4105480695940202,0.00014055300198378973,0.1724100112915039,True
892,273,1.9481687752354313,0.00013405199933913536,0.17241764068603516,True
893,132,4.187407000918324,0.00014343400107463822,0.17247867584228516,True
894,130,3.0076012044456157,0.00013498100088327192,0.17240238189697266,True
895,255,3.904558764623711,0.00014310400001704693,0.17250919342041016,True
896,151,3.2747218018673045,0.0001475850003771484,0.17243289947509766,True
897,247,1.7549541373556512,0.0001415270016877912,0.1725625991821289,True
898,187,3.5185512257359335,0.00016133300232468173,0.1725168228149414,True
899,169,3.612399315805572,0.00014063499838812277,0.17247867584228516,True
900,246,2.5326095458298887,0.00013800300075672567,0.1724710464477539,True
901,132,1.8243748871994196,0.00014518899843096733,0.17247867584228516,True
902,166,2.1463908730161716,0.00013506200048141181,0.1724405288696289,True
903,118,2.5469504124507845,0.0001632249986869283,0.1724557876586914,True
904,187,2.264879210322295,0.00013966200276627205,0.1725168228149414,True
905,125,5.27736093252535,0.00014182800077833235,0.17255496978759766,True
906,51,2.568662953280623,0.0001427530005457811,0.17249393463134766,True
907,268,1.545397031929513,0.00013494100130628794,0.1723947525024414,True
908,24,2.514305570945654,0.0001752579992171377,0.17246341705322266,True
909,329,3.489938721361645,0.00014018900037626736,0.17247867584228516,False
910,269,8.10421212318821,0.0001377280023007188,0.1725015640258789,True
911,226,1.9237726219619582,0.0001530740009911824,0.17232608795166016,True
912,38,1.7958650027867684,0.0001361539980280213,0.1724557876586914,True
913,158,4.034926327259768,0.00013883499923394993,0.1725168228149414,True
914,118,2.495152506907461,0.00013705899982596748,0.1724863052368164,True
915,145,15.270068750295362,0.00013659899923368357,0.1724405288696289,True
916,124,2.0365054688605664,0.00015950200031511486,0.1725320816040039,True
917,144,4.493913677658829,0.00013811199823976494,0.1724863052368164,True
918,271,3.0665196906205203,0.00014612100130761974,0.1724252700805664,True
919,82,5.197309510062663,0.00013984099859953858,0.1724100112915039,True
920,132,2.337618232134276,0.000135627000418026,0.17240238189697266,True
921,196,2.93654310965737,0.00014242500037653372,0.17238712310791016,True
922,166,1.9446479515367125,0.00014699800158268772,0.17249393463134766,True
923,24,2.3972499504858322,0.00013892000060877763,0.17244815826416016,True
924,226,2.9748928706890045,0.00013346800187719055,0.1723794937133789,True
925,66,2.6784174420383278,0.00014152799849398434,0.17246341705322266,True
926,196,4.161764557673669,0.00013683799988939427,0.1724405288696289,True
927,158,3.333541891255564,0.0001374769999529235,0.17246341705322266,True
928,242,4.096236267854212,0.00013394399866228923,0.17240238189697266,True
929,118,2.829083747544718,0.00012890300058643334,0.1723184585571289,True
930,245,3.5520737389292862,0.00015722699754405767,0.1725778579711914,True
931,65,3.535158416542939,0.00016242899801000021,0.1724863052368164,True
932,24,5.463806619060607,0.00014118900071480311,0.1725015640258789,True
933,151,1.6831334522845265,0.0001372760016238317,0.1724557876586914,True
934,247,2.3837172189428513,0.00019538500055205077,0.17252445220947266,True
935,118,4.029398265992399,0.00016094700185931288,0.17246341705322266,True
936,51,5.247675971054714,0.00013675900117959827,0.1724710464477539,True
937,132,1.6561047677348093,0.00013590399976237677,0.1724100112915039,True
938,76,3.4327715949426634,0.00013506100003723986,0.17241764068603516,True
939,269,3.165567002073642,0.00014514899885398336,0.17240238189697266,True
940,1,8.8568217903698,0.00014189500143402256,0.17255496978759766,True
941,151,2.797823285601778,0.00013903199942433275,0.17250919342041016,True
942,65,3.640581312323412,0.00013961599688627757,0.1724405288696289,True
943,483,4.770511585189634,0.00013805699927615933,0.1725015640258789,False
944,149,14.287147191325083,0.00016321799921570346,0.17253971099853516,True
945,144,4.590612426088826,0.00014691399701405317,0.1724405288696289,True
946,149,2.292426740322957,0.00013535699690692127,0.17244815826416016,True
947,242,3.0657814461077066,0.00013432299965643324,0.1724100112915039,True
948,149,3.0182954945487173,0.00014082300185691565,0.1724710464477539,True
949,106,13.245466193687408,0.00014810500215389766,0.1726236343383789,True
950,98,1.9804163794269083,0.00013907199900131673,0.1725168228149414,True
951,282,2.101362934081955,0.00017798899716581218,0.1724557876586914,True
952,166,2.193767727554804,0.0001372600017930381,0.17240238189697266,True
953,106,7.746572586260935,0.00013837100050295703,0.17246341705322266,True
954,143,1.798017865871502,0.00013476699677994475,0.17243289947509766,True
955,144,5.372806606492114,0.00014384400128619745,0.17253971099853516,True
956,242,3.526589057940655,0.00022011700275470503,0.17243289947509766,True
957,166,3.1712753793739195,0.000152632001118036,0.1724100112915039,True
958,169,2.3861019220389488,0.0001533030008431524,0.17235660552978516,True
959,187,2.8657550208721845,0.00014703100168844685,0.1724710464477539,True
960,144,4.6559042833248485,0.000142683999001747,0.17253971099853516,True
961,245,3.466317811047217,0.00013632500122184865,0.17247867584228516,True
962,282,4.156597783791988,0.0001510500005679205,0.1724863052368164,True
963,75,1.9958700546304828,0.00013063200094620697,0.1723642349243164,True
964,64,3.4056546627302207,0.0001422790010110475,0.17244815826416016,True
965,271,1.8535027386542062,0.00013082599980407394,0.1723489761352539,True
966,242,1.8296512448242206,0.00015518999862251803,0.1724405288696289,True
967,242,2.102353566871672,0.0001835269977163989,0.1724863052368164,True
968,133,1.5390238479221814,0.00015770000027259812,0.1724557876586914,True
969,135,2.3171940363362182,0.00014323600044008344,0.17237186431884766,True
970,135,1.8180649522450447,0.00013393799963523634,0.17243289947509766,True
971,151,4.305607824405648,0.00015375200018752366,0.17257022857666016,True
972,130,2.156764733693274,0.0001319149996561464,0.1723337173461914,True
973,125,4.025725968643702,0.00015162099953158759,0.17246341705322266,True
974,24,3.978277842344576,0.00014605500109610148,0.1725015640258789,True
975,158,4.511948078851256,0.00014254699999582954,0.1725931167602539,True
976,38,4.623319948584463,0.00013800500164506957,0.1724557876586914,True
977,132,2.5957589684085485,0.00015068200082168914,0.1725015640258789,True
978,242,2.5443465490928925,0.00014705699868500233,0.17244815826416016,True
979,76,3.50172713863389,0.0001366360011161305,0.17244815826416016,True
980,8,3.603222871327407,0.00013367900101002306,0.1723794937133789,True
981,135,2.3889705601813374,0.0001546340026834514,0.17252445220947266,True
982,65,3.1668105042994625,0.0001371809994452633,0.17243289947509766,True
983,242,1.807377870971871,0.00013081399811198935,0.1723642349243164,True
984,435,27.804162741289982,0.00014201200247043744,0.17255496978759766,False
985,226,3.8888597147858275,0.00014853599714115262,0.17243289947509766,True
986,38,4.25918833859413,0.00013534900062950328,0.1724405288696289,True
987,282,2.4719914438778865,0.0001497939992987085,0.17253971099853516,True
988,271,2.658864434189424,0.00013754400060861371,0.17243289947509766,True
989,208,2.662673798348325,0.0001395660001435317,0.1724710464477539,True
990,245,6.462284763759241,0.00016060400230344385,0.17250919342041016,True
991,98,4.765009617264511,0.00014526399900205433,0.17263126373291016,True
992,133,1.254234932334611,0.00013328199929674156,0.17240238189697266,True
993,247,3.0628915740994294,0.00015754700143588707,0.1724710464477539,True
994,243,2.5608241536413674,0.0001506849985162262,0.1724252700805664,True
995,144,10.017357913201169,0.00014928000018699095,0.17258548736572266,True
996,282,2.401245839464779,0.00015629499830538407,0.17252445220947266,True
997,106,8.952642749451408,0.00015175600128713995,0.17247867584228516,True
998,8,3.6681327225410056,0.00014205299885361455,0.17246341705322266,True
999,158,2.3046380743898545,0.00013709699851460755,0.1724710464477539,True
1000,92,4.042797963591391,0.0001453140030207578,0.17243289947509766,True
1001,226,4.885289669428092,0.00013886599845136516,0.17249393463134766,True
1002,124,3.5948837258962447,0.00014487500084214844,0.1724405288696289,True
1003,98,5.128367658139555,0.0001453990007576067,0.1726236343383789,True
1004,274,1.3898694832727247,0.00013909600238548592,0.17240238189697266,True
1005,247,3.0581981681328996,0.000137495000672061,0.1724710464477539,True
1006,33,4.5629675676925885,0.00013848099843016826,0.1724710464477539,True
1007,65,3.5592509340657545,0.00013359800141188316,0.17241764068603516,True
1008,187,2.7627689266964395,0.00014458700024988502,0.17255496978759766,True
1009,98,5.148840718114276,0.0001397990017721895,0.1725320816040039,True
1010,145,12.24766183493472,0.00013769300130661577,0.1725168228149414,True
1011,254,10.555341394702296,0.00014885400014463812,0.17264652252197266,True
1012,208,5.5285027125134025,0.00014231900058803149,0.17238712310791016,True
1013,98,4.218989567170929,0.00013514600141206756,0.17244815826416016,True
1014,10,2.8241622461580587,0.00013721499999519438,0.17241764068603516,True
1015,125,9.00278437861413,0.00013769799988949671,0.1724710464477539,True
1016,274,1.7149186450890792,0.00013188599768909626,0.1723947525024414,True
1017,149,3.5651841279396708,0.00014037700020708144,0.17241764068603516,True
1018,98,2.0856036575846337,0.00014629699944634922,0.1724710464477539,True
1019,133,3.403841692487385,0.00014037099754204974,0.17237186431884766,True
1020,169,1.87995282893874,0.0001382529990223702,0.17241764068603516,True
1021,92,2.8435994181636204,0.00013458800094667822,0.1724252700805664,True
1022,143,2.423421294732213,0.00014053899940336123,0.1725168228149414,True
1023,33,2.4434993969575816,0.00014423300308408216,0.1724710464477539,True
1024,150,5.3113024454371685,0.00014373499652720056,0.1724252700805664,True
1025,226,2.6959839515113013,0.00017243800175492652,0.1724405288696289,True
1026,242,3.5841465827225103,0.00014729699978488497,0.17249393463134766,True
1027,226,2.115795463653513,0.00014946400187909603,0.17243289947509766,True
1028,135,2.4147394400122804,0.00014570599887520075,0.1724557876586914,True
1029,8,3.8633537002306877,0.0001642440001887735,0.1724252700805664,True
1030,135,2.908925139578629,0.00014335700325318612,0.17244815826416016,True
1031,242,1.788257559406927,0.00014109999756328762,0.17238712310791016,True
1032,242,1.2695800030139428,0.00013269999908516183,0.17237186431884766,True
1033,246,2.839716497887324,0.00014736999946762808,0.17252445220947266,True
1034,226,1.9940556027362946,0.0001785869972081855,0.1723794937133789,True
1035,274,1.6441952544312048,0.0001352379986201413,0.17244815826416016,True
1036,135,2.948787223059794,0.00013142799798515625,0.17235660552978516,True
1037,145,36.98401062581941,0.0001499760001024697,0.1725168228149414,True
1038,1,3.480571961759923,0.000162547999934759,0.17258548736572266,True
1039,273,3.9238689705521477,0.0001388080017932225,0.1724863052368164,True
1040,82,2.7961226997757636,0.00013932399815530516,0.17250919342041016,True
1041,64,3.5890607733329696,0.00013378699804889038,0.17241764068603516,True
1042,65,3.763428603341947,0.0001464829983888194,0.17241764068603516,True
1043,274,1.1881979079727334,0.0001322390016866848,0.17238712310791016,True
1044,64,3.2712344098801287,0.00013500199929694645,0.17243289947509766,True
1045,166,1.8333278870032597,0.0001313680004386697,0.17232608795166016,True
1046,243,5.2990241638459405,0.00014333400031318888,0.17253971099853516,True
1047,24,2.564039058727322,0.000142072000016924,0.1724710464477539,True
1048,106,5.96175666273084,0.00016921499991440214,0.1725931167602539,True
1049,242,1.6742158601529573,0.00013822999972035177,0.17238712310791016,True
1050,118,1.8717115461662863,0.0001448379989597015,0.1725015640258789,True
1051,247,2.480189347162318,0.00016979700012598187,0.1724557876586914,True
1052,65,2.5554740078714127,0.00013404900164459832,0.1723947525024414,True
1053,245,4.308331866241713,0.00014163599917083047,0.1725168228149414,True
1054,10,3.167724649958371,0.0001447610011382494,0.17257022857666016,True
1055,215,2.497760722510175,0.0001378660017508082,0.1725015640258789,True
1056,66,3.024687122948554,0.000136392998683732,0.1724405288696289,True
1057,135,1.8423282295175722,0.00014265400022850372,0.17243289947509766,True
1058,268,1.0763542587293506,0.00015846599853830412,0.1724100112915039,True
1059,66,0.9078546421647746,0.00013263999790069647,0.17234134674072266,True
1060,269,2.8803954400788676,0.0001369480014545843,0.1724863052368164,True
1061,282,2.8840960042050345,0.00013118200149619952,0.1723947525024414,True
1062,243,2.032561375529197,0.00013309399946592748,0.17240238189697266,True
1063,196,1.8759546796353863,0.00013257500177132897,0.17235660552978516,True
1064,226,4.347306771492569,0.00013640600081998855,0.1724710464477539,True
1065,145,12.255781802673312,0.0001342960022157058,0.17243289947509766,True
1066,135,1.9252121741959323,0.00013833100092597306,0.17246341705322266,True
1067,245,2.8685097202972716,0.000175509001564933,0.17246341705322266,True
1068,274,2.5867923145090344,0.000147257000207901,0.17252445220947266,True
1069,135,1.3090442033178065,0.00015249799980665557,0.17235660552978516,True
1070,282,3.0025194173630623,0.00014028599980520085,0.1725320816040039,True
1071,150,2.7002005947799845,0.00015522099783993326,0.17246341705322266,True
1072,125,4.827213688100092,0.00015496099877054803,0.17243289947509766,True
1073,151,2.5239398668861828,0.00013520699940272607,0.17241764068603516,True
1074,38,2.2945966899669825,0.00013632099944516085,0.1724252700805664,True
1075,144,10.047392487335484,0.00014526900122291408,0.1725931167602539,True
1076,151,4.929137543999083,0.00013791300079901703,0.1724863052368164,True
1077,98,1.5942055686273622,0.00013493699952960014,0.1724405288696289,True
1078,169,3.323423339934523,0.0001425360023858957,0.1725015640258789,True
1079,254,11.542361485172156,0.00014350099809234962,0.17261600494384766,True
1080,242,3.1264492341609897,0.00014837399794487283,0.17246341705322266,True
1081,150,5.799597024673327,0.0001360179994662758,0.17238712310791016,True
1082,133,2.6400949109725933,0.00015932699898257852,0.1724710464477539,True
1083,273,3.359915641092459,0.00013619499804917723,0.17244815826416016,True
1084,268,2.428823450272392,0.00014634299805038609,0.1724100112915039,True
1085,216,3.0685838258768587,0.00013987299826112576,0.17249393463134766,True
1086,118,2.3595650682329365,0.00013612700058729388,0.1724405288696289,True
1087,149,2.4546000061785738,0.00013987300189910457,0.17247867584228516,True
1088,246,1.98230049385956,0.00014047700096853077,0.1725015640258789,True
1089,118,2.9961996773725526,0.00013590399976237677,0.17237186431884766,True
1090,51,3.284282369769739,0.00016461999985040165,0.17250919342041016,True
1091,82,2.309788154959402,0.0001368769990222063,0.1724100112915039,True
1092,75,2.194912255406556,0.00013134300024830736,0.1723489761352539,True
1093,196,3.0305474628923963,0.00013874599972041324,0.17246341705322266,True
1094,106,15.80928104762806,0.00014598900088458322,0.17261600494384766,True
1095,24,1.2907775363302694,0.0001360749993182253,0.1724252700805664,True
1096,24,2.7442881727407125,0.0001474009986850433,0.17237186431884766,True
1097,135,2.433019832580461,0.00013107099948683754,0.17235660552978516,True
1098,161,2.215543338009707,0.00013892799688619561,0.1724252700805664,True
1099,92,5.250408901988541,0.00013579799997387454,0.1723489761352539,True
1100,38,1.7671598495841028,0.00015320000238716602,0.17235660552978516,True
1101,255,2.9424634356802537,0.00014239300071494654,0.17246341705322266,True
1102,268,3.7513085713910668,0.00014811900109634735,0.1724557876586914,True
1103,76,1.9138362041828674,0.0001398979984514881,0.1724100112915039,True
1104,282,2.7990649995101164,0.00014528599785990082,0.17246341705322266,True
1105,166,0.9314860882273722,0.0001387169977533631,0.1724100112915039,True
1106,127,2.4225568314423978,0.0001311980013269931,0.17235660552978516,True
1107,150,3.829664919984996,0.0001364210002066102,0.1724710464477539,True
1108,342,31.88503635409304,0.00014321599883260205,0.1725778579711914,False
1109,129,2.624402767666618,0.0001377259977743961,0.1724557876586914,True
1110,65,1.6077567890453222,0.00015228200209094211,0.1724100112915039,True
1111,118,1.8420412892003393,0.0001456099998904392,0.1724405288696289,True
1112,129,3.212666190554231,0.0001415210026607383,0.1725015640258789,True
1113,151,2.3025387093885197,0.00015144000280997716,0.17249393463134766,True
1114,75,3.9325362962934776,0.00015289300063159317,0.17246341705322266,True
1115,149,3.652087254693518,0.00019219199748476967,0.17255496978759766,True
1116,82,2.662287764721203,0.00013476700041792355,0.1723489761352539,True
1117,133,2.2929036108605367,0.0001422159984940663,0.17247867584228516,True
1118,245,17.016411986515713,0.00013913899965700693,0.1724557876586914,True
1119,247,2.256548674300593,0.0001446940004825592,0.1724863052368164,True
1120,242,1.341583820213825,0.00021436300085042603,0.1723642349243164,True
1121,98,2.485523896771793,0.0001437780010746792,0.17246341705322266,True
1122,38,2.7702949737362035,0.00013505600145435892,0.17240238189697266,True
1123,269,5.90267347944757,0.00013868600217392668,0.1724863052368164,True
1124,76,1.7819892249129234,0.00013135100016370416,0.17234134674072266,True
1125,75,2.2046915935032954,0.0001493480012868531,0.1724252700805664,True
1126,64,2.5714696852498915,0.0001407490017300006,0.1723642349243164,True
1127,273,4.951107349376003,0.00015351399997598492,0.1725168228149414,True
1128,254,19.768001428910253,0.00015472199811483733,0.17255496978759766,True
1129,65,4.168975182253506,0.00013451999984681606,0.17241764068603516,True
1130,242,3.1867070533855197,0.00013847500304109417,0.17247867584228516,True
1131,269,2.170619317036403,0.00013818700244883075,0.1724252700805664,True
1132,144,6.064941952293038,0.00016254300135187805,0.1725320816040039,True
1133,38,2.1924385362332997,0.00013661000048159622,0.1723947525024414,True
1134,118,1.2184955287617072,0.00014479399760602973,0.1724557876586914,True
1135,243,6.247016809750139,0.00014170799840940163,0.17253971099853516,True
1136,268,2.1117260219754908,0.00013230700278654695,0.17237186431884766,True
1137,158,2.95745665490738,0.00014187000124366023,0.17244815826416016,True
1138,75,2.1030298262089766,0.00013526700058719143,0.1723794937133789,True
1139,158,2.615466035561376,0.00015997399896150455,0.1724557876586914,True
1140,133,2.720242810643568,0.00013178099834476598,0.1723794937133789,True
1141,151,2.9518220489888796,0.00014148700211080723,0.17252445220947266,True
1142,106,37.496956961219766,0.00014287299927673303,0.17260074615478516,True
1143,158,3.747027452652697,0.00013930999921285547,0.17249393463134766,True
1144,33,4.591821316734012,0.0001318869981332682,0.1723794937133789,True
1145,82,3.039745067765336,0.0001322110001638066,0.17238712310791016,True
1146,226,4.152247845778464,0.00014491999900201336,0.1725778579711914,True
1147,196,3.094868248585587,0.00012898800196126103,0.17228031158447266,True
1148,242,3.6087584999715867,0.0001358519984933082,0.1724557876586914,True
1149,245,3.2900179649317214,0.00015404799705720507,0.1725320816040039,True
1150,243,4.77862975582607,0.00014979100160417147,0.17249393463134766,True
1151,274,2.439316987662238,0.00014262800323194824,0.1725168228149414,True
1152,245,5.076627452798271,0.00014063100024941377,0.17241764068603516,True
1153,38,2.8203030198191748,0.00014227599967853166,0.17246341705322266,True
1154,106,30.41003145602184,0.00015071099915076047,0.17270755767822266,True
1155,33,3.266394391430845,0.0001394300015817862,0.17249393463134766,True
1156,76,2.0790173008702935,0.00013181100075598806,0.17235660552978516,True
1157,208,2.3765339421874496,0.00013691799904336222,0.1724863052368164,True
1158,82,3.2383871913948803,0.00017299400133197196,0.1724863052368164,True
1159,150,9.580448097685817,0.00014018400179338641,0.17250919342041016,True
1160,135,2.48592171421337,0.0001820960023906082,0.17250919342041016,True
1161,118,3.0178029550252523,0.0001407999989169184,0.17247867584228516,True
1162,271,3.3827373887803613,0.00013861100160283968,0.17243289947509766,True
1163,245,2.798935425248465,0.00014259599993238226,0.17243289947509766,True
1164,144,5.307547718909508,0.00016456999946967699,0.1724863052368164,True
1165,118,2.869998614878038,0.00013665499864146113,0.1724405288696289,True
1166,246,4.324069936000932,0.0001469550006731879,0.17258548736572266,True
1167,64,5.300266418808372,0.0001378820015816018,0.17243289947509766,True
1168,129,1.7732902484510276,0.0001324400000157766,0.1723794937133789,True
1169,66,3.4008017239494968,0.00015210599667625502,0.1724710464477539,True
1170,133,1.2805210616280562,0.00013165299969841726,0.1723947525024414,True
1171,24,2.1134786773923198,0.00013843600027030334,0.17241764068603516,True
1172,242,1.40261371460682,0.0001452510005037766,0.1724100112915039,True
1173,135,1.728648664860965,0.00013443300122162327,0.17240238189697266,True
1174,38,3.3296447998922862,0.00013610799942398444,0.1724405288696289,True
1175,282,2.2755217328993558,0.00015002700092736632,0.1724710464477539,True
1176,1,5.6179679793578625,0.00014565200035576709,0.17258548736572266,True
1177,8,4.055851611171418,0.00013451300037559122,0.17241764068603516,True
1178,268,2.892663856294205,0.0001328999969700817,0.1723947525024414,True
1179,196,18.173967970662673,0.0001481990002503153,0.1725931167602539,True
1180,92,4.280180585412195,0.00014038600056665018,0.1724100112915039,True
1181,169,13.163284125022466,0.00015298000289476477,0.17247867584228516,True
1182,245,2.0884358537778227,0.00013495500024873763,0.17244815826416016,True
1183,82,2.071413189507712,0.00014678200022899546,0.17238712310791016,True
1184,24,3.5472744042004885,0.00014680800086352974,0.1724557876586914,True
1185,106,24.418818482287666,0.00014614400060963817,0.1726083755493164,True
1186,65,4.111472720516721,0.0001369359997624997,0.17241764068603516,True
1187,127,3.659057511694777,0.00014675299826194532,0.17249393463134766,True
1188,143,2.310272907574926,0.0001368769990222063,0.17246341705322266,True
1189,82,8.71227850572867,0.0003407930016692262,0.17247867584228516,True
1190,169,6.092280912657796,0.0001561680001032073,0.17260074615478516,True
1191,483,5.737866659809093,0.000139903997478541,0.1724863052368164,False
1192,129,4.173926587454114,0.00014745700173079967,0.1724863052368164,True
1193,144,6.766662231218806,0.00013761300215264782,0.17246341705322266,True
1194,51,8.14671119333666,0.00014567399921361357,0.1725931167602539,True
1195,216,3.5529470898865774,0.00013958699855720624,0.17247867584228516,True
1196,38,2.7172939983721704,0.0001558439980726689,0.17247867584228516,True
1197,38,3.4389385757590456,0.00013599500016425736,0.1724557876586914,True
1198,151,13.435710120494123,0.00016274999870802276,0.1725625991821289,True
1199,82,3.505260961220084,0.00013790799857815728,0.1724863052368164,True
1200,208,3.393505508497019,0.00014471100075752474,0.17255496978759766,True
1201,166,1.5551029019347316,0.00014232000103220344,0.17246341705322266,True
1202,118,3.616043418769897,0.00014444000044022687,0.17247867584228516,True
1203,143,1.8278646627846944,0.00014556200039805844,0.17244815826416016,True
1204,245,2.8833209371375856,0.00014506200022879057,0.17258548736572266,True
1205,242,2.8665518198946143,0.00013342400052351877,0.17240238189697266,True
1206,24,1.6817810704984397,0.00014668400035589002,0.1724557876586914,True
1207,166,2.0973920140073843,0.00014141099745756947,0.17240238189697266,True
1208,151,1.7704748417652296,0.00013938699703430757,0.1725015640258789,True
1209,82,4.833023471461141,0.00018384799841442145,0.1725320816040039,True
1210,161,2.6647340114766367,0.00013820700041833334,0.1724710464477539,True
1211,497,12.134701249594796,0.00014225999984773807,0.1725015640258789,False
1212,125,5.041241227483148,0.0001418899992131628,0.1725168228149414,True
1213,216,2.6017594432302493,0.000152442000398878,0.17247867584228516,True
1214,242,1.749395521543864,0.00014327300232253037,0.1724252700805664,True
1215,82,1.9929895609792059,0.00013515600221580826,0.17241764068603516,True
1216,98,3.4338323892033045,0.00014185200052452274,0.1725778579711914,True
1217,187,5.501403395722791,0.00015476400221814401,0.17250919342041016,True
1218,187,1.8743699902358397,0.00013877199671696872,0.17249393463134766,True
1219,106,23.882493807709906,0.0001443959990865551,0.17258548736572266,True
1220,143,0.7637597156566114,0.00013094499809085391,0.17235660552978516,True
1221,483,15.0931151351102,0.00014684800044051372,0.1724557876586914,False
1222,10,1.9381743120286496,0.00013378999938140623,0.17237186431884766,True
1223,269,2.680142497874911,0.0001371200014546048,0.1724710464477539,True
1224,82,3.0662097347277975,0.0001531449997855816,0.17247867584228516,True
1225,135,1.6966553281088381,0.00013577599747804925,0.1723947525024414,True
1226,118,2.359413206588601,0.00013407799997366965,0.17238712310791016,True
1227,98,4.450202360843543,0.00014062300033401698,0.17250919342041016,True
1228,132,1.8339522026640502,0.00013502600268111564,0.17241764068603516,True
1229,158,3.9768681344540515,0.00013826400027028285,0.1725015640258789,True
1230,133,1.333711113904596,0.00013462900096783414,0.17244815826416016,True
1231,151,2.2797185676273033,0.0001671150021138601,0.17247867584228516,True
1232,282,14.609656624861403,0.00014487099906546064,0.1725625991821289,True
1233,208,5.896884970108649,0.00014735899821971543,0.1724863052368164,True
1234,144,3.2294566553763184,0.0001524740000604652,0.17249393463134766,True
1235,118,3.2271981016536384,0.0001392840022163,0.1723947525024414,True
1236,242,2.847273764084699,0.00015164899741648696,0.17240238189697266,True
1237,144,2.997931161773642,0.00015085199993336573,0.17253971099853516,True
1238,226,1.7935484636647216,0.0001564029989822302,0.1723947525024414,True
1239,242,2.5504976034481164,0.00029724799969699234,0.1725168228149414,True
1240,161,1.3541995157031832,0.0001429900003131479,0.17246341705322266,True
1241,135,1.525348622783017,0.00015335300122387707,0.1723947525024414,True
1242,274,2.8777805494816073,0.00013369099906412885,0.17240238189697266,True
1243,196,8.268109508172575,0.0001403800015395973,0.17247867584228516,True
1244,169,2.427661416517989,0.00013675599984708242,0.1724405288696289,True
1245,75,4.267521236947472,0.00013259899787954055,0.17237186431884766,True
1246,82,2.2587601889822784,0.00013147999925422482,0.1723794937133789,True
1247,82,1.68231285106858,0.0001317610003752634,0.17237186431884766,True
1248,1,5.465456179521539,0.00013705300079891458,0.17247867584228516,True
1249,106,4.379858726662361,0.00014090200056671165,0.1724863052368164,True
1250,1,6.765143793011799,0.00014634800027124584,0.17258548736572266,True
1251,169,2.670423500880211,0.00013731000217376277,0.17241764068603516,True
1252,187,2.819959155976999,0.00014465099957305938,0.1725320816040039,True
1253,124,3.314947932517535,0.00013491299978340976,0.1724100112915039,True
1254,158,3.8795615125814513,0.00015842200082261115,0.17252445220947266,True
1255,144,30.85497378470612,0.00014908100274624303,0.1725168228149414,True
1256,133,3.790979017976634,0.00014743400242878124,0.17244815826416016,True
1257,274,2.6015370282832944,0.00013546599802793935,0.17244815826416016,True
1258,242,3.3344433049502973,0.00014983700020820834,0.17249393463134766,True
1259,271,3.4001269005996857,0.0001352560029772576,0.17244815826416016,True
1260,161,2.988347542863114,0.00014954499783925712,0.17252445220947266,True
1261,135,2.9182450537658022,0.00014140400162432343,0.1725320816040039,True
1262,133,1.9892699819289026,0.00013678100003744476,0.17241764068603516,True
1263,125,5.963115426335784,0.00014645099872723222,0.17246341705322266,True
1264,273,2.4526153519239475,0.0001351430000795517,0.1724252700805664,True
1265,158,6.321766016696232,0.00015164000069489703,0.17253971099853516,True
1266,65,3.154220082920517,0.00013543299792218022,0.17243289947509766,True
1267,243,6.3753807484512865,0.00014065700088394806,0.1725320816040039,True
1268,132,1.588879955337999,0.00013798199870507233,0.17246341705322266,True
1269,118,3.433369433644648,0.0001407410018146038,0.1724710464477539,True
1270,65,4.5377190641139675,0.00013357599891605787,0.17238712310791016,True
1271,51,5.1186018392248025,0.00014117400132818148,0.17253971099853516,True
1272,158,3.107899067804145,0.00014401799853658304,0.1724405288696289,True
1273,166,2.0449210259935655,0.0001382789996569045,0.1724252700805664,True
1274,24,1.80788784512157,0.00013870499969925731,0.1724405288696289,True
1275,1,6.418696891736868,0.0001424389993189834,0.1724252700805664,True
1276,226,3.202074445328877,0.00013489299817592837,0.1724405288696289,True
1277,98,2.5682478002647864,0.00015330399764934555,0.17258548736572266,True
1278,150,5.460413027257409,0.0001426820017513819,0.1723642349243164,True
1279,274,2.9979854953833818,0.00013309800124261528,0.17237186431884766,True
1280,145,9.734801177201195,0.00014948600073694251,0.1725625991821289,True
1281,274,1.8115537560058912,0.0001450950003345497,0.1724557876586914,True
1282,226,1.8334581094919193,0.00013869500253349543,0.1725168228149414,True
1283,130,9.754364954127878,0.00013798999862046912,0.1724252700805664,True
1284,98,3.1365964597577185,0.0001451579992135521,0.1725931167602539,True
1285,82,1.8630857015990405,0.00014419099898077548,0.1724405288696289,True
1286,64,11.531930759514674,0.00014177699995343573,0.17252445220947266,True
1287,118,2.5956896923316872,0.0001384030001645442,0.1724252700805664,True
1288,98,4.893344662425926,0.00014124600056675263,0.17253971099853516,True
1289,65,9.075917576046402,0.0001405380025971681,0.17249393463134766,True
1290,129,3.2709265499756897,0.00013759300054516643,0.17241764068603516,True
1291,66,1.8922062765222973,0.0001357100009045098,0.1724405288696289,True
1292,161,3.0181988478696153,0.00014018699948792346,0.17247867584228516,True
1293,215,24.531184786828117,0.00014885300333844498,0.17263126373291016,True
1294,64,3.9085821240665686,0.00014561600255547091,0.17244815826416016,True
1295,144,2.1481950035050534,0.000145804002386285,0.1725625991821289,True
1296,33,4.035167585250332,0.00013439000031212345,0.1724100112915039,True
1297,133,1.8658632062997376,0.00014411099982680753,0.1724100112915039,True
1298,38,2.5372600729416614,0.00013939199925516732,0.17244815826416016,True
1299,226,2.859116457731883,0.00013787500211037695,0.1724710464477539,True
1300,129,2.0277810137937755,0.0001359489979222417,0.1724100112915039,True
1301,144,10.080838738902433,0.0001664060000621248,0.1726083755493164,True
1302,144,3.413445046341627,0.00015856800018809736,0.17247867584228516,True
1303,161,2.608635668644023,0.0001429229996574577,0.17252445220947266,True
1304,151,2.584616105768987,0.00014063400158192962,0.17238712310791016,True
1305,75,3.624687441106062,0.00013509299969882704,0.1723947525024414,True
1306,76,2.335517254604472,0.00013707499965676107,0.1723794937133789,True
1307,106,23.41920871792424,0.0001445319976483006,0.1726083755493164,True
1308,64,2.9673164218698282,0.0001384150018566288,0.1724557876586914,True
1309,118,1.7216439021705783,0.0001443880028091371,0.1724557876586914,True
1310,161,2.094374203926022,0.00013815299826092087,0.1724557876586914,True
1311,187,11.50780607463915,0.0001365690004604403,0.1724863052368164,True
1312,161,2.047666097837735,0.00014219000149751082,0.1724405288696289,True
1313,255,2.230305171687721,0.00015047900160425343,0.1724863052368164,True
1314,82,3.3077647128302674,0.00015189199984888546,0.1724863052368164,True
1315,135,1.962365008679508,0.00014760100020794198,0.17241764068603516,True
1316,151,3.8133075147118296,0.00014806400213274173,0.1725168228149414,True
1317,151,1.9046336009419207,0.00013887400200474076,0.1723794937133789,True
1318,65,3.834944617063758,0.00014473600094788708,0.17249393463134766,True
1319,66,7.321579785403518,0.00014513199857901782,0.1724710464477539,True
1320,66,3.607579878044762,0.00018667699987418018,0.17244815826416016,True
1321,242,1.929147320575328,0.0001519190009275917,0.1723947525024414,True
1322,151,2.091761468508105,0.00013976400077808648,0.1724405288696289,True
1323,65,3.6138438030257483,0.00014014599946676753,0.17240238189697266,True
1324,132,2.4198625705849954,0.00015039499703561887,0.17243289947509766,True
1325,75,4.04037374759226,0.00015265800175257027,0.17249393463134766,True
1326,151,3.394873807335953,0.0001389499993820209,0.17246341705322266,True
1327,98,3.1521034012266997,0.0001440070009266492,0.1725778579711914,True
1328,10,3.976394204338236,0.0001723929999570828,0.17252445220947266,True
1329,273,3.404664845632974,0.00013473600120050833,0.1724252700805664,True
1330,24,1.4060719823217829,0.00013558000136981718,0.1724100112915039,True
1331,106,21.685587389781286,0.0001412780002283398,0.17257022857666016,True
1332,82,3.4468098011711144,0.00013269200280774385,0.17231082916259766,True
1333,118,2.221877081799389,0.00013667600069311447,0.17246341705322266,True
1334,247,1.9666623024104544,0.00014726399967912585,0.1725168228149414,True
1335,133,2.201191576211832,0.0001353350016870536,0.17244815826416016,True
1336,82,2.4698290164126546,0.00013590600065072067,0.1724252700805664,True
1337,247,3.816547833133935,0.0001399669999955222,0.17252445220947266,True
1338,216,2.838570766260204,0.0001333030013483949,0.17237186431884766,True
1339,38,2.1633686303210733,0.00014015100168762729,0.17241764068603516,True
1340,151,2.4650744161911744,0.0001389559984090738,0.1724252700805664,True
1341,124,7.099022503006077,0.0001591260006534867,0.1724863052368164,True
1342,282,3.842029145905142,0.0001386539988743607,0.17244815826416016,True
1343,76,2.407107227920775,0.00013363400285015814,0.1723947525024414,True
1344,255,1.8572178925618381,0.00014504999853670597,0.1725015640258789,True
1345,64,2.6209178133522206,0.0001453259974368848,0.17246341705322266,True
1346,76,1.617705636887261,0.00013545599722419865,0.1723489761352539,True
1347,98,2.2911749889459743,0.00013506600225809962,0.17244815826416016,True
1348,271,6.479728414055786,0.0001575660025991965,0.1725015640258789,True
1349,118,2.6400351599831797,0.00014465400090557523,0.17249393463134766,True
1350,125,3.8517644677158565,0.00013610599853564054,0.1724100112915039,True
1351,135,1.537235796022058,0.00013200900139054283,0.1723642349243164,True
1352,144,6.407387499609473,0.00015251199874910526,0.1725625991821289,True
1353,135,1.6462336269847067,0.0001425180016667582,0.1723794937133789,True
1354,66,2.378597769827282,0.00013722600124310702,0.1724710464477539,True
1355,24,3.1255289419493373,0.0001378639972244855,0.17249393463134766,True
1356,133,1.3533415503269715,0.00013286600005812943,0.17240238189697266,True
1357,274,1.7738074181331271,0.00013657800082000904,0.17241764068603516,True
1358,38,1.958304496214552,0.0001665560012042988,0.1724557876586914,True
1359,144,3.47267317649154,0.00013598299847217277,0.17247867584228516,True
1360,271,3.675529290006326,0.000141385000461014,0.17253971099853516,True
1361,66,2.3953985130461164,0.00013675799709744751,0.1724710464477539,True
1362,106,19.107812604166256,0.00015645900202798657,0.17263126373291016,True
1363,33,5.702081270455577,0.00013846399815520272,0.1724863052368164,True
1364,75,3.981336586668684,0.0001312749991484452,0.17238712310791016,True
1365,282,2.7914432471783317,0.0001384800016239751,0.1724863052368164,True
1366,246,2.2472453813768682,0.00013622600090457126,0.17244815826416016,True
1367,76,2.308364426286075,0.00013647299783769995,0.1724252700805664,True
1368,269,7.912729050140463,0.0003087369987042621,0.1725320816040039,True
1369,51,3.2745545541388767,0.00014073399870540015,0.1725015640258789,True
1370,95,27.899655273630422,0.0001401899971824605,0.17250919342041016,True
1371,132,1.979174923068225,0.00033291999716311693,0.17246341705322266,True
1372,187,3.3788229340290687,0.0001460209969081916,0.17257022857666016,True
1373,66,3.5061186433830214,0.00013552000018535182,0.17241764068603516,True
1374,65,3.815109431461122,0.00014017300054547377,0.17247867584228516,True
1375,271,1.7302422851685515,0.00013552499876823276,0.1723794937133789,True
1376,242,2.1117182595978887,0.0001377810003759805,0.17247867584228516,True
1377,76,3.712499622854074,0.00013623800259665586,0.17244815826416016,True
1378,268,1.0309812329665096,0.00013338899952941574,0.17235660552978516,True
1379,483,10.0566179455879,0.00014862799798720516,0.17253971099853516,False
1380,133,1.8122976357775458,0.00014453699986916035,0.1724252700805664,True
1381,1,18.306855641791923,0.00014585200187866576,0.1726083755493164,True
1382,226,3.9336678473602387,0.00013964399840915576,0.1725015640258789,True
1383,247,8.235564258090342,0.00014235100024961866,0.17257022857666016,True
1384,135,3.7523794868253137,0.00015084600090631284,0.17250919342041016,True
1385,245,4.267576304161606,0.00013659300020663068,0.17244815826416016,True
1386,144,16.576958755270006,0.00014409700088435784,0.1725473403930664,True
1387,269,3.454300264417138,0.00013753000166616403,0.1724557876586914,True
1388,144,9.981370358274077,0.00016614500054856762,0.17260074615478516,True
1389,129,1.4262337981534219,0.00014266400103224441,0.17250919342041016,True
1390,135,1.72711927053187,0.0001339070004178211,0.1723947525024414,True
1391,242,2.9115536350682256,0.00013258500257506967,0.17238712310791016,True
1392,145,52.2641762043633,0.00015326300126616843,0.17260074615478516,True
1393,226,3.4414450779926398,0.00017536800078232773,0.17247867584228516,True
1394,108,1.8921664742069066,0.00014762299906578846,0.17234134674072266,True
1395,242,2.8722781992954953,0.00013569499787990935,0.17241764068603516,True
1396,144,2.4733134138265234,0.00014877700232318603,0.17244815826416016,True
1397,166,1.6192405568448236,0.00013842599946656264,0.1724405288696289,True
1398,82,4.804896321390432,0.00013663900244864635,0.17241764068603516,True
1399,65,4.207315318458594,0.00013759500143351033,0.17246341705322266,True
1400,133,1.3630843185163375,0.0001348330006294418,0.17241764068603516,True
1401,271,3.245903798297265,0.0001321970012213569,0.1723947525024414,True
1402,106,10.970084419174311,0.00014051899779587984,0.1725015640258789,True
1403,118,3.353126787450848,0.00014634000035584904,0.1723947525024414,True
1404,98,2.3889843984917993,0.00013979599680169486,0.1725015640258789,True
1405,161,4.82776222622906,0.0001416039995092433,0.1724557876586914,True
1406,125,5.246638961164208,0.00014718699821969494,0.17244815826416016,True
1407,65,1.2471240605405796,0.00013144799959263764,0.17237186431884766,True
1408,133,1.4948246279029191,0.00014015499982633628,0.17247867584228516,True
1409,245,3.4949060317321843,0.00013678100003744476,0.17241764068603516,True
1410,226,3.2158609303461025,0.00014862900206935592,0.17240238189697266,True
1411,133,1.0260780993139635,0.0001464119995944202,0.17234134674072266,True
1412,1,7.871965275165732,0.00014454100164584816,0.1726236343383789,True
1413,226,0.7914357687461693,0.0001274210007977672,0.17228031158447266,True
1414,33,14.390944748151068,0.00013507300172932446,0.1724863052368164,True
1415,124,4.852870450818837,0.0001595270005054772,0.1725473403930664,True
1416,98,2.619472081833177,0.00014323199866339564,0.1725168228149414,True
1417,118,2.2990407826743944,0.00014302799900178798,0.1724863052368164,True
1418,38,0.6929937888675309,0.00013403499906416982,0.1723489761352539,True
1419,98,2.9301226773671716,0.00013838499944540672,0.17246341705322266,True
1420,166,2.342494815952054,0.00013686400052392855,0.17243289947509766,True
1421,151,3.798183438980756,0.00013626000145450234,0.1724252700805664,True
1422,82,2.9089389616628454,0.0001364210002066102,0.1724252700805664,True
1423,66,2.4773564345848067,0.00013679900075658225,0.1724252700805664,True
1424,24,3.828784670496825,0.00013788899741484784,0.1724252700805664,True
1425,271,3.3917580724201914,0.000149661998875672,0.1725168228149414,True
1426,143,1.7463441156419768,0.00013170999955036677,0.1723642349243164,True
1427,65,2.5836945699011435,0.00015408599938382395,0.1724405288696289,True
1428,161,3.4856189579714023,0.00015419099872815423,0.17246341705322266,True
1429,161,2.129964581181644,0.0001449530027457513,0.17247867584228516,True
1430,135,1.2917288501212443,0.00013476499952957965,0.17237186431884766,True
1431,133,1.9762705352309848,0.00013615499847219326,0.1723947525024414,True
1432,208,3.2147707544008246,0.00015544699999736622,0.1725015640258789,True
1433,242,2.2250991265090967,0.0001420699991285801,0.17250919342041016,True
1434,98,1.486055567182883,0.00014079899847274646,0.17244815826416016,True
1435,271,4.306227102509646,0.00013613999908557162,0.17246341705322266,True
1436,129,2.311349415538602,0.0001360239984933287,0.1724100112915039,True
1437,98,1.943298086412485,0.00013495599705493078,0.1724100112915039,True
1438,151,1.457664475148969,0.00013621999823953956,0.17244815826416016,True
1439,196,2.5913623154485017,0.00013536099868360907,0.17240238189697266,True
1440,127,4.6725993993008865,0.00013823399785906076,0.17244815826416016,True
1441,85,3.4307262507523797,0.0002788720012176782,0.17246341705322266,True
1442,132,2.362145389927678,0.00013745099931838922,0.1724863052368164,True
1443,169,1.7184800482996727,0.00013498800035449676,0.1724100112915039,True
1444,76,3.7814196787882763,0.00015691099906689487,0.1724557876586914,True
1445,144,5.796108763642836,0.00013885199950891547,0.1724863052368164,True
1446,161,1.3298279276486145,0.00013633100024890155,0.17244815826416016,True
1447,132,6.077632624647369,0.00027768599829869345,0.17260074615478516,True
1448,98,5.2043485695417315,0.00015354900097008795,0.1725473403930664,True
1449,282,2.759231663258139,0.00014389300122275017,0.1724710464477539,True
1450,92,8.109642451162403,0.00014744600048288703,0.1724863052368164,True
1451,150,6.617648249860662,0.00018684600217966363,0.17257022857666016,True
1452,271,2.3565126805352428,0.0006344979992718436,0.17240238189697266,True
1453,161,2.7050711123935796,0.00016346499978681095,0.1724863052368164,True
1454,98,1.5534059319860622,0.00016472599963890389,0.1723947525024414,True
1455,269,3.161627968405564,0.00014288899910752662,0.1724557876586914,True
1456,169,3.4801566943518125,0.00014908400044078007,0.17240238189697266,True
1457,144,11.646081145010749,0.00014430399824050255,0.1726236343383789,True
1458,66,2.8184762403966497,0.00013851099720341153,0.17244815826416016,True
1459,282,3.893587416789212,0.00013496999963535927,0.17237186431884766,True
1460,135,3.878138339469658,0.00014633599857916124,0.17249393463134766,True
1461,268,1.984309837398069,0.0001462379987060558,0.17238712310791016,True
1462,151,5.514174038099869,0.0001443900000595022,0.1725778579711914,True
1463,242,1.1625045318963891,0.00014437299978453666,0.1724557876586914,True
1464,133,1.6341304004096804,0.0001335460001428146,0.17238712310791016,True
1465,282,1.9609611724541436,0.00020482499894569628,0.17244815826416016,True
1466,24,1.6959206978542267,0.00014510999972117133,0.17238712310791016,True
1467,33,3.480028540585087,0.0001394280006934423,0.1723947525024414,True
1468,242,2.078725053894145,0.0001816969997889828,0.1723337173461914,True
1469,135,1.9296041974052893,0.0001387250013067387,0.17247867584228516,True
1470,246,1.9811238858029836,0.00013939600103185512,0.17246341705322266,True
1471,255,3.570542631994069,0.00013601500177173875,0.17246341705322266,True
1472,208,3.263615552129568,0.00015569500101264566,0.1724863052368164,True
1473,271,2.0300249927018545,0.00015439400158356875,0.17237186431884766,True
1474,166,1.0540368291901483,0.00013140099690645002,0.17234134674072266,True
1475,118,2.4655949250746945,0.00014129900227999315,0.17249393463134766,True
1476,273,3.860493880574764,0.0001543789985589683,0.17264652252197266,True
1477,269,2.0470938916864214,0.00014824100071564317,0.17240238189697266,True
1478,75,2.1517802466620504,0.0001352500003122259,0.17240238189697266,True
1479,242,2.1222033725583715,0.0001315099980274681,0.1723642349243164,True
1480,169,1.536070978766056,0.00015770900063216686,0.1724557876586914,True
1481,65,6.297159966504588,0.0001381129986839369,0.17249393463134766,True
1482,133,2.2092405113952664,0.00013771899830317125,0.1724405288696289,True
1483,242,2.4187458630894465,0.000135165002575377,0.1724252700805664,True
1484,187,2.654148744964057,0.0001543159996799659,0.17250919342041016,True
1485,242,3.79597490648546,0.0001530600020487327,0.17241764068603516,True
1486,144,10.582031288612765,0.00014892299805069342,0.1726694107055664,True
1487,269,3.35467627390182,0.00014580799688701518,0.1723642349243164,True
1488,161,1.6083815160051689,0.00013998600115883164,0.17246341705322266,True
1489,166,4.130643486682893,0.00013459000183502212,0.1724405288696289,True
1490,226,3.870746913632094,0.0001444020017515868,0.1725168228149414,True
1491,118,2.7101170067841314,0.0001417559979017824,0.17249393463134766,True
1492,1,2.9753856783314934,0.00014468500012299046,0.1725778579711914,True
1493,130,9.295659492290097,0.00013830499665345997,0.17249393463134766,True
1494,98,14.606904796410515,0.00014746500164619647,0.17253971099853516,True
1495,118,1.7117087423471096,0.00013652499910676852,0.17241764068603516,True
1496,127,16.097005548127022,0.00014723600179422647,0.17260074615478516,True
1497,226,2.758545985488243,0.0001374220009893179,0.17238712310791016,True
1498,242,3.140580397904082,0.00016407099974458106,0.1724863052368164,True
1499,24,2.279897121029691,0.0001822140002332162,0.17244815826416016,True
1500,33,8.185360803563574,0.000150839001435088,0.1724252700805664,True
1501,226,3.516992386235541,0.0001513050010544248,0.17243289947509766,True
1502,133,1.0996988805491066,0.0001335359993390739,0.17234134674072266,True
1503,226,2.694210618778624,0.0001415369988535531,0.1723489761352539,True
1504,274,1.6538541548960592,0.00013361600213102065,0.1723489761352539,True
1505,269,3.843534454088741,0.0001376370018988382,0.17244815826416016,True
1506,187,2.8329753718403454,0.0001471010000386741,0.17253971099853516,True
1507,64,2.725985987564208,0.0001365489988529589,0.17234134674072266,True
1508,38,2.2035374066800624,0.00015984200217644684,0.1724863052368164,True
1509,33,4.3232077108414835,0.00016247199891950004,0.1724863052368164,True
1510,76,2.8400804081629323,0.00013227899762568995,0.1723642349243164,True
1511,133,2.5652504257624162,0.00015522299872827716,0.17246341705322266,True
1512,245,2.5200231739160537,0.00013584499902208336,0.17240238189697266,True
1513,273,3.2792016947889366,0.00014157400073600002,0.17255496978759766,True
1514,468,37.24988066541297,0.00015090099986991845,0.17272281646728516,False
1515,82,2.6440921184205597,0.00014111700147623196,0.17253971099853516,True
1516,271,2.4411812340775834,0.0001419159998476971,0.17249393463134766,True
1517,274,2.1962635796387926,0.00014335500236484222,0.1723947525024414,True
1518,118,2.3947239463150964,0.0001354020023427438,0.1723947525024414,True
1519,66,23.741126783823297,0.00013334899995243177,0.17237186431884766,True
1520,135,2.656143875485154,0.00013792100071441382,0.17246341705322266,True
1521,158,3.630989218137382,0.00013853599739377387,0.17247867584228516,True
1522,135,1.913501360767096,0.00014234099944587797,0.17244815826416016,True
1523,64,1.3042859217775162,0.00014520900003844872,0.1724405288696289,True
1524,161,1.7445047845222035,0.00015319900194299407,0.17240238189697266,True
1525,282,3.8104148086674834,0.0001905129975057207,0.1724863052368164,True
1526,169,2.488231239142031,0.00013783399845124222,0.17243289947509766,True
1527,161,1.8163549017633636,0.00013440299881040119,0.1724100112915039,True
1528,82,2.4814261429807583,0.0001358840017928742,0.17244815826416016,True
1529,75,6.2787566990738215,0.00014159900092636235,0.17252445220947266,True
1530,187,5.272062526408987,0.000141806998726679,0.1724863052368164,True
1531,149,3.3971967800911846,0.00014132499927654862,0.17234134674072266,True
1532,282,1.4531705039243752,0.00013363600010052323,0.1723794937133789,True
1533,151,2.2879821863312038,0.00013861000115866773,0.1725015640258789,True
1534,255,2.421206822587245,0.00013867999950889498,0.17249393463134766,True
1535,75,1.1205329449656938,0.00013220400069258176,0.17237186431884766,True
1536,268,3.8972603888960013,0.0001392740014125593,0.1724863052368164,True
1537,273,2.982958663339573,0.00014121800268185325,0.17252445220947266,True
1538,51,4.773872502647118,0.00014325300071504898,0.17257022857666016,True
1539,13,32.008152384692906,0.00017501199909020215,0.1725931167602539,True
1540,242,2.372960147016956,0.00014806300168856978,0.17247867584228516,True
1541,143,2.987801201202433,0.00013214499995228834,0.17240238189697266,True
1542,38,1.6384224707171995,0.00013779799701296724,0.17238712310791016,True
1543,158,5.3942330563016245,0.00014195900075719692,0.17252445220947266,True
1544,129,2.0154319000015803,0.0001384089991915971,0.1724557876586914,True
1545,151,1.7419290356506474,0.0001364780000585597,0.17243289947509766,True
1546,143,2.2961767398662047,0.00013661900084116496,0.1724557876586914,True
1547,242,3.60489730577736,0.000140203999762889,0.17234134674072266,True
1548,124,3.4519600557574304,0.00014793499940424226,0.17250919342041016,True
1549,145,14.475141654071729,0.00013890999980503693,0.1725015640258789,True
1550,124,4.275907642819176,0.00014056299914955162,0.1725168228149414,True
1551,65,2.9840597378878253,0.00013539900101022795,0.1723947525024414,True
1552,282,3.782378010002108,0.00015491699741687626,0.17255496978759766,True
1553,85,3.894781458954545,0.00014414800170925446,0.1725473403930664,True
1554,98,6.443990425763007,0.0001512300004833378,0.1726083755493164,True
1555,118,2.8281255898166293,0.00013616900105262175,0.17243289947509766,True
1556,106,16.58355097649504,0.00015016999896033667,0.1726388931274414,True
1557,158,2.4453630506075266,0.0001406800001859665,0.17250919342041016,True
1558,247,3.062626764619828,0.00013512099758372642,0.1724405288696289,True
1559,135,2.8206871627803194,0.0001368689991068095,0.1724405288696289,True
1560,483,10.389787776626227,0.0001401980007358361,0.1725015640258789,False
1561,151,2.8309107259800714,0.000139212999783922,0.17244815826416016,True
1562,24,4.62943855034132,0.00015297400022973306,0.1725320816040039,True
1563,166,1.9601743726811478,0.00014173499948810786,0.17243289947509766,True
1564,271,1.938866310723574,0.00014786199972149916,0.1723489761352539,True
1565,271,3.1255478593857964,0.0001394930004607886,0.1724252700805664,True
1566,242,1.3298157566477047,0.00013767199925496243,0.1723947525024414,True
1567,151,1.0694286391724594,0.0001440619998902548,0.1724100112915039,True
1568,106,4.622422119799575,0.0001426230010110885,0.17249393463134766,True
1569,10,3.0842068974264687,0.00014148900299915113,0.17246341705322266,True
1570,273,3.173770729940655,0.00015133999841054901,0.17246341705322266,True
1571,132,1.0505221963520504,0.0001379470013489481,0.1724405288696289,True
1572,242,3.502504424209798,0.00013251400014269166,0.17237186431884766,True
1573,151,2.5658104078302824,0.00013437599773169495,0.17243289947509766,True
1574,242,2.585497921534824,0.00014113699944573455,0.17247867584228516,True
1575,149,3.7617501780412663,0.000315484001475852,0.17244815826416016,True
1576,226,2.1929530589520603,0.00013739499991061166,0.1724100112915039,True
1577,254,10.883289639982443,0.00014216600175132044,0.1725778579711914,True
1578,208,2.3331103946117966,0.00014135799938230775,0.1724252700805664,True
1579,1,8.976125318779498,0.00015052599701448344,0.17252445220947266,True
1580,158,4.64632934768431,0.00015586899826303124,0.17266178131103516,True
1581,151,0.9944888656508079,0.00013523899906431325,0.1723642349243164,True
1582,38,1.4510400643949544,0.0001418110005033668,0.1724557876586914,True
1583,143,2.446674156690867,0.0001409780015819706,0.1724710464477539,True
1584,243,3.8747027317302942,0.0001528450011392124,0.17252445220947266,True
1585,282,2.1549093268565276,0.00014897999790264294,0.17250919342041016,True
1586,269,2.663965317239578,0.00013349700020626187,0.17240238189697266,True
1587,226,4.150336778967366,0.00013728699923376553,0.17246341705322266,True
1588,145,17.46494556523256,0.00013695499728783034,0.17243289947509766,True
1589,13,22.894385682440635,0.00016452500130981207,0.1725931167602539,True
1590,98,4.325374285713499,0.0001396689985995181,0.1725168228149414,True
1591,98,14.131336634165315,0.00014498699965770356,0.17260074615478516,True
1592,271,2.7726396839731127,0.00013595499694929458,0.17243289947509766,True
1593,144,2.2628511172592676,0.00014066500079934485,0.17253971099853516,True
1594,135,1.996992758596462,0.00014365700189955533,0.17241764068603516,True
1595,38,2.151336115043783,0.00014083799760555848,0.1724252700805664,True
1596,158,2.132511299669036,0.0001497370030847378,0.17249393463134766,True
1597,8,3.5180754933484204,0.00014055799692869186,0.1723489761352539,True
1598,125,3.1717084489693477,0.0001442419998056721,0.1724710464477539,True
1599,135,4.066028580981814,0.00014198999997461215,0.17247867584228516,True
1600,243,3.350908723530156,0.00014028200166649185,0.17249393463134766,True
1601,282,1.9240338746436272,0.0001419870022800751,0.17250919342041016,True
1602,255,2.2624915580892244,0.00014908700177329592,0.17246341705322266,True
1603,24,3.2987394551492715,0.00015216799874906428,0.17247867584228516,True
1604,187,2.6508233625483864,0.00015720299779786728,0.17250919342041016,True
1605,144,7.589627213885388,0.00014716700025019236,0.17253971099853516,True
1606,208,2.470315299863055,0.00015985799836926162,0.1724710464477539,True
1607,187,2.2631695886151904,0.00014187300257617608,0.17249393463134766,True
1608,151,2.2774273068378093,0.00013681599739356898,0.1724710464477539,True
1609,245,3.2596912832247122,0.00013337700147530995,0.17234134674072266,True
1610,161,2.1399604262165783,0.00014716499936184846,0.17244815826416016,True
1611,51,2.855127566301298,0.00013914800001657568,0.17243289947509766,True
1612,242,2.8827187827728937,0.0001396529987687245,0.1723947525024414,True
1613,242,1.8397806523227238,0.0001361069989798125,0.1724252700805664,True
1614,216,1.848126913679002,0.0001718139974400401,0.1724710464477539,True
1615,282,2.419529356156155,0.00013768799908575602,0.1724710464477539,True
1616,135,3.4160176055555134,0.00014542200005962513,0.17257022857666016,True
1617,10,2.5705823204838927,0.0001643050018174108,0.17234134674072266,True
1618,282,2.720083264642389,0.00013652000052388757,0.17240238189697266,True
1619,125,5.834169265287175,0.0001391159967170097,0.1725015640258789,True
1620,82,5.751343184746284,0.00013392000255407766,0.1724252700805664,True
1621,226,2.3439851693964586,0.00014631600060965866,0.1724100112915039,True
1622,33,7.034808329997649,0.0006068380025681108,0.17247867584228516,True
1623,208,3.155659696762046,0.00014725000073667616,0.1725320816040039,True
1624,38,2.1080071135408107,0.0001610630024515558,0.17243289947509766,True
1625,118,1.7562808928452738,0.00013323999883141369,0.1723947525024414,True
1626,66,4.268085823355061,0.00014232600005925633,0.1725625991821289,True
1627,268,2.6705585007609747,0.00013743100134888664,0.1724252700805664,True
1628,149,4.82111454699689,0.00013720599963562563,0.17247867584228516,True
1629,271,2.990187419038847,0.0001536209965706803,0.1724863052368164,True
1630,151,2.930329467271675,0.00013840800238540396,0.17247867584228516,True
1631,64,3.0298220280654893,0.0001367659970128443,0.17241764068603516,True
1632,149,1.7359522958830114,0.00013266399764688686,0.1723489761352539,True
1633,65,2.995614019175924,0.00013759899957221933,0.17244815826416016,True
1634,135,3.5403222231965867,0.00014024900156073272,0.17252445220947266,True
1635,129,4.209133832524054,0.0001470460010750685,0.1725015640258789,True
1636,106,38.60265128064442,0.00014379400090547279,0.17258548736572266,True
1637,98,9.072582692620138,0.00014338800247060135,0.17258548736572266,True
1638,65,2.3895565018217804,0.00013551099982578307,0.17241764068603516,True
1639,242,2.36750747818045,0.0001409050018992275,0.17238712310791016,True
1640,247,5.998440721960376,0.00015304200132959522,0.17261600494384766,True
1641,98,7.227008875778944,0.00015023499872768298,0.17264652252197266,True
1642,98,4.686315435392611,0.00014071799887460656,0.17253971099853516,True
1643,124,5.246414024502803,0.0001412759993399959,0.1725015640258789,True
1644,124,3.340485679394494,0.00013897700046072714,0.1724863052368164,True
1645,135,2.8124566317535185,0.00013593000039691105,0.17244815826416016,True
1646,166,2.862812061822044,0.00013766899792244658,0.17247867584228516,True
1647,118,2.1934831599976095,0.0001380079993396066,0.1724100112915039,True
1648,38,2.8905971590095936,0.00013307900007930584,0.17238712310791016,True
1649,135,1.385613566943306,0.0001329849983449094,0.17241764068603516,True
1650,268,2.242999720985699,0.000133984001877252,0.1724252700805664,True
1651,255,3.011816895036034,0.00014046000069356523,0.1725320816040039,True
1652,243,2.212602443088902,0.00013939899872639216,0.17249393463134766,True
1653,245,3.726808575911961,0.00013976099944557063,0.1725320816040039,True
1654,169,3.596519105120684,0.0001526829983049538,0.17253971099853516,True
1655,118,1.9313295931427847,0.00013377399955061264,0.1724252700805664,True
1656,149,2.062702732883049,0.00016126199989230372,0.17243289947509766,True
1657,66,1.9049863786584948,0.00014428999929805286,0.17253971099853516,True
1658,65,8.87987002690987,0.0001358400004392024,0.17244815826416016,True
1659,135,2.756837539897898,0.00013858999955118634,0.17247867584228516,True
1660,356,62.38347193853269,0.00015800199980731122,0.1725320816040039,False
1661,132,1.6061224331295383,0.0001417499988747295,0.1724405288696289,True
1662,282,2.2420044376944124,0.00014555799862137064,0.17250919342041016,True
1663,98,7.424989068762902,0.00014518500029225834,0.17253971099853516,True
1664,92,5.356037796718874,0.00013907000175095163,0.17252445220947266,True
1665,24,2.5368762130017806,0.0001354790001641959,0.17241764068603516,True
1666,132,2.45716317089965,0.00014761700003873557,0.17247867584228516,True
1667,274,3.3447140396348436,0.00013569700240623206,0.17241764068603516,True
1668,149,2.207280715257502,0.00013613599730888382,0.1724557876586914,True
1669,208,1.8818933740780879,0.00013597800352727063,0.1724252700805664,True
1670,166,1.388134962362297,0.00013932599904364906,0.1724405288696289,True
1671,145,4.597291101677976,0.0002978470001835376,0.17253971099853516,True
1672,268,3.6627434415275744,0.00017916800061357208,0.1724405288696289,True
1673,242,1.9852395369907732,0.00013399700037552975,0.1723947525024414,True
1674,144,4.551380609270361,0.00014086900046095252,0.1724863052368164,True
1675,135,1.2909592497252032,0.00013472800128511153,0.17240238189697266,True
1676,143,2.5645416516242663,0.00014225400082068518,0.17246341705322266,True
1677,226,5.318967041563543,0.00014157099940348417,0.1724863052368164,True
1678,8,4.042627308314827,0.00015823899957467802,0.1724710464477539,True
1679,151,1.753592775040621,0.0001356450011371635,0.17243289947509766,True
1680,24,1.9683260641741134,0.00013540500003728084,0.17238712310791016,True
1681,133,1.7400400984547857,0.0001355380009044893,0.17241764068603516,True
1682,271,1.6077732223243846,0.0005711060002795421,0.1724557876586914,True
1683,118,1.6775027009963848,0.00014326399832498282,0.17240238189697266,True
1684,255,1.5073995031524925,0.00014668299991171807,0.17246341705322266,True
1685,151,1.0743932081428142,0.0001345959972240962,0.17240238189697266,True
1686,66,3.9133218118102713,0.00014337000175146386,0.17247867584228516,True
1687,129,5.120154840336884,0.0001620030016056262,0.1724252700805664,True
1688,64,3.2384517563945723,0.0001391810001223348,0.17246341705322266,True
1689,149,2.9248282283985616,0.00014080500113777816,0.17241764068603516,True
1690,149,3.9595726088306353,0.00013858799866284244,0.17247867584228516,True
1691,158,5.063688914807791,0.00013931599823990837,0.17250919342041016,True
1692,242,2.6406464617221284,0.0001650769991101697,0.1723794937133789,True
1693,254,14.312869868229662,0.0001450769996154122,0.1725931167602539,True
1694,24,6.28585219505189,0.00014228800137061626,0.17252445220947266,True
1695,133,1.8894704836441143,0.00013551500160247087,0.1723642349243164,True
1696,13,17.243543626280783,0.00014270900283008814,0.17249393463134766,True
1697,196,2.397928711425913,0.00014908400044078007,0.1724710464477539,True
1698,133,3.149423340463263,0.00014061399997444823,0.1724557876586914,True
1699,151,2.1450769460288317,0.00013681199925485998,0.1724100112915039,True
1700,242,2.5359537431300887,0.00013681600103154778,0.17240238189697266,True
1701,132,1.3508212442626353,0.00013741500151809305,0.1724100112915039,True
1702,143,4.022944575917175,0.00013737100016442128,0.17243289947509766,True
1703,247,2.1477385305854786,0.00015417699978570454,0.17252445220947266,True
1704,282,2.8856764915233097,0.00014318200192064978,0.1725015640258789,True
1705,65,1.587152727596182,0.00013676800153916702,0.17238712310791016,True
1706,268,11.160012009796771,0.0001479359998484142,0.17250919342041016,True
1707,66,4.41983558986339,0.00015289499788195826,0.17252445220947266,True
1708,158,2.9867633376514044,0.00014050300160306506,0.1724557876586914,True
1709,65,2.9288870890544385,0.00013897900134907104,0.1724710464477539,True
1710,135,2.5466887918229033,0.00013836899961461313,0.1724710464477539,True
1711,65,2.747820582512679,0.0001387899974361062,0.17246341705322266,True
1712,226,3.0899306343147463,0.000145700996654341,0.1724557876586914,True
1713,268,2.037448965994462,0.00013761799709754996,0.17241764068603516,True
1714,149,2.409841144827197,0.00013440399925457314,0.1723947525024414,True
1715,282,3.2896039540292445,0.00014039300003787503,0.1724557876586914,True
1716,243,2.5660535489793275,0.00014777099931961857,0.1725015640258789,True
1717,242,2.2192295873357777,0.00013987499914946966,0.1724252700805664,True
1718,161,2.23290806306851,0.0001531710004201159,0.17244815826416016,True
1719,66,2.0181051752267454,0.00014088399984757416,0.1725473403930664,True
1720,8,4.473017532534878,0.00013925300299888477,0.1724863052368164,True
1721,133,2.1531272658291845,0.0001657230022829026,0.1724557876586914,True
1722,144,5.265797930262972,0.0001683750015217811,0.17257022857666016,True
1723,145,12.372057599927775,0.00014163699961500242,0.1725168228149414,True
1724,169,3.4032428103667867,0.0001379549976263661,0.1724710464477539,True
1725,65,2.568075516714937,0.0001638329995330423,0.17238712310791016,True
1726,82,3.284403224467034,0.00013592400136985816,0.1724405288696289,True
1727,51,2.2309928820554275,0.00015301100211218,0.1724863052368164,True
1728,242,1.5092880433998188,0.00013542400120059028,0.17240238189697266,True
1729,1,77.39612528263005,0.00015281699961633421,0.17263126373291016,True
1730,38,1.1510656377803412,0.0001416829982190393,0.17243289947509766,True
1731,151,1.7573837278861428,0.00013472299906425178,0.17244815826416016,True
1732,274,2.8514856134291096,0.00013289200069266371,0.17234134674072266,True
1733,169,5.7729032654160735,0.00015232799705700018,0.1724557876586914,True
1734,64,2.8352990779767797,0.00015281499872799031,0.17241764068603516,True
1735,65,2.8037816651450393,0.0001373960003547836,0.1724252700805664,True
1736,242,1.860596548886192,0.0001365630014333874,0.1724252700805664,True
1737,38,1.307789525427173,0.00013069900160189718,0.1723489761352539,True
1738,161,4.404129257681129,0.0001476519973948598,0.17247867584228516,True
1739,143,5.670209085805413,0.00013306699838722125,0.1723947525024414,True
1740,65,4.955405709642635,0.00014464899868471548,0.17257022857666016,True
1741,271,3.52004399292527,0.00013806999777443707,0.1724863052368164,True
1742,158,2.7711467060494237,0.0001430550000804942,0.17253971099853516,True
1743,82,3.589226739902027,0.00013420600225799717,0.17241764068603516,True
1744,98,2.4314302099353835,0.0001593689994479064,0.17255496978759766,True
1745,38,3.182990643803819,0.00015322499893954955,0.1724863052368164,True
1746,246,2.056019915175577,0.0001314109977101907,0.17234134674072266,True
1747,144,4.261804258694255,0.00017017099889926612,0.17263126373291016,True
1748,254,18.228009339297383,0.00017006299822242,0.17263126373291016,True
1749,24,2.795366342563454,0.00014010599988978356,0.1724557876586914,True
1750,151,5.0956282990750985,0.0001347760007774923,0.1724252700805664,True
1751,282,2.839213658774627,0.00013647299783769995,0.17246341705322266,True
1752,161,1.8222767880006858,0.00013310800204635598,0.17240238189697266,True
1753,271,2.429369352951411,0.00014893499974277802,0.17240238189697266,True
1754,282,2.9668870648086485,0.00013775800107396208,0.1724557876586914,True
1755,132,3.8629522381920403,0.00013944500096840784,0.17244815826416016,True
1756,38,2.0831450331146755,0.00014179700156091712,0.17243289947509766,True
1757,65,4.020154752787923,0.00041401600174140185,0.17249393463134766,True
1758,24,2.9473665661316195,0.0001371139987895731,0.17244815826416016,True
1759,132,2.3062092144461697,0.00016071500067482702,0.17238712310791016,True
1760,149,2.9831158633395005,0.00013641400073538534,0.1724252700805664,True
1761,268,3.361047418400073,0.00013953499728813767,0.1724863052368164,True
1762,133,1.8482508716696564,0.00014288300008047372,0.1723947525024414,True
1763,143,2.0216341422612394,0.00014129700139164925,0.17250919342041016,True
1764,242,3.162625976482111,0.00015024700041976757,0.1723489761352539,True
1765,242,2.40779160343269,0.00013481299902196042,0.17243289947509766,True
1766,226,2.7962893350430145,0.00015537000217591412,0.17246341705322266,True
1767,166,1.7199592796238612,0.0001336959976470098,0.1723794937133789,True
1768,66,4.1383492407240015,0.00013155899796402082,0.1723794937133789,True
1769,151,3.55866774342251,0.00013420799950836226,0.1724100112915039,True
1770,282,2.54074374555689,0.0001422360001015477,0.1725168228149414,True
1771,118,1.8980926161227771,0.00013300899809109978,0.1723947525024414,True
1772,158,3.2375783840920844,0.00014365899914992042,0.17252445220947266,True
1773,76,1.4296275468306656,0.0001351040009467397,0.17234134674072266,True
1774,242,2.1464377543074113,0.00014552100037690252,0.1725625991821289,True
1775,246,13.558564868395635,0.00014604000170947984,0.1726236343383789,True
1776,271,5.9907939740770315,0.00014729299800819717,0.17247867584228516,True
1777,166,2.926475749591813,0.00018419700063532218,0.1725320816040039,True
1778,269,1.259126590530829,0.00013404199853539467,0.1723947525024414,True
1779,135,3.9558411613349485,0.00014056199870537966,0.1724557876586914,True
1780,271,1.7110140654435764,0.00013519700223696418,0.1723794937133789,True
1781,242,1.476045656568527,0.00013843799752066843,0.1724405288696289,True
1782,118,1.343483441964554,0.00014639100118074566,0.17240238189697266,True
1783,166,2.066333380598115,0.00013161699826014228,0.17237186431884766,True
1784,130,4.34478018622754,0.00013663299978361465,0.17244815826416016,True
1785,133,0.7746844785282748,0.00012733699986711144,0.1723031997680664,True
1786,468,20.933252775338392,0.00015312699906644411,0.1724557876586914,False
1787,247,3.2899599992390565,0.0001403679998475127,0.17250919342041016,True
1788,8,4.724793127739413,0.00014643499889643863,0.17240238189697266,True
1789,92,3.7503844127544603,0.0001419850013917312,0.1724710464477539,True
1790,118,9.871105663031503,0.00014462300168816,0.1724710464477539,True
1791,24,3.22077574869235,0.00014369199925567955,0.1725015640258789,True
1792,76,2.863036752215362,0.00013770899749943055,0.1724100112915039,True
1793,133,2.3637425995816947,0.0001477799996791873,0.17250919342041016,True
1794,1,1.5477955888140045,0.00013810999735142104,0.17246341705322266,True
1795,269,2.298395062702488,0.00015262499800883234,0.17244815826416016,True
1796,65,1.8824906611303294,0.00013254599980427884,0.1723947525024414,True
1797,144,9.738684470515654,0.0001459480008634273,0.1725778579711914,True
1798,1,5.9601549936898675,0.0001415369988535531,0.17257022857666016,True
1799,82,7.570397084526692,0.00014368000120157376,0.17255496978759766,True
1800,133,1.9922108271301693,0.00015037199773360044,0.17244815826416016,True
1801,1,3.0122571741276323,0.0001403559981554281,0.1725168228149414,True
1802,125,3.075835315314616,0.00013156400018488057,0.17237186431884766,True
1803,133,2.0605213924107124,0.00014132800060906447,0.1724252700805664,True
1804,274,1.9214828823553465,0.00013422200208879076,0.1724100112915039,True
1805,118,0.9868362139137914,0.0001364070012641605,0.1723489761352539,True
1806,166,2.2275469968734605,0.0001318260001426097,0.17235660552978516,True
1807,271,3.0705171771752493,0.00013676600065082312,0.17246341705322266,True
1808,271,4.398976978094408,0.00016914400112000294,0.17247867584228516,True
1809,133,1.1313591651832038,0.00013254800069262274,0.1723794937133789,True
1810,135,1.9332774887911377,0.00016323399904649705,0.1724252700805664,True
1811,161,2.2129259829683186,0.0001429250005458016,0.17252445220947266,True
1812,274,2.226261352965749,0.00013609600136987865,0.17237186431884766,True
1813,66,6.256671970445991,0.00013937499898020178,0.17249393463134766,True
1814,132,2.9303245635560313,0.00014001099771121517,0.1724863052368164,True
1815,242,1.3435285678477973,0.00012967700240551494,0.1723489761352539,True
1816,143,15.150658437601994,0.00017381600264343433,0.17255496978759766,True
1817,24,2.68890823219307,0.0001312830027018208,0.17229557037353516,True
1818,143,3.701838515494746,0.0001411159973940812,0.17252445220947266,True
1819,75,2.370329246476297,0.0001287480008613784,0.1723031997680664,True
1820,151,3.1562697316259944,0.00014139399718260393,0.17241764068603516,True
1821,132,3.6808446782112347,0.00014071999976295047,0.1724863052368164,True
1822,51,2.9038172795609514,0.00014030999955139123,0.17244815826416016,True
1823,38,1.8040126339793363,0.00014977900355006568,0.1724252700805664,True
1824,133,1.9555943241157774,0.00015117799921426922,0.1724557876586914,True
1825,132,1.419587831868508,0.0001439949992345646,0.17246341705322266,True
1826,24,1.7559422118771513,0.00013859599857823923,0.1724557876586914,True
1827,282,1.4064012261251746,0.00014751100025023334,0.1724863052368164,True
1828,64,3.454295250314308,0.00014449099762714468,0.17232608795166016,True
1829,166,2.809189841847478,0.00013628799933940172,0.17241764068603516,True
1830,268,3.5889586296786735,0.00016280599811580032,0.1724710464477539,True
1831,274,2.3300463456714127,0.00014189899957273155,0.1724405288696289,True
1832,254,10.681244316513524,0.00015563399938400835,0.1725931167602539,True
1833,33,13.677553342863039,0.000156561000039801,0.1725015640258789,True
1834,106,8.747912418611545,0.00014561900025000796,0.1725320816040039,True
1835,118,2.4602822126269697,0.00013851399853592739,0.1724710464477539,True
1836,98,5.838856017115212,0.00015117400107556023,0.17249393463134766,True
1837,76,1.7639946817764103,0.00013134499749867246,0.1723489761352539,True
1838,133,2.7316636430061974,0.00013677099923370406,0.1724405288696289,True
1839,118,2.8645955304774975,0.00014580700008082204,0.17240238189697266,True
1840,145,7.773691115709078,0.00015729799997643568,0.17258548736572266,True
1841,150,6.423556425936572,0.00013661000048159622,0.1724557876586914,True
1842,151,1.6928067608950796,0.00013453399878926575,0.17243289947509766,True
1843,132,2.0773597716451278,0.00014336400272441097,0.17252445220947266,True
1844,226,3.1727058032719184,0.00013180899986764416,0.1725015640258789,True
1845,129,2.8312562015132547,0.00014662800094811246,0.1725625991821289,True
1846,273,1.9041229016988828,0.00013187999866204336,0.1724863052368164,True
1847,144,22.99755020550679,0.00015367900050478056,0.17273807525634766,True
1848,135,1.488348216458416,0.0001678100015851669,0.17241764068603516,True
1849,135,1.4445486621987345,0.0001247809996129945,0.1723947525024414,True
1850,135,1.4964782902066995,0.00012606500240508467,0.1723947525024414,True
1851,133,2.0983062223818303,0.00012932699974044226,0.1724100112915039,True
1852,118,2.8124704022695415,0.0001353129991912283,0.1725168228149414,True
1853,150,14.927748025663135,0.0001350700003968086,0.1725473403930664,True
1854,151,3.0926936235813236,0.00013735899847233668,0.17235660552978516,True
1855,75,1.869503958230277,0.00012941200111526996,0.1723337173461914,True
1856,161,2.726738190986879,0.0001474759992561303,0.17247867584228516,True
1857,158,3.98850671726798,0.00013039699842920527,0.17246341705322266,True
1858,38,3.789708385600932,0.00013039099940215237,0.1724557876586914,True
1859,242,1.6597605371086759,0.00012690700168604963,0.17238712310791016,True
1860,106,19.00258452309594,0.00013442199997371063,0.17255496978759766,True
1861,161,1.3924348608054569,0.00012757200238411315,0.17241764068603516,True
1862,24,4.056034402302912,0.00012982100088265724,0.1724405288696289,True
1863,133,1.5836093636183028,0.00012909200086141936,0.17244815826416016,True
1864,38,2.093358221128258,0.00012536299982457422,0.17237186431884766,True
1865,133,2.5259418696180713,0.0001289510000788141,0.17243289947509766,True
1866,145,25.364516525066307,0.00014159100101096556,0.1725778579711914,True
1867,24,1.3666444513584968,0.00012862500079791062,0.17235660552978516,True
1868,166,0.7235689775627709,0.0001280249998671934,0.1723642349243164,True
1869,269,4.187282565121273,0.00013281100109452382,0.17247867584228516,True
1870,8,4.7612445509742845,0.0001361819995508995,0.17249393463134766,True
1871,98,3.8298026492764876,0.0001346849967376329,0.1725625991821289,True
1872,151,4.0368043099449835,0.00013286799730849452,0.1724710464477539,True
1873,242,2.8410696992541418,0.0001254579983651638,0.1723794937133789,True
1874,143,2.6146449928123143,0.0001322030002484098,0.1724557876586914,True
1875,33,2.849740311522882,0.00014470899986918084,0.17243289947509766,True
1876,226,2.5893346916248245,0.00016032900020945817,0.17246341705322266,True
1877,143,4.956058366923207,0.0001391120022162795,0.17252445220947266,True
1878,82,2.519318889141015,0.00013839799794368446,0.1723947525024414,True
1879,135,3.4141221056504087,0.00013397099974099547,0.17249393463134766,True
1880,151,2.2596230644416924,0.00013070499699097127,0.17237186431884766,True
1881,132,1.2311395090089527,0.00012697599959210493,0.1723947525024414,True
1882,269,3.168169498202253,0.0001429980002285447,0.17237186431884766,True
1883,75,1.4362490428241432,0.00013192400001571514,0.1723794937133789,True
1884,98,5.8294657983535565,0.00013907299944548868,0.17258548736572266,True
1885,75,1.5513297517714533,0.00012330900062806904,0.1723184585571289,True
1886,242,2.0745864920881165,0.00014409899813472293,0.17238712310791016,True
1887,132,2.213323857011354,0.00014312899656943046,0.17252445220947266,True
1888,282,5.614415204781006,0.00013295300232130103,0.1724863052368164,True
1889,271,2.0308502868612353,0.00012993400014238432,0.17240238189697266,True
1890,24,2.544983182699681,0.00014547300088452175,0.17249393463134766,True
1891,64,3.254124117907933,0.00012869400234194472,0.17244815826416016,True
1892,242,4.283777213989287,0.00013381400276557542,0.1724405288696289,True
1893,149,5.533320731377966,0.0001295020010729786,0.1724710464477539,True
1894,82,1.9963997533790057,0.00013690700143342838,0.1724557876586914,True
1895,145,41.01626969458164,0.00013914400187786669,0.17249393463134766,True
1896,51,5.652707710150533,0.0001376309992338065,0.17250919342041016,True
1897,151,2.9790146319796134,0.00014626499978476204,0.17246341705322266,True
1898,158,5.368121071354296,0.0001408809985150583,0.1725320816040039,True
1899,130,6.126508980854451,0.0001338519978162367,0.1725473403930664,True
1900,196,2.3907125574537496,0.0001276520015380811,0.17243289947509766,True
1901,169,1.623934749103009,0.00012828699982492253,0.17243289947509766,True
1902,38,3.7862478360865497,0.0001374970015604049,0.17243289947509766,True
1903,242,2.1777768938775273,0.00013223199857748114,0.17243289947509766,True
1904,24,1.224468780949979,0.0001265800019609742,0.17231082916259766,True
1905,92,5.263792662436752,0.00013016299999435432,0.1724863052368164,True
1906,158,5.310385802315548,0.00013455199950840324,0.1725320816040039,True
1907,75,5.1715496656349655,0.00014191899754223414,0.1724557876586914,True
1908,24,1.852807828618968,0.00014194200048223138,0.1724100112915039,True
1909,133,1.591486276780968,0.00012690000221482478,0.1724252700805664,True
1910,151,4.688113213496165,0.00013140300143277273,0.17249393463134766,True
1911,243,4.030507591210594,0.00016789199798949994,0.1724710464477539,True
1912,118,1.436604132537718,0.00015156200242927298,0.17235660552978516,True
1913,65,5.494114868235015,0.00012821799828088842,0.1724252700805664,True
1914,118,2.5914525056445004,0.00012812999921152368,0.17240238189697266,True
1915,125,2.297556942950141,0.00013278400001581758,0.17243289947509766,True
1916,158,4.199432523001887,0.00012898199929622933,0.17241764068603516,True
1917,64,10.178461065762372,0.00014374900274560787,0.17255496978759766,True
1918,10,2.961365406911553,0.00014946200099075213,0.1724863052368164,True
1919,98,1.3256856603540694,0.0001298079987464007,0.17241764068603516,True
1920,158,4.139098982329554,0.0001351430000795517,0.17240238189697266,True
1921,254,11.029095984078976,0.00013456899978336878,0.17253971099853516,True
1922,1,11.389865268917703,0.0001364069976261817,0.17258548736572266,True
1923,75,2.4992257802336626,0.00013046900130575523,0.17235660552978516,True
1924,273,2.323343174695553,0.00014250299864215776,0.17241764068603516,True
1925,242,2.3234414299611177,0.0001621449991944246,0.17237186431884766,True
1926,51,2.82965282680375,0.00014695400022901595,0.17246341705322266,True
1927,64,3.531330144811774,0.0001843819991336204,0.17241764068603516,True
1928,124,4.2673437236892635,0.00013525899703381583,0.17237186431884766,True
1929,64,3.275080535242138,0.00012994500139029697,0.17241764068603516,True
1930,282,1.8408593990893805,0.00014325799929792993,0.1724100112915039,True
1931,92,4.674728141656908,0.00012767600128427148,0.1724405288696289,True
1932,216,4.327177054849278,0.0001441309977963101,0.17244815826416016,True
1933,98,1.6283698074952901,0.00012943399997311644,0.1724557876586914,True
1934,92,3.4943490015975858,0.000131050001073163,0.17244815826416016,True
1935,133,1.4748251260294178,0.00014031099999556318,0.17243289947509766,True
1936,247,3.310283768303218,0.00014420899969991297,0.1724557876586914,True
1937,274,1.8444259937905565,0.0001650119993428234,0.1724100112915039,True
1938,151,2.738118754260294,0.00013629900058731437,0.17249393463134766,True
1939,468,21.374382358988115,0.0001478669983043801,0.1726541519165039,False
1940,10,2.7045231360101756,0.00014958800238673575,0.1724863052368164,True
1941,65,8.220738790513234,0.00013705099991057068,0.1724252700805664,True
1942,208,3.85913711612942,0.00012935700215166435,0.17246341705322266,True
1943,196,3.2013715162705263,0.0001304340003116522,0.1724252700805664,True
1944,254,14.980347395463857,0.00014268099766923115,0.17267704010009766,True
1945,243,3.7572882140306705,0.00014413399912882596,0.1724557876586914,True
1946,133,1.4579959750030387,0.00014447600187850185,0.1724252700805664,True
1947,166,1.3721482984913285,0.000133530000312021,0.17240238189697266,True
1948,108,2.2740949135120596,0.00012928800060763024,0.1724710464477539,True
1949,151,3.0976209800811936,0.0002983110025525093,0.1724863052368164,True
1950,133,1.642369977362351,0.00013260500054457225,0.1724863052368164,True
1951,255,3.8559215063541954,0.0001287440027226694,0.17246341705322266,True
1952,151,1.8942630381629784,0.0001299699979426805,0.1724405288696289,True
1953,124,3.591555383047354,0.0001321540003118571,0.17250919342041016,True
1954,118,2.6078422343790817,0.00012912000238429755,0.1723947525024414,True
1955,98,5.21604742979838,0.00015257500126608647,0.1725625991821289,True
1956,51,4.414839450399097,0.00013501400098903105,0.17249393463134766,True
1957,166,2.136876540730413,0.00015439799972227775,0.1723489761352539,True
1958,64,4.394282064118171,0.00018715999976848252,0.17235660552978516,True
1959,65,3.049082690707839,0.00012528699880931526,0.17238712310791016,True
1960,75,2.6539732682154544,0.0001255750030395575,0.17234134674072266,True
1961,33,3.134435170954564,0.0001571060020069126,0.1725320816040039,True
1962,118,2.9572256263816517,0.00014046999785932712,0.17249393463134766,True
1963,143,7.32590242309321,0.00013732600200455636,0.1725168228149414,True
1964,144,5.028790006448506,0.00013514599777408876,0.1725625991821289,True
1965,24,1.436739200928865,0.00012977200094610453,0.17246341705322266,True
1966,51,6.341018073141154,0.00012852000145358033,0.17246341705322266,True
1967,75,3.3353243310255567,0.0001551669993204996,0.1724405288696289,True
1968,255,4.260363641260636,0.00013549999857787043,0.17240238189697266,True
1969,169,1.8258119182512813,0.00013295100143295713,0.17243289947509766,True
1970,161,1.8800434492163385,0.00013173600018490106,0.17249393463134766,True
1971,144,11.120966842322536,0.00013830100215272978,0.17264652252197266,True
1972,274,2.988829589846248,0.00013138799840817228,0.17243289947509766,True
1973,132,2.0797007107471757,0.00013148799916962162,0.17244815826416016,True
1974,282,3.4096637270150114,0.00013387799845077097,0.17249393463134766,True
1975,269,5.258923083543449,0.00013659900287166238,0.17249393463134766,True
1976,75,2.259193099669488,0.00012851999781560153,0.17238712310791016,True
1977,98,1.4263054283998322,0.00012731899914797395,0.17237186431884766,True
1978,268,3.828334508671881,0.0001353150000795722,0.17247867584228516,True
1979,274,2.122836081022536,0.000129755000671139,0.1723947525024414,True
1980,24,4.174431533980864,0.00015431900101248175,0.1724557876586914,True
1981,242,1.8163257986213952,0.00013025099906371906,0.1724405288696289,True
1982,468,49.94191579960655,0.00014410500079975463,0.17267704010009766,False
1983,24,2.4257631817907703,0.00013045300147496164,0.17243289947509766,True
1984,24,3.726173674978801,0.0001326159981545061,0.17246341705322266,True
1985,106,15.114638629608471,0.00014054500206839293,0.1726236343383789,True
1986,132,1.8728251735881722,0.00013363299876800738,0.17246341705322266,True
1987,483,5.586094439488136,0.00013690500054508448,0.1724557876586914,False
1988,216,2.826805190098584,0.0001332039973931387,0.1724710464477539,True
1989,65,2.3115441702829265,0.0001285819998884108,0.1723489761352539,True
1990,242,2.5723278067591306,0.0001301359989156481,0.1723794937133789,True
1991,150,10.16591500587367,0.00013564400069299154,0.17247867584228516,True
1992,187,2.290934038470039,0.00014022699906490743,0.1725473403930664,True
1993,66,3.452077575575652,0.00013578600191976875,0.1725015640258789,True
1994,1,3.9098196223421233,0.00014184899919200689,0.1725778579711914,True
1995,143,1.7232887292430232,0.00014232399917091243,0.1724863052368164,True
1996,245,3.655213416603599,0.00013092800145386718,0.17249393463134766,True
1997,196,3.733265779128352,0.00012735400014207698,0.17240238189697266,True
1998,274,1.3099354456863264,0.00014040599853615277,0.1723947525024414,True
1999,282,4.36402541954728,0.00013489599950844422,0.17260074615478516,True
2000,98,2.953154391612887,0.000132156001200201,0.17252445220947266,True
2001,268,2.8443561186253348,0.00012483699902077205,0.1723642349243164,True
2002,1,5.818211318266746,0.00013412900079856627,0.1725625991821289,True
2003,282,1.9272957689637153,0.00012938099825987592,0.17238712310791016,True
2004,66,2.3307768574428303,0.00013889399997424334,0.1724405288696289,True
2005,247,5.964747373704753,0.0001381680012855213,0.17246341705322266,True
2006,151,2.6303030166932664,0.00013332899834495038,0.1725320816040039,True
2007,118,2.274347849672767,0.00013668600149685517,0.1725015640258789,True
2008,38,3.9694956300175566,0.00014125399684417062,0.1724710464477539,True
2009,247,1.861064282785808,0.00013534699974115938,0.17237186431884766,True
2010,169,2.0611344381571812,0.00014230200031306595,0.17247867584228516,True
2011,216,2.547187886548089,0.0001245949970325455,0.1723642349243164,True
2012,129,2.0597998468922785,0.00013001300249015912,0.17244815826416016,True
2013,247,2.657667323496852,0.00013770300211035646,0.1725015640258789,True
2014,24,3.4207021176084025,0.0001400199980707839,0.17250919342041016,True
2015,169,3.02992803232458,0.00013044099978287704,0.17243289947509766,True
2016,75,3.8618506956463134,0.00013551499796449207,0.17243289947509766,True
2017,133,1.8626124183836974,0.00013020600090385415,0.17241764068603516,True
2018,166,0.8566036396508092,0.00013132000094628893,0.1723642349243164,True
2019,161,2.3777985132028023,0.00020739499814226292,0.17246341705322266,True
2020,38,2.7210151602508588,0.00012793900168617256,0.1724252700805664,True
2021,66,11.873532465952994,0.00015271500160451978,0.1725778579711914,True
2022,24,3.4746852919573974,0.0003238700010115281,0.1725168228149414,True
2023,255,1.6896897718619537,0.0001388060009048786,0.1724710464477539,True
2024,132,2.2283480023132785,0.00012808400060748681,0.1724252700805664,True
2025,274,2.5461252070428757,0.00013010200200369582,0.17241764068603516,True
2026,64,2.9684161825742303,0.00013414900240604766,0.17232608795166016,True
2027,106,13.418418958748587,0.00014871000166749582,0.1724405288696289,True
2028,118,1.996998321903503,0.00014175499745761044,0.17241764068603516,True
2029,243,2.70680438301801,0.00015253399760695174,0.1724710464477539,True
2030,1,5.22844978876667,0.00015461300063179806,0.1726541519165039,True
2031,98,4.2323054695761275,0.00013356199997360818,0.1725625991821289,True
2032,66,4.119017450753487,0.00014208299762685783,0.1724863052368164,True
2033,75,5.682068224721437,0.00013896500240662135,0.1725168228149414,True
2034,247,3.61133832028983,0.00013852399933966808,0.1724863052368164,True
2035,38,2.885018116644923,0.00012690799849224277,0.1723947525024414,True
2036,282,1.8631613461397718,0.00013195599967730232,0.17241764068603516,True
2037,435,18.02209545427878,0.00013857800149708055,0.17261600494384766,False
2038,98,2.0300377488400234,0.00012876500113634393,0.1724557876586914,True
2039,129,3.34141780458843,0.0001314979999733623,0.17250919342041016,True
2040,254,13.48483278944575,0.000136542999825906,0.17257022857666016,True
2041,82,2.6540364002261487,0.0001293239984079264,0.17244815826416016,True
2042,65,3.27680120892371,0.00014288599777501076,0.17241764068603516,True
2043,247,1.8297379585465716,0.00014593700325349346,0.1725015640258789,True
2044,245,3.6465121493783,0.0001308760001847986,0.17246341705322266,True
2045,242,4.575575833999848,0.0001345979981124401,0.1725625991821289,True
2046,161,2.242153840401106,0.00013210800170782022,0.17246341705322266,True
2047,151,52.92992280559305,0.00014009400183567777,0.17263126373291016,True
2048,318,12.977753358537303,0.00014712299889652058,0.1725473403930664,False
2049,66,2.1514564498111586,0.00016516499817953445,0.17241764068603516,True
2050,271,3.0952809870321354,0.00012825899830204435,0.17243289947509766,True
2051,150,12.139565287309921,0.00013009900067117997,0.1724405288696289,True
2052,33,3.2891308604347134,0.00013363000107347034,0.1724252700805664,True
2053,166,1.8475732998638772,0.00012851700012106448,0.1723184585571289,True
2054,64,4.2965932937312346,0.00012799099931726232,0.17243289947509766,True
2055,149,2.527702061810573,0.00012750500172842294,0.17238712310791016,True
2056,10,5.625411861397789,0.00013075300012133084,0.1724863052368164,True
2057,151,2.746989611998334,0.0001340509988949634,0.1725168228149414,True
2058,143,2.0175597908265406,0.0001256239993381314,0.17240238189697266,True
2059,143,3.9151065038778223,0.000144132998684654,0.17247867584228516,True
2060,51,2.305939528735561,0.00013317600314621814,0.17243289947509766,True
2061,65,2.4925320065626217,0.00012531700122053735,0.17240238189697266,True
2062,143,2.9854736939744324,0.0001293299974349793,0.1723642349243164,True
2063,8,4.589514037541691,0.00013142199895810336,0.1724252700805664,True
2064,82,3.0490650467144174,0.00014443399777519517,0.1725168228149414,True
2065,51,7.725215406695373,0.00013955600297776982,0.17260074615478516,True
2066,255,3.714437855991893,0.00014748900139238685,0.1725015640258789,True
2067,51,5.8541160259774765,0.0001497550001658965,0.1725931167602539,True
2068,226,4.991650313635626,0.0001515399999334477,0.1724557876586914,True
2069,24,1.5905044888595206,0.00013458399916999042,0.17234134674072266,True
2070,51,7.825754463689402,0.00014214400289347395,0.17255496978759766,True
2071,158,1.9669596289757523,0.00013683999713975936,0.1724863052368164,True
2072,10,4.31914127089997,0.0001296539994655177,0.1724100112915039,True
2073,143,2.1485154852635877,0.00014270099927671254,0.1723947525024414,True
2074,82,2.83162703981512,0.00013835100253345445,0.17237186431884766,True
2075,144,9.526141551920903,0.00013714200031245127,0.17258548736572266,True
2076,149,3.531991690839382,0.00012977599908481352,0.17243289947509766,True
2077,33,2.848956698923677,0.0001354040032310877,0.17250919342041016,True
2078,75,2.7062414042370584,0.00012716499986709096,0.1723794937133789,True
2079,226,2.8247216303337086,0.0001284810023207683,0.17238712310791016,True
2080,158,28.168596661492018,0.0001294819994654972,0.1724710464477539,True
2081,24,1.4415287323362367,0.0001314350010943599,0.1723489761352539,True
2082,226,2.2029722671628016,0.0001294350004172884,0.17247867584228516,True
2083,24,2.713624369058252,0.00013341000158106908,0.1725015640258789,True
2084,82,3.713541437321045,0.0001307519996771589,0.17246341705322266,True
2085,118,3.280610418503331,0.00015171799896052107,0.17247867584228516,True
2086,98,2.0692442042690113,0.00013052400026936084,0.1724863052368164,True
2087,66,3.0719480946567783,0.00013270400086184964,0.17247867584228516,True
2088,144,3.102776689064408,0.00013603700062958524,0.17255496978759766,True
2089,187,5.422897896741,0.00014142500003799796,0.1725320816040039,True
2090,66,2.849657153763906,0.0001348550031252671,0.1725015640258789,True
2091,124,4.204100356963372,0.00012862500079791062,0.17246341705322266,True
2092,435,40.879557938695676,0.00013969700012239628,0.1726541519165039,False
2093,24,2.385778330545934,0.0001308049977524206,0.1724557876586914,True
2094,255,1.9556647495331672,0.0001596709989826195,0.17243289947509766,True
2095,132,2.6092198108418505,0.00013249399853521027,0.17252445220947266,True
2096,273,1.6924622429383052,0.00013612899783765897,0.1724252700805664,True
2097,161,2.6873828173986514,0.0001376189975417219,0.17247867584228516,True
2098,271,7.381906182825833,0.00013882999701309018,0.17249393463134766,True
2099,144,4.079557405020012,0.0001627810015634168,0.1726388931274414,True
2100,149,4.541399314139448,0.00013901599959353916,0.17249393463134766,True
2101,133,1.4887826632433825,0.00013202700210968032,0.1723947525024414,True
2102,435,31.953569301613882,0.00014404299872694537,0.1726083755493164,False
2103,75,2.529953077362475,0.00013906099775340408,0.17238712310791016,True
2104,242,2.238692559294938,0.00013783000031253323,0.17250919342041016,True
2105,161,1.532757283257638,0.00013559099897975102,0.1724557876586914,True
2106,132,2.542683700410558,0.00013643100101035088,0.17253971099853516,True
2107,166,1.5166616566428373,0.00013302799925440922,0.1724557876586914,True
2108,1,5.874486840816261,0.0001692730002105236,0.1726846694946289,True
2109,132,1.958502235448774,0.00020059799862792715,0.1724557876586914,True
2110,268,1.6637300410984888,0.00013075300012133084,0.17229557037353516,True
2111,124,4.166372596337483,0.00013034599760430865,0.17244815826416016,True
2112,143,5.344496948331457,0.00013093300003674813,0.1724557876586914,True
2113,118,2.379805876910824,0.00013451999984681606,0.1724863052368164,True
2114,51,6.789983410478208,0.00014055499923415482,0.17249393463134766,True
2115,483,5.029892523530779,0.00013119300274411216,0.17247867584228516,False
2116,166,4.627959741681984,0.00013409199891611934,0.17255496978759766,True
2117,118,1.1377609155360369,0.00012491400048020296,0.17238712310791016,True
2118,118,1.9448242717828397,0.0001285680009459611,0.1724252700805664,True
2119,64,3.9844637662203413,0.00015102199904504232,0.1724710464477539,True
2120,242,1.8676710507055412,0.0001292529996135272,0.17246341705322266,True
2121,65,4.006854663708044,0.00016342900198651478,0.17241764068603516,True
2122,1,5.148665075043294,0.00013845699868397787,0.17263126373291016,True
2123,118,2.1260591095414285,0.0001295200017921161,0.1724100112915039,True
2124,271,2.9370938938416766,0.00012975599747733213,0.1724405288696289,True
2125,144,6.4024629360580185,0.00014077900050324388,0.1725320816040039,True
2126,118,3.4069978695960583,0.00012773200069204904,0.1724405288696289,True
2127,226,3.7883650268855984,0.0001319899965892546,0.17243289947509766,True
2128,166,1.0292541940612585,0.00012408300244715065,0.1723489761352539,True
2129,282,2.7174234856430117,0.00013359000149648637,0.17241764068603516,True
2130,245,2.316303948139318,0.00012856299872510135,0.1724252700805664,True
2131,24,1.2725858539200172,0.00012858300033258274,0.17234134674072266,True
2132,144,7.54974030804855,0.00013383099940256216,0.1725625991821289,True
2133,245,3.0919562117410955,0.00014713199925608933,0.17249393463134766,True
2134,196,2.4130658675796983,0.00012642500223591924,0.1723794937133789,True
2135,144,2.3587541372033733,0.00031536800088360906,0.17244815826416016,True
2136,129,3.1289511786900768,0.00013367300198297016,0.17249393463134766,True
2137,118,2.623013593823816,0.00014617200213251635,0.1724405288696289,True
2138,135,3.1935052130258383,0.00013276300160214305,0.1725168228149414,True
2139,82,2.611697040067225,0.00012976799916941673,0.17241764068603516,True
2140,274,2.385828345830711,0.00014218700016499497,0.1723947525024414,True
2141,82,2.869551326495568,0.00012511900058598258,0.1723337173461914,True
2142,158,3.413431517803174,0.00013595400014310144,0.17250919342041016,True
2143,133,3.0335632817428255,0.00013129199942341074,0.17247867584228516,True
2144,125,3.1349969139855673,0.0001278570016438607,0.1723947525024414,True
2145,158,2.2213064523452566,0.00013050000052317046,0.17244815826416016,True
2146,242,2.8892565746590457,0.00012465200052247383,0.17235660552978516,True
2147,255,2.9751285725445586,0.00014121600179350935,0.1723947525024414,True
2148,269,34.30808504779159,0.00014224699771148153,0.1726541519165039,True
2149,158,3.5382413368013887,0.00013108499842928723,0.17244815826416016,True
2150,282,4.8711622589027455,0.0001308230021095369,0.1725015640258789,True
2151,124,2.439550443800947,0.00014068299788050354,0.17241764068603516,True
2152,246,2.7134823020747643,0.00014269100211095065,0.1725015640258789,True
2153,247,1.5927871239319307,0.00014068300151848234,0.17244815826416016,True
2154,65,2.6538363420692903,0.00012948299990966916,0.17246341705322266,True
2155,51,2.497757616039137,0.00012951700045960024,0.1723947525024414,True
2156,38,1.469449003320855,0.00013513199883163907,0.1724557876586914,True
2157,243,4.595547476911831,0.00013934399976278655,0.1725168228149414,True
2158,274,2.346177548704951,0.00013976199988974258,0.17249393463134766,True
2159,255,3.7830011425991374,0.00015195599917205982,0.1724100112915039,True
2160,208,3.97037827890142,0.00013658299940288998,0.17249393463134766,True
2161,135,1.8243171270545844,0.00015777299995534122,0.17246341705322266,True
2162,269,1.0426945348521741,0.00012363499990897253,0.1723184585571289,True
2163,145,9.86672463315224,0.00012801000048057176,0.1724710464477539,True
2164,125,3.458411375789207,0.00013731199942412786,0.17243289947509766,True
2165,1,2.9921630981272385,0.00013112600208842196,0.1725015640258789,True
2166,216,2.029240636851938,0.00013753199891652912,0.17244815826416016,True
2167,98,2.2949309304244934,0.0001275530012208037,0.1724252700805664,True
2168,98,5.451241444625473,0.00013895499796490185,0.1726541519165039,True
2169,242,4.59333862172964,0.00013265099914860912,0.17252445220947266,True
2170,144,10.287595749262863,0.00014480100071523339,0.17260074615478516,True
2171,246,2.4018915916265895,0.00013693299842998385,0.17243289947509766,True
2172,246,1.638379658258508,0.00012754999988828786,0.1723642349243164,True
2173,282,1.8584942352736649,0.00012819599942304194,0.1724252700805664,True
2174,135,4.5374528082263526,0.00013102000229991972,0.1724405288696289,True
2175,242,3.1643523385467436,0.00013385999773163348,0.17257022857666016,True
2176,135,1.4651528822332802,0.00015578800230287015,0.1724100112915039,True
2177,269,6.560844612041709,0.00013055800081929192,0.1724710464477539,True
2178,65,4.3931318701221835,0.00013485799718182534,0.1725015640258789,True
2179,282,1.6157489685855961,0.00012992999836569652,0.1724100112915039,True
2180,8,3.1209806835497953,0.00013283400039654225,0.17244815826416016,True
2181,135,1.9379251139329883,0.00014318000103230588,0.17238712310791016,True
2182,24,3.2630847016662172,0.0001306730009673629,0.17247867584228516,True
2183,268,1.6117424897676098,0.0001281670010939706,0.1723337173461914,True
2184,268,1.4432026081813765,0.0001465460009058006,0.1724557876586914,True
2185,226,1.950177661121137,0.0001247569998668041,0.17232608795166016,True
2186,132,1.4363163805551227,0.00013902200225857086,0.1724100112915039,True
2187,187,2.6327851959199,0.00014633200044045225,0.17249393463134766,True
2188,133,1.7888487893850744,0.00014621399895986542,0.17241764068603516,True
2189,135,2.8799694543209853,0.00013053799921181053,0.1724100112915039,True
2190,98,2.4452445635450886,0.0001388040000165347,0.17257022857666016,True
2191,125,4.18944268542726,0.00013264699737192132,0.1724405288696289,True
2192,144,3.2257398588286916,0.00013115299952914938,0.17244815826416016,True
2193,132,1.9995892426760158,0.0001294979992962908,0.1724557876586914,True
2194,273,3.411448610886184,0.00013117699927533977,0.1725015640258789,True
2195,226,2.683646963587332,0.00012517999857664108,0.17237186431884766,True
2196,75,1.7111408851744023,0.00012974399942322634,0.1724100112915039,True
2197,216,2.2473685396993983,0.00018097000065608881,0.1724710464477539,True
2198,65,3.1916594543317136,0.00013224599751993082,0.1723947525024414,True
2199,245,2.3533028288104023,0.00017226199997821823,0.17241764068603516,True
2200,24,2.8337783988342515,0.00014176100012264214,0.17247867584228516,True
2201,24,5.723877026645362,0.00014059800014365464,0.17252445220947266,True
2202,246,2.4009295832960524,0.00012759799938066863,0.17241764068603516,True
2203,242,2.304053756891652,0.00015830900156288408,0.17250919342041016,True
2204,82,2.695670065868397,0.0001271090004593134,0.1723794937133789,True
2205,125,3.8969223628252774,0.00013178799781599082,0.17240238189697266,True
2206,132,2.8148906799097113,0.00013779599976260215,0.17250919342041016,True
2207,129,2.7999141402042373,0.00013917399701313116,0.17243289947509766,True
2208,135,5.3526495406900745,0.000144476998684695,0.17247867584228516,True
2209,144,4.103265224917356,0.00013703199874726124,0.1724710464477539,True
2210,38,2.187770395277621,0.00013238999963505194,0.1724405288696289,True
2211,274,2.3440550729780307,0.00014211999950930476,0.1724100112915039,True
2212,75,3.7753557986959994,0.0001274109999940265,0.17238712310791016,True
2213,158,1.718339725801207,0.00012795299699064344,0.1724100112915039,True
2214,271,2.6604342732920903,0.00012633399819605984,0.1723642349243164,True
2215,151,1.5965118750896172,0.00014151000141282566,0.1724405288696289,True
2216,161,3.1793893995366487,0.00013240699991001748,0.17252445220947266,True
2217,132,1.7583997631623531,0.0001264549973711837,0.1724100112915039,True
2218,65,5.760137742468897,0.00013100999785820022,0.17244815826416016,True
2219,135,0.9395239588424883,0.00012487699859775603,0.17237186431884766,True
2220,187,4.78891680332305,0.0001398029999108985,0.1724863052368164,True
2221,132,2.02589595355535,0.00013039199984632432,0.1724252700805664,True
2222,51,5.44122967231638,0.00013000899707549252,0.17246341705322266,True
2223,245,2.089489436353353,0.00012933499965583906,0.1724100112915039,True
2224,166,1.0846967487948358,0.00012449399946490303,0.17232608795166016,True
2225,24,2.0433440121593427,0.0001389700009895023,0.17243289947509766,True
2226,282,5.184952091873395,0.00014419499711948447,0.1725168228149414,True
2227,66,3.8184406363584067,0.00017476499851909466,0.17255496978759766,True
2228,82,3.4533552143338673,0.0001426759990863502,0.17255496978759766,True
2229,282,3.867026068803078,0.00013418000162346289,0.17250919342041016,True
2230,76,2.6493935842449536,0.00012965499990968965,0.1724405288696289,True
2231,66,4.40584429285027,0.0001341500028502196,0.1724405288696289,True
2232,166,1.9224066367535984,0.00012366399823804386,0.1723489761352539,True
2233,161,2.5115211760186704,0.0001397279993398115,0.17246341705322266,True
2234,242,1.467491300923787,0.0001387839984090533,0.17237186431884766,True
2235,133,2.1072413429766863,0.00012512000103015453,0.1723337173461914,True
2236,269,3.239629029991412,0.0001280430005863309,0.17244815826416016,True
2237,51,14.680161484344497,0.00014550299965776503,0.1725015640258789,True
2238,242,3.2760852426188536,0.00013399100134847686,0.1725015640258789,True
2239,247,1.701590539397373,0.00013920800120104104,0.1725168228149414,True
2240,226,5.078747434501634,0.0001876559981610626,0.17243289947509766,True
2241,268,1.067508685560106,0.00016888299796846695,0.17240238189697266,True
2242,125,2.567857009811528,0.00012900799993076362,0.17238712310791016,True
2243,82,2.925302889940222,0.00012892099766759202,0.17241764068603516,True
2244,98,2.324503230843154,0.0001292790002480615,0.17244815826416016,True
2245,118,2.9394945096888287,0.00013720499919145368,0.1723947525024414,True
2246,226,2.809670403400928,0.0001270140019187238,0.17237186431884766,True
2247,255,2.202997885210491,0.00013048099935986102,0.17249393463134766,True
2248,150,28.056694927691588,0.00012955900092492811,0.1724557876586914,True
2249,245,5.1069302803109835,0.00013823100016452372,0.1724710464477539,True
2250,118,2.1131968806129393,0.0001365730022371281,0.1725168228149414,True
2251,271,3.2606343579339403,0.00012909100041724741,0.17244815826416016,True
2252,187,3.325154309935886,0.0001326079982391093,0.1725168228149414,True
2253,196,7.403734231781501,0.00013825600035488605,0.17263126373291016,True
2254,66,2.6554593536012496,0.00014771200221730396,0.17247867584228516,True
2255,435,31.072908545741054,0.00013132200183463283,0.1725015640258789,False
2256,65,2.535258657293617,0.00012761299876729026,0.17238712310791016,True
2257,75,4.526871374904755,0.0001313880020461511,0.1724405288696289,True
2258,226,3.665846034045898,0.00013112599845044315,0.1724557876586914,True
2259,242,3.1567238477647104,0.0001343020012427587,0.17247867584228516,True
2260,133,2.5254137833711976,0.00013488600234268233,0.17238712310791016,True
2261,51,4.849559341626024,0.00013790199955110438,0.17249393463134766,True
2262,242,1.264429087270381,0.00012939999942318536,0.1723947525024414,True
2263,129,4.017207615986197,0.00014795900278841145,0.17250919342041016,True
2264,169,2.009091479010418,0.00014900799942552112,0.17241764068603516,True
2265,187,3.387278658655135,0.00013854999997420236,0.17252445220947266,True
2266,144,6.602308425796217,0.0001420640001015272,0.17258548736572266,True
2267,215,2.8289358256048778,0.00015134299974306487,0.1725015640258789,True
2268,24,1.8440080062945,0.00014480900063063018,0.1724863052368164,True
2269,151,3.398018532546181,0.00012582300041685812,0.17238712310791016,True
2270,66,6.044993480759189,0.00013131800005794503,0.17244815826416016,True
2271,135,2.280303657788523,0.00012960499952896498,0.17244815826416016,True
2272,247,4.836396075237974,0.00015155099754338153,0.17260074615478516,True
2273,10,1.9158120208629774,0.00013423999916994944,0.1724405288696289,True
2274,66,3.4328155488721688,0.0001308760001847986,0.17243289947509766,True
2275,135,1.063369916887682,0.0001280149990634527,0.1724405288696289,True
2276,98,5.364601036037815,0.00015469000209122896,0.1724557876586914,True
2277,127,3.684537092245686,0.00013069400301901624,0.1724710464477539,True
2278,242,3.739068299599534,0.00012895199688500725,0.1724710464477539,True
2279,196,3.0314408260781063,0.0001519960023870226,0.17237186431884766,True
2280,24,1.0160316816698072,0.00013612100156024098,0.1723642349243164,True
2281,66,2.5166957397633425,0.0001388950004184153,0.17244815826416016,True
2282,98,2.6964874828975613,0.00013963300079922192,0.1725320816040039,True
2283,51,4.455499784377487,0.00013126599878887646,0.1725015640258789,True
2284,24,3.097066772263783,0.0001341480019618757,0.17241764068603516,True
2285,66,3.3719729205881475,0.00016257899915217422,0.1724557876586914,True
2286,216,2.1263700035757047,0.00012801199773093686,0.1724405288696289,True
2287,151,2.1779232197533176,0.0001264749989786651,0.1724100112915039,True
2288,129,2.8550724607244096,0.00013310700160218403,0.1724710464477539,True
2289,149,2.722552076672029,0.00013426299847196788,0.17243289947509766,True
2290,106,8.959342304103675,0.0001511209993623197,0.17258548736572266,True
2291,135,1.742330720717539,0.00013462100105243735,0.1724100112915039,True
2292,187,4.42067964449139,0.00015257900304277427,0.1725625991821289,True
2293,149,3.279176253170199,0.00013170299644116312,0.1724863052368164,True
2294,246,2.3902887615055826,0.00012916199921164662,0.17246341705322266,True
2295,143,3.3039943932712865,0.0001319839975622017,0.1725168228149414,True
2296,242,1.9993633174402172,0.0001264909988094587,0.1724100112915039,True
2297,1,5.25760547775748,0.0001353150000795722,0.1725473403930664,True
2298,246,4.190008107028432,0.0001330779996351339,0.1725320816040039,True
2299,151,1.5905479990506732,0.0001300369985983707,0.17243289947509766,True
2300,166,1.5331902553324457,0.00012940300075570121,0.17235660552978516,True
2301,149,3.3082512406815843,0.00013001100160181522,0.17247867584228516,True
2302,38,2.03475496713823,0.00014316899978439324,0.1723947525024414,True
2303,242,2.2265226892749053,0.0001217520002683159,0.1723337173461914,True
2304,65,3.406523765174089,0.0001253689988516271,0.17238712310791016,True
2305,269,1.6949182753592587,0.00013524300084100105,0.1723642349243164,True
2306,169,2.3470530933699956,0.00013029099864070304,0.17247867584228516,True
2307,143,2.6307172670959216,0.00013700000272365287,0.17243289947509766,True
2308,273,2.4081446472339145,0.00012883699673693627,0.1724710464477539,True
2309,247,3.7759692721877127,0.00013325300096767023,0.17249393463134766,True
2310,132,3.43390326630555,0.00013113800014252774,0.17247867584228516,True
2311,24,1.3844195629841491,0.00012522600081865676,0.1723489761352539,True
2312,226,3.120563497432701,0.00013247799870441668,0.17241764068603516,True
2313,1,12.181146621349235,0.00013950599895906635,0.17263126373291016,True
2314,51,16.093995898499738,0.00013110399959259667,0.1724863052368164,True
2315,151,2.0982577068927504,0.0001299640025536064,0.1724557876586914,True
2316,243,3.084427790407567,0.00013646500156028196,0.17247867584228516,True
2317,82,4.604758061193195,0.00013487699834513478,0.17252445220947266,True
2318,130,2.429772685281517,0.00013524899986805394,0.17237186431884766,True
2319,151,7.922091154282053,0.00014617200213251635,0.17257022857666016,True
2320,24,3.6689002770346426,0.0001480409991927445,0.17244815826416016,True
2321,242,3.8052351591324047,0.00013041700003668666,0.17250919342041016,True
2322,124,5.370356612275636,0.00013156500062905252,0.17252445220947266,True
2323,242,1.6562263915042554,0.00013006399967707694,0.17244815826416016,True
2324,151,1.2239014453359107,0.00012667299961321987,0.1724100112915039,True
2325,282,2.2831290710651126,0.00013226699957158417,0.17249393463134766,True
2326,271,4.4779031234957545,0.00013247300012153573,0.17250919342041016,True
2327,24,2.2453474950396233,0.00013633100024890155,0.1724405288696289,True
2328,483,7.389512763538135,0.0001319110015174374,0.1725015640258789,False
2329,293,17.19453126805326,0.0001346280005236622,0.17257022857666016,False
2330,125,3.6880127842974773,0.00012784100181306712,0.1724100112915039,True
2331,242,2.77194982252205,0.00013390100139076822,0.1723794937133789,True
2332,242,1.8351423770665485,0.00013246799790067598,0.1723947525024414,True
2333,282,4.6431772545704595,0.00015280099978554063,0.17250919342041016,True
2334,169,1.9119233797558146,0.00012821199925383553,0.1724405288696289,True
2335,135,1.522950536834842,0.00012763499762513675,0.1724100112915039,True
2336,242,3.4227278548148035,0.00013233799836598337,0.1724863052368164,True
2337,187,2.726894895302102,0.00013529200077755377,0.17238712310791016,True
2338,143,1.3543269560104065,0.00013509899872587994,0.17238712310791016,True
2339,242,2.744096176646717,0.0001226839995069895,0.1723337173461914,True
2340,483,9.028214728651841,0.00013178099834476598,0.17247867584228516,False
2341,82,2.655153820901564,0.00013067200052319095,0.17235660552978516,True
2342,132,1.5587961653449678,0.00013535499965655617,0.17241764068603516,True
2343,255,4.3991487835229295,0.0001446030000806786,0.1724863052368164,True
2344,274,2.112795679674604,0.00013327100168680772,0.1724252700805664,True
2345,435,35.40266697319893,0.0002494959990144707,0.1726236343383789,False
2346,98,7.3999429117718725,0.0001394200007780455,0.17253971099853516,True
2347,242,4.2809986740368595,0.00016102000154205598,0.17250919342041016,True
2348,106,14.532190890827867,0.00014186599946697243,0.17255496978759766,True
2349,98,7.709115662868749,0.00016741199942771345,0.17252445220947266,True
2350,255,2.7655733169860532,0.00015002399959485047,0.1724863052368164,True
2351,75,2.9535461924241124,0.00013505499737220816,0.17240238189697266,True
2352,98,3.208062050823567,0.00013591300012194552,0.17246341705322266,True
2353,66,6.198568303116451,0.0001491189977969043,0.17244815826416016,True
2354,133,2.413832597663713,0.0001299010000366252,0.1724710464477539,True
2355,143,2.4188594293747236,0.00013601500177173875,0.17238712310791016,True
2356,282,4.926351750109483,0.0001357019973511342,0.1724405288696289,True
2357,242,2.145830785069012,0.00013178900189814158,0.17246341705322266,True
2358,66,3.0441113882351694,0.00012789799802703783,0.17243289947509766,True
2359,66,4.087201909897301,0.00013670399857801385,0.17244815826416016,True
2360,151,1.8553899804754768,0.00016583799879299477,0.17240238189697266,True
2361,282,3.0776597346747407,0.00012790199980372563,0.1723947525024414,True
2362,242,2.680862148370902,0.0001463269982195925,0.1725168228149414,True
2363,226,5.002320051881955,0.0001571629982208833,0.17238712310791016,True
2364,226,1.3655872503683222,0.00012800300100934692,0.1724405288696289,True
2365,66,2.5100276126736256,0.0001328370017290581,0.1725015640258789,True
2366,38,1.7421908079371085,0.0001285940015804954,0.17240238189697266,True
2367,271,2.835326032182511,0.00012998899910598993,0.17244815826416016,True
2368,129,1.7061616743396355,0.00012725999840768054,0.1723642349243164,True
2369,161,3.5953560534267317,0.00013046000094618648,0.1724100112915039,True
2370,282,3.5118785774936656,0.00012960900130565278,0.17244815826416016,True
2371,158,5.120888539163803,0.00013698999828193337,0.1726083755493164,True
2372,246,1.7827371480623244,0.00013746400145464577,0.1724710464477539,True
2373,247,5.106635069292455,0.00013190999743528664,0.17252445220947266,True
2374,144,16.173601021442515,0.0001408060015819501,0.17266178131103516,True
2375,65,3.2696178837051626,0.0001308190003328491,0.1724252700805664,True
2376,135,4.332077776255929,0.0001484120002714917,0.17252445220947266,True
2377,151,2.7988213236167017,0.0001511979971837718,0.17247867584228516,True
2378,208,4.153280378763241,0.00013686400052392855,0.17252445220947266,True
2379,269,6.035347541544831,0.0001370919999317266,0.17250919342041016,True
2380,75,2.4346237255851157,0.00013011500050197355,0.1724557876586914,True
2381,145,17.888327539385127,0.00013543899694923311,0.1725320816040039,True
2382,98,1.8631402849132706,0.00015505099872825667,0.1725625991821289,True
2383,144,6.453768686704577,0.00014101300257607363,0.17257022857666016,True
2384,38,3.166920625797817,0.0001374929997837171,0.1724863052368164,True
2385,271,2.4955929190217883,0.00012775799768860452,0.1724100112915039,True
2386,127,4.404472932141569,0.00012885800242656842,0.1724252700805664,True
2387,254,9.455769595208956,0.0001377400003548246,0.1726236343383789,True
2388,158,2.5338052961293993,0.0001292729975830298,0.1724252700805664,True
2389,124,3.8110667797292397,0.00012689900177065283,0.1723489761352539,True
2390,247,3.279088862545033,0.000134295998577727,0.1725473403930664,True
2391,38,1.9291895310030212,0.00016741599756642245,0.1723794937133789,True
2392,274,1.8510427705860228,0.0001248279986612033,0.1723794937133789,True
2393,133,3.0181339552064905,0.00016333500025211833,0.1725168228149414,True
2394,273,5.963322771528169,0.00014831199951004237,0.17258548736572266,True
2395,135,1.07152311501808,0.00012763699851348065,0.1723794937133789,True
2396,1,17.19622173709755,0.00014217400166671723,0.17261600494384766,True
2397,161,2.553944094672884,0.0001260659992112778,0.1724252700805664,True
2398,166,1.5089038320835504,0.00013767500058747828,0.1723642349243164,True
2399,169,1.9772776558205167,0.00012823100041714497,0.17243289947509766,True
2400,166,2.731063331629131,0.0001538659998914227,0.1724252700805664,True
2401,1,8.159084137091362,0.0001488090019847732,0.1725473403930664,True
2402,271,2.33788218120706,0.0001275670001632534,0.1724100112915039,True
2403,169,2.720677969545798,0.00013204399874666706,0.1725168228149414,True
2404,166,1.3154180906087305,0.00012231099753989838,0.17232608795166016,True
2405,271,1.5134384114365869,0.00012676099868258461,0.17241764068603516,True
2406,85,5.064664036207761,0.00013277899779495783,0.1725168228149414,True
2407,242,1.9291449909952003,0.00012946700007887557,0.17235660552978516,True
2408,158,2.9439091670753093,0.00012922399764647707,0.17244815826416016,True
2409,75,3.555974070701306,0.0001281769982597325,0.1724100112915039,True
2410,64,2.473602929823268,0.0001239120028913021,0.17232608795166016,True
2411,75,1.880763157701528,0.00012767500084009953,0.1724252700805664,True
2412,1,8.459308059631605,0.00015095100025064312,0.17255496978759766,True
2413,149,3.8923743962021002,0.0001335159977315925,0.17241764068603516,True
2414,144,2.684324975962271,0.00012934299957123585,0.17246341705322266,True
2415,98,8.718128252117591,0.0001345390010101255,0.17255496978759766,True
2416,245,3.55555538540965,0.00012889499703305773,0.1724557876586914,True
2417,158,3.9644704423714994,0.00013735399988945574,0.1725778579711914,True
2418,242,2.7098652782959975,0.00014161299986881204,0.17237186431884766,True
2419,166,3.8680517996835384,0.0001247910004167352,0.1723794937133789,True
2420,151,2.18472151287363,0.00013537900304072537,0.17246341705322266,True
2421,64,2.4322109797250966,0.00012937299834447913,0.17241764068603516,True
2422,64,2.0080488792606377,0.00012748100198223256,0.17240238189697266,True
2423,65,3.7920443145191483,0.00012819499897887,0.17238712310791016,True
2424,271,3.930069885047466,0.00013766799747827463,0.1724405288696289,True
2425,82,3.1070591028937375,0.00012975400022696704,0.17247867584228516,True
2426,10,3.4738873021835257,0.0001325129996985197,0.1724557876586914,True
2427,271,2.6019155253796806,0.00012876999971922487,0.1724252700805664,True
2428,274,2.2464749132680053,0.0001288860003114678,0.1724710464477539,True
2429,133,2.3446707800224242,0.0001256059986189939,0.17238712310791016,True
2430,143,1.6845345476839082,0.00012886100012110546,0.17246341705322266,True
2431,242,3.336589462896166,0.00013360199955059215,0.17253971099853516,True
2432,98,4.738586637972498,0.00013717800175072625,0.17258548736572266,True
2433,98,4.449325047871362,0.00013754500105278566,0.1725778579711914,True
2434,132,1.756958096005067,0.00012753299961332232,0.17238712310791016,True
2435,145,44.56886148842153,0.0001358439985779114,0.1725931167602539,True
2436,133,2.287446491690023,0.00013063400183455087,0.17243289947509766,True
2437,271,2.353740466698853,0.00012571600018418394,0.1723947525024414,True
2438,125,5.978401642988208,0.00013094099995214492,0.17247867584228516,True
2439,132,2.1045394212448554,0.0001274739988730289,0.17241764068603516,True
2440,273,3.6933900709503393,0.0001370089994452428,0.1725320816040039,True
2441,108,3.9869289052829444,0.000128116000269074,0.1724100112915039,True
2442,166,1.9700536858314186,0.00012990699906367809,0.17246341705322266,True
2443,13,32.64913264720857,0.00013984199904371053,0.1726083755493164,True
2444,151,2.932420683274314,0.00013053300062892959,0.1724405288696289,True
2445,187,2.0202371343768144,0.00013381399912759662,0.1725473403930664,True
2446,132,3.348034291593085,0.00012943200272275135,0.17244815826416016,True
2447,255,2.709922336946875,0.0001277960000152234,0.1724252700805664,True
2448,24,4.011586636052129,0.00013184900308260694,0.1724710464477539,True
2449,196,3.1216108656643815,0.00012992399933864363,0.17244815826416016,True
2450,106,8.743371664028874,0.0001313479988311883,0.17243289947509766,True
2451,38,2.06088504810145,0.0003169310002704151,0.17244815826416016,True
2452,166,2.6006246681790106,0.00013442700219457038,0.17246341705322266,True
2453,166,1.3893473417379276,0.00012567100202431902,0.1723794937133789,True
2454,151,6.496281503248978,0.00013778799984720536,0.17247867584228516,True
2455,10,1.3930695015609744,0.00013658399984706193,0.1724100112915039,True
2456,166,0.8607582612790876,0.0001227710017701611,0.17232608795166016,True
2457,269,1.5933053711084635,0.00012656099715968594,0.17240238189697266,True
2458,226,3.6782788429800295,0.00015203200018731877,0.17244815826416016,True
2459,242,2.6040182130114924,0.00016860300092957914,0.1725931167602539,True
2460,151,7.2660161287856,0.00013048700202489272,0.17247867584228516,True
2461,129,3.5690053724383057,0.0001365489988529589,0.1725473403930664,True
2462,151,2.7265303739425026,0.00013273000149638392,0.17252445220947266,True
2463,242,4.280419437078662,0.0001318180002272129,0.17249393463134766,True
2464,273,3.707981769526387,0.0001353129991912283,0.1724252700805664,True
2465,215,5.82667741700924,0.00013783699978375807,0.1726083755493164,True
2466,271,2.2099088184825484,0.00012803999925381504,0.1723947525024414,True
2467,38,2.722475902102121,0.0001430000011168886,0.1724710464477539,True
2468,151,2.6915478393050543,0.00015015600001788698,0.1724710464477539,True
2469,135,1.7454110234019362,0.00012714599870378152,0.17237186431884766,True
2470,282,2.2315765113220136,0.000135931000841083,0.1724557876586914,True
2471,161,2.540375620124104,0.0001478829981351737,0.1725168228149414,True
2472,226,2.7064202157998793,0.00012871900253230706,0.1724252700805664,True
2473,118,2.067639627020358,0.00013180200039641932,0.1724252700805664,True
2474,98,2.2220372695103356,0.00012878300185548142,0.1723947525024414,True
2475,85,2.1501087383974977,0.00013030500122113153,0.17244815826416016,True
2476,271,1.922375809689607,0.0001468170012230985,0.1724710464477539,True
2477,282,2.3479795978574423,0.00014936699881218374,0.1724710464477539,True
2478,282,2.366084533411252,0.0001333030013483949,0.1725320816040039,True
2479,271,3.251899023400278,0.0001301060001424048,0.17249393463134766,True
2480,76,3.9148359156928247,0.00013177599976188503,0.1723947525024414,True
2481,273,3.6524377797416743,0.00013075300012133084,0.17250919342041016,True
2482,245,3.2531321272709626,0.00013908699838793837,0.1725473403930664,True
2483,151,2.2846513462551368,0.00014015299893799238,0.17255496978759766,True
2484,75,1.5369202186235844,0.00013844899876858108,0.17235660552978516,True
2485,1,5.328295809743601,0.00013332199887372553,0.1724863052368164,True
2486,226,2.6393235916497613,0.00012466200132621452,0.17229557037353516,True
2487,274,2.3838315822960765,0.00012889900244772434,0.17238712310791016,True
2488,166,1.8498560148309235,0.00013106500045978464,0.1723947525024414,True
2489,106,19.990216593921396,0.00014309800098999403,0.1725625991821289,True
2490,247,1.8554742986344377,0.0001334369990217965,0.17240238189697266,True
2491,151,1.4512037339756227,0.00013797600331599824,0.1724710464477539,True
2492,65,2.4761644484373084,0.00012566499935928732,0.17235660552978516,True
2493,130,8.248271546277042,0.0001298060014960356,0.17249393463134766,True
2494,226,3.5624952559425953,0.00013110299914842471,0.17249393463134766,True
2495,98,7.0116607942779146,0.00012980300016351976,0.1724557876586914,True
2496,255,3.7626051658327073,0.00014024099800735712,0.1724863052368164,True
2497,65,2.5976778372980265,0.0001351790015178267,0.1724252700805664,True
2498,255,3.3035020416953143,0.00013388499792199582,0.17244815826416016,True
2499,1,6.65844145168697,0.00014502500198432244,0.1725931167602539,True
2500,132,2.896745494223737,0.0001308979990426451,0.1724252700805664,True
2501,118,1.6066250877909225,0.00013446699813357554,0.1724710464477539,True
2502,38,2.643634844955551,0.0001391360019624699,0.1725168228149414,True
2503,118,2.636287024494825,0.00014023300172993913,0.1724710464477539,True
2504,245,5.745828156123208,0.00014038199878996238,0.17249393463134766,True
2505,149,3.0710957947465016,0.00013106799815432169,0.17237186431884766,True
2506,149,3.9459790086743283,0.00013782599853584543,0.1724863052368164,True
2507,166,1.2558407523625317,0.0001277919982385356,0.1723642349243164,True
2508,269,27.90814541009883,0.00014381299843080342,0.17253971099853516,True
2509,8,2.146428708233314,0.00014020500020706095,0.17238712310791016,True
2510,75,2.358912497052795,0.00014144899978418835,0.1723184585571289,True
2511,271,3.2324035779829945,0.0001300189978792332,0.1724557876586914,True
2512,24,1.9193851827880521,0.00013025499720242806,0.17246341705322266,True
2513,8,3.2982303947387743,0.00012764500206685625,0.17234134674072266,True
2514,118,3.2788829704055047,0.00012896800035377964,0.17237186431884766,True
2515,282,3.4876743727368478,0.00012906600022688508,0.1724100112915039,True
2516,226,3.831115762965431,0.0001323750002484303,0.17247867584228516,True
2517,151,2.6894572171148967,0.00013118100105202757,0.1724863052368164,True
2518,271,2.2268651268857065,0.00012606600284925662,0.1723794937133789,True
2519,118,3.8838587910739273,0.0001268619998882059,0.17240238189697266,True
2520,486,18.840207362534354,0.00013728900012210943,0.1725931167602539,False
2521,242,3.143691545213267,0.00012653100202442147,0.17240238189697266,True
2522,247,6.844264348672976,0.00014278000162448734,0.1726541519165039,True
2523,242,1.516745134557631,0.00012917499770992436,0.17244815826416016,True
2524,92,3.4703443831691234,0.00012955999773112126,0.1724557876586914,True
2525,143,2.615289349596752,0.00013527999908546917,0.17244815826416016,True
2526,166,3.0123471877944685,0.0001357729997835122,0.17231082916259766,True
2527,24,1.4731575319707355,0.00014713299970026128,0.17241764068603516,True
2528,246,1.7181216463429776,0.00022180099767865613,0.1723794937133789,True
2529,33,4.967225986539557,0.00035437899714452215,0.1724863052368164,True
2530,125,8.140831874863343,0.0001325109988101758,0.1725320816040039,True
2531,226,4.042989414981592,0.00013408599988906644,0.1725320816040039,True
2532,76,3.7224171433639195,0.00013293799929670058,0.17246341705322266,True
2533,38,1.287731573696482,0.0001267689985979814,0.1723489761352539,True
2534,24,4.903555690739098,0.00013903600120102055,0.17252445220947266,True
2535,282,2.374583607867298,0.00013149200094630942,0.17250919342041016,True
2536,166,1.021147457355476,0.00012651799988816492,0.17232608795166016,True
2537,65,3.3771286938752403,0.00013497600230039097,0.1724557876586914,True
2538,33,4.723759115612341,0.00020998099716962315,0.1725168228149414,True
2539,269,2.110723314531783,0.00013206599760451354,0.17243289947509766,True
2540,65,2.5776671798244437,0.00013365000268095173,0.17244815826416016,True
2541,65,3.8324599023645276,0.00013053099974058568,0.1724405288696289,True
2542,144,3.530283752605781,0.00013183500050217845,0.17250919342041016,True
2543,282,1.8691164070597488,0.00013719699927605689,0.17238712310791016,True
2544,226,2.761711897919819,0.00013051800124230795,0.1723947525024414,True
2545,216,4.460936798575253,0.00015172400162555277,0.17249393463134766,True
2546,66,3.483720729263669,0.0001314959990850184,0.1724405288696289,True
2547,66,3.1898084224487575,0.0001463999979023356,0.1724557876586914,True
2548,106,9.415303083789617,0.00012990400136914104,0.17246341705322266,True
2549,269,3.719678389567206,0.0001350559978163801,0.1724710464477539,True
2550,135,1.9382748751971528,0.00014131699936115183,0.17247867584228516,True
2551,135,2.3687627759297083,0.0001492709998274222,0.1724863052368164,True
2552,75,3.205262786496013,0.000133530000312021,0.1724405288696289,True
2553,10,2.2246934573015578,0.00014032199760549702,0.1724863052368164,True
2554,149,2.781642459489734,0.00013544499961426482,0.1724557876586914,True
2555,246,2.2068499127122756,0.0001383969974995125,0.17250919342041016,True
2556,118,1.0598902348751045,0.00013871599730919115,0.17238712310791016,True
2557,125,3.591308587661043,0.00012499300282797776,0.17238712310791016,True
2558,76,3.594055198788305,0.0001298220013268292,0.17232608795166016,True
2559,255,2.110266735719331,0.00013440199836622924,0.17243289947509766,True
2560,242,2.0088842316286804,0.00012744999912683852,0.17240238189697266,True
2561,118,1.2845761371255724,0.00013486599709722213,0.17244815826416016,True
2562,246,2.878029247128681,0.00014084799840929918,0.17255496978759766,True
2563,82,3.098402652979187,0.00013573400065070018,0.17246341705322266,True
2564,145,15.797842240087798,0.00014011399980518036,0.1725625991821289,True
2565,166,1.4942160184442106,0.00012392699863994494,0.17234134674072266,True
2566,98,5.633131805485868,0.00017001100059133023,0.17258548736572266,True
2567,118,1.6716588621923183,0.0001316800007771235,0.1723642349243164,True
2568,82,2.6741997664208053,0.00013042700084042735,0.17246341705322266,True
2569,273,4.388730751215152,0.0001315059998887591,0.17249393463134766,True
2570,135,0.8705615860369683,0.00013537499762605876,0.1724100112915039,True
2571,269,4.971523092441898,0.00012621800124179572,0.1723794937133789,True
2572,144,2.429198262266249,0.00013813699843012728,0.17250919342041016,True
2573,133,1.4062756525901727,0.00012962600158061832,0.1724100112915039,True
2574,124,2.4292767174083427,0.00013614899944514036,0.17238712310791016,True
2575,92,13.383820816557549,0.00013842000043950975,0.17263126373291016,True
2576,273,1.6002257517278615,0.00012643900117836893,0.1723947525024414,True
2577,166,1.501957427967288,0.00012695399709627964,0.17240238189697266,True
2578,158,2.5892365861301827,0.0001361049980914686,0.17241764068603516,True
2579,143,1.9057844869715095,0.0001250829991477076,0.17237186431884766,True
2580,51,2.3657745309985954,0.00012945399794261903,0.1724557876586914,True
2581,242,2.6422939544198925,0.00016098900232464075,0.17241764068603516,True
2582,118,1.5512470646127592,0.00012790300024789758,0.1724405288696289,True
2583,242,3.2166743605562074,0.00012597000022651628,0.1723947525024414,True
2584,242,1.3668175507892182,0.00013058100012131035,0.17237186431884766,True
2585,151,2.4270609315842306,0.00013104500249028206,0.1724405288696289,True
2586,242,2.1077530945633143,0.000146881997352466,0.17247867584228516,True
2587,24,1.7611073421022523,0.0001307640013692435,0.1724252700805664,True
2588,133,2.2223998086752323,0.00013390800086199306,0.1724863052368164,True
2589,129,3.6304953795263546,0.00014420599836739711,0.17246341705322266,True
2590,133,3.1445813436369,0.0001442950015189126,0.1723642349243164,True
2591,51,17.79620926437825,0.00012720199811155908,0.17244815826416016,True
2592,135,3.767126183850432,0.00014625100084231235,0.1725168228149414,True
2593,135,2.7657952912537738,0.00012881799921160564,0.1724405288696289,True
2594,98,11.407000570190208,0.00013421200128505006,0.17255496978759766,True
2595,282,4.726175831563765,0.0001449390001653228,0.1725168228149414,True
2596,216,3.9255318470461966,0.00012986000001546927,0.1724710464477539,True
2597,282,1.9702952280782595,0.00014140100029180758,0.17240238189697266,True
2598,151,2.151559657719126,0.0002409939988865517,0.1724100112915039,True
2599,271,2.322393534020271,0.0004214789987599943,0.17241764068603516,True
2600,144,4.568166169799776,0.00014368399934028275,0.1725168228149414,True
2601,187,6.296684091766284,0.00013665699952980503,0.1726083755493164,True
2602,483,10.313205254236786,0.00013631299952976406,0.17258548736572266,False
2603,118,2.3254361884880694,0.00012999699902138673,0.17246341705322266,True
2604,242,1.5997585542723616,0.00015045599866425619,0.1723794937133789,True
2605,208,2.8217263096192684,0.0001354039995931089,0.1724710464477539,True
2606,246,1.8806935346648102,0.00012900400179205462,0.1723337173461914,True
2607,65,3.884779555841714,0.00022159700165502727,0.17246341705322266,True
2608,51,15.850275827655556,0.0001364109994028695,0.17255496978759766,True
2609,273,3.1299813450600387,0.00013509099881048314,0.17257022857666016,True
2610,133,2.2701700879040754,0.00012805200094589964,0.1724405288696289,True
2611,133,2.2014915133309882,0.00013355700139072724,0.17247867584228516,True
2612,268,2.3043003797534056,0.0001259540003957227,0.17237186431884766,True
2613,75,1.7146847013949693,0.00014638900029240176,0.17241764068603516,True
2614,268,3.44409990903123,0.00013813900295644999,0.1723337173461914,True
2615,271,1.8491051980611082,0.00013991599917062558,0.17243289947509766,True
2616,271,4.494658500236089,0.00013238199971965514,0.17247867584228516,True
2617,282,2.6106169995273465,0.00013352300084079616,0.17238712310791016,True
2618,13,24.137809040389197,0.00013742500232183374,0.17250919342041016,True
2619,161,1.6231117800063153,0.00013798399959341623,0.17250919342041016,True
2620,144,3.0774328083384908,0.00013387600120040588,0.1724252700805664,True
2621,196,3.0069675682355403,0.00013719699927605689,0.17243289947509766,True
2622,98,4.014043233750222,0.0001362410002911929,0.1724710464477539,True
2623,187,2.77870088869688,0.00013697499889531173,0.1724710464477539,True
2624,106,32.000059285168746,0.00014478999946732074,0.17264652252197266,True
2625,282,5.687893989533063,0.00015891499788267538,0.17250919342041016,True
2626,118,2.564782923404605,0.00012951499957125634,0.17244815826416016,True
2627,293,1.5765331559630054,0.00014286900113802403,0.1725473403930664,True
2628,399,3.0073501880610247,0.00013815399870509282,0.1725015640258789,True
2629,486,1.0875706582812652,0.00013590699745691381,0.17250919342041016,False
2630,486,2.6876163711856513,0.00013807000141241588,0.1725931167602539,False
2631,374,1.785573118076512,0.00012820199845009483,0.1724405288696289,True
2632,399,1.7645319060328617,0.00013643499914905988,0.1725778579711914,True
2633,382,3.0557789890616576,0.00013095599933876656,0.17250919342041016,True
2634,293,1.1646604602285815,0.00015962800171109848,0.17246341705322266,True
2635,399,2.7329235765117357,0.0001366200012853369,0.1725931167602539,True
2636,382,3.3375491607639,0.00013595400014310144,0.17257022857666016,True
2637,297,1.1796024758782233,0.00013464600124279968,0.1725473403930664,True
2638,297,0.7326216003849055,0.00013022300117881969,0.1725015640258789,False
2639,293,2.2729027308207166,0.00012954499834449962,0.17249393463134766,True
2640,293,2.193562160436184,0.00012570600301842205,0.17241764068603516,True
2641,399,3.6714152362774755,0.00014396699771168642,0.17260074615478516,True
2642,399,2.1116417186347687,0.00014419700164580718,0.17252445220947266,True
2643,313,2.0895954608766827,0.0001387470001645852,0.17246341705322266,True
2644,293,1.7224858924909134,0.00012740599777316675,0.17246341705322266,True
2645,374,2.2573020220960207,0.00013443799980450422,0.17249393463134766,True
2646,374,2.5581492773102656,0.00013552700329455547,0.17258548736572266,True
2647,399,4.46145889205879,0.00013933400259702466,0.1726541519165039,True
2648,382,2.7541065085701764,0.00013700799900107086,0.17260074615478516,True
2649,468,1.5224197304617493,0.00013735700122197159,0.17250919342041016,True
2650,486,3.3698114517346296,0.0001374019993818365,0.17257022857666016,False
2651,293,1.7539300931914754,0.00015029099813546054,0.1725168228149414,True
2652,405,5.212167587202563,0.00013620000027003698,0.1725473403930664,False
2653,293,3.054995983053553,0.00013557099737226963,0.17246341705322266,True
2654,313,2.774672806866736,0.00015786299991304986,0.1726083755493164,True
2655,382,2.3939833111409667,0.00013427099838736467,0.17252445220947266,True
2656,382,2.306502116570086,0.0002044259999820497,0.1725931167602539,True
2657,293,1.3796528303225983,0.00014156399993225932,0.17261600494384766,True
2658,435,13.37355812147173,0.0001643739997234661,0.17263126373291016,True
2659,293,1.363900215849349,0.00013357499847188592,0.17247867584228516,True
2660,433,4.694039333422537,0.00012968700320925564,0.1724710464477539,True
2661,33,4.5602755417128265,0.0001622359995963052,0.1726999282836914,False
2662,435,29.22355904267839,0.0001386379990435671,0.1725931167602539,True
2663,158,10.997633139035154,0.00013240900079836138,0.1725625991821289,False
2664,399,1.910850526507158,0.00014010199811309576,0.1725778579711914,True
2665,187,7.9890828109704195,0.00013790899902232923,0.17261600494384766,False
2666,399,1.480717677995653,0.00012784700084012002,0.1724405288696289,True
2667,399,1.8830669629403118,0.00013042700084042735,0.1724710464477539,True
2668,430,1.314147040195725,0.00012827199680032209,0.17244815826416016,True
2669,433,3.066081590951514,0.00014233800175134093,0.1724557876586914,True
2670,416,2.1124085337303855,0.00014141099745756947,0.1724710464477539,True
2671,303,1.0806318983637229,0.00012993600103072822,0.17238712310791016,True
2672,399,2.8215817350646097,0.00013104699974064715,0.17244815826416016,True
2673,430,1.4228203977683571,0.0001656339991313871,0.1724405288696289,True
2674,433,2.336481181142932,0.00013326299813343212,0.1725168228149414,True
2675,437,1.706085419499895,0.00013526399925467558,0.1725320816040039,True
2676,399,1.292945992680839,0.00012729000081890263,0.1724100112915039,True
2677,399,1.0480499852085179,0.0001360380010737572,0.17238712310791016,True
2678,308,2.453691147500919,0.00013139099974068813,0.1724710464477539,True
2679,308,2.1763144317922642,0.0003350510014570318,0.1725320816040039,True
2680,437,2.3109927507476677,0.0001324359982390888,0.17250919342041016,True
2681,399,3.2192902449305802,0.00013154299813322723,0.17246341705322266,True
2682,416,2.942204281794184,0.0001281650002056267,0.1724557876586914,True
2683,399,2.574160865304578,0.00015013700249255635,0.17246341705322266,True
2684,497,27.29985797518782,0.000134636000439059,0.17255496978759766,True
2685,307,26.87782367676022,0.00013955400208942592,0.17264652252197266,True
2686,145,157.15107670026796,0.00013920200217398815,0.1726388931274414,False
2687,371,2.9707834928926307,0.0001340160015388392,0.17257022857666016,True
2688,399,2.785678392687671,0.0001345510027022101,0.1725625991821289,True
2689,399,2.014167289352897,0.00012992499978281558,0.17241764068603516,True
2690,399,3.7181903613860223,0.00013225700240582228,0.17249393463134766,True
2691,313,1.4355259030964829,0.00013938399933977053,0.1725168228149414,True
2692,399,1.7467146745465758,0.00013519300046027638,0.1724557876586914,True
2693,399,1.6462876359243945,0.00013349399887374602,0.17250919342041016,True
2694,393,7.33967529261986,0.00014007199933985248,0.17264652252197266,True
2695,393,3.6726349987519877,0.00013278100232128054,0.1725015640258789,True
2696,424,4.177708962004083,0.00014240999735193327,0.1724710464477539,True
2697,329,3.2404893736298277,0.0001287989980482962,0.17244815826416016,True
2698,342,5.711089029563465,0.0001368060002278071,0.1725015640258789,True
2699,399,5.338444131644084,0.00014135200035525486,0.17249393463134766,True
2700,303,11.512793659335541,0.00013337299969862215,0.17247867584228516,True
2701,416,4.560632108313705,0.00013644899809150957,0.1726236343383789,True
2702,297,2.084632579143205,0.0001356290013063699,0.17241764068603516,True
2703,303,1.5574981874493619,0.00013072699948679656,0.1725015640258789,True
2704,350,1.7912084556003034,0.00013054400187684223,0.1724863052368164,True
2705,416,1.8728655533595253,0.00013641799887409434,0.1725625991821289,True
2706,350,1.6634541545654422,0.00013588000001618639,0.17258548736572266,True
2707,313,1.7573820742946922,0.00013619099991046824,0.1724252700805664,True
2708,268,52.173789217024975,0.00013782799942418933,0.1726236343383789,False
2709,435,99.18122359252375,0.00014150000060908496,0.1725625991821289,True
2710,196,32.7699898039723,0.00013684399891644716,0.1725473403930664,False
2711,497,8.69609137858909,0.0001438590006728191,0.17249393463134766,False
2712,493,81.1399726957123,0.00013983999815536663,0.17264652252197266,False
2713,399,2.3826393710911478,0.00012551400141092017,0.1723794937133789,True
2714,297,13.257101926566865,0.00013138899885234423,0.1724710464477539,True
2715,493,148.39834049988374,0.00013843000124325044,0.17263126373291016,True
2716,499,52.3729163125555,0.00013708000187762082,0.1726388931274414,False
2717,399,2.615368459126416,0.00014009799997438677,0.17264652252197266,True
2718,416,6.42420343983206,0.0001329890001215972,0.1725168228149414,True
2719,399,2.0312020814637726,0.00013185699936002493,0.1725168228149414,True
2720,308,3.0428901513662687,0.00013188999946578406,0.1725168228149414,True
2721,382,2.858890286632657,0.00013195900100981817,0.1725473403930664,True
2722,297,1.981081608893845,0.00014153499796520919,0.1725473403930664,True
2723,416,7.434202835197825,0.000139746000058949,0.1725625991821289,True
2724,468,3.614443081400759,0.0001297089984291233,0.17246341705322266,True
2725,297,1.2383390876284777,0.00013147100253263488,0.1725015640258789,True
2726,297,2.059170705805636,0.00013062900325166993,0.17249393463134766,True
2727,382,2.5853180920269403,0.00013612399925477803,0.1725625991821289,True
2728,303,21.39929783266998,0.00013628200031234883,0.17255496978759766,True
2729,293,1.2925105487295343,0.00016470699847559445,0.17252445220947266,True
2730,399,2.243473655229464,0.00013479399785865098,0.17255496978759766,True
2731,132,4.670819620382558,0.00014927200027159415,0.17250919342041016,False
2732,65,11.197540173837995,0.00013481299902196042,0.17257022857666016,False
2733,382,2.495843996912642,0.0001481139988754876,0.17243289947509766,True
2734,424,1.8346192334144704,0.00013716399917029776,0.17246341705322266,True
2735,350,1.8022238465150573,0.00012727200009976514,0.17243289947509766,True
2736,293,20.68022606945672,0.00014017500143381767,0.17269229888916016,True
2737,430,1.347329217639606,0.00013147199933882803,0.1724863052368164,True
2738,303,1.9452927285235797,0.00012829700062866323,0.1723947525024414,True
2739,393,5.183469456680111,0.00013224299982539378,0.1724710464477539,True
2740,303,2.1146886337868427,0.0001339230002486147,0.1724557876586914,True
2741,313,1.3849554413083804,0.00012985000284970738,0.1724557876586914,True
2742,303,1.3191357916224853,0.00024418799876002595,0.1724100112915039,True
2743,424,3.4348222741613683,0.0001294350004172884,0.1724100112915039,True
2744,424,2.344306761757651,0.00013797799692838453,0.1724405288696289,True
2745,329,5.3837804578126685,0.00013203799971961416,0.17250919342041016,True
2746,424,1.7947955395201258,0.0001295669972023461,0.1724405288696289,True
2747,347,2.6259340676186125,0.00012724600310320966,0.17243289947509766,True
2748,297,3.847625320633044,0.00012939299995196052,0.17247867584228516,True
2749,313,4.557992131077581,0.00013102099910611287,0.1724710464477539,True
2750,497,14.286240739563661,0.00016157899881363846,0.1726083755493164,False
2751,293,54.317892426724676,0.0001323930009675678,0.1725931167602539,True
2752,497,28.466632016272584,0.00014401199950953014,0.1725015640258789,False
2753,135,27.7461969126431,0.00014829900101176463,0.1726694107055664,False
2754,430,2.8036937167759297,0.00014595900211133994,0.17257022857666016,True
2755,399,1.4422874536918218,0.00013926500105299056,0.17249393463134766,True
2756,399,1.0713740211482183,0.00012831599815399386,0.1724405288696289,True
2757,399,2.9721650839325613,0.00013258300168672577,0.17247867584228516,True
2758,416,1.962794785159764,0.00014174499665386975,0.1725625991821289,True
2759,433,1.6475677201797556,0.00012883299859822728,0.1724557876586914,True
2760,350,3.064078124331784,0.00013557300189859234,0.17255496978759766,True
2761,430,2.08966860610112,0.00013130699881003238,0.1725015640258789,True
2762,433,2.8972283282684708,0.00012953600162290968,0.17244815826416016,True
2763,424,1.9909509375297654,0.00014367000039783306,0.1725168228149414,True
2764,329,6.781999019903301,0.00013822400069329888,0.17253971099853516,True
2765,437,1.5698247473516982,0.00013397899965639226,0.1725015640258789,True
2766,399,1.6965279273777547,0.00013372200191952288,0.1725320816040039,True
2767,307,6.317317533230812,0.00014018400179338641,0.1725625991821289,True
2768,307,7.062953144082975,0.00014697000005980954,0.17250919342041016,True
2769,437,1.9003687569696843,0.0001257210024050437,0.17237186431884766,True
2770,437,2.284910454691634,0.00013024399959249422,0.1724252700805664,True
2771,382,3.6599392459238915,0.00014236100105335936,0.17250919342041016,True
2772,399,5.252572434349896,0.0001354570013063494,0.1724710464477539,True
2773,399,1.276451664689687,0.0001626839984965045,0.17241764068603516,True
2774,437,1.65622203154964,0.0001399489992763847,0.1725473403930664,True
2775,437,2.976693177418401,0.00013575600314652547,0.17244815826416016,True
2776,399,3.020487715361729,0.000139595998916775,0.17250919342041016,False
2777,307,8.837415814915163,0.00014539800031343475,0.17258548736572266,True
2778,371,3.7280617680405665,0.00015538699881290086,0.1726236343383789,True
2779,399,7.036192742193161,0.00015017999976407737,0.17263126373291016,True
2780,313,3.4249359669774657,0.00013959999705548398,0.17258548736572266,True
2781,468,2.551438841645757,0.00015258700295817107,0.17252445220947266,True
2782,399,2.768833130557534,0.00013752100130659528,0.17249393463134766,True
2783,313,2.872763302680906,0.00013618299999507144,0.17253971099853516,True
2784,144,15.565724842319204,0.00013022200073464774,0.1724710464477539,False
2785,399,1.890185699522568,0.00013358099749893881,0.17250919342041016,True
2786,399,2.934958365273658,0.0001370880017930176,0.1725320816040039,True
2787,468,2.5141917992620195,0.00014540200209012255,0.1726694107055664,True
2788,399,2.882418399741635,0.00014764899970032275,0.17250919342041016,True
2789,486,2.8711860146100068,0.00013504300295608118,0.17257022857666016,False
2790,382,1.8629746619017502,0.00012890400103060529,0.1724405288696289,True
2791,399,2.50090633829978,0.00013389800005825236,0.17253971099853516,True
2792,468,1.6528969092662904,0.0001270299981115386,0.1724405288696289,True
2793,399,2.438949009119413,0.0001324680015386548,0.17250919342041016,True
2794,380,5.827879424826472,0.00014095699953031726,0.17267704010009766,False
2795,433,1.7647154761539872,0.00013549299910664558,0.17249393463134766,True
2796,416,4.3846063321303905,0.00015570699906675145,0.1725778579711914,True
2797,307,6.218426996194523,0.0001340769995294977,0.17253971099853516,False
2798,468,3.409083702352212,0.00013327600026968867,0.1725473403930664,True
2799,399,3.055430669567822,0.0001443010005459655,0.17264652252197266,True
2800,293,1.9724292107265116,0.00013490499986801296,0.17258548736572266,True
2801,399,3.6082226506311583,0.0001481360013713129,0.17253971099853516,True
2802,297,1.2910551234413083,0.00015011200230219401,0.17250919342041016,True
2803,416,2.9815205319970572,0.00014593699961551465,0.1725625991821289,True
2804,282,7.864857712791006,0.00013178399967728183,0.17252445220947266,False
2805,293,1.4596380033039855,0.00014427299902308732,0.1724252700805664,True
2806,405,4.936936782548926,0.00014123399887466803,0.1725473403930664,False
2807,322,2.0558912302027355,0.00014636400010203943,0.17263126373291016,False
2808,293,1.1245950669220375,0.00014024300253367983,0.17252445220947266,True
2809,293,1.7681314152022793,0.0001316029993176926,0.1724710464477539,True
2810,416,4.91474863197783,0.00014582899893866852,0.1725625991821289,True
2811,374,2.7966948352793786,0.0001442299981135875,0.17258548736572266,True
2812,293,2.2179408165788352,0.00017972400019061752,0.17247867584228516,True
2813,497,26.202119289245072,0.00014389400166692212,0.1725778579711914,False
2814,307,31.234491934075585,0.0001399690008838661,0.1726388931274414,True
2815,269,148.67510396661405,0.00014511700283037499,0.1727457046508789,False
2816,399,2.656565396160537,0.0001668820004852023,0.1725168228149414,True
2817,399,3.198572372218634,0.00013679900075658225,0.17255496978759766,True
2818,293,1.8784110204992204,0.00013007700181333348,0.17249393463134766,True
2819,486,2.639947569005041,0.0001470970018999651,0.17269229888916016,False
2820,297,2.263897479797042,0.00013537899940274656,0.1725320816040039,True
2821,399,1.6932805544137242,0.00013585299893748015,0.17253971099853516,True
2822,382,2.364187132096293,0.00014719899991177954,0.1725015640258789,False
2823,303,2.2866774481232643,0.0001352279978164006,0.1725320816040039,True
2824,497,31.84279164503614,0.00013560500156017952,0.1724710464477539,False
2825,461,2.7954385886884934,0.00013374700210988522,0.1724863052368164,True
2826,374,2.8824592364110453,0.00015114000052562915,0.1725778579711914,True
2827,416,3.5328413712505844,0.0001368630000797566,0.17255496978759766,True
2828,416,5.781902596276542,0.00014153200027067214,0.1725168228149414,True
2829,486,5.81346056210385,0.00014269799794419669,0.17255496978759766,False
2830,33,10.753855704374798,0.0001618189999135211,0.1725168228149414,False
2831,145,124.62730639609158,0.00017541499983053654,0.1728067398071289,False
2832,293,2.3338217136850816,0.00012677199993049726,0.17240238189697266,True
2833,486,1.4526510601920792,0.00014813700181548484,0.1725778579711914,True
2834,374,1.2448685374175905,0.00012951100143254735,0.1724710464477539,True
2835,416,3.4024307425155165,0.00013418200251180679,0.1724863052368164,True
2836,486,2.066432316148366,0.0001429999974789098,0.17253971099853516,True
2837,329,3.7521625093847586,0.00013422800111584365,0.17252445220947266,True
2838,416,4.046198862638853,0.00015302699830499478,0.1725015640258789,True
2839,433,2.103708043053389,0.00013847200170857832,0.1724405288696289,True
2840,416,2.4519129018289565,0.0001351000028080307,0.17252445220947266,True
2841,382,3.8070673817743392,0.00013347899948712438,0.17252445220947266,True
2842,424,1.8260272835858735,0.00019094099843641743,0.17234134674072266,True
2843,399,1.9073420350775938,0.00013654999929713085,0.1724557876586914,True
2844,497,5.562108823739491,0.00013246599701233208,0.17246341705322266,False
2845,393,4.508334740797892,0.0001325209996139165,0.1724557876586914,True
2846,393,4.786148545896645,0.00013648099775309674,0.17260074615478516,True
2847,430,1.5757054000576978,0.00012659499770961702,0.17240238189697266,True
2848,399,4.926104047080823,0.00013855200086254627,0.1725778579711914,True
2849,430,1.8794912370955381,0.0001322269999946002,0.1725320816040039,True
2850,430,1.2844020001092529,0.0001273460002266802,0.1724100112915039,True
2851,424,5.008177461834707,0.00016016300287446938,0.1724863052368164,True
2852,399,2.514711833753796,0.00013985199984745122,0.1725168228149414,True
2853,430,2.9873801504143205,0.00013871400005882606,0.1726236343383789,True
2854,437,1.3330199412094,0.000138106999656884,0.17260074615478516,True
2855,187,7.335763496931141,0.00014203099999576807,0.1726846694946289,False
2856,158,12.525813018247314,0.000270759999693837,0.1723947525024414,False
2857,399,4.6832919655010485,0.00012714499825960957,0.1724405288696289,True
2858,424,3.3293610976969292,0.00013010499969823286,0.17244815826416016,True
2859,350,2.4297330511571307,0.00012905499897897243,0.1724557876586914,True
2860,382,2.1740681825445733,0.00013375799971981905,0.17253971099853516,True
2861,468,2.0302843265913766,0.00013372499961405993,0.17257022857666016,True
2862,399,2.6494978044888944,0.00016277000031550415,0.17257022857666016,True
2863,399,2.2449350071344423,0.00012804200014215894,0.17243289947509766,True
2864,468,3.1286228708356676,0.00013187000149628147,0.1724405288696289,True
2865,399,2.768809721047236,0.0001439180014131125,0.1726236343383789,True
2866,399,2.599545848318012,0.00014468899826169945,0.17260074615478516,True
2867,374,2.60834622914091,0.00013937599942437373,0.1725320816040039,True
2868,399,1.9634513152867805,0.00013557399870478548,0.1725168228149414,True
2869,382,3.0928062488830714,0.00013707700054510497,0.17258548736572266,True
2870,399,2.1181947806656956,0.00013406599828158505,0.17255496978759766,True
2871,313,1.9468559281150186,0.00013462299830280244,0.17249393463134766,True
2872,497,1.568981819423334,0.00013525100075639784,0.17247867584228516,True
2873,313,1.978605279435219,0.0001374709972878918,0.17255496978759766,True
2874,399,2.4904224894027576,0.0001400380024279002,0.1725320816040039,True
2875,497,2.3906283877666095,0.00013264000153867528,0.17243289947509766,True
2876,399,2.2461817851748784,0.00014828700295765884,0.17258548736572266,True
2877,393,8.793788007288818,0.0001385789983032737,0.1725473403930664,True
2878,497,6.10727856390082,0.00013580999802798033,0.17252445220947266,False
2879,468,6.892803653183799,0.000147328002640279,0.17260074615478516,True
2880,399,3.148284667706572,0.00013720299830310978,0.1724405288696289,True
2881,486,7.587546875954057,0.00015079399963724427,0.1725625991821289,False
2882,297,12.142774664746177,0.00014132800060906447,0.1726388931274414,True
2883,486,2.9628510076774583,0.00022134699975140393,0.1725931167602539,False
2884,374,2.4089383968880087,0.0001357870023639407,0.1725931167602539,True
2885,293,1.907701031946619,0.00014526700033457018,0.1725168228149414,True
2886,486,5.337237315163517,0.00014102999921306036,0.17260074615478516,False
2887,486,1.4296649034720759,0.00013081199722364545,0.1723642349243164,False
2888,468,3.639848583629659,0.00014425399785977788,0.1725778579711914,True
2889,382,1.635706569265262,0.0001368709999951534,0.1724710464477539,True
2890,106,36.07490963008249,0.00013595499694929458,0.1725473403930664,False
2891,297,13.6043044958229,0.00014571800056728534,0.17263126373291016,True
2892,145,140.77045754567087,0.00013946100079920143,0.17258548736572266,False
2893,399,0.9105119438793775,0.00012808100291294977,0.17237186431884766,True
2894,437,1.7419151113651363,0.00013723699885304086,0.17244815826416016,True
2895,430,0.9255603773666606,0.00013083699741400778,0.17243289947509766,True
2896,350,1.9358516557840466,0.00013653600035468116,0.17247867584228516,True
2897,371,6.991767826956728,0.00016297399997711182,0.1725473403930664,True
2898,382,1.8667201625193521,0.00013598499936051667,0.17257022857666016,True
2899,297,1.1585379074246072,0.00013927300096838735,0.1724710464477539,True
2900,468,3.9523881312752405,0.0001429859985364601,0.1724710464477539,True
2901,416,1.6015367170808756,0.00016491900169057772,0.17246341705322266,True
2902,350,2.2698974297052317,0.0001337729991064407,0.17253971099853516,True
2903,430,1.171235338946796,0.00013072900037514046,0.17246341705322266,True
2904,424,2.279963075839755,0.00013337299969862215,0.17244815826416016,True
2905,393,4.927839774212643,0.0001392759986629244,0.1724405288696289,True
2906,399,1.4299976108061627,0.00013963700257590972,0.17246341705322266,True
2907,437,1.6024296914773335,0.00013554299948737025,0.17244815826416016,True
2908,497,8.987956866430205,0.0001412049969076179,0.17246341705322266,False
2909,416,6.547518369674122,0.00013515799946617335,0.1724710464477539,True
2910,382,5.156475940996125,0.00013432999912765808,0.1725320816040039,True
2911,313,2.2850823703361387,0.00014101499982643872,0.1725015640258789,True
2912,493,2.0764516762325127,0.00013854799908585846,0.1725168228149414,True
2913,497,7.809971362014434,0.00014107600145507604,0.1724252700805664,False
2914,461,4.626389223941692,0.00013358999785850756,0.1725473403930664,True
2915,497,3.0845757594447916,0.00013768499775324017,0.1724863052368164,False
2916,424,2.077800620254645,0.00014566800018656068,0.1724252700805664,True
2917,437,2.6606711545022446,0.00013854300050297752,0.17253971099853516,True
2918,424,1.3773102349840012,0.00013347599815460853,0.1723794937133789,True
2919,424,2.2239544878394315,0.0001368570010527037,0.17253971099853516,True
2920,303,2.6735515269456163,0.00012587200035341084,0.1723489761352539,True
2921,350,1.6550173880625234,0.00014575099703506567,0.17250919342041016,True
2922,329,2.8029651885350066,0.00014116300008026883,0.17249393463134766,True
2923,424,2.6752622480682464,0.00013533499804907478,0.17247867584228516,True
2924,350,2.5951936185758346,0.00013869299800717272,0.17252445220947266,True
2925,437,2.27986027692708,0.00013259299885248765,0.17246341705322266,True
2926,394,13.310682240835895,0.00013479399785865098,0.1725168228149414,False
2927,33,19.301362791800038,0.00014594499953091145,0.1725320816040039,False
2928,149,10.102400694284151,0.00014760700287297368,0.17255496978759766,False
2929,493,61.79333539914013,0.00013420899995253421,0.17252445220947266,False
2930,356,121.77943645730345,0.00015782000264152884,0.1726846694946289,False
2931,158,8.24107093618191,0.0001576289978402201,0.17257022857666016,False
2932,356,142.0623632921825,0.00014629699944634922,0.17264652252197266,False
2933,486,4.295658822554325,0.00014187000124366023,0.1725778579711914,False
2934,350,1.3256921281590583,0.0001366340002277866,0.1724710464477539,True
2935,405,27.878538858914823,0.00013280799976200797,0.1725320816040039,False
2936,215,27.80967459023497,0.00013720700007979758,0.1725625991821289,False
2937,437,1.8489052215915658,0.0001403440001013223,0.17249393463134766,True
2938,399,0.817855804104427,0.00013406400103121996,0.17249393463134766,True
2939,308,1.4964268187630745,0.00013566600318881683,0.1723947525024414,True
2940,405,7.882190753623073,0.0001474190030421596,0.1725778579711914,False
2941,308,1.834721445454824,0.00013111599764670245,0.17235660552978516,True
2942,399,1.8593326867957838,0.0001425380032742396,0.17252445220947266,True
2943,497,2.849908145860225,0.00014155499957269058,0.1725168228149414,False
2944,437,1.42611037454752,0.00012670699652517214,0.17243289947509766,True
2945,424,2.650046781816278,0.0001498989986430388,0.1724252700805664,True
2946,399,1.4344485118479273,0.00012830400009988807,0.17244815826416016,True
2947,313,1.7213759198265022,0.00013213700003689155,0.17252445220947266,True
2948,437,1.524064276442041,0.0001325450029980857,0.17250919342041016,True
2949,308,1.0635431892087093,0.0001367879995086696,0.1724405288696289,True
2950,416,5.1852967368743945,0.00013658099851454608,0.17257022857666016,False
2951,486,6.252522036414007,0.00014564699813490734,0.1726388931274414,True
2952,350,2.216963277963087,0.0001347840006928891,0.1725473403930664,True
2953,416,0.9157481885324636,0.0001393710008414928,0.1725015640258789,False
2954,399,2.0105124590067724,0.0001430809970770497,0.17247867584228516,True
2955,394,2.486478277156345,0.00015770699974382296,0.1724710464477539,True
2956,497,5.554132454537669,0.0001386660005664453,0.1725015640258789,False
2957,308,2.6299522541875575,0.00012681400039582513,0.1723947525024414,False
2958,399,1.7736985102208833,0.0001341579991276376,0.1725320816040039,True
2959,297,10.21865271331626,0.00014335699961520731,0.1724863052368164,True
2960,393,4.014816869174614,0.00015700799849582836,0.17249393463134766,True
2961,308,1.5277160416977291,0.0001291010012209881,0.17241764068603516,True
2962,307,2.235150433746656,0.0001405750008416362,0.17253971099853516,True
2963,399,1.1226022569470528,0.00014854600158287212,0.17243289947509766,True
2964,437,4.070629774514639,0.00013728100020671263,0.17252445220947266,True
2965,416,2.0252140718637315,0.00012783700003637932,0.17246341705322266,True
2966,416,0.7996587233984088,0.00013368899817578495,0.1724100112915039,True
2967,303,1.032211150426321,0.00013460300033329986,0.17240238189697266,True
2968,461,0.9610789535945727,0.0001407349991495721,0.17240238189697266,True
2969,329,3.2837635186393883,0.0001301039992540609,0.1724710464477539,False
2970,350,2.4116224100558594,0.0001402950001647696,0.1725168228149414,True
2971,416,4.270150461990198,0.00014156099859974347,0.1725625991821289,False
2972,293,11.762333747195077,0.00018220900165033527,0.17261600494384766,True
2973,307,1.7435791063536266,0.0001445580019208137,0.1726083755493164,True
2974,303,0.9767110374281611,0.0001350190032098908,0.1725015640258789,True
2975,308,2.025692996794791,0.00013019200196140446,0.1724557876586914,True
2976,393,3.1839995587575642,0.00013067400141153485,0.17243289947509766,True
2977,393,2.8678076390578875,0.0001373269988107495,0.1724405288696289,False
2978,430,1.9690879512336141,0.00013070400018477812,0.1724863052368164,True
2979,187,1.9495509676185543,0.00014397099948837422,0.17250919342041016,False
2980,461,2.9865863807190918,0.00013365699851419777,0.1725473403930664,True
2981,468,3.289882481614583,0.0002786209988698829,0.17263126373291016,True
2982,313,1.1274144921720164,0.00014784599989070557,0.17243289947509766,True
2983,437,1.3650311956182015,0.00012983999840798788,0.1724252700805664,True
2984,329,2.5312462868569807,0.00012873900050180964,0.17243289947509766,False
2985,437,1.9402057079451684,0.00013160999878891744,0.1724863052368164,True
2986,382,2.077440974224843,0.00013251400014269166,0.1725168228149414,True
2987,399,2.4672156940257244,0.0001431599994248245,0.17250919342041016,True
2988,329,4.256290929482777,0.00013488799959304743,0.1725320816040039,True
2989,399,3.013049665081108,0.00013714500164496712,0.17253971099853516,True
2990,318,2.403509550086731,0.0001430650008842349,0.1725473403930664,True
2991,430,1.8708770721081094,0.00014010800077812746,0.1725625991821289,True
2992,307,1.354891866319417,0.00013537800259655342,0.1725015640258789,True
2993,393,6.748743942285355,0.00013523500092560425,0.1725168228149414,False
2994,303,2.293965731862221,0.00013074700109427795,0.1725015640258789,True
2995,371,3.5705471281647174,0.0001516070005891379,0.1725778579711914,True
2996,393,2.79055977719271,0.00013218499952927232,0.1725320816040039,True
2997,308,1.9448852036060356,0.00014273800115915947,0.1724863052368164,True
2998,486,3.228412572553042,0.00013647100058733486,0.1726083755493164,False
2999,433,1.8272603562108694,0.00012935899940202944,0.17244815826416016,False
3000,308,1.141849978972565,0.00013467399912769906,0.1724405288696289,True
3001,382,1.5613281962313583,0.00013594800111604854,0.1725015640258789,True
3002,347,1.2969005106837903,0.00013511400175048038,0.1723947525024414,True
3003,95,53.34680065316901,0.0001385549985570833,0.1725778579711914,False
3004,399,2.244914819652832,0.00014549299885402434,0.17247867584228516,True
3005,437,2.7653139043764416,0.0001602750016900245,0.1725473403930664,True
3006,382,1.2886964551468099,0.0001322089992754627,0.1724557876586914,True
3007,313,2.1541544567572455,0.00015016399993328378,0.17244815826416016,True
3008,399,1.3196506933021952,0.00013673600187757984,0.17253971099853516,True
3009,437,2.1179198723653285,0.0001313460015808232,0.17246341705322266,True
3010,437,0.7360731341341448,0.00013771500016446225,0.1724100112915039,True
3011,350,1.1369793538079602,0.00013939700147602707,0.17247867584228516,True
3012,399,1.0011455789096462,0.00013498800035449676,0.17244815826416016,True
3013,308,2.840956385976858,0.00014966700109653175,0.17252445220947266,True
3014,416,2.2367601767197174,0.00013807999857817777,0.1725168228149414,True
3015,393,4.270993086565836,0.0001512809976702556,0.1724710464477539,True
3016,399,2.6120251434288546,0.00012763500126311556,0.1723947525024414,True
3017,399,2.062033939599561,0.00014440500308410265,0.17244815826416016,True
3018,416,2.620270846556811,0.00013409899838734418,0.17255496978759766,True
3019,350,14.855010925960132,0.00014257799921324477,0.17252445220947266,True
3020,461,2.3683805018400736,0.00013430100079858676,0.17244815826416016,True
3021,313,1.2741959667570648,0.00013009000031161122,0.17247867584228516,True
3022,347,1.4688902717391152,0.00014078700041864067,0.1724863052368164,True
3023,437,6.037507189085951,0.00015428400001837872,0.1725168228149414,True
3024,468,3.6574003286538,0.00013255600060801953,0.1725625991821289,True
3025,423,3.2669147762087714,0.00013564899927587248,0.17258548736572266,True
3026,308,2.6714493680000535,0.00013167699944460765,0.1725320816040039,True
3027,303,1.3423516320052382,0.00014776500029256567,0.1724405288696289,True
3028,423,3.8445312317652682,0.00013673899957211688,0.1724710464477539,True
3029,468,5.146980692403508,0.00018461999934515916,0.1726236343383789,True
3030,308,4.606978685447933,0.0001334329972451087,0.17252445220947266,True
3031,424,1.9713112894737252,0.00012753299961332232,0.1724100112915039,True
3032,293,7.788176565057318,0.0001946970005519688,0.1726236343383789,True
3033,318,12.663327238622362,0.00013645700164488517,0.1726083755493164,False
3034,329,2.0615383005453256,0.00013259499974083155,0.17250919342041016,True
3035,399,1.3609979947960118,0.00013516200124286115,0.17235660552978516,True
3036,308,2.7329400574958904,0.0001318380018346943,0.17249393463134766,True
3037,382,1.6065659027477177,0.00013241999840829521,0.17252445220947266,True
3038,416,3.2682277666393102,0.00013016499724471942,0.1724863052368164,True
3039,416,6.242556695882051,0.0001320590017712675,0.1725320816040039,False
3040,318,17.562861826583795,0.00013520599895855412,0.17261600494384766,True
3041,416,2.5007174663774077,0.00013094300084048882,0.1724863052368164,True
3042,307,3.1805660848027677,0.0001446090027457103,0.1725931167602539,True
3043,416,13.240112691381592,0.00013037200187682174,0.17244815826416016,False
3044,486,3.525732224601957,0.00014335199739434756,0.1725015640258789,False
3045,308,2.347449082125805,0.00013093500092509203,0.1724252700805664,True
3046,293,9.067932385127047,0.0001458529986848589,0.17261600494384766,True
3047,416,3.563613144248146,0.00014007599747856148,0.1726236343383789,True
3048,416,3.854858335700983,0.00013747399862040766,0.17263126373291016,True
3049,497,8.14784051078131,0.0001320510018558707,0.1725168228149414,False
3050,430,1.803493169281363,0.00013326600310392678,0.17252445220947266,True
3051,308,2.454255189118015,0.0001384170027449727,0.17249393463134766,True
3052,308,2.1248490180086774,0.00013765399853582494,0.1724405288696289,True
3053,313,1.952804714725785,0.00013859699902241118,0.1725320816040039,True
3054,303,1.2694679154196953,0.00013655400107381865,0.17244815826416016,True
3055,350,1.5952645266755334,0.00012977199730812572,0.17243289947509766,True
3056,106,25.15967743928864,0.00013890399714000523,0.17260074615478516,False
3057,400,1.843938363194443,0.00013109700012137182,0.17241764068603516,True
3058,394,2.6807113876083046,0.0001329020014964044,0.17255496978759766,True
3059,329,1.5245738689629607,0.00013798699728795327,0.1724100112915039,True
3060,329,1.5532847032555317,0.00013135900007910095,0.17244815826416016,True
3061,405,5.335507163505273,0.00015165899822022766,0.1724557876586914,False
3062,329,4.6339602423198585,0.00013249400217318907,0.1724863052368164,False
3063,350,1.2141928952253875,0.0001466979992983397,0.1724557876586914,True
3064,329,1.6477031235288933,0.00012791499830200337,0.17243289947509766,True
3065,329,2.4251869569756064,0.000129640000523068,0.17244815826416016,True
3066,430,1.9530845489793933,0.00013365799895836972,0.17247867584228516,True
3067,329,2.3734623978481983,0.0001296679984079674,0.17246341705322266,True
3068,405,6.564880905260789,0.00013327299893717282,0.1725320816040039,True
3069,308,2.3613777213438043,0.00012917699859826826,0.17244815826416016,True
3070,399,2.3536229904485273,0.0001426859998900909,0.1724863052368164,True
3071,350,1.110363355839285,0.00012929500007885508,0.17244815826416016,True
3072,475,2.3221629399502266,0.0001464179986214731,0.17257022857666016,True
3073,393,2.2891860314502113,0.00012948000221513212,0.1724710464477539,True
3074,399,2.3731306969437505,0.00013883399878977798,0.1725015640258789,True
3075,433,2.2688014777671426,0.0001309610015596263,0.1724557876586914,True
3076,399,2.513016001364006,0.00013559599756263196,0.1725625991821289,True
3077,423,2.0745724045211134,0.00014098500105319545,0.17238712310791016,True
3078,437,3.0089460370781524,0.0001292650013056118,0.1724710464477539,True
3079,437,1.6969532550581847,0.00013506600225809962,0.1724405288696289,True
3080,350,1.634327685242845,0.00012493800022639334,0.1723642349243164,True
3081,329,1.8608814375506888,0.00012693800090346485,0.17241764068603516,True
3082,423,3.143438146213153,0.00014311199993244372,0.1725931167602539,True
3083,405,3.828778006025347,0.00013906299864174798,0.17246341705322266,True
3084,329,6.113906800055329,0.00012941200111526996,0.17249393463134766,False
3085,307,8.304974368879687,0.0001446979986212682,0.1725473403930664,True
3086,350,3.5338751432799844,0.00013303500236361288,0.17252445220947266,True
3087,437,2.4026635957473674,0.00012496799899963662,0.1723947525024414,True
3088,308,2.1317854033904187,0.00013483600196195766,0.1724710464477539,True
3089,350,2.4070718095754455,0.00014376699982676655,0.17255496978759766,True
3090,433,1.5799091450899312,0.00013402699914877303,0.1724405288696289,True
3091,493,2.9594976252568546,0.00014313600331661291,0.1724557876586914,True
3092,307,7.602416076445362,0.00013830600073561072,0.17263126373291016,True
3093,313,9.511819519897005,0.00016694399892003275,0.1726083755493164,True
3094,497,13.624765172059918,0.00012614200022653677,0.17243289947509766,True
3095,350,1.3840442003900297,0.00012976500147487968,0.1724710464477539,True
3096,303,1.3664109760058167,0.00012903899914817885,0.17243289947509766,True
3097,303,2.1417101559907663,0.0001298019997193478,0.1724252700805664,True
3098,350,2.272171964064405,0.00014410199946723878,0.1724863052368164,True
3099,430,2.0881644203302585,0.00013070400018477812,0.1724710464477539,True
3100,424,1.4226840708991302,0.00012743200204567984,0.17243289947509766,True
3101,424,1.8214682195516059,0.00012900599904241972,0.17240238189697266,True
3102,405,1.9679463384090718,0.00014556799942511134,0.17249393463134766,True
3103,350,2.437906900383856,0.00013325300096767023,0.17250919342041016,True
3104,430,1.7097019990108298,0.00013310299982549623,0.1724252700805664,True
3105,350,5.220796517461046,0.0003252200003771577,0.1725625991821289,True
3106,350,1.799302322315474,0.00013324699830263853,0.17244815826416016,True
3107,424,3.088784902669569,0.00013537400081986561,0.17243289947509766,True
3108,329,2.487687492839739,0.00012790799883077852,0.1724405288696289,True
3109,308,3.911375428347315,0.00015439600247191265,0.1725625991821289,True
3110,374,1.8598891155391408,0.00012758299999404699,0.1724557876586914,True
3111,374,1.0958860391229388,0.00013762600065092556,0.17247867584228516,True
3112,374,2.2155919101703514,0.00013112400120007806,0.1725168228149414,True
3113,374,1.551094166751965,0.000141806998726679,0.1725015640258789,True
3114,468,3.47379098216107,0.00022981299844104797,0.1725931167602539,True
3115,374,1.3352425093018774,0.00013581199891632423,0.1726236343383789,True
3116,474,3.6705120061043264,0.00013618700177175924,0.1726236343383789,False
3117,308,3.141559632038745,0.00014823200035607442,0.17253971099853516,True
3118,405,5.600290538552701,0.0001541759993415326,0.17258548736572266,True
3119,468,1.8679405900006447,0.00013708500046050176,0.17257022857666016,True
3120,486,6.714477894563309,0.00014645500050392002,0.17263126373291016,False
3121,293,1.682056606611501,0.00013085499813314527,0.17247867584228516,True
3122,297,1.6126130001017653,0.00014698000086355023,0.17255496978759766,True
3123,399,2.085954202837171,0.0001361009999527596,0.17255496978759766,True
3124,374,2.3510791094642776,0.00013294900054461323,0.17258548736572266,True
3125,293,1.2300914415793953,0.00015310699745896272,0.17249393463134766,False
3126,486,1.8565327365530409,0.00014432800162467174,0.17250919342041016,False
3127,468,2.561833830869942,0.00013554899851442315,0.1725931167602539,True
3128,399,3.9425047509643893,0.00013681700147571974,0.17260074615478516,True
3129,293,3.0671952669791085,0.00012625999806914479,0.1724252700805664,False
3130,486,1.9568435047945674,0.00013570499868365005,0.17260074615478516,False
3131,374,1.068405358801145,0.0002819030014507007,0.17253971099853516,True
3132,374,1.3005880139801314,0.00013083499652566388,0.17247867584228516,True
3133,486,3.2398265450058625,0.00013460700210998766,0.1725473403930664,False
3134,293,2.433191485552177,0.00012844500088249333,0.17246341705322266,False
3135,486,4.51334713560642,0.0001412089986843057,0.17260074615478516,False
3136,293,1.2263727915222455,0.0001342839968856424,0.17252445220947266,True
3137,486,3.7897187029350605,0.00013508100164472125,0.17253971099853516,False
3138,374,2.6375794322726747,0.0001343769981758669,0.17252445220947266,True
3139,399,2.61114129619176,0.00013526699694921263,0.1725320816040039,True
3140,293,1.441444889402113,0.00013898599718231708,0.17244815826416016,False
3141,374,1.4354012781409626,0.0001366459982818924,0.17257022857666016,True
3142,416,1.5193284607798458,0.0001333699983661063,0.1725168228149414,True
3143,293,0.8340061703872883,0.00013030400077695958,0.17241764068603516,True
3144,303,1.8099627698441365,0.0001315340014116373,0.17249393463134766,True
3145,293,1.5120862117736433,0.00013172699982533231,0.1724863052368164,True
3146,374,2.9463758406015685,0.00013519800268113613,0.17260074615478516,True
3147,416,2.860453370936071,0.00014719699902343564,0.1724863052368164,True
3148,468,2.298325012441759,0.0001346160024695564,0.1725473403930664,True
3149,374,2.345214743287529,0.00013183099872549064,0.1725168228149414,True
3150,416,3.265994935429288,0.00014218399883247912,0.17255496978759766,True
3151,399,3.232745700037517,0.00014127900067251176,0.1724557876586914,True
3152,468,5.244351858267039,0.00015879100101301447,0.17261600494384766,True
3153,293,1.6955587258966154,0.0001380279973091092,0.17258548736572266,True
3154,297,1.7015700784941923,0.00012844799857703038,0.17246341705322266,True
3155,293,1.430663415899856,0.00013915199815528467,0.1725625991821289,True
3156,307,7.049551715634569,0.00012784000136889517,0.17241764068603516,True
3157,468,21.374400191855184,0.0001368890007142909,0.1725625991821289,True
3158,399,3.6404054265937225,0.00013901200145483017,0.17255496978759766,True
3159,382,1.7616078755972702,0.00016186100037884898,0.1725931167602539,True
3160,437,1.9783751498835596,0.00014079700122238137,0.1725931167602539,True
3161,293,2.1037478444841096,0.00013666999802808277,0.17255496978759766,True
3162,468,2.332860595610079,0.0001387250013067387,0.17257022857666016,True
3163,293,1.4470827459101543,0.00014838399874861352,0.1725320816040039,True
3164,293,1.3631722150762196,0.00014249699961510487,0.1725625991821289,True
3165,293,2.1152690387055335,0.00012942000103066675,0.1723794937133789,True
3166,416,3.989971562016322,0.00014150199785945006,0.1725320816040039,True
3167,399,3.289612473141017,0.0001366989999951329,0.1725320816040039,True
3168,293,2.712963982613066,0.0001378839988319669,0.17264652252197266,True
3169,313,2.1083741216676875,0.0001459560007788241,0.17261600494384766,True
3170,399,2.2846050416560453,0.00013403699995251372,0.17255496978759766,True
3171,486,1.7338787469332557,0.0001400199980707839,0.17249393463134766,False
3172,497,66.14827515533058,0.00013661300181411207,0.1726083755493164,False
3173,499,42.64542307420933,0.00014965100126573816,0.1727304458618164,False
3174,269,150.61742191121746,0.00014410199946723878,0.1727304458618164,False
3175,399,2.7436022899669887,0.00013450299957185052,0.1725015640258789,True
3176,158,4.852463727056357,0.00013224500071373768,0.17252445220947266,False
3177,430,1.255906805207102,0.00014489600289380178,0.17238712310791016,True
3178,437,1.5135640444855578,0.00013311500151758082,0.1725320816040039,True
3179,350,1.3939314637695162,0.000130288000946166,0.17241764068603516,True
3180,430,1.1108429392128119,0.00013203400158090517,0.1724557876586914,True
3181,497,7.5319208954541725,0.00013010299880988896,0.1724710464477539,True
3182,430,1.2894735624718567,0.0001307500024267938,0.17249393463134766,True
3183,430,1.2363669909968338,0.00014933100101188757,0.1725015640258789,True
3184,308,2.158541004070851,0.00012872500155935995,0.17243289947509766,True
3185,350,1.3920002751859766,0.00012809700274374336,0.17243289947509766,True
3186,303,1.1050779677131686,0.000133834000735078,0.17243289947509766,True
3187,350,1.382388490665667,0.00013309499991009943,0.17238712310791016,True
3188,437,1.262710705203029,0.00013909200060879812,0.1725015640258789,True
3189,350,2.137558706988761,0.00015426800018758513,0.17249393463134766,True
3190,430,1.356635174390425,0.00012542399781523272,0.1724100112915039,True
3191,350,0.9190804378987228,0.00013026499800616875,0.17247867584228516,True
3192,350,1.5602632530971203,0.00012753799819620326,0.17241764068603516,True
3193,437,1.716956480891547,0.00014858899885439314,0.17237186431884766,True
3194,350,1.8256270309018365,0.0001327699974353891,0.1725015640258789,True
3195,399,1.39839165480733,0.00013792500249110162,0.1724252700805664,True
3196,430,2.4184356372497504,0.000132918001327198,0.1725015640258789,True
3197,430,1.5389017980907478,0.0001284079990000464,0.17244815826416016,True
3198,430,0.9824247421739165,0.00012998799866181798,0.17246341705322266,True
3199,437,1.9241282428875885,0.0001275569993595127,0.1724100112915039,True
3200,433,2.3828640120610745,0.00012745999993057922,0.1723947525024414,True
3201,350,1.187146347150783,0.00013068599946564063,0.1724405288696289,True
3202,350,1.9808629206411659,0.0001302479977312032,0.1724710464477539,True
3203,303,1.2183118476785497,0.00012618000255315565,0.1723947525024414,True
3204,350,1.881011426666761,0.0001389030003338121,0.17246341705322266,True
3205,437,1.091274679228848,0.0001301830016018357,0.1724863052368164,True
3206,430,0.7182379352796333,0.0001269269996555522,0.17238712310791016,True
3207,350,1.3400880451634916,0.00013344000035431236,0.1725320816040039,True
3208,437,0.7807823071172619,0.00012640900240512565,0.1723642349243164,True
3209,303,1.8045296860688025,0.00014141900101094507,0.17244815826416016,True
3210,416,1.645872183064944,0.0001331349994870834,0.17253971099853516,True
3211,399,1.296826904180629,0.00014096499944571406,0.1723642349243164,True
3212,394,2.7159413700017927,0.00012969100134796463,0.1723947525024414,True
3213,430,1.560972234049824,0.00013083599696983583,0.17244815826416016,True
3214,437,1.4423262396026102,0.00013945099999546073,0.1724252700805664,True
3215,350,1.816708114175544,0.00014307200035545975,0.17253971099853516,True
3216,424,2.9941733675325644,0.0001255589995707851,0.17240238189697266,True
3217,437,2.2104614347442206,0.00012454900206648745,0.17237186431884766,True
3218,430,1.1278376009053603,0.00014316799934022129,0.17247867584228516,True
3219,437,2.5536608927430384,0.00013703899821848609,0.17241764068603516,True
3220,430,2.7527567839876497,0.00015415099915117025,0.1724557876586914,True
3221,430,3.6458859276430156,0.0001432069984730333,0.17249393463134766,True
3222,329,27.72103582878236,0.0001339899972663261,0.1725320816040039,True
3223,437,5.238182488345036,0.00013369500084081665,0.17257022857666016,True
3224,486,3.306003992214131,0.00014116499733063392,0.17266178131103516,False
3225,307,7.936673381646762,0.00013816300270264037,0.17252445220947266,True
3226,486,4.201592491387683,0.00013679300172952935,0.1725931167602539,False
3227,303,2.723224408623961,0.00012795899965567514,0.1724405288696289,True
3228,399,2.72987105391334,0.00013442999988910742,0.17255496978759766,True
3229,468,2.36729119816956,0.00014592500156140886,0.1725168228149414,True
3230,497,4.257577590718957,0.00013646500156028196,0.17246341705322266,False
3231,308,2.7350218530176993,0.0001375539977743756,0.1725015640258789,True
3232,416,5.560090118307116,0.00013473199942382053,0.17257022857666016,True
3233,313,2.9156677210055997,0.000153319000673946,0.17255496978759766,True
3234,468,2.663831055545824,0.00014194699906511232,0.1725473403930664,True
3235,399,2.83033022857899,0.00013384300109464675,0.1725473403930664,True
3236,293,2.411845483787178,0.00014405199908651412,0.17258548736572266,True
3237,293,1.1047946607368782,0.0001301219999731984,0.1724863052368164,True
3238,293,1.4659946431760749,0.0001320629999099765,0.1725320816040039,True
3239,313,2.0590261298376658,0.00014505500075756572,0.1725320816040039,True
3240,399,2.1864176818388286,0.00013127000056556426,0.17247867584228516,True
3241,313,1.749673520650345,0.00013003200001548976,0.17250919342041016,True
3242,313,1.4302031085755111,0.0001624649994482752,0.1725625991821289,True
3243,313,3.0384260666007274,0.00015071500092744827,0.1723794937133789,True
3244,297,1.0421599591809407,0.00014232399917091243,0.17244815826416016,True
3245,307,2.831363539209572,0.00012987599984626286,0.17244815826416016,True
3246,33,6.511704974032699,0.00012849999984609894,0.17243289947509766,False
3247,303,1.3606150590980879,0.00013247999959276058,0.1725168228149414,True
3248,33,21.271595250775917,0.0001267220031877514,0.1724252700805664,False
3249,399,2.032607018076056,0.00013477500033332035,0.17250919342041016,True
3250,356,158.15566471325113,0.0001336269997409545,0.1725931167602539,False
3251,356,85.5142331414091,0.00014032200124347582,0.17272281646728516,False
3252,497,30.887622573018575,0.00016436499936389737,0.17252445220947266,False
3253,437,1.6057572637391844,0.0001481789986428339,0.17257022857666016,True
3254,399,3.644335702935893,0.0001339070004178211,0.17252445220947266,True
3255,399,1.5649162258479983,0.00013829100134898908,0.17250919342041016,True
3256,437,3.1611151661007955,0.0001327659992966801,0.17253971099853516,True
3257,430,2.0344081704984722,0.00013598599980468862,0.17253971099853516,True
3258,437,1.73091604297819,0.00013947499974165112,0.17243289947509766,True
3259,393,6.819335782603339,0.00015061199883348309,0.17253971099853516,True
3260,437,1.0368314997975505,0.00014451899915002286,0.1724863052368164,True
3261,437,1.2878253637003199,0.00014391899821930565,0.17249393463134766,True
3262,313,1.1979301831305098,0.00014425100016524084,0.17246341705322266,True
3263,416,1.2835303101321234,0.000132081000629114,0.1725168228149414,True
3264,430,0.8813464423343329,0.000141270000312943,0.1725320816040039,True
3265,486,3.9207207815117897,0.00015381400226033293,0.1725473403930664,False
3266,435,37.066543368805846,0.00012955100100953132,0.17250919342041016,True
3267,468,3.806253152661052,0.00013050400229985826,0.17246341705322266,True
3268,416,2.3668483185518365,0.0001412009987689089,0.17257022857666016,True
3269,430,3.08156333877488,0.00017267200018977746,0.17263126373291016,True
3270,437,2.551772816555232,0.00015119000090635382,0.17257022857666016,True
3271,399,3.633941291143756,0.00013084600141155533,0.1724863052368164,True
3272,437,2.224821651489666,0.00013694300287170336,0.1725473403930664,True
3273,416,3.9448562958206117,0.00015379799879156053,0.1725778579711914,True
3274,424,2.0437222736847853,0.00013089899948681705,0.1724557876586914,True
3275,437,2.0905039770320806,0.0002690860019356478,0.1724710464477539,True
3276,437,2.3867351371130137,0.00013123900134814903,0.1725015640258789,True
3277,350,1.6323802620301833,0.0001341479983238969,0.1725625991821289,True
3278,468,6.019181196954773,0.0001285799990000669,0.1725015640258789,True
3279,430,1.6343895860622173,0.0001344399970548693,0.1725473403930664,True
3280,399,1.8279581201008577,0.0001343609983450733,0.17250919342041016,True
3281,416,2.8287720763040474,0.00013076300092507154,0.17250919342041016,True
3282,313,1.9637475550647712,0.0001409819997206796,0.17250919342041016,True
3283,437,1.9979845357836767,0.0001409819997206796,0.17249393463134766,True
3284,405,2.777202116274557,0.0001337530011369381,0.17252445220947266,True
3285,313,1.245229349569819,0.00012861800132668577,0.17243289947509766,True
3286,486,4.170736896786737,0.00013575699995271862,0.1725473403930664,False
3287,374,2.2936634854475115,0.00013025699809077196,0.17241764068603516,True
3288,433,5.069749125892215,0.00012941000022692606,0.1724405288696289,True
3289,416,3.6398893543949953,0.00013267999747768044,0.17244815826416016,True
3290,394,3.205547847482535,0.0001314939981966745,0.17249393463134766,True
3291,216,4.655255407445344,0.00013699200280825607,0.1725473403930664,False
3292,329,2.054904316412686,0.00020916799985570833,0.1724252700805664,True
3293,350,4.556400352750766,0.000132839002617402,0.1725015640258789,True
3294,394,3.1153725547970272,0.0001342190007562749,0.17247867584228516,True
3295,350,5.396253497804614,0.00013537099948734976,0.17252445220947266,True
3296,424,2.5134977402196954,0.0001564880003570579,0.1724405288696289,True
3297,350,5.15482637196217,0.00012815399895771407,0.1724557876586914,True
3298,394,9.176640749976494,0.00013155399938113987,0.1724557876586914,False
3299,307,4.763680541328693,0.00014305999866337515,0.17253971099853516,True
3300,424,3.7153385454904098,0.00012579900067066774,0.17237186431884766,True
3301,424,4.193352169770468,0.00013419900278677233,0.1724863052368164,True
3302,424,5.14607690564339,0.00012735699783661403,0.1724252700805664,True
3303,433,3.5473940521722724,0.00013170499732950702,0.17247867584228516,True
3304,329,4.100278666290992,0.00013979399955132976,0.17246341705322266,True
3305,424,1.668963724749452,0.00013723900337936357,0.1723947525024414,True
3306,430,2.185271322776018,0.00013054000010015443,0.1724557876586914,True
3307,424,2.7534365658753615,0.0001301989977946505,0.1724100112915039,True
3308,424,1.1094629297660086,0.00014165599714033306,0.17244815826416016,True
3309,424,4.276685095686114,0.0001258529991901014,0.1723947525024414,True
3310,393,4.367221379402686,0.0001671069985604845,0.1725320816040039,True
3311,394,4.2020984466428155,0.00012981699910596944,0.1724710464477539,True
3312,307,8.21574559964158,0.000138489998789737,0.1725625991821289,True
3313,307,8.260275284079059,0.00013302899969858117,0.1724863052368164,True
3314,424,3.0090187428943627,0.00013606199718196876,0.17247867584228516,True
3315,350,3.126071639494549,0.00013378699804889038,0.17244815826416016,True
3316,437,3.2245933592912905,0.00013473099897964858,0.17244815826416016,True
3317,424,1.6570314399465196,0.00012494999828049913,0.17232608795166016,True
3318,393,6.383056075121987,0.0001390469988109544,0.17260074615478516,False
3319,475,2.436427115482391,0.0001393470010953024,0.17253971099853516,True
3320,282,9.375376191277535,0.00013591500101028942,0.17250919342041016,False
3321,98,43.055513686215846,0.0001280309988942463,0.1723794937133789,False
3322,106,49.59384056873744,0.00014916399959474802,0.1725931167602539,False
3323,493,23.08685750409644,0.00013266399764688686,0.17247867584228516,False
3324,98,3.038924720655289,0.00013272900105221197,0.1724100112915039,False
3325,149,5.739183927302408,0.00014165800166665576,0.17250919342041016,False
3326,499,9.040098249525899,0.00014568799815606326,0.1724710464477539,False
3327,493,41.393704086051,0.00014745000225957483,0.1726541519165039,False
3328,416,3.0585840282235104,0.00014146500325296074,0.1724557876586914,True
3329,374,2.9187912811313157,0.00014674100020783953,0.1726388931274414,True
3330,399,3.7904960220988024,0.00013321499864105135,0.17246341705322266,False
3331,382,2.094577841060621,0.00016914799925871193,0.17255496978759766,True
3332,435,4.34447066649991,0.0001458570004615467,0.17246341705322266,True
3333,399,1.9100025031581307,0.000147564998769667,0.17255496978759766,True
3334,293,0.8545535818166923,0.000136621998535702,0.1723947525024414,True
3335,308,1.8957301061486695,0.0001344480006082449,0.1724557876586914,True
3336,399,2.0893837935588775,0.00013916500029154122,0.1725015640258789,True
3337,423,2.956943845797338,0.00019018199964193627,0.1725931167602539,True
3338,308,1.5994737431083452,0.0001266409999516327,0.1724100112915039,True
3339,308,2.418896803429167,0.000131815999338869,0.17252445220947266,True
3340,308,2.2214569390492396,0.00015162199997575954,0.1724710464477539,False
3341,399,1.2463267273416363,0.0001342270006716717,0.17252445220947266,False
3342,374,3.2148179603570024,0.0001382690024911426,0.1726236343383789,False
3343,350,1.118760938477514,0.00013102600132697262,0.1724405288696289,False
3344,108,70.49969915728182,0.00016242000128841028,0.17263126373291016,False
3345,497,26.05574168233912,0.00013147299978299998,0.17247867584228516,False
3346,269,143.11431880042886,0.00013734999811276793,0.17260074615478516,False
3347,145,150.65545782794297,0.0002962420003314037,0.17263126373291016,False
3348,435,140.66288726826065,0.0001384089991915971,0.1725778579711914,True
3349,435,40.76986796506473,0.0001378840024699457,0.1726388931274414,True
3350,394,2.672958737216053,0.00012842399883084,0.17243289947509766,False
3351,293,13.09278704250364,0.00014831299995421432,0.17270755767822266,False
3352,435,35.63732724437365,0.0001345390010101255,0.1725778579711914,False
3353,435,127.26160312601709,0.00013618100274470635,0.1725778579711914,True
3354,493,45.07447379808575,0.00014018300134921446,0.17257022857666016,False
3355,493,102.14441157077364,0.00013877099991077557,0.1726236343383789,False
3356,106,38.193659034234926,0.00015080299999681301,0.17266178131103516,False
3357,430,2.562301646719267,0.00013199900058680214,0.1724863052368164,False
3358,468,4.575545931864511,0.0001374710009258706,0.17258548736572266,False
3359,424,2.8733230666858742,0.00012993000200367533,0.17243289947509766,False
3360,424,3.3512495638531337,0.00012887699995189905,0.1724252700805664,False
3361,342,9.337350319813892,0.00013052799840806983,0.1724863052368164,True
3362,307,20.70149507631552,0.00013732200022786856,0.17258548736572266,True
3363,400,2.065950117085084,0.0001307580023421906,0.17250919342041016,True
3364,307,7.600738722232014,0.00013333000242710114,0.1725473403930664,True
3365,437,2.8323036504051617,0.00035561700133257546,0.1725015640258789,True
3366,350,14.09101303189237,0.0001367900003970135,0.17263126373291016,True
3367,435,22.864641537160256,0.0001448420007363893,0.17266178131103516,True
3368,307,10.12091265351452,0.00013233899881015532,0.17253971099853516,False
3369,400,2.94348514559541,0.00012854899978265166,0.17244815826416016,True
3370,350,10.267540242809257,0.00013307900007930584,0.17252445220947266,True
3371,437,1.153813424068213,0.00012591499762493186,0.1723794937133789,True
3372,350,1.4101672169744137,0.00015136299771256745,0.17252445220947266,True
3373,430,2.4468889795832363,0.00015162899944698438,0.17246341705322266,True
3374,468,5.312146854738727,0.00015148799866437912,0.17249393463134766,True
3375,437,1.555085073708174,0.00013205600043875165,0.1725015640258789,True
3376,430,3.003403746706901,0.00013769600263913162,0.1725168228149414,True
3377,424,2.730872692630286,0.00013757900160271674,0.17243289947509766,True
3378,437,2.4987415335030656,0.00013399300223682076,0.17244815826416016,True
3379,424,3.2462897802182558,0.0001434600017091725,0.1724405288696289,True
3380,307,3.485605968123512,0.00016064800001913682,0.1724863052368164,True
3381,424,2.528349567570938,0.0001499499994679354,0.1724252700805664,True
3382,437,1.3991717418222132,0.00013417100126389414,0.17252445220947266,True
3383,437,1.4286719630542786,0.00014831099906587042,0.17246341705322266,True
3384,350,1.9338582064625038,0.0001334629996563308,0.17257022857666016,True
3385,350,2.715387082360796,0.00013507900075637735,0.1725473403930664,True
3386,424,1.9754423774283003,0.00012692100062849931,0.17240238189697266,True
3387,350,2.9126649622123075,0.00012967099974048324,0.17243289947509766,True
3388,329,1.3272950733661475,0.00012712800162262283,0.1723642349243164,True
3389,307,3.128354829568954,0.00013145999764674343,0.1725168228149414,True
3390,437,1.5084065350634934,0.00013159599984646775,0.17249393463134766,True
3391,486,1.9246812263915716,0.00013985199984745122,0.1724710464477539,False
3392,437,4.010347017921894,0.00013217300147516653,0.1724557876586914,True
3393,399,2.052301258153162,0.00013127599959261715,0.17249393463134766,True
3394,85,25.714978467585908,0.0001332239990006201,0.17252445220947266,False
3395,468,27.923342964950066,0.00014092700075707398,0.17269229888916016,True
3396,85,23.04854445650387,0.00013578200014308095,0.1724557876586914,False
3397,486,3.8830509999950324,0.0001402199995936826,0.1726541519165039,True
3398,430,1.4055323853456745,0.00015265900219674222,0.17252445220947266,True
3399,437,0.9931799909808793,0.00013546399713959545,0.17253971099853516,True
3400,393,7.053392859368484,0.00015053199967951514,0.1726083755493164,False
3401,399,1.138048752786192,0.0001410549994034227,0.1725015640258789,False
3402,416,4.055350617108912,0.00013660300101037137,0.1726083755493164,False
3403,497,41.214894035229484,0.00014852800086373463,0.1726541519165039,False
3404,435,98.59420713642155,0.00014582899893866852,0.17278385162353516,False
3405,313,2.2863805864321436,0.00014015699707670137,0.1725320816040039,False
3406,468,1.8894510257719899,0.0001326059973507654,0.17244815826416016,False
3407,430,1.9585008425232595,0.00014044199997442774,0.17253971099853516,False
3408,497,4.832223305109144,0.00014926599760656245,0.1725931167602539,True
3409,329,2.511989581403406,0.00014063499838812277,0.17241764068603516,False
3410,394,2.72798404544388,0.00014565899982699193,0.17247867584228516,False
3411,433,2.6784543061560813,0.00012993800191907212,0.17246341705322266,True
3412,499,6.342994865091987,0.00013215999933890998,0.1724557876586914,True
3413,293,37.822696141623304,0.00013753200255450793,0.17264652252197266,False
3414,33,18.050494342996043,0.00013116899935994297,0.17257022857666016,False
3415,493,147.34687075288778,0.0001460940002289135,0.17261600494384766,False
3416,196,158.1740034532544,0.0001529040018795058,0.17261600494384766,False
3417,499,13.35933100921017,0.00022740699932910502,0.17250919342041016,False
3418,243,21.267408686605734,0.0004606399998010602,0.17263126373291016,False
3419,106,5.54748252209742,0.0002031779986282345,0.17240238189697266,False
3420,497,7.844015947570987,0.00013588300134870224,0.1724863052368164,False
3421,356,164.0097669065711,0.00017188099809573032,0.17272281646728516,True
3422,33,20.141239953824975,0.00014541600103257224,0.1725625991821289,False
3423,497,7.0076676642195785,0.00012592300117830746,0.17235660552978516,False
3424,356,141.65202421562893,0.000137949002237292,0.17261600494384766,True
3425,329,2.4016616305720953,0.000140354000905063,0.1724100112915039,True
3426,350,1.4643014481856576,0.0001310520019615069,0.1724710464477539,True
3427,430,2.1925562892051738,0.00013242500062915497,0.1725015640258789,True
3428,329,3.7228882841764,0.00013123999815434217,0.17246341705322266,True
3429,424,2.245657026180355,0.00016442500054836273,0.17240238189697266,True
3430,437,0.9125382028813807,0.0001277920018765144,0.1724100112915039,True
3431,350,6.049355187123201,0.00013161699826014228,0.1725320816040039,True
3432,106,17.602166205920796,0.00013598000077763572,0.1725473403930664,False
3433,394,2.5663933405075716,0.0001290219988732133,0.17241764068603516,True
3434,424,0.9829344063220581,0.00012891499864053912,0.17240238189697266,True
3435,329,1.5549608466546379,0.00013625200153910555,0.1723947525024414,True
3436,424,2.046599349576852,0.0001308089995291084,0.1724557876586914,True
3437,393,5.209851432816332,0.00013093799861962907,0.1724710464477539,True
3438,329,2.808080162205801,0.0001305760015384294,0.1725015640258789,True
3439,430,2.284546033204086,0.00014234300033422187,0.17243289947509766,True
3440,226,9.909104929425338,0.00013532200318877585,0.1725778579711914,False
3441,399,3.024715953783174,0.00015072300084284507,0.17258548736572266,True
3442,282,4.93510965626543,0.00014457299766945653,0.17253971099853516,False
3443,486,2.2654380620327483,0.00013124999895808287,0.1725168228149414,False
3444,399,2.82673972008332,0.0001344760021311231,0.1725778579711914,True
3445,399,1.81672627059003,0.00015031600196380168,0.17263126373291016,True
3446,399,2.809327691652325,0.0001355620006506797,0.17250919342041016,True
3447,486,2.539448636867484,0.0001319799994234927,0.17250919342041016,False
3448,486,4.070973148411355,0.00015995600188034587,0.1725778579711914,False
3449,468,2.0883818898986855,0.00013266599853523076,0.1725168228149414,True
3450,374,4.509618081045043,0.0001327480022155214,0.17250919342041016,True
3451,322,2.38259084502625,0.0001392840022163,0.1726083755493164,True
3452,297,1.4144080594724757,0.00013712199870496988,0.1724710464477539,True
3453,322,1.851432782644543,0.00014046299838810228,0.1724405288696289,True
3454,293,1.4944965785388835,0.00013941699944552965,0.17257022857666016,True
3455,497,3.2491904440379917,0.0001387249976687599,0.1725168228149414,False
3456,399,2.342622134368269,0.00013315799878910184,0.17252445220947266,True
3457,293,1.1665070532473534,0.0001393610000377521,0.17252445220947266,True
3458,297,1.216283336917618,0.0001332179999735672,0.17249393463134766,True
3459,486,4.317723455366966,0.00013119700088282116,0.17247867584228516,False
3460,468,1.704042859184142,0.00014140500206849538,0.1725168228149414,True
3461,293,2.5517896580568933,0.00013561399828176945,0.1725168228149414,True
3462,293,1.9401297580173225,0.00014152600124361925,0.17264652252197266,True
3463,374,3.3671047395480667,0.000133039997308515,0.17249393463134766,True
3464,374,3.1925432495937955,0.0001416160012013279,0.1726236343383789,True
3465,486,1.6928302685506833,0.00013377599680097774,0.17244815826416016,False
3466,399,3.0584486269800424,0.000135780999698909,0.1725473403930664,True
3467,293,1.4391896920748672,0.00014052100232220255,0.17250919342041016,True
3468,322,4.046799008637249,0.00014162699881126173,0.1726083755493164,True
3469,297,1.3996290452703228,0.00012654900274355896,0.17240238189697266,True
3470,486,3.310130073815833,0.00014247299986891448,0.17266178131103516,False
3471,374,1.9684139388322859,0.00014025900236447342,0.17267704010009766,True
3472,486,2.161020640689946,0.00013397400107351132,0.1725625991821289,False
3473,293,4.214806128036299,0.00012884199895779602,0.1724405288696289,True
3474,98,13.835877916645245,0.00013830399984726682,0.17263126373291016,False
3475,435,25.993627558201087,0.00014821200238657184,0.1727609634399414,True
3476,108,35.614098195723166,0.000142376000439981,0.17269229888916016,False
3477,215,7.75545461470529,0.00013008300084038638,0.1724863052368164,False
3478,399,2.4708911641768005,0.00013908199980505742,0.17257022857666016,True
3479,399,2.1715093077142784,0.00013665900041814893,0.17257022857666016,True
3480,497,5.971696554168812,0.00013263999790069647,0.1725320816040039,False
3481,293,1.542815703384445,0.00013512599980458617,0.1725473403930664,True
3482,293,1.749362886175979,0.0001298829993174877,0.1724557876586914,True
3483,350,17.774013988395904,0.00013864700304111466,0.17264652252197266,True
3484,437,1.5961098863316296,0.00012658999912673607,0.17241764068603516,True
3485,416,2.7742506108625142,0.00013481899804901332,0.1725320816040039,True
3486,313,1.78846528175229,0.00012966099893674254,0.1724710464477539,True
3487,303,1.2675611373633138,0.00012862100265920162,0.17241764068603516,True
3488,303,1.1379777974573304,0.00012565100041683763,0.17235660552978516,True
3489,350,1.2495235808183236,0.0001519979996373877,0.1724405288696289,True
3490,329,1.7279629282951932,0.00014049699893803336,0.1724557876586914,True
3491,382,2.213175306977064,0.00014155700046103448,0.17244815826416016,True
3492,430,1.2918334135719012,0.0001236649986822158,0.17232608795166016,True
3493,308,2.1414335971206615,0.000132689001475228,0.17249393463134766,True
3494,430,1.2866620806228573,0.00012648800111492164,0.17240238189697266,True
3495,350,1.7185894389445886,0.00013149200094630942,0.17246341705322266,True
3496,430,2.530699532228506,0.00013419999959296547,0.1725168228149414,True
3497,430,1.3555164319386845,0.0001216650016431231,0.17231082916259766,True
3498,437,1.0269605354071722,0.0001330640006926842,0.17241764068603516,True
3499,430,1.7186283642998936,0.0001307459970121272,0.1724557876586914,True
3500,430,1.699269950527606,0.00013631500041810796,0.1724405288696289,True
3501,350,1.528594712378032,0.00013458499961416237,0.1725015640258789,True
3502,350,1.1609879953285123,0.00012436699762474746,0.1723642349243164,True
3503,430,1.829128075883327,0.00013272000069264323,0.1725015640258789,True
3504,307,3.0895053082311588,0.00013706900062970817,0.1725778579711914,True
3505,303,0.4647240063213876,0.00012665900067077018,0.1723489761352539,True
3506,308,2.208019264129185,0.0001304930010519456,0.17244815826416016,True
3507,424,2.7746248408984644,0.00012608099859789945,0.17240238189697266,False
3508,461,3.583283483496166,0.00013770299847237766,0.1725320816040039,True
3509,350,3.625308208781624,0.0001423519970558118,0.17252445220947266,True
3510,307,12.124334593282754,0.00014482500046142377,0.17258548736572266,False
3511,424,5.153224874616111,0.00013571700037573464,0.17241764068603516,True
3512,394,3.730669444688897,0.0001273419984499924,0.1724252700805664,True
3513,430,1.7076803898697976,0.00013930700151831843,0.1724252700805664,True
3514,430,4.06562053287532,0.0001315160006924998,0.1724557876586914,True
3515,350,2.748685970583002,0.0001285680009459611,0.17244815826416016,True
3516,394,7.027887389799545,0.00012851999781560153,0.17244815826416016,True
3517,424,4.040966306838065,0.00012843899821746163,0.1724405288696289,True
3518,430,3.879855464199688,0.00013357900024857372,0.1724863052368164,True
3519,394,4.868585400963692,0.0001329789993178565,0.1723947525024414,True
3520,308,2.6314594654078607,0.00013092399967717938,0.17247867584228516,True
3521,430,2.6492458424224647,0.00013041400234214962,0.17244815826416016,True
3522,350,2.093211772644929,0.00012470299770939164,0.1723642349243164,True
3523,350,1.617861722024785,0.00016454299839097075,0.1725168228149414,True
3524,424,0.9657483230558628,0.0001294450012210291,0.17243289947509766,True
3525,430,2.4227827867122893,0.00013609600136987865,0.17250919342041016,True
3526,393,4.534287067866312,0.0001341440001851879,0.1725473403930664,True
3527,424,2.827361427725534,0.00014581900177290663,0.17241764068603516,True
3528,430,1.294244860461225,0.00013084700185572729,0.17244815826416016,True
3529,424,1.5687664617617696,0.00013123600001563318,0.17246341705322266,True
3530,437,2.148257466896549,0.00012444800086086616,0.1723337173461914,True
3531,437,3.115714028185134,0.00015134299974306487,0.1724557876586914,True
3532,394,1.8800975885845528,0.00013177800065022893,0.1724557876586914,True
3533,308,1.9157634753211443,0.0002467579979565926,0.17244815826416016,True
3534,394,3.026100183618501,0.00013031100024818443,0.17246341705322266,True
3535,303,0.6435035107096211,0.00012650200005737133,0.1724100112915039,True
3536,430,2.1554240577908725,0.0001298930001212284,0.17246341705322266,True
3537,475,1.0517652847539734,0.0001328489997831639,0.1724863052368164,True
3538,350,4.152481815498211,0.00014110800111666322,0.1724405288696289,True
3539,433,2.4062396859488047,0.00012741399768856354,0.1724405288696289,False
3540,307,6.700081816541976,0.00014519300020765513,0.17253971099853516,False
3541,400,2.1487434254786613,0.0001270769971597474,0.17240238189697266,True
3542,430,1.8375949472397823,0.00013452500206767581,0.17253971099853516,True
3543,437,2.1785212263382574,0.000125714999740012,0.1723642349243164,True
3544,424,1.7645901190528774,0.000137691997224465,0.1725015640258789,True
3545,394,4.689884001955523,0.00013364299957174808,0.1724405288696289,True
3546,475,3.4779774126245813,0.0001425829977961257,0.1724405288696289,False
3547,423,5.24841408709063,0.00013457499881042168,0.17255496978759766,True
3548,394,5.861996480704572,0.0001277189985557925,0.1724405288696289,True
3549,307,10.277541425943037,0.00014012799874763004,0.17258548736572266,True
3550,308,5.552597034604548,0.00013012899944442324,0.17247867584228516,False
3551,307,4.032000796122978,0.0001334349981334526,0.17253971099853516,True
3552,308,1.8995856430519789,0.00014948699754313566,0.1724252700805664,True
3553,400,2.4181041360302267,0.00013865700020687655,0.1724710464477539,True
3554,307,2.3225577396622863,0.000151035997987492,0.1725168228149414,True
3555,430,3.1334232440937226,0.00016865400175447576,0.17250919342041016,True
3556,350,4.136281717507431,0.00013313599993125536,0.17252445220947266,True
3557,461,2.7173970631476605,0.00013764799950877205,0.17263126373291016,True
3558,400,2.3409505844781187,0.0001431259988748934,0.17244815826416016,True
3559,424,1.8785350964760146,0.0001583580014994368,0.1723794937133789,True
3560,66,9.249089453502048,0.00017221999951289035,0.17247867584228516,False
3561,82,7.842602984290611,0.00012623899965547025,0.17238712310791016,False
3562,66,14.228192297139753,0.00013335200128494762,0.17253971099853516,False
3563,399,1.6081249005811686,0.0001602039992576465,0.17250919342041016,True
3564,433,2.567359089479398,0.00013870800103177316,0.17249393463134766,True
3565,424,2.1185331534505885,0.00014465600179391913,0.1724405288696289,True
3566,394,4.482595138729668,0.00014722999912919477,0.1724557876586914,True
3567,400,1.7170007770302154,0.00018892300067818724,0.17235660552978516,True
3568,424,1.1935166929341312,0.00014793099762755446,0.1724405288696289,True
3569,394,2.4318848153245023,0.0001283249985135626,0.1724405288696289,True
3570,394,3.0443250843652434,0.00013161600145394914,0.17252445220947266,True
3571,424,1.878024647827085,0.00013708899859921075,0.17237186431884766,True
3572,329,5.544493982393424,0.00012979099847143516,0.1724405288696289,True
3573,424,2.648013770628111,0.000128498999401927,0.17243289947509766,True
3574,416,4.379168825589332,0.00014464400010183454,0.1725778579711914,False
3575,461,5.110358584138476,0.0001348670011793729,0.17257022857666016,True
3576,400,2.3696922463898775,0.00013846699948771857,0.1724863052368164,True
3577,400,1.652970255698056,0.00012796299779438414,0.1723947525024414,True
3578,394,1.8077709763500573,0.00012984800196136348,0.17246341705322266,True
3579,400,3.1483141283863425,0.0001320870032941457,0.1725168228149414,True
3580,433,2.209067760077157,0.00013016400043852627,0.1724405288696289,True
3581,424,3.0501600579858112,0.00012738100122078322,0.1724100112915039,True
3582,399,1.2886398224495004,0.00013324499741429463,0.17252445220947266,True
3583,350,3.19734595670601,0.0001289709980483167,0.1724405288696289,True
3584,424,3.417342011369934,0.0001361659997201059,0.1724252700805664,True
3585,405,5.173219321940823,0.00013158600268070586,0.1724710464477539,True
3586,424,2.284476784642301,0.00012834000153816305,0.1724252700805664,False
3587,424,2.1814274038461523,0.0001291350017709192,0.1723947525024414,False
3588,424,2.427638891440548,0.00012642299770959653,0.1723794937133789,True
3589,430,1.6995419308952866,0.00012498000069172122,0.17238712310791016,True
3590,424,2.581638043543259,0.00012891200094600208,0.17244815826416016,True
3591,371,3.992444167939353,0.0001403580026817508,0.17246341705322266,True
3592,424,2.7321725008779127,0.0001348509977106005,0.1724100112915039,True
3593,424,1.5597806735380648,0.00013209499957156368,0.1723337173461914,True
3594,371,5.503316861897494,0.0001350149977952242,0.17255496978759766,True
3595,308,3.1574589899544065,0.00013232999845058657,0.17244815826416016,True
3596,329,1.8700663927225207,0.00012978899758309126,0.17240238189697266,True
3597,247,9.098706927933044,0.0001620659968466498,0.1726083755493164,False
3598,33,11.604959232977405,0.0001350739985355176,0.17258548736572266,False
3599,329,4.302741904627336,0.00013900699923397042,0.1724405288696289,True
3600,423,2.099512878257591,0.00013590199887403287,0.17246341705322266,True
3601,382,2.5229312205446353,0.00013332500020624138,0.17252445220947266,True
3602,435,33.39451887324573,0.00024784700144664384,0.17250919342041016,True
3603,307,5.984265202546745,0.00013713999942410737,0.17253971099853516,True
3604,329,1.9454245420475984,0.0001324500008195173,0.1724252700805664,True
3605,405,1.7008457182005452,0.00013410099927568808,0.17252445220947266,True
3606,424,1.9649082262661106,0.00013548899732995778,0.17240238189697266,True
3607,400,2.490131450444175,0.0001378900014969986,0.1724863052368164,True
3608,416,2.259655217384814,0.00013458700050250627,0.17253971099853516,True
3609,329,2.9002298661071286,0.00013046599997323938,0.1724710464477539,False
3610,313,2.010415249561579,0.00013465800293488428,0.17253971099853516,True
3611,307,2.5564525853010416,0.00013289699927554466,0.17253971099853516,True
3612,475,1.8752280874847713,0.00014107899914961308,0.17255496978759766,True
3613,308,1.5108753200220926,0.00013009199756197631,0.1724557876586914,False
3614,405,4.621616848702259,0.00014000900046085007,0.1724557876586914,False
3615,382,1.9981866371181252,0.00013482599752023816,0.17255496978759766,True
3616,313,2.0168266471342102,0.0001323730029980652,0.1724710464477539,True
3617,329,1.7077150286788205,0.00013167900033295155,0.17249393463134766,True
3618,307,4.120029588120795,0.00014063100024941377,0.1725931167602539,True
3619,308,2.8744030534266907,0.00013045399828115478,0.17244815826416016,True
3620,307,3.428197488531942,0.00013157799912733026,0.1724863052368164,True
3621,400,2.8557847607434597,0.00012930899902130477,0.17244815826416016,True
3622,308,1.9733047246921467,0.0001286999977310188,0.17243289947509766,True
3623,382,1.9936272271026156,0.00013665300139109604,0.17240238189697266,True
3624,307,3.6098146740568513,0.0001358640001853928,0.17257022857666016,True
3625,307,10.185869123874312,0.00013674900037585758,0.17260074615478516,False
3626,382,1.869099859207735,0.00012998500096728094,0.17249393463134766,True
3627,393,4.27392226369639,0.00013992299864185043,0.1724405288696289,True
3628,405,6.3542183678425825,0.00013748199853580445,0.17246341705322266,False
3629,416,1.8214334306693711,0.00013115900219418108,0.1724863052368164,True
3630,424,1.2878093802117712,0.00012317200162215158,0.1723337173461914,True
3631,400,2.0579707072875433,0.00013304700041771866,0.17246341705322266,True
3632,405,2.3418201773946588,0.00012840499766753055,0.17244815826416016,True
3633,416,2.3353759253727207,0.00012930199955007993,0.1724710464477539,True
3634,416,2.4433825257000956,0.000282239998341538,0.17247867584228516,True
3635,416,1.9869558629145079,0.0001326019992120564,0.17252445220947266,True
3636,329,2.471031469362112,0.00013788900105282664,0.1724710464477539,True
3637,329,2.667873191292547,0.00013875600052415393,0.17244815826416016,True
3638,399,2.024365840390809,0.00016583099932176992,0.1724863052368164,True
3639,416,2.440240439483139,0.0001347619981970638,0.17252445220947266,False
3640,474,8.282412143022254,0.00013877599849365652,0.17266178131103516,True
3641,399,2.5638563957045464,0.0001983499969355762,0.17257022857666016,False
3642,313,1.5510720717221302,0.00013705400124308653,0.17249393463134766,False
3643,308,3.096243294894606,0.00013976300033391453,0.17250919342041016,False
3644,468,1.9170932750030802,0.00013668600149685517,0.1724557876586914,False
3645,468,2.112337460949989,0.00013171599857741967,0.17249393463134766,False
3646,486,2.3958611240311485,0.00013491699792211875,0.17257022857666016,False
3647,468,2.8793516299911346,0.0001365729985991493,0.17261600494384766,True
3648,468,2.9838666890402554,0.00013071900320937857,0.17249393463134766,True
3649,350,1.4639499661522173,0.000141843000164954,0.1725473403930664,True
3650,394,1.8372501142611595,0.00014106399976299144,0.1724710464477539,True
3651,433,3.261641260575777,0.00012894599785795435,0.17241764068603516,False
3652,430,1.609444587013308,0.00013863300046068616,0.1724557876586914,True
3653,329,3.140059010753122,0.0001360380010737572,0.1724863052368164,True
3654,303,4.883996917656134,0.0001404469985573087,0.1724710464477539,True
3655,350,2.0560620024356053,0.00013684599980479106,0.1724863052368164,True
3656,393,3.6470525519921813,0.00012796499868272804,0.1723794937133789,False
3657,430,2.0166905107091773,0.0001385790019412525,0.1724710464477539,False
3658,424,0.7925314750689856,0.00012365600196062587,0.1723642349243164,True
3659,394,2.1543829511453385,0.00012985300054424442,0.17246341705322266,True
3660,394,2.5268823308005683,0.00013023999781580642,0.17243289947509766,True
3661,371,2.605631559051644,0.00018172099953517318,0.17249393463134766,True
3662,307,5.742650332321756,0.000137570001243148,0.1725778579711914,False
3663,475,0.7699482814352248,0.00013380100062931888,0.1725168228149414,True
3664,430,2.3957492992675844,0.00014874099724693224,0.17244815826416016,False
3665,307,2.8366875845437614,0.00013222799680079333,0.17247867584228516,False
3666,424,1.3929835479849517,0.0001261020006495528,0.1723642349243164,False
3667,437,1.667858917044334,0.0001308900027652271,0.17246341705322266,False
3668,313,9.977544938040683,0.00013353299800655805,0.17257022857666016,False
3669,350,1.193101935573544,0.00014918500164640136,0.17241764068603516,False
3670,329,3.5850818168079868,0.0001392009980918374,0.1725015640258789,False
3671,399,2.0967937280008866,0.00013082799705443904,0.1725015640258789,False
3672,393,2.2258647538311758,0.00020340599803603254,0.17260074615478516,True
3673,350,1.7398131338256322,0.0001282560006075073,0.1724405288696289,False
3674,437,1.7276522420901197,0.00012727899957098998,0.1724252700805664,False
3675,437,1.5278154027424247,0.00013324900282896124,0.17243289947509766,False
3676,297,1.7381586275010799,0.00012596799933817238,0.17243289947509766,True
3677,393,4.524379902448336,0.00013836899961461313,0.17244815826416016,False
3678,437,1.0175662839633788,0.00013191399921197444,0.17240238189697266,False
3679,308,1.8708905553348265,0.00014245199781726114,0.17249393463134766,False
3680,430,1.3636984492053892,0.00014886800272506662,0.17234134674072266,False
3681,430,0.8585674649333044,0.0001250059976882767,0.1723794937133789,False
3682,399,2.521733246441766,0.00014624100003857166,0.17249393463134766,False
3683,430,0.8544127915301276,0.00012554400018416345,0.17234134674072266,True
3684,437,0.9632592869657197,0.00012798500029020943,0.17240238189697266,True
3685,424,3.2379803827694,0.00013003799904254265,0.1725015640258789,True
3686,437,1.3015826963338983,0.00012774700007867068,0.1724252700805664,True
3687,474,1.406360579735356,0.00013321300139068626,0.17253971099853516,True
3688,430,0.9139078610350432,0.00013177700020605698,0.1724863052368164,True
3689,430,0.9612551634699815,0.0001358010013063904,0.1724710464477539,False
3690,437,1.8150795543108575,0.00012994600183446892,0.17249393463134766,True
3691,437,1.4362948210163218,0.00015628300025127828,0.1725778579711914,True
3692,350,1.5062931672348108,0.0001281080003536772,0.17240238189697266,True
3693,399,1.3990617379466053,0.00012892700033262372,0.17238712310791016,True
3694,430,0.9135946235118992,0.0001590450010553468,0.1724863052368164,True
3695,437,1.2426372244835522,0.00013323500024853274,0.17246341705322266,True
3696,313,2.029974554115113,0.00013057099931756966,0.1724405288696289,True
3697,66,24.657788447280076,0.00013252999997348525,0.17252445220947266,False
3698,374,3.944243675404746,0.00013992099775350653,0.1725778579711914,True
3699,468,1.311658872709231,0.0001347030010947492,0.1725168228149414,True
3700,468,2.2481158597871285,0.0001361860013275873,0.17257022857666016,True
3701,374,2.968216549379597,0.00015526100105489604,0.17272281646728516,True
3702,293,2.613047504018097,0.00016196199794649146,0.1725625991821289,True
3703,468,1.846662720009795,0.0001305760015384294,0.17253971099853516,True
3704,382,2.9012925702369086,0.00013295200187712908,0.17250919342041016,True
3705,468,2.2384593371746804,0.0001371200014546048,0.1725931167602539,True
3706,468,2.768794819428767,0.00017487800141680054,0.1726083755493164,True
3707,474,3.412866458044567,0.00013582999963546172,0.17250919342041016,False
3708,382,2.376534877757842,0.0001325980010733474,0.1724710464477539,True
3709,486,6.346826913924148,0.00020480600142036565,0.1725931167602539,True
3710,486,1.7686237399905698,0.0001630769984330982,0.17247867584228516,False
3711,382,2.2937609740274447,0.00013795199993182905,0.1725168228149414,True
3712,468,1.5903255449198577,0.00013154200132703409,0.1724863052368164,True
3713,322,1.6405849809445157,0.0001413690006302204,0.1725473403930664,True
3714,416,1.4979869710427558,0.00013962199955130927,0.17253971099853516,True
3715,468,2.328200818128995,0.00014788000044063665,0.17250919342041016,True
3716,313,2.137090684737013,0.00013255899830255657,0.17250919342041016,True
3717,344,1.106063113997999,0.0001355660024273675,0.17252445220947266,True
3718,318,2.5785073299031116,0.00015080999946803786,0.1725168228149414,False
3719,374,1.7834867679800015,0.00014043800183571875,0.17263126373291016,True
3720,297,3.7922752188972533,0.00013445700096781366,0.1725473403930664,True
3721,374,1.8315960795127426,0.00015122599870665,0.17264652252197266,True
3722,344,1.4983923834207478,0.00013923799997428432,0.17263126373291016,True
3723,486,3.6833594653414568,0.00014616200132877566,0.17250919342041016,False
3724,303,2.3001295754182447,0.0001574970010551624,0.17243289947509766,True
3725,322,1.3627067679303466,0.0001305779987887945,0.17246341705322266,True
3726,344,0.9351016255768411,0.0001355460008198861,0.17244815826416016,True
3727,322,2.2321794216787327,0.00013808700168738142,0.17263126373291016,True
3728,322,1.3673691868986206,0.00014706599904457107,0.1725473403930664,True
3729,374,0.657856297933245,0.00013613800183520652,0.17257022857666016,True
3730,374,1.542969361849396,0.00013635300274472684,0.1726083755493164,True
3731,374,1.2258418628700154,0.00014316700253402814,0.1726388931274414,True
3732,297,2.256747519349505,0.00013913700240664184,0.17246341705322266,True
3733,322,7.450918770005837,0.00014604399984818883,0.1725625991821289,True
3734,344,3.330372067974427,0.00013831000251229852,0.17253971099853516,True
3735,187,4.641776163646211,0.000139212999783922,0.1726388931274414,False
3736,322,3.8182668405711984,0.00013890899936086498,0.1725625991821289,True
3737,297,5.751129697641572,0.00015155499932006933,0.17253971099853516,True
3738,322,2.331608296869769,0.00015116700160433538,0.17267704010009766,True
3739,405,6.0256780010402675,0.00013737200060859323,0.1725473403930664,True
3740,322,2.0408493431412063,0.00014074600039748475,0.1724557876586914,True
3741,374,4.099009194997782,0.00014245000056689605,0.17253971099853516,True
3742,497,10.066962710103327,0.00012899299690616317,0.17247867584228516,False
3743,344,1.4393947121427402,0.0001342249997833278,0.1725473403930664,True
3744,374,1.9011791001765705,0.0004916159996355418,0.17253971099853516,True
3745,468,13.669320581827627,0.00013394199777394533,0.1724557876586914,True
3746,405,3.9226309769076053,0.00013940100325271487,0.17260074615478516,True
3747,468,2.4711125749686738,0.0001489080023020506,0.1725015640258789,True
3748,307,2.370779393424576,0.00013293699885252863,0.1725320816040039,True
3749,313,1.7578611215848299,0.00012829799743485637,0.1723642349243164,True
3750,433,3.099098669625374,0.00013799500084132887,0.17253971099853516,True
3751,475,2.2504055308883513,0.00014178199853631668,0.17260074615478516,True
3752,468,1.8460058194412006,0.0001366300020890776,0.17253971099853516,True
3753,468,7.948792678162067,0.00014369000200531445,0.17253971099853516,True
3754,399,1.134327223962317,0.00014152999938232824,0.1724863052368164,True
3755,382,1.4939273767266932,0.00013444100113702007,0.1724100112915039,True
3756,382,2.017374520896171,0.000133984001877252,0.17249393463134766,True
3757,329,2.493678870643417,0.00013855799988959916,0.17247867584228516,True
3758,313,3.201784446596518,0.00014078099775360897,0.17258548736572266,True
3759,437,1.6094715759921074,0.00013894899893784896,0.1723794937133789,True
3760,313,1.9815578067541633,0.00012952199904248118,0.1723947525024414,True
3761,475,0.577411880082024,0.000123539000924211,0.17229557037353516,True
3762,430,2.6012129428899287,0.000144548001117073,0.1723947525024414,True
3763,313,1.9953423730297595,0.0001340830021945294,0.17255496978759766,True
3764,433,2.6409671782374016,0.0001314410001214128,0.17249393463134766,True
3765,382,1.2120966631808359,0.000132918001327198,0.1724710464477539,True
3766,405,3.0548284475867127,0.00013233899881015532,0.17247867584228516,True
3767,461,2.869705215299035,0.00013042299906373955,0.17249393463134766,True
3768,350,3.119476248163977,0.00012255199908395298,0.1723337173461914,True
3769,303,4.3230534264042895,0.0001305129990214482,0.1724557876586914,True
3770,303,1.7641571596499868,0.0001301890006288886,0.17240238189697266,True
3771,461,2.7819043665656125,0.0001323789983871393,0.17250919342041016,True
3772,307,3.0567551127781347,0.00014170899885357358,0.17255496978759766,True
3773,399,2.4548822256531353,0.00013611299800686538,0.1725473403930664,True
3774,329,4.129006398316533,0.00013466700329445302,0.17250919342041016,True
3775,430,1.4595557505516314,0.00013537300037569366,0.17250919342041016,True
3776,350,2.767899114965674,0.00013000100079807453,0.1724710464477539,True
3777,461,2.3719325470889046,0.00013450299957185052,0.17253971099853516,True
3778,308,2.0868278636541184,0.0001449210030841641,0.1725015640258789,True
3779,416,2.7955755323062865,0.00012885699834441766,0.17246341705322266,True
3780,216,6.105839075730295,0.0001287989980482962,0.17246341705322266,False
3781,303,0.8286497662695019,0.000134832996991463,0.1723489761352539,True
3782,486,4.9439093913039045,0.00015498799984925427,0.1726083755493164,False
3783,399,2.244560382424747,0.00013041200145380571,0.17246341705322266,True
3784,350,12.632903899040814,0.00012900300134788267,0.17244815826416016,True
3785,400,2.1792859674884277,0.00015555100253550336,0.1724405288696289,True
3786,350,0.5366627316249835,0.00014246600039768964,0.1724100112915039,True
3787,400,3.2713044912328244,0.00012873499872512184,0.17241764068603516,True
3788,329,2.7471683299898824,0.0001250770001206547,0.1723947525024414,True
3789,350,1.7635426964372884,0.0001350840029772371,0.1725625991821289,True
3790,303,1.2902548659691553,0.0001302759992540814,0.17247867584228516,True
3791,430,1.602045569547934,0.00013536500046029687,0.1724557876586914,True
3792,399,1.9187028774088584,0.00013895300071453676,0.1724710464477539,True
3793,350,3.3755585442684968,0.00014689399904455058,0.1725625991821289,True
3794,475,1.6779914717876523,0.0001436929996998515,0.1725168228149414,True
3795,329,2.0155478462007,0.00013611900067189708,0.1724405288696289,True
3796,405,6.2915787266883205,0.00013671799752046354,0.1724557876586914,True
3797,433,1.622127242699853,0.00015059100041980855,0.17246341705322266,True
3798,424,2.8156887376843396,0.00013275699893711135,0.17247867584228516,True
3799,400,2.593935715696068,0.0001327620011579711,0.17249393463134766,True
3800,308,2.1226335610431493,0.00012803000208805315,0.17238712310791016,True
3801,475,1.9410636927029636,0.00013558700084104203,0.1724557876586914,True
3802,293,8.122643089252296,0.00014951100092730485,0.17253971099853516,True
3803,350,1.2923907501631966,0.00012909599900012836,0.1723947525024414,True
3804,400,2.6487871999932473,0.0001358420013275463,0.17237186431884766,True
3805,308,3.0112182877913067,0.0002984059974551201,0.1725473403930664,True
3806,329,4.261511929095718,0.00022185200214153156,0.1724405288696289,True
3807,293,5.6043881691563735,0.00013177800065022893,0.1725168228149414,True
3808,461,2.4938099357000403,0.00014308999743661843,0.1724710464477539,True
3809,399,1.2462488820637996,0.00013121699885232374,0.1725015640258789,True
3810,350,1.6797441451332322,0.00013284600208862685,0.17243289947509766,True
3811,400,4.064235286258252,0.00017997599934460595,0.17257022857666016,True
3812,308,2.310045539957773,0.00012979299935977906,0.1724710464477539,True
3813,430,2.2613834136942152,0.00013220600158092566,0.17247867584228516,True
3814,329,2.374454937519561,0.0001269429994863458,0.1723947525024414,True
3815,430,1.199739297257374,0.00017003399989334866,0.1724252700805664,True
3816,424,1.9513006158672577,0.0001390189972880762,0.1724252700805664,True
3817,424,2.036485375648759,0.00012479399811127223,0.17240238189697266,True
3818,430,1.6383574880489393,0.00014370799908647314,0.1724863052368164,True
3819,394,2.259393671093925,0.00013338699864107184,0.1724710464477539,True
3820,350,2.1124524012824297,0.00013071400098851882,0.17246341705322266,True
3821,423,2.0437625760800655,0.0001285840007767547,0.17246341705322266,True
3822,461,4.9831690987497455,0.0001342270006716717,0.17252445220947266,True
3823,350,3.6896854664111562,0.00014000100054545328,0.1723947525024414,True
3824,394,2.8503664619635636,0.00013028100147494115,0.1724863052368164,True
3825,416,2.61583884574764,0.00013684599980479106,0.1725625991821289,True
3826,303,3.36823166224813,0.0001242079997609835,0.1723794937133789,True
3827,350,1.8069277996908242,0.0001309200015384704,0.17247867584228516,True
3828,400,1.4223821674753037,0.00012529900050139986,0.17234134674072266,True
3829,430,2.180362989465295,0.00013149300139048137,0.17246341705322266,True
3830,394,3.347772728295252,0.00013583300096797757,0.17243289947509766,True
3831,430,2.218657259618456,0.0001341319984931033,0.17255496978759766,True
3832,400,1.5773720707495018,0.00012938900181325153,0.1724100112915039,True
3833,416,1.687885340161457,0.0001456440004403703,0.1725320816040039,True
3834,400,2.3698132844985613,0.00013037699682172388,0.1724863052368164,True
3835,329,1.5713324829891948,0.00012511499880929478,0.17237186431884766,True
3836,400,1.6667064158084948,0.0001380909998260904,0.1725168228149414,True
3837,347,2.915668652912078,0.00013865700020687655,0.17249393463134766,True
3838,329,2.3867181195501526,0.00013681600103154778,0.17243289947509766,True
3839,394,4.20806386702326,0.0001562510005896911,0.1725778579711914,True
3840,400,2.7301652702903954,0.00012692300151684321,0.17241764068603516,True
3841,350,2.748546039807346,0.00013609199959319085,0.17255496978759766,True
3842,400,1.4383798335067355,0.0001319939983659424,0.1723947525024414,True
3843,329,1.4602302485769454,0.00013282800136948936,0.1724405288696289,True
3844,394,2.399101658121077,0.0001326040001004003,0.17246341705322266,True
3845,433,4.122233547983149,0.00013512999794329517,0.17253971099853516,True
3846,329,1.5625431368812495,0.0001349420017504599,0.17234134674072266,True
3847,350,1.7064504401968867,0.00013334300092537887,0.1724863052368164,True
3848,430,1.6481701556433308,0.00013463499999488704,0.1723794937133789,True
3849,329,1.4309732900162002,0.00013760000001639128,0.1724252700805664,True
3850,303,8.339181442328362,0.00015421700300066732,0.1724252700805664,True
3851,394,1.7068762541435278,0.00013429499813355505,0.17241764068603516,True
3852,424,1.6771950143136611,0.0001314569999522064,0.1723642349243164,True
3853,400,1.6740706200455007,0.00014505899889627472,0.1724557876586914,True
3854,416,2.789966153838793,0.00014060600005905144,0.17257022857666016,True
3855,303,1.7173134633319869,0.00013103699893690646,0.1723794937133789,True
3856,371,3.1063729427907463,0.00013632500122184865,0.1724405288696289,True
3857,475,1.869277188917222,0.0001400639994244557,0.1725015640258789,True
3858,405,2.063709966867191,0.0001559310003358405,0.17249393463134766,True
3859,394,4.119079240706751,0.00014577500041923486,0.1724557876586914,True
3860,430,1.8007329225463151,0.00014940000255592167,0.17244815826416016,True
3861,329,1.2982886472395618,0.00020669299919973128,0.17246341705322266,True
3862,329,2.0812019812873443,0.00013720000060857274,0.17244815826416016,True
3863,405,2.83816023252737,0.00013687799946637824,0.1724557876586914,True
3864,424,2.1690853938593757,0.00013052899885224178,0.1724863052368164,True
3865,405,4.756226772754608,0.0001360219976049848,0.1725015640258789,True
3866,350,1.8876082843182318,0.00013627199950860813,0.17241764068603516,True
3867,350,2.9303295041101323,0.00014370200005942024,0.17241764068603516,True
3868,303,2.267442641437399,0.0001270279972231947,0.1723794937133789,True
3869,424,2.4297591118188593,0.00012898500062874518,0.1723947525024414,True
3870,394,3.0826193426779502,0.0001492769988544751,0.1724405288696289,True
3871,394,2.6492250345217374,0.00013307499830261804,0.1724710464477539,True
3872,394,2.533385548842233,0.0001470120005251374,0.17244815826416016,True
3873,437,1.398652767395838,0.00014149100024951622,0.17237186431884766,True
3874,400,2.2514699203114934,0.00012890500147477724,0.17238712310791016,True
3875,400,2.9676596222760345,0.00012980500105186366,0.17241764068603516,True
3876,416,18.327819968464443,0.00014924499919288792,0.17257022857666016,False
3877,344,3.4078962898027796,0.00013606100037577562,0.17258548736572266,True
3878,297,1.7226443292837432,0.00014300899783847854,0.1724863052368164,True
3879,382,2.141257486121821,0.00013194900020607747,0.1724405288696289,True
3880,382,2.314734734444545,0.00013059699995210394,0.17250919342041016,True
3881,382,1.9640666097238655,0.00012821999916923232,0.17246341705322266,True
3882,313,3.163507278919697,0.00013539299834519625,0.1725625991821289,True
3883,399,3.072754561017468,0.00013638600285048597,0.17244815826416016,True
3884,297,3.501209357341931,0.00013165000200388022,0.17249393463134766,True
3885,313,1.6563838532823463,0.00013185399802750908,0.1724863052368164,True
3886,313,2.541337049819751,0.00014289800310507417,0.1724863052368164,True
3887,486,3.044726105054419,0.0001443859982828144,0.17252445220947266,False
3888,405,2.7713985074281364,0.00013777300046058372,0.17253971099853516,True
3889,399,1.9957296618300708,0.00013103700257488526,0.1724557876586914,True
3890,382,2.36773209244637,0.0001325880002696067,0.17250919342041016,True
3891,297,6.273108208358332,0.00012691000301856548,0.1724100112915039,True
3892,382,1.7686285409739038,0.00015654800154152326,0.1724863052368164,True
3893,297,8.516582749964707,0.00012809300096705556,0.1724557876586914,True
3894,382,2.6019557708338232,0.00013024500003666617,0.1724710464477539,True
3895,303,2.1174413830339684,0.00012760599929606542,0.17241764068603516,True
3896,486,2.949246314511363,0.00012998699821764603,0.1724710464477539,False
3897,382,1.3504347285724385,0.00013531799777410924,0.17243289947509766,True
3898,297,5.808558031305461,0.00013216999650467187,0.1723489761352539,True
3899,293,1.6697091511427362,0.00014365199967869557,0.17253971099853516,True
3900,303,2.0603783701639102,0.00013041299825999886,0.1724557876586914,True
3901,303,1.6354124513360437,0.00013092399967717938,0.1724710464477539,True
3902,399,2.046867485944445,0.00017557499813847244,0.1725168228149414,True
3903,486,10.214432682327523,0.00013815599959343672,0.17250919342041016,False
3904,430,1.607587727753982,0.00013387800208874978,0.1724710464477539,True
3905,430,1.5571638256313434,0.00013573799878940918,0.17250919342041016,True
3906,416,2.0571249672865783,0.00013955599933979101,0.1725320816040039,True
3907,399,2.388500288633474,0.00013633499838761054,0.1725320816040039,True
3908,382,2.139676141281239,0.0001439059997210279,0.17249393463134766,True
3909,308,1.5748708471335016,0.00013035600204602815,0.1724557876586914,True
3910,313,2.5093383485759992,0.00013295700046001002,0.1724557876586914,True
3911,399,2.5917753770778456,0.0001340569979220163,0.17247867584228516,True
3912,416,3.269394596586175,0.0001463490007154178,0.17250919342041016,True
3913,313,1.240046086335264,0.00013285499881021678,0.17243289947509766,True
3914,399,3.0949300561546713,0.00013820899766869843,0.17253971099853516,True
3915,423,2.007727829734301,0.00013890400077798404,0.17250919342041016,True
3916,308,2.2534251598643658,0.000146112000948051,0.17244815826416016,True
3917,416,2.334543868378453,0.00013381100143305957,0.17255496978759766,True
3918,313,1.3549493418512344,0.00013358900105231442,0.17244815826416016,True
3919,399,2.164723776319949,0.00013411100007942878,0.17247867584228516,True
3920,399,2.5460033119110927,0.00019937799879699014,0.1724863052368164,True
3921,98,4.2240019790746866,0.0001388870005030185,0.17250919342041016,False
3922,313,1.490064469879824,0.00014766299864277244,0.17249393463134766,True
3923,437,0.7267303532256326,0.00013082399891573004,0.17241764068603516,True
3924,437,2.23501963138234,0.00013485400268109515,0.17244815826416016,True
3925,329,2.5815750259196046,0.00013339699944481254,0.1724100112915039,True
3926,424,2.2585829413965097,0.0001323590004176367,0.17241764068603516,True
3927,416,2.7065966931177092,0.0001319879993388895,0.17252445220947266,False
3928,303,0.9693940916384025,0.00012844899902120233,0.1724557876586914,False
3929,424,1.8323743916094708,0.0001443920009478461,0.1723184585571289,True
3930,313,1.4598399761090246,0.00012690900257439353,0.1723947525024414,True
3931,393,3.6033728285477067,0.00013096399925416335,0.17234134674072266,False
3932,308,2.262591545168688,0.00012620900088222697,0.1724100112915039,False
3933,437,2.364514014128007,0.00012665099711739458,0.1724100112915039,False
3934,405,2.274736559139809,0.00014926799849490635,0.17253971099853516,False
3935,399,2.338511970638671,0.00014825700054643676,0.17260074615478516,True
3936,329,1.3105279110579606,0.00013696499809157103,0.17237186431884766,True
3937,430,2.848007861956687,0.00012931300079799257,0.1724710464477539,True
3938,313,2.6175909012788634,0.0001328409998677671,0.17247867584228516,True
3939,430,1.568759011264919,0.00013543300156015903,0.17249393463134766,True
3940,475,3.1729295164270854,0.00014721299885422923,0.17263126373291016,True
3941,329,1.3005780084505774,0.00013085500177112408,0.1723489761352539,True
3942,308,1.9140761361382441,0.00013983000098960474,0.17249393463134766,True
3943,394,2.43050241386829,0.0001370919999317266,0.17246341705322266,True
3944,437,0.8797389507589927,0.0001230490015586838,0.17234134674072266,True
3945,416,1.0723397722386196,0.00013325699910637923,0.17249393463134766,True
3946,437,1.0280270893120063,0.0001326650017290376,0.17247867584228516,True
3947,308,2.412417850824711,0.00013770100122201256,0.17243289947509766,True
3948,350,2.6977904033705187,0.0001329080005234573,0.17252445220947266,True
3949,405,2.8610612160922466,0.00012982699990971014,0.17244815826416016,True
3950,382,3.1343103989854404,0.00012802199853467755,0.17246341705322266,True
3951,399,1.466316165217933,0.00012565799988806248,0.1723947525024414,True
3952,399,2.5425858105206594,0.00013390999811235815,0.17253971099853516,True
3953,350,1.5680927102079258,0.00012973199773114175,0.17241764068603516,True
3954,308,1.2100310715507645,0.00013389000014285557,0.1725015640258789,True
3955,399,1.3166840699169846,0.00013149900041753426,0.17247867584228516,True
3956,329,1.5218841484895353,0.0001292749984713737,0.1724405288696289,True
3957,416,2.435947505574086,0.00013295899771037512,0.17252445220947266,True
3958,424,1.4643221936777817,0.00012729599984595552,0.1724252700805664,True
3959,399,1.273725591549194,0.00013016299999435432,0.17249393463134766,True
3960,329,1.7296593704176617,0.0001278060008189641,0.17243289947509766,True
3961,423,2.1648640531959535,0.0001308129976678174,0.1724863052368164,True
3962,437,1.4162096429428055,0.0001302029995713383,0.1724710464477539,True
3963,423,1.875824932063104,0.00012514699847088195,0.17238712310791016,True
3964,423,1.2796561855745059,0.00012942800094606355,0.1724405288696289,True
3965,308,2.0403200061005324,0.0001520469995739404,0.1724405288696289,True
3966,371,2.6606607167364276,0.00014171300063026138,0.1724557876586914,True
3967,303,3.7829225154226895,0.00015428199913003482,0.17246341705322266,False
3968,416,2.584635892266761,0.000158275001012953,0.17252445220947266,True
3969,371,2.2915747465600655,0.00012909100041724741,0.1724405288696289,True
3970,433,2.0917224661977487,0.0001303390017710626,0.1724863052368164,True
3971,313,1.2263460749684278,0.00014796700270380825,0.17247867584228516,True
3972,400,2.31757289580012,0.00012951999815413728,0.1724252700805664,True
3973,313,1.6136206716567207,0.00013164700067136437,0.1724710464477539,True
3974,399,2.0219584605780674,0.00012995699944440275,0.17246341705322266,True
3975,382,3.342023002400766,0.0001296720001846552,0.17246341705322266,True
3976,416,2.5167428613922267,0.0001758700018399395,0.17257022857666016,True
3977,437,0.9521342688328048,0.0001369239980704151,0.1724100112915039,True
3978,393,2.1916665372649997,0.00015012499716249295,0.1724557876586914,True
3979,437,1.925896364916215,0.0001310660009039566,0.1724710464477539,True
3980,382,1.2761123750411143,0.00015596600132994354,0.17244815826416016,True
3981,423,1.452351012647236,0.00014567600010195747,0.17249393463134766,True
3982,308,2.085488381023025,0.00013775700062979013,0.17246341705322266,True
3983,399,1.7285922432094456,0.00013108299754094332,0.17247867584228516,True
3984,382,2.7902688457911418,0.0001428360010322649,0.1725625991821289,True
3985,394,1.7061196569391865,0.000138110997795593,0.1724252700805664,True
3986,303,1.143777627905921,0.00012814500223612413,0.1724405288696289,True
3987,371,2.9232620124226667,0.00014901200120220892,0.1725320816040039,True
3988,405,1.7776863610096754,0.00012667800183407962,0.17240238189697266,True
3989,405,2.1506177329212157,0.00013247099923319183,0.1725015640258789,True
3990,371,2.2120285620640496,0.00013227299859863706,0.1725168228149414,True
3991,416,1.672785143755098,0.00012797199815395288,0.1724405288696289,True
3992,497,3.328433779422916,0.00014389400166692212,0.17240238189697266,True
3993,342,10.753614510222153,0.000136271002702415,0.17253971099853516,False
3994,437,1.7063461214314912,0.00013408199811237864,0.1724252700805664,True
3995,430,2.032969675889827,0.00015264800094882958,0.17250919342041016,True
3996,430,1.7658729689713115,0.00014059800014365464,0.17247867584228516,True
3997,399,1.9970555718657514,0.00012933699690620415,0.1724100112915039,True
3998,393,3.4191303371064956,0.0001380460016662255,0.17252445220947266,False
3999,424,2.800913532223681,0.00015320100283133797,0.17246341705322266,True
4000,400,2.8965740485786116,0.00013820900130667724,0.17249393463134766,True
4001,329,1.748993341815737,0.00013689800107385963,0.1724252700805664,True
4002,437,1.4701077331643546,0.00013443300122162327,0.1724710464477539,True
4003,437,0.6297358628060035,0.00012738900113618,0.1723947525024414,True
4004,303,2.8043350717349593,0.00013543800014303997,0.1724405288696289,True
4005,303,1.24573427263883,0.00012606200107256882,0.1723794937133789,True
4006,382,2.181865553896907,0.00012931699893670157,0.1724710464477539,True
4007,416,2.260833603878805,0.0001340849994448945,0.17253971099853516,True
4008,393,4.160549417283765,0.00012859300113632344,0.17244815826416016,False
4009,399,2.2516023764828166,0.0001414459984516725,0.1724557876586914,True
4010,329,2.9737177986162306,0.00013086599938105792,0.17235660552978516,True
4011,433,5.489386532741942,0.0003110999969067052,0.1725015640258789,True
4012,313,1.4241351308037165,0.0001439160005247686,0.17250919342041016,True
4013,405,5.19620902852445,0.0001381130023219157,0.1725168228149414,True
4014,399,1.4430926684910828,0.00012760100071318448,0.17241764068603516,True
4015,313,1.5602036672188764,0.0001291370026592631,0.1724252700805664,True
4016,347,1.2000408855145146,0.00013310800204635598,0.1724863052368164,True
4017,399,2.755552321069046,0.00013043700164416805,0.1724100112915039,True
4018,399,2.25910277137605,0.00013551200026995502,0.1725320816040039,True
4019,371,2.302543375322391,0.00013582199972006492,0.1725320816040039,True
4020,399,1.7479337246696913,0.00012810300177079625,0.17243289947509766,True
4021,430,1.4746523458758363,0.00013673699868377298,0.17240238189697266,True
4022,313,0.9921920162215567,0.000138944000354968,0.1724405288696289,True
4023,416,1.5213996983123557,0.0001297349990636576,0.17247867584228516,True
4024,303,1.8003375783685203,0.00013462499919114634,0.17250919342041016,True
4025,308,2.035100824682483,0.00013045500236330554,0.1724710464477539,True
4026,393,5.935897814762136,0.00012689200229942799,0.17241764068603516,True
4027,461,13.124741775599674,0.00012937200153828599,0.17246341705322266,False
4028,416,1.08393183901708,0.0001381719994242303,0.1725473403930664,True
4029,382,1.553366250742186,0.0001331349994870834,0.17250919342041016,True
4030,308,1.4137561204431563,0.0001360380010737572,0.1725320816040039,True
4031,342,3.433127983569253,0.00013517600018531084,0.17252445220947266,True
4032,475,3.237331984594686,0.0001364839990856126,0.1725625991821289,False
4033,342,2.5499802682368045,0.00015421799980686046,0.1724557876586914,True
4034,342,1.477815803277997,0.00013029700130573474,0.1724557876586914,True
4035,296,2.402596349402338,0.00012991199764655903,0.1724100112915039,True
4036,370,1.188640971142139,0.00012524799967650324,0.1723642349243164,True
4037,468,4.5615497596290995,0.000148974999319762,0.17258548736572266,True
4038,296,2.0911699457483905,0.00012861200229963288,0.1724100112915039,True
4039,342,3.2655069684822324,0.00015199299741652794,0.17237186431884766,True
4040,296,2.716958996898601,0.0001270339998882264,0.1723947525024414,True
4041,318,5.281887578916815,0.00012930699813296087,0.17246341705322266,False
4042,342,3.536916119023582,0.0001259359996765852,0.17237186431884766,True
4043,370,0.6881615954665332,0.00013127800048096105,0.17235660552978516,True
4044,370,1.050978289114651,0.0001420090011379216,0.1723794937133789,True
4045,342,2.113165739595977,0.00013270799900055863,0.1723947525024414,True
4046,475,5.665373796222193,0.00013607599976239726,0.1725473403930664,True
4047,370,1.5793613232765205,0.00012717499703285284,0.1723489761352539,True
4048,342,4.366970472306627,0.00014348799959407188,0.1723642349243164,True
4049,342,2.741492594151441,0.00012760400204570033,0.17237186431884766,True
4050,380,5.469288732428635,0.00014618000204791315,0.17253971099853516,False
4051,342,2.400633197544939,0.0001323079995927401,0.17234134674072266,True
4052,296,0.5529586064018878,0.00013340100122150034,0.1724710464477539,True
4053,370,1.1792683207863868,0.00020147300165263005,0.1722879409790039,True
4054,342,1.801007800473328,0.00027056199905928224,0.17235660552978516,True
4055,296,1.3847032203411072,0.00013107499762554653,0.1724710464477539,True
4056,296,0.6012115276320359,0.0001326950005022809,0.1724100112915039,True
4057,342,1.3571629638254388,0.00014946800001780502,0.1723489761352539,True
4058,370,0.8294821698197516,0.0003008980020240415,0.1723337173461914,True
4059,342,3.3518255813321116,0.00012992999836569652,0.17244815826416016,True
4060,370,0.9966461078389655,0.00013210699762566946,0.1723489761352539,True
4061,296,1.5218436958676516,0.0001337810026598163,0.17247867584228516,True
4062,468,4.421367365891584,0.0001407390009262599,0.17253971099853516,True
4063,454,0.44903213956642907,0.00012828500257455744,0.17234134674072266,True
4064,296,1.0851594624947944,0.0001322130010521505,0.17244815826416016,True
4065,296,1.1390970526531812,0.0001444529989385046,0.1724710464477539,True
4066,370,1.1860613558226756,0.00014097100211074576,0.1724252700805664,True
4067,296,0.5339406062370535,0.0001265400023839902,0.17238712310791016,True
4068,342,2.378554004899928,0.0001228300025104545,0.17234134674072266,True
4069,380,0.6516762050927056,0.00013077100084046833,0.1724710464477539,True
4070,342,1.6102594302146978,0.00012517899813246913,0.1723794937133789,True
4071,468,4.454321705458316,0.00013524699897971004,0.17255496978759766,True
4072,423,2.7539275744133977,0.0001308920000155922,0.1724710464477539,True
4073,454,11.019779033205687,0.00012883199815405533,0.17238712310791016,True
4074,296,2.1489425800808735,0.0001366479991702363,0.1724405288696289,True
4075,342,4.493250793351253,0.0001391260011587292,0.1725625991821289,True
4076,380,1.4056280758157835,0.00013430300168693066,0.1724557876586914,True
4077,342,1.095365293291783,0.00012747499931720085,0.17241764068603516,True
4078,342,5.111076858774996,0.00013714700253331102,0.1724557876586914,True
4079,342,3.3050711306787353,0.00012407699978211895,0.17235660552978516,True
4080,435,26.970855194026957,0.00013588799993158318,0.1725931167602539,True
4081,435,9.0625484796786,0.0001370860009046737,0.1725320816040039,True
4082,423,2.7228182336749485,0.00013356100316741504,0.1725320816040039,True
4083,454,1.4085831702906209,0.00013163300172891468,0.1725015640258789,True
4084,342,7.2973745213366445,0.00013372800094657578,0.17228031158447266,True
4085,342,4.005166501184432,0.0001318789982178714,0.1724100112915039,True
4086,423,3.7894876121908414,0.0001373979976051487,0.17252445220947266,True
4087,342,3.7051518853089296,0.00012986599904252216,0.17238712310791016,True
4088,423,4.009510459552118,0.0001418530009686947,0.1724710464477539,True
4089,454,1.2294991723821604,0.0001460329986002762,0.17244815826416016,True
4090,342,1.7611410837184631,0.00013548999777412973,0.1725015640258789,True
4091,475,5.2412246501526,0.00014304200158221647,0.1725625991821289,True
4092,296,2.9759882232469734,0.0001366200012853369,0.1725320816040039,True
4093,454,1.3924371362903576,0.0001282820012420416,0.1724405288696289,True
4094,380,1.8704560329235533,0.0001374669991491828,0.1725778579711914,True
4095,454,0.8935703214453938,0.00012872500155935995,0.1724557876586914,True
4096,342,1.9019384427840549,0.00012416999743436463,0.17234134674072266,True
4097,296,1.2024034141361635,0.00012518700168584473,0.1723337173461914,True
4098,475,7.049629737089847,0.00013342600141186267,0.17253971099853516,True
4099,370,5.589495467361427,0.00013575499906437472,0.1723947525024414,True
4100,342,1.9893834475925984,0.00013544600005843677,0.17253971099853516,True
4101,454,1.404098272184135,0.00012929500007885508,0.1724863052368164,True
4102,342,9.998542842620667,0.00025984400053857826,0.1724100112915039,True
4103,296,1.564463294192374,0.00017117199968197383,0.1724710464477539,True
4104,342,6.522683166302677,0.00012777099982486106,0.1724100112915039,True
4105,296,2.2518021992564163,0.00012648000119952485,0.1724100112915039,True
4106,296,2.041250475220475,0.00012917899948661216,0.17241764068603516,True
4107,342,6.152476912401268,0.00012324099952820688,0.1723642349243164,True
4108,169,3.2034405520781797,0.00013479900007951073,0.1724252700805664,False
4109,296,1.1955456867574696,0.00012519200026872568,0.1723337173461914,True
4110,454,1.8111978534551985,0.0001310340012423694,0.1724710464477539,True
4111,342,3.7398034585281876,0.0001247850013896823,0.1723642349243164,True
4112,342,5.6497926372561835,0.00012864400196122006,0.17241764068603516,True
4113,380,9.050620646791529,0.00012233099914737977,0.17234134674072266,False
4114,342,1.9829849527972097,0.00012962899927515537,0.1724405288696289,True
4115,423,2.037419368528442,0.00013753500024904497,0.17246341705322266,True
4116,342,4.519394001335135,0.00012960599997313693,0.1723642349243164,True
4117,423,3.049790092757604,0.00016754700118326582,0.1725320816040039,True
4118,454,1.4396338009925957,0.00014013799955137074,0.1724252700805664,True
4119,342,1.8999333042540707,0.00013204200149630196,0.1724710464477539,True
4120,342,1.4584479493767915,0.00013194399798521772,0.17238712310791016,True
4121,468,3.4359833238485704,0.00013106700134812854,0.17240238189697266,True
4122,342,1.6558214450669,0.00019297399921924807,0.17246341705322266,True
4123,468,3.5954564490369747,0.00013101999866194092,0.17246341705322266,True
4124,296,1.6390945034748938,0.00014114499936113134,0.1724710464477539,True
4125,380,3.39846324686863,0.00013385100101004355,0.17247867584228516,True
4126,342,1.9604799907189918,0.0001274820024264045,0.1723794937133789,True
4127,296,1.938281563246665,0.00013328199929674156,0.17250919342041016,True
4128,296,2.731488714007303,0.00013242400018498302,0.17246341705322266,True
4129,296,1.5001585462124027,0.0001474210002925247,0.17243289947509766,True
4130,342,0.8287752220938975,0.00013349599976208992,0.17237186431884766,True
4131,342,2.9751584268398372,0.00012834399967687204,0.1724710464477539,True
4132,468,3.4820720212426983,0.00013763199967797846,0.1725473403930664,True
4133,468,2.4373121134373,0.00015487400014535524,0.1725320816040039,True
4134,380,1.1214408762973216,0.00012525800048024394,0.1723794937133789,True
4135,380,1.2310311499959399,0.00012986199726583436,0.17244815826416016,True
4136,342,3.414565495643833,0.00014080500113777816,0.1724100112915039,True
4137,342,2.973939899117688,0.00012800799959222786,0.1724405288696289,True
4138,468,2.121310782442264,0.00013345600018510595,0.1725625991821289,True
4139,468,2.1804385570164673,0.0001319130024057813,0.17249393463134766,True
4140,342,4.071267589266846,0.00012726899876724929,0.1724252700805664,True
4141,342,2.9136700360623102,0.00013068499902146868,0.1724252700805664,True
4142,342,2.3633327760475704,0.00012829999832320027,0.17246341705322266,True
4143,380,1.9017174306519862,0.00014360899876919575,0.17244815826416016,True
4144,342,2.5324414969230533,0.0001399590000801254,0.1723947525024414,True
4145,296,1.2547405255842343,0.00012503099787863903,0.17237186431884766,True
4146,475,3.025776349290967,0.00014048700177227147,0.1725168228149414,True
4147,468,3.4820806774623225,0.00013320700236363336,0.17250919342041016,True
4148,342,2.1527059219919193,0.0001325109988101758,0.1723794937133789,True
4149,342,2.7212189891685186,0.00013257200043881312,0.17238712310791016,True
4150,318,4.736097177510953,0.00014397599807125516,0.17255496978759766,True
4151,344,18.263044159600355,0.00013015100194024853,0.1723642349243164,True
4152,474,3.6876062214323966,0.0001302800010307692,0.17249393463134766,True
4153,342,1.7625531231794294,0.00013257300088298507,0.1724100112915039,True
4154,293,3.4319561749273975,0.00013559400031226687,0.1725625991821289,True
4155,342,3.479300870051235,0.00012830000196117908,0.17243289947509766,True
4156,296,1.8501545754877193,0.00013367699648370035,0.1724557876586914,True
4157,342,7.764325474598825,0.00014210500012268312,0.1725625991821289,True
4158,296,1.68859850019949,0.00016115300240926445,0.1724405288696289,True
4159,342,2.1085614061397813,0.00012899699868285097,0.17232608795166016,True
4160,342,1.8479415872293135,0.00012997099838685244,0.1723184585571289,True
4161,468,2.0795461303413045,0.00015513600010308437,0.1725015640258789,True
4162,296,1.4609803084129933,0.0001583520024723839,0.1725625991821289,True
4163,468,4.271136639584268,0.00013972099986858666,0.17250919342041016,True
4164,296,1.712464941649778,0.00016092800069600344,0.17247867584228516,True
4165,342,3.5943358936380982,0.0001468010013923049,0.1723947525024414,True
4166,423,3.0330081422806394,0.00013836200014338829,0.1724710464477539,True
4167,296,0.9076690468915423,0.0002595650003058836,0.17252445220947266,True
4168,293,2.938748233672621,0.000157401998876594,0.1725015640258789,True
4169,370,3.30824975817091,0.00013503900117939338,0.17234134674072266,False
4170,475,3.7588730992780888,0.0001556550014356617,0.17258548736572266,True
4171,370,1.377283743307921,0.00013317200136953034,0.1723642349243164,True
4172,296,2.0508596049989087,0.00013212100020609796,0.1724557876586914,True
4173,342,4.1407076604368385,0.00013863300046068616,0.1724863052368164,False
4174,296,1.994663706476135,0.00013910199777456,0.1725015640258789,True
4175,296,2.6071159316623858,0.00013743900126428343,0.17247867584228516,True
4176,370,0.7737919233063005,0.00013931200010119937,0.17238712310791016,True
4177,342,2.384921298169402,0.00012773400158039294,0.17237186431884766,True
4178,293,3.019038077395462,0.00012925400005769916,0.1724252700805664,True
4179,370,0.44112270292926137,0.0001246190004167147,0.17231082916259766,True
4180,296,6.18718451787387,0.0001346770004602149,0.1724863052368164,True
4181,370,1.1532087786280985,0.00012706099732895382,0.17237186431884766,True
4182,342,1.1455320020307613,0.00013100300202495418,0.1723642349243164,True
4183,296,1.9602352240840184,0.00012923100075568072,0.17238712310791016,True
4184,296,1.1882400582356156,0.00014105000082054175,0.1723794937133789,True
4185,342,3.482275796118847,0.00013822099936078303,0.17240238189697266,True
4186,370,3.0637439124373245,0.00012855100067099556,0.17238712310791016,True
4187,468,4.684476781764191,0.00014303599891718477,0.1725168228149414,True
4188,342,0.8864388164860869,0.00012667900227825157,0.1723337173461914,True
4189,370,2.7644602474562237,0.0001306449994444847,0.17234134674072266,True
4190,342,2.1598131278205766,0.00012931099990964867,0.17244815826416016,True
4191,486,2.230117334081654,0.00013536199912778102,0.17253971099853516,False
4192,423,2.7395257934017434,0.00013538699931814335,0.1725473403930664,True
4193,493,2.749745302379941,0.00014161100261844695,0.1724100112915039,True
4194,350,3.2368308303569973,0.00013532600132748485,0.17247867584228516,True
4195,293,1.3543767858187994,0.00014778900003875606,0.1725473403930664,True
4196,497,1.7459002214541446,0.0001332360006927047,0.1724710464477539,True
4197,399,1.5173851450455684,0.00012982299813302234,0.17243289947509766,True
4198,382,2.340639538674054,0.0001302759992540814,0.17244815826416016,True
4199,313,1.0745282217990888,0.0001458669976273086,0.1724863052368164,True
4200,313,1.4933927554561521,0.00013020999904256314,0.1724557876586914,True
4201,437,4.367782517905,0.00013408000086201355,0.17252445220947266,True
4202,399,2.0907463012901637,0.0001343969997833483,0.17247867584228516,True
4203,399,1.4961988662814332,0.00013986500198370777,0.17238712310791016,True
4204,399,2.035493373813858,0.0001346970020676963,0.1724405288696289,True
4205,399,2.1444395756994843,0.00013975599722471088,0.17241764068603516,True
4206,313,1.5597763255979222,0.00013980800213175826,0.1724252700805664,True
4207,416,1.8654890121255,0.00013238499741419218,0.1725168228149414,True
4208,382,3.3938684159676664,0.00013383099940256216,0.1725015640258789,True
4209,497,1.5712063802296314,0.00013280900020617992,0.17246341705322266,True
4210,399,2.5961229800107253,0.0001360729984298814,0.1724557876586914,True
4211,437,1.6162549506669783,0.00013448799654725008,0.1724252700805664,True
4212,437,1.2694935555582427,0.00013635600043926388,0.17247867584228516,True
4213,394,1.234984612291731,0.00013544499961426482,0.17246341705322266,True
4214,313,1.9142075171974076,0.00014504000137094408,0.1725015640258789,True
4215,399,1.7746656513078585,0.00013246999878901988,0.1723947525024414,True
4216,293,8.966412488342156,0.00014388300041900948,0.17263126373291016,True
4217,318,7.750676459153116,0.00014837199705652893,0.17249393463134766,False
4218,342,9.364490621610134,0.00013701399802812375,0.1725168228149414,False
4219,399,1.0747984823300525,0.0001272469999094028,0.1724252700805664,True
4220,399,1.2027833046217982,0.00013284600208862685,0.1724252700805664,True
4221,399,2.450501573977373,0.00013814500198350288,0.1725168228149414,True
4222,399,1.5762930427864499,0.00013405199933913536,0.17243289947509766,True
4223,382,1.2783897334371426,0.00018423100118525326,0.17246341705322266,True
4224,399,1.1430277281308072,0.00012781599798472598,0.17241764068603516,True
4225,313,1.1872599043406995,0.00013375600246945396,0.1723947525024414,True
4226,350,2.923071264558924,0.00016596899877185933,0.17252445220947266,True
4227,433,7.833577791604373,0.00015192199862212874,0.17252445220947266,True
4228,350,1.6519901876765395,0.00013130499792168848,0.17241764068603516,True
4229,399,1.7835074270118185,0.0001470809984311927,0.1724863052368164,True
4230,313,1.9233260527655152,0.00012943399997311644,0.1724100112915039,True
4231,133,2.030029710168558,0.000139059000503039,0.1725473403930664,False
4232,430,1.6411494358197976,0.00013409999883151613,0.17247867584228516,True
4233,399,1.3643862111766116,0.00012842399883084,0.1724100112915039,True
4234,313,1.2823343469442123,0.00012788000094587915,0.1724252700805664,True
4235,308,2.62839013294818,0.00013789700096822344,0.1725015640258789,True
4236,382,2.116405319588554,0.00013415100329439156,0.1725625991821289,True
4237,382,2.54263708524411,0.0001368649973301217,0.1724557876586914,True
4238,405,2.924224375521364,0.0003078240006288979,0.17247867584228516,True
4239,303,0.8151498198631415,0.00013001100160181522,0.17241764068603516,True
4240,468,9.49064325776403,0.00013953400048194453,0.17260074615478516,False
4241,416,2.612876780879099,0.00012862799849244766,0.1724710464477539,True
4242,329,2.6269047278031445,0.00012959000014234334,0.17246341705322266,True
4243,497,6.6927523856130575,0.00013051399946562015,0.1724100112915039,True
4244,399,0.6180932441648503,0.00013503700029104948,0.1724405288696289,True
4245,416,2.0049099770640155,0.00013674999718205072,0.1724863052368164,True
4246,399,2.542891179773701,0.00015350499961641617,0.17247867584228516,True
4247,382,3.0565780880339153,0.000145542999234749,0.17252445220947266,True
4248,433,2.8611698563484373,0.0001264929996978026,0.1724405288696289,True
4249,350,1.2314992455205325,0.0001262580008187797,0.1723794937133789,True
4250,399,1.3039946834898442,0.00013865699656889774,0.17243289947509766,True
4251,497,1.7897624129118817,0.00013141700037522241,0.1725015640258789,True
4252,399,1.8887636214896226,0.00012728200090350583,0.17243289947509766,True
4253,313,1.1576786769994933,0.00013672400018549524,0.1723794937133789,True
4254,430,1.3908754685673084,0.00012667800183407962,0.17243289947509766,True
4255,313,1.2165950205442515,0.00012936100029037334,0.1724557876586914,True
4256,382,2.393965825851564,0.00013240999760455452,0.17252445220947266,True
4257,399,3.925940330461135,0.0001382629998261109,0.1725320816040039,True
4258,430,1.7547608299753428,0.00013169600060791709,0.17244815826416016,True
4259,308,2.005902476624911,0.00013195900100981817,0.1725015640258789,True
4260,308,2.7550399902294314,0.00013645499711856246,0.17249393463134766,True
4261,497,2.5698673517128188,0.00013053400107310154,0.17246341705322266,True
4262,308,2.968199546566694,0.00013135699919075705,0.1725015640258789,True
4263,371,2.8966216357638293,0.00012748299923259765,0.1724252700805664,True
4264,394,1.8719429639739347,0.00012504400001489557,0.17235660552978516,True
4265,371,2.0827006050056416,0.00012949700249009766,0.1724557876586914,True
4266,303,1.3461592838358498,0.00012754199997289106,0.17238712310791016,True
4267,468,2.3480671439153613,0.00013010900147492066,0.1724863052368164,True
4268,350,4.844441791217655,0.0001533679969725199,0.1725015640258789,True
4269,475,2.074538313531716,0.00013595999917015433,0.1725320816040039,True
4270,399,2.8369673200140206,0.00014970900156185962,0.1725168228149414,True
4271,399,2.0404655671802496,0.0001405689981766045,0.17250919342041016,True
4272,416,2.5725716895428943,0.0001405910006724298,0.17255496978759766,True
4273,371,1.9822693516977483,0.00012959000014234334,0.17244815826416016,True
4274,416,1.8530370038115174,0.00013500400018529035,0.1725778579711914,True
4275,303,1.2712683880134856,0.00013080999997328036,0.17238712310791016,True
4276,350,2.286643671327373,0.00013338699864107184,0.1724863052368164,True
4277,399,1.2386581855193373,0.00012908400094602257,0.17241764068603516,True
4278,329,2.2324959462301877,0.00013034000221523456,0.1724863052368164,True
4279,380,1.2606633310198363,0.00012620000052265823,0.17240238189697266,True
4280,318,4.688925308013871,0.0001401389999955427,0.1724710464477539,True
4281,454,1.290992890413551,0.00012960099775227718,0.17246341705322266,True
4282,454,1.7762608353918523,0.00013320099969860166,0.17244815826416016,True
4283,296,1.758359170215345,0.0001288169987674337,0.1724252700805664,True
4284,454,0.3457835416909743,0.00012396199963404797,0.1723642349243164,True
4285,342,1.7762536054204463,0.00016762700033723377,0.1723642349243164,True
4286,370,1.3713082477147918,0.0001252470028703101,0.1723642349243164,True
4287,454,1.2080410327915652,0.00014065700088394806,0.17240238189697266,True
4288,454,1.743281354264476,0.00012402400170685723,0.17234134674072266,True
4289,342,2.5494918189464943,0.00013353499889490195,0.1723337173461914,True
4290,342,1.3231565919334363,0.0001292669985559769,0.1724557876586914,True
4291,454,0.8199874803528728,0.00012973200136912055,0.17240238189697266,True
4292,342,1.865585567906692,0.00014354399900184944,0.17249393463134766,True
4293,454,0.8876105149815687,0.00012534900088212453,0.17237186431884766,True
4294,370,2.492665525550527,0.0001364009985991288,0.17241764068603516,True
4295,342,3.991376666462323,0.00012539800081867725,0.1723337173461914,True
4296,454,0.7326453385629096,0.00013265300003695302,0.1723794937133789,True
4297,342,1.985626885187002,0.00012359700122033246,0.17231082916259766,True
4298,342,1.3802252835611486,0.00012685100227827206,0.17237186431884766,True
4299,475,3.8415977767601897,0.00013865500295651145,0.1724863052368164,False
4300,296,1.2504622820648255,0.0002498159992683213,0.17238712310791016,True
4301,296,1.3396449377480788,0.00012603000141098164,0.1723489761352539,True
4302,454,1.2258398606617382,0.00013126400153851137,0.1723947525024414,True
4303,454,1.314400589642906,0.00013346399646252394,0.17246341705322266,True
4304,370,2.336077238833157,0.0001307219972659368,0.17244815826416016,True
4305,454,0.9558151495592374,0.00016788300126791,0.1724252700805664,True
4306,454,2.2947066256828093,0.00013521599976229481,0.1724252700805664,True
4307,380,1.4388041142429198,0.00013949799904366955,0.1724863052368164,True
4308,454,1.0198655637286789,0.00013399899762589484,0.17243289947509766,True
4309,475,2.9971198381099393,0.00013576000128523447,0.1724710464477539,False
4310,370,1.8039681047834637,0.00013330799993127584,0.17238712310791016,True
4311,342,5.237675848835869,0.0001327499994658865,0.17237186431884766,True
4312,342,2.256237870628723,0.00013768699864158407,0.1725015640258789,True
4313,342,1.8097943975422521,0.00013263199798529968,0.17237186431884766,True
4314,342,3.6822665804796206,0.00013125600162311457,0.1724252700805664,True
4315,342,3.0290088723851634,0.00012428199988789856,0.17228031158447266,True
4316,474,4.529022617057229,0.0001333210020675324,0.17244815826416016,True
4317,454,1.1898103956723491,0.00013152899919077754,0.17237186431884766,True
4318,342,2.874900905313142,0.0001347799989162013,0.1724405288696289,True
4319,380,1.6586848844691433,0.00014126699898042716,0.1724252700805664,True
4320,342,3.5975120476413966,0.00013070799832348712,0.1724252700805664,True
4321,342,1.3855443156733962,0.00013176799984648824,0.17235660552978516,True
4322,342,5.3378369342877034,0.0001367799995932728,0.17235660552978516,True
4323,454,0.782047606360364,0.0001398780004819855,0.17241764068603516,True
4324,296,1.2602415248302676,0.00014911399921402335,0.17244815826416016,True
4325,342,1.8299220343907932,0.00013218000094639137,0.1724252700805664,True
4326,454,1.0550836411695435,0.00016713600052753463,0.1724710464477539,True
4327,475,5.730712668461098,0.00013544799730880186,0.1725168228149414,False
4328,393,35.06152742455668,0.00011824500325019471,0.17218875885009766,True
4329,342,1.8310619944247928,0.00013359200238483027,0.1724100112915039,True
4330,380,5.909135262511414,0.0001326650017290376,0.17246341705322266,False
4331,342,5.461058099679899,0.00013989499711897224,0.1723184585571289,True
4332,399,1.8516676258444327,0.00014696200014441274,0.17250919342041016,True
4333,394,1.7830537955577481,0.0001270159991690889,0.1724252700805664,True
4334,149,7.6463993086133915,0.00013164000120013952,0.1724252700805664,False
4335,356,149.99346710043747,0.00022219400125322863,0.1725320816040039,True
4336,297,17.556745087984787,0.00017323499923804775,0.1724863052368164,True
4337,499,21.81386726544087,0.00021003499932703562,0.17247867584228516,True
4338,33,32.12650961834266,0.00015588300084345974,0.1726083755493164,False
4339,145,113.66501469883498,0.00013844499699189328,0.17261600494384766,False
4340,499,4.575946833011762,0.00012649199925363064,0.17243289947509766,False
4341,430,1.295995479719469,0.00012574799984577112,0.17237186431884766,True
4342,393,2.756844999668029,0.00014032599938218482,0.17250919342041016,True
4343,493,1.906349683476769,0.000129332001961302,0.1724100112915039,True
4344,350,1.4808135537908007,0.0001391080004395917,0.1724710464477539,True
4345,350,2.392659063879212,0.00013342600141186267,0.1725320816040039,True
4346,350,2.020712158158636,0.00014031899991095997,0.1725168228149414,True
4347,342,3.430368463593441,0.0001263369995285757,0.1724252700805664,True
4348,293,1.3870090891004185,0.00014668400035589002,0.17253971099853516,True
4349,293,1.1596100898095876,0.00012970700117875822,0.17249393463134766,True
4350,293,2.3285608952440398,0.00013250199845060706,0.1725015640258789,True
4351,313,1.6802988582762917,0.00012832200081902556,0.1724405288696289,True
4352,468,2.3723906284276475,0.00013407399819698185,0.17249393463134766,True
4353,313,2.3824852866217876,0.00014553100118064322,0.17263126373291016,True
4354,293,2.08210371544428,0.00014479299716185778,0.1724863052368164,True
4355,308,2.5884991557980643,0.00014466400170931593,0.1725625991821289,True
4356,468,3.1354400944705505,0.00013420100003713742,0.1725778579711914,True
4357,297,20.40824556903324,0.00013217100058682263,0.1724710464477539,True
4358,245,5.136143952307748,0.00014384400128619745,0.17253971099853516,False
4359,374,2.8154342074841803,0.00013607400251203217,0.17255496978759766,True
4360,468,1.9658462507593502,0.00013409999883151613,0.17253971099853516,True
4361,158,7.218617515817286,0.00014903699775459245,0.1725778579711914,False
4362,293,1.485235953921427,0.00013294800010044128,0.17252445220947266,True
4363,486,3.4743488940926595,0.0001415149999957066,0.1726846694946289,False
4364,293,0.8214104311700117,0.00018026999896392226,0.17241764068603516,True
4365,468,1.382385918853029,0.00013061999925412238,0.17247867584228516,True
4366,486,21.447461749876613,0.0001355380009044893,0.17257022857666016,False
4367,313,2.4700573559083217,0.0001436889979231637,0.1725778579711914,True
4368,293,3.7902972722149992,0.0001412150013493374,0.1726236343383789,True
4369,293,2.494069276831104,0.00014400799773284234,0.17253971099853516,True
4370,468,1.3882424221075187,0.0001397969972458668,0.17250919342041016,True
4371,374,2.0236594334938753,0.0001339739974355325,0.17252445220947266,True
4372,293,1.179573584548895,0.00013260299965622835,0.1725015640258789,True
4373,374,2.073947928183313,0.00014319800175144337,0.17247867584228516,True
4374,374,3.5039986674023584,0.00014105200170888565,0.17257022857666016,True
4375,374,0.8117191031555024,0.0001580259995535016,0.17255496978759766,True
4376,293,1.8638108804442362,0.00015402899953187443,0.1724863052368164,True
4377,293,2.059838829538315,0.00013797800056636333,0.1725168228149414,True
4378,399,3.151007090903474,0.00014541199925588444,0.1725473403930664,True
4379,293,1.169723589208964,0.0001357629989797715,0.1724252700805664,True
4380,293,1.7838256574845432,0.0001591889995324891,0.17249393463134766,True
4381,468,2.609909660808219,0.00014816099792369641,0.17252445220947266,True
4382,468,37.187774623324,0.0001411340017511975,0.1726694107055664,False
4383,268,29.656668448377477,0.00013511499855667353,0.17255496978759766,False
4384,145,124.24587485237012,0.00014148999980534427,0.1726999282836914,False
4385,293,1.2154032747689427,0.00013790899902232923,0.1725168228149414,True
4386,399,1.5987552891564278,0.00014597499830415472,0.17252445220947266,True
4387,313,1.9446664516965841,0.00013466599921230227,0.17249393463134766,True
4388,497,1.4674921933983511,0.00012710399823845364,0.17241764068603516,True
4389,293,0.8851930294178458,0.00012801800039596856,0.17243289947509766,True
4390,399,2.2612438871667635,0.00013215099897934124,0.17250919342041016,True
4391,475,3.614309957108097,0.00013336299889488146,0.1724710464477539,False
4392,399,1.8389456859081144,0.00013472999853547662,0.17252445220947266,True
4393,497,3.17257872825603,0.00012707800124189816,0.17240238189697266,True
4394,399,2.3589311326673412,0.00013194200073485263,0.17247867584228516,True
4395,497,3.071501321719205,0.00014412599921342917,0.17244815826416016,True
4396,293,1.7749703513237887,0.0001413809986843262,0.17250919342041016,True
4397,497,2.851462184738917,0.00012478400094551034,0.17237186431884766,True
4398,399,2.1796701588727783,0.00042256400047335774,0.17247867584228516,True
4399,497,2.125562385839802,0.0001270950015168637,0.17238712310791016,True
4400,430,1.8755129822047722,0.00013920199853600934,0.1724405288696289,True
4401,493,1.3479718850953222,0.00012859499838668853,0.17243289947509766,True
4402,350,2.100215474293291,0.00013587899957201444,0.17243289947509766,True
4403,437,3.0505518900270627,0.00014309099788079038,0.17250919342041016,True
4404,497,1.9028765751829142,0.00012884100215160288,0.17243289947509766,True
4405,493,1.6059365270170016,0.00014315099906525575,0.17243289947509766,True
4406,493,1.1666738570227502,0.0008521029994881246,0.17238712310791016,True
4407,313,1.0156364915876122,0.00031977099934010766,0.17244815826416016,True
4408,497,1.019441293516586,0.00012532899927464314,0.17234134674072266,True
4409,437,1.0043427135014096,0.00012567099838634022,0.17243289947509766,True
4410,497,0.991540423592708,0.00012743499974021688,0.17238712310791016,True
4411,399,1.1268284218456401,0.000140279000333976,0.1724863052368164,True
4412,380,4.4215407196733825,0.00013753000166616403,0.1724863052368164,True
4413,493,2.281369424986141,0.0001299599971389398,0.17244815826416016,True
4414,497,1.329496255020027,0.0001288130006287247,0.1724252700805664,True
4415,350,1.3853484256409316,0.0001270910033781547,0.17244815826416016,True
4416,497,0.9226919486480669,0.00012697100100922398,0.17240238189697266,True
4417,399,1.4283602835726685,0.00013215900253271684,0.17250919342041016,False
4418,497,2.618329594810866,0.00012817800234188326,0.17243289947509766,True
4419,430,1.4269304579574285,0.00013143799878889695,0.1724863052368164,True
4420,497,1.3228299926221654,0.0001344049996987451,0.17241764068603516,True
4421,497,1.8438736092885124,0.00012667600094573572,0.17240238189697266,True
4422,124,6.405317919645258,0.00013079099880997092,0.1725015640258789,False
4423,133,8.63041816157914,0.0001347600009466987,0.17260074615478516,False
4424,497,7.54510158053541,0.00014713999917148612,0.17266178131103516,True
4425,497,9.672873525799659,0.0001514610012236517,0.17266178131103516,True
4426,497,5.827193173129872,0.0001374280000163708,0.17261600494384766,True
4427,497,1.9086446602134224,0.00012735699783661403,0.17240238189697266,True
4428,497,0.8073426704764791,0.0001290300024265889,0.17241764068603516,True
4429,382,2.5476291713096444,0.00013240100088296458,0.17247867584228516,True
4430,497,1.2514415054813788,0.00012595700172823854,0.17238712310791016,True
4431,405,3.512475175616354,0.00013480499910656363,0.17257022857666016,True
4432,493,1.6952531002978373,0.00012520300151663832,0.1723794937133789,True
4433,437,1.9471406778102742,0.00013783500253339298,0.1724863052368164,True
4434,497,1.4817775894165082,0.00012380199768813327,0.17234134674072266,True
4435,497,4.07525135733427,0.0001350009988527745,0.17246341705322266,True
4436,497,1.5267474977181013,0.00012713800242636353,0.1723947525024414,True
4437,497,1.163717740559488,0.0001298989991482813,0.1724100112915039,True
4438,497,2.262458271012795,0.0001337569992756471,0.17237186431884766,True
4439,497,0.9745031436851218,0.0001273259986191988,0.1724100112915039,True
4440,497,1.4513818479756582,0.00012833599976147525,0.1724405288696289,True
4441,497,1.3027484401923153,0.0001354039995931089,0.1724405288696289,True
4442,497,1.7888594981663761,0.00012559099923237227,0.17235660552978516,True
4443,399,1.9327459246865208,0.0001356289976683911,0.1725015640258789,True
4444,150,12.030158452849527,0.00014837699927738868,0.1724100112915039,False
4445,329,2.454604821477489,0.00015311700190068223,0.17241764068603516,False
4446,437,1.208295328341839,0.0001264240017917473,0.1723794937133789,False
4447,497,2.302509587293982,0.0001352480030618608,0.1723947525024414,True
4448,307,4.685265324557643,0.00013388099978328682,0.1725473403930664,True
4449,497,11.503929846258092,0.00013535200196201913,0.1724710464477539,True
4450,322,0.928460429441665,0.00013442400086205453,0.1725168228149414,True
4451,297,17.48711666774655,0.00013365199993131682,0.1725473403930664,True
4452,416,2.9552456524183053,0.00016000799951143563,0.1724557876586914,True
4453,297,1.9086328297838544,0.00012720000086119398,0.17241764068603516,True
4454,293,1.504027597172495,0.00013607800065074116,0.17241764068603516,True
4455,486,1.2579076962077804,0.00013012099952902645,0.1724710464477539,False
4456,468,2.178315201846376,0.0001308920000155922,0.17247867584228516,True
4457,497,10.680620317125504,0.00013345199840841815,0.17253971099853516,True
4458,293,1.456637654906318,0.00013003400090383366,0.1724405288696289,True
4459,293,1.520878753796978,0.000129447002109373,0.1724557876586914,True
4460,382,3.0356209020648857,0.0001417579987901263,0.1725778579711914,True
4461,468,1.0348505662257041,0.00014823699893895537,0.1725320816040039,True
4462,468,2.727120387017414,0.00013914299779571593,0.1725015640258789,True
4463,293,1.4350605404807204,0.0001403479982400313,0.17244815826416016,True
4464,497,12.897159103610294,0.00015984199853846803,0.17255496978759766,True
4465,468,3.393662535693199,0.0001454880002711434,0.1726541519165039,True
4466,382,2.66888537785789,0.000149354000313906,0.17257022857666016,True
4467,293,2.927555790326966,0.00013294699965626933,0.1724405288696289,True
4468,350,1.6920882274663978,0.00013761199807049707,0.1724710464477539,True
4469,497,3.28286341861292,0.000129260999528924,0.17238712310791016,True
4470,399,1.6505023111508421,0.00013124500037520193,0.17244815826416016,True
4471,497,3.5911284382718525,0.0001280859978578519,0.1723794937133789,True
4472,399,1.554816124455997,0.00013070900240563788,0.1724252700805664,True
4473,497,2.4167419413534064,0.00012876400069217198,0.17235660552978516,True
4474,399,2.7025415418429186,0.00013724699965678155,0.17255496978759766,True
4475,497,5.366432953901383,0.000131927001348231,0.17249393463134766,True
4476,399,1.784533904398152,0.00013698900147574022,0.17253971099853516,True
4477,497,6.897534850522713,0.00012760100071318448,0.1724405288696289,True
4478,293,1.3731363549441185,0.0001329340011579916,0.17252445220947266,True
4479,297,1.6760876079856277,0.0001316519992542453,0.1724863052368164,True
4480,313,1.933413335326356,0.00013428900274448097,0.1724405288696289,True
4481,293,2.226928954207972,0.00015510099910898134,0.1726083755493164,True
4482,468,3.5380485928536083,0.00014068300151848234,0.17260074615478516,True
4483,382,3.175749659975735,0.00013674000001628883,0.1725015640258789,True
4484,497,3.1813396626090102,0.00014337800166686065,0.1725015640258789,True
4485,399,1.8513295830224246,0.00013585700071416795,0.1725015640258789,True
4486,497,2.405701389010928,0.00013311799921211787,0.17247867584228516,False
4487,430,1.8022922010571742,0.000129411000671098,0.17246341705322266,True
4488,497,3.4875274983838587,0.00013381700046011247,0.1725168228149414,False
4489,430,2.4058557982927553,0.0001333149994025007,0.1725168228149414,True
4490,399,2.027251019734127,0.0001343020012427587,0.1725015640258789,True
4491,497,3.526666455117028,0.00013310299982549623,0.17246341705322266,True
4492,399,2.088461449176536,0.00014140000348561443,0.1725778579711914,True
4493,493,0.9273091250728882,0.00012052599777234718,0.1723031997680664,False
4494,497,6.645095607324526,0.00012687699927482754,0.17243289947509766,False
4495,393,2.5228049607908924,0.00013472399950842373,0.17250919342041016,False
4496,497,2.7151506552392544,0.00012815700029022992,0.17246341705322266,False
4497,399,1.8279976794267723,0.00013000100079807453,0.1724863052368164,True
4498,399,1.4454041853452353,0.00015107299986993894,0.1724710464477539,True
4499,497,1.6967296079918612,0.00013198699889471754,0.17246341705322266,False
