Test Index,Train Index,Score,Computing Time (s),Space Usage (MB),Same Class
0,177,28.35205663838263,0.0001961250018212013,0.17208194732666016,True
1,183,7.993954490520654,0.00018879499839385971,0.1720743179321289,True
2,27,8.618995469616275,0.000192399002116872,0.17206668853759766,True
3,267,10.663496080750726,0.00019259299733676016,0.17205142974853516,True
4,230,12.459279492925825,0.00018718700084718876,0.1720743179321289,True
5,97,6.9884240432447005,0.00019684900325955823,0.17205142974853516,True
6,60,22.72776857969579,0.00018777999866870232,0.17206668853759766,True
7,263,7.935475399166335,0.0001964410002983641,0.1720590591430664,True
8,183,9.387532864230343,0.00019996799892396666,0.17206668853759766,True
9,234,12.46066060800411,0.0001834879985835869,0.17206668853759766,True
10,129,3.859269664375021,0.00018398800239083357,0.17205142974853516,True
11,26,11.972248664044852,0.0001959569999598898,0.1720743179321289,True
12,177,9.311873126333433,0.00018414299847790971,0.1720590591430664,True
13,263,6.29491736688516,0.0001966540003195405,0.17205142974853516,True
14,183,4.991181377153611,0.0001932179984578397,0.17205142974853516,True
15,238,10.72269996425771,0.00019513699953677133,0.17205142974853516,True
16,230,3.3082424348496686,0.0001932199993461836,0.17205142974853516,True
17,183,5.629566510038585,0.00019334500029799528,0.17205142974853516,True
18,270,4.808307778297259,0.00018260400247527286,0.17205142974853516,True
19,76,4.185061122403714,0.00019755199900828302,0.17205142974853516,True
20,183,2.1113449218115843,0.000183864998689387,0.17205142974853516,True
21,183,6.988489519375612,0.00018594900029711425,0.17205142974853516,True
22,230,4.440536678284118,0.00018706699847825803,0.17205142974853516,True
23,183,2.8855988532819086,0.0001926869990711566,0.17205142974853516,True
24,183,9.444447289345645,0.00020014400070067495,0.1720590591430664,True
25,77,28.346465760066987,0.0001844629987317603,0.17206668853759766,True
26,273,5.11971510934675,0.0001830260007409379,0.17205142974853516,True
27,150,42.0357999659063,0.0001876639980764594,0.1721048355102539,True
28,129,5.782036918647531,0.00018607700258144177,0.1720590591430664,True
29,230,1.803758930036753,0.00018707699928199872,0.17205142974853516,True
30,244,6.345814674436405,0.00018286699923919514,0.17205142974853516,True
31,230,5.615693118663795,0.00018239300334244035,0.17205142974853516,True
32,267,4.304574975103039,0.00018160499894293025,0.17205142974853516,True
33,17,12.286001633276914,0.00018880200150306337,0.17208194732666016,True
34,88,6.6217481803904805,0.00018888500198954716,0.17205142974853516,True
35,220,7.232502274978242,0.00020152600336587057,0.1720590591430664,True
36,234,3.3817115306421694,0.00018566899962024763,0.1720590591430664,True
37,234,3.915319643336539,0.0001907820005726535,0.17205142974853516,True
38,244,2.4147885287045705,0.00019189599697710946,0.17205142974853516,True
39,230,8.023244867393812,0.00019387499924050644,0.1720590591430664,True
40,77,14.875757173191321,0.00019397099822526798,0.17206668853759766,True
41,135,5.360065840534405,0.00018310499945073389,0.17205142974853516,True
42,17,8.010561108534793,0.00021109999943291768,0.17206668853759766,True
43,183,5.939676468725237,0.00019141099983244203,0.17205142974853516,True
44,165,6.7369638287801425,0.00019145800251862966,0.1720590591430664,True
45,135,5.36291191954681,0.00018315299894311465,0.17205142974853516,True
46,138,64.79073045547652,0.00019935500313295051,0.17220401763916016,True
47,176,32.08909663304334,0.0001862680001067929,0.1720743179321289,True
48,273,6.293118570725682,0.00018630100021255203,0.1720590591430664,True
49,136,5.670964302520739,0.00020561400015139952,0.1720590591430664,True
50,230,2.4122663844920993,0.00018763000116450712,0.17205142974853516,True
51,220,4.1777654801957445,0.00018524799816077575,0.1720590591430664,True
52,244,6.319999710676179,0.00018267099949298427,0.1720590591430664,True
53,230,4.129514034330776,0.00018328000078327022,0.17205142974853516,True
54,234,6.2935061062339415,0.00018436400205246173,0.17205142974853516,True
55,159,9.560961363410028,0.00018528999862610362,0.17206668853759766,True
56,143,5.624180956895479,0.0001825199979066383,0.17205142974853516,True
57,220,4.388722353046174,0.0001857979987107683,0.17205142974853516,True
58,183,5.069869831220645,0.00018658299813978374,0.17205142974853516,True
59,149,10.048438293603224,0.00020149400006630458,0.1720590591430664,True
60,143,3.6178243956560405,0.00019512599828885868,0.17205142974853516,True
61,17,2.478306057721034,0.00018773600095300935,0.1721353530883789,True
62,88,10.749748257716554,0.00020043199765495956,0.1720590591430664,True
63,230,3.3110600790917855,0.0001897610018204432,0.17205142974853516,True
64,149,5.814609917958932,0.000192707000678638,0.1720590591430664,True
65,237,8.745641066780724,0.00018612900021253154,0.1720590591430664,True
66,138,31.69909285590686,0.00019717100076377392,0.17211246490478516,True
67,143,6.365518378202546,0.00020186899928376079,0.17205142974853516,True
68,88,13.724484394348414,0.00021122500038472936,0.1720590591430664,True
69,183,4.693628367059673,0.00018713399913394824,0.17205142974853516,True
70,27,7.668808923865687,0.00019084000086877495,0.1720743179321289,True
71,97,7.400007360783128,0.0001968990000023041,0.17205142974853516,True
72,238,11.82867974931785,0.0001866689999587834,0.1720590591430664,True
73,273,9.00660542391769,0.00019545399845810607,0.17205142974853516,True
74,183,10.82018605534898,0.00035240599754615687,0.1720590591430664,True
75,238,5.058268452566857,0.00019170100131304935,0.17205142974853516,True
76,112,6.988851149643103,0.0001987569994525984,0.1720590591430664,True
77,234,5.187845331710793,0.00020073899941053241,0.1720590591430664,True
78,183,6.3659615225163675,0.00019286200040369295,0.17205142974853516,True
79,128,11.594571619945347,0.00018584300050861202,0.1720590591430664,True
80,82,6.359888664570482,0.0001956570013135206,0.17205142974853516,True
81,230,4.815755007461158,0.00018219699995825067,0.17205142974853516,True
82,230,7.99846919369052,0.00019233299826737493,0.1720590591430664,True
83,135,8.690698214032475,0.00018659600027604029,0.1720590591430664,True
84,177,21.322840527693156,0.00020705499991890974,0.1720743179321289,True
85,220,8.556737772391383,0.00018460199862602167,0.1720590591430664,True
86,273,25.15794558010238,0.00019759100177907385,0.1720743179321289,True
87,26,16.433184161072667,0.00019566000264603645,0.17209720611572266,True
88,149,1.6121618151674155,0.00019352200251887552,0.17205142974853516,True
89,177,29.93091657098882,0.00019722700017155148,0.1721048355102539,True
90,206,10.662354862075759,0.00020343700089142658,0.17206668853759766,True
91,64,7.162776483494458,0.0001850260014180094,0.1720590591430664,True
92,246,2.309239366992625,0.00019073100338573568,0.17205142974853516,True
93,177,37.8040333840442,0.0002165119985875208,0.1721048355102539,True
94,230,3.757173016913979,0.0002228679986728821,0.17205142974853516,True
95,267,7.648122666692948,0.00018506699780118652,0.1720743179321289,True
96,17,9.613815025051334,0.00019241900008637458,0.17214298248291016,True
97,26,10.647886535642595,0.00019470199913484976,0.17208194732666016,True
98,263,10.107009549617695,0.00018264199752593413,0.17206668853759766,True
99,183,6.42761260883752,0.00018591499974718317,0.17206668853759766,True
100,88,8.192256097286796,0.0001995250022446271,0.17206668853759766,True
101,97,7.739537446123707,0.00018369999816059135,0.1720590591430664,True
102,230,3.371750624630385,0.00018443299995851703,0.17205142974853516,True
103,60,9.127709217125105,0.00018351499966229312,0.1720590591430664,True
104,230,9.120700662921317,0.00018317299691261724,0.1720590591430664,True
105,135,3.51049232316436,0.00018448799892212264,0.17205142974853516,True
106,237,9.58449074394277,0.0001957179993041791,0.1720590591430664,True
107,77,50.31269453755885,0.00019212600091123022,0.1721200942993164,True
108,60,11.693792135720415,0.00019841800167341717,0.1720590591430664,True
109,17,5.245503672264934,0.00018861499847844243,0.17214298248291016,True
110,76,9.761638933970108,0.00018554200141807087,0.1720743179321289,True
111,77,14.288900951253837,0.00018375299987383187,0.1720590591430664,True
112,244,6.287351851622657,0.00018482799714547582,0.1720590591430664,True
113,128,14.953098649150222,0.00018444300076225773,0.17206668853759766,True
114,77,10.403834694533996,0.0001943219976965338,0.1720590591430664,True
115,267,4.5645552389234805,0.00020918400332448073,0.17205142974853516,True
116,183,2.107505103471704,0.00018384599752607755,0.17205142974853516,True
117,183,3.01955573209919,0.000202622999495361,0.17205142974853516,True
118,135,2.663863312570114,0.00018261799777974375,0.17205142974853516,True
119,76,6.201727115717366,0.0001840760014601983,0.17205142974853516,True
120,57,5.669468275628755,0.00018623100186232477,0.17205142974853516,True
121,27,9.39241310780454,0.0001887340004032012,0.17208194732666016,True
122,183,9.202479976715882,0.00018416600141790695,0.1720590591430664,True
123,109,5.522534283595817,0.00019459900067886338,0.17205142974853516,True
124,88,4.275435425661739,0.00018289700165041722,0.17205142974853516,True
125,88,6.6330695820764305,0.00018608499885885976,0.1720590591430664,True
126,163,12.103275634448915,0.00020639300055336207,0.17206668853759766,True
127,177,12.478472475118167,0.00018551399989519268,0.1720590591430664,True
128,263,6.436675124539691,0.00018288700084667653,0.1720590591430664,True
129,237,6.971222624359776,0.00018227100008516572,0.1720590591430664,True
130,57,2.746626914522484,0.00021081199884065427,0.17205142974853516,True
131,135,7.143534008947207,0.00019844599955831654,0.17206668853759766,True
132,26,7.627648577150931,0.00019891199917765334,0.17208194732666016,True
133,263,7.464249677081707,0.00020474299890338443,0.1720590591430664,True
134,138,25.746815816952115,0.00020534499708446674,0.17209720611572266,True
135,138,112.27844193038376,0.00021173799905227497,0.17218875885009766,True
136,17,4.114881896077858,0.0002078120014630258,0.1721353530883789,True
137,183,4.316155408310158,0.0001862680001067929,0.17205142974853516,True
138,76,8.002324531387812,0.0001842560013756156,0.17206668853759766,True
139,135,5.114577030334683,0.00018401600027573295,0.17205142974853516,True
140,136,8.96915932166348,0.00018412999997963198,0.17206668853759766,True
141,64,8.364483223835625,0.0001979549997486174,0.17206668853759766,True
142,143,4.281805448924342,0.00018420400010654703,0.17205142974853516,True
143,112,7.306457106532681,0.0001850400003604591,0.1720590591430664,True
144,143,8.446623118907228,0.00019314400196890347,0.1720590591430664,True
145,57,3.571980771715652,0.00018320999879506417,0.17205142974853516,True
146,290,14.01470491531886,0.00018489099966245703,0.17205142974853516,True
147,215,8.016603184709869,0.00018397999883745797,0.1720590591430664,True
148,135,10.518084770665752,0.00018471900330041535,0.17206668853759766,True
149,129,10.377148114249293,0.0001962810019904282,0.17205142974853516,True
150,48,11.544433038260408,0.00018701299995882437,0.1720743179321289,True
151,78,14.980262482259228,0.0001861669989011716,0.17206668853759766,True
152,183,5.856754333833081,0.00018787199951475486,0.17205142974853516,True
153,273,16.413136805469424,0.00018482099767425098,0.17206668853759766,True
154,183,6.9477628416102455,0.00019864500063704327,0.1720590591430664,True
155,220,2.752329348287715,0.0001819079989218153,0.17205142974853516,True
156,273,7.602180989694329,0.0001944599971466232,0.1720590591430664,True
157,183,5.115989939377552,0.00019788299687206745,0.1720590591430664,True
158,270,6.4273909689473765,0.00018599999748403206,0.17205142974853516,True
159,82,9.431172609939775,0.0001940709989867173,0.1720590591430664,True
160,183,6.264298901491859,0.0001826230000006035,0.1720590591430664,True
161,48,11.229306152366329,0.00018090199955622666,0.1720590591430664,True
162,26,10.761730614402552,0.00019436799993854947,0.1720895767211914,True
163,17,12.895428436830292,0.00019848900046781637,0.17214298248291016,True
164,230,3.1486688748601233,0.0002019200001086574,0.17205142974853516,True
165,244,6.271875733991221,0.0001818149976315908,0.1720590591430664,True
166,77,20.714660496515744,0.0001886710015241988,0.1720743179321289,True
167,230,3.6847943127450016,0.00018328599981032312,0.17205142974853516,True
168,60,4.2085476395711385,0.00018595899746287614,0.17205142974853516,True
169,127,6.699559009508292,0.0001961290035978891,0.1720590591430664,True
170,128,13.973562504105773,0.00019917500321753323,0.1720743179321289,True
171,244,4.523427651619534,0.00019210099708288908,0.17205142974853516,True
172,135,1.095084831103496,0.00018568700033938512,0.17205142974853516,True
173,128,5.1496748487932065,0.0001973389989871066,0.1720590591430664,True
174,183,8.593606633482732,0.00018916699991677888,0.17206668853759766,True
175,234,5.320829589022015,0.0003471909985819366,0.17205142974853516,True
176,234,10.720752821020735,0.0002548810007283464,0.1720590591430664,True
177,234,15.923579374467712,0.00018960800298373215,0.1720743179321289,True
178,237,101.36244756168237,0.00018710100266616791,0.17209720611572266,True
179,174,13.497679131943347,0.00020815199968637899,0.1720590591430664,True
180,183,4.197267506574524,0.00018406199887976982,0.17205142974853516,True
181,135,3.9989550701419874,0.0001830889996199403,0.17205142974853516,True
182,112,12.425887549531685,0.00020848699932685122,0.1720743179321289,True
183,127,5.488001218360709,0.0001839459982875269,0.17205142974853516,True
184,109,4.714547550928642,0.00019029100076295435,0.17205142974853516,True
185,17,3.011834320904083,0.00019856900325976312,0.1721353530883789,True
186,237,4.331039501841724,0.00018663000082597136,0.17205142974853516,True
187,47,13.352110312050993,0.0002043249987764284,0.17206668853759766,True
188,143,4.8163805306135385,0.0002069649999612011,0.17205142974853516,True
189,267,4.320027323907973,0.0001830020009947475,0.17205142974853516,True
190,26,12.702114982642328,0.00018869399718823843,0.17209720611572266,True
191,220,6.764406673530745,0.00018730499868979678,0.1720590591430664,True
192,109,4.8899342477469485,0.00018813900169334374,0.17205142974853516,True
193,17,5.9468016135134745,0.00020877700080745853,0.17214298248291016,True
194,26,5.794892622594666,0.00021894099700148217,0.1720895767211914,True
195,177,9.340313856690138,0.0001844889993662946,0.17205142974853516,True
196,127,4.991681779393134,0.0001861750024545472,0.17205142974853516,True
197,82,3.1653436257934855,0.00019799200163106434,0.17205142974853516,True
198,273,3.670662421259091,0.0001819909994082991,0.17205142974853516,True
199,82,6.024773048200272,0.0001864219993876759,0.1720590591430664,True
200,112,9.492041834181569,0.00022659299793303944,0.17205142974853516,True
201,109,3.115772224699485,0.00019881099797203206,0.17205142974853516,True
202,230,9.964056559224897,0.0002770119972410612,0.1720590591430664,True
203,183,12.06512315355463,0.00019350799993844703,0.1720743179321289,True
204,55,19.604159010238284,0.00019573899771785364,0.17206668853759766,True
205,135,5.725280036079025,0.00019106499894405715,0.1720590591430664,True
206,280,7.960325547594142,0.00019484900258248672,0.17206668853759766,True
207,128,7.612186293120681,0.0001952759994310327,0.1720590591430664,True
208,82,3.5309510149582337,0.00018221099890070036,0.17205142974853516,True
209,290,17.831123215029216,0.00020279399905120954,0.17206668853759766,True
210,138,31.53612057539346,0.0001996549981413409,0.1721048355102539,True
211,230,3.6478743988540567,0.00018749100127024576,0.17205142974853516,True
212,143,7.119408700769712,0.0002327980000700336,0.17205142974853516,True
213,234,5.955978156526479,0.00018551299945102073,0.1720590591430664,True
214,243,12.529076702628004,0.00018846399689209647,0.1720590591430664,True
215,76,4.73050817298306,0.00018318599904887378,0.1720590591430664,True
216,230,4.564206459138698,0.00018575400099507533,0.17205142974853516,True
217,112,6.147989309274051,0.0001830789988161996,0.1720590591430664,True
218,234,5.071331197824654,0.0001999909982259851,0.17205142974853516,True
219,127,5.724441792046136,0.00019228400196880102,0.17205142974853516,True
220,276,6.73503722411603,0.00018110900055035017,0.1720590591430664,True
221,177,68.11285712750487,0.00020057700021425262,0.1721658706665039,True
222,183,60.641387013839534,0.00019915699886041693,0.17217350006103516,True
223,26,11.46481461921621,0.0001878910006780643,0.1720895767211914,True
224,57,2.5260119728690174,0.00019206599972676486,0.17205142974853516,True
225,48,13.680653387643623,0.00018451700088917278,0.1720743179321289,True
226,183,2.9602782724934853,0.00019222600167267956,0.17205142974853516,True
227,138,22.630693554134663,0.00018606199955684133,0.17208194732666016,True
228,263,7.635392830751718,0.00018870599888032302,0.1720590591430664,True
229,17,7.059690767576572,0.00018754800112219527,0.17214298248291016,True
230,82,6.353544770730743,0.00018695999824558385,0.1720590591430664,True
231,263,7.925462103651102,0.00018768899826682173,0.1720590591430664,True
232,243,6.996872985456438,0.00018765700224321336,0.1720590591430664,True
233,109,3.3175986181626635,0.00019279899788671173,0.17205142974853516,True
234,273,4.652417213933823,0.00018467599875293672,0.1720590591430664,True
235,183,3.73508988915514,0.00019655199866974726,0.17205142974853516,True
236,17,19.988945665966636,0.00019752799926209264,0.17215824127197266,True
237,27,4.608385553427554,0.00019452400010777637,0.17208194732666016,True
238,82,4.9117400081032825,0.00018841700148186646,0.17205142974853516,True
239,60,6.290594897574384,0.00019815099949482828,0.1720590591430664,True
240,263,17.289333318329298,0.0001829049979278352,0.1720590591430664,True
241,270,5.455597235622908,0.00018311999883735552,0.17205142974853516,True
242,129,7.778308373132946,0.000184776999958558,0.1720590591430664,True
243,244,5.414304717817171,0.00019488199905026704,0.1720590591430664,True
244,48,17.35082325390467,0.0002057069978036452,0.17206668853759766,True
245,76,6.384027896608736,0.00019727299877558835,0.1720590591430664,True
246,214,5.375928890324367,0.00018236100004287437,0.17205142974853516,True
247,230,3.86347873059722,0.00019528700067894533,0.1720590591430664,True
248,64,6.271383662401647,0.00018200600243289955,0.17205142974853516,True
249,230,2.622126432615658,0.00019011899712495506,0.17205142974853516,True
250,112,7.507670040342767,0.00018453099983162247,0.1720590591430664,True
251,214,3.0590062689409008,0.0001854859983723145,0.17205142974853516,True
252,165,17.810513503235953,0.00018531499881646596,0.1720590591430664,True
253,60,12.803086171445734,0.00019045600129175,0.1720590591430664,True
254,220,6.294541084880948,0.00019955000243498944,0.1720590591430664,True
255,138,15.83715158910038,0.00018682899826671928,0.1720743179321289,True
256,109,7.124277596475549,0.00019806899945251644,0.1720590591430664,True
257,27,19.98030253844667,0.0001878300026874058,0.17208194732666016,True
258,176,9.560562708620278,0.00018854000154533423,0.17206668853759766,True
259,129,11.52753086886669,0.00019116800103802234,0.17206668853759766,True
260,238,7.636130948265553,0.00018397399981040508,0.17205142974853516,True
261,135,4.406189566568086,0.0001882619981188327,0.1720590591430664,True
262,17,3.7541840119461494,0.00019065100059378892,0.1721353530883789,True
263,177,29.475413404022216,0.0002479479990142863,0.17208194732666016,True
264,244,4.44594025488144,0.00021028899936936796,0.1720590591430664,True
265,237,3.5976181160113496,0.00018367300071986392,0.17205142974853516,True
266,82,5.996328048077039,0.00018625499797053635,0.1720590591430664,True
267,135,4.97245073741413,0.0001810710018617101,0.1720590591430664,True
268,78,14.563761400312549,0.00019315999816171825,0.1720590591430664,True
269,127,53.248551713584924,0.00019741700089070946,0.1721200942993164,True
270,234,8.762929663181769,0.00018507300046621822,0.1720590591430664,True
271,234,6.235569123919291,0.0001866669990704395,0.17205142974853516,True
272,183,5.053393787395629,0.00019506799799273722,0.17205142974853516,True
273,76,8.062922206942442,0.00018650999845704064,0.1720590591430664,True
274,237,8.505170941454686,0.00020306099759181961,0.1720590591430664,True
275,17,3.2220526338335933,0.00018832500063581392,0.1721353530883789,True
276,206,6.317930138755467,0.00018616300076246262,0.17205142974853516,True
277,143,7.792308075587679,0.00018325000201002695,0.1720590591430664,True
278,183,4.991377885572081,0.00018349500169279054,0.17205142974853516,True
279,17,17.237167246514275,0.00019586400230764411,0.1721506118774414,True
280,230,6.500053937066782,0.00018824799917638302,0.17205142974853516,True
281,220,3.1180526935227397,0.00024428300093859434,0.1720590591430664,True
282,97,12.414325598496946,0.00026088500089826994,0.1720743179321289,True
283,77,15.826721728046659,0.00021090500013087876,0.17206668853759766,True
284,263,12.06532376193349,0.0001913250016514212,0.17209720611572266,True
285,129,4.2859474751584274,0.00022095700114732608,0.1720590591430664,True
286,263,7.440834643822878,0.0001855020018410869,0.17205142974853516,True
287,183,2.570516492303631,0.0001849289983510971,0.17205142974853516,True
288,55,25.4601258122856,0.00018303500110050663,0.17206668853759766,True
289,82,4.382578014922479,0.0001821730002120603,0.17205142974853516,True
290,17,3.192506471180289,0.00025916899903677404,0.17214298248291016,True
291,230,8.91583230904753,0.00035711999953491613,0.1720590591430664,True
292,143,5.337550582022302,0.00022151700250105932,0.17205142974853516,True
293,48,4.056660819174796,0.00021128799926373176,0.17205142974853516,True
294,244,4.034285975865311,0.00021033100347267464,0.17205142974853516,True
295,230,5.257885138773221,0.0002142710000043735,0.17205142974853516,True
296,220,5.500016054080323,0.00019635999706224538,0.1720590591430664,True
297,230,7.147616379059541,0.0001917670015245676,0.17205142974853516,True
298,97,5.396312239484406,0.0001989170013985131,0.17205142974853516,True
299,76,5.178063390654857,0.00018430400086799636,0.17205142974853516,True
300,183,9.176559233277441,0.00018135299978894182,0.1720590591430664,True
301,183,4.00298783087962,0.0001826350016926881,0.17205142974853516,True
302,138,34.54990664221055,0.00034042900006170385,0.1720895767211914,True
303,183,3.273918452647811,0.0001941579976119101,0.17205142974853516,True
304,280,8.762179994976465,0.00021555100101977587,0.17205142974853516,True
305,183,4.661295594643262,0.00019011900076293387,0.17205142974853516,True
306,246,55.762554387602144,0.0002033870005107019,0.17220401763916016,True
307,135,9.897235991599851,0.00018655099847819656,0.17205142974853516,True
308,82,3.2824619348006094,0.00019633499687188305,0.17205142974853516,True
309,26,8.067716692395122,0.00020186899928376079,0.1720895767211914,True
310,64,6.240785005200278,0.0001986659990507178,0.1720590591430664,True
311,273,9.554402731850333,0.00018810600158758461,0.1720590591430664,True
312,64,9.806419153742043,0.00018404599904897623,0.1720590591430664,True
313,176,5.709622748435804,0.0001865880003606435,0.17205142974853516,True
314,230,12.36354470891903,0.0001850100015872158,0.17205142974853516,True
315,206,9.316121592299204,0.0001961330017365981,0.1720590591430664,True
316,237,5.726417004624623,0.00019411999892327003,0.1720590591430664,True
317,183,5.577669479865736,0.00018392499987385236,0.1720590591430664,True
318,128,8.328252073623954,0.00018520600133342668,0.17206668853759766,True
319,246,4.959039101230615,0.0001822119993448723,0.17205142974853516,True
320,78,36.09702076479943,0.00018752899995888583,0.1720743179321289,True
321,17,16.399153396364962,0.00019521599824656732,0.1721506118774414,True
322,76,6.00844314680279,0.00018292599997948855,0.1720590591430664,True
323,234,5.858712201987483,0.00019187499856343493,0.17205142974853516,True
324,128,5.783630635508238,0.00019002200133400038,0.17205142974853516,True
325,244,2.6209159832277753,0.00019538299966370687,0.17205142974853516,True
326,76,5.006558502043013,0.00018756200006464496,0.17205142974853516,True
327,220,4.266587324044538,0.00018598699898575433,0.17205142974853516,True
328,17,9.87923490634849,0.00019237200103816576,0.1721353530883789,True
329,234,3.547535228351636,0.0002069449983537197,0.17205142974853516,True
330,183,5.121776753548148,0.0001898379996418953,0.17205142974853516,True
331,243,9.986439993643911,0.0001979609987756703,0.1720743179321289,True
332,238,3.054621845830627,0.00019037200036109425,0.17205142974853516,True
333,57,7.10050771018301,0.00019081400023424067,0.1720590591430664,True
334,234,5.214069732779792,0.0001818510027078446,0.17205142974853516,True
335,57,1.8693325442745146,0.00018860300042433664,0.17205142974853516,True
336,273,13.799171540780867,0.00019727299877558835,0.1720743179321289,True
337,174,4.554098423651431,0.000193855998077197,0.17205142974853516,True
338,230,6.44802737210123,0.00018343400006415322,0.1720590591430664,True
339,267,5.568512858509125,0.00019767200137721375,0.17205142974853516,True
340,136,4.342191727112329,0.00019254400103818625,0.1720590591430664,True
341,143,6.297225391100946,0.00018627500321599655,0.1720590591430664,True
342,138,26.18113339166531,0.00018757599900709465,0.17209720611572266,True
343,97,15.768200300842121,0.00019685799998114817,0.17205142974853516,True
344,60,10.926555066806882,0.00019661099941004068,0.1720590591430664,True
345,64,3.779024856243193,0.0001847300009103492,0.17205142974853516,True
346,60,6.656089918205198,0.00018884600285673514,0.17206668853759766,True
347,163,8.551920413890628,0.0001894330016511958,0.17205142974853516,True
348,88,11.409394967798866,0.00038967799991951324,0.1720590591430664,True
349,214,3.8667635539988434,0.00018355599968344904,0.1720590591430664,True
350,48,16.14847789577754,0.00019124900063616224,0.1720743179321289,True
351,112,8.592907357254562,0.0001945690019056201,0.1720743179321289,True
352,273,7.315807856010134,0.0001931449987750966,0.1720590591430664,True
353,220,5.0094741880144,0.00019180299932486378,0.1720590591430664,True
354,177,70.49958866379075,0.00021409800319815986,0.1721811294555664,True
355,60,5.1047837544493975,0.0001980519991775509,0.17205142974853516,True
356,129,5.1758499382009395,0.0002126540020981338,0.17205142974853516,True
357,138,27.657469803226657,0.00019991099907201715,0.17208194732666016,True
358,174,4.248556109639908,0.00019062499995925464,0.17205142974853516,True
359,138,96.99277288610249,0.00020577199757099152,0.17214298248291016,True
360,183,4.834530034917775,0.00018344300042372197,0.17205142974853516,True
361,57,5.120652823783897,0.00018614800137584098,0.17205142974853516,True
362,234,8.396603160529798,0.00025295099840150215,0.1720590591430664,True
363,220,5.571233350506427,0.00019052399875363335,0.1720590591430664,True
364,177,19.902490743267272,0.00018526799976825714,0.1720590591430664,True
365,17,5.650039634405661,0.00022935100059839897,0.17215824127197266,True
366,17,8.328812034970948,0.00018822299898602068,0.1721506118774414,True
367,230,12.108918627689341,0.00018726800044532865,0.1720743179321289,True
368,177,29.2613013785636,0.00018895500033977441,0.1721048355102539,True
369,136,6.5716179034907976,0.0001834579998103436,0.1720590591430664,True
370,244,9.554848882922201,0.00018242700025439262,0.1720590591430664,True
371,47,24.096776594904433,0.00018627700046636164,0.17208194732666016,True
372,244,5.542016007645135,0.00021514600302907638,0.1720590591430664,True
373,230,6.41165354503693,0.00018320699746254832,0.17205142974853516,True
374,27,6.843713150295127,0.00018648800323717296,0.17208194732666016,True
375,109,3.9307043553659704,0.0001833239984989632,0.17205142974853516,True
376,136,5.240542106728217,0.00018414700025459751,0.1720590591430664,True
377,77,18.948843585771264,0.00019717300165211782,0.1720743179321289,True
378,135,2.963962932301025,0.00019230500038247555,0.17205142974853516,True
379,78,10.74402933010817,0.00019932199938921258,0.1720590591430664,True
380,237,8.987909423900048,0.00019115800023428164,0.1720743179321289,True
381,82,4.278637718548157,0.00018567499864730053,0.17205142974853516,True
382,129,5.715452298068478,0.0002065599983325228,0.1720590591430664,True
383,57,4.401424396683667,0.000184276002983097,0.17205142974853516,True
384,78,12.751416274552648,0.00018680200082599185,0.1720590591430664,True
385,88,11.90904458435109,0.00018079599976772442,0.1720590591430664,True
386,183,3.494913600316861,0.00018168799942941405,0.17205142974853516,True
387,48,11.439944950129622,0.0001836299998103641,0.17206668853759766,True
388,230,6.429664565367586,0.00019685700317495503,0.17205142974853516,True
389,76,6.168153982778665,0.00021256800027913414,0.1720590591430664,True
390,237,6.710630959812021,0.00020476500139920972,0.1720590591430664,True
391,129,16.503237796865335,0.00022986900148680434,0.1720590591430664,True
392,214,4.921634531847501,0.0002027589980571065,0.17205142974853516,True
393,220,4.115674596033258,0.00020627699996111915,0.17205142974853516,True
394,263,7.179165288185193,0.0001850200023909565,0.1720590591430664,True
395,230,5.820010988614955,0.00020901699826936238,0.17205142974853516,True
396,273,7.281356915994404,0.00019808100114460103,0.1720590591430664,True
397,41,50.28126668216693,0.0001944089999597054,0.1720895767211914,True
398,112,7.01163956094679,0.00018511000234866515,0.1720590591430664,True
399,97,6.2314763612180135,0.00018664199888007715,0.1720590591430664,True
400,17,4.130722158201364,0.00019087100008619018,0.1721353530883789,True
401,55,32.27035144563832,0.00018559400268713944,0.17208194732666016,True
402,109,2.9683803591012783,0.00018220100173493847,0.17205142974853516,True
403,214,6.177172164344638,0.0001840879995143041,0.17205142974853516,True
404,17,6.365361388134556,0.00018808899767464027,0.17214298248291016,True
405,183,3.600376591783555,0.00018993200137629174,0.17205142974853516,True
406,64,9.3829649911893,0.00018660400019143708,0.1720590591430664,True
407,143,10.043193992603221,0.00018691500008571893,0.1720590591430664,True
408,76,8.092658440682449,0.00020419599968590774,0.17205142974853516,True
409,176,6.969961604148945,0.0001877349968708586,0.17206668853759766,True
410,206,5.07597729497983,0.0001865659978648182,0.17205142974853516,True
411,149,6.340172580288717,0.00018612900021253154,0.17205142974853516,True
412,183,6.698406282373782,0.00018911100050900131,0.1720590591430664,True
413,76,7.076672599363309,0.00021669299894711003,0.1720590591430664,True
414,263,10.63744957004909,0.0001885070014395751,0.1720590591430664,True
415,112,8.918570407681761,0.00018714199904934503,0.17206668853759766,True
416,177,12.226847812743259,0.00018419399930280633,0.17205142974853516,True
417,159,17.38138309156229,0.00018646399985300377,0.17206668853759766,True
418,112,7.694523281807929,0.00018824899962055497,0.1720590591430664,True
419,183,9.944779170527445,0.00020313999993959442,0.17208194732666016,True
420,214,6.46603879042751,0.00018841100245481357,0.1720590591430664,True
421,246,6.373151287941479,0.00021127799845999107,0.1720590591430664,True
422,237,8.87905001615086,0.00018987899966305122,0.1720590591430664,True
423,26,5.903334495629129,0.0001882619981188327,0.17208194732666016,True
424,135,4.49289612837498,0.00018459199782228097,0.17205142974853516,True
425,270,2.674126311551267,0.00018547500076238066,0.17205142974853516,True
426,17,13.078884126429168,0.00019234099818277173,0.17214298248291016,True
427,47,14.268498807253522,0.00019933500152546912,0.1720743179321289,True
428,263,5.386071798342995,0.00018825499864760786,0.17205142974853516,True
429,109,3.5597442354315287,0.0001860410011431668,0.1720590591430664,True
430,220,6.918225300037041,0.0002019500025198795,0.1720590591430664,True
431,244,5.174029325022037,0.00020181699801469222,0.17205142974853516,True
432,26,11.132269447569154,0.00019845199858536944,0.17209720611572266,True
433,243,16.571488544100724,0.0001890339990495704,0.17206668853759766,True
434,238,10.09986219352001,0.0001961759990081191,0.17205142974853516,True
435,128,6.967657000203345,0.00018304399782209657,0.1720590591430664,True
436,48,9.19330737590566,0.00018343700139666907,0.1720590591430664,True
437,220,6.817034241621411,0.00018855599773814902,0.17205142974853516,True
438,244,3.867398321435355,0.00018319599985261448,0.17205142974853516,True
439,19,5.144144038791795,0.00018419700063532218,0.17205142974853516,True
440,273,7.748657900921459,0.0001868010003818199,0.17206668853759766,True
441,183,4.390028735255083,0.00018387999807600863,0.17205142974853516,True
442,57,10.753852335864682,0.00018732500029727817,0.1720590591430664,True
443,263,6.698543386135751,0.00018661800277186558,0.17205142974853516,True
444,237,2.794182090645906,0.00018420400010654703,0.17205142974853516,True
445,220,6.106856844408515,0.00019061900093220174,0.17206668853759766,True
446,230,7.090920710062669,0.0001814720017137006,0.17205142974853516,True
447,27,7.173371390601701,0.00019064400112256408,0.1720895767211914,True
448,97,3.9875258803722327,0.00020160499843768775,0.17205142974853516,True
449,55,8.766703056850579,0.0001954909967025742,0.17206668853759766,True
450,60,9.40468992203329,0.00018427599934511818,0.1720590591430664,True
451,143,2.9037653235804286,0.00019138699644827284,0.17205142974853516,True
452,112,6.543954785452411,0.0001824060018407181,0.17205142974853516,True
453,57,6.5945305734883854,0.00019508900004439056,0.1720590591430664,True
454,82,7.504123654275631,0.00018651000209501944,0.1720590591430664,True
455,244,5.50444459115272,0.0001956999985850416,0.17205142974853516,True
456,109,3.6254527915987147,0.00018274199828738347,0.17205142974853516,True
457,76,8.890373173281594,0.00027193400092073716,0.1720743179321289,True
458,176,4.209398458964437,0.00018378100139671005,0.17205142974853516,True
459,60,5.295713499464991,0.0001862030003394466,0.1720590591430664,True
460,149,3.648956311406064,0.00018486300177755766,0.17205142974853516,True
461,143,3.6587326324199267,0.00018737799837253988,0.17205142974853516,True
462,163,8.109064951129966,0.00020539199977065437,0.1720590591430664,True
463,128,10.678627640719691,0.00018168200040236115,0.1720590591430664,True
464,17,3.104808254434329,0.00018869400082621723,0.1721353530883789,True
465,246,6.305868090510556,0.0001882700016722083,0.17205142974853516,True
466,177,13.161002410518657,0.0001875060006568674,0.17206668853759766,True
467,97,14.595729248915278,0.0002038509992416948,0.17206668853759766,True
468,88,5.870744173754168,0.0001872630018624477,0.17205142974853516,True
469,206,4.894469610158446,0.00020571200002450496,0.17205142974853516,True
470,64,8.410098653363827,0.00018243999875267036,0.1720590591430664,True
471,112,7.489272776982521,0.0001857839997683186,0.1720590591430664,True
472,109,3.296587982855323,0.0001830750006774906,0.17205142974853516,True
473,263,13.94956667622971,0.00019444400095380843,0.1720743179321289,True
474,214,8.773441255645128,0.00019498799883876927,0.1720590591430664,True
475,26,9.093930652604143,0.00019118999989586882,0.17208194732666016,True
476,128,6.177424534510932,0.00018996500148205087,0.1720590591430664,True
477,220,3.4974657497502553,0.00019010400137631223,0.17205142974853516,True
478,129,14.316313619754572,0.00019226800213800743,0.17206668853759766,True
479,150,7.918822778116237,0.00018630399790708907,0.1720590591430664,True
480,234,5.653780669504715,0.00018746500063571148,0.1720590591430664,True
481,64,20.867532452833682,0.0001854879992606584,0.17206668853759766,True
482,88,22.167997289524312,0.0001822440026444383,0.17206668853759766,True
483,109,3.94170992916413,0.00019006199727300555,0.17205142974853516,True
484,138,103.15287008709181,0.00020151800345047377,0.1721658706665039,True
485,208,5.774374504928129,0.00018816499868989922,0.17205142974853516,True
486,60,13.729332749466154,0.0001839520009525586,0.17206668853759766,True
487,17,7.554323123225497,0.00019336399782332592,0.1721506118774414,True
488,149,6.309618930317347,0.00018232099682791159,0.17205142974853516,True
489,109,3.0203815079883336,0.00018451200230629183,0.17205142974853516,True
490,135,4.96040102190099,0.00018467399786459282,0.17205142974853516,True
491,112,6.081070680708438,0.00018353999985265546,0.17205142974853516,True
492,82,18.21308669237909,0.0001992939978663344,0.1720590591430664,True
493,76,6.289395204818036,0.0001832289999583736,0.1720590591430664,True
494,177,62.265395419543836,0.0002524519986764062,0.17217350006103516,True
495,26,16.259776882824088,0.0001999099986278452,0.1721048355102539,True
496,150,32.711053364481394,0.00020898799994029105,0.1720743179321289,True
497,47,10.985453688550471,0.0001926100012497045,0.17206668853759766,True
498,143,3.343108880005432,0.00020112499987590127,0.17205142974853516,True
499,60,5.794124040788108,0.0001863209981820546,0.1720590591430664,True
500,230,12.789022101596204,0.00020628899801522493,0.17208194732666016,True
501,244,7.71601008059252,0.0001848720021371264,0.1720590591430664,True
502,183,5.428269338794817,0.00018189000184065662,0.1720590591430664,True
503,237,4.762562401966928,0.00024396899971179664,0.1720590591430664,True
504,183,9.197193568685062,0.00018752399773802608,0.17205142974853516,True
505,26,16.113503311879693,0.0001870580017566681,0.1720895767211914,True
506,26,26.74491681496099,0.00019555499966372736,0.17208194732666016,True
507,89,5.291095348350029,0.0004618700004357379,0.17205142974853516,True
508,17,6.424711747795479,0.00019631000031949952,0.1721353530883789,True
509,17,8.815039718167698,0.00020359799964353442,0.17214298248291016,True
510,26,18.39752379658357,0.00019552500089048408,0.17209720611572266,True
511,97,10.024695954566345,0.00018472099691280164,0.1720590591430664,True
512,183,16.504083525846934,0.00018772600014926866,0.1720743179321289,True
513,77,26.7644096019454,0.000190610000572633,0.17211246490478516,True
514,238,3.8271595783910533,0.00019298700135550462,0.17205142974853516,True
515,246,10.914028305760343,0.00018505299885873683,0.1720590591430664,True
516,48,12.92056124913125,0.00020675699852290563,0.17206668853759766,True
517,177,22.460258479105622,0.00019288000112283044,0.17206668853759766,True
518,48,8.816082677692924,0.0002035529978456907,0.1720590591430664,True
519,17,13.112419982457633,0.00019072900249739178,0.17215824127197266,True
520,135,5.320592258411902,0.00022376899869414046,0.17205142974853516,True
521,183,7.020331275544705,0.00019583000175771303,0.17205142974853516,True
522,112,5.890101653680879,0.00022479600011138245,0.17205142974853516,True
523,237,4.606214937879325,0.0003060609997191932,0.17205142974853516,True
524,26,4.791779771015359,0.0001852429995778948,0.17208194732666016,True
525,97,8.79630485657641,0.00018257899864693172,0.1720590591430664,True
526,177,14.597578566851926,0.00019684899962157942,0.17205142974853516,True
527,220,4.82598369979624,0.00018270299915457144,0.17205142974853516,True
528,183,10.327726231203963,0.00018332900071982294,0.1720743179321289,True
529,27,20.795329546454187,0.00018401600027573295,0.17209720611572266,True
530,26,12.866319608550983,0.00018837400057236664,0.1720895767211914,True
531,230,2.536576494202326,0.00018440300118527375,0.17205142974853516,True
532,177,18.13131612374971,0.00019066199820372276,0.1720743179321289,True
533,273,14.851241143002017,0.00021305400150595233,0.1720743179321289,True
534,177,76.6662822059648,0.0001991460012504831,0.17218875885009766,True
535,273,6.809661845122632,0.00018439700215822086,0.1720590591430664,True
536,234,16.577345376613906,0.000183939999260474,0.17206668853759766,True
537,220,2.4553421401116173,0.0001883020013337955,0.17205142974853516,True
538,267,4.203652404587055,0.0001850220032793004,0.17205142974853516,True
539,76,8.426928906218047,0.00018359200112172402,0.17206668853759766,True
540,138,37.939093931746726,0.0001871979984571226,0.17211246490478516,True
541,237,9.24386333403051,0.00018609000107971951,0.17206668853759766,True
542,234,5.240473422568554,0.0001875769994512666,0.17205142974853516,True
543,220,5.772576196557515,0.00019877099839504808,0.1720590591430664,True
544,17,16.459625385451115,0.00019311100186314434,0.1721506118774414,True
545,77,74.55102377250996,0.00019725099991774186,0.17217350006103516,True
546,183,9.431391971062745,0.00019524200251908042,0.1720590591430664,True
547,136,18.67841244321163,0.0001943200004461687,0.1720743179321289,True
548,290,4.736840300005718,0.00021320399901014753,0.17205142974853516,True
549,183,1.7014728834770312,0.00018326600184082054,0.17205142974853516,True
550,273,9.714506926027061,0.00018689499847823754,0.17206668853759766,True
551,238,7.324637081556752,0.00018511399684939533,0.1720590591430664,True
552,174,7.699935133684627,0.00019824699847958982,0.1720590591430664,True
553,183,5.43524081593041,0.0002035510005953256,0.1720590591430664,True
554,138,19.017109564400577,0.00019449699902907014,0.17208194732666016,True
555,220,4.957275473512791,0.00018279500000062399,0.17205142974853516,True
556,263,5.4082761743186305,0.00018446200192556717,0.1720590591430664,True
557,64,5.599626659652965,0.00018917800116469152,0.17205142974853516,True
558,82,6.6021905742571425,0.0001824569990276359,0.1720590591430664,True
559,149,11.59049532582532,0.0001857859970186837,0.1720743179321289,True
560,246,5.2252996354071195,0.00018319499940844253,0.1720590591430664,True
561,234,4.573043646989187,0.00043094599823234603,0.17205142974853516,True
562,220,10.21811700440437,0.00018201200145995244,0.1720590591430664,True
563,220,5.846905617598894,0.00018877199909184128,0.1720590591430664,True
564,112,7.1061358908573915,0.00018188000103691593,0.1720590591430664,True
565,149,6.851454005012543,0.00020280899843783118,0.17205142974853516,True
566,267,4.715394129296475,0.00019473099746392109,0.17205142974853516,True
567,97,11.201927479520473,0.00018281300071976148,0.17205142974853516,True
568,135,9.988974585758868,0.00019189800150343217,0.1720590591430664,True
569,97,7.692161426718027,0.000185421002242947,0.17205142974853516,True
570,135,5.64649635763891,0.0001836019982874859,0.1720590591430664,True
571,76,5.221576489735558,0.00019617800353444181,0.17205142974853516,True
572,165,13.27514642303135,0.0002059440012089908,0.1720590591430664,True
573,230,18.977737260645466,0.00019763000091188587,0.17209720611572266,True
574,88,20.302812339726916,0.00019160200099577196,0.17209720611572266,True
575,128,12.536895251244331,0.00018456299949320965,0.1720590591430664,True
576,177,25.870178399093675,0.0001965020019270014,0.17206668853759766,True
577,230,7.06318400040064,0.0001903120028146077,0.1720590591430664,True
578,57,5.86525661729335,0.00020406299881869927,0.17205142974853516,True
579,230,4.230606854143008,0.00018324799748370424,0.17205142974853516,True
580,230,4.243268744546187,0.00018187699970440008,0.17205142974853516,True
581,176,7.056590770814033,0.00018531500245444477,0.1720590591430664,True
582,76,3.6843493553784965,0.00019422600234975107,0.17205142974853516,True
583,230,2.8898775120529274,0.00018470299983164296,0.17205142974853516,True
584,129,3.939526190991137,0.00018508799985283986,0.17205142974853516,True
585,128,5.869993369472172,0.0001972819991351571,0.1720590591430664,True
586,82,6.632366765087289,0.00018301299860468134,0.1720590591430664,True
587,135,4.286088528047085,0.00018191700291936286,0.1720590591430664,True
588,177,23.293056380742925,0.00019737800175789744,0.17208194732666016,True
589,183,7.53346081323593,0.0001933919993462041,0.17206668853759766,True
590,183,3.4020105130097784,0.0001912299994728528,0.17205142974853516,True
591,230,10.572660079774868,0.00018544799968367442,0.1720743179321289,True
592,290,7.811342479008049,0.0001981150016945321,0.17205142974853516,True
593,82,4.2959409662032915,0.000182987998414319,0.17205142974853516,True
594,208,10.88020525445104,0.00018529500084696338,0.1720590591430664,True
595,129,6.336942534050372,0.00018248999913339503,0.1720590591430664,True
596,77,77.44776592421144,0.00020001600205432624,0.1721658706665039,True
597,159,9.177225241007484,0.00018357400040258653,0.17205142974853516,True
598,135,7.021459700479127,0.00019306299873278476,0.17206668853759766,True
599,112,9.803270909144192,0.00025316000028396957,0.17205142974853516,True
600,135,3.639749445065768,0.00018352400002186187,0.17205142974853516,True
601,159,7.104883465868836,0.00019003499983227812,0.17205142974853516,True
602,60,5.4916270290908304,0.00020338500326033682,0.17205142974853516,True
603,177,10.618937466512197,0.00020669100194936618,0.1720590591430664,True
604,26,21.87262404332471,0.00023251699894899502,0.1720895767211914,True
605,165,6.953246568612457,0.00019823900220217183,0.17205142974853516,True
606,129,16.35141984842964,0.00018259100033901632,0.17205142974853516,True
607,26,6.539260126798821,0.00019366299966350198,0.17208194732666016,True
608,230,10.426227899340585,0.00019399400116526522,0.17205142974853516,True
609,267,4.895061099979093,0.00018312199972569942,0.17205142974853516,True
610,48,12.607117542076711,0.00019328499911352992,0.1720743179321289,True
611,263,6.453793392277555,0.00019930300186388195,0.1720590591430664,True
612,230,3.4119681847792407,0.000188817000889685,0.17205142974853516,True
613,220,7.078251643509439,0.0001865880003606435,0.1720590591430664,True
614,128,6.938803982613184,0.00018953300241264515,0.1720590591430664,True
615,143,4.0901055037674405,0.00019939999765483662,0.17205142974853516,True
616,183,3.226054811560739,0.00020792500072275288,0.17205142974853516,True
617,143,4.711886885252771,0.00018653699953574687,0.17205142974853516,True
618,135,3.5903575872136027,0.0001931770020746626,0.17205142974853516,True
619,177,42.43749489379741,0.00019359599900781177,0.1721048355102539,True
620,230,2.6681442847007713,0.00019878300008713268,0.17205142974853516,True
621,129,5.286856211381294,0.00019936000171583146,0.17205142974853516,True
622,57,3.424961767323973,0.00018337300207349472,0.1720590591430664,True
623,135,4.0027037106883085,0.00020200199651299044,0.17205142974853516,True
624,263,4.597897233930939,0.00018220399942947552,0.17205142974853516,True
625,244,7.420817144263847,0.00021441400167532265,0.1720743179321289,True
626,290,19.588452532575666,0.00021834899962414056,0.17206668853759766,True
627,143,3.6387854610725037,0.00020423300156835467,0.17205142974853516,True
628,17,7.720490279331977,0.00020591499924194068,0.1721506118774414,True
629,76,10.825246287988152,0.00018956400163006037,0.17206668853759766,True
630,47,10.602725540146045,0.0001834110007621348,0.17206668853759766,True
631,183,2.507323264779958,0.00019249300021328963,0.17205142974853516,True
632,136,16.34834521833709,0.00019294899902888574,0.17206668853759766,True
633,246,2.9053600646507105,0.0001834739996411372,0.17205142974853516,True
634,263,6.414942651190705,0.0001832449997891672,0.1720590591430664,True
635,267,16.214908622364774,0.00018559100135462359,0.17205142974853516,True
636,174,4.6301361801569945,0.00018520599769544788,0.17205142974853516,True
637,244,3.20676832386857,0.0001836299998103641,0.17205142974853516,True
638,244,8.266983909193542,0.00020160299754934385,0.17205142974853516,True
639,97,6.658867496490678,0.00018490399816073477,0.1720590591430664,True
640,230,4.752249647074658,0.00020488599693635479,0.17205142974853516,True
641,230,5.4884765737863885,0.00019669399989652447,0.17205142974853516,True
642,17,2.4326354658884957,0.00019616699864855036,0.1721353530883789,True
643,135,6.185689570152997,0.00018335300046601333,0.17205142974853516,True
644,135,4.974171464134582,0.00018470500071998686,0.17205142974853516,True
645,159,6.063148635107281,0.00018583400014904328,0.1720590591430664,True
646,143,1.316016992902647,0.00018778899902827106,0.17205142974853516,True
647,135,6.8659339444597896,0.0002268410025862977,0.1720590591430664,True
648,230,4.888586035753695,0.00018105599883710966,0.17205142974853516,True
649,138,31.271042424916107,0.00019980200158897787,0.17211246490478516,True
650,76,7.920287663440391,0.00018339199959882535,0.17205142974853516,True
651,230,6.333888460252892,0.00018733500110101886,0.1720590591430664,True
652,26,19.84116850983068,0.0001923039999383036,0.1720895767211914,True
653,47,15.345629297479666,0.00018560299940872937,0.1720590591430664,True
654,135,4.337384538294453,0.00018662300135474652,0.17206668853759766,True
655,135,3.2802763353501136,0.00020725200010929257,0.17205142974853516,True
656,230,7.145812235669237,0.00018144500063499436,0.17205142974853516,True
657,290,5.20786469639593,0.00018241300131194293,0.17205142974853516,True
658,244,8.482171114652601,0.00019524099843692966,0.1720590591430664,True
659,196,11.12933400429497,0.0001859660005720798,0.1720590591430664,True
660,135,3.555036659213213,0.0001844020007411018,0.17205142974853516,True
661,17,3.996311399508273,0.00019353300012880936,0.1721353530883789,True
662,290,6.194269354617996,0.00018750500021269545,0.17206668853759766,True
663,26,21.061165189827587,0.00018529500084696338,0.17209720611572266,True
664,112,7.591273826481901,0.00018451399955665693,0.17206668853759766,True
665,183,4.984280470584779,0.00019243600036134012,0.17205142974853516,True
666,220,5.992473948164876,0.00018241900033899583,0.1720590591430664,True
667,267,4.305717396987013,0.00018285500118508935,0.17205142974853516,True
668,112,9.207357978143973,0.00018302099852007814,0.1720590591430664,True
669,26,26.071497133431887,0.00019413900008657947,0.1721048355102539,True
670,237,3.8265261214564577,0.000188355003047036,0.17205142974853516,True
671,17,4.3191694247923715,0.00019510499987518415,0.1721353530883789,True
672,112,7.8068642397134855,0.00018599199756863527,0.1720590591430664,True
673,138,27.81479836933881,0.00020092600243515335,0.1720895767211914,True
674,163,8.085019201263073,0.00022803599858889356,0.17206668853759766,True
675,48,12.126250059512683,0.00020350200065877289,0.1720743179321289,True
676,149,3.949095994340292,0.00019991299996036105,0.17205142974853516,True
677,77,20.631971283734035,0.00018392200217931531,0.17206668853759766,True
678,230,2.4475196070695024,0.00019717599934665486,0.17205142974853516,True
679,135,7.941697540000377,0.00019160599913448095,0.1720743179321289,True
680,276,12.31233464373891,0.00020864399994025007,0.17206668853759766,True
681,55,11.630817078226377,0.00018519899822422303,0.17205142974853516,True
682,26,13.897420180864975,0.00018770500173559412,0.17208194732666016,True
683,206,9.080854772171438,0.00020930899700033478,0.1720590591430664,True
684,149,6.5232798962535945,0.00019341699953656644,0.1720590591430664,True
685,234,7.342709084622361,0.00018520300000091083,0.1720590591430664,True
686,149,7.108145591068959,0.00019537399930413812,0.1720590591430664,True
687,230,9.805867404399258,0.0001837210002122447,0.1720590591430664,True
688,174,2.468364786728495,0.00018457799887983128,0.17205142974853516,True
689,270,4.3146630982704846,0.00022667599841952324,0.17205142974853516,True
690,290,11.262974192589315,0.00018556200302555226,0.1720590591430664,True
691,174,13.619945494908334,0.00019971899746451527,0.17206668853759766,True
692,26,18.31551935217143,0.00022290400011115707,0.1720895767211914,True
693,27,9.868483054688685,0.00018788799934554845,0.1720895767211914,True
694,135,6.977698623604092,0.000192782001249725,0.1720590591430664,True
695,17,6.025336935713746,0.00018689699936658144,0.17214298248291016,True
696,176,5.496315006451953,0.00019599700317485258,0.1720590591430664,True
697,183,3.5728073406379597,0.0001837599993450567,0.17205142974853516,True
698,263,15.39846908854876,0.00020401400252012536,0.17206668853759766,True
699,230,10.654725203195001,0.00018272799934493378,0.1720590591430664,True
700,143,5.893083175365362,0.000181685001734877,0.17205142974853516,True
701,220,7.387993270535445,0.00018394699873169884,0.1720590591430664,True
702,165,11.013562607505706,0.00018582799748401158,0.17205142974853516,True
703,129,3.791985636020108,0.00018283100143889897,0.17205142974853516,True
704,128,3.1509075697480795,0.00018629300029715523,0.17205142974853516,True
705,17,6.767886295254555,0.00019875400175806135,0.17214298248291016,True
706,97,8.111753700061868,0.00018576200091047212,0.1720590591430664,True
707,57,3.2990059699451972,0.00018225199892185628,0.17205142974853516,True
708,26,16.34001587364565,0.0002169799990952015,0.1720895767211914,True
709,177,12.749939184851256,0.0001885819983726833,0.1720590591430664,True
710,176,11.187792667193149,0.0001919999995152466,0.1720590591430664,True
711,57,7.77752196421463,0.00019165799676557072,0.1720590591430664,True
712,129,16.788062393738112,0.00018326099961996078,0.17206668853759766,True
713,64,10.789171875003909,0.00018320500021218322,0.17205142974853516,True
714,17,3.825578745489207,0.000213108000025386,0.1721353530883789,True
715,135,4.427139408729997,0.0002060369988612365,0.17205142974853516,True
716,88,7.201376917722381,0.0001934140018420294,0.1720590591430664,True
717,112,4.9571244664840854,0.0001902330004668329,0.17205142974853516,True
718,128,10.501732613859577,0.00019259100008639507,0.17206668853759766,True
719,149,11.405958802475899,0.00018354199710302055,0.17206668853759766,True
720,57,7.062359595489978,0.0002106320025632158,0.17205142974853516,True
721,138,25.666296452131128,0.0001865110025391914,0.1720743179321289,True
722,238,6.317943615789488,0.0001830099972721655,0.17205142974853516,True
723,82,3.417948430934661,0.00018355599968344904,0.17205142974853516,True
724,244,3.097194232430958,0.00018174700016970746,0.17205142974853516,True
725,17,8.027413709739502,0.00019739900017157197,0.17214298248291016,True
726,159,18.749178429220706,0.00018552199981058948,0.17206668853759766,True
727,220,3.253305342521276,0.00018647500110091642,0.17205142974853516,True
728,97,7.316617124023184,0.0001899130002129823,0.1720590591430664,True
729,26,8.278586898019322,0.00018790199828799814,0.17208194732666016,True
730,230,3.5515495718927785,0.00018238699703942984,0.17205142974853516,True
731,149,7.151161740603923,0.00019766200057347305,0.1720590591430664,True
732,27,7.953813790722398,0.00018570999964140356,0.17208194732666016,True
733,143,4.810426127618725,0.00019164300101692788,0.17205142974853516,True
734,244,5.621097560689706,0.00018513200120651163,0.1720590591430664,True
735,135,4.253081772819561,0.00018138999803340994,0.17205142974853516,True
736,244,7.109725260970495,0.00019151100059389137,0.17206668853759766,True
737,234,13.157457648459626,0.0001850080006988719,0.17206668853759766,True
738,17,4.537254977263957,0.00019111599976895377,0.17214298248291016,True
739,143,7.4618288664071315,0.00018790200192597695,0.1720590591430664,True
740,273,4.470097313305714,0.00019008899835171178,0.17206668853759766,True
741,183,3.1410805267469737,0.00018910099970526062,0.17205142974853516,True
742,138,35.00195120195433,0.00019216700093238614,0.1721048355102539,True
743,230,6.131640657157501,0.00018469499991624616,0.1720590591430664,True
744,129,8.406894519894989,0.00019058399993809871,0.1720590591430664,True
745,183,4.233176089450275,0.0001823149978008587,0.17205142974853516,True
746,176,11.351323743733534,0.00018372799968346953,0.17206668853759766,True
747,77,63.11402103499584,0.000210745998629136,0.1721353530883789,True
748,64,7.550864922478784,0.00018267699852003716,0.17205142974853516,True
749,143,6.369772953101298,0.00018248999913339503,0.1720590591430664,True
750,150,28.101230646326314,0.000184630996955093,0.17206668853759766,True
751,276,12.153362801918489,0.00018179299877374433,0.1720590591430664,True
752,273,10.31669024983086,0.00018254300084663555,0.1720590591430664,True
753,183,7.166296980510155,0.000196976001461735,0.17205142974853516,True
754,47,16.52693606582884,0.00019026299924007617,0.17206668853759766,True
755,64,4.784099086811515,0.00018716399790719151,0.17205142974853516,True
756,76,7.496318911693971,0.00018552600158727728,0.17206668853759766,True
757,230,4.557405425702699,0.0001927699995576404,0.17205142974853516,True
758,238,1.8872467404554152,0.00019091899957857095,0.17205142974853516,True
759,165,5.373766809209058,0.00018644399824552238,0.1720590591430664,True
760,270,10.162619059716565,0.0001956369997060392,0.17206668853759766,True
761,109,7.421132549873616,0.00018278200150234625,0.1720590591430664,True
762,82,4.0982261653583,0.00018511400048737414,0.17205142974853516,True
763,230,8.080856653567535,0.00020383800074341707,0.17206668853759766,True
764,246,6.239991727937772,0.00018895900211646222,0.1720590591430664,True
765,135,3.402874713891447,0.00018272899978910573,0.17205142974853516,True
766,109,4.47918218440074,0.00018450599964126013,0.17205142974853516,True
767,17,6.019003398217279,0.00018596799782244489,0.1721353530883789,True
768,60,8.863440578487074,0.00019589399744290859,0.1720743179321289,True
769,128,12.163127599071203,0.00018606700177770108,0.1720743179321289,True
770,243,5.942382283995353,0.00018329399972571991,0.17205142974853516,True
771,135,3.5817339242073523,0.00019529199926182628,0.17205142974853516,True
772,183,2.5350777983785266,0.0001982300018426031,0.17205142974853516,True
773,26,8.408343562391812,0.00018672100122785196,0.17208194732666016,True
774,129,5.164433683058231,0.000185267002962064,0.17205142974853516,True
775,82,8.89555534538604,0.000183710999408504,0.1720590591430664,True
776,290,10.252508253756206,0.00018490799993742257,0.1720590591430664,True
777,135,4.463380282267717,0.00018102299873135053,0.1720590591430664,True
778,138,125.21757276248135,0.000183864998689387,0.17208194732666016,True
779,143,1.91232167852093,0.00018421200002194382,0.17205142974853516,True
780,244,7.934454235027802,0.00018487299894331954,0.1720590591430664,True
781,77,78.28843458734902,0.00019949499983340502,0.1721963882446289,True
782,143,9.666792194063921,0.00018580899995868094,0.1720590591430664,True
783,64,10.780552299323878,0.00019350100046722218,0.1720590591430664,True
784,135,6.266894480616283,0.0001860819975263439,0.1720743179321289,True
785,176,6.158120501011531,0.0001821610021579545,0.17205142974853516,True
786,57,7.536801592767769,0.00018251400251756422,0.1720590591430664,True
787,150,27.36835808479878,0.00020212899835314602,0.17209720611572266,True
788,174,3.42162435977578,0.00018335300046601333,0.17205142974853516,True
789,64,5.066681272639981,0.00018955300038214773,0.17205142974853516,True
790,244,2.2788581906610053,0.0001835449984355364,0.17205142974853516,True
791,76,2.8879406525675533,0.0001980239976546727,0.17205142974853516,True
792,76,5.239447031105068,0.00018421499771648087,0.17205142974853516,True
793,183,1.9993197129629094,0.00021538799774134532,0.17205142974853516,True
794,290,7.1516787735337175,0.00018471699877409264,0.17205142974853516,True
795,263,8.425909100022617,0.00019799900110228918,0.17205142974853516,True
796,60,7.35705472697342,0.00019360800069989637,0.17206668853759766,True
797,135,3.5989629875112437,0.00019049099864787422,0.17205142974853516,True
798,135,5.766352565036146,0.00020451000091270544,0.1720590591430664,True
799,263,6.051643206512319,0.00021350899987737648,0.17205142974853516,True
800,214,3.107386669393017,0.00018420000196783803,0.17205142974853516,True
801,230,11.288449033938793,0.00018701199951465242,0.17206668853759766,True
802,57,4.686029784609777,0.00018549499873188324,0.17205142974853516,True
803,177,14.410175485391424,0.00018406600065645762,0.1720590591430664,True
804,177,50.198136052999196,0.00019028899987461045,0.17214298248291016,True
805,26,7.0396999223775,0.00020749699979205616,0.17208194732666016,True
806,57,3.010653403991016,0.00018394700236967765,0.17205142974853516,True
807,183,1.6895348355208417,0.00018242300211568363,0.17205142974853516,True
808,230,7.13922683040422,0.00018565700156614184,0.1720590591430664,True
809,76,9.542114919333898,0.00019129000065731816,0.17206668853759766,True
810,183,4.1185687308140535,0.00023228999998536892,0.17205142974853516,True
811,60,5.841163434334946,0.00018206499953521416,0.1720590591430664,True
812,143,10.991884559578665,0.0001993140031117946,0.1720590591430664,True
813,17,7.242311130645846,0.00018717499915510416,0.1721353530883789,True
814,230,1.7002171769128147,0.00018385200019110925,0.17205142974853516,True
815,97,11.201636607641142,0.00018490900038159452,0.17206668853759766,True
816,183,10.157312618367921,0.00018978600201080553,0.1720743179321289,True
817,230,6.763220211984174,0.00018147899754694663,0.1720590591430664,True
818,206,14.799908906343763,0.00018373599959886633,0.1720590591430664,True
819,129,6.093914174468875,0.0001825359977374319,0.17206668853759766,True
820,129,12.384205918991052,0.00018570999964140356,0.1720590591430664,True
821,220,7.225384433306979,0.00019669299945235252,0.1720590591430664,True
822,230,5.222629509019563,0.00019714100199053064,0.1720590591430664,True
823,112,6.460727558867882,0.00020731900076498277,0.1720590591430664,True
824,230,3.198366248724252,0.00021763199765700847,0.17205142974853516,True
825,230,6.954075028618628,0.00019023600179934874,0.17205142974853516,True
826,183,3.8567058121237094,0.00018834000002243556,0.17205142974853516,True
827,112,10.973093710230108,0.00019461500050965697,0.1720590591430664,True
828,214,5.871412858028707,0.00018579300012788735,0.17205142974853516,True
829,88,11.96435335360239,0.00019309100025566295,0.17206668853759766,True
830,234,7.528780965590677,0.0002195350025431253,0.17205142974853516,True
831,135,4.477169310128464,0.000198923000425566,0.17205142974853516,True
832,17,6.69506380358497,0.00020878500072285533,0.17214298248291016,True
833,47,26.606995473463954,0.000200071997824125,0.1720743179321289,True
834,82,6.508664124961946,0.00018271999942953698,0.17205142974853516,True
835,183,2.382639828577504,0.00019303699809825048,0.17205142974853516,True
836,57,9.001359716008125,0.00018621100025484338,0.1720590591430664,True
837,183,3.631902230047179,0.00018453899974701926,0.17205142974853516,True
838,112,9.336567612541943,0.00019925800006603822,0.1720590591430664,True
839,220,3.5328750667827253,0.00020227300046826713,0.17206668853759766,True
840,183,6.341912406295432,0.0001890720013761893,0.17205142974853516,True
841,159,7.859068684154408,0.0005261660007818136,0.1720590591430664,True
842,76,4.678688801267988,0.0001837640011217445,0.17205142974853516,True
843,246,17.483824790432145,0.00019233399871154688,0.1720590591430664,True
844,290,9.080628762457145,0.00019765000251936726,0.1720590591430664,True
845,135,3.0167625464207535,0.00019934399824705906,0.17205142974853516,True
846,244,6.308211217141294,0.00018568499945104122,0.1720590591430664,True
847,176,25.144845409898156,0.00018597099915496074,0.17206668853759766,True
848,290,7.1874669772496285,0.00018533099864725955,0.1720590591430664,True
849,273,12.301224716502396,0.00018409300173516385,0.1720590591430664,True
850,183,7.825521445691361,0.00018591999833006412,0.17206668853759766,True
851,176,2.447014807857529,0.00018507300046621822,0.17205142974853516,True
852,219,107.55813497971674,0.0002062840030703228,0.17224979400634766,True
853,214,5.855465607845936,0.00018549299784353934,0.17205142974853516,True
854,208,8.88997876322955,0.00019405499915592372,0.17206668853759766,True
855,135,6.453478924701911,0.00018313400141778402,0.17205142974853516,True
856,136,4.37100724457444,0.00021128500156919472,0.17205142974853516,True
857,183,3.7169208508193163,0.00018530400120653212,0.17205142974853516,True
858,64,6.782353497515481,0.0001845560000219848,0.1720590591430664,True
859,88,7.1143581234261095,0.00018475699835107662,0.1720590591430664,True
860,234,7.524360492588689,0.00019425199934630655,0.17205142974853516,True
861,237,7.145271078227004,0.00018237900076201186,0.1720590591430664,True
862,88,23.30389346189417,0.0001844020007411018,0.17206668853759766,True
863,129,10.52262889445982,0.00018861399803427048,0.1720590591430664,True
864,177,23.288008652731698,0.0001862050012277905,0.1720895767211914,True
865,112,5.015497109716829,0.00020940399917890318,0.1720590591430664,True
866,273,8.20236814395173,0.00021880499843973666,0.1720590591430664,True
867,234,3.692849854434512,0.0001950090008904226,0.17205142974853516,True
868,76,9.562571362954923,0.00019487900135573,0.1720590591430664,True
869,183,3.6767205868611104,0.00018569599706097506,0.17205142974853516,True
870,208,8.451167080373859,0.00018886199904954992,0.1720590591430664,True
871,136,21.31390767632808,0.00018507999993744306,0.1720590591430664,True
872,76,10.54478816606494,0.00018932000239146873,0.17206668853759766,True
873,234,15.035011792767698,0.00020458499784581363,0.17205142974853516,True
874,135,1.7342080588374897,0.00019073499788646586,0.17205142974853516,True
875,82,6.302827963371635,0.00018891700165113434,0.17205142974853516,True
876,82,1.7273703299929641,0.00019451700063655153,0.17205142974853516,True
877,237,9.694314956445941,0.00023639299979549833,0.1720743179321289,True
878,17,7.092487187698978,0.00018576100046630017,0.17214298248291016,True
879,64,4.408560660052055,0.0001872749999165535,0.17205142974853516,True
880,183,9.629860014536883,0.00019890200201189145,0.1720590591430664,True
881,230,6.298355209201357,0.00018313100008526817,0.17206668853759766,True
882,214,3.466886636400663,0.00018197000099462457,0.17205142974853516,True
883,143,5.169525276070764,0.00021187700258451514,0.17205142974853516,True
884,220,2.8148879045991895,0.0001920870017784182,0.1720590591430664,True
885,163,21.273505695248346,0.000189772999874549,0.1720895767211914,True
886,230,7.928146601739637,0.00019150500156683847,0.17206668853759766,True
887,138,17.877802434971066,0.0001878139992186334,0.17209720611572266,True
888,77,53.278828042185054,0.00020393500017235056,0.1721658706665039,True
889,127,90.24393451580968,0.00022031399930710904,0.17218875885009766,True
890,138,120.7542890723367,0.00019745399913517758,0.17211246490478516,True
891,183,6.7077580573523115,0.00019046099987463094,0.17205142974853516,True
892,273,6.449065110628283,0.00025485300284344703,0.17206668853759766,True
893,60,13.135725964231293,0.00019568399875424802,0.1720743179321289,True
894,290,15.779635630586439,0.00018848000036086887,0.17208194732666016,True
895,17,10.54055093898543,0.0001963520007848274,0.1721658706665039,True
896,183,7.896626676947069,0.00018938599896500818,0.1720590591430664,True
897,244,6.962734079413782,0.0001992090001294855,0.17205142974853516,True
898,136,9.629892970423473,0.0002053139978670515,0.17206668853759766,True
899,48,9.703729120791492,0.00018498500139685348,0.1720590591430664,True
900,237,5.451936357115813,0.0001867380015028175,0.1720590591430664,True
901,60,4.733748680577664,0.00018419499974697828,0.17205142974853516,True
902,183,5.4361532840623505,0.00018215000091004185,0.17205142974853516,True
903,159,6.0313858610862106,0.00018221200298285112,0.17205142974853516,True
904,273,6.068219142921858,0.00018651199934538454,0.17205142974853516,True
905,129,12.862452884630631,0.0001889689992822241,0.1720590591430664,True
906,129,6.982038428017473,0.00018252900190418586,0.17205142974853516,True
907,230,6.780638257140028,0.00020289799795136787,0.17205142974853516,True
908,237,5.330688190213269,0.00018668499978957698,0.1720590591430664,True
909,351,18.97434054492466,0.00018645999807631597,0.17206668853759766,False
910,27,17.78471968274469,0.0002024710011028219,0.1720895767211914,True
911,230,4.215964480426631,0.000182866002433002,0.17205142974853516,True
912,143,4.815389994662002,0.00018320600065635517,0.17205142974853516,True
913,26,27.200854551015073,0.00018723699758993462,0.17211246490478516,True
914,143,5.762819982062459,0.0001819060016714502,0.17205142974853516,True
915,138,86.02995288455737,0.0002040799990936648,0.17217350006103516,True
916,128,13.48318470559308,0.00018577000082586892,0.1720743179321289,True
917,129,22.781513034888075,0.0002104479972331319,0.1720590591430664,True
918,27,9.126256113503215,0.0001855529990280047,0.17208194732666016,True
919,88,8.724972197806188,0.00018707300114328973,0.1720590591430664,True
920,17,2.340994066316358,0.0001938700006576255,0.1721353530883789,True
921,270,3.6542898639020205,0.00019320799765409902,0.1720590591430664,True
922,135,8.329962076711235,0.00021369000023696572,0.17205142974853516,True
923,135,3.604937897665852,0.00018493400057195686,0.17205142974853516,True
924,109,6.101373184790073,0.00018793299750541337,0.17205142974853516,True
925,183,8.197022705614664,0.00018862599972635508,0.1720590591430664,True
926,76,7.798952630234843,0.00018676699983188882,0.17205142974853516,True
927,26,9.796693378227099,0.00019551899822545238,0.17208194732666016,True
928,128,6.982862641833654,0.0001900040006148629,0.1720590591430664,True
929,109,3.79084280194736,0.00022769499992136844,0.17205142974853516,True
930,244,4.696229388856237,0.00020231400048942305,0.17205142974853516,True
931,290,10.64391358383341,0.0001870179985417053,0.17206668853759766,True
932,237,12.619215491358538,0.00021732299865107052,0.17208194732666016,True
933,183,6.300682295766386,0.000510477002535481,0.1720590591430664,True
934,183,4.708662679517866,0.0001839260003180243,0.17205142974853516,True
935,26,6.116204824925827,0.0001895140012493357,0.17208194732666016,True
936,17,14.836950948113726,0.00018839999756892212,0.1721658706665039,True
937,17,2.9531876389129357,0.00019373400209588,0.1721353530883789,True
938,290,5.920600280712599,0.00019643400082713924,0.1720590591430664,True
939,76,17.1802487422308,0.00019149400031892583,0.1720895767211914,True
940,88,18.553950375438262,0.00018869300038204528,0.1720590591430664,True
941,57,4.090825110039167,0.000186269997357158,0.17205142974853516,True
942,48,10.233725620780563,0.00019582599998102523,0.1720590591430664,True
943,165,8.047286273922557,0.00020335700173745863,0.1720590591430664,True
944,214,29.261012480156193,0.00019360500300535932,0.1720895767211914,True
945,60,17.552698862678625,0.00032131500120158307,0.1720743179321289,True
946,64,4.7124364360389706,0.00019539300046744756,0.17205142974853516,True
947,109,6.712762156226384,0.00018458500198903494,0.1720590591430664,True
948,149,6.959619619711944,0.00018124099733540788,0.1720590591430664,True
949,77,17.29479515205925,0.00019613899712567218,0.17206668853759766,True
950,176,8.031613573168258,0.0001859399999375455,0.1720590591430664,True
951,273,6.789756480238727,0.00019225299911340699,0.1720590591430664,True
952,238,1.6420553559122493,0.00018723500033956952,0.17205142974853516,True
953,78,15.631574196613702,0.0001999669984797947,0.17206668853759766,True
954,143,2.575300810487329,0.00019050400078413077,0.17205142974853516,True
955,88,14.306574595579859,0.00019606700152507983,0.17206668853759766,True
956,109,7.1237619671152785,0.00024387599842157215,0.17205142974853516,True
957,183,7.271244354018265,0.00019045299995923415,0.17205142974853516,True
958,76,8.47743436973467,0.0003864660029648803,0.17205142974853516,True
959,273,9.479890306477674,0.00018290599837200716,0.1720590591430664,True
960,77,21.542434560200626,0.0006863189992145635,0.17208194732666016,True
961,17,8.211915723346834,0.00020754999786731787,0.17215824127197266,True
962,60,15.679617704431655,0.00018383099813945591,0.1720743179321289,True
963,76,7.960206758080252,0.00018974799968418665,0.1720590591430664,True
964,237,6.466929799139106,0.0001843860009103082,0.1720590591430664,True
965,76,6.987071648200395,0.00018903299860539846,0.1720590591430664,True
966,230,2.8836854218317556,0.0001811420006561093,0.17205142974853516,True
967,57,4.889425458997343,0.00018369399913353845,0.17205142974853516,True
968,238,4.010261194114574,0.00020207499983371235,0.17205142974853516,True
969,237,7.006592420723298,0.00018515700139687397,0.17206668853759766,True
970,135,2.618832649373726,0.00019524200251908042,0.17205142974853516,True
971,57,10.341184325778094,0.00018662300135474652,0.17206668853759766,True
972,290,11.461400816977902,0.00019127399718854576,0.1720590591430664,True
973,129,10.498490150203224,0.00018950099911307916,0.17206668853759766,True
974,230,7.105283463026951,0.0001830750006774906,0.17205142974853516,True
975,159,14.47295601426935,0.00018513100076233968,0.1720590591430664,True
976,159,10.152556837976665,0.00018450800052960403,0.1720590591430664,True
977,149,4.846984802881956,0.00020448400027817115,0.17205142974853516,True
978,220,7.087936135014266,0.00018803599959937856,0.1720590591430664,True
979,270,7.245498612017319,0.00018623299911268987,0.1720590591430664,True
980,159,13.948280782390592,0.00019363600222277455,0.1720743179321289,True
981,135,5.709110297484728,0.00018305000048712827,0.17205142974853516,True
982,150,8.297191999752767,0.00019538000196916983,0.1720590591430664,True
983,230,5.398463284513878,0.00018596500012790784,0.1720590591430664,True
984,138,29.287214261100157,0.00019118099953630008,0.17209720611572266,True
985,143,8.102108826533776,0.0001836949995777104,0.1720590591430664,True
986,220,7.450341531819933,0.0001863329998741392,0.1720590591430664,True
987,17,7.996223627315593,0.00019470000188448466,0.17214298248291016,True
988,230,4.54930962235221,0.00018960000306833535,0.17205142974853516,True
989,208,6.872660773940996,0.00018869199993787333,0.1720743179321289,True
990,60,18.05584716731382,0.0001852790010161698,0.1720743179321289,True
991,214,11.091959134825057,0.00020693500118795782,0.1720743179321289,True
992,159,8.667087813990431,0.00019995800175820477,0.1720590591430664,True
993,214,4.1540202133995985,0.0001827870000852272,0.1720590591430664,True
994,60,3.7892544868793947,0.00018900999930338003,0.17205142974853516,True
995,177,27.886156032176583,0.00018964699847856537,0.1721048355102539,True
996,17,8.752085074098819,0.00019887799862772226,0.1721506118774414,True
997,77,14.691319436349973,0.00018598099995870143,0.1720743179321289,True
998,159,14.749637608770758,0.00018762000036076643,0.17209720611572266,True
999,26,16.618586961052596,0.00019951400099671446,0.17209720611572266,True
1000,97,13.102270110755358,0.00018734699915512465,0.17208194732666016,True
1001,165,6.39527277895954,0.0001844119979068637,0.17205142974853516,True
1002,26,8.503522124847452,0.00018717700004344806,0.17208194732666016,True
1003,234,5.2367210113927305,0.0002110030000039842,0.17205142974853516,True
1004,263,12.026208965256913,0.00018512400129111484,0.1720590591430664,True
1005,214,8.216608711180983,0.00018447000184096396,0.17206668853759766,True
1006,234,7.620962618158143,0.0001823249986045994,0.1720590591430664,True
1007,237,13.452481824290265,0.00018568400264484808,0.17205142974853516,True
1008,273,8.15330964718623,0.00020344400036265142,0.1720590591430664,True
1009,214,9.107959345691246,0.0001995920029003173,0.17206668853759766,True
1010,77,54.15297870289465,0.00019811799938906915,0.17214298248291016,True
1011,177,71.64460009577544,0.00019366900232853368,0.1721658706665039,True
1012,208,13.151269205277215,0.00019662200065795332,0.1720743179321289,True
1013,183,8.69957234528345,0.00018497799828764983,0.17206668853759766,True
1014,64,5.951398709355991,0.0001894349989015609,0.17205142974853516,True
1015,238,17.139689979925993,0.00018292200184077956,0.17205142974853516,True
1016,183,8.395094143171674,0.00019505299860611558,0.17206668853759766,True
1017,149,7.154137576147218,0.0002003740009968169,0.1720590591430664,True
1018,183,4.755242962609819,0.00018247600019094534,0.17205142974853516,True
1019,112,11.62508552952333,0.00018368000019108877,0.1720590591430664,True
1020,76,6.147203241241165,0.00018257899864693172,0.17205142974853516,True
1021,48,12.057418549445192,0.00018614299915498123,0.17206668853759766,True
1022,206,7.527499979826277,0.00019219000023440458,0.1720590591430664,True
1023,234,5.4443823130139,0.00018398999964119866,0.17205142974853516,True
1024,150,17.701583406252894,0.00018856499809771776,0.1720895767211914,True
1025,230,6.992407263445342,0.00019755299945245497,0.1720590591430664,True
1026,237,3.1115905139850977,0.00018483200256014243,0.17205142974853516,True
1027,267,4.170819241252824,0.00018286300110048614,0.17205142974853516,True
1028,237,6.907062989337679,0.00019242000053054653,0.1720590591430664,True
1029,159,12.993859734887947,0.00019820299712591805,0.1720743179321289,True
1030,230,4.375945535429096,0.00020103200222365558,0.17205142974853516,True
1031,230,3.0842530384235016,0.00018326600184082054,0.17205142974853516,True
1032,109,3.6586486759039785,0.00018497599739930592,0.17206668853759766,True
1033,237,6.966080301303287,0.00020281099932617508,0.1720590591430664,True
1034,230,1.6838661059229876,0.00018182799976784736,0.17205142974853516,True
1035,263,11.823818915089507,0.00018690100114326924,0.1720590591430664,True
1036,237,6.569682652492868,0.00018909999926108867,0.1720590591430664,True
1037,77,105.01411934551925,0.00020518900055321865,0.17218875885009766,True
1038,57,7.510427372329806,0.0001942689996212721,0.1720590591430664,True
1039,273,10.73318475539534,0.00020026499987579882,0.17206668853759766,True
1040,244,8.752398751952326,0.00020196700279484503,0.17206668853759766,True
1041,64,8.294756404603328,0.00021027899856562726,0.17205142974853516,True
1042,60,8.888433094748216,0.00019201499890186824,0.1720590591430664,True
1043,127,12.156199499147895,0.0001830219989642501,0.1720590591430664,True
1044,128,5.41188642299241,0.0002040190011030063,0.1720590591430664,True
1045,206,4.303006798423649,0.00018375800209469162,0.17205142974853516,True
1046,60,5.022314918057661,0.00018768099835142493,0.17205142974853516,True
1047,230,2.019974902389731,0.0001833889982663095,0.17205142974853516,True
1048,77,21.02516355899409,0.00019783600146183744,0.1720895767211914,True
1049,220,4.05614754469495,0.00018730300143943168,0.17205142974853516,True
1050,183,2.9453508805179327,0.00019521699869073927,0.17205142974853516,True
1051,109,4.7597713585762875,0.0001872769971669186,0.17205142974853516,True
1052,48,5.740836200100598,0.00019844399866997264,0.17205142974853516,True
1053,60,5.500318077660927,0.0001902330004668329,0.1720590591430664,True
1054,57,4.11269355624644,0.00020444899928406812,0.17205142974853516,True
1055,55,4.704742987810092,0.00021203600044827908,0.17205142974853516,True
1056,112,3.127622813454428,0.00020796699755010195,0.17205142974853516,True
1057,135,3.7522088606600494,0.00020786499953828752,0.17205142974853516,True
1058,230,6.073967082906292,0.00018100699890055694,0.17205142974853516,True
1059,112,6.04854024980787,0.00018289900253876112,0.1720590591430664,True
1060,27,7.446237970087893,0.0001864260011643637,0.17208194732666016,True
1061,60,12.248095409564739,0.0001855650007200893,0.1720743179321289,True
1062,243,6.47114111755843,0.00018488100249669515,0.17205142974853516,True
1063,196,4.800194595239975,0.0005904839999857359,0.17205142974853516,True
1064,267,5.000063420496668,0.0001844990001700353,0.17205142974853516,True
1065,77,93.33660304405569,0.00021263099915813655,0.17220401763916016,True
1066,135,6.56004768749984,0.00019329499991727062,0.17206668853759766,True
1067,159,6.697968763381216,0.0001836039991758298,0.1720590591430664,True
1068,183,4.561658577787006,0.00021172900233068503,0.17205142974853516,True
1069,135,3.126549050833158,0.00019126800179947168,0.17205142974853516,True
1070,17,7.543589955966586,0.00018925099720945582,0.17214298248291016,True
1071,150,8.53191844203612,0.000201932001800742,0.17206668853759766,True
1072,88,4.219941139749004,0.00023957500161486678,0.17205142974853516,True
1073,263,7.891589150474005,0.00018641300266608596,0.1720590591430664,True
1074,220,6.979323296416112,0.00018265200196765363,0.17205142974853516,True
1075,177,28.896834476216128,0.00019003499983227812,0.17209720611572266,True
1076,143,11.893679397567823,0.00018358500165049918,0.1720590591430664,True
1077,246,5.85811897447547,0.00019514300220180303,0.17205142974853516,True
1078,280,4.114062976487677,0.00019376700220163912,0.17205142974853516,True
1079,77,56.40291399589704,0.00034832900200854056,0.1721506118774414,True
1080,230,6.566430572730613,0.00019413799964240752,0.1720590591430664,True
1081,150,17.769337585977812,0.00018445800014887936,0.1720895767211914,True
1082,263,11.306434347271837,0.00018382200141786598,0.17206668853759766,True
1083,112,6.6443065087081825,0.000188591999176424,0.17206668853759766,True
1084,290,4.560890215271221,0.0003553140013536904,0.17205142974853516,True
1085,267,4.435073672271854,0.000251540001045214,0.17205142974853516,True
1086,112,8.259949852148875,0.0001813649978430476,0.1720590591430664,True
1087,149,6.533959038843411,0.0001953190003405325,0.1720590591430664,True
1088,135,4.031029958545186,0.00018468900088919327,0.17205142974853516,True
1089,143,7.2632041912236796,0.0001831800000218209,0.1720590591430664,True
1090,129,17.815160676554093,0.00018285500118508935,0.1720590591430664,True
1091,82,5.390949027877458,0.0002043390013568569,0.1720590591430664,True
1092,76,3.724532335579572,0.0002503849973436445,0.17205142974853516,True
1093,128,2.915569158846923,0.00018269900101586245,0.17205142974853516,True
1094,138,19.427408477349022,0.00018335999993723817,0.1720590591430664,True
1095,230,3.145209637783404,0.00018109300071955658,0.17205142974853516,True
1096,230,3.0902393449764736,0.0001828419990488328,0.17205142974853516,True
1097,135,3.3467860061508183,0.0001837640011217445,0.17205142974853516,True
1098,88,6.918199004279751,0.0001836039991758298,0.17205142974853516,True
1099,47,15.508613940029816,0.00019112399968435057,0.17206668853759766,True
1100,64,5.219239267489513,0.0001834760005294811,0.17205142974853516,True
1101,136,6.195050995802255,0.00018659700072021224,0.1720590591430664,True
1102,97,8.825127644234763,0.00018582700067781843,0.1720590591430664,True
1103,76,4.110668913759588,0.0001985080016311258,0.17205142974853516,True
1104,60,7.556055032769668,0.00018935700063593686,0.1720590591430664,True
1105,135,4.8124971873627995,0.00018623199866851792,0.17205142974853516,True
1106,127,5.699702889323367,0.00018622200150275603,0.17205142974853516,True
1107,150,9.866262875414,0.00018386400188319385,0.1720590591430664,True
1108,138,10.195846013738477,0.000184243999683531,0.1720590591430664,True
1109,17,7.574390700600548,0.00019213700215914287,0.17214298248291016,True
1110,48,8.44951325010298,0.00018415000158711337,0.17206668853759766,True
1111,57,6.748017825242942,0.00018702499801293015,0.1720590591430664,True
1112,129,6.505839529614794,0.00018629500118549913,0.17205142974853516,True
1113,183,1.7866366532072495,0.00018591600019135512,0.17205142974853516,True
1114,290,10.107589239460507,0.0002007529983529821,0.1720590591430664,True
1115,276,12.426258537095748,0.00018344300042372197,0.17206668853759766,True
1116,109,2.2245510731790956,0.00018188800095231272,0.17205142974853516,True
1117,183,7.671071128501231,0.00018301700038136914,0.1720590591430664,True
1118,136,33.2084611017877,0.00018445699970470741,0.17206668853759766,True
1119,183,5.172121633662292,0.00018491700029699132,0.17205142974853516,True
1120,220,3.274226182123085,0.00018332500258111395,0.17205142974853516,True
1121,183,4.371093888801504,0.0001853520006989129,0.1720590591430664,True
1122,109,5.720852820378478,0.0001872040011221543,0.17205142974853516,True
1123,19,5.010282761532176,0.00018508799985283986,0.17205142974853516,True
1124,174,2.9743444656109865,0.00018368399832979776,0.17205142974853516,True
1125,97,6.462159938402364,0.00019661099941004068,0.17206668853759766,True
1126,57,6.515174250689404,0.00019282799985376187,0.1720590591430664,True
1127,88,8.32153030434867,0.00018540199744165875,0.1720590591430664,True
1128,215,58.0637475173465,0.0002094650008075405,0.1721506118774414,True
1129,47,14.89739895138148,0.00019153500034008175,0.1720743179321289,True
1130,230,4.485998173521623,0.00019425999926170334,0.17205142974853516,True
1131,76,6.417520013622958,0.00020021800082759,0.17205142974853516,True
1132,60,18.949534825812606,0.00018270500004291534,0.1720590591430664,True
1133,220,3.6857440977910754,0.00018647700198926032,0.17205142974853516,True
1134,238,7.048172552309114,0.00018235300012747757,0.17205142974853516,True
1135,276,13.942812154658522,0.00018356399959884584,0.1720590591430664,True
1136,135,8.803172452280066,0.00019166199854225852,0.1720590591430664,True
1137,26,11.428046853596193,0.00020358400070108473,0.1720895767211914,True
1138,76,7.46293807102531,0.00018419799744151533,0.1720590591430664,True
1139,26,12.67816721792057,0.00018361000184086151,0.1720895767211914,True
1140,183,8.78109451209357,0.0001848659994720947,0.17206668853759766,True
1141,183,5.080520128194665,0.00021641199782607146,0.17205142974853516,True
1142,88,62.7955462625827,0.00018813099813996814,0.1721200942993164,True
1143,26,11.760101003036853,0.0002590609983599279,0.1720743179321289,True
1144,234,7.592922571640285,0.00021090500013087876,0.1720590591430664,True
1145,267,6.457533218035297,0.0002217860019300133,0.1720590591430664,True
1146,26,12.486195684187503,0.00021204400036367588,0.17208194732666016,True
1147,196,4.984631611571716,0.00018298400027561001,0.1720590591430664,True
1148,237,7.206047073697675,0.0001897750007628929,0.1720590591430664,True
1149,244,6.153684215141984,0.00018264800019096583,0.17205142974853516,True
1150,60,14.188623584681181,0.0001946240008692257,0.1720743179321289,True
1151,183,2.6536430111240854,0.00020545000006677583,0.17205142974853516,True
1152,60,8.54401378284003,0.00019301599968457595,0.1720590591430664,True
1153,220,5.299867858627374,0.0002428740008326713,0.17205142974853516,True
1154,138,16.92350633784954,0.00018700400323723443,0.1720743179321289,True
1155,234,9.602618221816876,0.00018631900093168952,0.17205142974853516,True
1156,76,4.497937901820549,0.000204791002033744,0.1720590591430664,True
1157,208,6.323013176417058,0.00020383099763421342,0.17206668853759766,True
1158,159,5.904394069046464,0.00018908200217993,0.17205142974853516,True
1159,150,15.79198960712213,0.0001877270005934406,0.1720590591430664,True
1160,230,4.813947863348658,0.00018552000256022438,0.17205142974853516,True
1161,149,12.5217118487139,0.00019450900072115473,0.1720590591430664,True
1162,128,9.40880495298827,0.0006625810019613709,0.17206668853759766,True
1163,26,4.965336435601172,0.0002022280023084022,0.17208194732666016,True
1164,88,13.162938667523129,0.00019171299936715513,0.1720590591430664,True
1165,159,3.921288992521491,0.0001868050021585077,0.17205142974853516,True
1166,237,6.099412300592385,0.00018243500016978942,0.1720590591430664,True
1167,47,11.53114416781328,0.00018491399896447547,0.17205142974853516,True
1168,129,3.2331722758306336,0.0001837980016716756,0.17205142974853516,True
1169,112,5.282627138430405,0.0001847690000431612,0.1720590591430664,True
1170,263,5.993747727454729,0.00021716400078730658,0.1720590591430664,True
1171,230,4.287051572216777,0.00019376199998077936,0.17205142974853516,True
1172,230,1.5171340406692608,0.00018273300156579353,0.17205142974853516,True
1173,89,4.58386874289971,0.0001921339971886482,0.1720590591430664,True
1174,237,10.998928312202139,0.00018274200192536227,0.1720743179321289,True
1175,17,12.81261186847263,0.00019038599930354394,0.17214298248291016,True
1176,177,13.775736379939303,0.00045081699863658287,0.1720590591430664,True
1177,26,22.887370526792104,0.00018615699809743091,0.17209720611572266,True
1178,230,5.365006261060198,0.00019252100173616782,0.17205142974853516,True
1179,149,31.172434630552395,0.00020985199807910249,0.1720743179321289,True
1180,47,12.68918740604007,0.0002040840008703526,0.17206668853759766,True
1181,222,28.532877380876286,0.00019301599968457595,0.17208194732666016,True
1182,82,6.358874845790536,0.0001843029967858456,0.1720590591430664,True
1183,109,3.293200459990243,0.00018390200057183392,0.17205142974853516,True
1184,230,3.1112784055111193,0.00018435299716657028,0.17205142974853516,True
1185,77,22.3039549056228,0.00018297499991604127,0.17206668853759766,True
1186,64,8.259007304396754,0.00018205699961981736,0.1720590591430664,True
1187,127,7.387462912430016,0.00019797200002358295,0.17205142974853516,True
1188,57,3.7692600586404947,0.0001851559973147232,0.17205142974853516,True
1189,112,11.573932705943351,0.0001998369989451021,0.1720590591430664,True
1190,163,18.164335142342562,0.0001929479985847138,0.1720743179321289,True
1191,165,13.550011388643025,0.00019592599710449576,0.1720590591430664,True
1192,129,10.079445128273441,0.00019701799828908406,0.17206668853759766,True
1193,88,11.02349288134615,0.00018727799761109054,0.1720590591430664,True
1194,112,18.451788019032644,0.00018352700135437772,0.17208194732666016,True
1195,220,8.353339185677918,0.0001999830019485671,0.1720590591430664,True
1196,143,4.6556793451299425,0.00019795800108113326,0.17205142974853516,True
1197,159,8.188092967711254,0.00018421499771648087,0.17205142974853516,True
1198,183,34.96433584985759,0.0002050039984169416,0.1721048355102539,True
1199,244,6.003555687148273,0.00018314900080440566,0.17205142974853516,True
1200,27,4.5834715415013125,0.00018768899826682173,0.17208194732666016,True
1201,246,3.0221719108452434,0.00019039700055145659,0.17205142974853516,True
1202,159,9.229995915063897,0.00020433399913599715,0.1720590591430664,True
1203,109,2.9761749175519627,0.00018427999748382717,0.17205142974853516,True
1204,109,9.001339768374557,0.00018190899936598726,0.1720590591430664,True
1205,48,4.501933845296608,0.00018311500025447458,0.17205142974853516,True
1206,230,5.2595536331865675,0.00018444799934513867,0.17205142974853516,True
1207,238,6.420425877830276,0.00018969599841511808,0.1720590591430664,True
1208,183,5.190819057446272,0.00019134199828840792,0.17205142974853516,True
1209,88,7.248064184895306,0.00018310000086785294,0.1720590591430664,True
1210,82,4.886167917085527,0.00018538299991632812,0.1720590591430664,True
1211,27,25.40391692904566,0.00018736100173555315,0.17209720611572266,True
1212,88,9.056407627991373,0.0001847300009103492,0.1720590591430664,True
1213,267,4.236685871932696,0.0001829350003390573,0.17205142974853516,True
1214,220,3.7602292785720604,0.00018396899758954532,0.17205142974853516,True
1215,82,3.4190467912334537,0.00018227699911221862,0.17205142974853516,True
1216,176,2.760257458352905,0.00021125800049048848,0.17205142974853516,True
1217,176,4.516719570882281,0.0001905899989651516,0.17205142974853516,True
1218,276,7.308233317046875,0.00019239399989601225,0.1720590591430664,True
1219,138,19.995103978612086,0.00018797899974742904,0.17208194732666016,True
1220,143,1.5802554179740735,0.00019143999816151336,0.17205142974853516,True
1221,222,63.84018188492786,0.00020899599985568784,0.17214298248291016,True
1222,64,4.763156712424263,0.00018251100118504837,0.17205142974853516,True
1223,76,6.487282953666729,0.00018342800103710033,0.17205142974853516,True
1224,82,6.867385187441091,0.0001938050008902792,0.17206668853759766,True
1225,135,3.7830712639614386,0.00019389099907130003,0.17205142974853516,True
1226,183,6.635126242193073,0.00019728900224436074,0.17205142974853516,True
1227,234,6.091118415305461,0.00018565099890111014,0.17205142974853516,True
1228,17,3.9012354693348086,0.00018991199976881035,0.17214298248291016,True
1229,26,20.77602613602986,0.0002119069977197796,0.17209720611572266,True
1230,263,7.1365879851932075,0.00020335299996077083,0.17205142974853516,True
1231,263,9.4892249936766,0.00018814700160874054,0.17205142974853516,True
1232,112,32.623016527829016,0.00018909099890151992,0.1721048355102539,True
1233,27,14.082565151680669,0.0001860329975897912,0.17206668853759766,True
1234,129,13.742475499039928,0.00018261600052937865,0.17205142974853516,True
1235,64,5.929279915823971,0.00018319299852009863,0.17205142974853516,True
1236,64,7.873303572512127,0.0001846069972089026,0.17206668853759766,True
1237,17,9.438894012578578,0.0001872020002338104,0.1721353530883789,True
1238,230,6.445944015710421,0.00018429700139677152,0.1720590591430664,True
1239,230,5.199760707672523,0.00018375899890088476,0.17205142974853516,True
1240,55,6.600068365153827,0.0001881239986687433,0.17205142974853516,True
1241,135,5.364752515429382,0.00018457300029695034,0.1720590591430664,True
1242,26,6.064740678986278,0.0001871839995146729,0.17208194732666016,True
1243,128,17.45782943825633,0.00019367699860595167,0.1720743179321289,True
1244,76,9.278030631835895,0.00018485100008547306,0.17205142974853516,True
1245,97,7.374472406467786,0.00018217999968328513,0.17205142974853516,True
1246,82,2.9860652667953445,0.0002006249997066334,0.17205142974853516,True
1247,82,2.6193068303433296,0.00018591999833006412,0.17205142974853516,True
1248,88,10.260148091827457,0.00018251099754706956,0.1720590591430664,True
1249,77,15.772118142619648,0.00019646299915621057,0.1720743179321289,True
1250,177,16.031879593590258,0.0007228979993669782,0.1720743179321289,True
1251,97,8.495448801164736,0.000270148000709014,0.1720590591430664,True
1252,273,7.897327347530458,0.00021289999858709052,0.1720590591430664,True
1253,128,9.631942192790454,0.00020560299890348688,0.17206668853759766,True
1254,26,14.050660158212713,0.00018878000264521688,0.17209720611572266,True
1255,138,41.2733143739341,0.0001900749994092621,0.17209720611572266,True
1256,159,9.53265312313902,0.00019512500148266554,0.17205142974853516,True
1257,183,7.861700078840394,0.0001854739966802299,0.1720590591430664,True
1258,230,3.9343547222309594,0.00018268300118506886,0.17205142974853516,True
1259,230,5.0209249467878445,0.0001939370013133157,0.17205142974853516,True
1260,88,7.9628249954795285,0.0001848459978646133,0.1720590591430664,True
1261,246,6.391410422041481,0.00018260000069858506,0.17206668853759766,True
1262,64,6.039766660921712,0.0001839460019255057,0.17205142974853516,True
1263,143,11.504537508169252,0.00018303199976799078,0.17205142974853516,True
1264,17,4.957060758065704,0.00018771500253933482,0.17214298248291016,True
1265,26,20.21933993226826,0.0001888940023491159,0.1720895767211914,True
1266,48,10.86315446713692,0.00019994399917777628,0.17206668853759766,True
1267,60,8.240735874087703,0.00019837699801428244,0.1720590591430664,True
1268,17,2.726459191628683,0.00019513700317475013,0.1721353530883789,True
1269,238,7.026816555215849,0.00019638899902929552,0.17205142974853516,True
1270,165,6.968006602564733,0.0001989839984162245,0.1720590591430664,True
1271,88,8.716106179108502,0.0001871089989435859,0.1720590591430664,True
1272,26,15.340943900292338,0.00020260599922039546,0.1720895767211914,True
1273,57,5.758663192542447,0.00018919499780167826,0.1720590591430664,True
1274,135,4.348919308484262,0.00018470500071998686,0.17205142974853516,True
1275,177,16.956226617432545,0.00018202299906988628,0.1720590591430664,True
1276,267,5.03562879943936,0.00019806300042546354,0.17205142974853516,True
1277,183,5.925754679539651,0.00018542600082582794,0.17205142974853516,True
1278,78,10.772548422227093,0.0002512559985916596,0.1720590591430664,True
1279,263,6.881972566800975,0.00021433900110423565,0.17205142974853516,True
1280,77,66.03409165624605,0.00020443199900910258,0.1721506118774414,True
1281,263,13.425097390666183,0.0001846570012276061,0.17206668853759766,True
1282,267,6.121403812374786,0.00018679999993764795,0.17205142974853516,True
1283,290,29.91806249341778,0.00018605299919727258,0.17206668853759766,True
1284,135,11.296729991635203,0.0001854090005508624,0.17206668853759766,True
1285,82,6.6337393511562,0.00018328700025449507,0.1720590591430664,True
1286,237,19.836501298927804,0.00018357600129093044,0.1720590591430664,True
1287,244,8.665517221550893,0.00018419199841446243,0.17206668853759766,True
1288,234,6.27047469820022,0.0001892709988169372,0.17205142974853516,True
1289,47,16.96243615872223,0.00021083400133647956,0.1720743179321289,True
1290,129,6.868065893511827,0.00018307199934497476,0.1720590591430664,True
1291,112,6.708911308508524,0.00018183599968324415,0.1720590591430664,True
1292,244,6.3516872271119835,0.00018410999837215059,0.17205142974853516,True
1293,136,52.97469841789464,0.00019334199896547943,0.17209720611572266,True
1294,57,3.9613069267628145,0.0002055120021395851,0.17205142974853516,True
1295,17,16.803433059931578,0.00020359799964353442,0.17214298248291016,True
1296,234,4.313829240854699,0.00019847700241371058,0.17205142974853516,True
1297,183,3.993582406432867,0.00018601799820316955,0.17205142974853516,True
1298,220,4.741156742170012,0.0001921580005728174,0.1720590591430664,True
1299,220,6.402085973223059,0.0001865680023911409,0.1720590591430664,True
1300,17,2.5375494648099286,0.00018815400107996538,0.1721353530883789,True
1301,77,12.03608319893488,0.0001871979984571226,0.1720743179321289,True
1302,17,9.324735538743488,0.00020002899691462517,0.17214298248291016,True
1303,214,4.369810481615515,0.0001842460005718749,0.17205142974853516,True
1304,183,7.597299117394894,0.000185503999091452,0.17205142974853516,True
1305,174,7.793959069019286,0.00018266899860464036,0.1720590591430664,True
1306,76,4.572835404465914,0.00020980399858672172,0.17205142974853516,True
1307,77,38.83449111893106,0.00018126199938706122,0.1720895767211914,True
1308,64,7.354828165687352,0.00018901099974755198,0.1720590591430664,True
1309,183,6.013565708543973,0.0001899939998111222,0.1720590591430664,True
1310,244,4.2046847903636575,0.00018488599744159728,0.17205142974853516,True
1311,234,21.550905734385044,0.00023110799884307198,0.17208194732666016,True
1312,244,3.8613155664758088,0.0001877350005088374,0.17205142974853516,True
1313,17,5.687535121871505,0.00019987099949503317,0.17214298248291016,True
1314,88,6.370536066192134,0.0001901300020108465,0.1720590591430664,True
1315,135,5.497575692014566,0.00019072000213782303,0.1720590591430664,True
1316,276,11.677717603522531,0.0001839159995142836,0.1720743179321289,True
1317,183,3.0682006057033298,0.00027975299963145517,0.17205142974853516,True
1318,270,7.611183387405413,0.00018335900313104503,0.1720590591430664,True
1319,112,10.762207655382301,0.0001837050003814511,0.17206668853759766,True
1320,112,7.005803677693598,0.0001826170009735506,0.1720590591430664,True
1321,109,1.8636547220453754,0.00018186600209446624,0.17205142974853516,True
1322,183,4.553448618254451,0.0001820030011003837,0.1720590591430664,True
1323,48,6.680933214902023,0.00018427300165058114,0.1720590591430664,True
1324,17,4.573281869606978,0.0001943200004461687,0.17214298248291016,True
1325,97,10.420280605629463,0.00019722900105989538,0.1720590591430664,True
1326,127,10.998774885499854,0.00018029200145974755,0.1720590591430664,True
1327,214,7.761629365948136,0.0001999869964492973,0.1720590591430664,True
1328,57,4.497117343812031,0.0001836340015870519,0.17205142974853516,True
1329,112,6.074745095969321,0.00018986600116477348,0.1720590591430664,True
1330,230,4.901727375751529,0.00029387899849098176,0.17205142974853516,True
1331,138,29.933845090446844,0.00018997900042450055,0.1720895767211914,True
1332,82,5.181627137152168,0.00018483800158719532,0.17205142974853516,True
1333,88,5.6249038140694525,0.00018359699970460497,0.1720590591430664,True
1334,214,5.329230110787198,0.00018015600289800204,0.1720590591430664,True
1335,183,9.035385397533055,0.0001860490010585636,0.17206668853759766,True
1336,244,4.997054693755006,0.0001838040006987285,0.17205142974853516,True
1337,183,7.56097543510915,0.00019698599862749688,0.1720590591430664,True
1338,267,9.508772075417639,0.0001843309983087238,0.1720590591430664,True
1339,159,6.877624421225757,0.00019976000112365,0.1720590591430664,True
1340,183,7.878678362439787,0.00018543099940870889,0.1720590591430664,True
1341,128,13.709948117998794,0.00019708100080606528,0.17205142974853516,True
1342,273,10.553132980780394,0.0002012959994317498,0.17206668853759766,True
1343,76,4.491661209141724,0.00018196300152339973,0.17205142974853516,True
1344,273,6.11731109734582,0.00018806899970513768,0.1720590591430664,True
1345,244,5.274567249054159,0.00018210700000054203,0.17205142974853516,True
1346,174,2.264049391732405,0.00019714600057341158,0.17205142974853516,True
1347,183,4.424868684397572,0.00018821199773810804,0.1720590591430664,True
1348,27,11.218165301205222,0.00019712300127139315,0.17205142974853516,True
1349,183,4.266717103068134,0.00019248900207458064,0.17205142974853516,True
1350,127,12.05041501236122,0.0001973710022866726,0.1720590591430664,True
1351,135,4.183399276249085,0.0006272659993555862,0.1720590591430664,True
1352,77,17.05332428088744,0.0001853300018410664,0.1720743179321289,True
1353,135,3.5641729993127718,0.00018558800002210774,0.17205142974853516,True
1354,112,8.411459391578084,0.00018583600103738718,0.17206668853759766,True
1355,128,8.02354312868257,0.00018599800023366697,0.17205142974853516,True
1356,263,6.888342531844028,0.00018588799866847694,0.17205142974853516,True
1357,183,5.64251794147807,0.00018788799934554845,0.17205142974853516,True
1358,109,4.115541401032271,0.00020602199947461486,0.17206668853759766,True
1359,17,13.281592796496223,0.00023056999998516403,0.1721506118774414,True
1360,135,9.57596556867656,0.00018229200213681906,0.17206668853759766,True
1361,112,7.474873364189623,0.00018509399887989275,0.17205142974853516,True
1362,138,21.669186964977662,0.00018875699970521964,0.1720743179321289,True
1363,234,6.973196828019213,0.00018439099949318916,0.1720590591430664,True
1364,230,11.11484546589959,0.00019312500080559403,0.1720590591430664,True
1365,17,4.97212888647374,0.00020814099843846634,0.17214298248291016,True
1366,238,7.503963805151037,0.00018619000184116885,0.17206668853759766,True
1367,76,4.472785839284226,0.00020021499949507415,0.17205142974853516,True
1368,97,9.08922250057601,0.00018439300038153306,0.17205142974853516,True
1369,129,11.877952961466619,0.0001831640001910273,0.17205142974853516,True
1370,273,50.34774615567572,0.00018787600129144266,0.1720895767211914,True
1371,273,8.43712689366053,0.0001854290021583438,0.17206668853759766,True
1372,273,6.774868111266156,0.0001958799985004589,0.1720590591430664,True
1373,112,5.823694190664675,0.00018480399739928544,0.1720590591430664,True
1374,48,10.2681604171168,0.00019489199985400774,0.17206668853759766,True
1375,230,4.551217338493201,0.00019667300148284994,0.17205142974853516,True
1376,230,4.280024211107005,0.00019203600095352158,0.17205142974853516,True
1377,237,2.990681331391719,0.00018412400095257908,0.17205142974853516,True
1378,230,5.177191250734568,0.00018220399942947552,0.17205142974853516,True
1379,177,21.1052523042044,0.00020049799786647782,0.17206668853759766,True
1380,183,7.4443525846086676,0.0001994300000660587,0.17206668853759766,True
1381,177,47.751437120713966,0.0001932380000653211,0.17214298248291016,True
1382,47,11.114810785124513,0.00018916399858426303,0.1720743179321289,True
1383,234,10.762798605659484,0.00018741600069915876,0.17205142974853516,True
1384,230,8.904223398345684,0.00019162199896527454,0.1720590591430664,True
1385,60,6.002739446145809,0.0001908369995362591,0.1720590591430664,True
1386,177,31.99922140109536,0.000200604998099152,0.1721048355102539,True
1387,97,5.49639919596067,0.00018273300156579353,0.1720590591430664,True
1388,77,29.222374438637654,0.00020019400108139962,0.17209720611572266,True
1389,129,3.694199398193163,0.0001949459983734414,0.1720590591430664,True
1390,135,4.91436550661508,0.00019903100110241212,0.17205142974853516,True
1391,109,7.695009308842827,0.0002005200003623031,0.1720590591430664,True
1392,138,160.55656385946153,0.0001928509991557803,0.1721506118774414,True
1393,230,8.032559623806755,0.0002765529970929492,0.1720590591430664,True
1394,183,11.476760697189487,0.0001899859998957254,0.17208194732666016,True
1395,220,7.564963660457579,0.0001850910011853557,0.1720590591430664,True
1396,17,17.793043279036457,0.00019134700050926767,0.17215824127197266,True
1397,246,3.3825711126371942,0.0001876679998531472,0.17205142974853516,True
1398,82,7.757509962598187,0.0001888389997475315,0.1720590591430664,True
1399,127,8.698901706390496,0.00020023900287924334,0.1720590591430664,True
1400,263,7.302245546109983,0.00019432900080573745,0.17205142974853516,True
1401,237,9.54148916413216,0.00019818099826807156,0.17205142974853516,True
1402,77,11.299977261610255,0.00020351399871287867,0.1720590591430664,True
1403,263,6.833984429747787,0.00020040600065840408,0.1720590591430664,True
1404,183,7.317318141149887,0.00019110799985355698,0.17206668853759766,True
1405,88,12.900116390873935,0.00018811500194715336,0.1720743179321289,True
1406,60,17.210212108312597,0.00020579299962264486,0.1720743179321289,True
1407,48,11.409366414285703,0.00020412599769770168,0.1720743179321289,True
1408,238,4.822553271202206,0.00018996300059370697,0.17205142974853516,True
1409,17,8.751838996485798,0.00019909600086975843,0.1721506118774414,True
1410,267,3.7177260135947976,0.00020212399977026507,0.17205142974853516,True
1411,220,7.824608866066483,0.00019042599888052791,0.1720590591430664,True
1412,77,18.439360066491535,0.00019910199989681132,0.17206668853759766,True
1413,230,4.282980182538517,0.000184544001967879,0.17205142974853516,True
1414,208,70.47471306671832,0.0002175070003431756,0.1722726821899414,True
1415,230,14.050485365223862,0.00018943000031867996,0.1720895767211914,True
1416,183,4.163357646246516,0.0002037839985860046,0.17205142974853516,True
1417,183,6.535363166369121,0.00018282100063515827,0.17205142974853516,True
1418,159,4.488321756998691,0.00018385200019110925,0.17205142974853516,True
1419,183,4.032845546315413,0.00018420500055071898,0.17205142974853516,True
1420,246,4.39087832355644,0.00019916200108127668,0.17205142974853516,True
1421,263,13.027396182891291,0.000190040998859331,0.17206668853759766,True
1422,82,4.869946603359637,0.0001803580016712658,0.17205142974853516,True
1423,183,4.8652225961326705,0.00017849700088845566,0.17205142974853516,True
1424,230,6.081998907264596,0.00018348599769524299,0.17205142974853516,True
1425,27,8.853160241928089,0.00017844000103650615,0.1720895767211914,True
1426,143,2.953605498120219,0.00018512400129111484,0.17205142974853516,True
1427,76,3.8931667118689552,0.0001786860011634417,0.17205142974853516,True
1428,214,7.174490644293166,0.00018512799942982383,0.1720590591430664,True
1429,244,7.603411258255676,0.00019311999858473428,0.1720590591430664,True
1430,135,2.803693870447102,0.00018471300063538365,0.17205142974853516,True
1431,159,7.216037978605577,0.00017967999883694574,0.1720590591430664,True
1432,27,6.153134993707134,0.0001830099972721655,0.17208194732666016,True
1433,267,3.967408723830874,0.00019445499856374227,0.17205142974853516,True
1434,183,2.3375083743965748,0.00018258999989484437,0.17205142974853516,True
1435,27,4.743553000820173,0.00018121000175597146,0.1720743179321289,True
1436,17,3.780562640462943,0.00018497299970476888,0.1721353530883789,True
1437,183,4.320180894151018,0.00018625000302563421,0.17205142974853516,True
1438,183,5.60769918947769,0.00018135200298274867,0.17205142974853516,True
1439,270,4.763925756800273,0.00018352800179854967,0.1720590591430664,True
1440,109,9.742897100095048,0.0001942609997058753,0.17205142974853516,True
1441,176,6.489027475584105,0.00017812000078265555,0.17205142974853516,True
1442,17,5.174306430693483,0.00018552199981058948,0.17214298248291016,True
1443,76,4.781771576920915,0.0001859439980762545,0.1720590591430664,True
1444,174,4.5945944449371385,0.00019061700004385784,0.17205142974853516,True
1445,60,12.701675251766313,0.00017699100135359913,0.1720590591430664,True
1446,88,3.6322688881183245,0.00018092599930241704,0.17205142974853516,True
1447,129,14.895272188329486,0.0001781149985617958,0.17206668853759766,True
1448,176,3.478901609863971,0.00018714999896474183,0.17205142974853516,True
1449,17,7.394763800073812,0.00018824400103767402,0.17214298248291016,True
1450,78,20.577430456569996,0.00018458799968357198,0.17206668853759766,True
1451,177,26.420752416439964,0.00017890000162879005,0.1720895767211914,True
1452,76,5.156961617785255,0.00019539099957910366,0.17205142974853516,True
1453,57,3.437057095576358,0.0001789560010365676,0.17205142974853516,True
1454,183,5.810149536779578,0.00017631400260142982,0.1720590591430664,True
1455,76,9.140939396145024,0.00017409400243195705,0.1720590591430664,True
1456,128,6.007949429336367,0.00017986300008487888,0.1720590591430664,True
1457,47,21.973075288331305,0.00018397600069874898,0.1720743179321289,True
1458,82,8.119492364243209,0.00018062799790641293,0.1720590591430664,True
1459,17,12.62057267178021,0.00018144099885830656,0.17214298248291016,True
1460,135,9.464383543401885,0.00018932000239146873,0.1720590591430664,True
1461,135,8.06639903684356,0.0001911999970616307,0.1720590591430664,True
1462,88,15.669974486635653,0.00017839500287664123,0.17206668853759766,True
1463,220,2.247525955891938,0.00019506999888108112,0.17205142974853516,True
1464,183,6.4803236331941925,0.00018444499801262282,0.1720590591430664,True
1465,17,4.978420749468704,0.00018393099890090525,0.17214298248291016,True
1466,230,3.8555269059290906,0.00017597300029592589,0.17205142974853516,True
1467,234,13.94233800180172,0.00020194300304865465,0.17206668853759766,True
1468,143,3.817188355538847,0.0002004630005103536,0.17205142974853516,True
1469,135,4.769813881802555,0.0002654820018506143,0.17205142974853516,True
1470,135,4.475257352513661,0.0002043960012088064,0.17205142974853516,True
1471,60,10.626476581699505,0.0001928710007632617,0.17208194732666016,True
1472,27,5.223507787829133,0.00020792999930563383,0.1720743179321289,True
1473,27,7.124777197819187,0.00020597700131474994,0.17208194732666016,True
1474,238,4.169707642898389,0.00018422300126985647,0.17205142974853516,True
1475,206,6.1158916969531285,0.00018660699788597412,0.17205142974853516,True
1476,129,16.00985994268523,0.00019440599862718955,0.17208194732666016,True
1477,76,8.953583097663918,0.0002107799991790671,0.17206668853759766,True
1478,76,4.933162903973778,0.00020722699991893023,0.17205142974853516,True
1479,230,4.364286480534194,0.0001875240013760049,0.17205142974853516,True
1480,76,5.400464436093032,0.00018071600061375648,0.17205142974853516,True
1481,47,12.443775232720512,0.00018551199900684878,0.17206668853759766,True
1482,127,8.070546344541976,0.00019471199993859045,0.1720590591430664,True
1483,230,5.075695540539209,0.00018523799735703506,0.17205142974853516,True
1484,17,7.492540581107055,0.00018334899868932553,0.1721506118774414,True
1485,230,5.478370697573391,0.0001854820002336055,0.1720590591430664,True
1486,138,26.06021616876455,0.00019167000209563412,0.17208194732666016,True
1487,27,15.00304744833457,0.0005140430002938956,0.17208194732666016,True
1488,244,4.922615692223198,0.00019914899894502014,0.17206668853759766,True
1489,26,15.425470089453764,0.0001899859998957254,0.17211246490478516,True
1490,267,10.306258363168512,0.0001991479985008482,0.17205142974853516,True
1491,159,6.795227837611636,0.0003176850004820153,0.17205142974853516,True
1492,88,12.804705341608148,0.00017905200002132915,0.1720590591430664,True
1493,78,32.913752961244064,0.00020118300017202273,0.17208194732666016,True
1494,176,20.515081586266692,0.00018602599811856635,0.17206668853759766,True
1495,183,3.140842407867443,0.0002645310014486313,0.17205142974853516,True
1496,127,39.112570213336355,0.00017920000027515925,0.1720590591430664,True
1497,220,4.438309784108541,0.00018024800010607578,0.17205142974853516,True
1498,220,8.717552668080529,0.00021894000019528903,0.17205142974853516,True
1499,135,6.14658332793982,0.00020605199824785814,0.17205142974853516,True
1500,234,0.9987165521164861,0.00017641399972490035,0.17205142974853516,True
1501,48,15.75651735131203,0.00017800800196710043,0.17206668853759766,True
1502,127,7.250662203476538,0.00017959699835046194,0.17205142974853516,True
1503,230,5.6541320083976405,0.000179212998773437,0.17205142974853516,True
1504,263,6.9509810988329015,0.0001934850006364286,0.17205142974853516,True
1505,97,16.035728267483734,0.00018153800192521885,0.1720895767211914,True
1506,176,6.003253675684821,0.00018226899919682182,0.17205142974853516,True
1507,263,3.1897639159554227,0.00017508300152258016,0.17205142974853516,True
1508,64,5.094171136432604,0.00021277699852362275,0.1720590591430664,True
1509,234,4.591948346345612,0.00017678500080364756,0.17205142974853516,True
1510,76,6.723331891939359,0.00018804199862643145,0.1720590591430664,True
1511,237,6.34945518097018,0.00018098899818141945,0.1720590591430664,True
1512,159,7.199231276414112,0.00018637699758983217,0.1720590591430664,True
1513,273,7.600873712035796,0.0001810510002542287,0.1720590591430664,True
1514,138,35.98433025183824,0.00018493199968361296,0.17212772369384766,True
1515,82,5.553519851099849,0.0001790020032785833,0.17205142974853516,True
1516,27,3.0789520245980384,0.00018083499890053645,0.1720743179321289,True
1517,127,11.037706743874734,0.00018991400065715425,0.17206668853759766,True
1518,244,3.2817181406219547,0.00019817700012936257,0.17205142974853516,True
1519,112,28.750345028839693,0.00019422200057306327,0.17208194732666016,True
1520,135,6.096541166794527,0.00023577000320074148,0.1720590591430664,True
1521,26,13.130113822180796,0.00019190399689250626,0.17209720611572266,True
1522,135,7.11853170769455,0.0001816039984987583,0.17206668853759766,True
1523,64,4.24170948253754,0.00017872399985208176,0.17205142974853516,True
1524,82,5.819924320875907,0.00017808300253818743,0.17205142974853516,True
1525,60,9.890492590285056,0.00017987399769481272,0.17206668853759766,True
1526,27,8.890377306452235,0.00017996599854086526,0.17208194732666016,True
1527,244,3.318431619373754,0.00019475000226520933,0.17205142974853516,True
1528,82,6.205731193665095,0.00019679500110214576,0.1720590591430664,True
1529,76,18.537364868344287,0.0001788909976312425,0.17208194732666016,True
1530,176,9.784087044883039,0.0001767169997037854,0.17206668853759766,True
1531,149,5.172931872482487,0.0001796870019461494,0.17205142974853516,True
1532,136,12.4475891816659,0.00018870200074161403,0.1720743179321289,True
1533,183,7.013795842083937,0.00017871599993668497,0.17205142974853516,True
1534,17,8.355679080575873,0.00018238499978906475,0.17214298248291016,True
1535,76,3.728408552872248,0.0001804530002118554,0.17205142974853516,True
1536,280,7.1873656096397545,0.00017674899936537258,0.1720590591430664,True
1537,273,8.07522863703048,0.0001781130013114307,0.1720590591430664,True
1538,88,10.388034678330937,0.00018107800133293495,0.17206668853759766,True
1539,138,91.86877727659528,0.0001937870001711417,0.17212772369384766,True
1540,230,2.514783325415235,0.00017837699851952493,0.17205142974853516,True
1541,143,4.701873888343452,0.00018846800230676308,0.17205142974853516,True
1542,220,3.329851645559895,0.00017572499928064644,0.1720590591430664,True
1543,26,22.367264558882674,0.0001907760015456006,0.1721048355102539,True
1544,129,5.8403024266984955,0.00017713300258037634,0.1720590591430664,True
1545,183,5.6843445153741,0.00019347199850017205,0.17205142974853516,True
1546,220,2.452663973691202,0.00017894199845613912,0.17205142974853516,True
1547,128,4.147606767592553,0.00017676700008451007,0.17205142974853516,True
1548,97,11.348608234630683,0.00017799700071918778,0.1720590591430664,True
1549,77,77.64989614336658,0.00019002000044565648,0.17218875885009766,True
1550,97,13.149512822361533,0.00019091699869022705,0.17206668853759766,True
1551,174,2.127503095956132,0.00018167199959862046,0.17205142974853516,True
1552,55,11.266525512679625,0.00018838899995898828,0.1720590591430664,True
1553,273,9.604317832747517,0.00017879300139611587,0.1720590591430664,True
1554,234,5.586520229341355,0.00017483999909018166,0.1720590591430664,True
1555,88,6.5943225648820185,0.00019092900038231164,0.1720590591430664,True
1556,77,34.89962843596203,0.00020055099957971834,0.17209720611572266,True
1557,26,9.022727293594743,0.00018791999900713563,0.1720743179321289,True
1558,244,4.2457950404202975,0.00017661200035945512,0.17205142974853516,True
1559,135,3.950876685813843,0.0002294510013598483,0.17205142974853516,True
1560,136,41.97810778863398,0.00019787000201176852,0.1720895767211914,True
1561,183,5.940141886163207,0.00017746299999998882,0.17206668853759766,True
1562,237,5.614474945435866,0.00018073100000037812,0.17206668853759766,True
1563,183,2.3999694910108897,0.00017732799824443646,0.17205142974853516,True
1564,76,8.29705078966445,0.0001793689989426639,0.1720590591430664,True
1565,165,7.140287490508442,0.00019328399866935797,0.17205142974853516,True
1566,220,2.5099963719998835,0.000197584002307849,0.17205142974853516,True
1567,183,3.5658717451677964,0.00017647699860390276,0.17205142974853516,True
1568,177,8.752528677179606,0.00018567499864730053,0.1720590591430664,True
1569,263,6.0817862891599175,0.00017730399849824607,0.1720590591430664,True
1570,273,7.235941605779946,0.00017589900016901083,0.1720590591430664,True
1571,17,2.151812835156737,0.00018248199921799824,0.1721353530883789,True
1572,128,2.1137945280509713,0.00017515700164949521,0.17205142974853516,True
1573,263,7.730563809760535,0.00017652499809628353,0.1720590591430664,True
1574,230,4.6112079739892895,0.00018514899784349836,0.17205142974853516,True
1575,176,7.602616213451418,0.00019821500245598145,0.17206668853759766,True
1576,230,7.299230308330167,0.00018695800099521875,0.17205142974853516,True
1577,77,60.744468990639504,0.00018586400256026536,0.17215824127197266,True
1578,208,9.272181916188796,0.00017909199959831312,0.17206668853759766,True
1579,238,19.335868734785173,0.00027675200180965476,0.1720590591430664,True
1580,26,16.39565444690916,0.00023291199977393262,0.17208194732666016,True
1581,183,5.828844740255498,0.00018595499932416715,0.17206668853759766,True
1582,109,4.03544591695566,0.00017791299978853203,0.1720590591430664,True
1583,220,3.738632439203841,0.0001819139979488682,0.17205142974853516,True
1584,60,6.830450125459818,0.0001939590001711622,0.17206668853759766,True
1585,273,12.574196565594404,0.00017703800040180795,0.1720743179321289,True
1586,76,7.760261181007292,0.00018018899936578237,0.1720590591430664,True
1587,237,8.643301550609698,0.00046178999764379114,0.1720590591430664,True
1588,138,72.42616318405864,0.000299012001050869,0.17217350006103516,True
1589,77,43.9582167903128,0.00018288199862581678,0.1720895767211914,True
1590,214,9.329538381077874,0.00018558399824541993,0.17206668853759766,True
1591,176,24.874144439715575,0.00018147399896406569,0.17208194732666016,True
1592,76,3.760733534668317,0.00017798699991544709,0.17205142974853516,True
1593,17,13.15548452689717,0.0001894550005090423,0.17214298248291016,True
1594,135,3.524484961144855,0.0001867460014182143,0.17205142974853516,True
1595,220,3.3525132993541544,0.00019665700165205635,0.17205142974853516,True
1596,26,18.40488307011472,0.00018283400277141482,0.1720895767211914,True
1597,26,11.422062153810815,0.00032155000008060597,0.17208194732666016,True
1598,64,4.826145419291653,0.00019074699957855046,0.17205142974853516,True
1599,214,7.299894638176729,0.00017713499983074144,0.17206668853759766,True
1600,60,6.8121407806117436,0.00018608100072015077,0.17206668853759766,True
1601,17,5.371674845641072,0.00018101900059264153,0.17214298248291016,True
1602,17,5.388636254065708,0.00018232899674330838,0.1721353530883789,True
1603,165,7.894290545826408,0.00035745900095207617,0.17205142974853516,True
1604,273,9.19315595014877,0.00018359300156589597,0.1720590591430664,True
1605,17,34.94785428914397,0.0001952639977389481,0.1721658706665039,True
1606,208,7.808743905556285,0.00018312199972569942,0.1720590591430664,True
1607,176,5.997290287943631,0.0001777910001692362,0.1720590591430664,True
1608,183,10.96200722907935,0.00018857400209526531,0.17206668853759766,True
1609,88,10.408903095272018,0.00017701300021144561,0.1720590591430664,True
1610,183,6.886788894838772,0.00017791400023270398,0.1720590591430664,True
1611,17,8.81632130901664,0.00018295900008524768,0.17214298248291016,True
1612,109,5.462707566047637,0.00017527399904793128,0.17205142974853516,True
1613,246,5.671195740426684,0.00017738599854055792,0.1720590591430664,True
1614,244,8.346623478665263,0.0001775210002961103,0.17206668853759766,True
1615,129,5.310674798594248,0.00017799399938667193,0.1720590591430664,True
1616,135,8.606603883451486,0.00018900599752669223,0.1720590591430664,True
1617,220,6.356798711439942,0.00017735899746185169,0.1720590591430664,True
1618,17,3.8003137593628145,0.00018683099915506318,0.1721353530883789,True
1619,26,17.608745413207487,0.0001867869978013914,0.1720895767211914,True
1620,82,9.394333027907756,0.00017576800019014627,0.1720590591430664,True
1621,267,5.7582333306715,0.00017625200052862056,0.17205142974853516,True
1622,234,4.986522151949256,0.0001772089999576565,0.1720590591430664,True
1623,208,8.113108652576413,0.00017675200069788843,0.17206668853759766,True
1624,220,5.235528436534627,0.00017923999985214323,0.17206668853759766,True
1625,263,7.580553026934595,0.00018855599773814902,0.1720590591430664,True
1626,112,8.836281653444269,0.00018737600112217478,0.1720590591430664,True
1627,230,5.385024255616034,0.00017753399879438803,0.17205142974853516,True
1628,64,13.068438344388218,0.0001780439997673966,0.1720743179321289,True
1629,135,5.959438559660938,0.00018444900342728943,0.1720590591430664,True
1630,183,3.2600120649387554,0.00017795100211515091,0.17205142974853516,True
1631,64,6.756066109460875,0.0001990830023714807,0.1720590591430664,True
1632,149,2.7807645821005607,0.00019242400230723433,0.17205142974853516,True
1633,165,6.510826654876532,0.00017678500080364756,0.1720590591430664,True
1634,246,6.91505962585296,0.00017506300355307758,0.17205142974853516,True
1635,273,7.800430687976216,0.00018472100055078045,0.17205142974853516,True
1636,138,27.81733742973598,0.0001801510006771423,0.1721048355102539,True
1637,183,18.973385559684385,0.00017646199921728112,0.1720590591430664,True
1638,127,9.819096862759842,0.00017605799803277478,0.1720590591430664,True
1639,230,4.390217216363143,0.0001807430016924627,0.17205142974853516,True
1640,234,7.323204955063191,0.00018768500012811273,0.17205142974853516,True
1641,176,7.0868862520205145,0.00017784800002118573,0.17205142974853516,True
1642,176,10.254048982877462,0.00018748000002233312,0.1720743179321289,True
1643,48,14.98345413082531,0.00019359900034032762,0.1720743179321289,True
1644,97,8.453833252231588,0.00017779600239009596,0.17205142974853516,True
1645,135,9.699189482675296,0.00018060400179820135,0.17206668853759766,True
1646,26,13.371717917023265,0.00017932500122697093,0.1721048355102539,True
1647,109,3.696670542139986,0.00017690000095171854,0.17205142974853516,True
1648,159,4.0716388306917946,0.000177566002093954,0.17205142974853516,True
1649,135,3.5451680228693796,0.00017916000069817528,0.17205142974853516,True
1650,230,3.982511356622547,0.00017691899847704917,0.17205142974853516,True
1651,60,12.82531854374995,0.00017804299932322465,0.17206668853759766,True
1652,60,7.451500437687346,0.00018494799951440655,0.17206668853759766,True
1653,60,6.719450013504935,0.0001789820016711019,0.1720590591430664,True
1654,165,3.8789835364599616,0.00017682199904811569,0.17205142974853516,True
1655,183,5.734679695247987,0.00017537699750391766,0.17205142974853516,True
1656,149,5.59261578313567,0.00018676699983188882,0.1720590591430664,True
1657,183,4.93901992612755,0.00018676300169317983,0.17205142974853516,True
1658,165,19.727114756265028,0.0001895039968076162,0.1720895767211914,True
1659,135,7.767634080004825,0.00018492900198907591,0.17205142974853516,True
1660,177,107.41774288290307,0.00018899200222222134,0.1721658706665039,True
1661,17,4.773266132111689,0.0001886509999167174,0.17214298248291016,True
1662,55,6.8977304750239465,0.00018163700224249624,0.1720590591430664,True
1663,234,9.194813099835612,0.00018140800239052624,0.1720743179321289,True
1664,48,17.61604954755624,0.00019141899974783882,0.17208194732666016,True
1665,230,5.600036548033829,0.00019558199710445479,0.17205142974853516,True
1666,17,4.483975873025289,0.00019018099919776432,0.1721353530883789,True
1667,57,6.5559924312386215,0.00017878400103654712,0.1720590591430664,True
1668,149,4.483002997333849,0.00017688000298221596,0.17205142974853516,True
1669,208,6.156254494299022,0.00017840100190369412,0.1720590591430664,True
1670,135,4.341250418379759,0.00021825400108355097,0.17205142974853516,True
1671,77,92.44331680727068,0.00018986699797096662,0.1721658706665039,True
1672,208,11.275376040292358,0.00017953600035980344,0.1720590591430664,True
1673,230,3.391074580982441,0.00018282300152350217,0.17205142974853516,True
1674,129,22.482574774566306,0.00017763600044418126,0.1720743179321289,True
1675,135,2.778128063250574,0.00021681500220438465,0.17205142974853516,True
1676,238,5.598056280944217,0.00018026500038104132,0.1720590591430664,True
1677,26,17.4104847999283,0.00019375099873286672,0.17211246490478516,True
1678,127,14.770620168645861,0.00019468300160951912,0.1720743179321289,True
1679,183,6.424313600519312,0.00019055799930356443,0.17205142974853516,True
1680,230,4.619162844687136,0.0001781330029189121,0.17205142974853516,True
1681,263,3.0173490357413773,0.0001992210018215701,0.17205142974853516,True
1682,163,6.64771582999855,0.00018216800162917934,0.1720590591430664,True
1683,64,5.7817408351209085,0.00018965900017064996,0.17205142974853516,True
1684,17,4.561246556976786,0.00019898699974874035,0.1721353530883789,True
1685,183,3.9562244475308233,0.00018093700055032969,0.17205142974853516,True
1686,112,10.568140564344066,0.00019204699856345542,0.17206668853759766,True
1687,60,10.917052432622894,0.00018724700203165412,0.1720743179321289,True
1688,128,6.257448743411901,0.00017590900097275153,0.1720590591430664,True
1689,149,5.650343603992819,0.00018159600222134031,0.17205142974853516,True
1690,176,4.093272441400099,0.0003270070010330528,0.17206668853759766,True
1691,60,20.617774123190262,0.0003876789996866137,0.17209720611572266,True
1692,244,5.6579772593873905,0.00020088599922019057,0.17205142974853516,True
1693,165,47.94634761771773,0.00018362300033913925,0.17211246490478516,True
1694,234,16.23437908009229,0.00019234499995945953,0.1720743179321289,True
1695,183,8.342612011328633,0.0001771969982655719,0.17206668853759766,True
1696,78,61.922747984506614,0.00019142900055157952,0.1721048355102539,True
1697,128,3.507736494506748,0.00026870199872064404,0.17205142974853516,True
1698,183,4.641553833529844,0.00023507899823016487,0.17205142974853516,True
1699,183,7.491023008943423,0.00018661899957805872,0.17206668853759766,True
1700,220,4.648235681838808,0.00018227700275019743,0.1720590591430664,True
1701,17,2.609698018707573,0.00018080500012729317,0.1721353530883789,True
1702,143,7.790123199630134,0.00017952000052900985,0.1720590591430664,True
1703,159,8.446876524463848,0.00018035699758911505,0.17205142974853516,True
1704,17,18.653296839059895,0.00018359599926043302,0.1721658706665039,True
1705,174,7.391754245064562,0.000184469001396792,0.1720590591430664,True
1706,27,22.55196575738505,0.00019325999892316759,0.1721048355102539,True
1707,88,8.87862649185166,0.00019934200099669397,0.1720590591430664,True
1708,26,11.900774046956746,0.00018263999663759023,0.17209720611572266,True
1709,48,4.797482815899006,0.000177527002961142,0.17205142974853516,True
1710,109,5.573008498708958,0.0001781130013114307,0.17205142974853516,True
1711,270,4.537911103307377,0.00018473399904905818,0.17205142974853516,True
1712,47,14.792477694401818,0.00017681299868854694,0.17206668853759766,True
1713,230,7.001910526475211,0.00017674999980954453,0.1720590591430664,True
1714,220,5.942836387805027,0.00017915199714479968,0.17205142974853516,True
1715,17,8.328547835028226,0.00019464700017124414,0.17214298248291016,True
1716,60,2.77231523666716,0.00017885499983094633,0.17205142974853516,True
1717,220,4.419422228537195,0.00020701199900940992,0.17205142974853516,True
1718,244,5.907762061113453,0.00019737200273084454,0.17206668853759766,True
1719,183,6.215810083209869,0.00019653799972729757,0.17205142974853516,True
1720,47,11.163711759133163,0.00018754300253931433,0.1720590591430664,True
1721,183,7.656369681694599,0.00022462199922301807,0.1720590591430664,True
1722,177,24.182202836441444,0.0001948140015883837,0.17208194732666016,True
1723,177,64.48286433861163,0.00019096300093224272,0.1721658706665039,True
1724,237,10.709537886920316,0.00032757699955254793,0.1720590591430664,True
1725,165,5.878881646079618,0.00025775299945962615,0.17205142974853516,True
1726,82,7.28998899109118,0.00018502099919714965,0.17206668853759766,True
1727,129,10.527977749205427,0.00017517800006316975,0.1720590591430664,True
1728,135,4.959071877185297,0.00018362700211582705,0.17205142974853516,True
1729,77,123.69594190012585,0.0001903039992612321,0.17215824127197266,True
1730,159,4.2319797155150045,0.0001796889991965145,0.17205142974853516,True
1731,183,5.350420255898563,0.00017816299805417657,0.17205142974853516,True
1732,127,8.994563066343336,0.00018816399824572727,0.1720590591430664,True
1733,135,13.72568729907688,0.00017605600078240968,0.1720590591430664,True
1734,230,5.69139999613961,0.00018911599909188226,0.17205142974853516,True
1735,48,3.6685703769040945,0.00018048499987344258,0.17205142974853516,True
1736,230,4.540079465181317,0.00020500100072240457,0.17205142974853516,True
1737,220,6.106221154789295,0.00018942400129162706,0.1720590591430664,True
1738,183,10.05227469580606,0.0001790349997463636,0.1720590591430664,True
1739,165,6.250004176200429,0.00017773500076145865,0.1720590591430664,True
1740,163,18.08423280271641,0.00019671199697768316,0.17206668853759766,True
1741,208,11.618739447480836,0.00018681599976844154,0.1720590591430664,True
1742,26,9.730542344514939,0.00021690399807994254,0.17208194732666016,True
1743,82,5.315241625471811,0.00018909199934569187,0.17205142974853516,True
1744,183,5.3125169119958215,0.00017600699720787816,0.17205142974853516,True
1745,244,6.417799099359396,0.000185271001100773,0.1720590591430664,True
1746,246,4.999985786355798,0.00019785300173680298,0.17206668853759766,True
1747,129,10.926338577662902,0.0001787410001270473,0.17205142974853516,True
1748,77,59.01669737244216,0.0001892790023703128,0.17212772369384766,True
1749,165,7.047926695172979,0.00019205900025554,0.17205142974853516,True
1750,183,12.87108681338075,0.00018932800230686553,0.1720590591430664,True
1751,60,9.526810808127053,0.00018207299945061095,0.1720590591430664,True
1752,244,2.4815901793346318,0.00018243500016978942,0.1720590591430664,True
1753,76,6.128582499343124,0.000190377002581954,0.17205142974853516,True
1754,17,12.67485870517491,0.0001904700002341997,0.17214298248291016,True
1755,17,9.452168481747469,0.00018367300071986392,0.1721506118774414,True
1756,109,2.5569859565475603,0.00017755099906935357,0.17205142974853516,True
1757,163,11.013661762404501,0.00017734799985191785,0.17206668853759766,True
1758,64,5.563588378844963,0.00020303700148360804,0.17205142974853516,True
1759,17,3.0417201073079827,0.00018703499881667085,0.1721353530883789,True
1760,149,7.064820426809466,0.0001932220002345275,0.17205142974853516,True
1761,165,6.197688825721712,0.00017847699928097427,0.17205142974853516,True
1762,183,6.534088075595103,0.0002076740020129364,0.1720590591430664,True
1763,206,5.279035496657188,0.00017703800040180795,0.17205142974853516,True
1764,220,4.455528376047446,0.00017624000247451477,0.17205142974853516,True
1765,267,7.5347283770160045,0.00017816200124798343,0.1720590591430664,True
1766,280,8.337812141478675,0.0001785179993021302,0.1720590591430664,True
1767,57,3.844000224982751,0.00017722700067679398,0.1720590591430664,True
1768,112,7.606604459858853,0.00017815400133258663,0.1720590591430664,True
1769,88,7.908277211209174,0.00018984700000146404,0.1720590591430664,True
1770,17,10.043378283431393,0.00018055699911201373,0.17214298248291016,True
1771,143,4.0392093099788235,0.00017869500152301043,0.17205142974853516,True
1772,26,14.804727105191647,0.00019237599917687476,0.1720895767211914,True
1773,174,5.211779874002179,0.00018152000120608136,0.17205142974853516,True
1774,220,6.158263850549003,0.00018503100000089034,0.17206668853759766,True
1775,176,20.271304336634618,0.00017966599989449605,0.17206668853759766,True
1776,27,10.464243601473498,0.0001781470018613618,0.1720590591430664,True
1777,89,7.04321400724262,0.0001766660025168676,0.1720590591430664,True
1778,76,8.624481157829637,0.00017904999913298525,0.1720590591430664,True
1779,135,10.12565279144075,0.0001819870012695901,0.17206668853759766,True
1780,280,7.133376978682406,0.0001774359989212826,0.1720590591430664,True
1781,220,3.0225812049743137,0.00018716200065682642,0.1720590591430664,True
1782,238,7.591574399199239,0.00018863999866880476,0.1720590591430664,True
1783,57,3.075147915935914,0.00019078399782301858,0.17205142974853516,True
1784,290,15.564879144181152,0.00022651400286122225,0.17206668853759766,True
1785,263,5.371223982296998,0.0002051050032605417,0.17205142974853516,True
1786,138,37.06411545988227,0.00017912499970407225,0.17206668853759766,True
1787,244,2.95615679300433,0.00017737499729264528,0.17205142974853516,True
1788,26,9.697478979408109,0.00017997800023294985,0.17208194732666016,True
1789,48,10.991899367182741,0.00017746700177667663,0.17206668853759766,True
1790,183,17.97024795053329,0.00017931499678525142,0.17206668853759766,True
1791,237,5.14600557834096,0.00018101500245393254,0.1720590591430664,True
1792,76,4.304281293536634,0.0001858610012277495,0.17205142974853516,True
1793,263,6.1442701434411005,0.0001824669998313766,0.1720590591430664,True
1794,88,14.956574874857282,0.0001804450002964586,0.1720590591430664,True
1795,290,8.945923734490503,0.000183557000127621,0.1720743179321289,True
1796,48,8.423022880137616,0.00019194400010746904,0.1720590591430664,True
1797,177,30.45014646153646,0.00019346800036146306,0.17209720611572266,True
1798,78,15.087875090885408,0.00018637200264493003,0.1720590591430664,True
1799,88,12.596143063284426,0.00018039499991573393,0.1720590591430664,True
1800,64,6.9119463040389375,0.0001781860009941738,0.17205142974853516,True
1801,88,7.357026678413003,0.00017873799879453145,0.17205142974853516,True
1802,26,9.023333883675784,0.00020233299801475368,0.17208194732666016,True
1803,263,8.024531722790517,0.0002606820016808342,0.1720590591430664,True
1804,183,10.722223612439684,0.00018434199955663644,0.17206668853759766,True
1805,183,3.6051056480932133,0.00017684900012682192,0.17205142974853516,True
1806,143,6.167404941168115,0.00019023799904971384,0.17205142974853516,True
1807,230,6.391544443981605,0.00017607799964025617,0.17205142974853516,True
1808,27,7.862740898893106,0.000191754999832483,0.1720895767211914,True
1809,220,7.7786956222753485,0.00018800799807650037,0.1720590591430664,True
1810,89,3.969329592851229,0.0001861099990492221,0.17205142974853516,True
1811,214,4.9684872044284045,0.00017696699796942994,0.1720590591430664,True
1812,263,9.985623487657262,0.00017730900071910582,0.1720590591430664,True
1813,82,10.747498394301655,0.00019251400226494297,0.1720590591430664,True
1814,276,5.290140701220024,0.00018835199807654135,0.17205142974853516,True
1815,230,3.5830615830854233,0.00020119699911447242,0.17205142974853516,True
1816,109,37.11219408846867,0.00018291999731445685,0.17211246490478516,True
1817,230,1.8925236385724424,0.00017635100084589794,0.17205142974853516,True
1818,267,10.331464328694775,0.0001918519992614165,0.1720590591430664,True
1819,76,4.631526314387229,0.00018313100008526817,0.17205142974853516,True
1820,183,7.545631250894727,0.00019814400002360344,0.1720590591430664,True
1821,60,6.807157750688729,0.00018055900000035763,0.17206668853759766,True
1822,129,8.144011422382349,0.00019160399824613705,0.17205142974853516,True
1823,64,5.953487312605686,0.00018582800112199038,0.17205142974853516,True
1824,57,3.2286798231742315,0.00019390099987504072,0.17205142974853516,True
1825,17,2.3079716582012777,0.00019763800082728267,0.1721353530883789,True
1826,246,4.00127123768594,0.00017575599849806167,0.1720590591430664,True
1827,273,9.40045127970748,0.00017861800006357953,0.1720743179321289,True
1828,64,4.383002598076743,0.00017944700084626675,0.17205142974853516,True
1829,26,6.781270304709687,0.0001831540030252654,0.1720895767211914,True
1830,230,8.795957524857029,0.0001754930017341394,0.17205142974853516,True
1831,183,5.7111380397743226,0.00019532200167304836,0.17205142974853516,True
1832,177,58.65806100809275,0.00019908600006601773,0.1721658706665039,True
1833,234,19.095488899225213,0.00018296099733561277,0.1720743179321289,True
1834,165,15.678126710460317,0.00025292099962825887,0.1720590591430664,True
1835,109,4.898990784010331,0.00017421899974578992,0.17205142974853516,True
1836,234,3.7307136439940027,0.00018078399807563983,0.17205142974853516,True
1837,128,3.8048276702618575,0.0001779830017767381,0.17205142974853516,True
1838,183,9.760523937493994,0.0001868009967438411,0.17206668853759766,True
1839,159,6.985510938531512,0.00018605399964144453,0.17205142974853516,True
1840,177,75.02802257773187,0.00020402400332386605,0.1721811294555664,True
1841,150,15.53074126282566,0.00018061199807561934,0.17208194732666016,True
1842,183,3.6763613831683033,0.00017636600023251958,0.17205142974853516,True
1843,215,7.273225562145824,0.00017823900270741433,0.1720590591430664,True
1844,237,5.994099990957346,0.00018710199947236106,0.17205142974853516,True
1845,273,6.9504138347854,0.00017705800200928934,0.17205142974853516,True
1846,129,4.87560000733711,0.00017697399744065478,0.17205142974853516,True
1847,138,16.057334325388037,0.00020288499945309013,0.1721048355102539,True
1848,135,3.1200749028497823,0.00017861400192487054,0.17205142974853516,True
1849,89,2.6689271265187333,0.00017633099923841655,0.17205142974853516,True
1850,230,6.700165436910215,0.00017495900101494044,0.17205142974853516,True
1851,183,7.994270900324462,0.000180275001184782,0.1720590591430664,True
1852,183,3.581835192182199,0.00017622700033825822,0.17205142974853516,True
1853,150,24.776469349500818,0.0001811479996831622,0.17206668853759766,True
1854,57,3.0535288116311974,0.00019856099970638752,0.17205142974853516,True
1855,76,4.53412331032822,0.0001841590019466821,0.17205142974853516,True
1856,88,6.578220090062128,0.00017894499978865497,0.17205142974853516,True
1857,26,23.415053447697428,0.00018625500160851516,0.1720895767211914,True
1858,244,5.51958047296689,0.00018196300152339973,0.17205142974853516,True
1859,109,4.778977010718233,0.00017978899995796382,0.17205142974853516,True
1860,77,30.188809277868657,0.00018670000281417742,0.1720895767211914,True
1861,244,5.139620497016646,0.0001857900024333503,0.17205142974853516,True
1862,237,7.023963435421898,0.00020493400006671436,0.17206668853759766,True
1863,183,2.6174394477957947,0.00018129700038116425,0.17205142974853516,True
1864,159,3.925125368706696,0.00018292399909114465,0.17205142974853516,True
1865,26,6.3448478377149184,0.00018203899890067987,0.17208194732666016,True
1866,177,73.60795119287376,0.000192327999684494,0.1721963882446289,True
1867,230,3.545241703166909,0.0001798129997041542,0.17205142974853516,True
1868,246,3.295481965627148,0.00018406399976811372,0.17205142974853516,True
1869,97,3.0882705651542905,0.00018261600052937865,0.17205142974853516,True
1870,159,11.058583228589656,0.00018253899906994775,0.17206668853759766,True
1871,234,9.941516816200881,0.0001906140023493208,0.17205142974853516,True
1872,112,7.303376466838639,0.00018187100067734718,0.1720590591430664,True
1873,230,4.373291178570674,0.00018055200052913278,0.17205142974853516,True
1874,143,4.5321074839619016,0.0001819239987526089,0.17205142974853516,True
1875,234,7.240206767827955,0.00017815899991546758,0.17206668853759766,True
1876,230,7.267498796815125,0.0001781249993655365,0.17206668853759766,True
1877,57,8.916757286931364,0.0002040940016740933,0.1720590591430664,True
1878,82,4.188845707459322,0.00017491199832875282,0.17205142974853516,True
1879,135,7.648288927744907,0.0001759510014380794,0.17205142974853516,True
1880,183,6.307241570208966,0.0001818509990698658,0.17206668853759766,True
1881,17,3.106078257024984,0.00018903000091086142,0.17214298248291016,True
1882,97,10.905528721720943,0.00020033300097566098,0.1720590591430664,True
1883,76,6.295972341984404,0.00017785700038075447,0.17205142974853516,True
1884,234,4.3008109693537016,0.00018692099911277182,0.17205142974853516,True
1885,76,3.3197097439000243,0.00017568499970366247,0.17205142974853516,True
1886,143,4.7482271802126625,0.00018644099691300653,0.17205142974853516,True
1887,17,4.896163313138013,0.00019219800014980137,0.1721353530883789,True
1888,60,11.654425787317377,0.00018614000146044418,0.17205142974853516,True
1889,230,4.796643458296076,0.00017939200188266113,0.17205142974853516,True
1890,237,4.596649397743821,0.0001782869985618163,0.1720590591430664,True
1891,64,5.355918990563493,0.00017892599862534553,0.17205142974853516,True
1892,230,9.274520612188745,0.00017872199896373786,0.1720590591430664,True
1893,237,7.635586305592696,0.00018371799887972884,0.17206668853759766,True
1894,88,4.101807457657744,0.00017676899733487517,0.17205142974853516,True
1895,320,101.43101812680194,0.0001875569978437852,0.1721658706665039,False
1896,129,22.943850478033287,0.00018154400095227174,0.1720743179321289,True
1897,273,9.898243036158094,0.00018215399904875085,0.1720743179321289,True
1898,112,28.343252227361624,0.0001857149982242845,0.1720895767211914,True
1899,165,16.588383736938283,0.00018365700088907033,0.1720743179321289,True
1900,128,3.7078387403511712,0.00018412699864711612,0.17205142974853516,True
1901,76,6.445127749820906,0.00018240699864691123,0.17205142974853516,True
1902,267,5.494750361732092,0.00018037300105788745,0.1720590591430664,True
1903,220,4.069660958292246,0.00017675799972494133,0.17205142974853516,True
1904,230,2.7494822945505213,0.00018010800340562128,0.17205142974853516,True
1905,47,14.615441765315438,0.00018086899945046753,0.17206668853759766,True
1906,136,19.21845430913594,0.00018584700228529982,0.17208194732666016,True
1907,163,11.50627699925544,0.00019086099928244948,0.17205142974853516,True
1908,135,4.3315398714603,0.0001918540001497604,0.1720590591430664,True
1909,263,6.716021900856482,0.00017691399989416823,0.1720590591430664,True
1910,88,9.133310440644864,0.00019256599989603274,0.17206668853759766,True
1911,243,9.653499599133244,0.00017892799951368943,0.17206668853759766,True
1912,82,5.699661883047417,0.00019034300203202292,0.17206668853759766,True
1913,165,9.749133725250859,0.00019415899805608205,0.1720590591430664,True
1914,57,3.994516704254724,0.00018907999765360728,0.17205142974853516,True
1915,64,8.406782631127584,0.00020792999930563383,0.17206668853759766,True
1916,26,19.573276530322488,0.000281781998637598,0.17211246490478516,True
1917,230,21.772091023859172,0.0001849470027082134,0.17205142974853516,True
1918,89,3.397329556110037,0.00017993199799093418,0.17205142974853516,True
1919,246,3.967454413018671,0.00018691099830903113,0.17205142974853516,True
1920,26,15.706524357852503,0.00018219000048702583,0.1721048355102539,True
1921,177,68.68381178612856,0.00018979300148203038,0.1721506118774414,True
1922,177,28.740205039554095,0.00018017500042333268,0.17209720611572266,True
1923,76,7.332992609792679,0.0001812330010579899,0.17205142974853516,True
1924,273,5.1811708463796355,0.00018009300038102083,0.17206668853759766,True
1925,230,3.2499597728204703,0.0002038870006799698,0.17205142974853516,True
1926,273,8.782543831166029,0.00017789300181902945,0.17205142974853516,True
1927,143,6.845480569453871,0.00018552399706095457,0.1720590591430664,True
1928,128,10.842556673917338,0.0001777500001480803,0.1720590591430664,True
1929,64,7.121813571077895,0.00019659600002341904,0.1720590591430664,True
1930,129,8.718495209191301,0.00018706999981077388,0.17206668853759766,True
1931,230,8.82102124138844,0.00018957000065711327,0.17205142974853516,True
1932,267,6.898347054269156,0.00018969500160892494,0.17205142974853516,True
1933,183,4.880102465591686,0.00018641699716681615,0.17205142974853516,True
1934,290,14.564503762611155,0.00017938499877345748,0.1720743179321289,True
1935,183,8.052626143025329,0.00018855999951483682,0.17206668853759766,True
1936,159,3.3791783092125205,0.00017651500093052164,0.17205142974853516,True
1937,238,7.7485030470175325,0.00017945499712368473,0.1720590591430664,True
1938,183,8.234513328397727,0.00018919300055131316,0.17205142974853516,True
1939,138,9.701448388521262,0.00017965200095204636,0.1720590591430664,True
1940,238,7.196726179381864,0.00017988000035984442,0.17206668853759766,True
1941,47,11.588936245036145,0.00017900500097312033,0.17206668853759766,True
1942,27,13.098433064414747,0.0001832470006775111,0.17209720611572266,True
1943,270,3.6797002836071826,0.00017839399879449047,0.17205142974853516,True
1944,177,57.58834303770281,0.00020297700029914267,0.1721658706665039,True
1945,276,8.213873721524998,0.00019304899979033507,0.17205142974853516,True
1946,238,7.1584382068199215,0.00017939700046554208,0.17206668853759766,True
1947,183,3.578170349986199,0.00017565799862495624,0.17205142974853516,True
1948,183,6.955745806166093,0.00018489600188331679,0.17206668853759766,True
1949,143,9.301787384528302,0.00017921200196724385,0.1720590591430664,True
1950,263,4.797431355560979,0.00018941599773825146,0.17205142974853516,True
1951,60,4.52312326937316,0.00018219200137536973,0.17205142974853516,True
1952,183,8.686107848632641,0.00018359300156589597,0.1720590591430664,True
1953,237,8.375905491529148,0.00020707399744424038,0.1720590591430664,True
1954,26,4.662181915078782,0.00018902400188380852,0.17208194732666016,True
1955,176,2.7692445211942465,0.00018105599883710966,0.17205142974853516,True
1956,273,15.8492669473187,0.00018450000061420724,0.17206668853759766,True
1957,183,3.413476058418344,0.00018481400184100494,0.17205142974853516,True
1958,64,10.944421086976313,0.0001875140005722642,0.17206668853759766,True
1959,48,3.3374381292380604,0.00018016800095210783,0.17205142974853516,True
1960,290,5.4044810806120225,0.00017939199824468233,0.17205142974853516,True
1961,234,10.952944236684681,0.00017729300088831224,0.17208194732666016,True
1962,57,7.341358639979331,0.00018151100084651262,0.1720590591430664,True
1963,143,17.513303287081026,0.00018093399921781383,0.17206668853759766,True
1964,177,19.59172953733979,0.00018479600112186745,0.1720895767211914,True
1965,230,5.764187144786894,0.00017931700131157413,0.17205142974853516,True
1966,273,22.5003095780448,0.00018127900330000557,0.17206668853759766,True
1967,76,12.661992571241967,0.00017658399883657694,0.1720590591430664,True
1968,17,7.902941778024272,0.0001826129991968628,0.17214298248291016,True
1969,76,4.485052826650773,0.00020366800163174048,0.17205142974853516,True
1970,88,6.461186651923618,0.0001826270017772913,0.17206668853759766,True
1971,77,22.84054681090461,0.00019368699940969236,0.17208194732666016,True
1972,89,9.98519681138679,0.00017678000222076662,0.1720590591430664,True
1973,17,6.246152753998275,0.0001871130007202737,0.17214298248291016,True
1974,17,13.347707994888207,0.00018238700067740865,0.1721658706665039,True
1975,97,8.41049874285973,0.00019439400057308376,0.17205142974853516,True
1976,290,3.135553017196136,0.00017685300190350972,0.17205142974853516,True
1977,183,6.506538859817764,0.00018731100135482848,0.1720590591430664,True
1978,97,3.0999146761996808,0.00020465200213948265,0.17205142974853516,True
1979,183,6.7370625386107585,0.00017941400074050762,0.17206668853759766,True
1980,128,4.850585399483662,0.00018397899839328602,0.17205142974853516,True
1981,220,2.558315449395752,0.00017630699949222617,0.17205142974853516,True
1982,138,54.94079982605834,0.00019390099987504072,0.17214298248291016,True
1983,237,5.01356681927594,0.00017723100245348178,0.1720590591430664,True
1984,237,6.0667804552202345,0.00018123799964087084,0.17206668853759766,True
1985,177,16.690816162049085,0.00017646200285525993,0.1720590591430664,True
1986,17,4.709630741506811,0.00018424299923935905,0.17215824127197266,True
1987,165,10.466518465621538,0.00017698800002108328,0.17205142974853516,True
1988,267,3.3085818985896687,0.00017607200061320327,0.17205142974853516,True
1989,174,4.577516349775537,0.0001757179998094216,0.1720590591430664,True
1990,230,5.198890684367692,0.000179588001628872,0.17205142974853516,True
1991,47,18.14119989419202,0.00020879599833278917,0.1720743179321289,True
1992,176,5.936719012592512,0.00018114500198862515,0.17205142974853516,True
1993,112,8.991713711003268,0.00017637699784245342,0.17205142974853516,True
1994,177,5.981169675101968,0.00019382499885978177,0.17205142974853516,True
1995,109,3.33694192154075,0.00017550800112076104,0.17205142974853516,True
1996,244,7.519539632673596,0.0001789130001270678,0.1720590591430664,True
1997,128,4.568761657063478,0.00017612599913263693,0.17205142974853516,True
1998,183,7.251791252745354,0.0002063669999188278,0.17206668853759766,True
1999,60,13.838119320777775,0.00017640999794821255,0.17205142974853516,True
2000,230,3.8936768133768416,0.00017760199989425018,0.17205142974853516,True
2001,135,8.033470762388822,0.00017739599934429862,0.1720590591430664,True
2002,88,23.011256770424723,0.00019560500004445203,0.17209720611572266,True
2003,273,6.108749338059564,0.00017730499894241802,0.17205142974853516,True
2004,214,5.9523928514489235,0.00017987599858315662,0.17205142974853516,True
2005,234,4.568749429120645,0.0001812959999369923,0.1720590591430664,True
2006,183,7.41502606990666,0.00017953600035980344,0.1720590591430664,True
2007,88,7.019430739646142,0.0001985970011446625,0.1720590591430664,True
2008,159,7.929782034921812,0.00020240699814166874,0.1720590591430664,True
2009,183,3.762179683562813,0.00018819199976860546,0.17205142974853516,True
2010,76,6.675978678855626,0.00019296200116514228,0.1720590591430664,True
2011,159,5.797661200211785,0.00019299399718875065,0.17205142974853516,True
2012,129,4.349954619552399,0.000182333002157975,0.1720590591430664,True
2013,109,4.784654650454108,0.00017855799887911417,0.17205142974853516,True
2014,135,9.613080842509815,0.00017740499970386736,0.1720590591430664,True
2015,27,7.16588284182373,0.00017882300016935915,0.17208194732666016,True
2016,290,12.989369870632274,0.00017941600162885152,0.1720743179321289,True
2017,183,2.8029016679204983,0.00017747500169207342,0.17205142974853516,True
2018,135,3.188389485597147,0.0001938479981618002,0.17205142974853516,True
2019,273,7.883836173374558,0.0001768670008459594,0.1720590591430664,True
2020,220,6.633048378372371,0.00018194699805462733,0.17206668853759766,True
2021,112,17.59320609694422,0.0001788159970601555,0.17206668853759766,True
2022,128,9.190197179328285,0.00019095699826721102,0.1720590591430664,True
2023,17,8.237139802364414,0.00018659799752640538,0.1721658706665039,True
2024,17,8.058357454379035,0.00019005200010724366,0.1721506118774414,True
2025,127,9.75888889487016,0.00019809500008705072,0.17205142974853516,True
2026,64,6.6245477486187525,0.00018600999828777276,0.1720590591430664,True
2027,77,18.18535850857177,0.0001994439990085084,0.1720743179321289,True
2028,183,2.355827838768691,0.00021570700118900277,0.17205142974853516,True
2029,243,7.093251900737911,0.00017755400040186942,0.1720590591430664,True
2030,77,16.263334333095532,0.00018776400247588754,0.17206668853759766,True
2031,214,6.1847796341753725,0.0002060330007225275,0.1720590591430664,True
2032,112,5.513526325004473,0.00017709100211504847,0.1720590591430664,True
2033,76,16.13702637775554,0.000176575002114987,0.17206668853759766,True
2034,214,3.6835072682524195,0.00023176800095825456,0.1720590591430664,True
2035,206,4.697646348822521,0.00018051499864668585,0.17205142974853516,True
2036,17,14.561328517651457,0.00019460600015008822,0.1721658706665039,True
2037,138,46.021435127531994,0.00018543500118539669,0.17209720611572266,True
2038,57,6.321603857493429,0.00018444200031808577,0.17205142974853516,True
2039,129,6.692670862493791,0.00021577700317720883,0.17205142974853516,True
2040,177,61.27917173374415,0.00019807699936791323,0.1721658706665039,True
2041,82,4.542657805720808,0.00018475199976819567,0.17205142974853516,True
2042,290,6.599914072234334,0.00020263999977032654,0.1720590591430664,True
2043,57,4.901700453459338,0.00019658200108096935,0.17205142974853516,True
2044,244,4.722798852740388,0.00018955999985337257,0.17205142974853516,True
2045,237,11.571585304231421,0.00018566799917607568,0.17205142974853516,True
2046,238,7.415575003830441,0.00018597699818201363,0.1720590591430664,True
2047,183,91.34485155647214,0.00021544300034292974,0.1720895767211914,True
2048,138,44.47468454292126,0.00018093499966198578,0.1720743179321289,True
2049,112,7.88373746605588,0.00017686300270725042,0.1720590591430664,True
2050,128,7.456381162376727,0.0001896699977805838,0.1720590591430664,True
2051,177,23.50899461354902,0.00017637500059208833,0.17206668853759766,True
2052,234,4.697313367748013,0.0001794560012058355,0.1720590591430664,True
2053,143,3.0440666984915796,0.00017491000107838772,0.17205142974853516,True
2054,163,8.501074688671023,0.00018418600302538835,0.1720590591430664,True
2055,149,6.016768140458177,0.00018770599854178727,0.1720590591430664,True
2056,47,11.337379456393904,0.00020507899898802862,0.17205142974853516,True
2057,183,3.0451195724754148,0.0001919470014399849,0.17205142974853516,True
2058,143,3.689336373439913,0.00017652400129009038,0.17205142974853516,True
2059,165,7.37528956458229,0.00018163999993703328,0.1720590591430664,True
2060,129,8.496711536286535,0.00017784800002118573,0.17206668853759766,True
2061,174,5.696526557942752,0.00019521500144037418,0.17205142974853516,True
2062,143,4.475496436774437,0.00017907599976751953,0.17205142974853516,True
2063,159,17.27293421997676,0.0001792820003174711,0.1720743179321289,True
2064,220,7.1060382996574605,0.0001774119991750922,0.17205142974853516,True
2065,88,18.754293564910242,0.0001919390015245881,0.1720743179321289,True
2066,17,9.054164785538154,0.0001919229980558157,0.17214298248291016,True
2067,88,8.18866321544921,0.00018232200091006234,0.17206668853759766,True
2068,230,15.770658736369887,0.00018967700088978745,0.1721048355102539,True
2069,135,2.200964526486416,0.00018126799841411412,0.17205142974853516,True
2070,129,22.941323902369295,0.0002075990014418494,0.1720590591430664,True
2071,26,8.019764631028892,0.00020894800036330707,0.1720743179321289,True
2072,64,12.869451009615641,0.00017921799735631794,0.1720743179321289,True
2073,57,3.922996394702686,0.00019616500139818527,0.17205142974853516,True
2074,267,3.6937113611017502,0.00019146599879604764,0.17205142974853516,True
2075,138,27.87051096648055,0.00019170100131304935,0.17209720611572266,True
2076,237,3.4973262457183547,0.0001774869997461792,0.17205142974853516,True
2077,234,6.452982184416019,0.00019809800141956657,0.17205142974853516,True
2078,76,7.4363528114625375,0.00018024599921773188,0.1720590591430664,True
2079,230,2.79611234636629,0.00018267500126967207,0.17205142974853516,True
2080,127,55.63962544051254,0.00018557399744167924,0.1721506118774414,True
2081,230,2.862973625025406,0.00017660099911154248,0.17205142974853516,True
2082,230,5.981505688097421,0.0001839420001488179,0.17205142974853516,True
2083,89,3.651117081974664,0.00021320900123100728,0.17205142974853516,True
2084,206,7.269995878767688,0.0002035449979302939,0.17205142974853516,True
2085,112,10.597039757817686,0.00018024699966190383,0.17205142974853516,True
2086,183,4.618955816306733,0.00018041300063487142,0.17205142974853516,True
2087,88,8.279401383511512,0.0001809109999157954,0.1720590591430664,True
2088,129,21.16047057380731,0.0001912829975481145,0.17205142974853516,True
2089,112,9.24336144083172,0.00017784300143830478,0.1720590591430664,True
2090,112,8.027854589067214,0.00017838499843492173,0.1720590591430664,True
2091,97,11.059213136535515,0.00018516899945097975,0.17205142974853516,True
2092,138,86.96291204134133,0.00018429999909130856,0.17212772369384766,True
2093,230,2.6912022206429502,0.0001787449982657563,0.17205142974853516,True
2094,17,8.190746776428862,0.00019367400091141462,0.1721506118774414,True
2095,244,8.014679542727006,0.00021040800129412673,0.17205142974853516,True
2096,129,4.13091333331633,0.00021280500004650094,0.17205142974853516,True
2097,183,7.649321515180926,0.00017742899945005774,0.1720590591430664,True
2098,27,14.72647532693325,0.00018041499788523652,0.17208194732666016,True
2099,77,30.64928474856369,0.00019492499995976686,0.17209720611572266,True
2100,149,14.335365278811377,0.00017886999921756797,0.17206668853759766,True
2101,143,6.360380025333142,0.00017903199841384776,0.17205142974853516,True
2102,138,65.52223704607036,0.00018737999926088378,0.1721200942993164,True
2103,290,9.05904941230571,0.000177112000528723,0.17206668853759766,True
2104,230,4.073147797931499,0.00018684200040297583,0.17205142974853516,True
2105,220,6.296429507768549,0.00018479199934517965,0.17205142974853516,True
2106,17,6.194050094862955,0.00018707100025494583,0.17214298248291016,True
2107,135,3.373613037085791,0.0002727249993768055,0.17205142974853516,True
2108,222,20.490927045470208,0.00017629300054977648,0.17205142974853516,True
2109,129,6.542439056957157,0.00017756699890014715,0.1720590591430664,True
2110,230,4.638820242828929,0.00020079500245628878,0.17205142974853516,True
2111,128,14.364224091171346,0.00018732199896476232,0.1720743179321289,True
2112,206,12.476688932488596,0.0001784189989848528,0.1720590591430664,True
2113,64,6.216520786672117,0.000186187000508653,0.17205142974853516,True
2114,129,12.861306161686679,0.00017708800078253262,0.1720590591430664,True
2115,267,9.616036957892035,0.00018374700084677897,0.17205142974853516,True
2116,135,7.813630157009157,0.0001816730000427924,0.17205142974853516,True
2117,183,4.468989391453956,0.00017955300063476898,0.1720590591430664,True
2118,143,6.3995567207628845,0.00017644399849814363,0.17205142974853516,True
2119,237,2.7852743061883873,0.0001768139991327189,0.17205142974853516,True
2120,109,4.108238359006802,0.00017800700152292848,0.17205142974853516,True
2121,48,6.416578963145301,0.00019539899949450046,0.17205142974853516,True
2122,77,7.495233725299851,0.0001770269991538953,0.1720590591430664,True
2123,206,7.924101115375791,0.00018709200230659917,0.1720590591430664,True
2124,163,8.322152819657072,0.00017673199909040704,0.1720590591430664,True
2125,88,26.88225838244585,0.0001807000007829629,0.17209720611572266,True
2126,263,5.891722822457834,0.00018652500148164108,0.1720590591430664,True
2127,26,8.140553277874178,0.0001780379971023649,0.1720895767211914,True
2128,135,2.3400188725122564,0.0001777420002326835,0.17205142974853516,True
2129,55,8.060732453677172,0.00018262999947182834,0.17206668853759766,True
2130,244,6.546882127319382,0.0001767189969541505,0.17205142974853516,True
2131,135,4.1128320932255775,0.00017639100042288192,0.17205142974853516,True
2132,77,23.10323499184,0.00018234700110042468,0.17209720611572266,True
2133,276,4.992000621183739,0.00018731500313151628,0.17205142974853516,True
2134,230,7.235179490762244,0.00017940999896381982,0.17205142974853516,True
2135,215,20.16525355192209,0.00017751799896359444,0.1720590591430664,True
2136,129,5.738133214956878,0.0001846899976953864,0.1720590591430664,True
2137,143,3.799578093806711,0.00017902300169225782,0.17205142974853516,True
2138,234,7.628601970623204,0.000186802997632185,0.17205142974853516,True
2139,267,3.582709340522017,0.00019273300131317228,0.17205142974853516,True
2140,263,8.6658529424428,0.0002065959997707978,0.17206668853759766,True
2141,82,4.009744326464965,0.00017867100177682005,0.17205142974853516,True
2142,26,13.716911545890776,0.00018544299746281467,0.1721048355102539,True
2143,263,12.89900543305676,0.00017966999803320505,0.1720743179321289,True
2144,88,7.9781214665377655,0.00018461299987393431,0.17206668853759766,True
2145,26,17.291443378579263,0.0001821690020733513,0.1720743179321289,True
2146,220,6.936176892563989,0.00018539400116424076,0.17205142974853516,True
2147,17,8.98569061394806,0.0001964759976544883,0.1721506118774414,True
2148,196,77.18885918621439,0.0002199989976361394,0.1721963882446289,True
2149,26,15.547698644790684,0.00020639300055336207,0.1721048355102539,True
2150,129,14.182567743709264,0.00017652599854045548,0.17206668853759766,True
2151,128,7.611625577070406,0.00017763700088835321,0.17206668853759766,True
2152,246,4.680653507872498,0.00017775699961930513,0.17205142974853516,True
2153,183,3.4615270369949505,0.0002108490007231012,0.17205142974853516,True
2154,174,4.863630093550711,0.00017646299966145307,0.17205142974853516,True
2155,129,6.888452805535344,0.00017684300109976903,0.17205142974853516,True
2156,109,3.7521355237003893,0.00018095600171363913,0.17205142974853516,True
2157,60,6.7703325706037925,0.0001801530015654862,0.1720590591430664,True
2158,135,6.159052588023216,0.00021733399989898317,0.17205142974853516,True
2159,17,7.577248033965808,0.00019720999989658594,0.17214298248291016,True
2160,208,8.805361921930908,0.000206741999136284,0.1720590591430664,True
2161,135,3.324931648464492,0.0001737630009301938,0.17205142974853516,True
2162,76,6.579918280271356,0.00020437499915715307,0.1720590591430664,True
2163,177,67.0191140895326,0.00019066999811911955,0.17217350006103516,True
2164,88,10.827253144692955,0.00019184299890184775,0.17206668853759766,True
2165,88,11.206160218661802,0.00017735200162860565,0.1720590591430664,True
2166,82,3.057622740320549,0.00018125299902749248,0.17205142974853516,True
2167,183,4.0000077032369505,0.00017617299818084575,0.17205142974853516,True
2168,234,4.533458371678342,0.00023653699827264063,0.17206668853759766,True
2169,214,8.250915906684872,0.00021410399858723395,0.1720590591430664,True
2170,77,29.193118486336623,0.00018142400222131982,0.17211246490478516,True
2171,135,5.935643127362917,0.00018419299885863438,0.1720590591430664,True
2172,246,2.7278147745448575,0.00017713999841362238,0.17205142974853516,True
2173,17,6.844956687091562,0.0001915280008688569,0.1721353530883789,True
2174,135,9.005136760924174,0.00017686399951344356,0.1720590591430664,True
2175,214,8.321792304801438,0.00019034599972655997,0.1720590591430664,True
2176,135,5.477356103502972,0.00020989599943277426,0.17205142974853516,True
2177,165,12.548792803407085,0.0001786719985830132,0.1720590591430664,True
2178,48,10.385935881595444,0.00018501100203138776,0.17206668853759766,True
2179,17,11.482873361341438,0.00018185600129072554,0.17215824127197266,True
2180,26,13.480302388000268,0.00018056699991575442,0.1720895767211914,True
2181,135,3.154202708985072,0.0001928370002133306,0.17205142974853516,True
2182,135,8.73206120200429,0.00017711499822326005,0.17205142974853516,True
2183,230,3.692295947719928,0.00019507300021359697,0.17205142974853516,True
2184,230,4.31437168208053,0.00018400800036033615,0.17205142974853516,True
2185,230,4.115931716781761,0.00017663499966147356,0.17205142974853516,True
2186,17,3.6701802033115922,0.0001893049993668683,0.17214298248291016,True
2187,273,7.331949607171217,0.00018072499733534642,0.17205142974853516,True
2188,263,7.295428954441742,0.0001808239976526238,0.1720590591430664,True
2189,64,6.225850254294852,0.0001807650005503092,0.17205142974853516,True
2190,176,2.372700218866399,0.0001764269982231781,0.17205142974853516,True
2191,88,6.711107697984594,0.00017590100105735473,0.17205142974853516,True
2192,88,21.324418567264527,0.00020072800180059858,0.1721048355102539,True
2193,17,8.148345259076756,0.00018406600065645762,0.1721506118774414,True
2194,26,10.922313252825512,0.00018066499978885986,0.17209720611572266,True
2195,230,12.447018495601796,0.0001785790009307675,0.1720590591430664,True
2196,76,6.221651944095607,0.0001865519989223685,0.1720590591430664,True
2197,82,4.745847111859535,0.00017932300033862703,0.17205142974853516,True
2198,143,8.855032534177427,0.00018779400124913082,0.17206668853759766,True
2199,244,8.737212080206428,0.00017545800074003637,0.1720590591430664,True
2200,237,4.758352406328386,0.0001923730014823377,0.1720590591430664,True
2201,165,11.07241859751392,0.0001767819994711317,0.17205142974853516,True
2202,237,6.708787146914583,0.00018144700152333826,0.1720590591430664,True
2203,244,3.389382308143363,0.00017965999722946435,0.17205142974853516,True
2204,267,2.637125157810983,0.00017760100308805704,0.17205142974853516,True
2205,60,13.944547954570595,0.00017800700152292848,0.17206668853759766,True
2206,60,14.215771602488552,0.00019113799862680025,0.1720895767211914,True
2207,55,7.993590299843196,0.00018148699746234342,0.1720743179321289,True
2208,135,10.882196817215895,0.000176886998815462,0.1720590591430664,True
2209,55,21.30787701194871,0.00019144399993820116,0.17206668853759766,True
2210,109,3.5472685013169185,0.0001753029973770026,0.17205142974853516,True
2211,263,8.796736647499278,0.00017832099911174737,0.17205142974853516,True
2212,48,12.971623508668998,0.00018373800048721023,0.1720743179321289,True
2213,26,16.556823764286232,0.0001796769975044299,0.17209720611572266,True
2214,230,6.728159432384324,0.00017815200044424273,0.1720590591430664,True
2215,263,8.181896550323804,0.00018533700131229125,0.17205142974853516,True
2216,88,5.194093075043288,0.0001785729982657358,0.1720590591430664,True
2217,17,2.8110680841593165,0.00018010799976764247,0.1721353530883789,True
2218,47,10.353198037944642,0.0001777479992597364,0.1720743179321289,True
2219,135,1.7588738092079963,0.00017720200048643164,0.17205142974853516,True
2220,176,2.935232967153673,0.00018204899970442057,0.1720590591430664,True
2221,60,8.711601322884293,0.00017947899686987512,0.17206668853759766,True
2222,129,13.642347662490954,0.00017891200332087465,0.1720590591430664,True
2223,244,6.658898490217204,0.00017677299911156297,0.17205142974853516,True
2224,183,5.840934666393871,0.00017602500156499445,0.17205142974853516,True
2225,230,4.000022011899048,0.00017769099940778688,0.17205142974853516,True
2226,88,11.094866515421401,0.0001777439974830486,0.17206668853759766,True
2227,88,7.836230098703305,0.0001825239996833261,0.1720590591430664,True
2228,159,6.25319037948322,0.00017665899940766394,0.17206668853759766,True
2229,88,8.191403308046727,0.00017721900076139718,0.1720590591430664,True
2230,174,5.195814567109196,0.00018032300067716278,0.17205142974853516,True
2231,112,7.116287656226392,0.00017802200090955012,0.1720590591430664,True
2232,206,3.485974889368717,0.00018601400006446056,0.17205142974853516,True
2233,82,7.049817119896124,0.00018118899970431812,0.1720590591430664,True
2234,143,3.323173799826716,0.0001788810004654806,0.17205142974853516,True
2235,238,5.952724847342115,0.00020068300000275485,0.17205142974853516,True
2236,290,9.976478615528723,0.00019258199972682633,0.17206668853759766,True
2237,222,41.59188707059543,0.00018734100012807176,0.17212772369384766,True
2238,230,5.145369880714,0.0001768710026226472,0.17205142974853516,True
2239,183,5.614708652916882,0.00018888900012825616,0.17205142974853516,True
2240,159,8.518565942286164,0.0001877430004242342,0.17206668853759766,True
2241,230,6.710546015654746,0.00019585000336519442,0.17205142974853516,True
2242,64,7.369988826999427,0.00021368500165408477,0.1720590591430664,True
2243,82,4.987350965364074,0.0001768950023688376,0.17205142974853516,True
2244,183,10.953743617350623,0.00019809600053122267,0.17206668853759766,True
2245,159,4.170938969990831,0.00017677600044407882,0.17205142974853516,True
2246,230,6.7770708988449835,0.00017802299771574326,0.1720590591430664,True
2247,149,5.880593133540819,0.00017667799693299457,0.1720590591430664,True
2248,177,50.495221095248255,0.00026232000163872726,0.17208194732666016,True
2249,112,11.690874955891685,0.00019246699957875535,0.1720590591430664,True
2250,238,8.467918285072814,0.00017581700012669899,0.1720590591430664,True
2251,290,8.775827815689986,0.00020660500013036653,0.1720590591430664,True
2252,273,7.483226254427061,0.0001865800004452467,0.1720590591430664,True
2253,176,25.307123051177633,0.00018117299987352453,0.1720895767211914,True
2254,183,5.6431484407550005,0.00018391300181974657,0.17205142974853516,True
2255,138,91.8294879742514,0.00019492200226522982,0.1721048355102539,True
2256,174,4.808850966787839,0.00018223699953523465,0.17205142974853516,True
2257,220,10.19561652177151,0.0001786780012480449,0.17206668853759766,True
2258,237,4.587005554680012,0.00021219100017333403,0.1720590591430664,True
2259,48,13.538402730776928,0.00017993100118474104,0.17206668853759766,True
2260,135,6.723681588573351,0.000193240000953665,0.1720590591430664,True
2261,55,17.028000118758108,0.0001924540010804776,0.17206668853759766,True
2262,220,4.637195318567753,0.00018891399668063968,0.1720590591430664,True
2263,276,8.10679897490378,0.0001890599996841047,0.1720590591430664,True
2264,76,6.641103952866931,0.00017876199854072183,0.1720590591430664,True
2265,176,4.934740439033882,0.0001958190005098004,0.17205142974853516,True
2266,88,17.061733932864513,0.0001878990005934611,0.1720743179321289,True
2267,55,8.901309627684759,0.0002361959996051155,0.1720590591430664,True
2268,230,4.688146883683375,0.00017744700016919523,0.17205142974853516,True
2269,26,10.812444434844233,0.00018421200002194382,0.1720895767211914,True
2270,112,8.821174832938036,0.00017930600006366149,0.1720590591430664,True
2271,135,4.118052085642506,0.0001764129992807284,0.17205142974853516,True
2272,214,8.422447225593675,0.00018667599943000823,0.1720590591430664,True
2273,220,7.129447401649874,0.00018074999752570875,0.1720590591430664,True
2274,112,6.995939099884423,0.00019059300029766746,0.1720590591430664,True
2275,135,2.399655667798008,0.00019254800281487405,0.17205142974853516,True
2276,183,10.655510572168359,0.00018554800044512376,0.1720590591430664,True
2277,263,7.502615189237236,0.00034632299866643734,0.1720590591430664,True
2278,128,5.39628751965313,0.00017940999896381982,0.17205142974853516,True
2279,174,4.972344890757737,0.000180998002178967,0.17205142974853516,True
2280,230,3.8957280729484145,0.0001802709994080942,0.17205142974853516,True
2281,112,7.54266946518057,0.00018803800048772246,0.1720590591430664,True
2282,183,5.551083227834627,0.00019677299860632047,0.17205142974853516,True
2283,60,17.03309918869977,0.00018841500059352256,0.1720743179321289,True
2284,230,3.4083314330742476,0.00017581599968252704,0.17205142974853516,True
2285,112,4.409030020929713,0.00018535899653215893,0.17205142974853516,True
2286,244,4.391522566610068,0.0001867930004664231,0.17205142974853516,True
2287,263,8.501522234552114,0.00017958100215764716,0.1720590591430664,True
2288,55,6.909042276640081,0.00021206199744483456,0.17206668853759766,True
2289,109,5.9791638189140945,0.00017713199849822558,0.17205142974853516,True
2290,77,15.141093403280948,0.0002072040006169118,0.1720590591430664,True
2291,135,3.3808773730677997,0.00020522600243566558,0.17205142974853516,True
2292,273,12.063222371627004,0.00018231599824503064,0.17206668853759766,True
2293,149,7.505552744618165,0.0001888110018626321,0.17205142974853516,True
2294,135,8.207386977564209,0.00017929100067703985,0.1720590591430664,True
2295,222,10.516883449251171,0.00019128500207443722,0.1720743179321289,True
2296,109,2.102467822138332,0.0001847200001066085,0.17205142974853516,True
2297,177,17.121587968089347,0.0001829069988161791,0.1720590591430664,True
2298,234,6.612263230835134,0.00017738599854055792,0.17205142974853516,True
2299,183,3.7423812052754704,0.00018615699809743091,0.17205142974853516,True
2300,238,2.754979518653715,0.000201324000954628,0.17205142974853516,True
2301,64,5.6995689143807295,0.0001794199997675605,0.17205142974853516,True
2302,220,4.113014506725323,0.00018487299894331954,0.17205142974853516,True
2303,135,5.1851309304516455,0.00018128699957742356,0.17205142974853516,True
2304,270,7.795620696007794,0.00017845799811766483,0.1720590591430664,True
2305,97,7.408592076058349,0.00019167099890182726,0.17206668853759766,True
2306,76,6.137769514423273,0.00019218200031900778,0.1720590591430664,True
2307,165,4.206284590488611,0.0001784209998731967,0.17205142974853516,True
2308,273,6.303468771263769,0.0001929540012497455,0.17206668853759766,True
2309,244,3.8337121844472644,0.0001840820004872512,0.17205142974853516,True
2310,129,7.11874536274998,0.0001770939998095855,0.17205142974853516,True
2311,230,3.2062845569744396,0.00018664199888007715,0.17205142974853516,True
2312,220,6.463551294384523,0.00017505700088804588,0.17205142974853516,True
2313,77,8.253261328118816,0.00017970300177694298,0.17206668853759766,True
2314,273,33.774688736119764,0.0001932420018420089,0.1720895767211914,True
2315,263,6.572819728272588,0.00017919799938681535,0.17205142974853516,True
2316,17,6.5057948454833054,0.00018726599955698475,0.1721353530883789,True
2317,82,11.360680830836872,0.0001776429999154061,0.1720590591430664,True
2318,290,10.2327431019516,0.0001805339998099953,0.1720590591430664,True
2319,238,16.622853843048137,0.00018489899957785383,0.17206668853759766,True
2320,163,6.225441266777675,0.00018474399985279888,0.1720590591430664,True
2321,230,5.155938419055385,0.00018236300093121827,0.17205142974853516,True
2322,48,15.046500025606797,0.0001795780008251313,0.1720743179321289,True
2323,220,4.368920458666828,0.00018584099962026812,0.1720590591430664,True
2324,183,3.0250014044773423,0.00018686900148168206,0.17205142974853516,True
2325,129,13.073232549937002,0.0001777849975042045,0.1720590591430664,True
2326,128,9.312197514970448,0.0001861000018834602,0.1720743179321289,True
2327,135,5.269101918897664,0.0001917529989441391,0.17205142974853516,True
2328,82,15.014327491793455,0.00018830300177796744,0.1720590591430664,True
2329,451,50.59293748891689,0.00019101299767498858,0.17214298248291016,False
2330,60,9.172245294617575,0.00018894199820351787,0.17206668853759766,True
2331,220,6.4159338537612545,0.00017747500169207342,0.1720590591430664,True
2332,220,4.305344746543431,0.00018437499966239557,0.17205142974853516,True
2333,17,18.907987022454467,0.00018474399985279888,0.17215824127197266,True
2334,76,7.718939950710584,0.0001929540012497455,0.1720590591430664,True
2335,135,4.3689481770451,0.0001769459995557554,0.1720590591430664,True
2336,230,5.333090530481707,0.00019478099784464575,0.1720590591430664,True
2337,273,8.308303551584942,0.00017824099995777942,0.17205142974853516,True
2338,143,2.0859908005980765,0.00018080200243275613,0.17205142974853516,True
2339,220,4.686362669370501,0.00019183100084774196,0.17205142974853516,True
2340,48,16.345689433189342,0.00018042500232695602,0.1720743179321289,True
2341,109,4.364177210848566,0.0001934930005518254,0.17205142974853516,True
2342,17,4.909221786981973,0.00018368200107943267,0.1721353530883789,True
2343,276,12.314210223366791,0.00017870900046546012,0.1720590591430664,True
2344,183,5.6665790124420115,0.00017732500054989941,0.17205142974853516,True
2345,138,81.1404170185093,0.0001867220016720239,0.1721506118774414,True
2346,176,7.228036069695757,0.00017744700016919523,0.17205142974853516,True
2347,214,13.002229274912034,0.0002869039999495726,0.1720590591430664,True
2348,77,10.721030637017886,0.00017716699949232861,0.1720590591430664,True
2349,176,3.5131814968936546,0.0001891940009954851,0.17205142974853516,True
2350,149,6.9647286399983805,0.000203309999051271,0.1720590591430664,True
2351,48,6.481186971321139,0.00019131400040350854,0.1720590591430664,True
2352,214,6.246533423588033,0.00017862900131149217,0.1720590591430664,True
2353,112,9.963734729274094,0.00018101599926012568,0.17206668853759766,True
2354,183,7.421308048606944,0.00021266300245770253,0.1720590591430664,True
2355,143,5.158631343218486,0.00017739800023264252,0.1720590591430664,True
2356,136,11.446140214347484,0.00018119800006388687,0.17206668853759766,True
2357,244,5.025880838837152,0.00017954400027520023,0.17205142974853516,True
2358,112,13.551811893158172,0.00017825800023274496,0.17206668853759766,True
2359,112,5.842081174049607,0.00020338399917818606,0.1720590591430664,True
2360,183,8.611153846692249,0.00019428800078458153,0.1720590591430664,True
2361,136,7.474581416306428,0.00017753799693309702,0.1720590591430664,True
2362,57,5.132683678838613,0.00018073300088872202,0.17205142974853516,True
2363,48,11.892115472574194,0.0005046770020271651,0.1720590591430664,True
2364,267,4.494118260905629,0.00020485400091274641,0.17205142974853516,True
2365,183,4.261292334488424,0.00019477499881759286,0.17205142974853516,True
2366,109,4.092192314732097,0.00018674300008569844,0.17205142974853516,True
2367,163,7.008075763866834,0.00017719600145937875,0.1720590591430664,True
2368,129,5.010697613581269,0.00021437800023704767,0.17206668853759766,True
2369,82,6.27437662495004,0.0001858729992818553,0.1720590591430664,True
2370,17,5.417407896436234,0.00023106500157155097,0.1721353530883789,True
2371,26,10.255411670361902,0.00017888599904836155,0.1720895767211914,True
2372,238,4.293107288376664,0.00020216999837430194,0.17205142974853516,True
2373,214,7.035529987043358,0.000183936001121765,0.17205142974853516,True
2374,77,21.222091055313008,0.00018576900038169697,0.17206668853759766,True
2375,150,12.359564465636607,0.00023624100140295923,0.1720743179321289,True
2376,135,6.082864008857103,0.00017962700076168403,0.17205142974853516,True
2377,183,9.552062265603347,0.0001933839994308073,0.1720590591430664,True
2378,27,8.776956780196544,0.00018863699733628891,0.1720743179321289,True
2379,97,13.750448163047384,0.0001800579993869178,0.17208194732666016,True
2380,290,7.823724388657305,0.00018951099991681986,0.1720590591430664,True
2381,177,49.087890572237164,0.0002021690015681088,0.17214298248291016,True
2382,246,6.755566877124949,0.0001988969997910317,0.17205142974853516,True
2383,77,17.18540385178174,0.0002057959973171819,0.1720895767211914,True
2384,220,5.364231364201703,0.0001786620014172513,0.1720590591430664,True
2385,27,7.000975405547162,0.00018252600057167,0.17208194732666016,True
2386,263,12.231976770772313,0.00018334099877392873,0.1720743179321289,True
2387,177,65.15020582204085,0.0001924600001075305,0.1721658706665039,True
2388,26,14.332323627927542,0.00017980499978875741,0.1720895767211914,True
2389,128,13.180914481188761,0.00017788299737730995,0.17208194732666016,True
2390,220,6.911354403652647,0.0001923199997690972,0.17205142974853516,True
2391,159,6.2478955569890156,0.00019453999993856996,0.17205142974853516,True
2392,127,9.634734534171757,0.00017986500097322278,0.17205142974853516,True
2393,135,11.635771011581436,0.00017737300004228018,0.17206668853759766,True
2394,112,8.838483229238367,0.00017906199718709104,0.17206668853759766,True
2395,230,5.674372819861761,0.0001805100000638049,0.1720590591430664,True
2396,77,17.644643094247485,0.0001819300014176406,0.1720590591430664,True
2397,183,4.882805692458917,0.00017865499830804765,0.17205142974853516,True
2398,183,6.550422304183619,0.00018523300241213292,0.17205142974853516,True
2399,76,6.167959497874213,0.00017901899991557002,0.17205142974853516,True
2400,26,8.710133668960152,0.00019305599926155992,0.17209720611572266,True
2401,177,19.060054256659043,0.0001837720010371413,0.1720743179321289,True
2402,76,5.072393301219576,0.00017757900059223175,0.1720590591430664,True
2403,76,7.847894041118878,0.00017512499834992923,0.1720590591430664,True
2404,135,3.4715202591653247,0.00017672900139587,0.17205142974853516,True
2405,237,7.833137573673582,0.00017613200179766864,0.17205142974853516,True
2406,112,7.2872024622214395,0.00017585699970368296,0.1720590591430664,True
2407,230,4.176001006194083,0.00018100399756804109,0.17205142974853516,True
2408,26,19.413554648472754,0.00018062199887936004,0.1720895767211914,True
2409,97,11.145290145101857,0.00018013799854088575,0.1720590591430664,True
2410,64,3.4299460754722504,0.00017806100004236214,0.17205142974853516,True
2411,76,8.427211155653385,0.00018626499877427705,0.1720590591430664,True
2412,88,20.928143113444825,0.00023932299882289954,0.17208194732666016,True
2413,237,6.794644174239334,0.0001758680009515956,0.17205142974853516,True
2414,17,11.997325392071136,0.00018993800040334463,0.17215824127197266,True
2415,176,3.886283765041608,0.00017757300156517886,0.17205142974853516,True
2416,129,8.859162108835553,0.00019573499957914464,0.17206668853759766,True
2417,26,11.045966002416511,0.00021121299869264476,0.17208194732666016,True
2418,220,3.45238080521676,0.0001784209998731967,0.17205142974853516,True
2419,237,9.52729411039964,0.00018754099801299162,0.17206668853759766,True
2420,263,8.13440045870861,0.00018942099995911121,0.1720590591430664,True
2421,64,6.7104165651210685,0.00017946900334209204,0.1720590591430664,True
2422,64,7.32239377260962,0.00018637199900695123,0.1720590591430664,True
2423,48,9.82805107454369,0.00019085899839410558,0.17206668853759766,True
2424,128,7.48732734360962,0.0001771060015016701,0.1720590591430664,True
2425,244,3.993344576681686,0.00017838700296124443,0.17205142974853516,True
2426,143,7.813546290875422,0.00017815799947129562,0.1720590591430664,True
2427,76,4.868139057140242,0.00017909699818119407,0.17205142974853516,True
2428,183,8.745622208031211,0.00017956899682758376,0.17208194732666016,True
2429,220,6.642751212735949,0.0001952010024979245,0.17205142974853516,True
2430,143,3.966142804953219,0.00017596600082470104,0.17205142974853516,True
2431,220,6.502097581702264,0.000179513001057785,0.1720590591430664,True
2432,176,3.3137982624007156,0.00017577999824425206,0.1720590591430664,True
2433,234,7.446402681466012,0.00017883399777929299,0.17205142974853516,True
2434,17,4.466416481758403,0.0001838550015236251,0.17214298248291016,True
2435,138,91.46567657732041,0.00018846899911295623,0.1721353530883789,True
2436,263,5.8029768831582995,0.0001785730019037146,0.1720590591430664,True
2437,230,5.784228738363741,0.00037428799987537786,0.17205142974853516,True
2438,60,8.127709867187278,0.00041104400224867277,0.17205142974853516,True
2439,276,9.356719701099006,0.0001778169971657917,0.17206668853759766,True
2440,273,8.788645128089074,0.00017988300169236027,0.17206668853759766,True
2441,183,12.188089418206886,0.00017854700126918033,0.17206668853759766,True
2442,143,3.0611761355638913,0.00020462000247789547,0.17205142974853516,True
2443,177,71.22006797953249,0.00018845500017050654,0.1721506118774414,True
2444,57,8.268806606814426,0.00018385399744147435,0.17205142974853516,True
2445,176,3.7043887565021927,0.00017520999972475693,0.17205142974853516,True
2446,60,4.646349546957488,0.00018327799989492632,0.17205142974853516,True
2447,60,7.257387530241013,0.000210137997783022,0.1720590591430664,True
2448,163,8.434953972696878,0.00017636600023251958,0.1720590591430664,True
2449,270,5.487228965215206,0.00018421500135445967,0.17206668853759766,True
2450,78,15.987993193476377,0.00018035299945040606,0.17206668853759766,True
2451,143,4.6560226253959,0.00017547600145917386,0.17205142974853516,True
2452,263,8.855617446265212,0.00018938500215881504,0.1720590591430664,True
2453,183,3.7331671358827916,0.00024327400024048984,0.17205142974853516,True
2454,183,10.946276047396598,0.00018491300215828232,0.1720590591430664,True
2455,143,3.3735540330593627,0.00018228400222142227,0.17205142974853516,True
2456,183,3.8501249544965215,0.00017590799689060077,0.17205142974853516,True
2457,76,9.245682851692774,0.0001790370006347075,0.17208194732666016,True
2458,230,7.7413523307910825,0.0001871919994300697,0.17205142974853516,True
2459,230,3.3650251835644323,0.00017855999976745807,0.17205142974853516,True
2460,263,25.97358810325248,0.00017853399913292378,0.17208194732666016,True
2461,82,6.4502966200451795,0.00018090200319420546,0.17205142974853516,True
2462,183,2.673607448423886,0.0001781880018825177,0.17205142974853516,True
2463,237,8.396071392154933,0.00017963999925996177,0.17205142974853516,True
2464,129,8.48428117969591,0.00017474199921707623,0.17205142974853516,True
2465,129,18.491571096788686,0.00017871800082502887,0.1720590591430664,True
2466,27,5.125151946569977,0.00017872600074042566,0.17208194732666016,True
2467,267,8.249983924019238,0.00017888200090965256,0.17205142974853516,True
2468,183,4.272769782852334,0.00018247600019094534,0.17205142974853516,True
2469,135,2.920929121640226,0.00018809299945132807,0.17205142974853516,True
2470,55,7.149664005331883,0.0001895890018204227,0.17206668853759766,True
2471,273,6.95967295419193,0.00018235199968330562,0.17205142974853516,True
2472,163,7.158187716919813,0.00019793500177911483,0.17205142974853516,True
2473,88,4.974866599580324,0.00017729200044414029,0.17205142974853516,True
2474,246,6.322853241620296,0.0002124759994330816,0.17206668853759766,True
2475,273,7.4002986087417995,0.00021707000269088894,0.1720590591430664,True
2476,230,7.279649645199172,0.0002016100006585475,0.1720590591430664,True
2477,60,7.550261125470978,0.00018740599989541806,0.1720590591430664,True
2478,129,6.123540361156966,0.0001819239987526089,0.1720590591430664,True
2479,128,10.153504502909923,0.00017614299940760247,0.17205142974853516,True
2480,128,8.12808479471929,0.00018661799913388677,0.1720743179321289,True
2481,273,7.254029551091727,0.00018063300012727268,0.1720590591430664,True
2482,159,11.302879300103513,0.00018459900093148462,0.17206668853759766,True
2483,183,8.080019459591666,0.0001845420010795351,0.17206668853759766,True
2484,76,4.771918597475122,0.00018529099907027557,0.17205142974853516,True
2485,177,14.112573547396803,0.00019154099936713465,0.1720590591430664,True
2486,230,6.456886931272633,0.0002020659994741436,0.1720590591430664,True
2487,26,6.367144340011171,0.00018226300016976893,0.17208194732666016,True
2488,183,1.8465806560183666,0.00019468000027700327,0.17205142974853516,True
2489,138,26.869521205991568,0.0001883349978015758,0.17209720611572266,True
2490,214,3.3141709689483743,0.00017727099839248694,0.1720590591430664,True
2491,183,3.1152566169538733,0.00017754300279193558,0.17205142974853516,True
2492,165,6.343565738339932,0.00018581699987407774,0.17205142974853516,True
2493,290,30.453636439766502,0.00018045799879473634,0.17208194732666016,True
2494,97,12.476206059910705,0.00017566300084581599,0.17206668853759766,True
2495,176,3.6582351680161134,0.00018217600154457614,0.17205142974853516,True
2496,17,10.98557956265794,0.00018721499873208813,0.17214298248291016,True
2497,174,3.5257544885791163,0.00018111499957740307,0.17205142974853516,True
2498,17,8.369073094607892,0.0001893090011435561,0.1721353530883789,True
2499,88,8.318195608887756,0.0001820800025598146,0.17205142974853516,True
2500,17,6.692095111495654,0.00019991299996036105,0.17214298248291016,True
2501,183,6.694853073190147,0.00018718100182013586,0.1720590591430664,True
2502,109,2.9696932476519016,0.00017885600027511828,0.17205142974853516,True
2503,244,4.141008410113309,0.00017630200090934522,0.17205142974853516,True
2504,136,14.604526905789015,0.00020979300097678788,0.1720743179321289,True
2505,237,3.476592456760643,0.00018663999799173325,0.1720590591430664,True
2506,214,7.505079685670006,0.00018645499949343503,0.17206668853759766,True
2507,183,3.875088171710879,0.00017654999828664586,0.17205142974853516,True
2508,19,47.89135645929928,0.0001846570012276061,0.1721200942993164,True
2509,159,11.18246887362781,0.0001815370014810469,0.1720590591430664,True
2510,76,8.12194291856794,0.00018147700029658154,0.1720590591430664,True
2511,165,4.785776696711453,0.0002046249974227976,0.17205142974853516,True
2512,230,5.009192139492297,0.00017715500143822283,0.17205142974853516,True
2513,26,8.6611646985974,0.00018232799993711524,0.17208194732666016,True
2514,143,7.818362358729167,0.00017767800090950914,0.17205142974853516,True
2515,17,9.30993053580682,0.00018496999837225303,0.1721353530883789,True
2516,237,7.651264564336664,0.0005909230021643452,0.1720590591430664,True
2517,57,7.790719364018537,0.00018026800171355717,0.1720590591430664,True
2518,230,6.632793235478253,0.00017735200162860565,0.17205142974853516,True
2519,263,8.973916679513467,0.00018227300097350962,0.1720590591430664,True
2520,138,29.670562190693953,0.00018179099788540043,0.17208194732666016,True
2521,230,2.843177769495614,0.00018866399841499515,0.17205142974853516,True
2522,234,5.465940244356276,0.00018048499987344258,0.1720590591430664,True
2523,230,4.974679629292759,0.00017995300004258752,0.1720590591430664,True
2524,48,14.727593187416339,0.0001963239992619492,0.17206668853759766,True
2525,238,6.002149102257264,0.00019056699966313317,0.1720590591430664,True
2526,230,4.383679561285564,0.0001808419983717613,0.17205142974853516,True
2527,230,4.772002681451068,0.0001853360008681193,0.17205142974853516,True
2528,135,3.2621375129090726,0.00018304599871044047,0.17205142974853516,True
2529,234,8.480647306008123,0.0001982829999178648,0.1720590591430664,True
2530,129,17.156393762588355,0.0001830929977586493,0.17206668853759766,True
2531,230,7.928753644713793,0.00018095199993695132,0.1720590591430664,True
2532,237,12.544483452190095,0.00018477000048733316,0.1720743179321289,True
2533,109,3.7997503046490286,0.00017796799875213765,0.17205142974853516,True
2534,230,5.74020023474618,0.00017891499737743288,0.17205142974853516,True
2535,17,4.891455846616386,0.00018599900067783892,0.1721353530883789,True
2536,135,2.4515322622813143,0.0001845599981606938,0.17205142974853516,True
2537,237,5.789200463541848,0.00018072999955620617,0.1720590591430664,True
2538,27,15.269557695793775,0.00018129700038116425,0.1720590591430664,True
2539,76,8.761255662380078,0.00019079499907093123,0.1720590591430664,True
2540,270,5.026525234832371,0.00022671400074614212,0.17205142974853516,True
2541,165,10.55736765069211,0.00020239700097590685,0.17205142974853516,True
2542,17,18.232004130596103,0.0001821730002120603,0.17214298248291016,True
2543,17,6.8481727483710495,0.00018311799794901162,0.1721506118774414,True
2544,230,11.081376471739704,0.00018375699801254086,0.1720590591430664,True
2545,267,6.721081641773913,0.00017710899919620715,0.17205142974853516,True
2546,82,8.19672363335092,0.00017941199985216372,0.1720590591430664,True
2547,112,7.986065433204063,0.00017791299978853203,0.1720590591430664,True
2548,77,18.490845096900667,0.00017885499983094633,0.1720590591430664,True
2549,97,8.561953831855483,0.00017593600205145776,0.17206668853759766,True
2550,135,6.857905385733113,0.00018000599811784923,0.1720590591430664,True
2551,135,4.8394484164302645,0.00019769699792959727,0.17205142974853516,True
2552,97,7.014650772272363,0.00017770300109987147,0.1720590591430664,True
2553,143,5.97766638249575,0.00018621300114318728,0.17205142974853516,True
2554,149,4.307628411303468,0.00017789699995773844,0.17205142974853516,True
2555,135,5.7308915109229455,0.0001775189994077664,0.17205142974853516,True
2556,183,5.073280596844286,0.00017865499830804765,0.17205142974853516,True
2557,64,11.135895730533566,0.00018614199871080928,0.1720590591430664,True
2558,174,5.1425607101053075,0.00018453699885867536,0.17205142974853516,True
2559,17,7.9829572782264595,0.00018848900072043762,0.17215824127197266,True
2560,109,4.391345268955417,0.00019205500211683102,0.1720590591430664,True
2561,183,5.8251554227903855,0.00017869300063466653,0.1720590591430664,True
2562,176,6.633351780252993,0.00019512799917720258,0.1720590591430664,True
2563,244,6.801686853647794,0.00019049899856327102,0.17205142974853516,True
2564,77,56.190105885111656,0.00018895199900725856,0.17214298248291016,True
2565,246,3.375141085197226,0.00017435100016882643,0.17205142974853516,True
2566,234,12.256835060438497,0.00017748399841366336,0.1720590591430664,True
2567,112,4.765492246905062,0.0001907030018628575,0.17205142974853516,True
2568,159,5.268018733791759,0.00017707300139591098,0.17205142974853516,True
2569,273,10.043115256598945,0.00021698500131606124,0.1720590591430664,True
2570,135,2.1068912174455163,0.00017730599938658997,0.17205142974853516,True
2571,97,6.396687546528641,0.0001787569999578409,0.1720590591430664,True
2572,17,9.754648482774115,0.0001833079986681696,0.17214298248291016,True
2573,183,3.5689590817627868,0.0001771809984347783,0.17205142974853516,True
2574,128,10.646045966906401,0.0001795899988792371,0.17206668853759766,True
2575,165,30.58227971227637,0.00017980900156544521,0.17206668853759766,True
2576,129,3.869494278455835,0.00017661299716564827,0.17205142974853516,True
2577,238,6.132034641208946,0.000187675999768544,0.17205142974853516,True
2578,26,17.241239912293008,0.00018116099818143994,0.1720895767211914,True
2579,143,2.841179581287845,0.0001764839980751276,0.17205142974853516,True
2580,273,13.9434661921024,0.00017812200167099945,0.17206668853759766,True
2581,128,9.412641848154092,0.00018678799824556336,0.1720590591430664,True
2582,183,1.920467830000895,0.0001815210016502533,0.17205142974853516,True
2583,267,8.313134381950599,0.00019071700080530718,0.17205142974853516,True
2584,220,2.733291976897058,0.00017795600069803186,0.1720590591430664,True
2585,183,2.7464783504638453,0.00018257700139656663,0.17205142974853516,True
2586,89,7.404304641711849,0.00018298900249646977,0.17205142974853516,True
2587,135,4.160597383193275,0.0002739789997576736,0.17205142974853516,True
2588,263,6.2845347999268615,0.00023179400159278885,0.1720590591430664,True
2589,129,7.497350317622309,0.00017499100067652762,0.1720590591430664,True
2590,230,4.01377287227556,0.0001765810011420399,0.17205142974853516,True
2591,273,32.96242119987214,0.00018490499860490672,0.1720743179321289,True
2592,135,6.786745409734116,0.0001951890008058399,0.17205142974853516,True
2593,230,4.265457225127211,0.0001909359998535365,0.17205142974853516,True
2594,234,54.794048158374984,0.000191525999980513,0.1721811294555664,True
2595,273,12.443704211425755,0.00018208900291938335,0.1720743179321289,True
2596,267,10.380896522461683,0.00018285899932379834,0.1720590591430664,True
2597,273,10.232278150839738,0.00019397900177864358,0.1720743179321289,True
2598,183,5.6589099902385955,0.00018174700016970746,0.17205142974853516,True
2599,76,9.790538101984142,0.0001814499992178753,0.17206668853759766,True
2600,60,10.744816835566006,0.00017725500219967216,0.17205142974853516,True
2601,112,7.160674269526182,0.00017599900093046017,0.1720590591430664,True
2602,177,12.117013081462558,0.0001793749979697168,0.1720590591430664,True
2603,246,4.242863372855264,0.00022729600095772184,0.17205142974853516,True
2604,230,4.311490838996719,0.00018160900071961805,0.1720590591430664,True
2605,27,9.589329563310486,0.0001812090013117995,0.1720895767211914,True
2606,246,3.3026453193268965,0.00019467599850031547,0.17205142974853516,True
2607,174,9.467371680445188,0.00021442399884108454,0.17206668853759766,True
2608,215,39.193327051653235,0.00018057100169244222,0.17208194732666016,True
2609,127,9.658765419862236,0.00020266600040486082,0.17206668853759766,True
2610,263,10.07736749092287,0.0001770410017343238,0.1720590591430664,True
2611,135,3.7712317964676942,0.00019335000251885504,0.17205142974853516,True
2612,135,6.459288684471817,0.00018521099991630763,0.1720590591430664,True
2613,76,9.085860713702068,0.00019577200146159157,0.1720590591430664,True
2614,230,5.429691642076064,0.0001818450000428129,0.17205142974853516,True
2615,135,9.632933113348843,0.00017964099970413372,0.1720590591430664,True
2616,128,7.7836690505712,0.00017637500059208833,0.17205142974853516,True
2617,55,9.486833488503256,0.0001802139995561447,0.1720743179321289,True
2618,150,69.02966677663356,0.00020730899996124208,0.1721200942993164,True
2619,244,3.826260305402327,0.00019601099847932346,0.17205142974853516,True
2620,88,17.82237936446794,0.00018685199756873772,0.1720743179321289,True
2621,237,9.886262041951806,0.0001778149999154266,0.1720743179321289,True
2622,183,5.806708723241964,0.0001780519996827934,0.17205142974853516,True
2623,214,3.0287024218000567,0.0001765669985616114,0.17205142974853516,True
2624,138,38.698999217000654,0.00019765999968512915,0.1721353530883789,True
2625,88,12.040421337641272,0.0001789620000636205,0.1720590591430664,True
2626,263,8.935795841769679,0.0001932339982886333,0.17205142974853516,True
2627,359,2.7267671421542725,0.00019374799740035087,0.17205142974853516,True
2628,359,4.412939165369694,0.00018088499928126112,0.1720590591430664,True
2629,362,6.191890084020596,0.0001787390028766822,0.1720590591430664,True
2630,322,9.632219025570992,0.0001766560017131269,0.1720743179321289,True
2631,338,5.7555448136649074,0.000194005999219371,0.17205142974853516,True
2632,359,5.098661863707511,0.00018847600222215988,0.1720590591430664,True
2633,359,5.606475004354791,0.00018155600264435634,0.1720590591430664,True
2634,359,2.4527277993492316,0.00018680600260267965,0.17205142974853516,True
2635,319,5.375052882727652,0.00018327500220038928,0.17205142974853516,True
2636,338,8.1344131279181,0.00018951500169350766,0.1720590591430664,True
2637,403,36.322150915072946,0.00018298000213690102,0.17211246490478516,True
2638,403,43.16782870312088,0.00018165000074077398,0.17211246490478516,False
2639,359,5.829204058241087,0.0001953469982254319,0.17206668853759766,True
2640,319,6.711408578923289,0.00017777199900592677,0.1720590591430664,True
2641,320,7.639745000723492,0.00017986799866775982,0.1720590591430664,True
2642,359,4.6296690976642925,0.00018823499704012647,0.1720590591430664,True
2643,359,6.215778900904303,0.0001810510002542287,0.17206668853759766,True
2644,359,4.484629623014981,0.00018188199828728102,0.1720590591430664,True
2645,338,5.586530601366218,0.00017567000031704083,0.1720590591430664,True
2646,431,7.0808383551959615,0.0001765529996191617,0.1720590591430664,True
2647,320,8.619105636192451,0.00017557300088810734,0.17205142974853516,True
2648,359,7.666314349719423,0.00018577700029709376,0.1720590591430664,True
2649,359,5.578933445617568,0.00021577699953923002,0.1720590591430664,True
2650,488,11.176533677045565,0.0002100790006807074,0.17205142974853516,False
2651,359,3.7905849722998837,0.00018088100114255212,0.17205142974853516,True
2652,405,15.906000605146437,0.00017686800129013136,0.1720590591430664,False
2653,359,9.480254920933337,0.00019318799968459643,0.17206668853759766,True
2654,359,5.850603437766768,0.00019383499966352247,0.1720590591430664,True
2655,359,5.190407797268996,0.00017768899851944298,0.1720590591430664,True
2656,338,4.923356420147662,0.00017544600268593058,0.17205142974853516,True
2657,359,2.726644987384497,0.0001844320031523239,0.17205142974853516,True
2658,404,62.41696938509567,0.0001833099995565135,0.17212772369384766,True
2659,359,3.3088775879881105,0.000192216997675132,0.17205142974853516,True
2660,396,8.25235700744899,0.00017822300287662074,0.1720590591430664,True
2661,234,34.37373750050833,0.0001984310001716949,0.1721048355102539,False
2662,364,78.27014714118815,0.00020170599964330904,0.17217350006103516,True
2663,55,48.25164711739322,0.00020297200171626173,0.1721353530883789,False
2664,359,6.182186018836226,0.00018203299987362698,0.17205142974853516,True
2665,214,20.60728367003631,0.00018526199710322544,0.1720743179321289,False
2666,442,7.858781586123335,0.0001981149980565533,0.17206668853759766,True
2667,351,6.061974568315472,0.00017623500025365502,0.17205142974853516,True
2668,442,1.1236041913719002,0.0001873420005722437,0.17205142974853516,True
2669,405,8.649407611682602,0.00018249799904879183,0.1720590591430664,True
2670,351,2.799540920188669,0.00022149500000523403,0.17205142974853516,True
2671,496,34.61793039819716,0.00018846500097424723,0.1720895767211914,False
2672,339,3.739874172530124,0.00018891699801315553,0.17205142974853516,True
2673,442,6.3766981925291715,0.0001844180005718954,0.17206668853759766,True
2674,396,9.706320440719463,0.00018158400052925572,0.1720590591430664,True
2675,442,2.946828077197428,0.00018252900190418586,0.17205142974853516,True
2676,339,6.650503450873598,0.00017855699843494222,0.1720590591430664,True
2677,442,5.320754874923574,0.00018328499936615117,0.1720590591430664,True
2678,351,4.9656983551874925,0.00018543300029705279,0.17206668853759766,True
2679,395,7.457289063898257,0.00017938900055014528,0.1720590591430664,True
2680,339,6.0369175768173315,0.00018791999900713563,0.1720590591430664,True
2681,320,6.782382509264756,0.0001787209985195659,0.1720590591430664,True
2682,321,7.098604817038107,0.00018711200027610175,0.1720590591430664,True
2683,442,7.6556269217896675,0.00019839000015053898,0.1720590591430664,True
2684,41,58.965591752557714,0.0003007519990205765,0.17211246490478516,False
2685,438,70.30258842166751,0.00018785900101647712,0.1721658706665039,True
2686,19,210.68035287392647,0.00020072299957973883,0.17215824127197266,False
2687,339,5.89786512328291,0.00017589100025361404,0.1720590591430664,True
2688,320,7.808261639685873,0.00017971399938687682,0.17206668853759766,True
2689,351,4.433698683117266,0.00017498300076113082,0.17205142974853516,True
2690,320,5.067078772816713,0.00017724400095175952,0.1720590591430664,True
2691,442,5.841324109082664,0.00018690499928197823,0.1720590591430664,True
2692,339,5.4557479772750765,0.00018193799769505858,0.1720590591430664,True
2693,442,6.032841060354688,0.00018589899991638958,0.1720590591430664,True
2694,301,15.259001670358604,0.0001965769988601096,0.1720590591430664,True
2695,321,7.904260114954219,0.0001932560007844586,0.1720590591430664,True
2696,339,10.333511581170075,0.00019582700042519718,0.17206668853759766,True
2697,496,8.71592905722573,0.000264086000242969,0.1720590591430664,False
2698,404,9.556052555282621,0.00020211700029904023,0.17205142974853516,True
2699,320,8.72166433185908,0.00017920800019055605,0.17206668853759766,True
2700,496,13.9904225592279,0.00017732400010572746,0.17208194732666016,False
2701,338,6.488809020141045,0.00019087900000158697,0.17205142974853516,True
2702,403,46.083661555851904,0.0001879619994724635,0.17211246490478516,True
2703,403,39.99549523877137,0.0001976610001293011,0.1721048355102539,True
2704,432,11.67504935055157,0.00019406099818297662,0.1720743179321289,True
2705,351,5.83972769256365,0.00030567499925382435,0.1720590591430664,True
2706,442,5.836481097040337,0.00018853499932447448,0.17205142974853516,True
2707,442,4.393517514037711,0.00020450699958018959,0.1720590591430664,True
2708,41,80.22760707285978,0.00021834300059708767,0.1721353530883789,False
2709,138,137.0247512094939,0.0001830260007409379,0.1721353530883789,False
2710,76,64.64527967127572,0.00019493700165185146,0.1721353530883789,False
2711,280,34.05398615045354,0.0001785179993021302,0.17211246490478516,False
2712,493,116.81098974900596,0.0001854029978858307,0.1721506118774414,False
2713,442,7.10740585875862,0.00018002700016950257,0.1720590591430664,True
2714,403,79.68811334432475,0.0002073739997285884,0.17224979400634766,True
2715,493,203.57492619682333,0.00020354200023575686,0.1721811294555664,True
2716,499,94.17584818891375,0.00020702700203401037,0.1721811294555664,False
2717,359,7.996902604427049,0.0001855670016084332,0.1720743179321289,True
2718,301,15.773825529889747,0.00021546700008912012,0.1720590591430664,True
2719,359,5.001841629261508,0.00018431400167173706,0.17205142974853516,True
2720,359,9.806268694708589,0.00018444699890096672,0.17206668853759766,True
2721,338,6.928414689981448,0.00018359199748374522,0.17205142974853516,True
2722,403,36.73948669981804,0.00044059900028514676,0.17211246490478516,True
2723,301,15.176705981521982,0.0002920890001405496,0.1720895767211914,True
2724,359,6.585702729269431,0.0001780460006557405,0.1720590591430664,True
2725,403,35.95227668213484,0.00018592699780128896,0.1721048355102539,True
2726,496,39.37952703541751,0.00017878400103654712,0.1720743179321289,False
2727,359,5.610002617839779,0.00017838199710240588,0.1720590591430664,True
2728,403,68.89056778356547,0.00022290999913820997,0.1721353530883789,True
2729,359,2.322446924286368,0.0001867789978859946,0.17205142974853516,True
2730,359,5.168054605193867,0.0002952570030174684,0.1720590591430664,True
2731,88,14.759794975904825,0.00019790700025623664,0.1720743179321289,False
2732,89,25.96700584292463,0.00017964700236916542,0.17211246490478516,False
2733,351,4.885048986023209,0.00017613300224184059,0.1720590591430664,True
2734,424,6.723783331912349,0.00018025800090981647,0.1720590591430664,True
2735,442,8.980253042331299,0.00019235400031902827,0.17206668853759766,True
2736,319,51.81649056062472,0.0001934749998326879,0.17215824127197266,True
2737,424,5.557291706759527,0.0001769699993019458,0.1720590591430664,True
2738,496,30.54976590679634,0.00018390200057183392,0.17206668853759766,False
2739,371,12.563225116325993,0.00017754900181898847,0.1720590591430664,True
2740,496,33.36376214636061,0.00018684300084714778,0.17206668853759766,False
2741,442,5.409337640736422,0.00018559900127002038,0.17206668853759766,True
2742,403,36.177864731867565,0.00018233599985251203,0.17209720611572266,True
2743,339,11.162259323996365,0.0001897609981824644,0.17206668853759766,True
2744,461,6.1951408104572225,0.00019243800124968402,0.1720590591430664,True
2745,496,8.989948061700154,0.00018903499949374236,0.17206668853759766,False
2746,339,6.612509912164363,0.0001778859987098258,0.1720743179321289,True
2747,403,33.270151213898565,0.0001862520002759993,0.1720895767211914,True
2748,496,36.84705988897872,0.0001806069994927384,0.17208194732666016,False
2749,432,11.608372127404124,0.00018709000141825527,0.17206668853759766,True
2750,41,43.130373609852576,0.00018823800201062113,0.17208194732666016,False
2751,364,77.69390220071354,0.00019048600006499328,0.1721963882446289,True
2752,41,60.19280457519371,0.00018098699729307555,0.1721048355102539,False
2753,234,47.565305755549915,0.00019081500067841262,0.17205142974853516,False
2754,461,8.93310377416617,0.00018367599841440096,0.17205142974853516,True
2755,339,6.398676083752881,0.00022214199998416007,0.17205142974853516,True
2756,351,6.5056172936224534,0.00017836899860412814,0.1720590591430664,True
2757,320,6.416467950778449,0.00018444799934513867,0.1720590591430664,True
2758,351,6.452630067406401,0.00018204300067736767,0.17206668853759766,True
2759,396,9.956082358187535,0.00019425600112299435,0.17206668853759766,True
2760,432,9.137361150761823,0.000180049999471521,0.17206668853759766,True
2761,424,5.5445159141783655,0.00017871700038085692,0.17205142974853516,True
2762,321,8.918128623550421,0.00018828900283551775,0.17206668853759766,True
2763,424,5.713093288832965,0.00017884900080389343,0.1720590591430664,True
2764,496,13.93121613962377,0.00018091799938702025,0.1720743179321289,False
2765,351,4.3503872101576535,0.0002573349993326701,0.1720590591430664,True
2766,359,7.547381641271827,0.00017989100160775706,0.17206668853759766,True
2767,176,29.731897199375556,0.00017876000129035674,0.17208194732666016,False
2768,438,22.087284085160864,0.00017845399997895584,0.17208194732666016,True
2769,424,5.26564730540069,0.00018374600040260702,0.1720590591430664,True
2770,351,6.411210083247124,0.00017876700076158158,0.1720590591430664,True
2771,395,10.54726145217739,0.0001885089986899402,0.1720590591430664,True
2772,339,6.918971784085638,0.00018573799752630293,0.1720590591430664,True
2773,351,4.993527450700383,0.0001768000001902692,0.1720590591430664,True
2774,442,1.3840963512418474,0.00017837500126915984,0.17205142974853516,True
2775,461,7.549719237284866,0.00019050999981118366,0.17206668853759766,True
2776,339,6.977752146012072,0.00020638299974962138,0.17206668853759766,False
2777,496,20.80753212124388,0.00018080400332110003,0.17206668853759766,False
2778,321,5.912457371513947,0.00017742300042300485,0.1720590591430664,True
2779,320,18.44072909771283,0.00018437499966239557,0.1720743179321289,True
2780,442,6.501624749013429,0.0001800479985831771,0.17205142974853516,True
2781,446,15.843734007892794,0.0001829490029194858,0.1720743179321289,True
2782,320,5.668833872585442,0.00018430500131216832,0.1720590591430664,True
2783,359,3.6721306465056958,0.0001919269998325035,0.1720590591430664,True
2784,488,32.495024193504804,0.00019094100207439624,0.17208194732666016,False
2785,359,4.140120005266747,0.00017764600124792196,0.1720590591430664,True
2786,359,7.005559178794123,0.0001763400032359641,0.1720590591430664,True
2787,359,4.408118516687298,0.0001780519996827934,0.1720590591430664,True
2788,359,6.564263318693254,0.00017907299843500368,0.1720590591430664,True
2789,396,7.979632295365755,0.00018464200184098445,0.17205142974853516,True
2790,431,10.103199597101643,0.00019415499991737306,0.17206668853759766,True
2791,359,8.086133775262006,0.00018947100033983588,0.17206668853759766,True
2792,359,5.076381505015085,0.00019559199790819548,0.1720590591430664,True
2793,359,8.609837097613891,0.00017938399832928553,0.1720590591430664,True
2794,474,18.319673339672427,0.00018711400116444565,0.17208194732666016,True
2795,431,7.931223395907466,0.00018714800171437673,0.1720590591430664,True
2796,301,8.852209857668834,0.00021354499767767265,0.17208194732666016,True
2797,496,14.23698535334001,0.00018226400061394088,0.1720590591430664,True
2798,431,11.951675826353473,0.0001905230019474402,0.1720743179321289,True
2799,359,5.197758810327284,0.00018555000133346766,0.17205142974853516,True
2800,359,2.259353326761285,0.0001852830027928576,0.17205142974853516,True
2801,339,7.806508303039519,0.00020468799993977882,0.1720590591430664,True
2802,403,48.6936753917648,0.00018293600078322925,0.17212772369384766,True
2803,351,8.620854218531635,0.0001793120027286932,0.1720590591430664,True
2804,129,24.951012397126412,0.00018109200027538463,0.17208194732666016,False
2805,319,5.642796474249086,0.00019472400163067505,0.1720590591430664,True
2806,431,13.447663148650953,0.0001866589991550427,0.1720743179321289,False
2807,322,6.176552773743549,0.0002489180005795788,0.1720590591430664,False
2808,359,2.933030986922145,0.00020872399909421802,0.17205142974853516,True
2809,359,9.635298500242616,0.0001805179999792017,0.1720743179321289,True
2810,431,14.638436026556493,0.0001802059996407479,0.17206668853759766,True
2811,359,4.926937165559658,0.00019621200044639409,0.1720590591430664,True
2812,359,6.623582247834161,0.00018289899890078232,0.17206668853759766,True
2813,280,56.72676638164607,0.00018716100021265447,0.17209720611572266,False
2814,438,81.02585807107235,0.00018834799993783236,0.1721353530883789,True
2815,19,165.37378724276905,0.00019168899962096475,0.1721353530883789,False
2816,359,6.455204783014021,0.0001947089986060746,0.1720590591430664,True
2817,351,8.622966278708725,0.00018198799807578325,0.1720590591430664,True
2818,359,3.127618408690422,0.00017971800116356462,0.17205142974853516,True
2819,396,9.215283999127529,0.00018493499737815,0.1720590591430664,True
2820,403,57.421854945922384,0.00021996400028001517,0.17212772369384766,True
2821,359,2.7670056085291748,0.00017818899868871085,0.17205142974853516,True
2822,338,3.297894676144345,0.00018512200040277094,0.17205142974853516,False
2823,403,30.03187806079266,0.0001882010001281742,0.17209720611572266,True
2824,493,61.05693633816028,0.00018064100004266948,0.1720895767211914,False
2825,310,11.795759928401036,0.00017908399968291633,0.17206668853759766,True
2826,359,5.681312208498514,0.00019242100097471848,0.1720590591430664,True
2827,359,8.991664302636504,0.00018516699856263585,0.17206668853759766,True
2828,431,15.1709702338235,0.0001830000001064036,0.17206668853759766,True
2829,362,11.271616482184916,0.00017703199773677625,0.1720590591430664,True
2830,41,44.0038124935536,0.0001806779982871376,0.17209720611572266,False
2831,138,238.12442045940773,0.0002063249994534999,0.1721811294555664,False
2832,359,5.261109021263798,0.0002946660024463199,0.1720895767211914,True
2833,322,4.402171896128836,0.00018916999761131592,0.17205142974853516,False
2834,338,2.6017300277820894,0.00018974800332216546,0.17205142974853516,True
2835,351,6.812963195736601,0.000208302000828553,0.1720590591430664,True
2836,322,6.042618200717818,0.00018177499805460684,0.1720590591430664,False
2837,496,7.362887135260626,0.0001778699988790322,0.17206668853759766,False
2838,396,7.581295082990664,0.00018606199955684133,0.1720590591430664,True
2839,351,8.339982657391602,0.00017610599752515554,0.17206668853759766,True
2840,351,4.020732879798562,0.0001789660018403083,0.1720590591430664,True
2841,351,11.289040771920838,0.00017826200200943276,0.17206668853759766,True
2842,424,6.7523587291155325,0.0001923710005939938,0.17206668853759766,True
2843,339,2.9735354123642086,0.00018947299759020098,0.17205142974853516,True
2844,41,22.670418262322908,0.0001826309999160003,0.17208194732666016,False
2845,339,8.538917572084795,0.00018860899945138954,0.17206668853759766,True
2846,396,10.380432175235685,0.0001843210011429619,0.17206668853759766,True
2847,442,6.644553446549953,0.00019007199807674624,0.17206668853759766,True
2848,442,11.120955237684607,0.00017982999997911975,0.1720895767211914,True
2849,442,6.211742391035717,0.00018878900300478563,0.17206668853759766,True
2850,442,4.831185269021785,0.0001852630011853762,0.1720590591430664,True
2851,438,15.648070893272408,0.00017559199841343798,0.17206668853759766,True
2852,351,7.961378583176237,0.00017961599951377138,0.1720590591430664,True
2853,442,7.170037063084733,0.00017825800023274496,0.1720590591430664,True
2854,442,2.269538516981481,0.00018258499767398462,0.17205142974853516,True
2855,214,19.81687804203862,0.00017839399879449047,0.17206668853759766,False
2856,496,34.904136607502814,0.00018015800014836714,0.17209720611572266,True
2857,442,14.130939752018756,0.0001778800033207517,0.1720743179321289,True
2858,339,10.292156023438007,0.00020530799883999862,0.1720743179321289,True
2859,323,7.454847797220815,0.0001775089986040257,0.17206668853759766,True
2860,431,7.483832441980839,0.00018096799976774491,0.1720590591430664,True
2861,359,4.505367818670215,0.0005050379986641929,0.1720590591430664,True
2862,359,8.144319907103924,0.00020335899898782372,0.1720590591430664,True
2863,442,7.3912239023732695,0.00018398500105831772,0.17206668853759766,True
2864,359,8.71464780046267,0.00018031599756795913,0.1720743179321289,True
2865,339,8.502249279189892,0.0001772069990693126,0.17206668853759766,True
2866,359,10.834775104527957,0.00017788699915399775,0.17206668853759766,True
2867,322,9.714565673432169,0.0001869510015239939,0.17206668853759766,True
2868,359,9.258540534301966,0.00017892500181915238,0.1720743179321289,True
2869,338,6.5866173418851615,0.000177720001374837,0.17206668853759766,True
2870,359,5.842911509085421,0.0001773490002960898,0.17206668853759766,True
2871,359,6.114147709502028,0.00020468899674597196,0.1720590591430664,True
2872,493,25.757670223588168,0.0001799080018827226,0.1720895767211914,True
2873,442,7.441500086534151,0.00017610799841349944,0.17206668853759766,True
2874,359,5.39001270796779,0.0001892220025183633,0.1720590591430664,True
2875,493,23.239586005199214,0.0001820860015868675,0.1720743179321289,True
2876,442,8.02806124296148,0.00017909400048665702,0.17205142974853516,True
2877,321,16.912119122644135,0.000180848001036793,0.1720590591430664,True
2878,493,34.923718410632176,0.00017746900266502053,0.1720743179321289,False
2879,431,17.01962834757821,0.00018744099725154229,0.17206668853759766,True
2880,359,5.422572634175437,0.0003849079985229764,0.1720590591430664,True
2881,362,18.198035761640217,0.00017520300025353208,0.1720743179321289,True
2882,493,40.824171033860615,0.00017884699991554953,0.17211246490478516,False
2883,431,13.252288679871079,0.00018082099995808676,0.1720743179321289,True
2884,431,7.926186951360405,0.00018687099873204716,0.1720590591430664,True
2885,359,2.0204630347601453,0.00017796200336306356,0.17205142974853516,True
2886,488,10.975872168653954,0.00017553900033817627,0.17205142974853516,False
2887,322,4.722377168344918,0.00017517599917482585,0.17205142974853516,True
2888,359,7.893908761557352,0.00019285199959995225,0.17206668853759766,True
2889,431,7.587266386878728,0.00017483000192441978,0.1720590591430664,True
2890,78,70.26051398368135,0.0002112540023517795,0.17214298248291016,False
2891,403,73.33471342440411,0.0001848640022217296,0.1721353530883789,True
2892,493,213.71258866800753,0.00020117199892411008,0.17215824127197266,False
2893,339,5.859457406543261,0.00017844600006355904,0.1720590591430664,True
2894,442,6.030061013032772,0.0001803619998099748,0.1720590591430664,True
2895,442,4.934715871959248,0.00017508499877294526,0.1720590591430664,True
2896,442,11.342725727391878,0.0001777360012056306,0.17208194732666016,True
2897,320,19.882863418905895,0.00018127200019080192,0.1720743179321289,True
2898,351,6.781317411891695,0.00017756099987309426,0.1720590591430664,True
2899,403,34.96415808704581,0.00018373299826635048,0.1721048355102539,True
2900,359,20.433092939893427,0.00017989499974646606,0.1720895767211914,True
2901,351,7.83508869249088,0.0001915159991767723,0.17206668853759766,True
2902,442,8.117565627349675,0.00017863399989437312,0.17206668853759766,True
2903,442,5.33563317458571,0.00017742500131134875,0.17205142974853516,True
2904,461,9.495937521135962,0.00017669200315140188,0.1720590591430664,True
2905,321,6.777249290704219,0.00018582600023364648,0.17206668853759766,True
2906,442,5.715298533226088,0.0001812779992178548,0.1720590591430664,True
2907,442,7.1927724805927715,0.00017970399858313613,0.1720590591430664,True
2908,493,26.701223799642214,0.0001875549969554413,0.17211246490478516,False
2909,496,7.924244215942213,0.00018232399816042744,0.1720590591430664,False
2910,395,19.51188098072428,0.00018763600019156002,0.17208194732666016,True
2911,442,6.266643847823684,0.00018522699974710122,0.1720590591430664,True
2912,493,9.7955714309723,0.00017866499911178835,0.17206668853759766,True
2913,41,35.120618381643375,0.0001885310011857655,0.1721200942993164,False
2914,461,9.915725651868438,0.00027764700280386023,0.1720590591430664,True
2915,493,25.633249620097377,0.00017740099792717956,0.1720743179321289,False
2916,424,6.103094887809666,0.00019170499945175834,0.1720590591430664,True
2917,442,6.440032770464249,0.00019785900076385587,0.1720590591430664,True
2918,339,4.111448253385406,0.00018276400078320876,0.1720590591430664,True
2919,424,10.714120403913313,0.00023378799960482866,0.17206668853759766,True
2920,403,33.38840802000758,0.00018810899928212166,0.1720895767211914,True
2921,442,5.142839425382444,0.00019806899945251644,0.1720590591430664,True
2922,396,13.626367226515836,0.00017770500198821537,0.1720743179321289,True
2923,339,7.3826149836285975,0.00017770499835023656,0.17206668853759766,True
2924,343,12.713008430285624,0.0001934120009536855,0.1720895767211914,True
2925,339,3.7215901872734323,0.0002466340010869317,0.17205142974853516,True
2926,396,25.703704295479962,0.000295429999823682,0.17206668853759766,False
2927,234,38.84113393593409,0.00018311099847778678,0.17212772369384766,False
2928,270,29.704423512730003,0.00018250499852001667,0.1720895767211914,False
2929,493,98.92716745708263,0.00019075700038229115,0.17217350006103516,False
2930,403,198.43046381933675,0.00019011399854207411,0.1721353530883789,False
2931,234,32.15295130314043,0.00018467599875293672,0.17209720611572266,False
2932,19,175.91806523851747,0.0002426430000923574,0.17215824127197266,False
2933,431,9.217997736021559,0.00020693999977083877,0.17205142974853516,True
2934,343,8.884226818956419,0.00040042500040726736,0.17206668853759766,True
2935,431,45.7468284337742,0.00018676299805520102,0.17209720611572266,False
2936,215,55.92010814927094,0.00018267499763169326,0.1721200942993164,False
2937,461,7.351203072108554,0.0001957280001079198,0.17206668853759766,True
2938,442,4.9556608405344384,0.00017784300143830478,0.1720590591430664,True
2939,442,6.372224745943352,0.0001879739975265693,0.17205142974853516,True
2940,496,14.989629114005066,0.0001944959985848982,0.17208194732666016,False
2941,442,7.56450795839013,0.00017486800061305985,0.1720590591430664,True
2942,351,2.6992971792929263,0.0001856680028140545,0.17205142974853516,True
2943,493,26.451673272030483,0.00018460399951436557,0.17209720611572266,False
2944,339,4.442159348121788,0.0002102190010191407,0.1720590591430664,True
2945,351,7.059237387675452,0.00017724300050758757,0.1720590591430664,True
2946,339,7.13085486243654,0.0001941800001077354,0.1720590591430664,True
2947,442,4.70932969641009,0.0001768020010786131,0.1720590591430664,True
2948,424,5.00299714028341,0.00018021300274995156,0.17205142974853516,True
2949,395,7.997838349678587,0.00017697499788482673,0.17206668853759766,True
2950,496,5.637128110190244,0.00018124899725080468,0.1720590591430664,True
2951,484,11.987364533012977,0.00017764200310921296,0.1720743179321289,True
2952,442,6.989145893952128,0.00017877299978863448,0.1720590591430664,True
2953,310,6.431724662295087,0.00017952599955606274,0.1720590591430664,False
2954,442,5.768172954775424,0.0001798369994503446,0.1720590591430664,True
2955,351,7.2562570595929685,0.00018531100067775697,0.1720590591430664,True
2956,493,28.357016456988426,0.0001789559973985888,0.17209720611572266,False
2957,351,3.968835394723754,0.00017592599760973826,0.1720590591430664,False
2958,339,3.8266789437704762,0.00017840100190369412,0.17205142974853516,True
2959,493,39.01105923887293,0.00018388500029686838,0.17209720611572266,False
2960,496,9.937491700786879,0.00018045999968308024,0.1720590591430664,False
2961,442,7.0245031328054885,0.00018701600129134022,0.1720590591430664,True
2962,461,9.966434883959751,0.00018690800061449409,0.17206668853759766,True
2963,442,6.659161743809183,0.00018081800226354972,0.1720590591430664,True
2964,339,6.927510930395534,0.00019445900034043007,0.1720590591430664,True
2965,310,6.714983537789415,0.00018205299784312956,0.1720590591430664,True
2966,351,6.945791731691566,0.00018521099991630763,0.1720590591430664,True
2967,496,44.82247429126199,0.00020562400095514022,0.1720895767211914,False
2968,461,6.35989310110388,0.00017899399972520769,0.17206668853759766,True
2969,496,13.757718943275902,0.00018691200239118189,0.1720743179321289,True
2970,319,8.846753718319208,0.00018041099974652752,0.1720590591430664,True
2971,496,6.788215570558452,0.00018317099966225214,0.1720590591430664,True
2972,319,40.85689798019968,0.00018907399862655438,0.17215824127197266,True
2973,461,10.660759279972218,0.00018987400108017027,0.1720743179321289,True
2974,496,40.64886358229548,0.00019396499919821508,0.17206668853759766,False
2975,343,9.66015450333153,0.00019081099890172482,0.17206668853759766,True
2976,310,8.517965311119662,0.0001903869997477159,0.1720590591430664,True
2977,301,9.49005840833243,0.0001812410009733867,0.1720590591430664,False
2978,323,5.403364582754989,0.00018848999752663076,0.17205142974853516,True
2979,55,26.004035625254776,0.00018859700139728375,0.17211246490478516,False
2980,310,7.5603698165932,0.00018660299974726513,0.1720590591430664,True
2981,446,14.541729938444282,0.00018129299860447645,0.17206668853759766,True
2982,442,4.487324546891892,0.000183252999704564,0.1720590591430664,True
2983,442,3.349509998069109,0.00017792599828680977,0.17205142974853516,True
2984,496,13.412389761388905,0.00018394299695501104,0.17206668853759766,False
2985,310,6.863529350985008,0.00018485000327927992,0.17206668853759766,True
2986,351,3.796927987796817,0.00018183599968324415,0.17205142974853516,True
2987,351,4.316158074504637,0.0001889870000013616,0.17205142974853516,True
2988,396,9.7057591220738,0.00018848900072043762,0.1720590591430664,True
2989,442,6.5587782329668896,0.00017567900067660958,0.1720590591430664,True
2990,362,10.511559949998803,0.00018031299987342209,0.1720590591430664,True
2991,442,8.549716136822347,0.00018565500067779794,0.1720590591430664,True
2992,438,10.298103903787416,0.00018042000010609627,0.17206668853759766,True
2993,496,10.511647964033777,0.00017818899868871085,0.17206668853759766,True
2994,496,36.187542777737335,0.0001779910016921349,0.1720743179321289,False
2995,339,4.576960507668293,0.0001805870015232358,0.17205142974853516,True
2996,339,8.316011225197736,0.0001803760023904033,0.1720590591430664,True
2997,323,4.204007448810648,0.00017972500063478947,0.17205142974853516,True
2998,431,11.35794535981592,0.0002086749991576653,0.17206668853759766,False
2999,405,7.295740231906519,0.00017653499890002422,0.17205142974853516,False
3000,461,9.00826353951149,0.00018615299995872192,0.1720590591430664,True
3001,310,6.240164001725493,0.00017985099839279428,0.17205142974853516,True
3002,403,35.1842132945334,0.00021199899856583215,0.17209720611572266,True
3003,230,108.84613702876894,0.00018757799989543855,0.1721811294555664,False
3004,351,5.724332129181046,0.0002018470004259143,0.1720590591430664,True
3005,310,5.058137369765239,0.00018137400184059516,0.1720590591430664,True
3006,395,5.437620554085939,0.00017907900110003538,0.1720590591430664,True
3007,442,5.549088460214951,0.00017892100004246458,0.1720590591430664,True
3008,442,5.911631790248655,0.00017754700093064457,0.1720590591430664,True
3009,351,5.28979318449615,0.000180315000761766,0.1720590591430664,True
3010,424,4.739187946411347,0.00018747799913398921,0.1720590591430664,True
3011,442,5.1299693391846946,0.00017722100164974108,0.1720590591430664,True
3012,442,5.397691192466649,0.00018654500308912247,0.17206668853759766,True
3013,351,3.3310142721184572,0.00018703499881667085,0.17205142974853516,True
3014,310,3.386303452987598,0.00017580999701749533,0.17205142974853516,True
3015,320,8.63056983111452,0.00017809999917517416,0.1720590591430664,True
3016,442,9.15703590820528,0.00018118700245395303,0.1720590591430664,True
3017,310,5.77425056038981,0.0001895380009955261,0.1720590591430664,True
3018,351,3.880442589678809,0.00017533799837110564,0.17205142974853516,True
3019,319,43.40299248508141,0.00020187399786664173,0.17215824127197266,True
3020,461,4.390602549788686,0.00018568299856269732,0.1720590591430664,True
3021,442,3.8216654053599513,0.00018103099864674732,0.1720590591430664,True
3022,403,32.57664042105758,0.00018755400014924817,0.1720895767211914,True
3023,323,11.381292764607181,0.00018002000069827773,0.17205142974853516,True
3024,338,14.360173186172215,0.00020356400273158215,0.17206668853759766,True
3025,395,5.910051510679701,0.00019171600069967099,0.1720590591430664,True
3026,461,8.573588959781086,0.00018143100169254467,0.17206668853759766,True
3027,403,46.75842159133462,0.00019772000086959451,0.17209720611572266,True
3028,395,9.507684406861642,0.0001967329990293365,0.17206668853759766,True
3029,364,5.822055893925316,0.0002860280001186766,0.1720590591430664,True
3030,343,10.668256978346054,0.00018513699978939258,0.17206668853759766,True
3031,461,6.991700193245427,0.00019060699924011715,0.17206668853759766,True
3032,319,33.42950430242177,0.00018589600222185254,0.1721353530883789,True
3033,451,32.68478093997521,0.00019001799955731258,0.17211246490478516,False
3034,310,3.0910772260841908,0.00018735899720923044,0.17205142974853516,True
3035,339,6.791971311066081,0.0001857269999163691,0.17205142974853516,True
3036,351,4.94016962294087,0.00018738099970505573,0.17205142974853516,True
3037,351,4.688875509288656,0.00018111199824488722,0.17205142974853516,True
3038,310,6.056951762235539,0.00019953799710492603,0.1720590591430664,True
3039,496,8.309934358307629,0.00017735999790602364,0.1720590591430664,False
3040,318,25.10642531671399,0.00018932799866888672,0.1720590591430664,True
3041,310,5.242265798265727,0.00019586299822549336,0.1720590591430664,True
3042,339,9.612996348038251,0.00017698599913273938,0.1720590591430664,True
3043,496,15.979803857513499,0.00020395100000314415,0.1720743179321289,False
3044,405,8.494240565404766,0.00018683600137592293,0.1720590591430664,True
3045,351,3.4435776578909087,0.0001817519987525884,0.17205142974853516,True
3046,364,37.7676356729903,0.0002001289976760745,0.1721506118774414,True
3047,496,9.833442968232402,0.00018598499809741043,0.1720743179321289,False
3048,396,9.067454859792043,0.0001787569999578409,0.17205142974853516,True
3049,41,31.371307762087056,0.00018572200133348815,0.17209720611572266,False
3050,442,5.995881509075378,0.00018213799921795726,0.1720590591430664,True
3051,464,3.7478459306771805,0.00018560800162958913,0.17205142974853516,True
3052,464,2.6984137226342346,0.0001906990000861697,0.17205142974853516,True
3053,323,6.354627659426116,0.00018242999794892967,0.1720590591430664,True
3054,403,49.14843073377795,0.00018911400184151717,0.17211246490478516,True
3055,432,9.138175084305775,0.00018591600019135512,0.17206668853759766,True
3056,138,32.73896576462608,0.00018677299885894172,0.17211246490478516,False
3057,395,3.4085813438855084,0.00018055799955618568,0.1720590591430664,True
3058,323,4.771341771198285,0.0001762569991115015,0.1720590591430664,True
3059,464,2.12879836023442,0.00018043399904854596,0.17205142974853516,True
3060,464,4.302692189654262,0.00018131099932361394,0.1720590591430664,True
3061,496,13.941506273846459,0.00019127999985357746,0.17208194732666016,False
3062,396,18.352936130498914,0.0001827890009735711,0.17206668853759766,False
3063,432,7.4389787654309085,0.00017933100025402382,0.1720590591430664,True
3064,464,4.246720506868447,0.00018209699919680133,0.17205142974853516,True
3065,464,1.573494064141592,0.00018074000035994686,0.17205142974853516,True
3066,323,6.1526379055206455,0.00018441499923937954,0.1720590591430664,True
3067,464,4.375383395309456,0.00019165200137649663,0.1720590591430664,True
3068,396,11.300885466396261,0.00017864899928099476,0.1720590591430664,True
3069,395,3.6443674431960624,0.0001883730001281947,0.17205142974853516,True
3070,464,6.785563637503136,0.00017767199824447744,0.1720590591430664,True
3071,432,6.833216352151678,0.00017742300042300485,0.1720590591430664,True
3072,476,6.592330670520182,0.00017793000006349757,0.17206668853759766,True
3073,301,9.641682682173311,0.00017910899987327866,0.1720590591430664,True
3074,464,3.9312917186261105,0.00017899199883686379,0.17205142974853516,True
3075,396,8.905395464874282,0.00018790800095302984,0.17206668853759766,True
3076,320,6.073318324827943,0.00017957000090973452,0.17205142974853516,True
3077,464,5.379957537486844,0.00018213300063507631,0.1720590591430664,True
3078,351,3.8135784344324044,0.00018024499877355993,0.17205142974853516,True
3079,323,5.8888187749600815,0.0001795270000002347,0.17205142974853516,True
3080,432,6.437365625642061,0.00019307500042486936,0.17206668853759766,True
3081,464,2.7851774735412933,0.0001886120007839054,0.17205142974853516,True
3082,351,10.235773885129172,0.00017812800069805235,0.17206668853759766,True
3083,421,6.749448257862792,0.00018543899932410568,0.1720590591430664,True
3084,421,20.579593104223484,0.0002133839989255648,0.17208194732666016,False
3085,438,11.731092643329966,0.00023989699911908247,0.17206668853759766,True
3086,432,8.918540907429529,0.00018133299818146043,0.17206668853759766,True
3087,464,5.5721133684185595,0.00020524800129351206,0.1720590591430664,True
3088,323,4.462416605296473,0.00018031400031759404,0.1720590591430664,True
3089,432,8.195808647509205,0.00017637400014791638,0.17206668853759766,True
3090,464,8.63583832320849,0.0005742840003222227,0.17206668853759766,True
3091,493,10.796699561358203,0.000178829999640584,0.17206668853759766,True
3092,496,21.696664859696508,0.0001799810015654657,0.1720895767211914,False
3093,364,20.19240480165195,0.00018722599998000078,0.17208194732666016,True
3094,493,46.67111779628251,0.00019277100000181235,0.17208194732666016,True
3095,323,6.646756711068629,0.00017851300071924925,0.17206668853759766,True
3096,496,51.78637056999391,0.0001863590005086735,0.17209720611572266,False
3097,403,47.385795448821405,0.00018111499957740307,0.17209720611572266,True
3098,432,5.606479822226944,0.0001867930004664231,0.1720590591430664,True
3099,323,5.8128316932855775,0.0001779550002538599,0.1720590591430664,True
3100,424,4.240443668724854,0.0001786639986676164,0.1720590591430664,True
3101,323,5.540085687611529,0.00017795100211515091,0.1720590591430664,True
3102,405,4.352266283881649,0.00017788900004234165,0.17205142974853516,True
3103,432,8.31394129767507,0.0001774990014382638,0.17206668853759766,True
3104,319,5.564065336027973,0.00018894099775934592,0.1720590591430664,True
3105,343,3.2781713162809103,0.00017692199980956502,0.17205142974853516,True
3106,432,4.693896770145354,0.0001774849988578353,0.17205142974853516,True
3107,323,5.437237420779374,0.00018619999900693074,0.17206668853759766,True
3108,351,7.604566106206228,0.00018009999985224567,0.17206668853759766,True
3109,464,7.252821683519542,0.0001788179979484994,0.1720743179321289,True
3110,431,7.919209708628927,0.00018531000023358501,0.17206668853759766,True
3111,338,7.916464396199433,0.00017802600268623792,0.1720590591430664,True
3112,359,7.628944186237032,0.00018250799985253252,0.1720590591430664,True
3113,431,7.183114174593783,0.00018996300059370697,0.1720590591430664,True
3114,359,9.688524804169981,0.00017712100088829175,0.17206668853759766,True
3115,431,5.379795158132576,0.0001788019981177058,0.17205142974853516,True
3116,405,10.392926365689114,0.00017576800019014627,0.1720590591430664,True
3117,464,6.438168159488142,0.00017848299830802716,0.1720590591430664,True
3118,322,13.787187188107925,0.00017691699758870527,0.1720590591430664,True
3119,359,5.327520138014142,0.0001955459993041586,0.1720590591430664,True
3120,362,13.210260437072538,0.00026212100056000054,0.1720743179321289,True
3121,359,4.554891578734696,0.00019497599714668468,0.17205142974853516,True
3122,403,49.6490216851679,0.00018298000213690102,0.1721200942993164,True
3123,359,3.1512807773219276,0.00018664399976842105,0.17205142974853516,True
3124,359,5.823702642825238,0.00017665099949226715,0.1720590591430664,True
3125,359,3.683290137491829,0.00017708900122670457,0.17205142974853516,False
3126,431,5.578635774969817,0.00017684499835013412,0.1720590591430664,True
3127,359,4.9042763208111335,0.00018990800163010135,0.17206668853759766,True
3128,351,9.48036674617733,0.00018116899809683673,0.17205142974853516,True
3129,319,7.091015652488346,0.00017873600154416636,0.17206668853759766,False
3130,431,6.136788899950422,0.0001902170006360393,0.1720590591430664,True
3131,431,4.229679857306977,0.00017876899801194668,0.17205142974853516,True
3132,338,8.284812849839769,0.0001771180031937547,0.1720590591430664,True
3133,322,8.185179746723488,0.0002016750004258938,0.1720590591430664,True
3134,319,7.547786715557802,0.00021063600070192479,0.1720590591430664,False
3135,431,11.255558722456911,0.00017939600002137013,0.1720743179321289,True
3136,359,2.891635925555928,0.00018766300127026625,0.17205142974853516,True
3137,431,9.821439356871078,0.00022514599913847633,0.1720590591430664,True
3138,359,6.645550272462443,0.0001821570003812667,0.1720590591430664,True
3139,359,3.8336394759772605,0.00018843300131266005,0.1720743179321289,True
3140,319,5.6844479121331855,0.00018091799938702025,0.1720590591430664,False
3141,431,4.992760979604808,0.00024144700000761077,0.17205142974853516,True
3142,351,7.837458489535713,0.0002484840006218292,0.1720590591430664,True
3143,359,4.9682367171144195,0.00022954899759497494,0.1720590591430664,True
3144,403,35.576951100519835,0.00018599000031827018,0.1721200942993164,True
3145,359,4.232610749031874,0.00017731800107867457,0.1720590591430664,True
3146,359,5.6687230598690475,0.00022753300072508864,0.1720590591430664,True
3147,351,8.70342501849428,0.00019273300131317228,0.1720590591430664,True
3148,359,6.247948349216434,0.00019014499775948934,0.1720590591430664,True
3149,431,5.791901932121158,0.0001788139998097904,0.1720590591430664,True
3150,338,6.284227696390492,0.00018111499957740307,0.17205142974853516,True
3151,359,3.5916576085164995,0.0001830000001064036,0.1720590591430664,True
3152,451,15.762474960189607,0.00020345300072222017,0.17209720611572266,True
3153,359,4.991794510064196,0.00017666199710220098,0.17206668853759766,True
3154,403,44.563407838555655,0.00020554599905153736,0.17212772369384766,True
3155,359,1.5410336480268954,0.00019068399706156924,0.17205142974853516,True
3156,461,23.77601544937311,0.0001925229989865329,0.1721048355102539,True
3157,451,54.5682548204602,0.00019776499902945943,0.17215824127197266,True
3158,339,5.978416577596012,0.00019683500067912973,0.1720590591430664,True
3159,351,6.507490704984673,0.00018067700148094445,0.1720590591430664,True
3160,442,6.322938044679663,0.000178518002940109,0.1720590591430664,True
3161,359,3.6551837184098384,0.00018527800057199784,0.1720590591430664,True
3162,338,9.86014745352127,0.00018862100114347413,0.17206668853759766,True
3163,359,2.3883636256092413,0.0002193159998569172,0.17205142974853516,True
3164,359,2.5650594107268807,0.00017977600145968609,0.17205142974853516,True
3165,359,4.266241866611383,0.0001802180013328325,0.1720590591430664,True
3166,431,14.688469905986548,0.00018570600150269456,0.17206668853759766,True
3167,359,7.2039443695762335,0.00018861700300476514,0.17206668853759766,True
3168,359,3.6609016655233697,0.00018177499805460684,0.1720590591430664,True
3169,359,6.645935643063863,0.00019917600002372637,0.17206668853759766,True
3170,359,5.960995504536426,0.0001810649991966784,0.1720590591430664,True
3171,322,9.102164108459219,0.00018315499983145855,0.17205142974853516,True
3172,41,88.94786701766893,0.0002481599985912908,0.17215824127197266,False
3173,243,88.35430859002237,0.00018357899898546748,0.1721200942993164,False
3174,19,169.63425008722263,0.00019049900220124982,0.17215824127197266,False
3175,442,9.685230156217822,0.00018047099729301408,0.17206668853759766,True
3176,136,33.02519113917843,0.00020295799913583323,0.17209720611572266,False
3177,442,5.174262304418459,0.00018014599845628254,0.1720590591430664,True
3178,442,5.650947331928049,0.0001819059980334714,0.1720590591430664,True
3179,432,7.488734211314658,0.00018458499835105613,0.1720743179321289,True
3180,442,3.6251146829587726,0.00018457500118529424,0.1720743179321289,True
3181,41,40.67793743211112,0.00018932800230686553,0.1721048355102539,False
3182,432,6.932241994574395,0.0001796970027498901,0.1720590591430664,True
3183,442,5.697898571021781,0.0001798899975256063,0.1720590591430664,True
3184,323,3.7165574251810427,0.00019108999913441949,0.17206668853759766,True
3185,442,3.369572661866792,0.00018511899907025509,0.17205142974853516,True
3186,403,47.609660584710326,0.000182487001438858,0.1721048355102539,True
3187,432,8.981355915404182,0.0004086170010850765,0.1720743179321289,True
3188,442,4.134884928407035,0.00017966400264413096,0.1720590591430664,True
3189,323,6.1645501583936655,0.00018831100169336423,0.1720590591430664,True
3190,432,4.534956570447234,0.00021251499856589362,0.1720590591430664,True
3191,432,4.098016807814329,0.00018273200112162158,0.1720590591430664,True
3192,319,10.388435012574721,0.0001772719988366589,0.17206668853759766,True
3193,442,4.193527766236161,0.00018545000057201833,0.1720590591430664,True
3194,442,9.612794647878808,0.00018357199951424263,0.1720743179321289,True
3195,339,6.042074838881582,0.00017806500181904994,0.1720590591430664,True
3196,424,5.629106823656743,0.00019210599930374883,0.1720590591430664,True
3197,442,3.9016366912422997,0.00019734200031962246,0.1720590591430664,True
3198,442,3.1403813944020027,0.00017709899839246646,0.17205142974853516,True
3199,320,7.749804308755667,0.00018706099945120513,0.1720590591430664,True
3200,405,6.4943540717262085,0.0001827810010581743,0.1720590591430664,True
3201,442,8.791858057329556,0.00017791400023270398,0.17206668853759766,True
3202,442,5.508438279540748,0.00017859400031738915,0.17206668853759766,True
3203,496,51.626674934438434,0.00018975800048792735,0.17209720611572266,False
3204,432,7.113765410546132,0.0001778109981387388,0.1720590591430664,True
3205,442,4.964379804793545,0.00018050600192509592,0.1720590591430664,True
3206,442,1.4951605330404725,0.00017583400040166453,0.17205142974853516,True
3207,442,6.007722652626742,0.00018714600082603283,0.1720590591430664,True
3208,442,2.656145147464443,0.00018549900050857104,0.17205142974853516,True
3209,403,48.49375254396919,0.0001816119984141551,0.1721048355102539,True
3210,351,5.68932333559099,0.0001855629998317454,0.17206668853759766,True
3211,351,6.436258157255268,0.0001846330014814157,0.1720590591430664,True
3212,323,6.19191049972323,0.00017983200086746365,0.17205142974853516,True
3213,442,5.79853500291625,0.00017847200069809332,0.1720590591430664,True
3214,442,6.016713100440022,0.00023750800028210506,0.1720590591430664,True
3215,323,3.7380878293797037,0.00018772800103761256,0.17205142974853516,True
3216,323,6.873624171620693,0.00019130199871142395,0.17205142974853516,True
3217,424,3.480039488358692,0.0001798859993868973,0.17205142974853516,True
3218,442,5.141440571821351,0.00019534599778125994,0.1720590591430664,True
3219,442,5.712080721091229,0.00019051200069952756,0.1720590591430664,True
3220,323,5.713540259333725,0.00019315000099595636,0.1720590591430664,True
3221,323,8.05007677753233,0.00018757399811875075,0.1720743179321289,True
3222,438,53.924153959246894,0.00018708299830905162,0.17214298248291016,True
3223,359,12.946407662769332,0.00018675899991649203,0.17206668853759766,True
3224,431,7.39717004718495,0.00017639399811741896,0.1720590591430664,True
3225,461,19.484136579183005,0.0002886969996325206,0.17208194732666016,True
3226,431,9.875949826308087,0.0001780480015440844,0.1720590591430664,True
3227,403,20.26012246995295,0.0001829270004236605,0.17208194732666016,True
3228,442,9.721130816618905,0.00017923699851962738,0.1720590591430664,True
3229,359,13.007142230998108,0.0001758030011842493,0.1720590591430664,True
3230,493,33.26178869197725,0.00018033200103673153,0.1720895767211914,False
3231,310,8.895542876761422,0.00019336699915584177,0.1720590591430664,True
3232,339,12.976650733546157,0.00018717000057222322,0.1720590591430664,True
3233,359,8.354482739475799,0.0001996690007217694,0.17206668853759766,True
3234,359,9.883963048489331,0.0001901539981190581,0.17206668853759766,True
3235,442,7.8629685774619675,0.0001913740015879739,0.17205142974853516,True
3236,359,3.8731765166175385,0.0001802279984985944,0.1720590591430664,True
3237,359,3.6264279009774025,0.000178600999788614,0.1720590591430664,True
3238,359,2.272144462084073,0.0001778229998308234,0.17205142974853516,True
3239,359,3.3391695629286344,0.00018977899890160188,0.17205142974853516,True
3240,351,7.005572586766385,0.000188359001185745,0.1720590591430664,True
3241,359,13.191135114856971,0.00018319200171390548,0.17208194732666016,True
3242,359,6.0208711973008,0.0001779910016921349,0.1720590591430664,True
3243,359,4.749478832709915,0.0001774180018401239,0.1720590591430664,True
3244,403,27.15290010851656,0.00018113700207322836,0.17209720611572266,True
3245,461,12.169174810705194,0.00017785999807529151,0.1720590591430664,True
3246,234,31.100901657192207,0.0001895259993034415,0.1720895767211914,False
3247,403,30.985319660408003,0.00018257700139656663,0.17209720611572266,True
3248,41,47.69203810426829,0.00022935100059839897,0.17215824127197266,False
3249,359,4.794425901137908,0.0001777400029823184,0.1720590591430664,True
3250,19,207.27472328207548,0.0002004750022024382,0.17223453521728516,False
3251,404,171.60985416433758,0.00019126700135529973,0.17218875885009766,False
3252,41,58.17286071500215,0.00018509399887989275,0.17214298248291016,False
3253,442,3.697001629767278,0.000204337000468513,0.1720590591430664,True
3254,320,9.485527500339273,0.00018837400057236664,0.1720590591430664,True
3255,339,4.945779738343155,0.00019135500042466447,0.1720590591430664,True
3256,339,2.8044081344579217,0.00019001499822479673,0.17205142974853516,True
3257,424,6.24953940600621,0.00018009600171353668,0.17205142974853516,True
3258,351,3.8680130883395907,0.00018970400196849369,0.1720590591430664,True
3259,496,7.656533144559479,0.00019019800311070867,0.17206668853759766,False
3260,442,3.30458170902755,0.00018041099974652752,0.17205142974853516,True
3261,442,6.823838008943526,0.00017877799837151542,0.1720590591430664,True
3262,359,4.203956779153097,0.00017746500088833272,0.17205142974853516,True
3263,351,8.423833720930553,0.00018004500088864006,0.17206668853759766,True
3264,442,2.156365724322529,0.00019025900110136718,0.17205142974853516,True
3265,362,9.60128564102404,0.00017720799951348454,0.1720590591430664,True
3266,484,55.01987954711183,0.00018717800048762,0.1720743179321289,False
3267,446,22.449070400477982,0.00019300599888083525,0.1720743179321289,True
3268,496,10.641415065668413,0.00019329799761180766,0.17206668853759766,False
3269,442,10.680476084777473,0.00017916199794854037,0.17206668853759766,True
3270,339,6.637796545607597,0.00017823899906943552,0.17206668853759766,True
3271,339,4.359901179946391,0.0004881589993601665,0.1720590591430664,True
3272,339,6.177744514606886,0.00017704999845591374,0.17206668853759766,True
3273,496,14.17621274677184,0.00017970400222111493,0.1720895767211914,False
3274,351,5.970148359238178,0.00019334700118633918,0.17206668853759766,True
3275,339,3.966702778991482,0.00019224599964218214,0.1720590591430664,True
3276,424,8.54078251759983,0.00017927700173459016,0.17206668853759766,True
3277,442,3.303457270425678,0.0002002869987336453,0.17205142974853516,True
3278,359,15.851295550118387,0.00018304599871044047,0.1720743179321289,True
3279,424,6.846631470948247,0.00019268399773864076,0.1720590591430664,True
3280,442,7.530640080356882,0.00022312800138024613,0.1720590591430664,True
3281,405,8.205025287587096,0.00017924400162883103,0.1720590591430664,True
3282,442,2.5435796139985873,0.0001757239988364745,0.17205142974853516,True
3283,339,3.7660526520633737,0.00019076100215897895,0.1720590591430664,True
3284,405,6.833793912236409,0.00018868599727284163,0.1720590591430664,True
3285,442,6.812839360600567,0.00018264999744133092,0.17206668853759766,True
3286,405,10.152001644368113,0.00018039600035990588,0.1720590591430664,True
3287,431,5.8109340345203,0.00017870800002128817,0.1720590591430664,True
3288,396,13.212968695551835,0.0001820090001274366,0.1720590591430664,True
3289,396,11.529670723537048,0.0002540790010243654,0.1720590591430664,True
3290,438,11.51180813954606,0.00019438900199020281,0.1720590591430664,True
3291,214,32.96093515391946,0.0002098279983329121,0.17212772369384766,False
3292,323,3.3771186422151764,0.00018088499928126112,0.17205142974853516,True
3293,343,6.535103178660306,0.0001764309999998659,0.1720590591430664,True
3294,323,3.0094806838308603,0.0001765630004229024,0.17205142974853516,True
3295,343,5.975509400338897,0.00017758100148057565,0.1720590591430664,True
3296,424,6.6618836778743615,0.00018405699665891007,0.1720590591430664,True
3297,343,10.49053001410081,0.00018077499771607108,0.1720590591430664,True
3298,438,28.314753527806783,0.00018318900038138963,0.1721048355102539,False
3299,438,8.891138850472531,0.00018006699974648654,0.17206668853759766,True
3300,323,9.774796479684587,0.00018359200112172402,0.17206668853759766,True
3301,438,7.074887519496589,0.0001812070004234556,0.1720590591430664,True
3302,424,10.106748705312357,0.00018374000137555413,0.17206668853759766,True
3303,405,6.320850048548801,0.00017946500156540424,0.1720590591430664,True
3304,496,3.1140413963880973,0.00017715699868858792,0.17205142974853516,False
3305,424,3.2662264826102616,0.00017679299708106555,0.17205142974853516,True
3306,432,9.114106266053591,0.00017657200078247115,0.1720743179321289,True
3307,424,9.510403790862943,0.00017860400112112984,0.1720743179321289,True
3308,424,4.460525024566068,0.00020109400065848604,0.1720590591430664,True
3309,432,14.770419833264485,0.00017994700101553462,0.1720743179321289,True
3310,496,12.462899253096545,0.0001780989987310022,0.17206668853759766,False
3311,323,10.65208188604569,0.0001954340004886035,0.1720590591430664,True
3312,438,11.90266594927586,0.0001800659993023146,0.17206668853759766,True
3313,438,9.633548298976281,0.00017686199862509966,0.17206668853759766,True
3314,424,10.857758819303625,0.0001878729999589268,0.17206668853759766,True
3315,432,7.567915347036084,0.00018047200137516484,0.17206668853759766,True
3316,339,5.678800932812379,0.00020600299831130542,0.1720590591430664,True
3317,424,4.4766796860830675,0.00018066699703922495,0.1720590591430664,True
3318,496,12.139535414466238,0.0001813670023693703,0.1720590591430664,True
3319,474,7.56628983788603,0.00018217599790659733,0.17205142974853516,True
3320,129,28.169366533530983,0.00018382299822405912,0.17209720611572266,False
3321,41,66.58168701296853,0.00018535699928179383,0.1720895767211914,False
3322,319,117.49928818229523,0.0001886530008050613,0.1721506118774414,False
3323,280,56.90626483074338,0.0001900630013551563,0.17215824127197266,False
3324,176,8.191356485335668,0.00020904299890389666,0.1720590591430664,False
3325,176,2.878422574578662,0.00019321600120747462,0.17205142974853516,False
3326,499,19.10545382087419,0.0001782789986464195,0.1720743179321289,False
3327,493,77.05614789453699,0.00018542899852036498,0.1721506118774414,False
3328,395,6.50607225114048,0.00019087699911324307,0.1720590591430664,True
3329,320,9.108274470225359,0.0001812779992178548,0.17205142974853516,True
3330,359,10.022234901803191,0.0001799729980120901,0.17206668853759766,False
3331,359,6.0657561496586885,0.00020387800032040104,0.17206668853759766,True
3332,364,20.646443050800006,0.00019969400091213174,0.1720743179321289,True
3333,359,3.6790583776734707,0.00017780200141714886,0.17205142974853516,True
3334,359,5.190784462039413,0.00019054499716730788,0.1720590591430664,True
3335,359,7.441091246399285,0.00018172099953517318,0.17205142974853516,True
3336,351,5.415602461847321,0.00017712099725031294,0.1720590591430664,True
3337,395,4.119295939812255,0.00019084200175711885,0.17205142974853516,True
3338,464,5.109928609113208,0.0001791400027286727,0.1720590591430664,True
3339,323,4.3141861496288785,0.00017890200251713395,0.17205142974853516,True
3340,359,6.126014134341563,0.00019244600116508082,0.17205142974853516,False
3341,359,7.914668457609521,0.00018237499898532405,0.17206668853759766,False
3342,362,13.20673064419831,0.00020671099991886877,0.17208194732666016,False
3343,432,11.169138157671265,0.00019514400264597498,0.1720743179321289,False
3344,41,106.47112337515433,0.0001867380015028175,0.1721353530883789,False
3345,493,76.13344327574639,0.00019655399955809116,0.1721811294555664,False
3346,19,169.10532889353553,0.00019515000167302787,0.17217350006103516,False
3347,493,224.9023143202883,0.00027538799986359663,0.17223453521728516,False
3348,138,239.07051235329556,0.00020092599879717454,0.1721658706665039,False
3349,364,66.71686943465025,0.00018144699788535945,0.17209720611572266,True
3350,351,13.187027578414659,0.00018473199816071428,0.1720590591430664,False
3351,359,41.49527319829575,0.00019022399646928534,0.1721658706665039,False
3352,364,69.74772765545097,0.00020542000129353255,0.1720895767211914,False
3353,493,221.31842878981794,0.00018350999744143337,0.17215824127197266,False
3354,41,85.26896404595763,0.00019085399981122464,0.17215824127197266,False
3355,493,157.55297572749265,0.0002055629993265029,0.17226505279541016,False
3356,215,85.97306171638631,0.00019081999926129356,0.1721353530883789,False
3357,442,9.197615394437074,0.00017732500054989941,0.17206668853759766,False
3358,364,15.51863254933682,0.00020087500161025673,0.1720895767211914,False
3359,339,8.839622291299623,0.00019123300080536865,0.1720590591430664,False
3360,323,7.243197991643565,0.00017699399904813617,0.17206668853759766,False
3361,395,23.72026137226241,0.0001901260002341587,0.1720895767211914,True
3362,438,21.66245315416463,0.00018498599820304662,0.17209720611572266,True
3363,323,7.709682830164788,0.0001934749998326879,0.1720590591430664,True
3364,438,10.048601954239416,0.00019676800002343953,0.1720743179321289,True
3365,323,11.400097536978786,0.00021422200006782077,0.17206668853759766,True
3366,343,10.150482769937478,0.00018694900063565,0.17206668853759766,True
3367,364,51.86381930870676,0.00018528199871070683,0.1721353530883789,True
3368,438,50.9872035243369,0.0002045639994321391,0.1721353530883789,False
3369,323,4.80761906281382,0.0001798250013962388,0.17205142974853516,True
3370,343,8.482533943025308,0.0001775919990905095,0.1720590591430664,True
3371,442,5.851437139649675,0.000196328001038637,0.1720590591430664,True
3372,432,9.316018456914568,0.00017915900025400333,0.1720743179321289,True
3373,323,7.175558015472001,0.00019685199731611647,0.17206668853759766,True
3374,395,14.551220646926312,0.00018338799782213755,0.17206668853759766,True
3375,351,8.226165482269264,0.0001873560031526722,0.17206668853759766,True
3376,432,6.446741003228304,0.00018677499974728562,0.1720590591430664,True
3377,424,8.558837202347123,0.00017908999870996922,0.17206668853759766,True
3378,323,6.79209909496859,0.00021949199799564667,0.17206668853759766,True
3379,323,9.884692324735626,0.0001777910001692362,0.1720743179321289,True
3380,438,9.413376358553036,0.0001787979999789968,0.1720590591430664,True
3381,323,4.590454356332166,0.00018021299911197275,0.17206668853759766,True
3382,424,8.281678739602938,0.0001784189989848528,0.17206668853759766,True
3383,442,6.729768657991763,0.00017877699792734347,0.17206668853759766,True
3384,432,6.622983373060875,0.00019147000057273544,0.17205142974853516,True
3385,432,10.668695483778421,0.0001962810019904282,0.1720743179321289,True
3386,424,5.149301482947462,0.00018278599964105524,0.1720590591430664,True
3387,432,4.834943722529365,0.000177952999365516,0.17205142974853516,True
3388,464,2.844940683543306,0.000183785999979591,0.17205142974853516,True
3389,438,15.417531720561371,0.0001810670000850223,0.1720743179321289,True
3390,442,3.9487098735183115,0.00019118399723083712,0.17205142974853516,True
3391,351,7.795234182532743,0.0001771000024746172,0.1720590591430664,True
3392,339,5.474935608708067,0.0001777949983079452,0.17205142974853516,True
3393,442,5.073816401384762,0.00018735699995886534,0.17206668853759766,True
3394,273,58.744918689503095,0.00018830499902833253,0.1721048355102539,False
3395,364,38.30399383419549,0.00017972299974644557,0.17208194732666016,True
3396,273,71.4292837403124,0.0001931570004671812,0.1721963882446289,False
3397,431,11.047509087435557,0.00018887500118580647,0.17206668853759766,False
3398,442,2.414181319176719,0.00018901400108006783,0.17205142974853516,True
3399,442,6.317594200561684,0.0001844039979914669,0.1720590591430664,True
3400,496,5.394567662068556,0.0001794179988792166,0.17206668853759766,True
3401,442,5.3638107400514965,0.00022145899856695905,0.1720590591430664,False
3402,496,6.2706702498867966,0.00017833899983088486,0.17206668853759766,True
3403,41,50.24748933491206,0.00019906799934688024,0.17212772369384766,False
3404,138,151.327674228838,0.00018640100097400136,0.17217350006103516,False
3405,359,4.215507417916355,0.00019381500169401988,0.1720590591430664,False
3406,338,8.116638485686211,0.00019561599765438586,0.1720590591430664,False
3407,442,8.870952489542551,0.00018543800251791254,0.17206668853759766,False
3408,493,16.30456323143081,0.00019360400256118737,0.1720743179321289,True
3409,351,2.2156719429500056,0.00018574500063550659,0.17205142974853516,False
3410,351,11.71804694393052,0.00017661899983067997,0.1720590591430664,False
3411,405,6.7445272487308,0.00017643899991526268,0.1720590591430664,True
3412,499,17.081621250919742,0.00018083500253851525,0.17208194732666016,True
3413,364,74.2183113083467,0.00019443099881755188,0.1722116470336914,False
3414,234,68.61279656856718,0.00018080700101563707,0.1721048355102539,False
3415,493,182.41533637328828,0.0001822280028136447,0.1721200942993164,False
3416,78,199.75874968084355,0.00018826299856300466,0.1721658706665039,False
3417,499,40.30175967470528,0.00018831200213753618,0.1721506118774414,False
3418,214,53.421396545309975,0.00018691399964154698,0.1721658706665039,False
3419,77,14.50209989414854,0.0001789759990060702,0.17206668853759766,False
3420,41,24.126793820150077,0.00017857199782156385,0.1720590591430664,False
3421,138,237.622997261177,0.00019289000192657113,0.17218875885009766,False
3422,208,61.22692514181833,0.00018843300131266005,0.17218875885009766,False
3423,234,16.261230902119323,0.00018169000031775795,0.1720590591430664,False
3424,493,196.5436109561606,0.00019606800196925178,0.1722421646118164,False
3425,405,11.900700188106217,0.0001795030002540443,0.17206668853759766,True
3426,432,7.42859661719028,0.00017880000086734071,0.17206668853759766,True
3427,442,5.741832846410867,0.00020219299767632037,0.17206668853759766,True
3428,496,18.391044616460317,0.00018253499729325995,0.17209720611572266,False
3429,424,8.95179957263402,0.00017685599959804676,0.1720743179321289,True
3430,323,5.666146604874755,0.0001860270022007171,0.1720590591430664,True
3431,343,10.307716647577244,0.0001913839987537358,0.17206668853759766,True
3432,89,37.95202912159209,0.00019523599985404871,0.17208194732666016,False
3433,323,6.797714464943055,0.00017527299860375933,0.17206668853759766,True
3434,424,2.6956393598498165,0.00020385800235089846,0.17205142974853516,True
3435,351,5.949352851983326,0.00017926099826581776,0.1720590591430664,True
3436,424,7.798893856173407,0.00019242300186306238,0.17206668853759766,True
3437,421,14.815708969104907,0.00017858399951364845,0.17206668853759766,True
3438,351,18.085615063644106,0.00019249599790782668,0.17208194732666016,True
3439,432,5.702260632833988,0.00017530200057080947,0.17205142974853516,True
3440,280,35.17101641154295,0.00018380099936621264,0.17214298248291016,False
3441,338,6.285970587613873,0.00018595100118545815,0.1720590591430664,True
3442,55,10.921523700515712,0.00020084700008737855,0.1720590591430664,False
3443,431,2.0648594091032155,0.00027159299861523323,0.17205142974853516,True
3444,359,6.8232122215064726,0.0001982040012080688,0.17206668853759766,True
3445,359,3.0477910947956968,0.00017797799955587834,0.1720590591430664,True
3446,339,7.197221894859928,0.0001923199997690972,0.1720590591430664,True
3447,322,7.899467972569299,0.0001793810006347485,0.1720590591430664,True
3448,322,9.802866710094845,0.00017850299991550855,0.1720590591430664,True
3449,359,5.289336437776159,0.000176961999386549,0.1720590591430664,True
3450,431,12.16458268856242,0.00017904999913298525,0.17206668853759766,True
3451,362,4.351663797775377,0.00018103799811797217,0.17205142974853516,True
3452,403,44.55399915541101,0.00019213400082662702,0.1721200942993164,True
3453,322,5.107960851911641,0.00019044099826714955,0.1720590591430664,True
3454,359,2.066176272357993,0.00017800400019041263,0.17205142974853516,True
3455,41,26.38436395437416,0.0001897609981824644,0.1721048355102539,False
3456,359,6.033800426894341,0.0001913230007630773,0.1720590591430664,True
3457,359,3.3230484524640307,0.00017964500148082152,0.17205142974853516,True
3458,403,32.40895379058277,0.0001812959999369923,0.17211246490478516,True
3459,322,9.55668367015323,0.00017628500063437968,0.1720590591430664,True
3460,359,4.524774914960156,0.00017732999913278036,0.1720590591430664,True
3461,359,7.883145575151076,0.00018113099940819666,0.1720590591430664,True
3462,359,4.634940724746539,0.00017660699813859537,0.1720590591430664,True
3463,338,7.587168415906071,0.0001866710008471273,0.1720590591430664,True
3464,431,9.815019927162922,0.00022333299784804694,0.17206668853759766,True
3465,418,3.5255877506666353,0.0001775599994289223,0.17205142974853516,True
3466,359,10.698070377583111,0.0001804470011848025,0.1720743179321289,True
3467,359,5.244253744978307,0.0001821450023271609,0.1720590591430664,True
3468,322,8.4108220816243,0.00018310399900656193,0.1720590591430664,True
3469,403,39.33606041997881,0.00018266199913341552,0.17211246490478516,True
3470,362,9.911682725792238,0.00025214700144715607,0.17206668853759766,True
3471,338,6.4907974669808794,0.00018233099763165228,0.17205142974853516,True
3472,322,6.008015299398196,0.0001764009975886438,0.17205142974853516,True
3473,359,9.411807751363911,0.00018288199862581678,0.1720590591430664,True
3474,234,51.282365110232654,0.00019610399976954795,0.17215824127197266,False
3475,364,70.346374663249,0.0004287529991415795,0.1721200942993164,True
3476,183,69.8328234917193,0.00021374199786805548,0.17212772369384766,False
3477,215,34.33553831244754,0.00019416899885982275,0.1721506118774414,False
3478,339,8.843034072085358,0.00017857000057119876,0.1720590591430664,True
3479,351,5.655157565179677,0.00017698699957691133,0.1720590591430664,True
3480,493,26.057884073398117,0.00018166299923905171,0.17208194732666016,False
3481,359,4.5416568511954925,0.00019602099928306416,0.1720590591430664,True
3482,359,2.9132770105432613,0.00018946600175695494,0.17205142974853516,True
3483,319,38.11384978287203,0.000195115997485118,0.1721353530883789,True
3484,351,4.8824272526698405,0.00017793100050766952,0.1720590591430664,True
3485,496,11.767390359731172,0.00019901400082744658,0.17206668853759766,False
3486,319,8.749824735306657,0.0001832349989854265,0.1720743179321289,True
3487,403,44.61136754368036,0.0001817639968066942,0.17211246490478516,True
3488,403,40.13075723865306,0.00018383200222160667,0.1721048355102539,True
3489,319,5.224053267357306,0.0001921699986269232,0.17206668853759766,True
3490,351,2.311975737036156,0.00019067199900746346,0.17205142974853516,True
3491,351,4.593515183667767,0.00018294000255991705,0.1720590591430664,True
3492,319,6.8532731646341825,0.0001786680004443042,0.17206668853759766,True
3493,323,3.974385951578865,0.00019703999714693055,0.17205142974853516,True
3494,442,5.5515816410976875,0.00018661899957805872,0.1720590591430664,True
3495,432,6.534696871961138,0.00021304600159055553,0.1720590591430664,True
3496,323,6.726392838065177,0.00018079300207318738,0.17206668853759766,True
3497,442,5.348809145272192,0.00017662699974607676,0.1720590591430664,True
3498,424,5.904393255380535,0.00017870800002128817,0.1720590591430664,True
3499,319,3.945456801589989,0.00018056199769489467,0.17205142974853516,True
3500,323,2.6475717172807895,0.00018296499911230057,0.17205142974853516,True
3501,442,7.81285259464846,0.00019126800179947168,0.17206668853759766,True
3502,432,3.6626081093801592,0.00018153600103687495,0.1720590591430664,True
3503,319,5.050257529656823,0.00018225399981020018,0.17205142974853516,True
3504,438,11.45044145880321,0.00018794900097418576,0.17206668853759766,True
3505,403,45.20520903536554,0.00018289799845661037,0.17211246490478516,True
3506,323,2.3467526898789557,0.00019623800108092837,0.17205142974853516,True
3507,339,9.633211147446668,0.00018832700152415782,0.17206668853759766,False
3508,461,10.398920287565291,0.0001881440002762247,0.17208194732666016,True
3509,432,9.245953859451328,0.00018210599955637008,0.1720590591430664,True
3510,496,23.93860134497621,0.00019316999896545894,0.17208194732666016,True
3511,323,11.042152500857078,0.00019004999921889976,0.17206668853759766,True
3512,323,10.52388694696955,0.00018723900211625732,0.17206668853759766,True
3513,432,5.382154277877625,0.0001933089988597203,0.17206668853759766,True
3514,323,5.917158824999533,0.0001919189999171067,0.1720590591430664,True
3515,432,4.514616581385468,0.00018658899716683663,0.1720590591430664,True
3516,343,10.274443243197215,0.00019852300101774745,0.1720743179321289,True
3517,438,9.720575043585097,0.00017985799786401913,0.1720743179321289,True
3518,424,9.25655964226819,0.00017917399964062497,0.17206668853759766,True
3519,323,9.739092833322784,0.0001795800017134752,0.1720590591430664,True
3520,323,2.8498122013828997,0.00018832999921869487,0.17205142974853516,True
3521,432,6.290932252270698,0.0001775089986040257,0.1720590591430664,True
3522,432,8.877890545859708,0.0001764050030033104,0.1720743179321289,True
3523,432,5.272104167464211,0.0001919960013765376,0.1720590591430664,True
3524,424,2.4600449246698037,0.00017740700059221126,0.17205142974853516,True
3525,432,9.14356585483022,0.0001914730019052513,0.1720590591430664,True
3526,396,8.972539552965465,0.00021094399926369078,0.1720590591430664,True
3527,310,4.830042210330359,0.00018806399748427793,0.1720590591430664,True
3528,442,4.112020391221929,0.0001858120012911968,0.1720590591430664,True
3529,424,3.518344976014946,0.00017764799849828705,0.1720590591430664,True
3530,424,4.594118715681582,0.00018733300021267496,0.17205142974853516,True
3531,351,7.989727545919522,0.00017751400082488544,0.1720590591430664,True
3532,323,4.126521395554862,0.00019044500004383735,0.1720590591430664,True
3533,395,4.953114150386326,0.00018813900169334374,0.1720590591430664,True
3534,438,10.082772255760485,0.00019534999955794774,0.1720590591430664,True
3535,496,42.25169862119723,0.0001829430002544541,0.17208194732666016,False
3536,442,5.0662349115881975,0.00018755800192593597,0.17206668853759766,True
3537,474,3.345265105931171,0.00019683400023495778,0.1720590591430664,True
3538,442,7.861475129261887,0.00019744300152524374,0.1720590591430664,True
3539,405,6.682580816567123,0.0002025619978667237,0.17205142974853516,False
3540,438,10.900921100301943,0.00018598600217956118,0.1720590591430664,False
3541,432,6.767851395392291,0.00018057000124827027,0.17206668853759766,True
3542,461,7.928206975903609,0.00017997200120589696,0.1720590591430664,True
3543,442,4.386036658300634,0.00018272600209456868,0.1720590591430664,True
3544,424,2.7282117340005247,0.00018095099949277937,0.17205142974853516,True
3545,323,13.464136371894046,0.00018969399752677418,0.1720743179321289,True
3546,476,8.439065485082969,0.00040662299943505786,0.17206668853759766,False
3547,395,14.529607191569033,0.00018724799883784726,0.1720590591430664,True
3548,343,6.618211862082936,0.00018693500169320032,0.1720590591430664,True
3549,438,17.67213070349416,0.00020934499843860976,0.17208194732666016,True
3550,395,14.313231399893578,0.00018376000298303552,0.17206668853759766,False
3551,438,12.34009565934988,0.00019325500034028664,0.17206668853759766,True
3552,323,1.9588180086750728,0.00018274800095241517,0.17205142974853516,True
3553,310,4.734451938522327,0.00018296300186193548,0.1720590591430664,True
3554,424,7.925627593082341,0.00019169499864801764,0.17205142974853516,True
3555,351,6.957825469279177,0.0001963239992619492,0.17205142974853516,True
3556,343,6.5551385632871835,0.000195033000636613,0.1720590591430664,True
3557,339,7.187690343933772,0.00019422799960011616,0.17205142974853516,True
3558,310,4.209416461442508,0.00018163200002163649,0.1720590591430664,True
3559,424,3.380868073532415,0.0001811379988794215,0.17205142974853516,True
3560,112,12.889971948580646,0.00018284299949300475,0.1720743179321289,False
3561,82,16.116321538469624,0.00018652499784366228,0.1720743179321289,False
3562,112,22.099820336040633,0.00019500400230754167,0.17208194732666016,False
3563,351,3.9331847697149667,0.00017661099991528317,0.1720590591430664,True
3564,405,8.234640666139134,0.0001856279995990917,0.17205142974853516,True
3565,424,3.4712006713947545,0.00019348600108060054,0.17205142974853516,True
3566,438,13.255568610386863,0.00017820100038079545,0.1720743179321289,True
3567,395,6.098541624862373,0.0001961939997272566,0.1720590591430664,True
3568,424,2.0393977121669495,0.00018171800184063613,0.17205142974853516,True
3569,323,3.336693562402029,0.00019893100034096278,0.17205142974853516,True
3570,310,2.671058087560713,0.00018226400061394088,0.17205142974853516,True
3571,424,4.547737956169211,0.0001879399969766382,0.1720590591430664,True
3572,496,10.711515379600844,0.00018949199875351042,0.1720590591430664,False
3573,424,8.16134885992251,0.0001785929998732172,0.1720590591430664,True
3574,301,13.961503858995743,0.00018765300046652555,0.17205142974853516,False
3575,438,8.62134985793741,0.00017886099885799922,0.17206668853759766,True
3576,424,7.1836002993015935,0.0001855510017776396,0.17206668853759766,True
3577,395,4.566663078612899,0.00018746299974736758,0.17205142974853516,True
3578,323,5.252111747835082,0.00018908499987446703,0.1720590591430664,True
3579,424,7.059048441882168,0.00020524800129351206,0.1720590591430664,True
3580,351,6.186212534900603,0.00018893699962063693,0.1720590591430664,True
3581,323,11.660881503011034,0.0001813240014598705,0.17206668853759766,True
3582,442,7.206038096710276,0.00020195499746478163,0.1720743179321289,True
3583,432,8.067065268065575,0.00017969799955608323,0.17206668853759766,True
3584,371,11.386904303258074,0.00019358899953658693,0.1720590591430664,True
3585,421,8.731839291462482,0.00030574999982491136,0.1720590591430664,True
3586,424,4.839419658609943,0.00017721000040182844,0.1720590591430664,False
3587,424,4.748683494084678,0.00018425700181978755,0.1720590591430664,False
3588,424,6.94547509214358,0.00023091099865268916,0.17206668853759766,True
3589,442,4.393527502536801,0.00017610199938644655,0.17205142974853516,True
3590,424,6.663489211701811,0.00017727500016917475,0.1720590591430664,True
3591,371,11.956205629401861,0.00017951199697563425,0.1720590591430664,True
3592,424,6.26385328416068,0.00019046300076297484,0.1720590591430664,True
3593,424,4.251974054349748,0.00020166600006632507,0.1720590591430664,True
3594,396,11.235971729306044,0.00017515000217827037,0.17206668853759766,True
3595,432,9.693082768245548,0.00017643599858274683,0.17206668853759766,True
3596,351,5.9341976462437485,0.00018433999866829254,0.1720590591430664,True
3597,214,15.283800977961423,0.00017769400074030273,0.1720743179321289,False
3598,234,20.23289450316583,0.00018562100012786686,0.17209720611572266,False
3599,396,6.866895508055437,0.00017823699818109162,0.17206668853759766,True
3600,395,2.0206577672966204,0.00019274299847893417,0.17205142974853516,True
3601,395,9.839297955722671,0.00017956200099433772,0.1720743179321289,True
3602,364,117.11263793009826,0.00019103299928246997,0.17218875885009766,True
3603,438,25.16377910214809,0.00019233800048823468,0.1720895767211914,True
3604,396,10.242759918586579,0.00018722199820331298,0.17206668853759766,True
3605,405,3.7843261604148264,0.00017826799739850685,0.17205142974853516,True
3606,424,4.72840731767776,0.00017696699796942994,0.17205142974853516,True
3607,395,11.515284499958081,0.00018826000086846761,0.1720743179321289,True
3608,310,5.145578731548813,0.00017814999955589883,0.1720590591430664,True
3609,396,8.94901677518217,0.00017542500063427724,0.17205142974853516,False
3610,442,6.863563323789204,0.0001774340016709175,0.1720590591430664,True
3611,438,9.857625701428953,0.0001765550005075056,0.1720590591430664,True
3612,476,4.098721396641615,0.00018395799997961149,0.17205142974853516,True
3613,464,5.990092047230348,0.0001753899996401742,0.1720590591430664,False
3614,405,20.287519945563574,0.00018115899729309604,0.17208194732666016,False
3615,464,4.952147267221577,0.000279455998679623,0.1720590591430664,True
3616,359,7.334202922842892,0.0001963620015885681,0.17205142974853516,True
3617,310,4.472780888901038,0.00022049999824957922,0.1720590591430664,True
3618,438,20.38788943576965,0.0001878279981610831,0.1720743179321289,True
3619,395,4.442411162657875,0.00018732899843598716,0.1720590591430664,True
3620,496,18.430583271727212,0.00021094199837534688,0.17208194732666016,False
3621,395,7.699060363788135,0.0001929949976329226,0.17208194732666016,True
3622,395,5.979829771295949,0.00018576100046630017,0.1720743179321289,True
3623,395,5.204416472036354,0.0001811319998523686,0.1720590591430664,True
3624,310,9.892509487388772,0.0001878930015664082,0.1720590591430664,True
3625,496,18.32515554570002,0.00019126400002278388,0.1720743179321289,False
3626,338,8.772612162937302,0.00018477000048733316,0.17206668853759766,True
3627,396,9.813336322583792,0.00018156200167140923,0.1720590591430664,True
3628,421,10.364414435445417,0.000187368001206778,0.1720590591430664,False
3629,351,4.6942396595393445,0.00017977899915422313,0.1720743179321289,True
3630,424,1.9590470330046275,0.00018064899995806627,0.17205142974853516,True
3631,464,4.464241397834366,0.00017808899792726152,0.17205142974853516,True
3632,405,4.916471552824661,0.00018042599913314916,0.1720590591430664,True
3633,321,6.483762597068446,0.0001810100002330728,0.1720590591430664,True
3634,351,1.7553004259099092,0.00018604399883770384,0.17205142974853516,True
3635,351,5.968676547261414,0.0001975819977815263,0.17206668853759766,True
3636,310,4.926859978576394,0.00018543099940870889,0.17205142974853516,True
3637,310,4.834710709581953,0.00018361700131208636,0.17205142974853516,True
3638,351,4.35449140526896,0.00018036899928119965,0.17205142974853516,True
3639,310,4.887573002078108,0.00018356799773755483,0.1720590591430664,False
3640,476,14.316027258210644,0.00018423300207359716,0.17206668853759766,True
3641,351,6.338201741875356,0.00018485500186216086,0.17205142974853516,False
3642,359,3.80166510941361,0.00018407699826639146,0.17205142974853516,False
3643,359,6.233058016390652,0.00019544199676602148,0.17206668853759766,False
3644,359,7.550200291743543,0.00017898500300361775,0.1720590591430664,False
3645,359,8.050433010302264,0.00017728099919622764,0.17206668853759766,False
3646,362,10.446871681681841,0.00018687100237002596,0.1720590591430664,True
3647,359,8.160225446602738,0.00018702899978961796,0.1720590591430664,True
3648,431,8.599218170003336,0.0002497160021448508,0.17206668853759766,True
3649,432,7.976761566378721,0.00018804399951477535,0.17206668853759766,True
3650,323,4.105512373928793,0.0001834699978644494,0.17205142974853516,True
3651,405,5.263973286295528,0.00017838900021160953,0.17205142974853516,False
3652,424,3.8702192689351396,0.0001779000012902543,0.17205142974853516,True
3653,438,13.537635953803491,0.00018013199951383285,0.1720743179321289,True
3654,496,45.61762500581035,0.00018173099670093507,0.17206668853759766,False
3655,432,3.823963623901081,0.00017966000086744316,0.1720590591430664,True
3656,421,7.0736540714322125,0.00017751400082488544,0.1720590591430664,False
3657,424,5.613280848409186,0.00017542700152262114,0.1720590591430664,False
3658,424,2.530142935548836,0.0001760869999998249,0.1720590591430664,True
3659,424,5.063294320752854,0.00019326499750604853,0.17205142974853516,True
3660,323,10.938561390013094,0.00017899700105772354,0.1720743179321289,True
3661,351,6.416957798590274,0.00018546199862612411,0.1720590591430664,True
3662,438,18.389447804701376,0.00017954999930225313,0.1720743179321289,False
3663,476,2.8043850062752105,0.0001772680006979499,0.17205142974853516,True
3664,432,5.248594128646433,0.00018146099682780914,0.1720590591430664,False
3665,438,9.970343356906206,0.00019081400023424067,0.1720590591430664,False
3666,424,1.7539887856884628,0.00017913699775817804,0.17205142974853516,False
3667,442,6.798687426867515,0.00019210399841540493,0.17206668853759766,False
3668,319,16.821357761071752,0.0002084219995595049,0.17206668853759766,False
3669,319,5.686760597061954,0.00017844600006355904,0.1720590591430664,False
3670,351,14.71465309498929,0.0001781980026862584,0.17206668853759766,False
3671,442,7.348159033595832,0.00018275000184075907,0.17206668853759766,False
3672,301,8.915999086895825,0.00018251900110044517,0.1720590591430664,True
3673,442,8.58899511982484,0.00018467800327925943,0.1720743179321289,False
3674,323,3.0780750427610846,0.00018533299953560345,0.17205142974853516,False
3675,442,6.253274022331305,0.00017714500063448213,0.1720590591430664,False
3676,496,48.208558184018855,0.00018164799985243008,0.17208194732666016,False
3677,301,12.079195196408381,0.00018983700283570215,0.17206668853759766,False
3678,442,5.937172666214487,0.0001796770011424087,0.1720590591430664,False
3679,323,2.6360066098109742,0.0001937890010594856,0.17205142974853516,False
3680,432,7.569283134159848,0.00020050400053150952,0.17206668853759766,False
3681,442,2.6944795061524855,0.0001815270006773062,0.17205142974853516,False
3682,323,3.7401234754317167,0.00018256799739901908,0.17205142974853516,False
3683,442,5.630230190405176,0.00018426700262352824,0.17206668853759766,True
3684,339,6.5594263532276385,0.00019156499911332503,0.1720590591430664,True
3685,351,10.793622942318695,0.0001829110005928669,0.1720590591430664,True
3686,323,4.62121305490304,0.00017624999964027666,0.17205142974853516,True
3687,474,5.720702489340828,0.00017914899945026264,0.17205142974853516,True
3688,442,5.673114346885385,0.00023183899975265376,0.17206668853759766,True
3689,442,4.023430599130441,0.0002123790000041481,0.17205142974853516,False
3690,442,7.3628141005687375,0.0001765890010574367,0.17205142974853516,True
3691,442,5.111029452240798,0.0001881140015029814,0.1720590591430664,True
3692,319,7.632575214905656,0.00018273100067744963,0.17206668853759766,True
3693,442,3.7692726895778494,0.0001882110009319149,0.17205142974853516,True
3694,442,4.4611918662223555,0.00018953700055135414,0.1720590591430664,True
3695,442,4.198463813844683,0.00019034099750570022,0.1720590591430664,True
3696,359,7.505927932831258,0.00019163799879606813,0.1720590591430664,True
3697,112,27.259089043661547,0.0001885210003820248,0.1720895767211914,False
3698,338,7.447904917657928,0.0001893760017992463,0.1720590591430664,True
3699,359,9.625354394786887,0.0001790349997463636,0.17206668853759766,True
3700,431,8.401929211579702,0.00018321799871046096,0.17206668853759766,True
3701,301,9.449529357825456,0.00019832500038319267,0.17208194732666016,True
3702,359,4.937098460168845,0.0001843390018620994,0.1720590591430664,True
3703,359,5.636727225434416,0.00019760700160986744,0.1720590591430664,True
3704,362,6.907920743739817,0.00017782800205168314,0.1720590591430664,True
3705,338,4.713781151141804,0.00018697499763220549,0.1720590591430664,True
3706,338,5.733582545466142,0.00019010200048796833,0.1720590591430664,True
3707,405,11.166504226905106,0.00017813600061344914,0.17206668853759766,False
3708,338,4.944326536277836,0.00018437299877405167,0.1720590591430664,True
3709,396,6.500050938184735,0.00018997100050910376,0.17205142974853516,False
3710,362,5.11734462469532,0.00020701199900940992,0.17205142974853516,True
3711,338,6.975083770290199,0.0003499269987514708,0.1720590591430664,True
3712,451,7.986635503368285,0.0004737089984701015,0.17206668853759766,True
3713,362,4.63522188385163,0.00017695499991532415,0.1720590591430664,True
3714,310,7.34202770156071,0.0003146620001643896,0.17206668853759766,True
3715,446,17.190304911688198,0.00017967399980989285,0.1720743179321289,True
3716,359,5.530073745064095,0.0001784409978426993,0.17205142974853516,True
3717,418,2.721295558318018,0.0001846550003392622,0.17205142974853516,True
3718,318,7.105651705505756,0.00017987400133279152,0.1720590591430664,False
3719,338,6.1848719660920795,0.00017652199676376767,0.17206668853759766,True
3720,493,42.87343492742066,0.00021126900173840113,0.17211246490478516,False
3721,362,4.633885482490334,0.00020839499848079868,0.1720590591430664,True
3722,418,4.561810516832856,0.00019969199638580903,0.17205142974853516,True
3723,362,7.389256933152989,0.0001773450021573808,0.17205142974853516,True
3724,403,53.306217738311,0.0002037049998762086,0.17212772369384766,True
3725,322,3.8100082169025,0.00018756999998004176,0.17205142974853516,True
3726,322,1.9151234290351882,0.00018046999684884213,0.17205142974853516,True
3727,362,4.134041419871369,0.0003977750020567328,0.1720590591430664,True
3728,418,2.6748781013778604,0.000180278999323491,0.17205142974853516,True
3729,338,3.673589307490581,0.00018979300148203038,0.17205142974853516,True
3730,338,1.2399040494265323,0.00019724700177903287,0.17205142974853516,True
3731,338,6.291331871486299,0.00032121100230142474,0.17206668853759766,True
3732,403,51.90397115997947,0.0001851699998951517,0.1721353530883789,True
3733,484,7.600228915315947,0.0001847990024543833,0.1720590591430664,False
3734,484,7.301544632085946,0.00018460399951436557,0.1720590591430664,False
3735,136,16.781923121461034,0.0001783379993867129,0.17206668853759766,False
3736,362,5.236674706078252,0.00017847699928097427,0.1720590591430664,True
3737,493,43.28184740755136,0.0002455629983160179,0.17209720611572266,False
3738,484,4.3438365603195255,0.0001796809992811177,0.1720590591430664,False
3739,405,16.006632696357407,0.00018152200209442526,0.17206668853759766,True
3740,418,4.060033875169095,0.00017745899822330102,0.17205142974853516,True
3741,322,15.128284354723482,0.00017766400196705945,0.1720743179321289,True
3742,493,40.75650756244689,0.0001795999996829778,0.17208194732666016,False
3743,418,4.342128743704543,0.00023944699933053926,0.17206668853759766,True
3744,338,5.589646262509567,0.0001755070006765891,0.1720590591430664,True
3745,484,25.32264636428276,0.00018142699991585687,0.1720895767211914,False
3746,405,11.6966573812294,0.0001819240023905877,0.1720590591430664,True
3747,359,6.54044326455354,0.00017862700042314827,0.17206668853759766,True
3748,461,8.148199709684649,0.00018592400010675192,0.17206668853759766,True
3749,442,6.812777127283859,0.00017633099923841655,0.1720590591430664,True
3750,395,6.575430999619809,0.00023484199846279807,0.1720895767211914,True
3751,474,8.430211541293419,0.00020248999862815253,0.1720590591430664,True
3752,359,13.005087451468654,0.00017891199968289584,0.17208194732666016,True
3753,451,18.55739035187077,0.0001809130008041393,0.1720743179321289,True
3754,442,6.733903772966949,0.00018597500093164854,0.17206668853759766,True
3755,464,7.0811469440785215,0.00018977899890160188,0.1720590591430664,True
3756,351,4.189513777673269,0.00018684099995880388,0.17205142974853516,True
3757,396,11.405072977141668,0.0002046469999186229,0.1720590591430664,True
3758,359,9.730506078741165,0.00017858399951364845,0.1720590591430664,True
3759,442,5.010095124623114,0.00018023700249614194,0.1720590591430664,True
3760,442,7.186388800026428,0.0001978090003831312,0.1720590591430664,True
3761,474,8.689191021496544,0.0002009819982049521,0.1720590591430664,True
3762,432,10.132719924286546,0.0001912340012495406,0.1720743179321289,True
3763,359,9.964546143656898,0.00019359200086910278,0.17206668853759766,True
3764,395,5.420233084307565,0.00019197700021322817,0.17206668853759766,True
3765,431,8.351535655565929,0.00017780199777917005,0.1720590591430664,True
3766,405,6.979793265844228,0.00017758100148057565,0.1720590591430664,True
3767,461,7.364087082853498,0.00018222699873149395,0.1720590591430664,True
3768,432,8.48471216416687,0.00018067099881591275,0.17206668853759766,True
3769,403,39.46149925536799,0.0001966580020962283,0.1720895767211914,True
3770,403,37.4305136950132,0.00018429099873173982,0.17209720611572266,True
3771,461,5.8622044220779275,0.00018792300033965148,0.17205142974853516,True
3772,438,11.01037681561726,0.00018078500215779059,0.1720590591430664,True
3773,351,4.437417442147259,0.00017600700084585696,0.1720590591430664,True
3774,310,7.512110478451075,0.00017967199892154895,0.1720590591430664,True
3775,442,6.248734029969382,0.00017716599904815666,0.1720590591430664,True
3776,442,7.4074636519064985,0.00018926799748442136,0.17206668853759766,True
3777,461,8.663150918768192,0.00017746999947121367,0.17206668853759766,True
3778,395,5.838154024223631,0.0001896780013339594,0.1720590591430664,True
3779,310,6.611345799016592,0.00019071599672315642,0.1720743179321289,True
3780,267,29.975767451344545,0.0001811540023481939,0.1721048355102539,False
3781,403,45.32312262049843,0.0001997420004045125,0.17211246490478516,True
3782,431,16.97515849156645,0.00018382499911240302,0.17208194732666016,False
3783,320,7.083469665835038,0.00019129000065731816,0.1720590591430664,True
3784,319,38.907032494783344,0.00018717499915510416,0.17214298248291016,True
3785,351,3.7502639501163513,0.0001768180009094067,0.17205142974853516,True
3786,432,6.532547761338293,0.0001805179999792017,0.1720590591430664,True
3787,351,6.029058860704356,0.00028480200126068667,0.1720590591430664,True
3788,323,9.426506696193233,0.00017977999959839508,0.17206668853759766,True
3789,442,9.901108222640202,0.00017586499961907975,0.17206668853759766,True
3790,403,49.84687762239406,0.00018311500025447458,0.17211246490478516,True
3791,432,4.593042417554452,0.00018902000010712072,0.17205142974853516,True
3792,351,5.992010314798234,0.00018514900148147717,0.1720743179321289,True
3793,432,9.047207918877707,0.00017597999976715073,0.17206668853759766,True
3794,474,9.535382080927283,0.00017671000023256056,0.17205142974853516,True
3795,464,4.891322089180943,0.00020782299907295965,0.1720590591430664,True
3796,396,8.54081149408533,0.0001778130026650615,0.17206668853759766,True
3797,396,7.8745306281695155,0.0001849389991548378,0.17205142974853516,True
3798,310,6.465938541489564,0.0001812880000215955,0.1720590591430664,True
3799,395,4.848780158544727,0.00018506099877413362,0.1720590591430664,True
3800,464,5.816605899994545,0.0001763159998517949,0.1720590591430664,True
3801,476,9.15864780089273,0.00017777100219973363,0.1720590591430664,True
3802,319,30.18364414186947,0.00018385600196779706,0.1721200942993164,True
3803,432,5.349217663682029,0.00017627399938646704,0.1720590591430664,True
3804,424,7.14748545215515,0.00020309400133555755,0.1720590591430664,True
3805,432,6.980118119039348,0.00017637099881540053,0.1720590591430664,True
3806,438,12.966617467977313,0.00018730499868979678,0.1720590591430664,True
3807,319,29.36938220820999,0.00018867199833039194,0.1721200942993164,True
3808,310,5.250846325962505,0.00019004100249730982,0.17206668853759766,True
3809,442,4.905747374104944,0.00018466500114300288,0.1720590591430664,True
3810,432,5.59946536223214,0.00018070700025418773,0.1720590591430664,True
3811,395,9.43196871614122,0.0001819280005292967,0.1720590591430664,True
3812,343,7.6341455311455535,0.00018186599845648743,0.1720590591430664,True
3813,424,5.127654171692606,0.00017575200035935268,0.1720590591430664,True
3814,310,7.314366072781302,0.00019848399824695662,0.17206668853759766,True
3815,432,2.647646160062372,0.00018756799909169786,0.17205142974853516,True
3816,424,6.89532660751453,0.00018007900143857114,0.17206668853759766,True
3817,424,7.690779060983788,0.00019431299733696505,0.1720743179321289,True
3818,442,5.1591500768048375,0.00018045400065602735,0.1720590591430664,True
3819,323,9.01338018559176,0.0001819889985199552,0.17206668853759766,True
3820,432,6.445148895835304,0.0001867909995780792,0.1720590591430664,True
3821,464,5.469059022321332,0.0001840289987740107,0.1720590591430664,True
3822,438,8.76143907457446,0.00017750799815985374,0.17206668853759766,True
3823,432,9.534193292266552,0.0001819259996409528,0.17206668853759766,True
3824,424,5.808554491393222,0.0001860190022853203,0.1720590591430664,True
3825,351,5.649153985832239,0.00018194799849879928,0.1720590591430664,True
3826,403,38.91318418049825,0.00020227200002409518,0.1720895767211914,True
3827,432,4.42131540874719,0.00018580300093162805,0.1720590591430664,True
3828,442,8.503568633464909,0.0001940830006788019,0.17206668853759766,True
3829,432,6.658674569596084,0.00018154200006392784,0.17206668853759766,True
3830,343,8.216595787693276,0.0002178980030294042,0.17206668853759766,True
3831,424,5.422380323618319,0.00017962900165002793,0.1720590591430664,True
3832,395,6.941415139190426,0.00018038700000033714,0.17206668853759766,True
3833,351,7.953522110994251,0.00017777199900592677,0.1720743179321289,True
3834,464,8.750623785226121,0.00017983599900617264,0.17205142974853516,True
3835,351,5.206682027147414,0.0001878360017144587,0.1720590591430664,True
3836,395,6.438981224239709,0.00017754800137481652,0.1720590591430664,True
3837,403,42.294254276377444,0.0010698639998736326,0.17209720611572266,True
3838,464,8.025614114076857,0.00018156500300392509,0.1720590591430664,True
3839,310,10.497443763330866,0.00018400200133328326,0.1720590591430664,True
3840,343,8.294569839431396,0.00018173599892179482,0.17206668853759766,True
3841,432,6.896362544696952,0.0001809759996831417,0.1720590591430664,True
3842,395,5.081184636621039,0.0001826070001698099,0.17205142974853516,True
3843,323,5.967036881085524,0.0002047849993687123,0.1720590591430664,True
3844,424,7.79351305879673,0.00018757399811875075,0.1720590591430664,True
3845,396,10.442544286605635,0.0001896680005302187,0.17206668853759766,True
3846,351,6.756678321399399,0.00018205699961981736,0.1720590591430664,True
3847,432,5.273106754873789,0.00018917299894383177,0.1720590591430664,True
3848,442,4.580808202077436,0.00017772700084606186,0.1720590591430664,True
3849,351,5.721685406285968,0.00017535699953441508,0.1720590591430664,True
3850,403,31.222097972085173,0.0001868719991762191,0.17208194732666016,True
3851,323,4.9845835022285465,0.0001850219996413216,0.1720590591430664,True
3852,424,6.347320990748644,0.00017982800272875465,0.1720743179321289,True
3853,464,7.795578114268172,0.00019093299852102064,0.17206668853759766,True
3854,351,6.48699475599095,0.00020625900287996046,0.1720590591430664,True
3855,403,42.81299916427768,0.0001814540009945631,0.17209720611572266,True
3856,351,7.368552802307847,0.00018923899915535003,0.1720590591430664,True
3857,476,4.936869630970264,0.0001844910002546385,0.1720590591430664,True
3858,405,5.460357143221621,0.00018559799718786962,0.1720590591430664,True
3859,343,6.600244224637808,0.00021496799672604539,0.17206668853759766,True
3860,424,5.428947958421219,0.00017961699995794334,0.17205142974853516,True
3861,351,5.835441372545959,0.00035323199699632823,0.1720590591430664,True
3862,323,5.697729115233521,0.00017816699983086437,0.1720590591430664,True
3863,405,4.761094875441172,0.00018280900258105248,0.17205142974853516,True
3864,424,5.219654671288319,0.0001773690019035712,0.1720590591430664,True
3865,396,9.02513685293647,0.00018998499945155345,0.1720590591430664,True
3866,432,5.441540135316353,0.0001766519999364391,0.1720590591430664,True
3867,432,9.251810746092788,0.0001910780010803137,0.1720743179321289,True
3868,403,40.0832176306931,0.00021612499767798,0.17209720611572266,True
3869,424,4.257824021504616,0.00018849100160878152,0.1720590591430664,True
3870,351,8.582251693487386,0.0001875160014606081,0.1720590591430664,True
3871,323,7.1992287594856945,0.0001779080012056511,0.1720590591430664,True
3872,323,7.119136645369227,0.00017983200086746365,0.1720590591430664,True
3873,442,4.473861872881974,0.00018758200167212635,0.1720590591430664,True
3874,464,5.632153793342129,0.00018716400154517032,0.17205142974853516,True
3875,323,6.645710098081938,0.00018941700182040222,0.1720590591430664,True
3876,488,31.90005535781155,0.0001814559982449282,0.17208194732666016,True
3877,484,7.1718266440761695,0.00018381100016995333,0.1720743179321289,False
3878,403,54.765092186279574,0.00019704199803527445,0.17212772369384766,True
3879,320,6.853218604530314,0.00017887099966173992,0.17205142974853516,True
3880,359,7.099631082077931,0.00017763199866749346,0.1720590591430664,True
3881,338,6.233159226639616,0.0001830649998737499,0.1720743179321289,True
3882,359,7.4136918363650235,0.00020305900034145452,0.1720590591430664,True
3883,320,4.6126778047092785,0.00018262999947182834,0.1720590591430664,True
3884,493,44.054155389864526,0.00018074800027534366,0.17211246490478516,False
3885,359,5.407230157824029,0.0001816300027712714,0.17205142974853516,True
3886,359,6.990422542057326,0.00017850500080385245,0.1720590591430664,True
3887,321,8.39971322318273,0.00017756899978849106,0.1720590591430664,True
3888,405,10.354750842532322,0.00017514199862489477,0.1720590591430664,True
3889,351,7.03856672410909,0.00019083200095337816,0.17205142974853516,True
3890,338,6.812364973608417,0.00018309000006411225,0.1720590591430664,True
3891,493,40.79643205439425,0.00018955800260300748,0.1721200942993164,False
3892,338,7.824342915562484,0.00018969599841511808,0.1720590591430664,True
3893,493,36.20187438187649,0.00018675200044526719,0.1721048355102539,False
3894,338,8.50310399115676,0.00019356700067874044,0.1720590591430664,True
3895,493,46.837390463495765,0.00019567500203265809,0.17211246490478516,False
3896,362,9.817903070385585,0.00019609000082709827,0.17206668853759766,True
3897,338,5.704186754340077,0.0001897629990708083,0.1720590591430664,True
3898,493,38.18860225398872,0.0001978250002139248,0.1721200942993164,False
3899,319,8.96353030502846,0.0001799100027710665,0.1720743179321289,True
3900,403,54.43548871122323,0.0001898910013551358,0.17212772369384766,True
3901,403,54.417086027630184,0.0001823900020099245,0.17212772369384766,True
3902,442,7.623237626945886,0.00017869699877337553,0.1720590591430664,True
3903,318,20.30626276590193,0.0001821529986045789,0.17208194732666016,True
3904,424,4.9347207064937795,0.0001783780026016757,0.17205142974853516,True
3905,442,4.647981614122157,0.00018700900182011537,0.1720590591430664,True
3906,351,3.873057743004821,0.0001859660005720798,0.17205142974853516,True
3907,351,4.46326177205016,0.00018040899885818362,0.1720590591430664,True
3908,464,5.314632327593989,0.00018141300097340718,0.17205142974853516,True
3909,442,6.556668067165689,0.00017622900122660212,0.1720590591430664,True
3910,464,8.202655740934315,0.00019482000061543658,0.17206668853759766,True
3911,351,6.131071381774757,0.00017623800158617087,0.1720590591430664,True
3912,320,5.637630368702414,0.00017659399964031763,0.1720590591430664,True
3913,442,5.142757026992666,0.00017729099999996834,0.1720590591430664,True
3914,320,3.1716569582678353,0.00018364100105827674,0.17205142974853516,True
3915,395,2.246382184438673,0.0001805120009521488,0.17205142974853516,True
3916,464,5.9038552465275576,0.00017899199883686379,0.1720590591430664,True
3917,351,5.9234558885145345,0.00019754499953705817,0.17206668853759766,True
3918,442,5.344235855779146,0.00021228100013104267,0.1720590591430664,True
3919,442,6.542480002909215,0.00018732800162979402,0.1720590591430664,True
3920,351,4.155927291612253,0.00024068299899226986,0.17205142974853516,True
3921,214,32.756972730957145,0.0001847849998739548,0.1721048355102539,False
3922,319,6.896948939191398,0.00017987599858315662,0.17206668853759766,True
3923,424,4.68006556878255,0.00017759499678504653,0.1720590591430664,True
3924,464,5.736408623884376,0.00017661099991528317,0.1720590591430664,True
3925,351,7.571359468530868,0.0001787450019037351,0.17206668853759766,True
3926,424,4.856276881949093,0.00019527699987520464,0.1720590591430664,True
3927,310,6.610450862048511,0.00027774699992733076,0.17206668853759766,False
3928,496,42.979172297467926,0.00017962000129045919,0.17208194732666016,False
3929,424,5.192836131272526,0.00018712800010689534,0.17206668853759766,True
3930,432,4.5706871308751955,0.00018210100097348914,0.17205142974853516,True
3931,396,12.103211848181811,0.00018546499995863996,0.1720590591430664,False
3932,464,5.116060644779555,0.00018914600150310434,0.17205142974853516,False
3933,310,5.458243900657078,0.0001888250008050818,0.1720590591430664,False
3934,421,4.879941756471658,0.00018918000205303542,0.17205142974853516,False
3935,351,6.186041185113097,0.0001790450005501043,0.1720590591430664,True
3936,464,3.977626780248302,0.00022280200209934264,0.1720590591430664,True
3937,424,5.95746352647703,0.00017729499813867733,0.1720590591430664,True
3938,359,7.709062346442699,0.00018562100012786686,0.17205142974853516,True
3939,442,2.3356212913904946,0.00023113099814509042,0.17205142974853516,True
3940,476,3.832485047381309,0.00018375299987383187,0.1720590591430664,True
3941,464,7.5050261638028966,0.00018234999879496172,0.1720590591430664,True
3942,464,5.2183350943007385,0.00018561700198915787,0.1720590591430664,True
3943,323,7.951804148741061,0.00019670600158860907,0.17206668853759766,True
3944,424,4.937545861685369,0.00018107200230588205,0.1720590591430664,True
3945,310,5.048813489117042,0.0002061909981421195,0.1720590591430664,True
3946,424,3.1091688651830154,0.00018056100088870153,0.17205142974853516,True
3947,395,3.3354611020913767,0.00018716500198934227,0.17205142974853516,True
3948,432,7.9071917190771055,0.00023150199922383763,0.1720590591430664,True
3949,421,6.645064687546207,0.00017950599794858135,0.17206668853759766,True
3950,395,7.843898538005942,0.00017804700109991245,0.1720590591430664,True
3951,320,6.050606241926572,0.00022382099996320903,0.1720590591430664,True
3952,310,3.651202932480313,0.00018099700173479505,0.1720590591430664,True
3953,432,4.23373834989007,0.00018646399985300377,0.17205142974853516,True
3954,442,4.106577144080366,0.00018450399875291623,0.1720590591430664,True
3955,351,6.597506555747313,0.00020589400082826614,0.1720590591430664,True
3956,464,3.6968471182388303,0.0001867339997261297,0.1720590591430664,True
3957,351,7.956016764950945,0.0001926100012497045,0.1720590591430664,True
3958,424,2.4802797288489873,0.0001797540026018396,0.17205142974853516,True
3959,442,6.095593226024749,0.0001777460020093713,0.1720590591430664,True
3960,351,5.228753607927512,0.00018730399824562483,0.17206668853759766,True
3961,395,5.03738275507312,0.00017601500076125376,0.1720590591430664,True
3962,424,3.0135941344456785,0.00018700200234889053,0.17205142974853516,True
3963,464,7.484881463179289,0.0001899090020742733,0.1720590591430664,True
3964,395,6.938010159926291,0.0001869690022431314,0.17205142974853516,True
3965,432,7.143791098007856,0.00018977600120706484,0.1720590591430664,True
3966,320,5.813358288432989,0.0002013079974858556,0.1720590591430664,True
3967,496,53.125758084007145,0.0004858009997406043,0.1720743179321289,False
3968,464,6.879276594433127,0.00018932499733637087,0.17206668853759766,True
3969,320,7.3182490636488975,0.0001851779998105485,0.1720590591430664,True
3970,464,6.98252547776526,0.0001773469994077459,0.1720590591430664,True
3971,442,4.939906243901031,0.00018778100275085308,0.1720590591430664,True
3972,310,6.484792453165547,0.00018397500025457703,0.1720590591430664,True
3973,359,7.181144975422045,0.00019235199943068437,0.17205142974853516,True
3974,351,5.867742336069828,0.00019053600044571795,0.17205142974853516,True
3975,431,6.961365961559884,0.0001800399986677803,0.17205142974853516,True
3976,321,6.206068257352982,0.00019624900232884102,0.1720590591430664,True
3977,424,5.347402934495564,0.00017714800196699798,0.17206668853759766,True
3978,321,6.2751345506654115,0.0001858240029832814,0.1720590591430664,True
3979,424,5.200770428885729,0.00018338399968342856,0.1720590591430664,True
3980,338,7.452233674279113,0.00018532100148149766,0.17206668853759766,True
3981,464,5.253807655000093,0.00018612300118547864,0.1720590591430664,True
3982,323,4.371533482979744,0.00019219699970562942,0.1720590591430664,True
3983,320,4.860524807773564,0.00017996599854086526,0.1720590591430664,True
3984,320,6.36770085114903,0.0001796729993657209,0.1720590591430664,True
3985,323,4.311376648318648,0.00018762900072033517,0.1720590591430664,True
3986,496,46.61706350422582,0.00019066800086875446,0.17208194732666016,False
3987,320,5.4562092747266036,0.00018822299898602068,0.1720590591430664,True
3988,421,2.468775931212107,0.0001837839990912471,0.17205142974853516,True
3989,405,3.8567796577002316,0.00017850899894256145,0.17205142974853516,True
3990,371,5.588595232050938,0.00019702400095411576,0.1720743179321289,True
3991,310,4.700247155534963,0.00017955800285562873,0.1720590591430664,True
3992,493,24.98419319493999,0.0001786600005289074,0.1720895767211914,True
3993,451,25.241919765450923,0.00020529100220301189,0.1721048355102539,False
3994,424,5.855207346435709,0.000177720001374837,0.17205142974853516,True
3995,432,5.425983935695479,0.00018776599972625263,0.1720590591430664,True
3996,442,4.867624500734263,0.00018748899674392305,0.1720590591430664,True
3997,351,4.689030871961666,0.0001808260021789465,0.17205142974853516,True
3998,496,9.09465212133047,0.00017983799989451654,0.17206668853759766,False
3999,310,5.019331396463834,0.00017846199989435263,0.1720590591430664,True
4000,395,6.867555632819263,0.00017745199875207618,0.1720590591430664,True
4001,351,5.592278804729007,0.00017923999985214323,0.1720590591430664,True
4002,442,4.208281887580392,0.0004170339998381678,0.1720590591430664,True
4003,442,5.102788170622522,0.00017798400222091004,0.1720590591430664,True
4004,403,42.431899615109714,0.00018994600031874143,0.17209720611572266,True
4005,403,40.18489922017523,0.0001951160011230968,0.17209720611572266,True
4006,464,5.671138949221453,0.0001761880012054462,0.1720590591430664,True
4007,351,5.205562848016283,0.00017756899978849106,0.1720590591430664,True
4008,396,12.893282369520412,0.00018289400031790137,0.1720743179321289,False
4009,320,3.9351332509508263,0.00019539099957910366,0.1720590591430664,True
4010,351,9.22189367164888,0.00017932400078279898,0.17206668853759766,True
4011,396,7.217984969242327,0.0001783660009095911,0.1720590591430664,True
4012,442,4.168586898636268,0.0001856279995990917,0.1720590591430664,True
4013,421,11.048066150937924,0.00018514499970478937,0.17206668853759766,True
4014,359,9.192618780531841,0.00017610400027479045,0.17206668853759766,True
4015,442,5.149676989724018,0.000197055000171531,0.17206668853759766,True
4016,403,38.29506450066222,0.00018573600027593784,0.17209720611572266,True
4017,320,5.381905877353394,0.00018831799752661027,0.17205142974853516,True
4018,351,6.345352091693474,0.00020227500135661103,0.17205142974853516,True
4019,320,3.9410554870055154,0.00018916799672297202,0.1720590591430664,True
4020,351,6.656213714267222,0.00017760300033842213,0.17205142974853516,True
4021,442,3.842200306724484,0.0001930069993250072,0.17205142974853516,True
4022,442,3.015062075770369,0.00018008800179813989,0.17205142974853516,True
4023,351,5.504762732751371,0.00019361199883860536,0.1720590591430664,True
4024,496,55.65038959501242,0.00018608600294101052,0.17209720611572266,False
4025,432,8.756452799543652,0.00018483199892216362,0.17206668853759766,True
4026,321,3.772061290426423,0.00017985399972531013,0.17205142974853516,True
4027,461,29.342529225642433,0.00018959000226459466,0.17211246490478516,False
4028,351,7.211272242828595,0.00018831399938790128,0.17206668853759766,True
4029,321,7.473252755984499,0.00039184400156955235,0.1720590591430664,True
4030,432,3.8283278232147664,0.00022087499746703543,0.17205142974853516,True
4031,443,10.20258230152135,0.00019154700203216635,0.1720743179321289,True
4032,476,10.067738702100664,0.00018194700169260614,0.1720743179321289,False
4033,451,1.8947562735519903,0.000188663001608802,0.1720590591430664,True
4034,443,4.694878062306511,0.00020558399774017744,0.17206668853759766,True
4035,443,1.3863494896726114,0.00020027999926242046,0.17205142974853516,True
4036,476,41.428851377372126,0.00018679999993764795,0.17211246490478516,False
4037,446,3.9653975879659873,0.0003071240025747102,0.1720590591430664,True
4038,443,9.500779125569865,0.00018195600205217488,0.1720590591430664,True
4039,446,3.14270767079459,0.0001794480012904387,0.1720590591430664,True
4040,454,9.18939184892274,0.0001767089997883886,0.17206668853759766,True
4041,318,12.724688758105781,0.0001785990025382489,0.17206668853759766,False
4042,446,0.5712987312209923,0.0005771560026914813,0.17205142974853516,True
4043,476,43.180697635324464,0.00018954899860545993,0.17211246490478516,False
4044,403,40.83087654837666,0.00018256100156577304,0.1721048355102539,True
4045,443,3.0429296808384803,0.00017791500067687593,0.17205142974853516,True
4046,476,8.299402583736784,0.0001938499990501441,0.17206668853759766,True
4047,403,37.49760345213097,0.00018131799879483879,0.1720895767211914,True
4048,446,3.2590115876985317,0.00018987800285685807,0.1720590591430664,True
4049,446,1.199980304462484,0.00018915399778052233,0.17205142974853516,True
4050,476,10.677984820398333,0.00019459899704088457,0.1720743179321289,True
4051,443,1.159218093082751,0.0001935639993462246,0.17205142974853516,True
4052,324,5.242833258316963,0.00021136900249985047,0.17206668853759766,True
4053,403,41.829538442736,0.00018855500093195587,0.17209720611572266,True
4054,404,1.7501707206709824,0.00019426599828875624,0.17205142974853516,True
4055,324,5.763635002609358,0.0001815129980968777,0.17206668853759766,True
4056,454,5.935026885763438,0.00018157500016968697,0.1720590591430664,True
4057,443,1.3506571139124066,0.00017776700042304583,0.17205142974853516,True
4058,476,41.80723073582325,0.00019257200256106444,0.1721048355102539,False
4059,443,4.406444306375408,0.00019191799947293475,0.17205142974853516,True
4060,403,45.899335165164736,0.0002127879997715354,0.17209720611572266,True
4061,454,7.438498708405123,0.00018065299809677526,0.1720590591430664,True
4062,446,3.910183829677247,0.00017954899885808118,0.1720590591430664,True
4063,454,2.73285312580041,0.00017858999854070134,0.1720590591430664,True
4064,324,5.1612692660728525,0.00017840199870988727,0.17206668853759766,True
4065,454,7.232590705669871,0.00018544100021244958,0.1720590591430664,True
4066,476,37.79892293253314,0.0001808280030672904,0.17209720611572266,False
4067,324,5.5682040828619614,0.00018554199778009206,0.17206668853759766,True
4068,443,1.3728126953453401,0.00020073199993930757,0.17205142974853516,True
4069,454,10.490101628169892,0.00019468600294203497,0.17206668853759766,True
4070,324,3.626011775989844,0.000185617998795351,0.1720590591430664,True
4071,446,3.0757795390470966,0.00018274700050824322,0.1720590591430664,True
4072,454,9.659149972373358,0.00019019199680769816,0.17206668853759766,True
4073,324,16.89462517327271,0.0001871759995992761,0.1720895767211914,True
4074,454,5.802541945821695,0.00019108099877485074,0.1720590591430664,True
4075,443,8.647796072816766,0.00018746600107988343,0.17205142974853516,True
4076,454,9.985860657854374,0.00018203000217908993,0.17206668853759766,True
4077,454,2.9298605033806044,0.00018144299974665046,0.17205142974853516,True
4078,446,1.8164024336158409,0.00019125800099573098,0.17205142974853516,True
4079,446,1.7894093339987645,0.00018066000120597892,0.17205142974853516,True
4080,364,42.344614796983365,0.00019093700029770844,0.1721200942993164,True
4081,364,11.727838468509754,0.00019251500270911492,0.17208194732666016,True
4082,464,12.741204031141885,0.00017814999955589883,0.1720743179321289,True
4083,443,5.835221746988246,0.0001786499997251667,0.1720590591430664,True
4084,324,10.296552916363213,0.0001831539993872866,0.17205142974853516,True
4085,446,1.4589234660190202,0.0001790690002962947,0.17205142974853516,True
4086,454,14.71364179407598,0.00017848499919637106,0.1720743179321289,True
4087,364,3.4684740075733558,0.00018295900008524768,0.17208194732666016,True
4088,446,11.341351154392356,0.00018162999913329259,0.1720590591430664,True
4089,454,5.799007335313168,0.0001885029996628873,0.1720743179321289,True
4090,324,7.011120198346416,0.00021749399820691906,0.17206668853759766,True
4091,476,7.98424162349874,0.0001797640034055803,0.17206668853759766,True
4092,454,13.484636039235397,0.00019801300004473887,0.1720743179321289,True
4093,324,5.179963225499204,0.00017841799854068086,0.17206668853759766,True
4094,454,15.989675349257764,0.00018185999942943454,0.17206668853759766,True
4095,454,1.8549503361406448,0.00018673700105864555,0.17205142974853516,True
4096,446,3.275134901917683,0.00018885600002249703,0.1720590591430664,True
4097,454,10.72951224674308,0.0001791889990272466,0.17206668853759766,True
4098,476,9.4148206011004,0.00017620099970372394,0.17206668853759766,True
4099,403,37.91015521920315,0.0001858789983089082,0.17209720611572266,True
4100,324,5.886113857866171,0.0001984959999390412,0.1720590591430664,True
4101,454,4.225710911562439,0.00018298500071978197,0.1720590591430664,True
4102,404,16.039637433472247,0.0002046270019491203,0.1720743179321289,True
4103,324,4.291664575993987,0.00018908800120698288,0.1720590591430664,True
4104,404,9.633743218416374,0.00019067399989580736,0.17206668853759766,True
4105,443,3.6372778736028053,0.0001884500015876256,0.1720590591430664,True
4106,454,6.210534598162993,0.00018488899877411313,0.1720590591430664,True
4107,364,4.495294718531488,0.00018789599926094525,0.1720590591430664,True
4108,163,34.10080153923552,0.00019600599989644252,0.17215824127197266,False
4109,324,4.286744642374959,0.0001925429969560355,0.1720590591430664,True
4110,454,4.017625715455387,0.00017774099978851154,0.17205142974853516,True
4111,364,3.6382250140415007,0.00019125199833069928,0.1720590591430664,True
4112,364,5.9477702304777,0.00018985600036103278,0.1720590591430664,True
4113,476,15.627309565318958,0.00018102799731423147,0.17206668853759766,True
4114,324,5.339980715945975,0.00017871499949251302,0.17205142974853516,True
4115,395,10.0477201713285,0.00019386499843676575,0.1720590591430664,True
4116,364,5.3760470057677,0.00019668499953695573,0.1720590591430664,True
4117,404,8.669525690329095,0.0001850830012699589,0.1720590591430664,True
4118,454,3.4905891684878814,0.00018095400082529522,0.17205142974853516,True
4119,454,3.999630537968755,0.00018661300055100583,0.1720590591430664,True
4120,404,2.026407298377417,0.00019901799896615557,0.17205142974853516,True
4121,451,5.025634670164023,0.00017685499915387481,0.1720590591430664,True
4122,443,3.4780679994476293,0.0001853540015872568,0.17205142974853516,True
4123,364,4.093064348151742,0.00018072300008498132,0.1720590591430664,True
4124,443,7.6840943213062625,0.0001785810018191114,0.1720743179321289,True
4125,405,10.879551992098175,0.00019179399896529503,0.17206668853759766,True
4126,404,3.442930213657653,0.00017830800061346963,0.17205142974853516,True
4127,454,8.60990608558732,0.00017997599934460595,0.1720743179321289,True
4128,431,10.758624658942434,0.00027621700064628385,0.1720590591430664,True
4129,443,10.017135959121546,0.00018290799926035106,0.1720743179321289,True
4130,454,4.783244949055254,0.0001976610001293011,0.17206668853759766,True
4131,451,0.8120205794539616,0.00019654499919852242,0.17205142974853516,True
4132,446,2.9647042309528246,0.00018545899729360826,0.17205142974853516,True
4133,446,1.3952693619826908,0.0001854209986049682,0.17205142974853516,True
4134,454,16.79649549922885,0.0001839600008679554,0.17206668853759766,True
4135,454,13.347903053498467,0.00018228100088890642,0.1720743179321289,True
4136,451,1.5737929401290414,0.00017975700029637665,0.17205142974853516,True
4137,454,8.79000168270156,0.00018678199921851046,0.1720743179321289,True
4138,446,1.5138104053783505,0.00019007399896509014,0.17205142974853516,True
4139,446,1.454139930904316,0.0001769699993019458,0.17205142974853516,True
4140,446,3.766209965762113,0.00018403699868940748,0.1720590591430664,True
4141,443,4.138304989858067,0.00018466199981048703,0.1720590591430664,True
4142,446,1.7393082084700313,0.00020085100186406635,0.17205142974853516,True
4143,454,12.860548894930764,0.00031252499684342183,0.1720743179321289,True
4144,443,2.3903916293406557,0.00017667199790594168,0.17205142974853516,True
4145,454,10.79941483741688,0.00017814699822338298,0.17206668853759766,True
4146,476,5.6113987838715556,0.00019666299704113044,0.1720590591430664,True
4147,446,2.0331179030697055,0.0001881259995570872,0.1720590591430664,True
4148,443,1.9261880883379598,0.000179667000338668,0.17205142974853516,True
4149,451,1.3159386827343715,0.00018761799947242253,0.17205142974853516,True
4150,318,11.43401695242332,0.00019980099750682712,0.17206668853759766,True
4151,488,20.09885727787539,0.00017925099746207707,0.17208194732666016,False
4152,476,7.399782218317279,0.00017794199811760336,0.1720590591430664,True
4153,454,6.073113842579907,0.0001794519994291477,0.1720590591430664,True
4154,446,2.464372519444506,0.0001822809972509276,0.17205142974853516,True
4155,446,9.572147399383285,0.00018497700148145668,0.1720590591430664,True
4156,324,3.222368391633397,0.00020251899695722386,0.1720590591430664,True
4157,451,17.641697484500284,0.00018236200048704632,0.1720895767211914,True
4158,454,12.137991944721021,0.00019312199947307818,0.17206668853759766,True
4159,443,2.7615485779583757,0.00018623200230649672,0.17205142974853516,True
4160,443,1.860358765461286,0.00018110100063495338,0.17205142974853516,True
4161,446,3.711454577594163,0.00017979800031753257,0.1720590591430664,True
4162,404,3.460081287805768,0.00019072700160904787,0.17205142974853516,True
4163,446,3.222059440904595,0.0001830889996199403,0.17205142974853516,True
4164,443,5.0945144894241405,0.00019435099966358393,0.1720590591430664,True
4165,446,3.2559437701542997,0.00020406499970704317,0.1720590591430664,True
4166,454,10.720178430539763,0.00021848400137969293,0.1720743179321289,True
4167,443,4.80515198654044,0.0001844059988798108,0.1720590591430664,True
4168,364,6.927894187079642,0.00017793100050766952,0.1720590591430664,True
4169,403,40.849553118296335,0.0001835490002122242,0.17209720611572266,False
4170,476,4.771323211721574,0.0001767859976098407,0.1720590591430664,True
4171,403,44.85782328708352,0.00018433199875289574,0.17211246490478516,True
4172,404,6.918888064925097,0.00019155900008627214,0.1720590591430664,True
4173,318,12.125790153192064,0.0001881360003608279,0.1720743179321289,False
4174,454,8.915076185412136,0.00023244099793373607,0.17206668853759766,True
4175,454,6.401916403318543,0.0001919819987961091,0.1720590591430664,True
4176,403,46.190478603900026,0.00019056900055147707,0.1721048355102539,True
4177,446,2.04801181634359,0.000179971000761725,0.17205142974853516,True
4178,364,2.185783707840037,0.0001785810018191114,0.17205142974853516,True
4179,403,47.260844767523224,0.0001914749991556164,0.17211246490478516,True
4180,443,6.646107726706668,0.00018076400010613725,0.1720590591430664,True
4181,403,40.08790550359974,0.00018515199917601421,0.1721048355102539,True
4182,454,5.411460863090414,0.00017647500135353766,0.1720590591430664,True
4183,443,2.6331161498558964,0.0001758840007823892,0.1720590591430664,True
4184,454,7.381321039555175,0.00018987499788636342,0.17206668853759766,True
4185,451,2.19771512544593,0.00017481200120528229,0.17205142974853516,True
4186,403,38.60324045806469,0.00020891299936920404,0.17209720611572266,True
4187,364,5.240324967705205,0.00018414599981042556,0.1720590591430664,True
4188,454,2.738167453408157,0.00018533099864725955,0.17205142974853516,True
4189,403,42.78521838792619,0.00018879700292018242,0.17209720611572266,True
4190,404,9.19519280698923,0.00018618199828779325,0.1720743179321289,True
4191,362,12.102244774143179,0.000217527001950657,0.1720743179321289,True
4192,431,8.817698295280323,0.0001766339992173016,0.1720590591430664,True
4193,493,15.89036383516041,0.00018424500012770295,0.1720895767211914,True
4194,432,10.52355941967578,0.00019486800010781735,0.1720743179321289,True
4195,359,4.917373359367496,0.00018845899830921553,0.17205142974853516,True
4196,493,9.112822806780033,0.0001760949999152217,0.17206668853759766,True
4197,351,6.844738728905325,0.0002260590008518193,0.17205142974853516,True
4198,351,4.985473373425199,0.00018344500131206587,0.1720590591430664,True
4199,442,3.9279121356501348,0.00018772399926092476,0.1720590591430664,True
4200,442,4.7794062075736825,0.00022121599977253936,0.17206668853759766,True
4201,442,10.892241067960658,0.00017719000243232585,0.17206668853759766,True
4202,351,3.9823685535093656,0.00019325900211697444,0.17205142974853516,True
4203,320,7.88531989190431,0.00019229000099585392,0.1720590591430664,True
4204,424,6.659914143355975,0.00019209400124964304,0.1720590591430664,True
4205,320,6.149555908462947,0.00018869699852075428,0.1720590591430664,True
4206,359,5.249467422993827,0.00017708700033836067,0.1720590591430664,True
4207,351,6.179511889692035,0.00018720099978963844,0.1720590591430664,True
4208,395,7.39654741397786,0.00019267799871158786,0.1720590591430664,True
4209,493,15.101079950588883,0.0001846390005084686,0.17208194732666016,True
4210,464,5.0057811041006,0.00018778999947244301,0.1720590591430664,True
4211,424,5.927365481299139,0.00017788100012694485,0.1720590591430664,True
4212,442,6.679147403141057,0.00017755600129021332,0.17206668853759766,True
4213,323,7.006904671095534,0.00017622299856157042,0.17206668853759766,True
4214,464,5.072836097283066,0.0001931709994096309,0.17205142974853516,True
4215,351,4.333110716651513,0.0001805360006983392,0.17205142974853516,True
4216,359,29.116039117666364,0.0001936150001711212,0.17211246490478516,True
4217,318,17.51043299605238,0.00018194099902757443,0.17208194732666016,False
4218,318,21.9066581702343,0.00017924300118465908,0.17209720611572266,False
4219,351,6.739539196077275,0.0001824040009523742,0.17205142974853516,True
4220,442,5.552220563258552,0.00018270100190420635,0.1720743179321289,True
4221,320,4.397666933407435,0.00018637000175658613,0.1720590591430664,True
4222,351,5.987046033017056,0.00017962100173463114,0.17205142974853516,True
4223,351,8.184329618580856,0.00017529700198792852,0.1720590591430664,True
4224,320,7.429280217352332,0.00018672000078368,0.1720590591430664,True
4225,442,4.818115919637971,0.0001841609991970472,0.1720590591430664,True
4226,432,7.306523998864745,0.00019715799862751737,0.17206668853759766,True
4227,396,13.099088839894502,0.00018020099741988815,0.17206668853759766,True
4228,319,7.112264160659964,0.00017832200319389813,0.1720590591430664,True
4229,442,7.037656079461229,0.00018434400044498034,0.1720590591430664,True
4230,464,7.347445085809543,0.00019605399938882329,0.17205142974853516,True
4231,183,16.129538040835914,0.0001834760005294811,0.1720895767211914,False
4232,442,3.567264372915599,0.0001781779974407982,0.1720590591430664,True
4233,442,6.132698246634973,0.00018429299962008372,0.1720590591430664,True
4234,359,4.653386745841263,0.00019156999769620597,0.17205142974853516,True
4235,351,6.099343176626695,0.00018428900148137473,0.17205142974853516,True
4236,320,5.5056669912379,0.0002237839980807621,0.1720590591430664,True
4237,395,6.603195281835349,0.00017986099919653498,0.1720590591430664,True
4238,321,5.56220083010003,0.000186036999366479,0.17205142974853516,True
4239,403,36.392087439287316,0.00019637500008684583,0.17209720611572266,True
4240,318,22.044910672087532,0.00018808900131261908,0.1720895767211914,False
4241,321,6.5866175934903595,0.00019497999892337248,0.17206668853759766,True
4242,351,5.605007916069792,0.0001832429989008233,0.1720590591430664,True
4243,493,34.14807714521696,0.0001813909984775819,0.17209720611572266,True
4244,442,5.572375085811459,0.00018212299983133562,0.1720743179321289,True
4245,351,6.101925666430773,0.0001834619979490526,0.17206668853759766,True
4246,351,6.180479827774169,0.00018902000010712072,0.17206668853759766,True
4247,321,4.539925532420942,0.0001888759979919996,0.1720590591430664,True
4248,321,7.827546065221615,0.00020590799977071583,0.1720590591430664,True
4249,442,2.428725672414425,0.00017675600247457623,0.17205142974853516,True
4250,442,6.145577038046314,0.00017871599993668497,0.1720590591430664,True
4251,493,10.966362249901625,0.000178947997483192,0.1720743179321289,True
4252,442,5.992092082495961,0.00018995299978996627,0.17206668853759766,True
4253,442,6.2908474249803055,0.00018366600124863908,0.17206668853759766,True
4254,424,6.223866048840303,0.00017684799968264997,0.17205142974853516,True
4255,432,6.3935477745831335,0.0001793000010366086,0.1720590591430664,True
4256,320,6.839452879101695,0.0001893740009109024,0.1720590591430664,True
4257,320,2.55746358696512,0.00019794500258285552,0.1720590591430664,True
4258,351,5.9146699033622605,0.00020165900059510022,0.17205142974853516,True
4259,432,8.263171746119367,0.00018955500127049163,0.17206668853759766,True
4260,464,4.146962855418583,0.00022618600269197486,0.17205142974853516,True
4261,493,18.22643093280857,0.00018589499813970178,0.1720895767211914,True
4262,351,5.4914822935509155,0.0001955030020326376,0.1720590591430664,True
4263,351,8.462780362378586,0.00017875399862532504,0.17206668853759766,True
4264,323,5.52154772660916,0.0001952499987964984,0.1720590591430664,True
4265,371,4.6325568222030915,0.00017825100076152012,0.17205142974853516,True
4266,403,39.83596951472435,0.00018436300160828978,0.1721048355102539,True
4267,359,6.013404079967372,0.00017970800035982393,0.17205142974853516,True
4268,432,11.702527851947165,0.0001843230020313058,0.1720743179321289,True
4269,476,2.8526288348686184,0.0001937849992827978,0.17205142974853516,True
4270,371,8.288055381909675,0.00018009899940807372,0.1720743179321289,True
4271,320,5.418956582601587,0.00017962200217880309,0.1720590591430664,True
4272,371,5.903129920267677,0.00018931299928226508,0.1720590591430664,True
4273,371,5.819437818921879,0.0001768260008248035,0.1720590591430664,True
4274,351,5.360097728811419,0.00018128699957742356,0.1720590591430664,True
4275,403,42.898310563268744,0.00018291400192538276,0.1721048355102539,True
4276,442,5.101027641253542,0.00018475000251783058,0.1720590591430664,True
4277,351,7.013097046449997,0.0001878889997897204,0.17205142974853516,True
4278,351,4.276699060655108,0.00018851400091079995,0.17205142974853516,True
4279,454,11.820082002642632,0.00019120500292046927,0.17206668853759766,True
4280,318,10.691696632597754,0.00017844899775809608,0.17206668853759766,True
4281,443,1.1467191687443645,0.00018132699915440753,0.17205142974853516,True
4282,454,4.081858292201797,0.00018717499915510416,0.1720590591430664,True
4283,443,6.095679694330725,0.00019555000108084641,0.1720590591430664,True
4284,454,2.6575349515619218,0.00018689900025492534,0.1720590591430664,True
4285,324,1.6554075389100946,0.00019639899983303621,0.17205142974853516,True
4286,476,38.07513142354833,0.0001793020019249525,0.1720895767211914,False
4287,324,0.870190749515436,0.00019305400201119483,0.17205142974853516,True
4288,454,4.003057575275725,0.0001774140000634361,0.1720590591430664,True
4289,446,2.0029873407091072,0.0001816120020521339,0.17205142974853516,True
4290,454,4.417207969263392,0.00018166500012739561,0.1720590591430664,True
4291,454,2.9570942163154865,0.00018700999862630852,0.1720590591430664,True
4292,454,4.488252811092587,0.00018055499822366983,0.1720590591430664,True
4293,324,2.8739920018931366,0.00018706699847825803,0.1720590591430664,True
4294,403,43.024092827011636,0.00018871099746320397,0.1721048355102539,True
4295,446,2.088118068348878,0.00018627900135470554,0.17205142974853516,True
4296,454,1.403981192677499,0.00018204599837190472,0.17205142974853516,True
4297,404,2.4456466601855444,0.00018180100232711993,0.1720590591430664,True
4298,324,0.792298142489762,0.00019122899902868085,0.17205142974853516,True
4299,476,8.97289903356033,0.00018862399883801118,0.17206668853759766,False
4300,324,4.653955523787764,0.00017863900211523287,0.17206668853759766,True
4301,324,1.5548270076100132,0.00017948599997907877,0.17205142974853516,True
4302,324,2.724854761577518,0.00017855400074040517,0.17205142974853516,True
4303,324,3.3323089379645947,0.00018402000205242075,0.1720590591430664,True
4304,403,38.34833624659284,0.00018871800057240762,0.1721048355102539,True
4305,454,4.375390468643516,0.00018253500093123876,0.17206668853759766,True
4306,454,15.231034450533137,0.00018336199718760327,0.17208194732666016,True
4307,454,19.520697472719398,0.00018079000074067153,0.17208194732666016,True
4308,454,3.0404444834484425,0.00017518999811727554,0.17205142974853516,True
4309,476,9.48314064835983,0.00017892299729282968,0.17206668853759766,False
4310,476,38.86449608937584,0.00019548000273061916,0.1720895767211914,False
4311,364,3.5535236407336708,0.0001848050014814362,0.17206668853759766,True
4312,404,8.12189206976509,0.00018380599794909358,0.1720590591430664,True
4313,446,1.800821259969246,0.00018067299970425665,0.17205142974853516,True
4314,404,7.876383340576696,0.0001830850014812313,0.17205142974853516,True
4315,404,1.522385274993931,0.00018240899953525513,0.17205142974853516,True
4316,476,5.437322097668482,0.00018755099881673232,0.1720590591430664,True
4317,324,3.469183243367161,0.00018800299949361943,0.17205142974853516,True
4318,454,6.873821107921275,0.00018855199959944002,0.1720590591430664,True
4319,454,9.39162578385545,0.00017807400217861868,0.1720743179321289,True
4320,446,4.332564571431762,0.00019078599871136248,0.1720590591430664,True
4321,404,3.1856567069697275,0.00018219699995825067,0.17205142974853516,True
4322,364,3.061883916425147,0.0001773510011844337,0.17205142974853516,True
4323,324,3.281770960483354,0.0001827890009735711,0.1720590591430664,True
4324,454,4.949933109707453,0.00019263899957877584,0.1720590591430664,True
4325,454,4.557140819737855,0.00018528199871070683,0.1720590591430664,True
4326,454,2.1036194966421693,0.00019368900029803626,0.17205142974853516,True
4327,476,8.839839481924797,0.0002030019968515262,0.17206668853759766,False
4328,488,46.09181834565972,0.0001948160024767276,0.1720743179321289,False
4329,454,6.918443393829981,0.00017972699788515456,0.1720590591430664,True
4330,476,10.499104392558312,0.00018006300160777755,0.17206668853759766,True
4331,364,4.649415939493118,0.00018125399947166443,0.1720590591430664,True
4332,351,5.871881557663831,0.00019031100237043574,0.17205142974853516,True
4333,351,10.456551109601168,0.00019291699936729856,0.17206668853759766,True
4334,270,24.221040606493155,0.00019467200036160648,0.1721048355102539,False
4335,19,195.31496243541,0.00020244800180080347,0.17220401763916016,False
4336,234,64.67796707691188,0.00020360200142022222,0.17221927642822266,False
4337,499,42.43067469843037,0.00018599299801280722,0.1721200942993164,True
4338,493,74.00884085218505,0.00018538999938755296,0.17215824127197266,False
4339,78,195.6426829575352,0.00020404699898790568,0.17218875885009766,False
4340,499,13.328787765932956,0.00018804000137606636,0.1720743179321289,False
4341,432,3.301295633323859,0.0001926830009324476,0.17205142974853516,True
4342,371,8.62027344175755,0.0001808199995139148,0.1720590591430664,True
4343,493,5.661642662581227,0.0001798129997041542,0.1720590591430664,True
4344,432,6.626489941804958,0.0001789640009519644,0.17206668853759766,True
4345,432,8.760356936913215,0.0001893820008262992,0.17206668853759766,True
4346,432,8.879514834068964,0.0001801170001272112,0.17206668853759766,True
4347,404,5.482362897896555,0.00017923799896379933,0.1720590591430664,True
4348,319,4.916699355461154,0.00020275299903005362,0.1720590591430664,True
4349,359,4.827367400590628,0.00018826700033969246,0.1720590591430664,True
4350,359,4.796215346352575,0.00042460699842195027,0.17205142974853516,True
4351,359,6.821918470794298,0.0001806799991754815,0.1720590591430664,True
4352,359,4.712395278647584,0.00017874200057121925,0.1720590591430664,True
4353,359,6.393991042616776,0.00017680900054983795,0.17206668853759766,True
4354,359,5.312456251488404,0.00018164300126954913,0.1720590591430664,True
4355,359,9.246747022185707,0.00018147299851989374,0.17206668853759766,True
4356,359,12.030244924555259,0.00018102299873135053,0.1720743179321289,True
4357,403,29.367325725319773,0.00017762199786375277,0.1720895767211914,True
4358,55,16.621083512406887,0.00018530899978941306,0.17206668853759766,False
4359,451,8.982217980367796,0.0002469199971528724,0.17206668853759766,True
4360,451,6.501013884697535,0.00019461299962131307,0.17206668853759766,True
4361,136,30.751264452849924,0.00019931800125050358,0.1721200942993164,False
4362,359,5.394991395595079,0.00018856899987440556,0.1720590591430664,True
4363,431,8.246211614857755,0.00020613900051102974,0.17206668853759766,True
4364,359,8.351555826383507,0.00018969099983223714,0.17206668853759766,True
4365,446,7.557432090915088,0.0001813569979276508,0.1720590591430664,True
4366,431,34.22308534251978,0.00017730000035953708,0.1720590591430664,True
4367,359,5.1713257915671145,0.00019801899907179177,0.17205142974853516,True
4368,446,10.139743458259751,0.00019055699885939248,0.1720590591430664,True
4369,451,14.40877339143573,0.00018211999849881977,0.1720743179321289,True
4370,359,6.992514864120538,0.00017817399930208921,0.1720590591430664,True
4371,431,3.792719565664845,0.00018573999841464683,0.17205142974853516,True
4372,359,7.547920127939735,0.00018084700059262104,0.17206668853759766,True
4373,359,7.055159671387292,0.00018885199824580923,0.1720590591430664,True
4374,431,8.40834952931745,0.00018275399997946806,0.1720590591430664,True
4375,431,5.310732426049357,0.0001777910001692362,0.1720590591430664,True
4376,319,5.891297315438757,0.00023409400091622956,0.1720590591430664,True
4377,359,5.693345015345485,0.00019602099928306416,0.1720590591430664,True
4378,351,10.800888024463775,0.00018582999837235548,0.1720590591430664,True
4379,319,7.917529962317638,0.00018807900050887838,0.1720743179321289,True
4380,319,6.877013106664301,0.00018063400057144463,0.17205142974853516,True
4381,359,7.623458644336828,0.00017870900046546012,0.17206668853759766,True
4382,364,61.39017906173086,0.000179667000338668,0.1720895767211914,False
4383,461,75.12170382984618,0.00018514100156608038,0.17212772369384766,False
4384,138,224.4879129630699,0.00020040299932588823,0.1721963882446289,False
4385,319,9.388112393640665,0.00017924500207300298,0.1720743179321289,True
4386,319,6.610860071005849,0.00017842400120571256,0.17206668853759766,True
4387,319,6.549805262106151,0.00017884900080389343,0.17206668853759766,True
4388,493,11.362690341489415,0.000191983999684453,0.1720743179321289,True
4389,359,4.072320144566311,0.00017980000120587647,0.1720590591430664,True
4390,359,7.60589939445701,0.00017987100000027567,0.17206668853759766,True
4391,476,8.442852522641353,0.00017727100203046575,0.1720590591430664,False
4392,323,6.1025742437067025,0.00018482000086805783,0.17205142974853516,True
4393,493,14.108682561017558,0.00018241100042359903,0.17206668853759766,True
4394,319,5.387317130121273,0.00018030000137514435,0.17206668853759766,True
4395,493,12.845277199760258,0.0001795290008885786,0.1720895767211914,True
4396,319,5.139242191462379,0.00019443199926172383,0.17206668853759766,True
4397,493,10.647618168672608,0.00018315099805477075,0.17208194732666016,True
4398,319,4.917731057325153,0.00017904799824464135,0.1720590591430664,True
4399,493,14.030681576067554,0.00019914899894502014,0.1720743179321289,True
4400,319,7.329370915969253,0.00018357500084675848,0.17206668853759766,True
4401,493,8.80273881108051,0.00020608400154742412,0.17206668853759766,True
4402,432,4.623044950651121,0.00018249800268677063,0.1720590591430664,True
4403,442,7.386909085841487,0.0001813749986467883,0.1720590591430664,True
4404,493,11.163074846129053,0.00018251300207339227,0.1720743179321289,True
4405,493,7.019187042980629,0.0001778370024112519,0.1720590591430664,True
4406,493,3.8572484320238556,0.00017848200150183402,0.17205142974853516,True
4407,319,5.936437025171181,0.0001792660004866775,0.17206668853759766,True
4408,493,13.377869695946652,0.00018807200103765354,0.1720895767211914,True
4409,442,5.999676745018283,0.0001863310026237741,0.17206668853759766,True
4410,493,13.34282225254201,0.00017949600078281946,0.17208194732666016,True
4411,442,9.32406530693416,0.00017981599739869125,0.1720743179321289,True
4412,405,14.40745469761524,0.00017501000183983706,0.17206668853759766,True
4413,493,7.41317985011023,0.00018467000336386263,0.1720590591430664,True
4414,493,12.663498214499914,0.0001773670010152273,0.1720743179321289,True
4415,432,7.997421569121235,0.00018751099923974834,0.1720743179321289,True
4416,493,9.707668598073324,0.0001745630033838097,0.1720743179321289,True
4417,464,8.64394461675528,0.00018954299957840703,0.17206668853759766,False
4418,493,22.534326608118985,0.00018868199913413264,0.17208194732666016,True
4419,323,5.386359840767129,0.00018037900008494034,0.17205142974853516,True
4420,493,15.26819998296566,0.00019178200091118924,0.1720895767211914,True
4421,493,8.464721398429683,0.00018227400141768157,0.17206668853759766,True
4422,159,34.54387159805552,0.0001858529976743739,0.17214298248291016,False
4423,159,33.65025683924622,0.0001856419985415414,0.1721048355102539,False
4424,493,31.049726389019764,0.00019282200082670897,0.17211246490478516,True
4425,493,34.84040646021496,0.00019134400281473063,0.17208194732666016,True
4426,493,24.976507765460674,0.00018753199765342288,0.17208194732666016,True
4427,493,13.252165030968213,0.00019495900050969794,0.17208194732666016,True
4428,493,7.671446946228532,0.00018931899830931798,0.17206668853759766,True
4429,464,6.051100520708389,0.00019050500122830272,0.17205142974853516,True
4430,493,11.807750573728867,0.00019154300025547855,0.1720743179321289,True
4431,321,6.399348574786453,0.0001756169986038003,0.1720590591430664,True
4432,493,5.841096374467774,0.00017844800095190294,0.17206668853759766,True
4433,442,5.94517232087608,0.00017837699851952493,0.1720590591430664,True
4434,493,8.060064272807567,0.00018542800171417184,0.17208194732666016,True
4435,493,13.81035342366841,0.00017999899864662439,0.1720743179321289,True
4436,493,10.04150037301311,0.00018152399934479035,0.17206668853759766,True
4437,493,14.167584246889632,0.00017965599909075536,0.1720743179321289,True
4438,493,13.810194343385268,0.00018848399849957787,0.1720743179321289,True
4439,493,11.54914127942659,0.00019300799976917915,0.1720743179321289,True
4440,493,15.517105528897654,0.00018310399900656193,0.1720895767211914,True
4441,493,11.652416710251437,0.00019726900063687935,0.1720743179321289,True
4442,493,9.229411773769401,0.00017934800052898936,0.17206668853759766,True
4443,320,8.410078804078006,0.00018187600289820693,0.1720590591430664,True
4444,438,35.64477433288372,0.00018600299881654792,0.1720895767211914,False
4445,396,10.717860938222469,0.00018305800040252507,0.1720590591430664,False
4446,323,4.245992767910127,0.00020668800061685033,0.17205142974853516,False
4447,493,8.540840099576679,0.000180851999175502,0.17206668853759766,True
4448,323,12.508430198075995,0.00018923700190498494,0.1720590591430664,True
4449,493,31.435441230546395,0.0001842319979914464,0.17209720611572266,True
4450,322,2.4428943176078692,0.0004162959994573612,0.17205142974853516,True
4451,403,42.824788269108886,0.00021093900068080984,0.1721200942993164,True
4452,310,9.036916685394292,0.00019762299780268222,0.1720590591430664,True
4453,403,41.43417349471369,0.00019656599761219695,0.17211246490478516,True
4454,359,4.369418642743187,0.00018079700021189637,0.1720590591430664,True
4455,431,6.231619109008715,0.0001854900001490023,0.1720590591430664,True
4456,431,10.041842528609923,0.0003970239995396696,0.1720590591430664,True
4457,234,36.757351084157406,0.00018148600065615028,0.17209720611572266,False
4458,319,10.344902347486512,0.00017679099983070046,0.1720743179321289,True
4459,359,5.677741314850556,0.000194725002074847,0.1720590591430664,True
4460,464,6.252379825330521,0.00020412999947438948,0.17205142974853516,True
4461,451,5.860195874428046,0.00019063799845753238,0.1720590591430664,True
4462,451,5.540631796816552,0.00019598300059442408,0.17206668853759766,True
4463,359,3.7365018336359013,0.0001796080032363534,0.17205142974853516,True
4464,493,34.23869866958368,0.0001823149978008587,0.17209720611572266,True
4465,431,6.976361823442586,0.0001874410008895211,0.17206668853759766,True
4466,431,7.231715640679333,0.0001755699995555915,0.1720590591430664,True
4467,359,6.521237133370996,0.00017748800019035116,0.1720590591430664,True
4468,319,7.4386875785061815,0.00018465000175638124,0.17206668853759766,True
4469,493,16.078833532790867,0.0001849489999585785,0.17208194732666016,True
4470,319,6.284180741724292,0.00017819300046539865,0.17206668853759766,True
4471,493,15.450073790322824,0.0001885860001493711,0.17206668853759766,True
4472,442,7.7630313519480385,0.000185159999091411,0.17206668853759766,True
4473,493,14.298769973610106,0.00019839800006593578,0.1720743179321289,True
4474,359,4.780836673271797,0.00019641399921965785,0.1720590591430664,True
4475,493,23.777466422572875,0.00019199500093236566,0.17208194732666016,True
4476,442,6.526049494787417,0.00018687299962039106,0.1720590591430664,True
4477,493,21.471279735473754,0.0001785099993867334,0.17206668853759766,True
4478,359,6.371647842622546,0.00018125499991583638,0.1720590591430664,True
4479,403,45.453011713517505,0.00018266200277139433,0.1721200942993164,True
4480,446,11.225764704201028,0.00017785100135370158,0.17206668853759766,True
4481,319,9.481578975189999,0.00018117100262315944,0.1720743179321289,True
4482,451,16.815781414702304,0.00018000199997914024,0.17208194732666016,True
4483,321,8.861881970352595,0.0001822199992602691,0.1720590591430664,True
4484,493,15.32244256236995,0.00018753999756881967,0.1720895767211914,True
4485,442,8.930177976376719,0.0001816969997889828,0.1720743179321289,True
4486,493,9.14037364315055,0.0001865640006144531,0.1720743179321289,False
4487,319,4.935566719554267,0.00018172400086768903,0.17206668853759766,True
4488,493,22.962558895400452,0.0001787449982657563,0.17208194732666016,False
4489,319,5.911969318844274,0.00018159100000048056,0.17205142974853516,True
4490,359,10.196074212937496,0.00017783599832910113,0.17206668853759766,True
4491,493,13.719175601861393,0.00018716200065682642,0.17208194732666016,True
4492,323,9.793727485617463,0.0001779769991117064,0.17206668853759766,True
4493,493,4.427983377983175,0.0001943869974638801,0.1720590591430664,False
4494,41,28.733426373289124,0.00020200200015096925,0.17206668853759766,False
4495,496,7.3891545721183345,0.00019162000171490945,0.1720590591430664,True
4496,493,26.866931321435914,0.00019115200120722875,0.17209720611572266,False
4497,339,6.195760098269181,0.00019565599723136984,0.1720590591430664,True
4498,442,6.326121575313231,0.00019563999740057625,0.17206668853759766,True
4499,493,7.13923904661195,0.0001829350003390573,0.1720590591430664,False
