Test Index,Train Index,Score,Computing Time (s),Space Usage (MB),Same Class
6,1747,0.054089736623914676,0.00022761600121157244,0.08257389068603516,False
8,7295,0.2659283576632142,0.0002246469994133804,0.08260440826416016,False
9,2871,0.6455608712957722,0.00023315100042964332,0.0825510025024414,False
10,1596,0.0025768839379422814,0.0002226940014224965,0.08257389068603516,False
12,7510,0.11974358813972374,0.00022647199875791557,0.08260440826416016,False
13,1897,0.06798380545982496,0.0002211399987572804,0.0825662612915039,False
14,7544,0.12519656107334487,0.00023723900085315108,0.08260440826416016,False
17,8025,0.18028617533152516,0.00023228399732033722,0.0826120376586914,False
18,7544,0.038198182729897306,0.0002253640013805125,0.08258914947509766,False
21,4988,0.05687830019696505,0.0002444140009174589,0.08260440826416016,False
23,1596,0.18462804910863612,0.00022137400083011016,0.08255863189697266,False
24,7516,0.3650693296617734,0.00022359399736160412,0.0825967788696289,False
26,2413,0.053763507515002806,0.0002214699998148717,0.08258914947509766,False
27,864,0.04963098965023673,0.00022406900097848848,0.0825967788696289,False
31,7627,0.4511878480650545,0.0002265959992655553,0.0826120376586914,False
32,3631,0.07807047561974434,0.0002329279996047262,0.0825357437133789,False
35,7433,0.06400080508873884,0.00022726799943484366,0.0826120376586914,False
37,2814,0.09703843354905999,0.0002258969980175607,0.08260440826416016,False
38,3484,0.036956800518410673,0.00022428100055549294,0.08260440826416016,False
41,5071,0.1539282136026864,0.00023662099920329638,0.0826120376586914,False
42,1867,0.015317732256559302,0.00023343499924521893,0.08260440826416016,False
46,7383,0.036637332885203405,0.00023423899983754382,0.08260440826416016,False
49,7345,0.29824469411424026,0.00022352199812303297,0.08258914947509766,False
52,4278,0.0039716596336077,0.00025532799918437377,0.08261966705322266,False
55,765,0.05217604069537436,0.00022201999672688544,0.08258914947509766,False
57,545,0.006828519843410176,0.00023626999973203056,0.08260440826416016,False
58,7598,0.0036066471485674267,0.0002466279984219,0.0825967788696289,False
64,7510,0.35445083602215904,0.0002237779990537092,0.08258914947509766,False
65,8116,0.02519092911535403,0.00022359200011123903,0.0826120376586914,False
66,6606,0.04769670650336083,0.0002247080010420177,0.0826120376586914,False
67,7640,0.16952265391876034,0.00022345099932863377,0.08258914947509766,False
68,7640,0.10641340345603673,0.00022833500042906962,0.08260440826416016,False
69,7432,0.12561731087296638,0.0002333410011488013,0.0826120376586914,False
70,2462,0.16408576576378725,0.00022556399926543236,0.08252811431884766,False
71,1854,0.06288869119232121,0.00022382300085155293,0.0825967788696289,False
72,3085,0.07027126350321566,0.00022766699839849025,0.08260440826416016,False
74,7513,0.2679112724622592,0.0002673400013009086,0.08260440826416016,False
75,2402,0.044597003918983136,0.00022988500131759793,0.0825815200805664,False
79,4194,0.05396961486267048,0.00023134600269258954,0.08261966705322266,False
81,4278,0.37072274979526004,0.00024089699945761822,0.0826120376586914,False
82,4116,0.005909024510670522,0.0002766940015135333,0.0825967788696289,False
83,7432,0.008500906223648557,0.00023104899810277857,0.0825967788696289,False
84,2927,0.012301812705635476,0.00023833099839976057,0.08260440826416016,False
86,2058,0.16359950479026358,0.0002263570022478234,0.0826120376586914,False
87,7432,0.002095989961182697,0.00022336000256473199,0.0825967788696289,False
89,2067,0.02678992175111572,0.0002362000013818033,0.08257389068603516,False
91,7570,0.18928737910506754,0.00022353200256475247,0.08260440826416016,False
93,6243,0.06309527752779436,0.0002235710016975645,0.0826120376586914,True
99,5325,0.034983347858404096,0.00024042299992288463,0.08261966705322266,False
100,8613,0.01969228096011727,0.00022287699903245084,0.08252811431884766,False
101,7256,0.023250797067315476,0.00024116900021908805,0.08255863189697266,False
103,2308,0.7013163916188327,0.0003968380005971994,0.08258914947509766,False
105,8510,0.07825952064879393,0.00022429000091506168,0.08257389068603516,False
106,1620,0.16570680810040986,0.00023077899822965264,0.0825662612915039,False
107,1873,0.28099413674234,0.0002262900015921332,0.08258914947509766,False
111,8164,0.005212454500992659,0.00023866500123403966,0.0826120376586914,False
112,2413,0.09852781780152092,0.0002271170014864765,0.08258914947509766,False
114,5185,0.040804142462552,0.0002265940020151902,0.0826120376586914,False
115,7958,0.11109128781977766,0.0002232750011899043,0.08260440826416016,False
119,2918,0.072431875781926,0.00022828100190963596,0.08258914947509766,False
120,7283,0.18659907624205183,0.00022213899865164421,0.08257389068603516,False
121,2918,0.4406966168170854,0.0002279660002386663,0.08260440826416016,False
124,5142,0.046099335722519896,0.00024576999931014143,0.0825510025024414,False
128,7409,0.08477118891546631,0.0002518069995858241,0.08255863189697266,False
130,8510,0.09904291369822936,0.00021927299894741736,0.08248233795166016,False
132,1032,0.006920388500584712,0.00024129099983838387,0.0825815200805664,False
134,4086,0.005332684483699168,0.0005403989998740144,0.0824441909790039,False
136,884,0.02821269734246708,0.00024330699670827016,0.08261966705322266,True
137,8486,0.2514689977373321,0.0002202950017817784,0.08257389068603516,False
140,2285,0.03402881942268361,0.0002169559993490111,0.08255863189697266,False
149,1829,0.04974944814666804,0.0002331590003450401,0.08257389068603516,False
150,8463,0.0052339826953686774,0.00022811700182501227,0.08255863189697266,False
152,1730,0.016370574958251782,0.00022384800104191527,0.08257389068603516,False
153,2847,0.05629118218022913,0.00023709900051471777,0.08260440826416016,False
154,7479,0.19259969623294812,0.00022839699886390008,0.08255863189697266,False
155,5219,0.032080085697168,0.00022451299810199998,0.08261966705322266,False
162,2417,0.058039524233069906,0.00022791399896959774,0.08257389068603516,False
164,7510,0.09420506390536881,0.00022901000193087384,0.0826120376586914,False
165,7570,0.031151047874071303,0.00022003299818607047,0.08257389068603516,False
167,8164,0.08032767786188212,0.00023654300093767233,0.0825967788696289,False
171,1752,0.048374929459671145,0.00023761999909766018,0.0825662612915039,False
172,5477,0.02365208517715356,0.00022991800142335705,0.0826120376586914,True
174,7296,0.005163744550119698,0.00022683000133838505,0.0826120376586914,False
176,2918,0.0024458183088924557,0.00023102900013327599,0.0826120376586914,False
177,7516,0.029882034168915883,0.00023178999981610104,0.08258914947509766,False
178,8855,0.1599045545776824,0.0002296270031365566,0.08260440826416016,False
179,758,0.2693610708235473,0.0002255589970445726,0.0826120376586914,False
180,4939,0.037072251745467424,0.00022531699869432487,0.08261966705322266,False
181,1854,0.04363722469809783,0.00023616299949935637,0.08260440826416016,False
183,1782,0.029703488883009638,0.00022948900004848838,0.08260440826416016,False
184,7781,1.6893242744262138,0.00022370400256477296,0.08261966705322266,True
186,3098,0.02898315865423747,0.0002293130019097589,0.08261966705322266,False
187,2318,0.5213484989952049,0.000228280001465464,0.0825967788696289,False
188,2918,0.07216752481508504,0.0002273030004289467,0.0826120376586914,False
189,5273,0.027791664924160343,0.00022278200049186125,0.08260440826416016,False
191,7271,0.06478956105340306,0.0002622859974508174,0.08257389068603516,False
193,1307,0.04244930789058021,0.00024619600299047306,0.08257389068603516,False
195,5353,0.11011300478873154,0.00024074899920378812,0.08261966705322266,False
198,7168,0.26195756560855227,0.00026014800096163526,0.08261966705322266,False
199,7510,0.3305008435127505,0.00023478100047213957,0.08258914947509766,False
200,7640,0.008630466582471796,0.0002286589988216292,0.08261966705322266,False
202,6582,0.4523402181535387,0.00022368999998434447,0.08260440826416016,False
205,4256,0.21475088139694898,0.00023031300224829465,0.08260440826416016,True
207,6519,0.038595095248060485,0.00024261599901365116,0.0825815200805664,False
208,7614,0.038248159669192705,0.0002229490019090008,0.08260440826416016,False
209,364,0.07673553157871735,0.0002235850006400142,0.08257389068603516,False
212,8579,0.005240594046712843,0.00022958800036576577,0.0826120376586914,False
215,7781,2.694060346150471,0.00023678899742662907,0.08261966705322266,True
218,1620,0.13225921298133747,0.0002489789985702373,0.08261966705322266,False
219,1807,0.038525803564562866,0.00026833499941858463,0.08260440826416016,False
220,7159,0.7699156522757806,0.00022375499975169078,0.08260440826416016,False
221,2918,0.05449663259707016,0.00022422300025937147,0.0826120376586914,False
222,6233,0.07349948240468467,0.00022300699856714346,0.08260440826416016,False
224,1867,0.08609302781680528,0.00023724700076854788,0.08260440826416016,False
233,6606,0.09363094122167795,0.000227747001190437,0.0826120376586914,False
235,3035,0.25972959791502304,0.00022519100093632005,0.08260440826416016,False
236,7140,0.2283331918791466,0.0002437069997540675,0.08261966705322266,False
237,7561,0.00462941732138622,0.00023427000269293785,0.08258914947509766,False
240,1867,0.09621794773863643,0.00022963399896980263,0.08260440826416016,False
241,6572,0.20922311297395163,0.00022531099966727197,0.08260440826416016,False
242,6176,0.1582270312433039,0.00024957900313893333,0.0825967788696289,False
243,1855,0.07145134295169117,0.00022576800256501883,0.08260440826416016,False
244,2894,0.018845557311818195,0.00022285100203589536,0.0825967788696289,False
245,8751,7.528854909261595,0.00022275499941315502,0.0826272964477539,False
248,2918,0.10128846775488043,0.0002307069989910815,0.08261966705322266,False
250,8508,0.039240552001827744,0.00022331899890559725,0.0825815200805664,False
251,8380,0.0474351817236601,0.00024222399952122942,0.0826120376586914,False
252,1568,0.11176065102308883,0.0002400960001978092,0.0825815200805664,False
254,7718,0.06484435208638367,0.00022824999905424193,0.08261966705322266,True
255,7614,0.005112787170658772,0.00025663899941719137,0.0826120376586914,False
256,1743,0.08708103368660547,0.00024043500161496922,0.08260440826416016,False
257,3103,0.007275909480279577,0.0002337200021429453,0.0826120376586914,False
259,5439,0.004214934926529024,0.00024807400041026995,0.08255863189697266,True
260,6544,0.04018321571095923,0.00023897800201666541,0.0826120376586914,False
263,1855,0.09766299096672848,0.00022332899970933795,0.0826120376586914,False
265,2918,0.17769113595425878,0.00022466999871539883,0.08261966705322266,False
266,1237,0.13696927725490626,0.00023138899996411055,0.0825662612915039,False
268,2918,0.226367029726239,0.00024291599766002037,0.0826120376586914,False
269,1855,0.06405292032081467,0.00023159700140240602,0.0825815200805664,False
270,7718,0.036548930341954035,0.00022516199896926992,0.08261966705322266,True
272,4285,0.28757926391552896,0.00022214199998416007,0.0825662612915039,True
273,1237,0.033023909653830175,0.00023363199943560176,0.08260440826416016,False
274,6176,0.1582270312433039,0.00022230000104173087,0.0825967788696289,False
277,6519,0.01914455072872201,0.0002178940012527164,0.0825357437133789,False
279,7345,0.04002457826332506,0.0002244019997306168,0.0826120376586914,False
280,7428,0.3579607606389306,0.00022862399782752618,0.08260440826416016,False
282,7425,0.125502318211836,0.00022553300004801713,0.08260440826416016,False
285,2391,0.1540724878935582,0.00021919400023762137,0.08246707916259766,False
286,2865,0.33068033318746426,0.0002685510007722769,0.0826120376586914,False
287,6544,0.010926343111152113,0.0009328189989901148,0.08260440826416016,False
289,7562,0.25492374379478716,0.0002487420024408493,0.08257389068603516,False
290,2918,0.1954702927191212,0.00024235499950009398,0.08261966705322266,False
292,6635,0.27693231219505204,0.0002419439988443628,0.08254337310791016,False
294,5142,0.41125910385221154,0.00022938300025998615,0.0826120376586914,False
299,2814,0.0817445435148226,0.00024325800040969625,0.08260440826416016,False
303,5554,0.029705908932231795,0.00022601399905397557,0.08258914947509766,True
305,6223,0.10843740574466276,0.0002306140013388358,0.0826120376586914,False
306,6572,0.2389370013093429,0.0002280789994983934,0.08260440826416016,False
309,8542,0.057891875482490085,0.0002279680011270102,0.08260440826416016,False
313,2061,5.142623375432983,0.0002265619987156242,0.0826120376586914,False
315,2847,0.31493829597764256,0.00022408899894799106,0.08261966705322266,False
316,2918,0.279055521912583,0.0002399039985903073,0.0826120376586914,False
317,1877,0.004446555770146965,0.0002462779993948061,0.0826120376586914,False
318,8508,0.02230683672114342,0.00022772000011173077,0.0825967788696289,False
319,8863,0.03971849455077797,0.00024127399956341833,0.0826120376586914,False
323,3103,0.007275909480279577,0.00022275399896898307,0.0826120376586914,False
327,7343,0.08599484377454492,0.00022204000197234564,0.0826120376586914,False
328,3631,0.11146322538851705,0.00022512999930768274,0.0825967788696289,False
329,7311,0.008724029199239314,0.000261646000581095,0.0825662612915039,False
331,2723,0.06107115729812218,0.00022783299937145784,0.08254337310791016,False
332,2918,0.07490045196693629,0.00022614899717154913,0.08261966705322266,False
333,5252,0.13016911276816756,0.0002891080002882518,0.0826120376586914,False
334,3568,0.04074132945885696,0.000228895998588996,0.0825357437133789,False
337,7511,0.2749880672263777,0.00024412999846390449,0.0826120376586914,False
338,2927,0.5532655820717605,0.00024115899941534735,0.0826272964477539,False
343,5999,0.5541728543335009,0.00022340600116876885,0.08255863189697266,False
346,2374,0.022411952070864216,0.00022464599896920845,0.0825510025024414,False
349,5991,0.11399251361569185,0.00021915099932812154,0.08255863189697266,False
351,7562,0.09320196816173565,0.0002509829973860178,0.08261966705322266,False
353,1180,0.16828776472693363,0.0002606659982120618,0.0825967788696289,False
354,7283,0.06249054745297222,0.000237745996855665,0.08260440826416016,False
355,7499,0.11074452706285476,0.00023189599960460328,0.0825967788696289,False
359,7499,0.20106761594485426,0.00022830300076748244,0.08258914947509766,False
360,2814,0.039997199803822034,0.00022691299818689004,0.08260440826416016,False
363,329,0.07986671657879123,0.00022158800129545853,0.08255863189697266,False
366,2814,0.26677660631321265,0.00023660800070501864,0.0825967788696289,False
367,8510,0.15356190960440375,0.0002918249992944766,0.0825510025024414,False
368,3046,0.08515672814520733,0.00022545899992110208,0.08258914947509766,False
369,2475,0.08839332827440927,0.00022994599930825643,0.08257389068603516,False
372,7456,0.03727163682055634,0.00024350500098080374,0.0825510025024414,False
374,1030,0.03869149505694732,0.00023221400260808878,0.0825815200805664,False
375,1568,0.1346893971002551,0.00024074199973256327,0.0825815200805664,False
376,2061,0.07667734434130669,0.00026644099853001535,0.0826120376586914,False
378,7516,0.034701766993147753,0.00022451200129580684,0.0826120376586914,False
380,479,0.13176968743136885,0.00024036300237639807,0.08255863189697266,False
382,7318,0.03701701796672424,0.00022352900123223662,0.08258914947509766,False
383,1568,0.17314060822930646,0.0002282269997522235,0.08258914947509766,False
384,3631,0.5620904469558475,0.00022780099970987067,0.08254337310791016,False
385,7891,0.050295486924216065,0.00022425299903261475,0.0825815200805664,False
386,6606,0.3025795332211416,0.0002547189978940878,0.08257389068603516,False
388,1782,0.05733554334197821,0.0002224060008302331,0.0825815200805664,False
390,7428,0.002882449059239567,0.0002314529992872849,0.0825815200805664,False
391,7562,0.12740216139477956,0.00024993799888761714,0.08258914947509766,False
394,7425,0.10820320265577918,0.00023625000176252797,0.0825967788696289,False
400,8025,0.11722280779093247,0.00022375299886334687,0.0826120376586914,False
402,7499,0.16058908297689845,0.00022404999981517904,0.0825967788696289,False
403,7559,0.016405017392585153,0.00022212000112631358,0.08258914947509766,False
407,7428,0.5584616156060067,0.0002255830004287418,0.0825815200805664,False
408,7428,0.12773613755269222,0.00022041299962438643,0.08258914947509766,False
409,7271,0.0691080814936571,0.00026028100182884373,0.0825967788696289,False
411,1117,0.03093427788439719,0.00021932199888397008,0.08255863189697266,False
412,7318,0.034365845537654816,0.00023836100081098266,0.08258914947509766,False
415,1897,0.0198133642207301,0.0002216240027337335,0.0825815200805664,False
417,3131,0.07525876988453395,0.00023686700296821073,0.08261966705322266,False
418,7468,0.04339061775662187,0.00024493799719493836,0.08260440826416016,False
419,5071,0.043502412536654135,0.00024212399875978008,0.0826120376586914,False
420,7318,0.02703526706762746,0.00022375900152837858,0.08258914947509766,False
421,7562,0.35151993445915497,0.00023399600104312412,0.08258914947509766,False
422,7487,0.06424176888367672,0.0002663810009835288,0.0825967788696289,False
423,3631,0.11368001109954645,0.00022811199960415252,0.0825967788696289,False
424,2723,0.0430047645321614,0.00023707999935140833,0.0825815200805664,False
425,2417,0.0823711383836403,0.00025814200125751086,0.08255863189697266,False
430,4033,0.04458176098538669,0.0002451150030537974,0.0825357437133789,False
431,7318,0.08144963314700135,0.00022475300283986144,0.08258914947509766,False
432,5439,0.15977116976077643,0.00022791599985794164,0.08258914947509766,False
435,7627,0.055245440278169466,0.00022340999930747785,0.08261966705322266,False
436,7456,0.10556732118320555,0.00024830700203892775,0.08258914947509766,False
437,6519,0.10216771258954038,0.0002170389998354949,0.08252811431884766,False
439,7429,0.0806909459594305,0.00022592700042878278,0.0825967788696289,False
440,1746,0.0824696701690617,0.0002223129995400086,0.0825662612915039,False
442,1782,0.06496937027953908,0.00022819799778517336,0.08260440826416016,False
443,482,0.10833169409679735,0.00023411999791278504,0.0825815200805664,False
447,7411,0.029481448921152564,0.0002233439990959596,0.08260440826416016,False
448,6059,0.017635368011564567,0.00022001800243742764,0.08255863189697266,False
449,2939,0.062069380235557164,0.0002272160018037539,0.08261966705322266,False
458,1307,0.005515037042855941,0.00022497600002679974,0.0826120376586914,False
459,1310,0.0010296301790883589,0.00022915199951967224,0.0825815200805664,False
460,1829,0.04020407568084611,0.00023158399926614948,0.08260440826416016,False
462,1568,0.1984884937375433,0.00022668699966743588,0.0826120376586914,False
465,2308,0.12223549549198037,0.00023186299949884415,0.0825815200805664,False
466,7614,0.09191885422578205,0.00024249899797723629,0.0826120376586914,False
468,6874,0.008135544294956928,0.00023074199998518452,0.08260440826416016,False
470,424,0.019283973239019314,0.0002344209970033262,0.08258914947509766,False
471,8871,0.01785932376867072,0.0002228659977845382,0.08257389068603516,False
472,7718,0.07749856085228934,0.0002388399989285972,0.08261966705322266,False
473,7271,0.09627717138399117,0.00022497099780594,0.0826120376586914,False
475,8452,0.013578219199076091,0.00024255500102299266,0.08257389068603516,False
478,8751,7.5075965647867555,0.0002247320007882081,0.0826272964477539,False
479,1855,0.12072861889791525,0.00022624999837717041,0.08260440826416016,False
480,6572,0.284945625910287,0.00023252900064107962,0.0826120376586914,False
484,7318,0.0788269268481176,0.00023630600117030554,0.0826120376586914,False
485,7383,0.18584089026589706,0.0002309379997313954,0.0826120376586914,False
488,1897,0.07660361829759132,0.00022222800180315971,0.08260440826416016,False
490,5488,0.029950639300310333,0.0002252869999210816,0.08258914947509766,False
494,1545,0.42014935904064127,0.00023585900271427818,0.0824899673461914,False
497,7432,0.04683756617852797,0.0002372249982727226,0.08260440826416016,False
498,1730,0.003435466899648798,0.0002222319999418687,0.08257389068603516,False
499,2814,0.2601217057242065,0.00022507500034407713,0.08261966705322266,False
501,462,0.26655604605593597,0.0010602219990687445,0.08258914947509766,False
502,2814,0.01997723586418948,0.0002250990000902675,0.08261966705322266,False
505,1527,0.19881660839045986,0.0002493350002623629,0.0824747085571289,False
507,7614,0.02711642955121374,0.0002298480030731298,0.0826120376586914,False
509,7318,0.06478065072998773,0.000225882999075111,0.0826272964477539,False
510,6978,0.13715013888553365,0.0002238769993709866,0.08260440826416016,False
512,4196,0.4142373005385043,0.00022394700135919265,0.08257389068603516,False
516,7345,0.11567980651751153,0.00027767200299422257,0.0824594497680664,False
517,7311,0.008113802139154136,0.00022267800159170292,0.0825052261352539,False
519,6748,0.013549465562706114,0.00022220999744604342,0.08258914947509766,False
521,5078,0.006744163485113364,0.0002395510018686764,0.08255863189697266,False
524,4116,0.2444599484809331,0.00020798299738089554,0.0823984146118164,False
527,4156,0.077332925212621,0.00023332999990088865,0.0825967788696289,False
531,4504,0.07842466585431751,0.0002466289988660719,0.08248233795166016,False
532,7781,0.11728150567313188,0.00024272500013466924,0.08261966705322266,False
536,4589,0.28955380314423873,0.00020733600103994831,0.08237552642822266,False
538,1944,0.10885400861349726,0.00021795700013171881,0.0825052261352539,False
540,5294,0.011057952302234497,0.00022299600095720962,0.08255863189697266,False
542,5539,0.08854445738400263,0.0002234090025012847,0.0824136734008789,False
545,8331,0.007591252378787005,0.00023298499945667572,0.0825815200805664,True
546,1382,0.005562621816907809,0.00022218199956114404,0.08258914947509766,True
547,3978,0.04872882275374679,0.0002291310011059977,0.08255863189697266,False
548,3932,0.007468942103819209,0.00022532100047101267,0.08252811431884766,False
549,2429,0.025309751082050358,0.00023058099759509787,0.08257389068603516,False
551,4501,0.05516910657897567,0.00022307200197246857,0.0825815200805664,False
553,1304,0.09905366091819179,0.0002222359980805777,0.0825357437133789,True
556,4688,0.03451806997360718,0.0002209150006819982,0.0825204849243164,True
557,6349,0.004646470448748358,0.00024221299827331677,0.0826120376586914,False
558,6187,0.09769809059098436,0.00023563100330648012,0.08255863189697266,False
560,4446,0.3882424664058677,0.00021458400078699924,0.08246707916259766,False
561,6754,0.04311674407044766,0.00024127999859047122,0.0825967788696289,False
562,8863,0.0763212393104834,0.000229540000873385,0.0825357437133789,True
563,4586,0.03561151439802074,0.0002207630022894591,0.08248233795166016,False
565,4598,0.004242043141697627,0.00023700000019744039,0.0825052261352539,False
567,2194,0.02278759400967445,0.00023222199888550676,0.08255863189697266,False
571,496,0.0026125859572309063,0.00018717200146056712,0.08214664459228516,False
572,5439,0.03508662817343966,0.0001933780004037544,0.08219242095947266,False
574,364,0.02842488092445694,0.00018575600188341923,0.0820932388305664,False
582,3110,0.06496736661584258,0.00021877999824937433,0.08251285552978516,False
588,4512,0.03624006840568462,0.00022012900080881082,0.08249759674072266,False
592,4024,0.04104169537381491,0.00022958399858907796,0.0825204849243164,False
597,6959,0.06022722279304463,0.00022615900161326863,0.08255863189697266,False
599,7946,0.10143025306235776,0.0002443920020596124,0.08260440826416016,False
601,4047,0.027164104358718077,0.0002273739992233459,0.08254337310791016,False
603,4614,0.0181447944418537,0.0002262859998154454,0.0825510025024414,False
604,3794,0.08684397779931774,0.0002257209998788312,0.08258914947509766,False
605,8593,0.09464786908009071,0.00022733700097887777,0.08258914947509766,False
606,1596,0.04625327599135609,0.000237430002016481,0.0825815200805664,False
607,5294,0.02287712406466029,0.0002275260012538638,0.0826120376586914,False
609,7456,0.010788601893298555,0.00023230299848364666,0.08257389068603516,False
610,4009,0.039714331077787435,0.00022961400100030005,0.08260440826416016,False
612,7425,0.08689385197247076,0.00024100900191115215,0.0825967788696289,False
614,4083,0.13425268367754642,0.00023645900000701658,0.0826272964477539,False
617,3081,0.16273472212205586,0.00022467799863079563,0.08260440826416016,False
618,334,0.03302631973611225,0.00022656099827145226,0.0826120376586914,False
619,7958,0.08413353322146211,0.00025568999990355223,0.08251285552978516,False
620,1988,0.22566906384744012,0.000228205000894377,0.08258914947509766,False
621,3552,0.01824689273390212,0.0002112160000251606,0.08246707916259766,True
623,8411,0.061174796287151834,0.00021020599888288416,0.0824441909790039,True
624,8391,0.11480934142876564,0.00023916399732115678,0.08257389068603516,True
625,2261,0.13927431293991677,0.0002279250002175104,0.08251285552978516,False
626,4059,0.038842312176168736,0.0002236440013803076,0.08249759674072266,False
629,1952,0.10246458882466669,0.00025240999821107835,0.08258914947509766,False
631,6404,0.0887927664827827,0.00022702899877913296,0.0825662612915039,False
632,1901,0.0985134522015445,0.00022787700072512962,0.0826120376586914,False
633,4844,0.027790019842856895,0.00021235500025795773,0.08246707916259766,True
634,5226,0.03376577441559192,0.0002333330012334045,0.0825967788696289,False
635,6005,0.043318105963873754,0.00022436899962485768,0.08249759674072266,True
636,3713,0.09680191570429414,0.00021935799668426625,0.08248233795166016,True
639,2976,0.23090835647086383,0.000227292999625206,0.0826272964477539,True
641,2994,0.10339379324106379,0.0002205519995186478,0.08237552642822266,True
642,3716,0.10187403258039252,0.00021700200159102678,0.08248233795166016,True
644,8613,0.09132411042160554,0.0002318760016351007,0.08258914947509766,False
650,1399,0.21906218067158112,0.00021919000209891237,0.08254337310791016,True
651,424,0.0032606049427974515,0.000204533997020917,0.08228397369384766,False
654,1128,0.38123750652507216,0.00021031700089224614,0.08236026763916016,True
655,3365,0.041807053993901055,0.0002317649996257387,0.0825815200805664,False
656,4501,0.014600660583360625,0.00019279099797131494,0.08222293853759766,False
660,2318,0.6449561175413068,0.00021164699865039438,0.08245182037353516,False
662,3139,0.012888857487199035,0.0002188440012105275,0.08255863189697266,False
663,3102,0.0246126412590435,0.0002182889984396752,0.08251285552978516,False
672,5961,0.034071828574547915,0.000237967000430217,0.0825357437133789,False
673,2056,0.006582129688556204,0.00022558199998456985,0.0825052261352539,False
674,6748,0.009678990162860918,0.00022265899679041468,0.08258914947509766,False
675,8411,0.11297250752984174,0.0003209650021744892,0.0825815200805664,True
677,4568,0.004424533775124306,0.0002268290008942131,0.0825510025024414,False
678,4160,0.03785154035099531,0.0002505650008970406,0.0825662612915039,False
680,4394,0.3298363451845798,0.0002442400000290945,0.08252811431884766,False
683,5455,0.18736570624414345,0.0002443080011289567,0.0826120376586914,False
685,1926,0.07521125386838379,0.00022558799901162274,0.08252811431884766,False
686,7856,0.1527176349921353,0.00022569999782717787,0.08258914947509766,False
687,397,0.02581752867990139,0.00023127299937186763,0.0823831558227539,False
688,4589,0.05299896631842864,0.0002711569977691397,0.0824289321899414,False
690,8751,0.02031503917237537,0.0002196749992435798,0.0825662612915039,False
693,4009,0.0069591253258992625,0.00023925999994389713,0.0825357437133789,False
694,4908,0.009780290500825184,0.00023513699852628633,0.08258914947509766,True
698,6544,0.049720572114848816,0.0002436720023979433,0.0824747085571289,True
700,6519,0.039210826504590734,0.00026697399880504236,0.0825204849243164,True
703,1568,0.12187505802429643,0.00023420499928761274,0.0825967788696289,False
704,3657,0.030114220437119008,0.00021227799879852682,0.0823678970336914,True
706,7856,0.10829544463971108,0.0002937059980467893,0.0824899673461914,False
708,7856,0.0696031308398175,0.00022795000040787272,0.0825052261352539,False
710,7232,2.02499358673912,0.00023763100034557283,0.08255863189697266,True
712,975,0.03683269329923111,0.00021887199909542687,0.0825510025024414,False
713,4643,0.2122952130479673,0.00023008600328466855,0.0825815200805664,False
714,412,0.010723028623163239,0.00023637199774384499,0.08257389068603516,False
716,4278,0.4714647579977833,0.0002345100001548417,0.08258914947509766,False
717,1390,0.0543139892234252,0.00022297399846138433,0.08257389068603516,True
718,4497,0.03812211374628921,0.00022043399803806096,0.0824289321899414,False
720,4579,0.018046514801752955,0.0002075869997497648,0.08239078521728516,False
722,1952,0.025796479424463503,0.00023394400341203436,0.0825357437133789,False
723,2109,0.044002840574760116,0.00023626999973203056,0.0825357437133789,False
724,7513,0.003432255512642257,0.00022290600099950098,0.08255863189697266,False
727,3833,0.0850434970774776,0.00022698800239595585,0.0825967788696289,False
730,8271,0.719244340956552,0.00021340099920053035,0.0824594497680664,True
731,4525,0.002203821799961675,0.0002352900010009762,0.08257389068603516,False
733,424,0.0022685589623820945,0.00022253299903240986,0.0825510025024414,False
736,6404,0.026336418297527968,0.0002245499999844469,0.0826120376586914,False
737,3414,0.05652351087945273,0.0002231130019936245,0.0825662612915039,False
738,4552,0.07614265664046194,0.00021849399854545482,0.0825052261352539,False
740,3926,0.03878996704944346,0.00021303899848135188,0.0824594497680664,False
742,5899,0.027789195040552883,0.00023752800188958645,0.0825815200805664,False
743,8607,0.023674210702047227,0.00024513400057912804,0.0824594497680664,False
745,6237,0.008589621378004328,0.00022202600302989595,0.0826120376586914,False
746,4512,0.005759725844003083,0.00021778199879918247,0.0824899673461914,False
747,879,0.01121583906815632,0.00022402199829230085,0.0826120376586914,False
748,2424,0.08099128418766899,0.00021817999731865712,0.0824289321899414,False
751,2374,0.0025180682123281395,0.00032900999940466136,0.08243656158447266,False
754,1054,0.01905400207157628,0.00022498500038636848,0.0826120376586914,False
756,5670,0.049168511137170134,0.00021407000167528167,0.08246707916259766,False
757,2429,0.05004511711052284,0.0002258950007671956,0.08251285552978516,False
758,7351,0.11992726176499757,0.0002245819996460341,0.0825204849243164,False
763,941,0.0005567468875816092,0.0002226169999630656,0.08261966705322266,False
764,2426,0.3297177577399947,0.00021085800108266994,0.0824594497680664,False
765,312,0.027882979995961232,0.00022676099979435094,0.08248233795166016,False
767,4014,0.1767043953148827,0.00021391900008893572,0.08243656158447266,False
768,8539,0.01721690054119418,0.0002142670018656645,0.0824136734008789,False
771,327,0.033538577319979,0.00023647600028198212,0.0824594497680664,False
773,3978,0.02476912282728716,0.0002469140017637983,0.0824594497680664,False
774,3926,0.037305541176032186,0.00022015599824953824,0.0824289321899414,False
775,370,0.11746990091776865,0.00022026399892638437,0.08248233795166016,False
777,4832,0.03528202280860139,0.00022308400002657436,0.08260440826416016,False
778,5658,0.024466666032100737,0.0002258989989059046,0.08249759674072266,False
779,4517,0.02819552897267108,0.00021791999824927188,0.0824899673461914,False
780,4501,0.004254505512112594,0.00022885200087330304,0.08246707916259766,False
781,8463,0.05129320975780649,0.00022548000197275542,0.08252811431884766,False
782,4908,0.007558083012709993,0.00022450599863077514,0.0826120376586914,False
784,1527,0.05122748578814724,0.00022430600074585527,0.0825662612915039,False
787,2953,0.21718590482552358,0.00023622799926670268,0.0825357437133789,False
788,4525,0.08416408501376987,0.0002234799976577051,0.0824594497680664,False
789,1667,0.06481058970575077,0.00024809599926811643,0.0824289321899414,False
791,4497,0.06295699171216818,0.00023540500114904717,0.0824289321899414,False
792,8710,0.010010787325425877,0.00022474900106317364,0.0825967788696289,False
795,8452,0.009645844298890316,0.00021770199964521453,0.08245182037353516,False
796,162,0.065868429924047,0.00025147999986074865,0.08261966705322266,False
798,399,0.03718092521930372,0.0002137180017598439,0.08248233795166016,False
800,3541,0.14242038828179684,0.0002451330001349561,0.0826120376586914,False
805,1901,0.05417086368984092,0.00021770699822809547,0.0824899673461914,False
806,2497,0.05136440640726769,0.0004935889992339071,0.0824747085571289,False
809,4716,0.001933612391640089,0.00022817499848315492,0.0826120376586914,False
812,1731,0.040175259110433625,0.00022633199841948226,0.08249759674072266,False
816,4512,0.010284038537845541,0.00023943300038808957,0.0824289321899414,False
817,6655,0.03823364905871773,0.00024043899975367822,0.0825662612915039,False
819,8542,0.0026901951345171815,0.00021996700161253102,0.0824899673461914,False
825,327,0.01519381959727184,0.00021556099818553776,0.0824747085571289,False
829,3568,0.04568808405764845,0.0002269180004077498,0.08257389068603516,False
830,433,0.03718171420156424,0.00023562400019727647,0.0825052261352539,False
831,7153,0.06078940387448162,0.00021632599964505062,0.08252811431884766,False
834,3374,0.08858088648492403,0.00022418200023821555,0.0826120376586914,False
835,5416,0.11271720513545747,0.00021840599947609007,0.0824899673461914,False
836,334,0.17757352084383626,0.0002152540000679437,0.0824594497680664,False
837,8402,0.032534262299088484,0.00030262799919000827,0.08254337310791016,False
838,4283,0.07117241232833352,0.0002238689994555898,0.08252811431884766,False
840,8508,0.0974237926968824,0.0004482459989958443,0.0825052261352539,False
843,364,0.02381046488555293,0.0004571639983623754,0.08249759674072266,False
844,312,0.0006428710996526643,0.00021864500013180077,0.0824289321899414,False
845,1168,0.23543408055909465,0.0002194619992224034,0.0825510025024414,False
846,8920,0.06639750839125212,0.00029462000020430423,0.0825815200805664,False
847,6024,0.05765729770718575,0.00023709400193183683,0.0825052261352539,False
848,4688,0.0656074458442566,0.00022316099784802645,0.08246707916259766,False
852,4009,0.01743554679247694,0.0002264989998366218,0.08245182037353516,False
853,2409,0.00887351202120057,0.00021966600252198987,0.08254337310791016,False
858,496,0.1429871478618104,0.00023337799939326942,0.08251285552978516,False
861,2413,0.031417428884706555,0.00021160599862923846,0.0824441909790039,False
862,1819,0.03346067721465619,0.0005867999971087556,0.0825662612915039,False
864,3660,0.029436291467800704,0.00022182199973030947,0.0825967788696289,False
868,4497,0.021801525029236823,0.00022233400159166194,0.0824747085571289,False
871,8535,0.020520622988829618,0.00021602099877782166,0.0824899673461914,False
872,4718,0.0339093219466341,0.00023526700169895776,0.0825815200805664,False
875,397,0.05296880582520913,0.00022641699979430996,0.08248233795166016,False
876,5416,0.034814041186096434,0.0002117650001309812,0.08243656158447266,False
878,310,0.011395472675893858,0.0002444180026941467,0.08248233795166016,False
879,310,0.18464774132863648,0.00023001500085229054,0.0824594497680664,False
881,1545,0.08916426758048711,0.0002182259995606728,0.08252811431884766,False
882,4512,0.09918154005362101,0.00021444300000439398,0.0824594497680664,False
884,399,0.2056945675031921,0.0002676510011951905,0.08248233795166016,False
888,5472,0.0002344355367727008,0.00022347300182445906,0.08260440826416016,False
889,4504,0.05157897473732609,0.00022272899877862073,0.0823984146118164,False
890,334,0.08255341426513585,0.00021121100144227967,0.0823984146118164,False
891,462,0.11099490139298662,0.00021377400116762146,0.08246707916259766,False
892,162,0.009216008388904805,0.00022419800006900914,0.08261966705322266,False
893,1707,0.015266674500652333,0.0002211780010838993,0.0824747085571289,False
894,5564,0.022481673896870925,0.00023592599973198958,0.08255863189697266,False
895,493,0.02146816068285262,0.00020970799960196018,0.08246707916259766,False
896,415,0.06332907621230943,0.00021620299958158284,0.08240604400634766,False
897,5539,0.027385366646909604,0.00022332300068228506,0.0824594497680664,False
898,1855,0.0033674895912328973,0.00022814700059825554,0.08251285552978516,False
902,5665,0.24685020983400868,0.00022414200066123158,0.0824441909790039,False
903,2452,0.14750516024237914,0.00022377200002665631,0.08249759674072266,False
904,6032,0.23107544965606586,0.00022414100021705963,0.08261966705322266,False
905,884,0.08563493455203383,0.00022498699763673358,0.0826120376586914,False
906,222,0.0908298765949791,0.0002255670005979482,0.08242130279541016,False
907,312,0.01131984478935455,0.00021520399968721904,0.08245182037353516,False
908,4134,0.027382084500285293,0.00023232300009112805,0.08260440826416016,False
909,370,0.1868006340692525,0.00021892999939154834,0.08249759674072266,False
912,2790,0.2650023511092875,0.00029477399948518723,0.0825967788696289,False
913,5439,0.5360773850335264,0.0002239660025225021,0.0825510025024414,False
917,8579,0.03245767273464417,0.0002153269997506868,0.0824899673461914,False
918,8842,0.14798830416822611,0.00024325599952135235,0.08260440826416016,False
921,5186,0.0044972703981956234,0.00022595300106331706,0.0826120376586914,False
922,2918,0.41503346083736314,0.00022989799981587566,0.08261966705322266,False
923,8536,0.478911092780971,0.00023005100229056552,0.08246707916259766,False
926,7159,0.07703766034604187,0.00022041400006855838,0.0825662612915039,False
933,2475,0.19506103873173364,0.00021769099839730188,0.0824899673461914,False
935,479,0.005008825534280142,0.0002241040019725915,0.0824899673461914,False
936,2440,0.12419659073777367,0.00020814799790969118,0.08239078521728516,False
937,364,0.02450344770057743,0.00022207499932846986,0.0825204849243164,False
938,7176,0.036149490384134314,0.00021958800061838701,0.0825662612915039,False
943,3672,0.008025460636919161,0.0004497779991652351,0.08252811431884766,False
944,8593,0.005792190059384694,0.0002195410015701782,0.0824594497680664,False
950,1883,0.04672401496240708,0.00021338000078685582,0.08246707916259766,False
953,5416,0.027157366544427797,0.000223860999540193,0.0824899673461914,False
954,3797,0.004383277831895238,0.00024571799804107286,0.08249759674072266,False
955,2270,0.07301993720936462,0.00023258099827216938,0.0825357437133789,False
956,7433,0.05001322771113603,0.00024227399990195408,0.0825357437133789,False
960,5416,0.05712497898833946,0.000237355001445394,0.0825052261352539,False
964,5600,0.058621764124860976,0.0002140319993486628,0.0824594497680664,False
965,1599,0.04846054680187603,0.00022257599994190969,0.0825204849243164,False
966,433,0.0038546118481670444,0.00021973199909552932,0.0824441909790039,False
967,5539,0.1156722173300117,0.00021738600116805173,0.0824594497680664,False
968,6635,0.11499506927479594,0.00022597300267079845,0.08258914947509766,False
969,415,0.04131033792476113,0.0002295419981237501,0.08249759674072266,False
972,1613,0.005934555791097029,0.00022823600011179224,0.08248233795166016,False
974,8510,0.12860809227634173,0.0002227869990747422,0.0825510025024414,False
978,1019,0.047230348332544386,0.00024350299645448104,0.0826120376586914,False
979,1613,0.051237599709436754,0.00024852600108715706,0.08251285552978516,False
981,4501,0.0517299944489924,0.00021276899860822596,0.0824747085571289,False
983,39,0.013020765512540465,0.00024173400015570223,0.0826120376586914,False
986,2374,0.30506840334949437,0.0002144960017176345,0.0824594497680664,False
987,329,0.021601929247546607,0.00021073700190754607,0.08243656158447266,False
989,312,0.10939016355639386,0.00022795400218456052,0.0824747085571289,False
990,334,0.03385516300978075,0.00024182900233427063,0.08246707916259766,False
991,1613,0.016624050533127654,0.00022942400028114207,0.08249759674072266,False
992,452,0.05104052648141044,0.00022655200154986233,0.08246707916259766,False
993,4512,0.11339263747372841,0.00022004499987815507,0.08243656158447266,False
998,8459,0.0881525532117533,0.00021664700034307316,0.0824899673461914,False
1000,5763,0.0853115291844276,0.0002203209987783339,0.0825967788696289,False
1001,1667,0.09335128498479847,0.00021258999913698062,0.08246707916259766,False
1002,8508,0.027016230820990472,0.000261184002738446,0.0825052261352539,False
1004,397,0.034232934808373194,0.00021119700249982998,0.0824441909790039,False
1005,4027,0.007846789899923101,0.00021424000078695826,0.0824747085571289,False
1006,431,0.00024389158791673915,0.00022115300089353696,0.0824899673461914,False
1007,6243,0.22044413176323963,0.00022641699979430996,0.0826120376586914,False
1008,364,0.02333870592298189,0.00023430999863194302,0.08243656158447266,False
1011,1901,0.4553210733950721,0.00021616099911625497,0.0824899673461914,False
1013,8294,0.07583016714621604,0.00021531899983529001,0.08248233795166016,False
1014,496,0.03255740332527107,0.00021572900004684925,0.0824899673461914,False
1022,5670,0.05030776551313654,0.00021917699996265583,0.08246707916259766,False
1027,431,0.04946895784781788,0.00021988499793224037,0.0825052261352539,False
1028,29,0.06072444107285186,0.00022410900055547245,0.0826120376586914,False
1029,2452,0.12792718872212638,0.0002205520031566266,0.0824289321899414,False
1030,4512,0.012076579614334393,0.00022177500068210065,0.0824594497680664,False
1033,3942,0.06647317714324041,0.00021555100101977587,0.08248233795166016,False
1036,6148,0.05567741204883363,0.00022702400019625202,0.08261966705322266,False
1038,8308,0.0745363751802583,0.00020839900025748648,0.0824289321899414,False
1039,8294,0.07405179738579928,0.0002230969985248521,0.08249759674072266,False
1040,4047,0.031064481798352417,0.00021676400137948804,0.08246707916259766,False
1041,6279,0.058142842463273406,0.0002262110028823372,0.08261966705322266,False
1042,1545,0.15901704110345816,0.00022089800040703267,0.0825510025024414,False
1043,5793,0.0021696861078175714,0.00022940900089452043,0.0825815200805664,False
1044,6622,0.04362934410361206,0.0002204349984822329,0.0824899673461914,False
1045,5665,0.09057621661158893,0.00021489499704330228,0.08243656158447266,False
1046,6748,0.08901648968650665,0.00022700800036545843,0.08260440826416016,False
1050,5554,0.018147946490828293,0.00021965099949738942,0.08248233795166016,False
1056,2844,0.09615665632326859,0.00023168900224845856,0.08255863189697266,False
1060,1901,0.11539791751078216,0.00023295100254472345,0.08251285552978516,False
1063,7906,0.07049950836472607,0.00023196599795483053,0.08260440826416016,False
1064,6072,0.04718413603332708,0.0002289809999638237,0.0826120376586914,False
1067,3171,0.020127006574096856,0.00022418200023821555,0.0826120376586914,False
1070,6431,0.025985362406950402,0.00023628199778613634,0.08258914947509766,False
1071,4720,0.004825402513293747,0.00022839799930807203,0.08258914947509766,False
1072,3452,0.051938932209877886,0.00022055299996281974,0.0825815200805664,False
1073,6201,0.0036870001051737544,0.00022312900182441808,0.0825815200805664,False
1075,8765,0.0006717812674770229,0.00022268300017458387,0.0826120376586914,False
1076,4991,0.04664325883839959,0.00022978499691816978,0.0825662612915039,False
1077,1498,0.009956130269645147,0.00022609799998463131,0.08261966705322266,False
1078,6201,0.02250037392162421,0.00024297100026160479,0.08258914947509766,False
1079,6743,0.048485160327071286,0.000229690002015559,0.0826120376586914,False
1081,6810,0.03630355555968645,0.00022026999795343727,0.08258914947509766,False
1083,6695,0.0008097373184289547,0.00022254099894780666,0.0826120376586914,False
1085,3171,0.02196120915402716,0.0002223779993073549,0.0826120376586914,False
1086,7176,0.040406237244521546,0.00022268099928623997,0.0825662612915039,False
1087,5455,0.001688394725129272,0.0002257209998788312,0.0826120376586914,False
1088,5880,0.04069041713991339,0.0002379990000918042,0.08260440826416016,False
1089,5186,0.08328542280402468,0.0002578409985289909,0.0825662612915039,False
1091,6451,0.06572221957336363,0.000223327999265166,0.0825967788696289,False
1093,1045,0.01588125454309161,0.00024043200028245337,0.0825967788696289,False
1094,136,0.008761844681088121,0.00023176300237537362,0.0825815200805664,False
1095,3131,0.06261992130549388,0.0002434859998174943,0.08258914947509766,False
1096,846,0.09998708579328786,0.0002247520023956895,0.0826120376586914,False
1097,587,0.03753951281351586,0.0002133310008503031,0.08248233795166016,False
1099,5061,0.01268806852568305,0.00022833600087324157,0.08251285552978516,False
1101,1699,0.012921568716438112,0.00021382900013122708,0.0824594497680664,True
1103,4688,0.003740213140376092,0.00020764900182257406,0.08237552642822266,False
1109,5554,0.0019551533709059876,0.0002670819994818885,0.08237552642822266,False
1110,1424,0.05755611033924818,0.00022574800095753744,0.08258914947509766,False
1112,786,0.06341676629769179,0.00022287500178208575,0.08257389068603516,False
1116,7068,0.07712934776968691,0.0002285350019519683,0.08257389068603516,False
1117,8924,0.056006933532425536,0.0002625800007081125,0.08260440826416016,False
1118,5142,0.02047850139103069,0.0002645250024215784,0.08255863189697266,False
1119,865,0.021180733170558685,0.0002277329986100085,0.08257389068603516,False
1120,6341,0.03389818227760877,0.00022266000087256543,0.0826120376586914,False
1124,8663,0.016034044302693867,0.00022565499966731295,0.0826120376586914,False
1125,1472,0.022619445451097286,0.0002261400004499592,0.08260440826416016,False
1126,6243,0.037596996809214606,0.00022529399939230643,0.08260440826416016,False
1128,6243,0.007599656221050355,0.0002386919986747671,0.08260440826416016,False
1131,181,0.09873085570183177,0.00023250999947777018,0.0825815200805664,False
1132,3716,0.0029712409120935535,0.00022082099894760177,0.08257389068603516,False
1133,1410,0.010008182939157173,0.00022715500017511658,0.0825967788696289,False
1135,873,0.104270807278744,0.0002274309990752954,0.0826120376586914,False
1137,6691,0.11025736082056331,0.0002296880011272151,0.0826120376586914,False
1141,5472,0.002697277655574065,0.00022577299750992097,0.0826120376586914,False
1143,3485,0.013049429349138303,0.00022681399786961265,0.08258914947509766,False
1145,7781,0.013102634563872298,0.0002310939999006223,0.0824747085571289,False
1147,3564,0.036351791352702945,0.00022260900004766881,0.08257389068603516,False
1148,1237,0.030716429770696108,0.00022722900030203164,0.08257389068603516,False
1149,5763,0.01919941370710787,0.00022322099903249182,0.08258914947509766,False
1153,7153,0.023256348177681404,0.0002373690003878437,0.0825662612915039,False
1154,123,0.04024071225114498,0.00022381999951903708,0.08258914947509766,False
1156,6434,0.017273121786133494,0.00022475199875771068,0.0826120376586914,False
1161,2351,0.019282014758543464,0.00022522099970956333,0.08255863189697266,False
1163,1301,0.04841169892153637,0.00024097600180539303,0.0825815200805664,False
1164,2738,0.039142586834008064,0.0002212409999629017,0.08246707916259766,False
1165,7598,0.004526231797643429,0.00022049499966669828,0.0824747085571289,True
1166,8239,0.026756477782045707,0.00022447599985753186,0.0826120376586914,False
1168,4461,0.03761368448413327,0.00021933800235274248,0.08236026763916016,True
1170,4669,0.022907699930017268,0.0002240169997094199,0.0825967788696289,False
1172,6748,0.01505637862570318,0.00022786000045016408,0.08255863189697266,False
1177,1240,0.1435477736128985,0.00021998600277584046,0.08255863189697266,False
1179,1321,0.014875099166920314,0.0002256050029245671,0.0825662612915039,False
1180,1056,0.05592389467961548,0.00022429700038628653,0.0825815200805664,False
1181,5472,0.05039561436694992,0.0002214759988419246,0.0826120376586914,False
1186,1237,0.033948166258036316,0.0002334809978492558,0.0825815200805664,False
1187,6145,0.04946515170169416,0.00021746499987784773,0.0825662612915039,False
1188,3414,0.015364291728142465,0.0002295179983775597,0.08255863189697266,False
1189,4267,0.00755716327620648,0.00022417999934987165,0.08257389068603516,False
1192,1506,0.04856016106405444,0.00022361000083037652,0.0825510025024414,False
1194,6409,0.06628905318747796,0.00022932900174055248,0.0826120376586914,False
1195,5488,0.033822016743166206,0.00020669000150519423,0.0823221206665039,False
1197,8115,0.03415311582461933,0.0002907149973907508,0.08254337310791016,False
1202,4720,0.04926246707567766,0.0002217879991803784,0.0825815200805664,False
1204,2308,0.034601510816799214,0.00021467300030053593,0.08248233795166016,False
1207,5738,0.049394185772721144,0.00022520500351674855,0.0825815200805664,False
1208,6810,0.022402319693787517,0.00022057999740354717,0.08258914947509766,False
1211,5696,0.11501974414558824,0.0002037839985860046,0.0823373794555664,False
1213,13,0.11312361968937809,0.0002237049993709661,0.0825967788696289,False
1217,4973,0.01671067742091914,0.00022202800028026104,0.08252811431884766,False
1218,273,0.1052816174758226,0.00020733700148412026,0.0823373794555664,True
1219,765,0.10650753432484183,0.0002514000007067807,0.08258914947509766,False
1220,6756,0.022676644774298094,0.0002234860003227368,0.0826120376586914,False
1221,243,0.003344385443442177,0.00022243999774218537,0.0823678970336914,True
1222,6384,0.0146018047452946,0.00023142699865275063,0.0825967788696289,False
1223,5186,0.10787294722607116,0.0002206250028393697,0.08257389068603516,False
1224,8176,0.005312646744653371,0.00023322800188907422,0.0825967788696289,False
1225,6431,0.0012385320417740153,0.0002472199994372204,0.08260440826416016,False
1226,3932,0.009101387176532083,0.00021157900118851103,0.0823984146118164,True
1227,5600,0.0013201366864006303,0.0002051720002782531,0.08232975006103516,False
1228,765,0.018679502130328984,0.00025241000184905715,0.08258914947509766,False
1229,6347,0.010477959072117881,0.0002244850002171006,0.08260440826416016,False
1233,8674,0.0006151790927576006,0.00024544000189052895,0.0826120376586914,False
1234,6743,0.09017855584944406,0.00023561500347568654,0.08261966705322266,False
1237,2175,0.13523721028765845,0.00022888200328452513,0.0824594497680664,True
1242,6384,0.0011253256575243509,0.00022205399727681652,0.0825967788696289,False
1243,2572,0.07369381826531785,0.00022119200002634898,0.0825510025024414,False
1249,6519,0.1490529272293708,0.00022971399812377058,0.0825357437133789,False
1250,7005,0.006734857035278541,0.00023460100055672228,0.08260440826416016,False
1259,5329,0.05020802043677508,0.00021757700233138166,0.08254337310791016,False
1261,399,0.031776509312237966,0.00020945199867128395,0.08240604400634766,True
1262,2723,0.036489573383461926,0.00022486300076707266,0.0825815200805664,False
1264,6189,0.03751015581997644,0.00025900900072883815,0.0825967788696289,False
1265,5670,0.22694455828972426,0.00021740000011050142,0.08237552642822266,False
1267,5313,0.10800249244721538,0.0002221630020358134,0.0825662612915039,False
1274,4669,0.062018470975286455,0.00022934899971005507,0.0825967788696289,False
1275,7074,0.00798545869082018,0.00022322000222629867,0.0826120376586914,False
1277,3495,0.006872015179551966,0.00021946699780528434,0.0825967788696289,False
1279,5416,0.02616944090845008,0.00020885299818473868,0.0823831558227539,False
1284,3484,0.018957391452634642,0.00022864299899083562,0.0825815200805664,False
1286,6694,0.010950643038631858,0.00023774899818818085,0.08260440826416016,False
1289,765,0.03414340592438598,0.000233047001529485,0.08258914947509766,False
1290,4688,0.018608257671795192,0.00019940400306950323,0.0822305679321289,False
1291,3537,0.018925715430568424,0.00022081800125306472,0.0826120376586914,False
1298,6186,0.004704134461248177,0.00022265200095716864,0.0825815200805664,False
1304,2440,0.09828866728038042,0.00023906400019768625,0.08251285552978516,False
1306,6406,0.05887351966493498,0.00022654399799648672,0.0826120376586914,False
1308,6032,0.05130616647754849,0.00022459300089394674,0.0826120376586914,False
1310,264,0.09580147157119667,0.00020768099784618244,0.0823678970336914,True
1311,399,0.14854242673957585,0.00021146599829080515,0.08242130279541016,True
1312,3610,0.02949345172082385,0.00024092400053632446,0.0826120376586914,False
1313,6067,0.025714031628707248,0.00022523900042870082,0.08260440826416016,False
1314,399,0.18483406896362453,0.00021067800116725266,0.08239078521728516,True
1315,6201,0.047831143314385094,0.00022469800023827702,0.08258914947509766,False
1316,2109,0.027592413995552262,0.0002154970025003422,0.08246707916259766,True
1317,4993,0.035767258848295236,0.00022393299877876416,0.08261966705322266,False
1318,7433,0.09412213019558724,0.00021522099996218458,0.08246707916259766,True
1319,6572,0.011149760645829954,0.00022776200057705864,0.0825204849243164,False
1320,6572,0.013698571526127024,0.00022009999884176068,0.0825357437133789,False
1321,4669,0.019433860441863033,0.00023363000218523666,0.0825815200805664,False
1323,4137,0.03496342809018479,0.0002335560020583216,0.08255863189697266,False
1326,5459,0.0656317555175156,0.00022339600036502816,0.0826120376586914,False
1327,6665,0.001282243899130009,0.00022761000218451954,0.0826120376586914,False
1329,7153,0.0421803125963357,0.00024119400040945038,0.0825967788696289,False
1335,1424,0.05711611135238456,0.00025280500267399475,0.08260440826416016,False
1336,6685,0.4225885439130456,0.00024507499983883463,0.0826120376586914,False
1337,5435,0.02115902583104734,0.00022326699763652869,0.08260440826416016,False
1339,5416,0.026966443103807913,0.00026441100271767937,0.0823068618774414,False
1343,4581,0.05499918577085561,0.00021588700110442005,0.08236026763916016,True
1344,8176,0.010107607137442937,0.00028282199855311774,0.0825967788696289,False
1348,6233,0.03639857138633307,0.00022227299996302463,0.08254337310791016,False
1349,1145,0.0178058092725637,0.0002316110003448557,0.08258914947509766,False
1351,5210,0.0008991175155321773,0.0002381490012339782,0.0825204849243164,False
1355,6818,0.03777569083427598,0.00023290199897019193,0.0825662612915039,False
1356,4973,0.005493443059283898,0.00023220200091600418,0.0825357437133789,False
1359,8319,0.054343934270686844,0.00022936200184631161,0.08261966705322266,False
1360,5793,0.02892162065878634,0.00022191699827089906,0.08254337310791016,False
1364,1168,0.0275448779941887,0.0002207689976785332,0.08255863189697266,False
1367,4586,0.0007479569316290458,0.00022097799956100062,0.08232975006103516,True
1371,4556,0.031248770246698143,0.00020073600171599537,0.0823068618774414,True
1372,6740,0.012916402353306128,0.00022514199736178853,0.08261966705322266,False
1375,1480,0.007098568206030498,0.00022896399968885817,0.0825662612915039,False
1377,4301,0.012860872747928659,0.00022589999935007654,0.0825967788696289,False
1378,136,0.07436458370501278,0.0002403699982096441,0.08258914947509766,False
1379,4908,0.05377680875082119,0.00021014500089222565,0.08236026763916016,False
1381,7929,0.07169264778452233,0.00026558399986242875,0.0825967788696289,False
1384,4988,0.0051995609895501005,0.0002014599995163735,0.0823373794555664,False
1385,6572,0.02155644528303524,0.0002202260002377443,0.08252811431884766,False
1389,4024,0.012124255182958343,0.00021057100093457848,0.08240604400634766,True
1391,1746,0.0016683379873404514,0.00020833099915762432,0.08243656158447266,True
1394,864,0.06615243364009715,0.0002325509994989261,0.08260440826416016,False
1395,4461,0.052309224114925335,0.00022252000053413212,0.0821695327758789,True
1400,6754,0.015636972087115786,0.00022554799943463877,0.0826120376586914,False
1401,3354,0.0012949025051911534,0.0002439560012135189,0.08258914947509766,False
1402,6148,0.0026825595760721632,0.00022353199892677367,0.08260440826416016,False
1405,6207,0.020485369447581725,0.00024164299975382164,0.08257389068603516,False
1406,4688,0.023037958797796243,0.00019863299894495867,0.08228397369384766,False
1407,4366,0.027580748943071304,0.000264770002104342,0.0823373794555664,True
1409,3484,0.0018593613637503392,0.00023682499886490405,0.0825967788696289,False
1411,5459,0.010175467566799323,0.00023537200104328804,0.0826120376586914,False
1412,5738,0.038695012328105155,0.00022366800112649798,0.08258914947509766,False
1413,6201,0.02957285255594802,0.00023359500119113363,0.0825815200805664,False
1414,2318,0.03054779399268348,0.00021396200099843554,0.08246707916259766,False
1418,2044,0.020497350797344716,0.00021252599981380627,0.0824594497680664,False
1419,6237,0.022541329617585038,0.00024176000079023652,0.0825357437133789,False
1420,5488,0.02611132651482839,0.00022632299805991352,0.08257389068603516,False
1426,5223,0.01725813002771559,0.00022590000298805535,0.08248233795166016,True
1428,1788,0.005950840147084004,0.00022979599816608243,0.0825815200805664,False
1430,6237,0.0305277227534812,0.00023198000053525902,0.0825662612915039,False
1431,1897,0.06257998110752094,0.00022709400218445808,0.08257389068603516,False
1432,5737,0.05899173006523284,0.00021808800011058338,0.08254337310791016,False
1437,4721,0.012019613881043334,0.00021041299987700768,0.08245182037353516,False
1442,1927,0.032754965542284076,0.000231562000408303,0.0825052261352539,False
1445,8277,0.000721445176019242,0.00021793099949718453,0.0824747085571289,False
1446,3182,0.07530528109871479,0.0002475319997756742,0.0825510025024414,False
1448,8035,0.05341835758303015,0.00022490700212074444,0.08258914947509766,False
1449,1860,0.023680302665570776,0.00021763900076621212,0.08251285552978516,False
1450,1988,0.06150757734797496,0.00021056100013083778,0.0823984146118164,False
1451,5971,0.056617365511376416,0.0003004669997608289,0.08248233795166016,False
1454,8486,0.02386266523112345,0.00022688899844069965,0.08257389068603516,False
1463,4042,0.02275672184426858,0.00022770600116928108,0.0825815200805664,False
1465,4009,0.11169127765349796,0.00022989799981587566,0.0825662612915039,False
1468,2374,0.009988138716394729,0.0002264359973196406,0.0824747085571289,True
1473,8542,0.05874722816773778,0.00022133299717097543,0.0825510025024414,False
1474,6803,0.1792546027819657,0.00023181199867394753,0.0825815200805664,False
1477,953,0.0042722879684621295,0.00022890300169819966,0.0825662612915039,False
1479,986,0.0343484493194782,0.00021528999786823988,0.08249759674072266,False
1481,3968,0.08509902886560938,0.00023628400231245905,0.08255863189697266,False
1483,462,0.08032535650972086,0.00035399199987296015,0.08254337310791016,False
1485,2871,0.22942610598217456,0.00021863899746676907,0.0824594497680664,False
1489,6233,0.032831942906275696,0.0002141799996024929,0.0825204849243164,False
1492,1246,0.015293738839424916,0.0002118539996445179,0.08248233795166016,False
1493,1054,0.01612305092962374,0.00023033899924485013,0.0826120376586914,False
1495,6756,0.04904161377454136,0.00021781000032206066,0.08257389068603516,False
1498,6802,0.04983490517522993,0.00023063900152919814,0.08254337310791016,False
1499,2108,0.0062100093334157,0.00022095200256444514,0.08257389068603516,False
1500,6024,0.12933025825599487,0.0003126980009255931,0.0825204849243164,False
1501,4086,0.03285576853177151,0.0002172149979742244,0.08251285552978516,False
1502,5416,0.029838649966658304,0.000226186999498168,0.08255863189697266,False
1505,6024,0.07937449734662594,0.00023274999693967402,0.0825815200805664,False
1507,3833,0.10645245045571583,0.00022592499954043888,0.0825662612915039,False
1509,1743,0.20496780829918793,0.00025473800269537605,0.0825815200805664,False
1510,5620,0.047984898477397064,0.00026996800079359673,0.08255863189697266,False
1513,4345,0.054941182036168074,0.00022848300068289973,0.0825510025024414,False
1514,327,0.06588859031164773,0.00022631699903286062,0.08258914947509766,False
1516,7487,0.012548704461583071,0.00022396299755200744,0.0825815200805664,False
1517,8688,0.03569214986120797,0.00021375800133682787,0.0825204849243164,True
1520,5554,0.011087512759333396,0.00023016300110612065,0.0825510025024414,False
1521,7806,0.029450962960450376,0.0002276170016557444,0.08258914947509766,False
1522,13,0.06870316699054402,0.00022641299801762216,0.0825815200805664,False
1523,5394,0.005932806673434099,0.00022959199850447476,0.08252811431884766,False
1524,1731,0.02521219265413288,0.0002264139984617941,0.08258914947509766,False
1526,8459,0.1261051205572299,0.00023143300131778233,0.08254337310791016,False
1527,5416,0.05710244457221891,0.00022390699814422987,0.0825510025024414,False
1529,3681,0.06097717171616082,0.0002167550010199193,0.08257389068603516,False
1530,1674,0.023313023281689382,0.00022382600218406878,0.0825662612915039,False
1531,7562,0.05876772789582092,0.0002222379989689216,0.08255863189697266,False
1532,7283,0.003368063626029334,0.00023478699949919246,0.0825662612915039,False
1536,3660,0.14418226858694422,0.00021576300059678033,0.08252811431884766,False
1538,1715,0.04144864110513313,0.00022606000129599124,0.08258914947509766,False
1539,559,0.014508899355976893,0.00023766599770169705,0.08252811431884766,False
1540,431,0.07553424897444345,0.0002243410017399583,0.0825815200805664,False
1541,1942,0.3630130027684011,0.00020242200116626918,0.0822610855102539,False
1542,7781,0.09116290156992066,0.00022074200023780577,0.0825510025024414,False
1543,3797,0.2017582700920886,0.00023719399905530736,0.0825815200805664,False
1547,645,0.001067721747113004,0.00023972599956323393,0.08248233795166016,False
1548,6233,0.010812716368641312,0.00022009899839758873,0.0825662612915039,False
1551,1674,0.03201112203670187,0.0002251820005767513,0.0825815200805664,False
1552,3631,0.23427125514289387,0.00022328699924401008,0.0825815200805664,False
1555,3108,0.05492183293145754,0.0002654310010257177,0.08251285552978516,False
1560,3487,0.05802260537828381,0.00022234399875742383,0.0825967788696289,False
1562,364,0.17849139672101316,0.00024552099785069004,0.08257389068603516,False
1568,3827,0.031159431339302657,0.00023242400129674934,0.0825815200805664,False
1570,7296,0.03364768111997612,0.0002230749996670056,0.08257389068603516,False
1572,1854,0.08690491607853756,0.00024020700220717117,0.08257389068603516,False
1573,5698,0.06222061524215794,0.00033925199750228785,0.0825815200805664,False
1575,4033,0.02173138930155627,0.00022579099822905846,0.0825662612915039,False
1579,7429,0.002307861305760106,0.0002287559982505627,0.0825967788696289,False
1582,6591,0.08527099821276113,0.00021837699750903994,0.08251285552978516,False
1583,8164,0.005818995999234775,0.0002633139993122313,0.0825662612915039,False
1586,4042,0.030991812229292925,0.00024441500136163086,0.08258914947509766,False
1589,6243,0.0007980854302858109,0.0002334870005142875,0.0825815200805664,False
1591,8613,0.004702815872997007,0.00022747300317860208,0.0825662612915039,False
1593,3048,0.12292893219615035,0.0002227810000476893,0.08248233795166016,False
1596,4232,0.003460627200337907,0.00022009699750924483,0.08258914947509766,False
1597,6277,0.03883604150129681,0.00021374899733928032,0.08249759674072266,False
1598,4042,0.03689997868830419,0.00024877499890862964,0.0825815200805664,False
1599,5551,0.08908811587966,0.0002237269982288126,0.0825662612915039,False
1600,7409,0.37078316160787433,0.0002282150016981177,0.0826272964477539,False
1601,3354,0.16086831761824644,0.00022115899992058985,0.0825662612915039,False
1603,5219,0.15699269715760356,0.0002331589967070613,0.0825662612915039,True
1604,6909,0.005983840245138677,0.00022876900038681924,0.0825204849243164,False
1609,5608,0.007558914559794308,0.00022082800205680542,0.08254337310791016,False
1612,2129,0.17501990017698776,0.00022260499827098101,0.08245182037353516,False
1613,5658,0.11390949588874277,0.00024148699958459474,0.08254337310791016,False
1616,3968,0.02549136794181439,0.00022454499776358716,0.0825815200805664,False
1618,2894,0.004795562904713613,0.0002280650005559437,0.08258914947509766,False
1623,6810,0.06976860321318762,0.0002463159980834462,0.0825510025024414,False
1626,5620,0.01924160245473372,0.00024427699827356264,0.08258914947509766,False
1629,6155,0.04328586508740423,0.00022318699848256074,0.08257389068603516,False
1632,666,0.01942670069354091,0.0002919889993791003,0.08248233795166016,False
1633,370,0.05867324252252759,0.0002275139995617792,0.0825967788696289,False
1634,4504,0.026119964174235122,0.00023266299831448123,0.08258914947509766,False
1637,1045,0.040165938433769116,0.00021867099712835625,0.08257389068603516,False
1640,462,0.29995044873285615,0.00022744000307284296,0.08258914947509766,False
1644,641,0.09015962259383367,0.00022622400138061494,0.0825204849243164,False
1645,1715,0.05586145556125113,0.00023598999905516393,0.08257389068603516,False
1647,3878,0.05357328744490414,0.00023879099899204448,0.0825357437133789,False
1651,8116,0.001770628837845123,0.00022690900004818104,0.0825662612915039,False
1653,5855,0.1265309151306515,0.00021398700118879788,0.08252811431884766,False
1654,6654,0.04642886716805211,0.00022104300296632573,0.0824594497680664,False
1657,6406,0.0171057997091697,0.00021941200247965753,0.0825510025024414,False
1658,2125,0.0017611400563226631,0.0002156570008082781,0.0824747085571289,False
1659,7487,0.02834448041012383,0.0002488770005584229,0.08258914947509766,False
1660,2195,0.052681674273621665,0.0002572640005382709,0.0825052261352539,False
1661,3797,0.0930117033996265,0.00023614200108568184,0.0825662612915039,False
1662,1752,0.03349721002907069,0.00022581300072488375,0.0825662612915039,False
1663,3657,0.012500173119611768,0.00024407499950029887,0.08254337310791016,False
1666,3926,0.07260786195421119,0.00021893699886277318,0.0825510025024414,False
1667,8459,0.009862630411998197,0.0002420050004730001,0.0825662612915039,False
1668,4132,0.07522955309473789,0.0002170610023313202,0.0825052261352539,False
1675,5910,0.05515046316418104,0.00022852599795442075,0.0825662612915039,False
1677,4278,0.11722865144195405,0.0002261059999000281,0.08254337310791016,False
1678,2351,0.13075196134216183,0.0002183069991588127,0.0824747085571289,True
1682,6555,0.12598714311808873,0.00021211200146353804,0.08242130279541016,False
1683,4116,0.01880187493531138,0.00021809199824929237,0.08252811431884766,False
1684,327,0.05481466707326277,0.00022400799934985116,0.0825662612915039,False
1685,4156,0.09380721323640223,0.00023880700246081688,0.0825967788696289,False
1689,1390,0.012383343587493933,0.00021533000108320266,0.08251285552978516,False
1690,7510,0.017127962342318392,0.00023088300076778978,0.08257389068603516,False
1691,7351,0.10349180909258218,0.00022453600104199722,0.0825662612915039,False
1693,7598,0.05084620203075314,0.00023020200023893267,0.0825815200805664,False
1695,5670,0.1449931886884873,0.0002483040007064119,0.08257389068603516,False
1696,2994,0.0008440424007916114,0.00021720400036429055,0.08249759674072266,False
1697,1931,0.05910408228509356,0.00021929099966655485,0.08254337310791016,False
1698,3044,0.06475906064958936,0.00021454199668369256,0.0824899673461914,False
1701,2719,0.26810304559422793,0.00022312699729809538,0.08257389068603516,False
1702,8924,0.011561996956134024,0.00022041299962438643,0.0825510025024414,False
1703,4086,0.046531014855988984,0.0002244890019937884,0.0824899673461914,False
1708,6438,0.00209801547387764,0.00021866700262762606,0.0825662612915039,False
1712,3794,0.03565690447205018,0.00023165700258687139,0.0825662612915039,False
1713,4841,0.12135387565095829,0.00021841700072400272,0.08249759674072266,False
1715,5459,0.024336475202268337,0.00022836000061943196,0.08252811431884766,False
1721,7433,0.015359006368062644,0.00023714499911875464,0.08257389068603516,False
1722,6763,0.06493980454284198,0.00023237500136019662,0.08255863189697266,False
1725,6332,0.033234556207556,0.0002340930004720576,0.08248233795166016,False
1726,5658,0.0034318771846924,0.00022686699958285317,0.08258914947509766,False
1728,3794,0.006503491547088319,0.0002510550002625678,0.08258914947509766,False
1730,8765,0.07066370375227449,0.00021717300114687532,0.08254337310791016,False
1732,1944,0.020080928963456035,0.0002199849986936897,0.08255863189697266,False
1735,4598,0.019654676186120934,0.00022629500017501414,0.08254337310791016,False
1738,4209,0.08490768774023902,0.00025574899700586684,0.08258914947509766,False
1739,6332,0.18900212767777202,0.0002145549988199491,0.0825052261352539,False
1742,1168,0.004249486708962635,0.00022072699721320532,0.08257389068603516,False
1743,2108,0.12280878893948276,0.0002317789985681884,0.08258914947509766,False
1747,2723,0.040621548003322516,0.00022028300008969381,0.08255863189697266,False
1748,6148,0.01481512257820139,0.0002310170020791702,0.08258914947509766,False
1749,7005,0.020723768359585226,0.00022563400125363842,0.08254337310791016,False
1750,3794,0.026967641260580433,0.00024320299780811183,0.0825662612915039,False
1751,4042,0.03623063589713649,0.00022573599926545285,0.08258914947509766,False
1754,4069,0.04456571566963456,0.00023028199939290062,0.08257389068603516,False
1757,5467,0.02965805946068656,0.00021925400142208673,0.0825662612915039,False
1758,6950,0.04401974574838552,0.00024039499840000644,0.08255863189697266,False
1759,3582,0.11852922346337713,0.00021569499949691817,0.08252811431884766,False
1760,5620,0.034860515629208,0.00023233100000652485,0.08254337310791016,False
1762,3794,0.0022498148401527765,0.00022475199875771068,0.0825662612915039,False
1763,1246,0.09815277362945832,0.00024132900216500275,0.08252811431884766,False
1765,5223,0.1222034839397933,0.00021990099776303396,0.08248233795166016,True
1766,7076,0.025737230478610734,0.00023554799918201752,0.08254337310791016,False
1767,1944,0.13188851595193585,0.0002234860003227368,0.0825510025024414,False
1768,1246,0.006644612178267778,0.00022265900042839348,0.08251285552978516,False
1769,4069,0.06857642018289353,0.0002338900012546219,0.0825815200805664,False
1771,4209,0.038528014964586466,0.00022418200023821555,0.0826120376586914,False
1772,7149,0.06370869437449622,0.00021185299920034595,0.0824899673461914,False
1773,5312,0.08968672710294193,0.00021143599951756187,0.0824747085571289,True
1775,1944,0.05313462403352531,0.0002252509984828066,0.0825510025024414,False
1780,2681,0.06799457666458686,0.0002201429997512605,0.0824899673461914,False
1785,6252,0.03369069433780302,0.0002337400001124479,0.08258914947509766,False
1786,4069,0.00607757120727444,0.00022740200074622408,0.0825815200805664,False
1787,2090,0.04169080184463514,0.0002330030001758132,0.0825204849243164,False
1790,3182,0.08755713473694843,0.00022475900186691433,0.0825357437133789,False
1793,331,0.06967207870982584,0.0002158170027541928,0.08249759674072266,False
1794,2102,0.06386946002554872,0.00020725400099763647,0.08242130279541016,False
1795,4148,0.039748953716824326,0.000236900999880163,0.0825967788696289,False
1796,2108,0.06943697190251272,0.00022075800006859936,0.08257389068603516,False
1797,4047,0.13143429449108068,0.0002232609986094758,0.08255863189697266,False
1798,2953,0.05106385891922316,0.00022831900059827603,0.0825815200805664,False
1799,2714,0.10354151374928655,0.0002160439980798401,0.0825052261352539,False
1802,2288,0.002720591654795445,0.00024940499861259013,0.0825357437133789,True
1803,496,0.03207573246929213,0.00026573400100460276,0.08257389068603516,False
1805,7614,0.13965940631790535,0.00022547000116901472,0.0825967788696289,False
1806,3968,0.04208146025952364,0.00023847799820941873,0.08258914947509766,False
1808,6622,0.004729309711284463,0.0002338109989068471,0.08254337310791016,False
1810,5608,0.02573726274071153,0.00021688600099878386,0.0825204849243164,False
1811,2153,0.03211261027951329,0.00021855799786862917,0.0825204849243164,False
1812,265,0.04907759917740362,0.00023198800045065582,0.0825815200805664,False
1814,8749,0.01029568101699719,0.00023795800007064827,0.08261966705322266,False
1816,5698,0.13182407165168708,0.00023650699949939735,0.08258914947509766,False
1820,2374,0.06655451740658164,0.0002154989997507073,0.0824899673461914,False
1821,1545,0.11483227225405779,0.00022843500119051896,0.0825662612915039,True
1823,327,0.09644186829221546,0.00023095899814506993,0.08257389068603516,False
1824,750,0.186592936640761,0.00022901999909663573,0.0825662612915039,False
1826,4042,0.02624213302976708,0.00022056399757275358,0.08254337310791016,False
1827,2209,0.018514425953414404,0.0002186660021834541,0.0825052261352539,False
1828,181,0.08478260910165837,0.00023042799875838682,0.08251285552978516,False
1829,4059,0.1975696113363405,0.00022099499983596615,0.0825662612915039,False
1831,782,0.01754521748282664,0.0003060429990000557,0.08258914947509766,False
1832,5219,0.03666277754260559,0.00023302400222746655,0.0825815200805664,False
1834,4501,0.011331892295151746,0.00022624100165558048,0.0825815200805664,False
1836,4042,0.003465278405651695,0.0002215409986092709,0.08254337310791016,False
1839,3443,0.05274309323244912,0.00026242300009471364,0.0826120376586914,False
1841,1746,0.011863213816850404,0.00023227199926623143,0.08257389068603516,False
1842,8461,0.03491097798630871,0.00022463200002675876,0.08257389068603516,False
1843,5158,0.17004755131662108,0.0002320380008313805,0.0825662612915039,False
1846,8542,0.10330969222924408,0.00022004699712852016,0.08254337310791016,False
1847,2977,0.03886345648701025,0.0002285959999426268,0.08261966705322266,True
1851,4106,0.056971162057255983,0.00022733099831384607,0.0826120376586914,False
1852,2108,0.0815505973067242,0.00023293300182558596,0.08255863189697266,False
1853,8694,0.018734993373862516,0.00022898799943504855,0.0826120376586914,False
1854,2714,0.060767158382528996,0.00020672100072260946,0.0823831558227539,True
1856,452,0.007555681122571656,0.00022583999816561118,0.0826120376586914,False
1862,4497,0.03418464037624219,0.0002282290006405674,0.0825967788696289,False
1863,327,0.10587683321117769,0.0002308530019945465,0.0825815200805664,False
1864,431,0.06831849205565532,0.00023007400159258395,0.08261966705322266,False
1870,6155,0.1393818480034975,0.0002345240027352702,0.0825815200805664,False
1872,4475,0.001122855117257071,0.0002022379994741641,0.0823221206665039,False
1873,2426,0.04235060316601125,0.0002524619994801469,0.08254337310791016,False
1874,6903,0.037676931599817415,0.00022917800015420653,0.08258914947509766,False
1880,3817,0.0395288757150527,0.0002533940023567993,0.0825815200805664,False
1881,7425,0.11346881558560284,0.00022530199930770323,0.08258914947509766,False
1883,5488,0.07179423449632791,0.00022311599968816154,0.08258914947509766,False
1885,4014,0.050480475992336626,0.00022299299962469377,0.0825815200805664,False
1887,4148,0.052521366601127835,0.00022453600104199722,0.0826120376586914,False
1888,5305,0.02319511898128592,0.0002386859996477142,0.0826120376586914,False
1889,1788,0.12435590195454904,0.00022238300152821466,0.08257389068603516,False
1890,2413,0.1852001924273846,0.00021808100063935854,0.0825357437133789,False
1892,4501,0.038163734856137665,0.00023087500085239299,0.08255863189697266,False
1897,312,0.010722581917353091,0.00022654600252280943,0.0826120376586914,False
1898,6874,0.13630082636807686,0.00022639699818682857,0.08260440826416016,False
1900,4027,0.17003347461317544,0.0002299130028404761,0.0825967788696289,False
1901,433,0.07985267763611975,0.00022274600269156508,0.0826120376586914,False
1906,2865,0.15690050236247186,0.0002310759991814848,0.0825510025024414,True
1911,4504,0.16337335329296554,0.00023290500030270778,0.08252811431884766,False
1913,3991,0.1415198278599692,0.0002279780019307509,0.08257389068603516,False
1914,7487,0.049288686674775484,0.00026674300170270726,0.08257389068603516,False
1915,3932,0.09349698094753611,0.00024774999837973155,0.08257389068603516,False
1916,310,0.11081750065105317,0.0002693599999474827,0.08255863189697266,False
1917,1747,0.01899035670256849,0.0002346640030737035,0.08258914947509766,False
1919,1613,0.0397738106986969,0.00022114300008979626,0.0825357437133789,False
1921,2681,0.10291362645305879,0.00022678099776385352,0.08249759674072266,True
1923,5078,0.1392043448347053,0.00023537000015494414,0.0826120376586914,False
1924,334,0.09380760011949718,0.00022795299810240977,0.08257389068603516,False
1927,412,0.17710068441987153,0.00022917699971003458,0.0825815200805664,False
1929,6909,0.15070967216214337,0.00022361800074577332,0.0825967788696289,False
1930,7432,0.01548566615548291,0.0002272220008308068,0.0825967788696289,False
1934,412,0.0011935018291062138,0.00024682400180608965,0.0825815200805664,False
1935,8243,0.042399662249137826,0.00022685399744659662,0.08254337310791016,True
1936,2195,0.06153279898321762,0.00021168899911572225,0.0824747085571289,False
1937,496,0.059285685879053834,0.00028505500085884705,0.0825510025024414,False
1940,3102,0.1870622397071312,0.0002225700009148568,0.08255863189697266,False
1942,2543,0.028381004439131274,0.00022390500089386478,0.08251285552978516,True
1943,1746,0.025257236750305,0.0002511710008548107,0.0825815200805664,False
1944,433,0.18187154545483633,0.00023863900059950538,0.0825967788696289,False
1948,8459,0.0965742148747113,0.00023555799998575822,0.08261966705322266,False
1949,7881,0.013172354450601997,0.00022910199913894758,0.08258914947509766,True
1952,1988,0.0278271987980927,0.00023659400176256895,0.08258914947509766,False
1953,4086,0.049361812655459136,0.0002291569981025532,0.08258914947509766,False
1955,1926,0.1340655803704448,0.0002220919996034354,0.0825204849243164,False
1956,7929,0.019874543754337115,0.00022405100025935099,0.08258914947509766,False
1957,1128,0.002726463029389503,0.0002203679978265427,0.0824747085571289,True
1958,3797,0.20389279149680997,0.00025891800032695755,0.08246707916259766,False
1961,3072,0.05054415016356603,0.00023104199863155372,0.08261966705322266,False
1962,3782,0.024898469744275176,0.0002608299982966855,0.08252811431884766,False
1963,5539,0.022892159980712423,0.00022412500038626604,0.08257389068603516,False
1965,5416,0.0007672933836269102,0.00022679999892716296,0.08258914947509766,False
1966,3926,0.09137414729173748,0.0002377679993514903,0.08254337310791016,False
1968,412,0.038092736950257194,0.00022569099746760912,0.0825967788696289,False
1969,7801,0.08771951615706278,0.00022524700034409761,0.0825967788696289,False
1970,8079,0.011739095099125171,0.0002427689978503622,0.08260440826416016,False
1971,5698,0.2693989588391231,0.00022901000193087384,0.0826120376586914,False
1976,4497,0.06212084555710856,0.00022656399960396811,0.0825815200805664,False
1977,3430,0.007803629448640416,0.00022446699949796312,0.08260440826416016,False
1979,2525,0.0798694355384022,0.00021938999998383224,0.0825357437133789,True
1980,6252,0.03870501918890937,0.00023475700072594918,0.08258914947509766,False
1981,2171,0.11152163875466092,0.00024352300169994123,0.0825815200805664,False
1985,8486,0.03223552362556002,0.0002216039974882733,0.08257389068603516,False
1987,8331,0.08604706843402424,0.00022291399727691896,0.08260440826416016,True
1989,4504,0.002541739772289553,0.00022615399939240888,0.08260440826416016,False
1990,7456,0.06724735176847663,0.00024220399791374803,0.08257389068603516,False
1991,3316,0.05062940617978298,0.00022429199816542678,0.0826120376586914,False
1993,4497,0.04229052334668604,0.00022988899945630692,0.0825815200805664,False
1995,1730,0.0005424027927157515,0.00025192799876094796,0.08257389068603516,False
2000,331,0.0759551572775801,0.0002240289977635257,0.0825967788696289,False
2003,7954,0.2833934271485097,0.00021382300110417418,0.0824594497680664,False
2006,6243,0.0010146406323872006,0.00022256500233197585,0.0826120376586914,False
2009,5991,0.10037007009301657,0.00023258899818756618,0.08255863189697266,True
2010,7153,0.0845068594260718,0.00023382699873764068,0.08258914947509766,True
2013,7433,0.11091361062173899,0.00023445800252375193,0.0825662612915039,False
2015,705,0.15666756161064677,0.00022446199727710336,0.08261966705322266,False
2019,7513,0.02490982266430941,0.00022996400002739392,0.08258914947509766,False
2021,238,0.01766795266632777,0.0002346319997741375,0.0826120376586914,False
2025,7456,0.11118511678036791,0.00023944900021888316,0.0825967788696289,False
2028,2977,0.00323939111181349,0.00023081999825080857,0.08260440826416016,True
2032,4027,0.1378672593310173,0.00022889699903316796,0.08260440826416016,False
2034,4512,0.01202357232809903,0.00022553600138053298,0.0825662612915039,False
2036,8486,0.019010822240307215,0.00023121400226955302,0.08255863189697266,False
2038,4059,0.09692835432698022,0.00023941900144563988,0.0825510025024414,False
2039,4579,0.055775052266540115,0.00022624499979428947,0.0825510025024414,False
2040,6482,0.39787153917029355,0.00021747400023741648,0.08255863189697266,False
2047,452,0.03951779314486803,0.00024324399782926776,0.0825967788696289,False
2049,2061,0.04611852602791977,0.00026342800265410915,0.0825662612915039,False
2050,2681,0.016380942586385228,0.000213150997296907,0.0824594497680664,True
2055,331,0.1303900486544526,0.00022164499750942923,0.0825815200805664,False
2057,8539,0.0368649639638472,0.00023928899827296846,0.0825510025024414,False
2062,493,0.015560699587163551,0.00022322599761537276,0.08258914947509766,False
2064,3797,0.19069450949303668,0.00022477200036519207,0.0825815200805664,False
2065,4014,0.03690715158690183,0.0002285859991388861,0.08255863189697266,False
2066,8912,0.013658823764313266,0.00022167600036482327,0.08260440826416016,True
2067,2402,0.12149208481931989,0.0002118400007020682,0.0824594497680664,False
2069,5305,0.06520660675846594,0.00027244200100540183,0.0825510025024414,False
2071,4517,0.02334686906956602,0.0002445229984004982,0.0825967788696289,False
2072,8074,0.037399745182357294,0.0002242640002805274,0.08255863189697266,False
2073,4059,0.01153985633047716,0.00022656299915979616,0.0825815200805664,False
2074,5435,0.0020324455894924487,0.00023961700208019465,0.0825815200805664,False
2075,3878,0.005320307531610502,0.0002380110017838888,0.08258914947509766,False
2077,1045,0.0006714170519975249,0.00023660199803998694,0.08260440826416016,False
2079,3338,0.0039864163378931505,0.00022803199681220576,0.08254337310791016,False
2080,2351,0.00039809625019321393,0.00022260500190895982,0.0825815200805664,False
2081,4301,0.04595947551136597,0.000224813000386348,0.08258914947509766,False
2083,5353,0.09342514132740903,0.00021947799905319698,0.08249759674072266,False
2084,8122,0.04127778390175879,0.0002496570014045574,0.0825815200805664,False
2086,364,0.03303252863555997,0.00025128999914159067,0.0825815200805664,False
2090,719,0.1016687224341721,0.00023957099983817898,0.0825815200805664,False
2092,6148,0.08326035997188269,0.00023653099924558774,0.08254337310791016,False
2093,1860,0.02414465947692731,0.00023002899979474023,0.0825662612915039,False
2095,433,0.007537118699116052,0.00022324599922285415,0.0826120376586914,False
2097,8414,0.017539385251488404,0.00021615700097754598,0.0824899673461914,True
2098,5696,0.07110999857593875,0.00023285399947781116,0.0825967788696289,False
2099,4517,0.027420760283790577,0.00022372599778464064,0.0825510025024414,False
2101,7510,0.06193263925525527,0.00022939599875826389,0.0825967788696289,False
2104,6909,0.055218065277249415,0.00023485600104322657,0.08258914947509766,False
2105,2270,0.18221691100848286,0.0002296249986102339,0.08252811431884766,False
2106,4024,0.05685742842605107,0.00022272500063991174,0.0825662612915039,False
2107,2426,0.026745452694230343,0.00024190299882320687,0.08258914947509766,False
2108,4510,0.12274311731571574,0.00022514199736178853,0.0825815200805664,False
2110,8886,0.021128948106511558,0.00022102299772086553,0.0825815200805664,True
2111,7946,0.23099644884044732,0.00023046500064083375,0.0826120376586914,False
2112,5173,0.07041187526422302,0.00021875200036447495,0.0825357437133789,False
2115,2497,0.06854538519329709,0.00023756399968988262,0.0825510025024414,False
2117,5199,0.0279243842814519,0.00021672999719157815,0.08254337310791016,False
2118,8461,0.10696865741148687,0.00023965000218595378,0.0826120376586914,False
2119,953,0.08110475470050302,0.00025093300064327195,0.08260440826416016,False
2129,8109,0.035632586963918654,0.00022057999740354717,0.08255863189697266,False
2130,3541,0.10880617442451068,0.00022601999808102846,0.0825967788696289,True
2131,397,0.027698105591312222,0.00022587000057683326,0.08258914947509766,False
2132,3878,0.046406732848656956,0.00022506599998450838,0.0825815200805664,False
2137,2426,0.05448290676492684,0.00046510700121871196,0.0825510025024414,False
2139,4083,0.039582896264433676,0.0002282899986312259,0.08251285552978516,False
2140,3321,0.021546460760934222,0.00021552999896812253,0.0825204849243164,False
2141,1199,0.016927445693956322,0.0002238079978269525,0.08255863189697266,True
2142,8463,0.04188828113364895,0.0002635260025272146,0.08260440826416016,False
2144,4499,0.06034041513293614,0.0002229490019090008,0.0825510025024414,False
2145,3103,0.045301344255625,0.00021834699873579666,0.0824747085571289,False
2146,4342,0.00804638960941162,0.00022214599812286906,0.0825510025024414,False
2149,6756,0.1994987303538189,0.0002267640011268668,0.08254337310791016,False
2150,479,0.0536594532973335,0.00023491400133934803,0.08257389068603516,False
2151,7712,0.026343260388375395,0.00022058100148569793,0.0825510025024414,False
2152,4256,0.01952930843754519,0.0002386250016570557,0.08260440826416016,False
2153,2391,0.03685751728205888,0.00021639399710693397,0.0825204849243164,False
2154,3443,0.09713483269703227,0.00021851100245839916,0.0825357437133789,False
2157,6744,0.0061903534413060846,0.0002312420001544524,0.08260440826416016,False
2159,7570,0.041928838459591056,0.00022571800218429416,0.08257389068603516,False
2161,2171,0.06486771425015014,0.0002402380014245864,0.0825815200805664,False
2164,1470,0.00825004368341057,0.0002693550013646018,0.08260440826416016,False
2166,3102,0.17579414928780807,0.00021686799664166756,0.08251285552978516,False
2170,6810,0.04376143446660585,0.0002312500000698492,0.08261966705322266,False
2172,5696,0.03168309874442596,0.00022476400044979528,0.08258914947509766,False
2176,8115,0.009054376223628924,0.00022833900220575742,0.08258914947509766,False
2177,4342,0.00605803858341547,0.00024610699983895756,0.0825510025024414,False
2178,1737,0.02068851067800992,0.00022629500017501414,0.0825662612915039,False
2179,4497,0.01754869719746599,0.00022593600078835152,0.0825967788696289,False
2180,4047,0.021838279955482792,0.00022570600049220957,0.0824441909790039,False
2183,4512,0.02134272219048472,0.00022684299983666278,0.08257389068603516,False
2184,4024,0.06876584371682293,0.00024441699861199595,0.08257389068603516,False
2185,4497,0.14146790707541523,0.0002629040027386509,0.0825815200805664,False
2186,6909,0.01637323553900316,0.00022262399943429045,0.08255863189697266,False
2188,884,0.12792136155137387,0.00022393499966710806,0.0826120376586914,False
2189,2351,0.0014018153959123314,0.0002567609990364872,0.08257389068603516,False
2190,4014,0.012545698567440589,0.00022374699983629398,0.0825662612915039,False
2191,5439,0.15711119596162204,0.00023126399901229888,0.0825662612915039,False
2192,1731,0.0004112165930558742,0.0002438649971736595,0.08257389068603516,False
2196,3070,0.03300174499021359,0.0002162019991374109,0.08252811431884766,False
2198,3878,0.14444929942984525,0.00022918099784874357,0.0825510025024414,False
2199,8613,0.04551481426510334,0.00023322699780692346,0.08258914947509766,False
2200,2977,0.02556915303572898,0.00023892800163594075,0.0825815200805664,True
2201,3649,0.00455223367710611,0.00024152200057869777,0.0825662612915039,True
2207,1699,0.13067999264571495,0.0002275179977004882,0.0824747085571289,True
2208,8925,0.0017352560236054693,0.00022444899877882563,0.08255863189697266,False
2211,222,0.015536353936128872,0.0002343199994356837,0.0821542739868164,True
2214,7513,0.03524835205798116,0.00020145499729551375,0.08232975006103516,True
2215,7875,0.014531392221460049,0.0001889099985419307,0.08216190338134766,True
2216,327,0.022882852973844514,0.000193165000382578,0.0821390151977539,True
2217,5658,0.023545717811544742,0.00019838899970636703,0.0822153091430664,False
2218,286,0.039038025044263236,0.00021956500131636858,0.08228397369384766,True
2219,243,0.08159100049955814,0.00023012599922367372,0.08214664459228516,True
2220,7456,3.113842773316833e-05,0.000202776998776244,0.0822916030883789,True
2221,5394,0.12918548504815303,0.00018884000019170344,0.0821390151977539,False
2222,496,0.09007698257116781,0.00018740399900707416,0.08214664459228516,True
2226,3628,0.007044866558182317,0.00022357999841915444,0.0826120376586914,False
2227,8395,0.0035411116584245783,0.00018716200065682642,0.08217716217041016,False
2228,3782,0.015490811744888755,0.00021866299721295945,0.08237552642822266,True
2229,4499,0.0316009673358586,0.00020280700118746608,0.0822153091430664,True
2230,8870,0.017119218204276976,0.0002234210005553905,0.0825967788696289,False
2231,5670,0.017280008724504414,0.00032834900048328564,0.08216190338134766,False
2232,5439,0.0438194437616648,0.00018966300194733776,0.08213138580322266,False
2233,2071,0.010031683709805258,0.00020134200167376548,0.08225345611572266,True
2235,7511,0.005210535176315876,0.00020785300148418173,0.0823831558227539,True
2238,7891,0.10087115203821595,0.00019163999968441203,0.08220767974853516,False
2239,264,0.05941902159119916,0.00018483099847799167,0.08208560943603516,True
2240,5698,0.05406477517544028,0.00018475999968359247,0.08213138580322266,False
2242,8579,0.11208151954993895,0.0001958579996426124,0.0822305679321289,True
2244,7873,0.016028537987224922,0.00018711400116444565,0.0821084976196289,True
2245,2927,0.007649390192257077,0.0002216379980382044,0.0822458267211914,False
2247,5616,0.00011075522877090904,0.00020792999930563383,0.08214664459228516,False
2250,4964,0.02358216147006109,0.00020199999926262535,0.0821847915649414,False
2251,431,0.04534152656814716,0.00020002599922008812,0.08213138580322266,True
2252,4676,0.02489685744258363,0.00023235399930854328,0.0826120376586914,False
2256,415,0.04799938710022511,0.00019087799955741502,0.08210086822509766,True
2259,3660,0.06081895018550809,0.00023937000150908716,0.0825662612915039,False
2260,4688,0.055788759820830924,0.0001922330011439044,0.08207035064697266,False
2261,4841,0.01162461502929481,0.00024057300106505863,0.0826120376586914,False
2262,4718,0.043649365604421356,0.0002247080010420177,0.08260440826416016,False
2263,5439,0.06416017645596611,0.00038035999750718474,0.08220767974853516,False
2264,7232,0.02918436402849156,0.0001923850031744223,0.0821847915649414,False
2266,252,0.06911603101779451,0.0001984169975912664,0.0820474624633789,True
2267,5394,0.04739853677890571,0.00020010099979117513,0.0821390151977539,False
2269,4688,0.00934670464074161,0.00017998599651036784,0.08207035064697266,False
2271,493,0.01638718103235981,0.00018464899767423049,0.0821084976196289,True
2272,7875,0.05122373623091825,0.00018855799862649292,0.0821084976196289,True
2275,1562,0.04066872336289201,0.0002421489989501424,0.08261966705322266,False
2276,433,0.010809895797461166,0.00019435399735812098,0.08216190338134766,True
2277,364,0.002882784901041213,0.0002027909977186937,0.08214664459228516,True
2283,3657,0.017565599488810313,0.00021949300207779743,0.0825662612915039,False
2284,331,0.017521896013152086,0.00019295099991722964,0.0821542739868164,True
2289,5696,0.24570144384232973,0.0001863309989857953,0.0821695327758789,False
2291,5658,0.07910687758545976,0.00021055599790997803,0.0821695327758789,False
2292,1513,0.030382200025766637,0.00022194700068212114,0.08257389068603516,False
2294,5488,0.006676327670425808,0.0004362319996289443,0.08217716217041016,False
2295,252,0.06624363618097304,0.0001917570007208269,0.0820474624633789,True
2298,7873,0.12011670218065054,0.0001902069998322986,0.08216190338134766,True
2300,222,0.038855584396292275,0.00018592800188343972,0.08211612701416016,True
2301,1180,0.2987073835787428,0.00022334799723466858,0.0825662612915039,False
2302,1323,0.0010023966856305133,0.0002167390011891257,0.0825204849243164,False
2304,265,0.3735889070575007,0.00023216500267153606,0.08208560943603516,True
2305,3151,0.039498025169303785,0.0002185789999202825,0.0824899673461914,False
2306,243,0.27474968669609123,0.00017745800141710788,0.08203983306884766,True
2308,7954,0.025510990770519437,0.00022570799774257466,0.0825967788696289,False
2313,264,0.022270496413235807,0.0001815149989852216,0.0820932388305664,True
2314,397,0.0842746572120031,0.00020118700194871053,0.0821695327758789,True
2316,329,0.05267742686664434,0.000190155999007402,0.0821847915649414,True
2318,7875,0.08541475894484891,0.0002176160014641937,0.08213138580322266,True
2319,5600,0.03927260952155298,0.00019205100034014322,0.0821390151977539,False
2322,196,0.10667720610865951,0.0002750490020844154,0.08205509185791016,True
2325,7147,0.9975106516680944,0.0002207469988206867,0.08254337310791016,False
2326,238,0.4573826741584561,0.00019075900127063505,0.0820627212524414,True
2328,222,0.13681231210300462,0.00024132700127665885,0.0821084976196289,True
2331,7656,0.07431708106624679,0.0002213019979535602,0.0825204849243164,False
2334,5600,0.09514883928724904,0.00018678799824556336,0.0821084976196289,False
2335,4148,0.002365641815310293,0.00022168999930727296,0.0825357437133789,False
2336,7875,0.022838424578704608,0.00019133800014969893,0.0821695327758789,True
2337,399,0.05837625758052807,0.00019997599883936346,0.08213138580322266,True
2338,329,0.2758067626229175,0.00019045699809794314,0.08216190338134766,True
2345,273,1.0752718911253318,0.0001865519989223685,0.08213138580322266,True
2346,264,0.551150538852025,0.0002178110007662326,0.08208560943603516,True
2349,1251,0.9917439881296868,0.00022709800032316707,0.08251285552978516,False
2354,1240,0.0728075074814385,0.00022392399841919541,0.0825815200805664,False
2358,310,0.26764760691823103,0.0001908269987325184,0.0821695327758789,True
2360,397,0.4550974706810783,0.0001836990013543982,0.0821390151977539,True
2361,364,0.1286368130412457,0.0001896049980132375,0.0821542739868164,True
2363,6654,0.02726338119191457,0.0002738920011324808,0.08255863189697266,False
2366,5835,0.2102851738882754,0.00021607899907394312,0.0825357437133789,False
2367,264,1.1557299494691196,0.00018142800036002882,0.08210086822509766,True
2368,196,0.12681989643747427,0.00018377099695499055,0.0820779800415039,True
2370,399,0.28930294315920785,0.00019158900249749422,0.0821847915649414,True
2372,4194,0.08632083423271342,0.00023818499903427437,0.08255863189697266,False
2373,2870,0.03407315371382,0.00017707500228425488,0.0820322036743164,False
2375,238,0.02651464914219659,0.00019010899995919317,0.0821542739868164,True
2378,2870,0.00667903609515208,0.0001782770013960544,0.0820322036743164,False
2380,2932,0.19765542008463743,0.00024107799981720746,0.08258914947509766,False
2383,5551,0.03330222876644007,0.0002328689988644328,0.08254337310791016,False
2386,1141,0.016833738141795895,0.00023407100161421113,0.08255863189697266,False
2388,8239,0.09284351395783408,0.0002226210017397534,0.08258914947509766,False
2391,6643,0.031019088410898232,0.00023684500047238544,0.08255863189697266,False
2392,3098,0.18714368954897048,0.00021862900030100718,0.08251285552978516,False
2395,6654,0.6071845133377307,0.00022221400286071002,0.08254337310791016,False
2398,264,0.10640040666566009,0.00019027400048798881,0.0821695327758789,True
2399,7812,0.2170665132364447,0.00022142300076666288,0.08249759674072266,False
2400,1284,0.035249284516371326,0.0002161289994546678,0.08251285552978516,False
2401,252,0.34759561316109866,0.00018562699915491976,0.08211612701416016,True
2402,6959,0.02183433929732126,0.0002238140004919842,0.08255863189697266,False
2404,2976,0.33255537118792594,0.0002083710023725871,0.08216190338134766,False
2405,412,0.45036590000993043,0.00018949500008602627,0.08216190338134766,True
2406,5658,0.04159492658871711,0.000188133999472484,0.08216190338134766,False
2409,5488,0.0019900639759662386,0.00019234199862694368,0.0822000503540039,False
2411,5415,0.03954936791811248,0.00022144200192997232,0.08258914947509766,False
2412,1141,0.27181306519538984,0.00022106500182417221,0.0825815200805664,False
2413,334,0.6559416092546355,0.00021950300288153812,0.08217716217041016,True
2414,5658,0.050483259018952786,0.00020421599765541032,0.0822000503540039,False
2415,196,0.36690720007941247,0.00019020400213776156,0.0820779800415039,True
2418,493,0.3288760306374098,0.00020299000243539922,0.0822305679321289,True
2419,370,0.17141697702734876,0.00019003200213774107,0.0821695327758789,True
2420,238,0.09042041945018353,0.00018546399951446801,0.0820169448852539,True
2423,412,0.04663273493601494,0.0001947979981196113,0.0820932388305664,True
2424,399,0.19794779451063538,0.00018344899945077486,0.0821390151977539,True
2425,8239,0.021104852448244227,0.0002189980004914105,0.08255863189697266,False
2427,243,0.12451596972569812,0.00018527700012782589,0.08210086822509766,True
2430,1988,0.10034510424251941,0.00022172999888425693,0.08257389068603516,True
2431,493,0.15190772655333862,0.000202164999791421,0.0822000503540039,True
2435,8010,0.011836355040041102,0.00024014600057853386,0.0825967788696289,False
2437,243,0.11259654235055941,0.00018768600057228468,0.08207035064697266,True
2438,243,0.013437587697973985,0.0001939370013133157,0.0821084976196289,True
2441,7873,0.08776219856444158,0.0001872850007202942,0.08213138580322266,True
2443,252,0.6908766042805601,0.00018363900016993284,0.0820932388305664,True
2444,5624,0.16982973386579647,0.00021229300182312727,0.0825052261352539,False
2445,1523,0.03793560156677778,0.00021950599693809636,0.0825815200805664,False
2447,1128,0.01682212194779309,0.00022801600061939098,0.08258914947509766,False
2448,312,1.22802285672427,0.00018941500093205832,0.08220767974853516,True
2452,370,0.10182960775300898,0.00019189500017091632,0.08219242095947266,True
2454,6555,0.3324205529642631,0.00023906200294732116,0.0824899673461914,False
2458,4787,0.06350431993087852,0.0002222399998572655,0.08252811431884766,False
2459,1382,0.20764601915725667,0.0002184209988627117,0.08255863189697266,False
2461,1165,0.024755678933970238,0.0002512300015951041,0.0825662612915039,False
2463,4086,0.005539719739304658,0.0002195130000473,0.08252811431884766,False
2464,5600,0.07661417779289442,0.00018452299991622567,0.08210086822509766,False
2465,2870,0.2188780969767833,0.00017691000175545923,0.0820322036743164,False
2467,196,0.4626446108496381,0.0007626059996255208,0.0821084976196289,True
2469,3678,0.017210549512317375,0.00021674799791071564,0.0825204849243164,False
2471,3552,0.008907594440809019,0.00022525200256495737,0.08260440826416016,False
2473,493,0.17035736851404093,0.00019120100114378147,0.0821695327758789,True
2474,222,0.030461935589967126,0.000189200000022538,0.08210086822509766,True
2477,433,0.05310213563555069,0.00019138700008625165,0.08217716217041016,True
2478,4787,0.11276099328018789,0.0002447320002829656,0.0826120376586914,False
2481,5526,0.042644952569628636,0.00022716300009051338,0.0825967788696289,False
2485,196,0.33629640753728973,0.000184243999683531,0.08205509185791016,True
2486,243,0.20412555377982738,0.00018302799799130298,0.08207035064697266,True
2495,4834,0.1457180994651306,0.0002203660005761776,0.08257389068603516,False
2496,222,0.7703493691476782,0.00017998800103669055,0.08203983306884766,True
2497,264,0.1187507269158587,0.00017595199824427254,0.08202457427978516,True
2499,5439,0.09891616960396443,0.0001960259978659451,0.08220767974853516,False
2500,329,0.01925050260038985,0.00018883799930335954,0.0821847915649414,True
2503,364,0.05855323388270843,0.00019357899873284623,0.08213138580322266,True
2504,412,0.06692977310164494,0.000194463998923311,0.0821390151977539,True
2508,4941,0.009691185215219316,0.0002566920011304319,0.08260440826416016,False
2509,364,0.03634161285657678,0.00018682399968383834,0.0821237564086914,True
2515,1897,0.06632275082924721,0.00022296899987850338,0.08260440826416016,False
2516,8607,0.09440806130691837,0.00022820999947725795,0.0826120376586914,False
2520,7432,0.07767502932019468,0.0002323970002180431,0.0825815200805664,False
2521,8840,0.19732169331027616,0.00023142900317907333,0.08255863189697266,False
2523,7468,0.13441102372268948,0.00023949000024003908,0.08261966705322266,False
2525,4083,0.09376774764168475,0.00023586299721500836,0.08261966705322266,True
2526,1237,0.014155041202671081,0.00022570399960386567,0.0826120376586914,False
2527,1855,0.044309154255128796,0.00023429700013366528,0.0825815200805664,False
2529,1545,0.015610737208612113,0.00048137900012079626,0.08249759674072266,False
2536,7511,0.31803974026083404,0.00024335699708899483,0.08261966705322266,False
2539,7598,0.12437718870871572,0.00023645199689781293,0.08261966705322266,False
2547,3797,0.18114642322484525,0.00024846300220815465,0.0826120376586914,False
2548,93,0.09507933076608384,0.00022851199901197106,0.0825967788696289,False
2552,8461,0.0863910292891687,0.00022773199816583656,0.08260440826416016,False
2557,1854,0.23452728314095328,0.00022562899903277867,0.08260440826416016,False
2561,7562,0.06418480417353742,0.0002263710011902731,0.08261966705322266,False
2562,7562,0.017954804792057244,0.0002238749984826427,0.0826120376586914,False
2563,6582,0.08045318927805084,0.0002255690014862921,0.08260440826416016,False
2568,7345,0.26472526143565656,0.00022777900085202418,0.0826120376586914,False
2570,8536,0.047368815466868774,0.0002509539990569465,0.0826120376586914,False
2574,7511,0.028768468305199663,0.00022533299852511846,0.08261966705322266,False
2576,1165,0.03653320121131933,0.0002685370018298272,0.08261966705322266,False
2580,6582,0.12361765782228118,0.00023515899738413282,0.08260440826416016,False
2581,1867,0.07356146755320067,0.00023381499704555608,0.08261966705322266,False
2582,8380,0.03403206577095326,0.00022920899937162176,0.0825967788696289,False
2583,1190,0.026430571505687422,0.00023614400197402574,0.0825510025024414,False
2586,2934,0.03251883448548609,0.00022362699746736325,0.08261966705322266,False
2587,7598,0.1761507523381195,0.00022304899903247133,0.0826120376586914,False
2589,7487,0.01842285201878191,0.00026905499908025376,0.08260440826416016,False
2590,1608,0.014622861689424171,0.00023541500195278786,0.0826120376586914,False
2591,2475,0.020289772626438052,0.0002283850008097943,0.0826120376586914,False
2593,1268,0.27106181179481337,0.00023343700013356283,0.0825510025024414,False
2595,8508,0.004110086480940467,0.00022610299856751226,0.08261966705322266,False
2596,1819,0.0014234513328272753,0.0002247279990115203,0.0826120376586914,False
2597,5600,0.061486764492593604,0.00023043100009090267,0.0826120376586914,True
2599,458,0.06133448054852775,0.00023252499886439182,0.0825967788696289,False
2601,2475,0.06460423494256828,0.00022688000171910971,0.0826120376586914,False
2602,7570,0.07775838725068507,0.0002436380018480122,0.08261966705322266,False
2605,7324,0.1242570254700863,0.00022673300190945156,0.0826120376586914,False
2606,7295,0.1937005241493805,0.0002279939981235657,0.0826120376586914,False
2608,7362,0.006901373940935818,0.00022782900123274885,0.08260440826416016,False
2610,8866,0.05915273214840111,0.00022375200205715373,0.08258914947509766,False
2612,7487,0.022753183707220792,0.0002239700006612111,0.0825967788696289,False
2613,2814,0.01418591724866751,0.00024800900064292364,0.08261966705322266,False
2614,7513,0.21096087260741564,0.00023708799926680513,0.0826120376586914,False
2615,7627,0.5160348272822948,0.00023305300055653788,0.08261966705322266,False
2620,6434,0.049510925277811375,0.00022529000125359744,0.08255863189697266,True
2621,7516,0.09688717978471628,0.00022576700212084688,0.0826120376586914,False
2623,1304,0.4066576898606508,0.00022259400066104718,0.08260440826416016,False
2627,6582,0.12760661483845004,0.00022500200066133402,0.08260440826416016,False
2631,7507,0.1324568022854529,0.00024706899785087444,0.0826120376586914,False
2632,310,0.1708130290404286,0.0002475480032444466,0.0825967788696289,False
2633,8109,0.023651832363218207,0.000223023998842109,0.08260440826416016,False
2637,6032,0.015564619777383992,0.00022028099920134991,0.0825510025024414,True
2639,4579,0.1033275413139087,0.0002348179987166077,0.0826272964477539,False
2642,8402,0.0010899980019067616,0.00022995100152911618,0.0824747085571289,True
2644,1506,0.059357690078139846,0.00021397200180217624,0.0824747085571289,False
2647,2362,0.07083922092841144,0.0002155049987777602,0.08249759674072266,False
2648,2351,0.1377521830843133,0.00023103199782781303,0.08261966705322266,False
2653,6519,0.48216663067288135,0.0002269159995194059,0.08258914947509766,False
2656,2285,0.35949546887642037,0.00022286700186668895,0.08258914947509766,False
2661,7283,0.38742767873071626,0.00022796900157118216,0.08260440826416016,False
2662,8164,0.17249621116838199,0.00022800299848313443,0.0826120376586914,False
2663,666,0.004487741597892629,0.00022436500148614869,0.0826120376586914,False
2664,8871,0.1625151763668389,0.00023120300102164038,0.08257389068603516,False
2665,1568,0.1841323142142779,0.00022473699937108904,0.0825967788696289,False
2666,7812,0.19399604650280058,0.00024552100148866884,0.08258914947509766,False
2667,2847,0.11174703545151539,0.00022568799977307208,0.0825967788696289,False
2670,7283,0.18229221534984877,0.0002357260018470697,0.0826120376586914,False
2671,7559,0.0973153469247007,0.0002251229998364579,0.08257389068603516,False
2672,2844,0.13458975294237574,0.0002544390008552,0.0825967788696289,False
2674,8579,0.029677356519408615,0.0002347269983147271,0.08258914947509766,False
2677,5156,0.04718374437648505,0.00023427000269293785,0.08261966705322266,False
2678,7428,0.008387373897981304,0.0002276699997310061,0.0826120376586914,False
2682,5394,0.001721507871177197,0.00023795500237611122,0.08260440826416016,False
2683,7140,0.09399766067411053,0.00023608400078956038,0.0825967788696289,True
2684,2058,4.946261830615529,0.00022653899941360578,0.08260440826416016,False
2686,7614,0.06282623922794989,0.00023112300186767243,0.0825510025024414,False
2687,4132,1.1806196782210192,0.00022656299915979616,0.08261966705322266,False
2688,1108,0.091155440087955,0.00022476899903267622,0.08261966705322266,False
2693,7598,0.009226752104848218,0.000231640999118099,0.0825815200805664,False
2694,1444,0.12702369852207582,0.00022053900102037005,0.0825510025024414,True
2695,559,3.417896237918952e-05,0.00024211300114984624,0.0826120376586914,False
2698,1901,0.19627547990291871,0.00024584499988122843,0.08257389068603516,False
2699,7343,0.19507381559479087,0.00023637100093765184,0.0826120376586914,False
2700,865,0.31207101090101996,0.0002265599978272803,0.08261966705322266,False
2704,4802,0.0006216788904675058,0.00022152400197228417,0.08255863189697266,False
2705,8886,0.3478145194154614,0.00022516600074595772,0.0826120376586914,False
2706,3048,0.09648304365002036,0.00022406599964597262,0.08260440826416016,False
2709,6404,0.03006316816652972,0.00023563400100101717,0.08257389068603516,False
2710,7362,0.013049969996377697,0.00023050199888530187,0.08257389068603516,False
2711,6451,0.4784889215069207,0.00022448199888458475,0.0824747085571289,False
2714,7614,0.08890434620757001,0.00023755800066282973,0.0825815200805664,False
2716,1897,0.19437934385578437,0.00022779500068281777,0.0826120376586914,False
2723,7627,4.992050798113877,0.00022621400057687424,0.08263492584228516,False
2726,2426,0.10767873250096716,0.00023149499975261278,0.0825510025024414,False
2729,4156,0.03497378081518124,0.00022838999939267524,0.0826120376586914,False
2730,7570,0.04098616291279278,0.00022250800248002633,0.0826120376586914,False
2731,3046,0.11244399171276688,0.00022568900021724403,0.0826120376586914,False
2734,8508,0.051158202462973534,0.00022401599926524796,0.08257389068603516,False
2736,8295,0.11459015677832318,0.00024661299903527834,0.0825052261352539,False
2737,2058,0.03332481149247324,0.00022244399951887317,0.08260440826416016,False
2739,1867,0.28666137921323487,0.00022919200273463503,0.0825967788696289,False
2741,1788,0.07752931545421726,0.0002269750002596993,0.0826120376586914,False
2742,2847,0.02981857708269571,0.000248491000093054,0.0825967788696289,False
2743,1782,0.021485331053019502,0.00024058099734247662,0.08258914947509766,False
2745,5439,0.040991985067844405,0.00022521699793287553,0.08257389068603516,False
2750,7429,0.12188178160593743,0.00023328799943556078,0.08260440826416016,False
2752,1855,1.083934621172303,0.0002259620014228858,0.08261966705322266,False
2753,2417,0.13199080658511786,0.000445470999693498,0.08255863189697266,False
2754,7345,0.07483384597122722,0.00022493999858852476,0.0826272964477539,False
2755,7433,0.29464992106395194,0.0002368280001974199,0.0825815200805664,False
2757,1807,0.1872998803496507,0.00027955999757978134,0.08260440826416016,False
2762,2723,0.04033301138889245,0.000230685000133235,0.0825967788696289,False
2763,6451,0.4784889215069207,0.00022781699954066426,0.0824747085571289,False
2766,8613,0.11072536168866348,0.00023452800087397918,0.0825815200805664,False
2769,2340,0.07359257819548676,0.00024019500051508658,0.08260440826416016,False
2772,7311,0.14408245486985516,0.0002362769992032554,0.08257389068603516,False
2773,5353,0.14192719494927591,0.00024888099869713187,0.08261966705322266,False
2774,5600,0.18863612941304164,0.00023476900241803378,0.0826120376586914,False
2775,3926,0.19234408003525075,0.00023398600023938343,0.08252811431884766,False
2779,7510,0.4401208173756122,0.0002644419982971158,0.0825967788696289,False
2780,5670,0.09867725196516597,0.00022763200104236603,0.0825967788696289,False
2781,7184,0.09398377469563712,0.00024327400024048984,0.0826272964477539,False
2783,7570,0.004282366840446805,0.00022777699996368028,0.0826120376586914,False
2789,2844,0.09936829608354679,0.00022499899932881817,0.08258914947509766,False
2794,222,0.1816757851875743,0.00017389899949193932,0.0820169448852539,False
2799,4229,0.06882418732203502,0.00024059200222836807,0.08252811431884766,False
2801,2847,0.5301916759525553,0.00023679900186834857,0.08261966705322266,True
2802,7516,0.08810451631217009,0.00022558599812327884,0.08260440826416016,False
2803,2362,0.010058583858852055,0.00021878700135857798,0.08254337310791016,False
2807,6813,0.0035828285005642113,0.00024374699933105148,0.0825967788696289,False
2808,7432,0.005520835018365472,0.0002362990016990807,0.08260440826416016,False
2809,7324,0.3281873945973476,0.00023271600002772175,0.0826120376586914,False
2811,1898,0.04427928220647459,0.00022781699954066426,0.08258914947509766,False
2816,4014,0.03872885319179653,0.00023201899966807105,0.08257389068603516,False
2821,4345,0.028582379726586962,0.00023462500030291267,0.08255863189697266,False
2822,3797,0.0056099627717145495,0.0002283850008097943,0.0825815200805664,False
2825,5252,0.13016911276816756,0.0002202480027335696,0.0826120376586914,False
2827,7801,0.03466328715698602,0.00022476700178231113,0.08260440826416016,False
2829,8480,0.2017562334444789,0.0002341229992453009,0.08258914947509766,False
2831,7140,0.045065231897035166,0.00022746999820810743,0.08261966705322266,False
2832,8510,0.12788844028009505,0.0002399240001977887,0.0825815200805664,False
2834,2918,0.0524582304947252,0.00022932299907552078,0.08261966705322266,True
2835,5439,0.1999425795823644,0.00024367399964830838,0.08260440826416016,False
2836,7627,0.22943886214526846,0.00022716800231137313,0.0826120376586914,False
2837,1829,0.024444597689909142,0.00024510400180588476,0.0825815200805664,False
2840,6582,0.03286737087284142,0.00023198100097943097,0.08260440826416016,True
2841,7516,0.1785208342549215,0.00023187300030258484,0.0826120376586914,False
2843,8074,0.25459778610337386,0.00021518400171771646,0.08249759674072266,False
2844,3978,0.06858544878770245,0.0002300119995197747,0.08258914947509766,False
2845,765,0.25182485367060636,0.00023533400235464796,0.0826120376586914,False
2851,2417,0.9498651251125312,0.0002258300009998493,0.0825967788696289,False
2853,1743,0.012222160055374687,0.00022771400108467788,0.0826120376586914,False
2855,5353,0.0913054209572378,0.00022583700047107413,0.08258914947509766,False
2856,6059,0.012582174871490215,0.0002133939997293055,0.0824747085571289,True
2857,51,0.08666915114659177,0.0002237269982288126,0.08260440826416016,False
2858,873,0.05869154098172778,0.0002328080008737743,0.0826120376586914,False
2863,3681,0.2033849515214244,0.00023290700119105168,0.0826120376586914,False
2864,5394,0.05485855486621438,0.00022515000091516413,0.0825357437133789,False
2866,5477,0.0012336887494184268,0.00023169899941422045,0.08254337310791016,False
2867,7487,0.06527280461794938,0.00022442699992097914,0.0825662612915039,False
2869,5670,0.13549673251545746,0.0002226530014013406,0.08254337310791016,False
2872,6145,0.06843614460931365,0.00022467999951913953,0.08260440826416016,False
2873,2894,0.15993661222283162,0.00022090999846113846,0.08255863189697266,False
2874,6572,0.22265410285667842,0.00023678599973209202,0.0825662612915039,False
2878,458,0.005655038462966555,0.00021896399994147941,0.0825204849243164,False
2879,4293,0.2547063457990187,0.00022841699683340266,0.08261966705322266,False
2881,3487,0.018571176148909727,0.00023772100030328147,0.0825815200805664,False
2882,1620,0.07749754960025768,0.00022042499767849222,0.0825510025024414,False
2886,7561,0.007672732791302428,0.0003109169992967509,0.08257389068603516,False
2887,7429,0.05147636481145934,0.0002363800012972206,0.0825662612915039,False
2892,7411,0.014453956704366444,0.00022463399727712385,0.0825510025024414,False
2893,1730,0.01745200564459154,0.00022467699818662368,0.0825357437133789,False
2895,496,0.09874730846961154,0.00024680999922566116,0.0825510025024414,False
2896,5998,0.04437210890343165,0.00022344399985740893,0.0825967788696289,False
2897,7499,0.09521691880693872,0.0002321659994777292,0.08258914947509766,False
2898,6553,0.018049734933070383,0.0002238670022052247,0.08260440826416016,False
2901,1807,0.061681966950927036,0.00021975499839754775,0.0825357437133789,False
2903,2276,0.09011041602231495,0.00023228499776450917,0.08255863189697266,False
2905,7295,0.027634522357006086,0.00023476100250263698,0.0825662612915039,False
2906,2320,0.03780781416371712,0.00022066599922254682,0.08258914947509766,False
2907,8863,0.02381330875428403,0.00022365699987858534,0.08258914947509766,False
2908,1788,0.013498242831719132,0.00022027199884178117,0.0825510025024414,False
2911,7184,0.06406956935946262,0.0002348060006625019,0.0825815200805664,False
2913,5698,0.17615201483685938,0.000586777001444716,0.0825967788696289,False
2917,7345,0.023621791810057857,0.00022658299712929875,0.0826120376586914,False
2918,7429,0.11454627072778312,0.0002235020001535304,0.08257389068603516,False
2919,2847,0.352040219155587,0.00022561800142284483,0.0825967788696289,False
2920,2844,0.01826598805006327,0.00022331500076688826,0.08258914947509766,False
2925,8579,0.041632313485428174,0.0002223150004283525,0.08252811431884766,False
2928,7479,0.021015081425027837,0.00022810500013292767,0.08254337310791016,False
2929,1867,0.06169129983469576,0.00023434499962604605,0.08257389068603516,False
2930,4688,0.6044045956197984,0.00022239899772102945,0.0825967788696289,False
2931,6622,0.05828593990759376,0.00023483100085286424,0.0826120376586914,False
2932,1513,0.011488834874557083,0.00022397700013243593,0.0826120376586914,False
2934,2977,0.018438645314180713,0.00023663300089538097,0.0825967788696289,False
2935,5721,0.10715576931168058,0.0002265270013595,0.0826120376586914,False
2936,5620,0.02553922566399791,0.00023110900292522274,0.08257389068603516,False
2938,1731,0.05686610053326824,0.0002206210010626819,0.0825357437133789,False
2939,4196,0.19922909203473946,0.0002379059988015797,0.0825967788696289,False
2940,7301,0.049337629687909335,0.0002249729986942839,0.0825967788696289,False
2942,8710,0.06727775404256606,0.00022480599727714434,0.0826120376586914,False
2946,1596,0.019382088740389936,0.00023077099831425585,0.08257389068603516,False
2947,5823,0.2759779574822534,0.0002777150002657436,0.08258914947509766,False
2950,7946,0.08378880920065103,0.00023381400023936294,0.08261966705322266,False
2951,7561,0.01747270959264524,0.00022267299937084317,0.08252811431884766,False
2952,1620,0.21989959254100444,0.00022245600121095777,0.08252811431884766,False
2960,4301,0.07248614472171405,0.0002230889986094553,0.08255863189697266,True
2961,1883,0.08550720596729966,0.00022623499899054877,0.0826120376586914,False
2967,6903,0.09871725451889118,0.00023056899954099208,0.08261966705322266,False
2968,2814,0.11496642117505648,0.0002309259980393108,0.08261966705322266,False
2969,1472,0.008112336379114793,0.00021655100135831162,0.0825357437133789,False
2971,329,0.20964138453448314,0.00022438700034399517,0.0825967788696289,False
2974,1819,0.12186134758781395,0.0002381310005148407,0.08261966705322266,False
2976,1730,0.24446179257674056,0.00023347399837803096,0.08261966705322266,False
2977,7511,0.008780932939886354,0.00023097799930837937,0.0826120376586914,False
2978,1028,0.2623828698823125,0.00021949000074528158,0.0825662612915039,True
2979,8433,0.19391316513347434,0.00022422300025937147,0.0825967788696289,False
2981,2475,0.022746386729386336,0.00024144300186890177,0.0825967788696289,False
2982,2847,0.059785979072243034,0.00022515499949804507,0.08261966705322266,False
2985,1568,0.05767150529335238,0.00022873700072523206,0.08261966705322266,False
2986,6978,0.15999591721388365,0.000240064000536222,0.08260440826416016,False
2989,6438,0.3511290071595601,0.00023033699835650623,0.0825204849243164,True
2990,136,0.02409070918345884,0.00023186700127553195,0.0825967788696289,False
2996,7456,0.09098207624768229,0.0002353410018258728,0.0826120376586914,False
2997,7499,0.04656639471842061,0.00022971199723542668,0.0826120376586914,False
3000,1608,0.08429128890348547,0.00023475199850508943,0.08260440826416016,False
3001,6622,0.41543839779999503,0.00023115799922379665,0.0826120376586914,False
3002,7343,0.0008637056950481226,0.00022284099759417586,0.0826120376586914,False
3003,7511,0.6550783455248429,0.00024090000079013407,0.0826120376586914,False
3005,412,0.03288429716715474,0.0002447260012559127,0.0825967788696289,False
3006,7513,0.04913499625608375,0.00023057399812387303,0.0826120376586914,False
3009,493,0.029009833735783364,0.0002413849979348015,0.0826120376586914,False
3014,2918,0.005190192635165222,0.00021629800176015124,0.08251285552978516,False
3015,8593,0.0008908008490446928,0.0003353749998495914,0.08258914947509766,False
3018,2927,0.013050080755283286,0.0002584350004326552,0.08261966705322266,False
3020,2125,0.21154645062146882,0.00022572599846171215,0.08252811431884766,False
3021,8164,0.025659911326063864,0.00023452999812434427,0.0826120376586914,False
3022,2918,0.09165908583996085,0.00023383699954138137,0.0826120376586914,False
3024,8414,0.3339840137024088,0.00022218399681150913,0.0825815200805664,False
3028,8414,0.10453043044337568,0.00022771500152884983,0.08252811431884766,False
3029,2934,0.000997195194761602,0.00022119999994174577,0.08260440826416016,False
3036,8463,0.10457179699583996,0.00024070899962680414,0.0826120376586914,False
3037,8480,0.008243080615576215,0.00022815100237494335,0.08261966705322266,False
3038,7499,0.19266922584310364,0.00025207699945895,0.0826120376586914,False
3039,1382,0.027647662713758736,0.00022546100080944598,0.08261966705322266,False
3040,2475,0.0069261498349803,0.00022996400002739392,0.08255863189697266,False
3046,2717,0.0828512674981261,0.00020309200044721365,0.0823678970336914,False
3047,6519,0.0696224069200011,0.00022831599926576018,0.0825357437133789,False
3048,1608,0.03893499129547412,0.00022531200011144392,0.08260440826416016,False
3051,7256,0.06136679165831216,0.00023463899924536236,0.08261966705322266,False
3054,645,0.018258361727982668,0.00021850299890502356,0.0825357437133789,False
3059,5252,0.03649899211084713,0.00022709800032316707,0.08261966705322266,False
3061,1782,0.061632579852899494,0.00022960400019655935,0.0825662612915039,False
3062,1183,0.019301099597519907,0.00022766300025978126,0.0825662612915039,False
3064,5416,0.020811748650047868,0.0003069559970754199,0.08261966705322266,True
3065,7598,0.14853804446839924,0.00023173299996415153,0.0826120376586914,False
3067,7296,0.17480810002086344,0.00022653599808108993,0.0826120376586914,False
3068,8920,0.21966912592166343,0.000222336999286199,0.08258914947509766,False
3069,7429,0.06352365034628349,0.00023281399990082718,0.08257389068603516,False
3073,7140,0.1955335217369924,0.0002257269989058841,0.0826120376586914,False
3074,7311,0.07002980214187277,0.00023340499683399685,0.0826120376586914,False
3081,458,0.12479651688078497,0.00022531600188813172,0.0826120376586914,False
3082,7184,0.09398377469563712,0.00023687999782850966,0.0826272964477539,False
3090,8539,0.03404533667783083,0.00023795000015525147,0.0826120376586914,False
3091,1390,0.05073438889736788,0.00022792099844082259,0.08252811431884766,False
3092,8749,0.18904607823288558,0.00023739199968986213,0.0826120376586914,False
3095,4289,0.05812563478088451,0.0002207830002589617,0.0825815200805664,True
3100,6622,0.046410540944375724,0.00022391899983631447,0.08260440826416016,False
3101,7760,0.08125934443302452,0.00021853300131624565,0.08251285552978516,True
3102,5252,0.13016911276816756,0.0002250319994345773,0.0826120376586914,False
3104,1199,0.028294227103765945,0.00029162799910409376,0.0826120376586914,False
3105,5539,0.34462262566605995,0.00023873900136095472,0.08261966705322266,True
3106,2918,0.09784774621618197,0.00022355200053425506,0.08261966705322266,False
3107,3552,0.018700066463208508,0.00023282999973162077,0.08257389068603516,False
3109,1323,0.010249689179357573,0.0002235040010418743,0.0825967788696289,False
3111,8539,1.0196382517225477,0.00022733600053470582,0.0826120376586914,False
3113,6813,0.02004806909255205,0.0002215450003859587,0.08254337310791016,False
3115,4512,0.0877260517872972,0.00023159500051406212,0.08261966705322266,False
3117,2417,0.06098242840754631,0.00022205399727681652,0.0825662612915039,False
3118,2362,0.16050750633852007,0.0002357580015086569,0.08258914947509766,False
3119,557,0.08853121114659586,0.00022241699844016694,0.0825967788696289,False
3120,1877,0.039086186509520005,0.00022218800222617574,0.08260440826416016,False
3121,1266,0.0032523562264713535,0.00022108399934950285,0.08252811431884766,False
3123,3271,0.010670476795794026,0.0002267339987156447,0.08258914947509766,False
3125,8123,0.013961310416148637,0.00021637600002577528,0.08252811431884766,False
3126,7256,0.07126728877102434,0.00027199900068808347,0.08261966705322266,False
3130,8164,0.07373809680979453,0.00022599200019612908,0.08261966705322266,False
3134,1901,0.06292300923666211,0.00022613699911744334,0.0825967788696289,False
3135,7345,0.007170517886274652,0.00022429899763665162,0.0825967788696289,False
3139,4579,0.018495005732339198,0.0006758580020687077,0.08261966705322266,False
3141,5078,0.013126055095266024,0.00023644799875910394,0.08255863189697266,False
3142,7511,0.024816428246779404,0.0002261970003019087,0.08261966705322266,False
3144,4993,0.38328364800020864,0.00023793899890733883,0.08261966705322266,False
3146,5670,0.03712235185135904,0.00022975400133873336,0.0825662612915039,True
3147,2497,0.10115163208881428,0.0002412409994576592,0.08260440826416016,False
3150,7516,0.1716346813789862,0.00023793800210114568,0.0826120376586914,False
3151,1143,0.061945299712821186,0.0002300870000908617,0.08255863189697266,False
3152,1877,0.05130754204627097,0.00023483699987991713,0.0825815200805664,False
3154,397,0.044024768224495636,0.0003145120026601944,0.08260440826416016,False
3158,1867,0.011505932973675442,0.0002238099987152964,0.08260440826416016,False
3160,7561,0.0660548750699006,0.00022530600108439103,0.08258914947509766,False
3165,2276,0.12254851635980085,0.00022268100292421877,0.08249759674072266,False
3166,1854,0.3093117418843231,0.00022267700114753097,0.08260440826416016,False
3168,7311,0.18307114352446208,0.00022846700085210614,0.0826120376586914,False
3172,496,0.003153673566752349,0.00022695599909638986,0.0826120376586914,False
3175,4014,0.17918546510215144,0.00024491099975421093,0.08257389068603516,False
3176,8536,0.023493459072733813,0.00024372600091737695,0.08258914947509766,False
3179,5670,0.0441381423508031,0.00023703600163571537,0.0825967788696289,True
3180,412,0.123242536465894,0.00025574699975550175,0.0826120376586914,False
3182,2814,0.02169448425392234,0.00022442799672717229,0.08261966705322266,False
3183,6585,0.6493386138601349,0.00022875700233271345,0.08260440826416016,False
3186,2865,0.13975348726015238,0.0002710549997573253,0.08260440826416016,False
3189,7598,0.1130930878986176,0.00022601200180361047,0.08260440826416016,False
3190,7343,0.13321906483032284,0.00024311599918291904,0.08261966705322266,False
3191,7718,0.01826209858851032,0.0002299189982295502,0.08261966705322266,False
3193,7425,0.15875234250564038,0.00025559300047461875,0.08260440826416016,False
3194,2814,0.0490070999297168,0.00022808599896961823,0.08260440826416016,False
3195,7184,0.09398377469563712,0.00023630500072613358,0.0826272964477539,False
3198,1568,0.04815168778634274,0.00023895200138213113,0.0826120376586914,False
3199,7614,0.027990211937663545,0.0002252950034744572,0.0826120376586914,False
3203,8486,0.2610851527214991,0.00023128899920266122,0.08255863189697266,False
3204,7561,0.12510038020110797,0.00023261000023921952,0.0826120376586914,False
3205,7271,0.17579709888598583,0.00024118199871736579,0.0826272964477539,False
3206,1897,0.004837621788814417,0.0002453639972372912,0.0826272964477539,False
3208,7184,0.09398377469563712,0.0002298580002388917,0.0826272964477539,False
3210,5195,0.16714014571070743,0.00024094000036711805,0.08260440826416016,False
3211,5737,0.09263487225962096,0.0002329379967704881,0.0825967788696289,True
3213,7510,0.15353009110467036,0.0006076520003261976,0.0825967788696289,False
3214,8411,0.023831806185708126,0.00022113200247986242,0.0825510025024414,False
3215,8866,0.06903181779831336,0.00022265900042839348,0.0825662612915039,False
3219,7513,0.06857296929782297,0.00022295400049188174,0.0826120376586914,False
3221,2927,0.102206171797981,0.00022520899801747873,0.0826120376586914,False
3223,1596,0.14028845914936638,0.00022726700262865052,0.08261966705322266,False
3225,6519,0.2001301031110132,0.00022023699784767814,0.08254337310791016,False
3226,5252,0.025959303141803503,0.00022955399981583469,0.0826120376586914,False
3227,8751,7.528854909261595,0.0002592960008769296,0.0826272964477539,False
3228,2918,0.0524582304947252,0.00023465499907615595,0.08261966705322266,False
3229,7324,0.10847766732691497,0.00022685700241709128,0.0825967788696289,False
3231,7311,0.05352220106076383,0.0002278950014442671,0.08261966705322266,False
3237,8751,7.528854909261595,0.00022603199977311306,0.0826272964477539,False
3239,8164,0.12114108911178746,0.00022665800133836456,0.08261966705322266,False
3241,2847,0.025617166286988333,0.0002289100011694245,0.08261966705322266,False
3242,8295,0.0015199829258012443,0.00022709000040777028,0.0825204849243164,False
3245,8924,0.19244206845514755,0.00021449700216180645,0.0825357437133789,False
3246,7140,0.5884956708733019,0.0002231819998996798,0.08260440826416016,False
3247,5670,0.037446134545799925,0.00027226800011703745,0.08260440826416016,False
3248,2927,0.1519006199880965,0.00023063899789121933,0.08260440826416016,False
3249,7425,0.2518876680156746,0.0002296069978910964,0.0826120376586914,False
3259,7559,0.0037277136930922135,0.00024212500284193084,0.0826120376586914,False
3261,3431,0.07700913581923902,0.0002317059988854453,0.08258914947509766,True
3262,7429,0.014345612111831052,0.000233580001804512,0.0826120376586914,False
3263,7345,0.2571364029679888,0.00022420099776354618,0.08261966705322266,False
3267,1854,0.006663639788558884,0.00022923900178284384,0.0826120376586914,False
3268,7559,0.21207366369423192,0.0002729539992287755,0.0826120376586914,False
3270,7614,0.1417432085817015,0.00022505800006911159,0.0825967788696289,False
3271,1568,0.20865992045766354,0.00022355399778462015,0.0826120376586914,False
3273,2409,0.1155550165191569,0.00021977999858791009,0.08254337310791016,False
3274,7345,0.13002413171573401,0.00022604599871556275,0.0826272964477539,False
3275,1898,0.08383089891368645,0.000272781999228755,0.08260440826416016,False
3276,8414,0.20148817344937398,0.00022134300161269493,0.0825662612915039,False
3277,8414,0.24172323591275433,0.0002239760033262428,0.08255863189697266,False
3281,7598,0.015619059743981062,0.00022671700207865797,0.08260440826416016,False
3286,2723,0.0957934760569481,0.0002708209976844955,0.0825967788696289,False
3287,4194,0.12840531561352414,0.00025163600002997555,0.08261966705322266,False
3288,7562,0.27521107006867623,0.00023123700157157145,0.0826120376586914,False
3289,7343,0.15380979135295667,0.0002724009973462671,0.0826120376586914,False
3290,8293,0.009474173950508424,0.00022329200146486983,0.0825815200805664,False
3291,2814,0.015336431379138371,0.00023764000070514157,0.08261966705322266,False
3297,7345,0.28096910122566765,0.00029871500009903684,0.08261966705322266,False
3298,7499,0.32090570753822834,0.00022477799939224496,0.0825967788696289,False
3299,7295,0.11227781599172426,0.00023051600146573037,0.08261966705322266,False
3300,6359,0.016744960052514957,0.00023258399960468523,0.08258914947509766,False
3303,7511,0.07580693661472282,0.00023497999791288748,0.08261966705322266,False
3304,6544,0.07980932131452573,0.0002547980002418626,0.0826120376586914,False
3306,5658,0.13286008236853963,0.0002357929988647811,0.0826120376586914,False
3307,7640,0.0014288505854173073,0.0002292989993293304,0.0826120376586914,False
3308,7295,0.1754498730562633,0.00027242600117460825,0.08261966705322266,False
3309,2723,0.18595438761898553,0.0002379220022703521,0.08258914947509766,False
3310,2918,0.002106208491950312,0.00022528399858856574,0.08261966705322266,False
3314,2153,0.05283606400418828,0.0002277429994137492,0.0825357437133789,False
3316,2044,0.2830740535709273,0.00022384200201486237,0.08257389068603516,False
3317,5824,0.04769864867463758,0.00021543500042753294,0.0824747085571289,False
3318,8433,0.015364911298076933,0.00020229800065862946,0.08236026763916016,True
3320,8542,0.02350653667845848,0.0002474980028637219,0.08260440826416016,False
3321,3827,0.41994279910617505,0.000225653999223141,0.0826120376586914,False
3323,4415,0.13094084224509187,0.00022784099928685464,0.08261966705322266,False
3325,8480,0.19849174614253817,0.00023744899954181165,0.08258914947509766,False
3326,5488,0.2941915855683426,0.00023130800036597066,0.08225345611572266,False
3327,2044,0.06597880230985087,0.00022769499992136844,0.0825662612915039,False
3328,5273,0.04540503584020315,0.00021559900051215664,0.08249759674072266,False
3331,2190,0.17130539555884639,0.00023963299827300943,0.08252811431884766,False
3332,5488,0.1277312566502562,0.00020630000290111639,0.08225345611572266,False
3333,7561,0.016275508712676717,0.0002393200011283625,0.08260440826416016,False
3334,6233,0.04881773626041985,0.00023566600066260435,0.08251285552978516,False
3335,7499,0.39341446804095337,0.00022815099873696454,0.0826272964477539,False
3341,123,0.10500602296124795,0.00023024400070426054,0.08249759674072266,False
3342,8539,0.02846178094597951,0.00022840399833512492,0.08257389068603516,False
3343,334,0.03418182238766754,0.00023239000074681826,0.08261966705322266,False
3344,6642,0.192397869063183,0.0002027020018431358,0.08236026763916016,True
3346,5416,0.20923876660854243,0.00019765199976973236,0.0822305679321289,False
3354,1323,0.1353944061319004,0.00020464800036279485,0.0823984146118164,True
3355,4301,0.025909895246797654,0.00021458999981405213,0.0824899673461914,False
3356,5416,0.18496204181007714,0.00019459299801383168,0.08222293853759766,False
3358,7627,0.15225802105335445,0.00022794100004830398,0.0826272964477539,False
3361,2140,0.04576713136152155,0.00022036100199329667,0.0825662612915039,False
3365,3827,0.01893751667099465,0.00023412199880112894,0.0825967788696289,False
3368,3827,0.054319244278883794,0.00021544600167544559,0.08239078521728516,False
3371,4083,0.07618743997068667,0.0002442479999444913,0.0825052261352539,False
3372,5477,0.8601263889908177,0.00020598599803633988,0.08225345611572266,False
3376,2918,0.10650650404613948,0.00022999099746812135,0.08261966705322266,True
3377,8274,1.3036576292701678,0.0002254130013170652,0.0825967788696289,True
3378,4053,0.2203614977718208,0.00022421800167649053,0.0825967788696289,False
3380,10,0.043344658462423136,0.00022132300000521354,0.0825967788696289,False
3389,7432,0.06419472392514147,0.00024324799960595556,0.08260440826416016,False
3391,4964,0.8840592881925278,0.00036197299777995795,0.0825815200805664,True
3395,3827,0.11819202559697883,0.00021359899983508512,0.08242130279541016,False
3396,1973,0.14108617332540843,0.00022634199922322296,0.0825967788696289,False
3397,4598,0.14061262061869906,0.00022523400184581988,0.0826120376586914,False
3401,2281,0.07029539697512366,0.00022828500004834495,0.0824747085571289,False
3402,5325,0.05963776876070781,0.00021392400230979547,0.08246707916259766,False
3403,1942,0.07325127007917337,0.00023579399930895306,0.08258914947509766,False
3404,2977,0.0895518679793274,0.00023213900203700177,0.08261966705322266,True
3405,5665,0.0779497854940583,0.00019722900105989538,0.0822458267211914,False
3406,2513,0.02070720388664604,0.00021994899725541472,0.0824899673461914,True
3408,4148,0.035409509338521716,0.00022144499962450936,0.0825052261352539,False
3411,5185,0.20351252080299934,0.00021678699704352766,0.0825357437133789,False
3412,4598,0.2180923227568745,0.0002402499994786922,0.08255863189697266,False
3413,4268,0.04296206859602103,0.00023676899945712648,0.0825662612915039,False
3414,6334,0.11342651983972178,0.00022695599909638986,0.0825052261352539,False
3415,7351,0.3625412489749499,0.00023453899848391302,0.0826120376586914,False
3417,4301,0.08130119870325198,0.0002397739990556147,0.0824899673461914,False
3418,1747,0.013111732181104535,0.0002397520001977682,0.08260440826416016,False
3423,3043,0.0070753108834288245,0.00023936799698276445,0.0825510025024414,False
3425,6285,0.2869633428486696,0.00022311800057650544,0.0825052261352539,False
3427,3035,0.031151610585338652,0.0002268030002596788,0.0825815200805664,False
3428,2044,0.3252398774673315,0.00023251300081028603,0.08257389068603516,False
3430,4598,0.000950679319684955,0.00023831600265111774,0.0825815200805664,False
3432,6067,0.05270976238445563,0.00022025699945515953,0.0824441909790039,True
3433,6606,0.15361477155564696,0.00021198000104050152,0.0824747085571289,True
3434,2090,0.1892049180473485,0.00028492699857451953,0.0825967788696289,False
3439,6643,0.1504744398384501,0.00021004600057494827,0.0824289321899414,True
3441,6155,0.036432603103703776,0.0002327209986106027,0.0825815200805664,False
3442,4059,0.45745191614532316,0.00024588000087533146,0.0826120376586914,False
3443,5483,0.13867005849474207,0.00022300700220512226,0.0824899673461914,False
3444,4394,0.32413293229620815,0.00021245900279609486,0.0824136734008789,False
3447,2143,0.16547491290479258,0.00022213300326257013,0.08257389068603516,False
3449,1746,0.003373190825461947,0.00023755099755362608,0.08258914947509766,False
3453,5824,0.24786543566170435,0.0002261279987578746,0.08252811431884766,False
3457,7640,0.030267561894745193,0.00022526000248035416,0.0825815200805664,False
3458,5696,0.12807940324110395,0.0002273620011692401,0.08255863189697266,False
3459,4579,0.21490904711467707,0.0002196809982706327,0.0823984146118164,False
3464,1942,0.08327340017862034,0.00027301800218992867,0.08258914947509766,False
3467,5477,0.06110709654256041,0.000206892000278458,0.08226871490478516,False
3469,846,0.01885269106772544,0.0002212490035162773,0.08255863189697266,False
3470,196,0.10014781239000038,0.00018861699936678633,0.08200931549072266,False
3471,4841,0.005360139239675932,0.00022283699945546687,0.0824747085571289,True
3472,5665,0.00011988251210572065,0.00019744699966395274,0.08225345611572266,False
3474,7906,0.14705173765434698,0.00021944900072412565,0.0825052261352539,False
3476,3794,0.20056905946850404,0.00025662000189186074,0.08260440826416016,False
3477,4536,0.0443370877254759,0.0002169780018448364,0.0822000503540039,False
3480,5477,0.024595778477845,0.00022674099818686955,0.0825662612915039,False
3481,4160,0.14266970429980164,0.0002537770014896523,0.08257389068603516,False
3482,5142,0.08770977461693619,0.00022244300271268003,0.08255863189697266,False
3483,6144,0.010674860911001005,0.00035430199932307005,0.08251285552978516,False
3484,4499,0.0030300081061514494,0.000241016001382377,0.0825662612915039,False
3487,6582,0.22333739024666582,0.00021340300008887425,0.08246707916259766,True
3488,7283,0.001798264315597025,0.0002376709999225568,0.08260440826416016,False
3489,3942,0.012830584519818347,0.0002347900008317083,0.0826120376586914,False
3490,5658,0.042333088367480134,0.00020402399968588725,0.0823526382446289,False
3498,5658,0.005544502537002227,0.00022819100195192732,0.0825815200805664,False
3499,2870,0.037914634733702296,0.00022848899970995262,0.08237552642822266,True
3501,2090,0.40447792898023316,0.0002604790024633985,0.08261966705322266,False
3502,5164,0.007857159088524732,0.00022351699954015203,0.08254337310791016,False
3503,7425,0.03794278565738507,0.0002451660002407152,0.08261966705322266,False
3504,5600,0.011060983049420103,0.00019905799854313955,0.08225345611572266,False
3509,2190,0.06002258214892198,0.00022646700017503463,0.0826272964477539,False
3510,5564,0.003151179217610378,0.0002178110007662326,0.0824441909790039,False
3511,3681,0.01008323621111995,0.00021949899746687151,0.08243656158447266,True
3512,1715,0.05189258320229303,0.0002358920028200373,0.0825815200805664,False
3514,8486,0.016310482510701017,0.0002244400020572357,0.08258914947509766,False
3517,2424,0.1459784466970023,0.00022332899970933795,0.0825052261352539,False
3519,5439,0.12746848102705055,0.00023026700000627898,0.0825815200805664,False
3520,2603,0.023963373071148375,0.0005578130003414117,0.08252811431884766,True
3521,312,0.006605222744705763,0.00023539099856861867,0.0826120376586914,False
3523,2175,0.0050776849961861464,0.0002255549989058636,0.0826120376586914,False
3527,5488,0.1814466835090902,0.0002017719998548273,0.0822458267211914,False
3529,2684,0.3663108595150648,0.0002275789993291255,0.08252811431884766,True
3530,5186,0.006020956964037455,0.00023377400066237897,0.08252811431884766,False
3533,8010,0.41695773957939863,0.00021981100144330412,0.08254337310791016,False
3536,746,0.014677189704835503,0.0003177979997417424,0.08260440826416016,False
3539,4006,0.11422633515310449,0.0002282880013808608,0.08260440826416016,False
3541,6092,0.012058253011673292,0.0002375820004090201,0.08261966705322266,True
3542,2128,0.24456792442438946,0.0002277610001328867,0.0825204849243164,False
3546,6451,0.016357358868946403,0.00020771599884028547,0.08240604400634766,False
3547,2171,0.03511441541643423,0.0002278159990964923,0.08258914947509766,False
3548,8293,3.2814435768318275,0.00021828599710715935,0.08246707916259766,True
3553,4267,0.17602788310001455,0.0002201409988629166,0.08257389068603516,False
3554,4086,0.09066215085210028,0.00022733300284016877,0.0825510025024414,False
3555,5971,0.0504796151362531,0.00023648899878025986,0.08252811431884766,False
3557,6655,0.008930599043486916,0.00023710200184723362,0.0825967788696289,True
3558,3528,0.027214316238725972,0.00021346599896787666,0.08249759674072266,True
3559,4069,0.037927639775934094,0.00027704799867933616,0.0826120376586914,False
3562,567,0.011072468842002525,0.00023665099797653966,0.08255863189697266,False
3564,5526,0.09301615400689295,0.00021150999964447692,0.0824747085571289,False
3565,6482,0.01088561967491572,0.0002278869978908915,0.0825967788696289,False
3566,7351,0.0020868409013604897,0.00025147199994535185,0.0824594497680664,False
3568,2281,0.15549222424024295,0.00021304700203472748,0.0824594497680664,False
3571,1973,0.11730838111191824,0.00022352400264935568,0.0825967788696289,False
3572,2426,0.0027969293693455924,0.00022221100152819417,0.08243656158447266,False
3580,1562,0.04154734341068078,0.00022699800319969654,0.0825510025024414,True
3582,6067,0.05497283940409326,0.00023106700245989487,0.0825815200805664,True
3584,4059,0.017575115610380092,0.00022651600011158735,0.08258914947509766,False
3585,4053,0.12875554946235068,0.00022596099734073505,0.0825662612915039,False
3586,7656,0.03738497472171565,0.00022380099835572764,0.08251285552978516,False
3594,8870,0.43440877035393943,0.00023627799964742735,0.0824899673461914,True
3595,1737,0.0522981021087765,0.0002252689992019441,0.08258914947509766,False
3596,4504,0.06961361852943293,0.00020926700017298572,0.0823984146118164,False
3602,5731,0.024560507249420604,0.0002162080018024426,0.08243656158447266,False
3604,2288,0.05312202100193164,0.0007013579997874331,0.08248233795166016,False
3605,705,0.030705607784803017,0.000231296999118058,0.0825662612915039,False
3606,8870,0.024109053552170016,0.000240600998949958,0.0825967788696289,True
3607,1931,0.13230028687437229,0.0002235040010418743,0.0825967788696289,False
3609,4415,0.18529127590280048,0.00022717200045008212,0.0826120376586914,False
3611,5477,0.2490671703117756,0.00020955499712727033,0.08239078521728516,False
3612,7718,0.029241406242568546,0.0002310859999852255,0.08254337310791016,False
3614,3631,0.6178845769301419,0.00021302800087141804,0.08245182037353516,True
3617,7656,0.011548733040743109,0.00023154299924499355,0.0826272964477539,False
3620,1475,0.27756265952660447,0.0002194560001953505,0.08248233795166016,False
3621,2417,0.12205791402493205,0.00023050500021781772,0.08257389068603516,False
3624,4047,0.004729246406429355,0.0002396219970250968,0.08260440826416016,False
3625,4280,0.07695789631833083,0.00022165699920151383,0.0825662612915039,False
3627,2452,0.06317041393448213,0.0002216339998994954,0.08252811431884766,False
3629,3338,0.04959817269615352,0.00021227600154816173,0.0824747085571289,False
3630,1504,0.09378169590963031,0.00021213299987721257,0.08246707916259766,True
3632,5698,0.11084495883117151,0.000240446999669075,0.0826120376586914,False
3636,3438,0.05310933171160803,0.0002227829972980544,0.08258914947509766,False
3637,3182,0.018848751481913895,0.00024900800053728744,0.08257389068603516,False
3640,1613,0.03047930532972387,0.000213791001442587,0.08246707916259766,True
3641,4988,0.04312708379221508,0.0002220799979113508,0.0823068618774414,False
3642,4134,0.0353791801359149,0.0002550330027588643,0.08258914947509766,False
3643,3461,0.001442855453414077,0.0002268249991175253,0.08258914947509766,False
3644,6285,0.039735758422430656,0.00024176099759642966,0.08258914947509766,False
3645,3488,0.022249706280165427,0.00022529099805979058,0.08258914947509766,False
3646,975,0.01382065292164203,0.00023243899704539217,0.0826120376586914,False
3650,8737,0.0009674992415455996,0.00021923200256424025,0.08252811431884766,False
3652,6207,0.0076007867255750705,0.00021896900216233917,0.08257389068603516,False
3654,8123,0.026985481749736806,0.00023212899759528227,0.0825510025024414,False
3656,6470,0.004651384033799388,0.00022382799943443388,0.08258914947509766,False
3657,1599,0.03495665407728271,0.0002251269979751669,0.0824594497680664,True
3660,7411,0.049474733497592904,0.00021489799837581813,0.08245182037353516,True
3661,5353,0.030034668744873816,0.00022439399981522,0.0825052261352539,False
3662,3401,0.02849430686510246,0.0002443049997964408,0.08258914947509766,False
3663,4586,0.03940233756120817,0.00020336400120868348,0.08231449127197266,True
3664,5457,0.010676722942810635,0.000225267001951579,0.0826120376586914,False
3668,8710,0.03995770683438754,0.0002846120005415287,0.0825510025024414,False
3669,5195,0.025134676768954645,0.00021926400222582743,0.0825510025024414,False
3671,6470,0.026446738508840606,0.0002253459970233962,0.08258914947509766,False
3672,7718,0.06443977315816955,0.00023148600303102285,0.0825204849243164,False
3674,5195,0.025762178462857888,0.00022607600112678483,0.08254337310791016,False
3676,5459,0.03245158517579971,0.00023305799913941883,0.0826120376586914,False
3679,7159,0.005630501726899162,0.00023046700152917765,0.0825815200805664,False
3680,252,0.018146355458774188,0.00021087799905217253,0.08223819732666016,True
3684,3713,0.004326131255421473,0.0002256699990539346,0.08260440826416016,False
3686,1246,0.027991451333293612,0.00022322299992083572,0.0825815200805664,False
3687,5737,0.018838708222638334,0.00022245600121095777,0.08258914947509766,False
3689,4083,0.014657650745423162,0.00025495099907857366,0.08257389068603516,False
3691,5156,0.003956330886402293,0.00021648800247930922,0.08251285552978516,False
3692,5600,0.02748410319722483,0.00021202499920036644,0.0822610855102539,False
3693,1222,0.016336282876338426,0.00022101300055510364,0.0825662612915039,False
3696,2318,0.006055110999483526,0.00021910000214120373,0.08248233795166016,False
3697,7954,0.008612746526383885,0.00023236199922394007,0.0825967788696289,False
3701,6072,0.051417208731487696,0.0002237959997728467,0.0826120376586914,False
3705,3528,0.015461179549824912,0.0002462779993948061,0.0826120376586914,False
3706,6341,0.007493558059567085,0.00023736999719403684,0.0826120376586914,False
3707,8535,0.015790032515639638,0.00021388300228863955,0.08242130279541016,True
3709,4988,0.015991090021051813,0.0002111489993694704,0.0823678970336914,False
3710,5608,0.0035901190223778796,0.0002401409983576741,0.08261966705322266,False
3714,3438,0.0036186592633539183,0.00023609900017618202,0.0825815200805664,False
3715,1421,0.06911930877317651,0.00029723800253123045,0.0825662612915039,False
3716,5415,0.026174671555287965,0.0002335499993932899,0.08260440826416016,False
3717,1150,0.011512580363302938,0.00023833900195313618,0.0825662612915039,False
3719,1523,0.08687675355287622,0.00023792999854777008,0.0826120376586914,False
3723,1177,0.013828728580179472,0.0002231719990959391,0.08254337310791016,False
3724,1227,0.021919732882208942,0.00022246000298764557,0.08260440826416016,False
3729,6651,0.039728630530113995,0.00022399500085157342,0.0825815200805664,False
3730,8593,0.00413574447013032,0.00019929699919885024,0.0822458267211914,True
3731,7208,0.026499443365588626,0.00020973500068066642,0.08220767974853516,False
3735,2932,0.07489679493922335,0.0002344820022699423,0.08261966705322266,False
3737,6582,0.0031514592995702806,0.00022383800023817457,0.08257389068603516,False
3738,4757,0.025190424781837528,0.0002498159992683213,0.08261966705322266,False
3743,5416,0.015099165180787577,0.00018819600154529326,0.0821237564086914,False
3744,545,0.010071825025924408,0.00021936999837635085,0.0825204849243164,False
3745,3582,0.012881537464065665,0.0002236990003439132,0.08258914947509766,False
3748,4510,0.005314012801878265,0.0002598220016807318,0.08225345611572266,True
3749,839,0.05535552764051055,0.0002324189990758896,0.0826120376586914,False
3750,4267,0.03375588412263364,0.00023239000074681826,0.08258914947509766,False
3752,6651,0.014855249237043844,0.00023212500309455208,0.08257389068603516,False
3753,4716,0.00858001747677617,0.0002308509974682238,0.0825815200805664,False
3756,5620,0.004367434783203172,0.0002113779992214404,0.08219242095947266,False
3759,4132,0.01055496571993153,0.0002385359985055402,0.0825510025024414,False
3763,5557,0.07302736168795279,0.0002595549995021429,0.0826120376586914,False
3766,1562,0.02080658837175342,0.0005167269991943613,0.08261966705322266,False
3767,8115,0.03530292743273694,0.0002196649984398391,0.08254337310791016,False
3768,6092,0.011222048298436649,0.00022368499776348472,0.08261966705322266,False
3769,5835,0.05211319610600473,0.00022425499992095865,0.08258914947509766,False
3772,5185,0.09111874756005156,0.00022209099915926345,0.0825662612915039,False
3774,7947,0.04455398795250905,0.00022347800040734,0.08258914947509766,False
3775,5483,0.07256691104491031,0.0002354809985263273,0.08258914947509766,False
3777,4973,0.06760286398465715,0.00021746300262748264,0.08251285552978516,False
3778,7324,0.03320775456621683,0.00022947199977352284,0.0823831558227539,True
3779,5156,0.034199853878850384,0.0002248599994345568,0.08249759674072266,False
3781,1399,0.009529162920209444,0.00022707599782734178,0.0825357437133789,False
3783,4461,0.039437286889226465,0.0001994379999814555,0.0821542739868164,True
3784,5620,0.02683953535954453,0.0001933980020112358,0.0821390151977539,False
3785,1399,0.008051760556763543,0.00021848500182386488,0.0825357437133789,False
3786,329,0.010993933778600251,0.0001931870028784033,0.08222293853759766,True
3787,7516,0.019532159538086624,0.00021427400133688934,0.0824441909790039,True
3790,3102,0.0176464380516963,0.00021979500161251053,0.0825052261352539,False
3792,8536,0.008132708427949886,0.00020581299759214744,0.0823373794555664,True
3795,4991,0.020790274796647856,0.00022519100093632005,0.0825662612915039,False
3796,5564,0.03217682626228108,0.0002621520034153946,0.0825967788696289,False
3797,3098,0.046453694436047854,0.00023032100216369145,0.08252811431884766,False
3800,7010,0.02487360651535353,0.00023165099992183968,0.0825357437133789,False
3801,4461,0.03182516860764819,0.00019578399951569736,0.0821847915649414,True
3802,8463,0.025700914992870444,0.00022072600040701218,0.08243656158447266,True
3803,3713,0.029495022292505113,0.00022486299712909386,0.0825967788696289,False
3805,4283,0.013460360532183024,0.00022342400188790634,0.08258914947509766,False
3807,1103,0.0032764880340783176,0.0002226249998784624,0.08251285552978516,False
3808,3782,0.04259310480190992,0.00020999700063839555,0.0823831558227539,True
3813,1208,0.04349084622826527,0.00022126499970909208,0.08257389068603516,False
3814,1747,0.017423284938839045,0.00020981000125175342,0.08243656158447266,True
3815,1752,0.020998735039340577,0.00022322600125335157,0.08245182037353516,True
3824,4839,0.11809978564806789,0.0002270800032420084,0.0825204849243164,False
3827,7929,0.018269111018343498,0.0002413319998595398,0.0825815200805664,False
3828,5391,0.018851924706547063,0.00024149300224962644,0.0826120376586914,False
3831,641,0.004577699677242808,0.0002381430022069253,0.0825510025024414,False
3832,5325,0.03298763654276399,0.0002549109995015897,0.08255863189697266,False
3833,4688,0.010191628210737491,0.00019463900025584735,0.0822000503540039,False
3836,7140,0.0012676110834564658,0.00021948299763607793,0.0825052261352539,False
3842,7140,0.002661288039615961,0.0002349759997741785,0.08252811431884766,False
3846,5620,0.005462389122921629,0.0002058829995803535,0.08223819732666016,False
3848,4196,0.04482163905170378,0.00023245299962582067,0.08252811431884766,False
3849,1743,0.01818098481286068,0.0002140119977411814,0.08242130279541016,True
3850,4688,0.015596960326587195,0.0002127959996869322,0.08219242095947266,False
3851,4991,0.00483707844634873,0.00022258699755184352,0.0825510025024414,False
3853,1883,0.03772503926703119,0.0002187450008932501,0.0824441909790039,True
3857,5173,0.019749258361431266,0.00022161300148582086,0.0825662612915039,False
3858,5354,0.0070131748931086535,0.00022670999896945432,0.0826120376586914,False
3859,3878,0.035432461853801236,0.00020609900093404576,0.0823526382446289,True
3861,3552,0.05790101649969126,0.0002451639993523713,0.0826120376586914,False
3866,1056,0.012189502825256326,0.0002523990006011445,0.08258914947509766,False
3867,123,0.03395417044875749,0.00022158099818625487,0.08258914947509766,False
3872,8122,0.03672425772203258,0.00021963900144328363,0.0825357437133789,False
3877,8010,0.01587903296502427,0.00023276200226973742,0.08258914947509766,False
3881,4941,0.010691650083876514,0.0002244400020572357,0.08260440826416016,False
3884,1251,0.15353079090452315,0.00022409300072467886,0.08257389068603516,False
3887,93,0.06266806450514906,0.00022969899873714894,0.0825967788696289,False
3888,6655,0.024682960785630703,0.00028303799990681,0.08258914947509766,False
3889,4988,0.002973332489576562,0.000275942002190277,0.0823373794555664,False
3890,1877,0.005710002384719637,0.00023012499877950177,0.08245182037353516,True
3891,1103,0.01900696849587491,0.0002223250012320932,0.08257389068603516,False
3894,4196,0.04116127240586147,0.00021707800260628574,0.08251285552978516,False
3895,5327,0.01632602183625176,0.00021867300165467896,0.08252811431884766,False
3897,5763,0.025308623677978787,0.00022522699873661622,0.0825967788696289,False
3898,6285,0.02516100744820604,0.00022483999782707542,0.08258914947509766,False
3899,1620,0.013749412550338125,0.00021413099966594018,0.0824289321899414,True
3900,5219,0.007087501838173971,0.0002238730012322776,0.0825052261352539,False
3905,5823,0.027843866263548067,0.00024238200057880022,0.08258914947509766,False
3907,2320,0.0804470802698285,0.0002178229988203384,0.08248233795166016,False
3909,8264,0.028932748231888405,0.00022679200264974497,0.0825967788696289,False
3913,5416,0.002567433524747531,0.00020020300144096836,0.0822000503540039,False
3914,817,0.049216541804379066,0.00022620600066147745,0.0825510025024414,False
3915,8461,0.021933242934765118,0.00022797500059823506,0.0823984146118164,True
3916,1730,0.0004715434109260064,0.0003145120026601944,0.08245182037353516,True
3917,6655,0.006845170013458052,0.00022592099776375107,0.08260440826416016,False
3923,3794,0.008071115393621042,0.00020903599943267182,0.0823831558227539,True
3925,5483,0.00703153063851189,0.0002256400002806913,0.08258914947509766,False
3927,1199,0.006462147168456722,0.0002338759986741934,0.0825662612915039,False
3929,5608,0.03445747233788643,0.00023915699784993194,0.0826120376586914,False
3930,4024,0.029243084675051767,0.00021263300004648045,0.0824136734008789,True
3931,8319,0.01928375890887679,0.00023291099932976067,0.08261966705322266,False
3932,4132,0.027454936826795895,0.00023655100085306913,0.0825510025024414,False
3934,8380,0.035773316899376684,0.0002222299990535248,0.08254337310791016,False
3936,1877,0.015436569726697158,0.00021245099924271926,0.08243656158447266,True
3939,5459,6.71105231950242e-05,0.00022375499975169078,0.0826120376586914,False
3940,7806,0.009177279916423142,0.00021838699831278063,0.0824289321899414,False
3941,1707,0.024812641467196472,0.00021454300076584332,0.08239078521728516,True
3942,3488,0.04100517866135489,0.00022423100017476827,0.08258914947509766,False
3943,8459,0.014290343300850772,0.00021460099742398597,0.08243656158447266,True
3945,8463,0.012253935773683056,0.00022823199833510444,0.08243656158447266,True
3947,1199,0.003962836858630192,0.0002189229999203235,0.08254337310791016,False
3948,8912,0.05467478283578575,0.00024339399897144176,0.0825967788696289,False
3954,8010,0.006305584539600256,0.00023180800053523853,0.08258914947509766,False
3955,4209,0.014958354811570151,0.00022341400108416565,0.0825967788696289,False
3956,1819,0.006077867771389384,0.00022368700228980742,0.0824594497680664,True
3960,1747,0.023369131772404572,0.00026183899899479,0.08242130279541016,True
3962,1421,0.010078593671421832,0.0002255020008306019,0.0825662612915039,False
3967,879,0.01325908879969706,0.00023211699954117648,0.0826120376586914,False
3968,1731,0.005605086436675455,0.000264315000094939,0.08243656158447266,True
3973,5312,0.04016860568629188,0.00021875599850318395,0.08251285552978516,False
3977,5999,0.00929577011321156,0.0004973420000169426,0.0826120376586914,False
3978,3452,0.012334925812138187,0.00022531900322064757,0.0825967788696289,False
3982,6943,0.05375780943211547,0.00023719199816696346,0.0825510025024414,False
3983,3182,0.06875661415358841,0.00022243499915930443,0.08257389068603516,False
3987,1504,0.026144088735224835,0.00022764499954064377,0.0826120376586914,False
3992,1165,0.03938829940717142,0.00022267500025918707,0.0825815200805664,False
3993,7499,0.013604083531446598,0.00021924800239503384,0.0823373794555664,True
3995,1807,0.009250236708167936,0.00023940200117067434,0.08243656158447266,True
3996,641,0.028590298048262713,0.00024703500093892217,0.08255863189697266,False
4000,7507,0.006002872838884565,0.00024575999850640073,0.0826120376586914,False
4001,7433,0.04341883048608208,0.00022004099810146727,0.08255863189697266,False
4008,8463,0.07787243481239248,0.00023225199765875004,0.08254337310791016,False
4009,6606,0.1261621294956817,0.00022108600023784675,0.0825662612915039,False
4010,7954,0.22000022219826604,0.00022523799998452887,0.08261966705322266,False
4012,7728,0.1390720355961281,0.00022706099844072014,0.08261966705322266,False
4014,8461,0.03092826113312641,0.00023877800049376674,0.08255863189697266,False
4015,3081,0.2137071131178257,0.0002499109978089109,0.0825967788696289,False
4019,7428,0.014740724481674988,0.00034214900006190874,0.08258914947509766,False
4020,8433,0.22520040795758722,0.0002373689967498649,0.0825662612915039,False
4021,1743,0.2918862879825386,0.00022009500025887974,0.08255863189697266,False
4022,5273,0.0018119964644383547,0.00023133400100050494,0.08260440826416016,False
4023,1873,0.19796810211961724,0.00023382200015475973,0.0825815200805664,False
4027,4160,0.15668191403441048,0.00025800399816944264,0.0826120376586914,False
4029,8510,0.005647397101536722,0.00022662999981548637,0.0825357437133789,False
4030,8402,0.12695344878694145,0.0002252000012958888,0.0824899673461914,False
4031,7965,0.029778832938199218,0.00023531899933004752,0.0825967788696289,False
4032,1788,0.020080059036715725,0.0002362970008107368,0.0825662612915039,False
4037,2790,0.03507436097150996,0.00024127600045176223,0.08260440826416016,False
4039,7351,0.00982273714219628,0.00022986299882177263,0.08258914947509766,False
4042,1506,0.0739777527758098,0.00023847299962653778,0.0824899673461914,False
4043,7283,0.10869961768028608,0.00022609400184592232,0.08261966705322266,False
4044,3660,0.039978673058859146,0.00022091600112617016,0.0825815200805664,False
4045,7806,0.20472175880387344,0.00022793999960413203,0.08260440826416016,False
4046,2918,0.09955198022878253,0.0002281479974044487,0.08261966705322266,False
4049,8402,0.019049610505477405,0.00022181399981491268,0.0824899673461914,False
4050,3678,0.06910107331991659,0.00022846999854664318,0.0826120376586914,False
4053,7468,0.002279638208415008,0.0002620470004330855,0.08258914947509766,False
4055,3060,0.005069740775590683,0.0002286929993715603,0.0825967788696289,False
4056,6606,0.7099397312439546,0.0002251820005767513,0.0826120376586914,False
4058,7513,0.03299605761915672,0.00023524700009147637,0.0826120376586914,False
4062,7544,0.07380814433098953,0.00022785200053476728,0.0826120376586914,False
4069,8749,0.10619870884152613,0.00025635700148995966,0.08261966705322266,False
4071,8510,0.04970593669210932,0.00023716500072623603,0.0825510025024414,False
4072,6237,0.05527385162121058,0.00023308699746849015,0.08260440826416016,True
4079,1743,0.10097196605568826,0.00033757600249373354,0.0825662612915039,False
4080,2318,0.11232410729177877,0.00023511700055678375,0.08257389068603516,False
4081,7598,0.025297318709741917,0.0002325650020793546,0.08261966705322266,False
4082,1855,0.045775016928828044,0.00022450799951911904,0.08257389068603516,False
4083,2288,0.3520083377880159,0.00021617400125251152,0.08251285552978516,False
4086,8452,0.0031629902205133065,0.00022123199960333295,0.0825357437133789,False
4087,7781,0.1393719855278971,0.00022755100144422613,0.08260440826416016,False
4088,7324,0.18922440580363553,0.00023713699920335785,0.0825967788696289,False
4089,7513,0.38608503153628726,0.00023435900220647454,0.0826120376586914,False
4094,2918,0.07088157290839803,0.00023090399918146431,0.0826120376586914,False
4096,3678,0.1338514328305968,0.00023780599804013036,0.08261966705322266,False
4097,7301,0.7113113392891481,0.0002468050006427802,0.08261966705322266,False
4103,5325,0.3648794425792681,0.00023457999850506894,0.0826120376586914,False
4107,8411,0.033465580596931166,0.00023209500068333,0.0825662612915039,False
4108,2894,0.027440143407450712,0.00023542700000689365,0.08260440826416016,False
4110,2865,0.25018012134719103,0.00022597700080950744,0.0826120376586914,False
4112,7511,0.005079581763077795,0.0002209979975305032,0.0825662612915039,False
4113,7516,0.03993089947260853,0.0002200479975726921,0.0825815200805664,False
4115,1819,0.00853869905136716,0.0002209839985880535,0.08257389068603516,False
4116,2865,0.08433967123502117,0.0002235489992017392,0.0826120376586914,False
4117,4268,0.011526889906798319,0.00024150500030373223,0.08261966705322266,False
4118,7507,0.5551359475176969,0.0002277610001328867,0.08261966705322266,False
4119,3060,0.18210169347317195,0.00026226899717585184,0.08260440826416016,False
4120,7712,0.35039630002504246,0.00029453500246745534,0.0826120376586914,False
4123,6622,0.35674216515529134,0.00023448299907613546,0.0825967788696289,False
4125,6404,0.07230643912406229,0.00022663799973088317,0.08261966705322266,False
4126,3048,0.39595959401411873,0.0002245499999844469,0.0826120376586914,False
4128,482,0.009095611843240939,0.00023547199816675857,0.0825662612915039,False
4131,8294,0.7864847352462704,0.00022412100224755704,0.0824441909790039,False
4132,7511,0.015492444100419639,0.0002657100012584124,0.0826120376586914,False
4133,2413,0.011081748205345465,0.00023006599803920835,0.08258914947509766,False
4135,8025,0.056710182746529114,0.00022643700140179135,0.08261966705322266,False
4142,7296,0.03473762169944328,0.00023281999892788008,0.0825967788696289,False
4143,8074,0.017473754741904757,0.00022936300229048356,0.08261966705322266,False
4145,4643,0.1473454695766237,0.00022475600053439848,0.0825967788696289,True
4146,7296,0.03102262011758017,0.0002329379967704881,0.0826120376586914,False
4151,1898,0.008780247927867357,0.00025146199914161116,0.0825815200805664,False
4152,6585,0.11297932106052669,0.00022337100017466582,0.0825815200805664,False
4154,2424,0.05497956676557292,0.00024250899878097698,0.08257389068603516,False
4159,8380,0.047734862373472506,0.00022349700157064945,0.08260440826416016,False
4161,616,0.012296095094276403,0.00022270900080911815,0.0826120376586914,False
4162,7598,0.1904972448937584,0.00022998699932941236,0.0825967788696289,False
4163,2865,0.14618362407662228,0.00022392100072465837,0.0826120376586914,False
4166,5600,0.40321618165146345,0.0002302510001754854,0.0826120376586914,False
4172,1877,0.26232807574965555,0.00023576099920319393,0.0825815200805664,False
4173,7627,0.17697440213827953,0.00023011699886410497,0.0826120376586914,False
4176,3103,0.046147406626925486,0.0003439469983277377,0.0826120376586914,False
4178,7176,0.029053881156314965,0.00022496800011140294,0.0825662612915039,False
4179,7343,0.05345497591205667,0.00022638599693891592,0.0826120376586914,False
4180,7965,0.10757315960071143,0.0002386980013397988,0.08261966705322266,False
4181,4268,0.06921641350579044,0.00023149700064095668,0.0826120376586914,False
4182,7468,0.04152403831209611,0.0002264259965158999,0.08258914947509766,False
4183,4194,0.12494631722436092,0.00022707500102114864,0.08261966705322266,False
4186,2362,0.015141248500202042,0.00022344500030158088,0.08255863189697266,False
4187,7627,0.09585667221716135,0.00024272100199596025,0.0826120376586914,False
4189,7510,0.06930178082734673,0.00023235900152940303,0.0826120376586914,False
4195,5219,0.15497145060355022,0.0002430179993098136,0.0826120376586914,False
4199,7159,2.254364581566089,0.00022605899721384048,0.08261966705322266,False
4202,8164,0.09448467496101316,0.00022603600154980086,0.0826120376586914,False
4203,7301,0.06896982173578614,0.00022655800057691522,0.0826120376586914,False
4205,2497,0.08259935814526786,0.0002257449996250216,0.08258914947509766,False
4206,7345,0.03402278523687574,0.0002272139972774312,0.0826120376586914,False
4207,8730,0.2516286379214423,0.00023082800180418417,0.0825967788696289,False
4209,1506,0.1946947536939858,0.00022065400116844103,0.0825204849243164,False
4212,1190,0.34838918496368365,0.00023774299916112795,0.0825510025024414,False
4216,7627,0.03598483028525035,0.00024227199901361018,0.0826120376586914,False
4217,7614,0.0796343268802456,0.00036600300154532306,0.08258914947509766,False
4218,7271,0.036010707694688726,0.00022490399715024978,0.0825815200805664,False
4219,2270,0.08464836295813882,0.00023080100072547793,0.0825815200805664,False
4220,7383,0.10939040807504208,0.0002991170003951993,0.08258914947509766,False
4224,6534,0.04207770781130393,0.0002307009999640286,0.08260440826416016,False
4226,2543,0.4223527919063863,0.00023680500089540146,0.08258914947509766,False
4227,1545,0.06579604949633192,0.0002230259997304529,0.0825052261352539,False
4229,2362,0.0023885113533343993,0.00022158900173963048,0.0825662612915039,False
4231,1513,0.07062048977990207,0.0002376160009589512,0.08260440826416016,False
4235,2417,0.4833481153137058,0.00027232699721935205,0.08260440826416016,False
4237,1699,0.09161207936093096,0.000223252998694079,0.0826120376586914,False
4239,4525,0.023495376090232112,0.00022890900072525255,0.08261966705322266,False
4241,5600,0.07370598252007787,0.00023142500140238553,0.0826120376586914,False
4243,1444,0.022525332253890445,0.00022104700110503472,0.08257389068603516,False
4244,2061,0.031191990829429805,0.00022953100051381625,0.08258914947509766,False
4245,5059,0.15309521811771704,0.00022668499877909198,0.0825662612915039,False
4248,4027,0.0005168661909766004,0.0002665650026756339,0.0825662612915039,False
4250,493,0.09941937832834569,0.0002262960006191861,0.0825815200805664,False
4253,941,0.010269586831743616,0.00021703399761463515,0.08254337310791016,False
4256,2684,0.17515889364964243,0.00023258800138137303,0.0825357437133789,True
4257,7149,0.058162409411619986,0.00022630500097875483,0.08248233795166016,True
4260,1511,0.043185470824198074,0.00021658400146407075,0.0824747085571289,True
4262,1782,0.05409067100390441,0.00022490300034405664,0.08260440826416016,False
4264,399,0.0071917317653579504,0.0002410689994576387,0.08261966705322266,False
4267,3942,0.06624901137878497,0.00023421399964718148,0.08254337310791016,False
4268,5158,0.018981605627246267,0.00021703800302930176,0.08251285552978516,False
4269,7429,0.07558044408136677,0.00023320199761656113,0.0825967788696289,False
4270,433,0.037706769496345854,0.00022609300140175037,0.0825967788696289,False
4272,424,0.06285550535996043,0.00022944400188862346,0.08258914947509766,False
4273,8010,0.03485852317699726,0.00024091100203804672,0.0824747085571289,False
4274,3926,0.009253356560586068,0.0002295320009579882,0.0825967788696289,False
4275,1788,0.08168151795778261,0.0004440810007508844,0.08258914947509766,False
4278,5616,0.03416295257252601,0.00022929599799681455,0.0826120376586914,False
4280,8539,0.15644118100214577,0.00022895300207892433,0.08261966705322266,False
4281,4256,0.03024847902566421,0.00023012299789115787,0.08258914947509766,False
4282,3968,0.02942337291649677,0.0002234999992651865,0.08258914947509766,False
4283,8074,0.04079120442797174,0.0002155030015273951,0.08252811431884766,False
4284,1511,0.20959953367363937,0.00022449199968832545,0.08252811431884766,True
4285,8924,0.08697987366102922,0.00021862599896849133,0.0825357437133789,True
4288,399,0.01236205043379407,0.00022362699746736325,0.08261966705322266,False
4290,4512,0.038629363477437284,0.0002266570008941926,0.08258914947509766,False
4291,4366,0.0030448824290449095,0.00023195399990072474,0.08255863189697266,False
4292,831,0.05506986468145346,0.0002236500004073605,0.08257389068603516,False
4293,6205,0.08164356245845286,0.0002292440003657248,0.0825357437133789,False
4294,6356,0.0046001271473299354,0.00021965399719192646,0.0825510025024414,False
4296,431,0.058664149547537445,0.00023309300013352185,0.08257389068603516,False
4300,2790,0.13887146325482957,0.00021748899962403812,0.08251285552978516,True
4303,7511,0.07137740515742677,0.00022256100055528805,0.08258914947509766,False
4304,7296,0.13121018876539048,0.000224508999963291,0.08258914947509766,False
4307,4517,0.09337105772600918,0.00022651399922324345,0.08261966705322266,False
4308,1657,0.0413743323696143,0.00022994499886408448,0.08260440826416016,False
4309,412,0.03937331705738556,0.00024096299966913648,0.08260440826416016,False
4310,8480,0.3625672592684772,0.00022456499937106855,0.0826120376586914,False
4311,7958,0.07709379242104547,0.00022411899772123434,0.0825204849243164,False
4312,8539,0.009375634807984534,0.0002474810025887564,0.0825967788696289,False
4314,7149,0.3402893502863541,0.00021473000015248545,0.0825052261352539,True
4316,7958,0.07995750448189431,0.00022401800015359186,0.08248233795166016,False
4317,8751,7.528854909261595,0.00022570300279767253,0.0826272964477539,False
4318,7184,0.09398377469563712,0.00023049599985824898,0.0826272964477539,True
4319,7718,0.0016664177246208407,0.00023585300004924648,0.0826120376586914,False
4321,5991,0.24384842123219563,0.00022984099996392615,0.08255863189697266,True
4322,5971,0.05828381304894452,0.00026720899768406525,0.0825967788696289,False
4324,5488,0.002386558305292885,0.00022437999723479152,0.08251285552978516,False
4329,1867,0.12415288886810552,0.00023654799952055328,0.08260440826416016,False
4330,7428,0.13233202760744822,0.00022490499759442173,0.0826120376586914,False
4334,1657,0.06604607642450033,0.00023309300013352185,0.08260440826416016,False
4337,3414,0.05733820256853184,0.00023904199770186096,0.0825967788696289,False
4338,1657,0.059851122104864984,0.00022900000112713315,0.0826120376586914,False
4340,7771,0.14256626640565767,0.0002295259982929565,0.08261966705322266,False
4341,4579,0.19993142250257856,0.0002174300025217235,0.0825204849243164,False
4342,8542,0.05066795770196375,0.0002252850026707165,0.08260440826416016,False
4346,334,0.1286786578427903,0.0002235040010418743,0.08258914947509766,False
4347,5437,0.20555592365456388,0.00021530500089284033,0.08249759674072266,False
4348,2102,0.0007482766977950916,0.00021481899966602214,0.08243656158447266,False
4353,399,0.1073385408721857,0.00022841800091555342,0.08261966705322266,False
4354,1657,0.029821126351436744,0.00026723300106823444,0.08260440826416016,False
4356,1449,0.06703778089969642,0.00034474100175430067,0.08260440826416016,False
4357,2320,0.07341730060223473,0.00021875400125281885,0.08254337310791016,False
4358,1931,0.22777017206987288,0.00022629099839832634,0.0826120376586914,False
4359,2109,0.05018550350515155,0.0002663609993760474,0.08260440826416016,False
4360,6950,0.05752008564959432,0.00021334599659894593,0.0824899673461914,False
4363,2140,0.005512570186348209,0.00023074099954101257,0.0825357437133789,False
4369,8527,0.003926046584085796,0.00022575600087293424,0.08258914947509766,False
4371,431,0.09062157582861446,0.00024572999973315746,0.08261966705322266,False
4374,5455,0.34660975128613886,0.00022946600074646994,0.0825815200805664,False
4377,5844,0.13678047367886548,0.0002171220003219787,0.0825357437133789,False
4380,458,0.28553919734535865,0.0002336309989914298,0.08261966705322266,False
4383,6332,0.005878910333955285,0.00023152600260800682,0.0825204849243164,False
4384,8536,0.009115415102633584,0.00022578700009034947,0.08258914947509766,False
4387,3108,0.039141635618088984,0.00022799299767939374,0.08258914947509766,False
4389,1028,0.2284344193857173,0.00023668300127610564,0.08252811431884766,False
4390,2424,0.02439832186328733,0.00022259999968810007,0.0825662612915039,False
4394,6205,0.12175611955433098,0.00022451299810199998,0.0825662612915039,False
4395,1268,0.02322565272672228,0.00025681899933260866,0.08245182037353516,True
4397,8459,0.04197540710897307,0.00022529199850396253,0.08261966705322266,False
4399,3044,0.1504931610378803,0.00021637499958160333,0.0825052261352539,False
4400,4083,0.07856724068683132,0.00022332699882099405,0.0825662612915039,False
4402,2402,0.06171007932878647,0.00020967100135749206,0.08245182037353516,False
4403,7760,0.08390974204572077,0.0002100040001096204,0.08245182037353516,False
4405,7140,0.11962061716478785,0.00024850399859133177,0.08258914947509766,False
4407,4033,0.13770196554116776,0.00022847400032333098,0.08261966705322266,False
4408,334,0.03400165121547305,0.00023405300089507364,0.0826120376586914,False
4410,1873,0.021012810397612047,0.00026067900034831837,0.08260440826416016,False
4413,4256,0.18280435394726502,0.00021984200066071935,0.08252811431884766,False
4414,5164,0.09138716068960495,0.0002199179980379995,0.0825204849243164,False
4416,1443,0.12318632527118169,0.00022194299890543334,0.0825204849243164,False
4417,4882,0.025496882487420436,0.00020742000197060406,0.08245182037353516,True
4418,8751,7.528854909261595,0.00022631200044997968,0.0826272964477539,False
4419,7598,0.03371754096964219,0.00022489599723485298,0.0826120376586914,False
4420,4047,0.05891807728190729,0.00022386999989976175,0.08260440826416016,False
4422,5391,0.04382986014839663,0.00020666199998231605,0.08245182037353516,False
4424,7351,0.0771553933112291,0.00022965800235397182,0.0825510025024414,False
4426,873,0.06522756041277944,0.00029872500090277754,0.08254337310791016,False
4428,2717,0.18142946017879247,0.00020760199913638644,0.0823526382446289,True
4429,3926,0.030160654270614984,0.00023120200057746843,0.08260440826416016,False
4432,4579,0.2028092229941556,0.00021732199820689857,0.08239078521728516,False
4433,4415,0.3998450874598016,0.00021933300013188273,0.0825052261352539,False
4434,5488,0.1277312566502562,0.0002795979999064002,0.08225345611572266,False
4437,5665,0.0038463156101800067,0.00022822000028099865,0.0825815200805664,False
4438,2056,0.0036628138145848865,0.00022213400006876327,0.0825510025024414,False
4440,7771,0.096570857534196,0.00022865299979457632,0.08261966705322266,False
4441,5477,0.04144208231330282,0.0001961800007848069,0.0822458267211914,False
4444,3103,0.17213672939232083,0.0002248939999844879,0.0825967788696289,False
4445,462,0.03679098834171646,0.00023642000087420456,0.08260440826416016,False
4446,5313,0.0468845723657918,0.0002336329998797737,0.0826120376586914,False
4447,6519,0.02134816615580437,0.00026363700089859776,0.08255863189697266,True
4449,433,0.07855975722107769,0.00022802400053478777,0.0825967788696289,False
4450,6279,0.16928995796494128,0.00021700000070268288,0.08251285552978516,False
4451,4497,0.03893604643786522,0.00022979899949859828,0.0825967788696289,False
4452,2056,0.007354837829494976,0.00022763399829273112,0.0825052261352539,False
4453,4570,0.018520557822181524,0.0002287399984197691,0.0825510025024414,False
4456,431,0.177705845448758,0.00019648500165203586,0.0823068618774414,False
4460,8510,0.14009823899313645,0.00021407500025816262,0.0824136734008789,False
4461,8510,0.04757686748883305,0.00021429100161185488,0.0824136734008789,False
4462,3374,0.27141004080720776,0.0002343560008739587,0.08260440826416016,False
4464,4614,0.008319818239323595,0.00022366999837686308,0.0825510025024414,False
4466,265,0.0041369766303507305,0.00022979099958320148,0.0822458267211914,False
4469,1730,0.09420666007908012,0.00022948200057726353,0.0825052261352539,False
4470,616,0.01198236091283178,0.0002289080002810806,0.0825662612915039,False
4471,4536,0.7509671470661816,0.00021065400142106228,0.0822610855102539,False
4474,334,0.055765490659087646,0.00019915899974876083,0.08231449127197266,False
4476,3393,0.017603837340321393,0.00037974199949530885,0.0825967788696289,False
4477,6005,0.10453099980920166,0.0002237840017187409,0.0825815200805664,True
4484,7433,0.2734081771616008,0.00021691199799533933,0.0825052261352539,False
4485,1707,0.06495738481025264,0.00024030200074776076,0.0824594497680664,False
4486,7429,0.10296392444155789,0.00021709700013161637,0.0825052261352539,False
4488,8109,0.03849552351098157,0.00022664100106339902,0.08261966705322266,False
4490,2175,0.59505122280581,0.00021786900106235407,0.08254337310791016,False
4491,4939,0.07342063595262616,0.00022847899890621193,0.0826120376586914,True
4492,5823,0.03737052130192417,0.00023112400231184438,0.08258914947509766,False
4494,433,0.010007095967517712,0.00019302199871162884,0.08226871490478516,False
4495,4614,0.01108823446249775,0.00022584299949812703,0.08255863189697266,False
4497,3393,0.024123022229486313,0.000223095001274487,0.0825967788696289,False
4498,3393,0.019511805609274624,0.0002276900013384875,0.08260440826416016,False
4499,6032,0.11969699763219932,0.00025623700275900774,0.08261966705322266,True
4502,4345,0.19955906413339064,0.00021281899898895063,0.08240604400634766,False
4504,8593,0.11090982531469473,0.00021580199972959235,0.08236026763916016,False
4506,3393,0.017603837340321393,0.00022572600209969096,0.0825967788696289,False
4510,412,0.09452786813809125,0.0002034049975918606,0.0822610855102539,False
4511,5616,0.06952247570309812,0.00021275600010994822,0.08242130279541016,False
4519,1222,0.28524263399448957,0.00021962500250083394,0.08257389068603516,True
4525,1497,0.04446037352324339,0.00022411300233216025,0.08261966705322266,True
4527,1108,0.23277630084674428,0.00022500799968838692,0.0825815200805664,True
4529,273,0.08987162646389607,0.00017466099961893633,0.08200931549072266,False
4530,1731,0.012958459716899462,0.00021661899882019497,0.0824747085571289,False
4531,4614,0.008319818239323595,0.00023473399778595194,0.0825510025024414,False
4532,4614,0.0181447944418537,0.00023131000125431456,0.0825510025024414,False
4534,4614,0.001501738541317868,0.0002322609980183188,0.0825510025024414,False
4537,4614,0.001530956948327375,0.00022442099725594744,0.0825510025024414,False
4539,4614,0.018551979992443193,0.00022188699949765578,0.0825510025024414,False
4540,6740,0.08797359493256529,0.00022234999778447673,0.0825967788696289,False
4541,1103,0.2205419542800977,0.0002356730001338292,0.08261966705322266,True
4542,3393,0.019511805609274624,0.00022189100127434358,0.08260440826416016,False
4545,4614,0.003123180432416897,0.0002281240012962371,0.0825510025024414,False
4549,3942,0.13289990425751197,0.00021026099784648977,0.0824289321899414,False
4551,6654,0.012182369961235562,0.00023112499911803752,0.08260440826416016,True
4552,5616,0.10611412704001344,0.00021993799964548089,0.0823068618774414,False
4554,5353,0.22144575053604854,0.00025534000087645836,0.08254337310791016,False
4556,4614,0.008319818239323595,0.00022415299827116542,0.0825510025024414,False
4559,4614,0.003123180432416897,0.00023218900241772644,0.0825510025024414,False
4562,4614,0.008319818239323595,0.00022271700072451495,0.0825510025024414,False
4563,4614,0.0008677697641452514,0.00023703099941485561,0.0825510025024414,False
4565,4614,0.017283466053731558,0.00022214799901121296,0.08255863189697266,False
4566,3393,0.021413880337452784,0.0002253300008305814,0.0825967788696289,False
4567,4042,0.043923975312309294,0.00021453600129461847,0.0824289321899414,False
4572,3393,0.019767370114740335,0.00022313499721349217,0.0825967788696289,False
4573,4614,0.003123180432416897,0.00023305799913941883,0.0825510025024414,False
4575,4614,0.003123180432416897,0.00022743400040781125,0.0825510025024414,False
4577,4718,0.04850629990522748,0.00022262799757299945,0.0825815200805664,True
4579,1747,0.21150632034611405,0.00022599800286116078,0.08248233795166016,False
4582,4042,0.0019863856987449857,0.0002122570003848523,0.08242130279541016,False
4585,7781,0.11374821016240588,0.00024762999964877963,0.0825510025024414,False
4586,1743,0.14205165623696558,0.0002140910000889562,0.0824747085571289,False
4588,4973,0.041214777292839955,0.00023470399901270866,0.0826120376586914,True
4590,8452,0.03492568887557179,0.0002550730023358483,0.08257389068603516,False
4591,5195,0.04903447745155859,0.00022272900241659954,0.08260440826416016,False
4593,5329,0.02856712007185136,0.00022965499738347717,0.08260440826416016,False
4596,222,0.19996474343120751,0.00023851100195315666,0.0820169448852539,False
4597,222,0.19996474343120751,0.00017643699902691878,0.0820169448852539,False
4600,2391,0.0017078837300888716,0.00022196999998413958,0.0825815200805664,False
4602,222,0.19996474343120751,0.0001861649980128277,0.0820169448852539,False
4603,1854,0.03894412357999122,0.0002175779991375748,0.0824747085571289,False
4606,2171,0.005230817607807747,0.00021578700034297071,0.08252811431884766,False
4609,1901,0.040006474135615644,0.0002186899982916657,0.0824594497680664,False
4610,8729,0.36631281759331746,0.00021833799837622792,0.0825204849243164,False
4613,370,0.01933740169028919,0.00019745600002352148,0.08225345611572266,False
4614,5292,0.0938553097440587,0.00022430399985751137,0.0825662612915039,False
4623,975,0.09463333067253882,0.00022134900063974783,0.08258914947509766,False
4624,1855,0.017588661080199852,0.00021210200065979734,0.08245182037353516,False
4625,2870,0.2894882400463923,0.00017477100118412636,0.0820322036743164,True
4627,397,0.0006818748611573517,0.00017785799718694761,0.08208560943603516,False
4629,7296,0.06522138340844948,0.0002511489983589854,0.0823984146118164,False
4630,222,0.19996474343120751,0.00017783799921744503,0.0820169448852539,False
4634,7324,0.1317555281737306,0.00022499899932881817,0.08245182037353516,False
4635,5738,0.12026016027949993,0.00023207100093713962,0.08260440826416016,False
4638,238,0.4372243835575893,0.00017345000014756806,0.0819864273071289,False
4642,222,0.19996474343120751,0.00017537199892103672,0.0820169448852539,False
4643,5313,0.1294215588586365,0.00022311299835564569,0.08260440826416016,False
4644,1829,0.10990790510241055,0.0002344149979762733,0.08246707916259766,False
4645,1599,0.24265807835772213,0.00021481399744516239,0.0824747085571289,False
4646,264,0.6414436307824928,0.00017580799976713024,0.08202457427978516,False
4648,1782,0.09255459950271439,0.00022847800210001878,0.08246707916259766,False
4650,273,0.19940304924038513,0.0001752559983287938,0.08200931549072266,False
4651,2844,0.08685430360227697,0.00022037500093574636,0.08245182037353516,True
4654,222,0.19996474343120751,0.00017442500029574148,0.0820169448852539,False
4655,196,0.08588697440358972,0.00018727599672274664,0.08202457427978516,False
4656,5292,0.005441089209575978,0.00023709499873802997,0.08261966705322266,False
4658,238,0.4372243835575893,0.00017102099809562787,0.0819864273071289,False
4660,8510,0.13868398279294336,0.00021128099979250692,0.0823526382446289,False
4661,8459,0.19683242801581646,0.0002147189989045728,0.08245182037353516,False
4662,1613,0.07547998946675794,0.00022594899928662926,0.08249759674072266,False
4664,222,0.19996474343120751,0.00017784100054996088,0.0820169448852539,False
4668,238,0.4372243835575893,0.00017164100063382648,0.0819864273071289,False
4670,5551,0.31369507166369653,0.00022490999981528148,0.08258914947509766,False
4673,6201,0.09643797195799664,0.00022299500051303767,0.0826120376586914,False
4674,1743,0.11288452680593108,0.00022366699704434723,0.0824747085571289,False
4676,222,0.19996474343120751,0.00017550799748278223,0.0820169448852539,False
4677,222,0.19996474343120751,0.0001854920010373462,0.0820169448852539,False
4678,264,0.11814771392080559,0.0001744149994920008,0.08200931549072266,False
4679,238,0.4372243835575893,0.00018842699864762835,0.0819864273071289,False
4684,243,0.24646470973491802,0.000173795000591781,0.08202457427978516,False
4687,1807,0.0627072340676047,0.00021275299877743237,0.0824594497680664,False
4689,2440,0.017269623415142155,0.00022515200180350803,0.0825510025024414,False
4691,273,0.2960235213962809,0.0001893580010801088,0.08200931549072266,False
4692,8459,0.035937106613099346,0.00022031599655747414,0.0824747085571289,False
4693,4525,0.12484431867601142,0.00020192699957988225,0.0823068618774414,False
4694,8461,0.0011888745774947889,0.0002138680029020179,0.08248233795166016,False
4698,222,0.19996474343120751,0.00017583299995749258,0.0820169448852539,False
4699,8391,0.05605851370285775,0.00022672499835607596,0.0825967788696289,True
4701,7283,0.019629597127172715,0.00021051700241514482,0.0823831558227539,False
4702,5539,0.010944333454185384,0.00020541800040518865,0.0822305679321289,False
4703,3797,0.0012850097966750074,0.0002122939986293204,0.0824289321899414,False
4704,238,0.4372243835575893,0.0001751630006765481,0.0819864273071289,False
4710,329,0.13282489855121143,0.0003095499996561557,0.08226871490478516,False
4711,1901,0.06833553848185663,0.00021376400036388077,0.0824594497680664,False
4713,5273,0.0050730806294538855,0.0005221749997872394,0.08258914947509766,False
4717,8920,0.0330911542627938,0.00022701399939251132,0.08260440826416016,True
4718,3108,0.022319700937849296,0.00023048499861033633,0.0826120376586914,False
4722,2939,0.02274238414946933,0.00022477300080936402,0.08261966705322266,True
4725,2870,0.13383503034244817,0.00017186900004162453,0.0820322036743164,True
4728,433,0.06618175654781294,0.0002641500032041222,0.08213138580322266,True
4729,3017,0.0744973746519629,0.00018660900241229683,0.08210086822509766,False
4731,5477,0.029820458904231018,0.00018940900190500543,0.0821084976196289,False
4732,479,0.10309389411337078,0.00019110300127067603,0.08216190338134766,True
4734,7217,0.08297588766919162,0.00019586100097512826,0.08220767974853516,False
4735,2939,0.1199070440166638,0.0002034620010817889,0.08220767974853516,False
4737,399,0.07176489105963063,0.00018766500215861015,0.0821237564086914,True
4742,493,0.3022359554311887,0.00017998200200963765,0.0821084976196289,True
4743,5439,0.32164202361549116,0.00019520899877534248,0.08219242095947266,False
4744,496,0.1659593705573053,0.00018670899953576736,0.08213138580322266,True
4745,2865,0.05494231541392666,0.00021432499852380715,0.0822763442993164,False
4746,329,0.0035906543372408173,0.00018271099906996824,0.0821084976196289,True
4747,196,0.04110444994890905,0.00019590300144045614,0.0821390151977539,True
4748,7208,0.042972464880950634,0.00020064200361957774,0.08222293853759766,False
4749,2760,0.05243067120587519,0.00020103399947402067,0.0822458267211914,False
4750,4461,0.004217729769109724,0.00020294000205467455,0.08217716217041016,True
4751,310,0.03831877530674577,0.0001810590001696255,0.0821084976196289,True
4757,4042,0.027948382017247503,0.00021056400146335363,0.0824136734008789,True
4759,8613,0.009269478898652928,0.00020800799757125787,0.08226871490478516,True
4761,2041,0.003490019197930627,0.00022346100013237447,0.08258914947509766,True
4762,8535,0.053936098079191724,0.00022113399973022752,0.0823678970336914,True
4764,364,0.1975173237657779,0.0001850929984357208,0.08208560943603516,True
4765,4504,0.04995670895873516,0.00022022499979357235,0.0822153091430664,True
4766,424,0.005634587002164793,0.00020648800273193046,0.0821237564086914,True
4767,310,0.093952099699606,0.00018685000031837262,0.0821084976196289,True
4773,493,0.03664916381289263,0.0001915239990921691,0.0820932388305664,True
4775,431,0.0014032604110915115,0.00018753200129140168,0.08213138580322266,True
4776,252,0.024687121916029814,0.00018043800082523376,0.08210086822509766,True
4779,8613,0.05442694554427785,0.00021303399989847094,0.08226871490478516,True
4783,5439,0.012178048767920835,0.00020450599913601764,0.08216190338134766,False
4784,4497,0.020040906907976996,0.00020439499712665565,0.0821695327758789,True
4785,462,0.0004900513384975547,0.0002005379974434618,0.0821237564086914,True
4787,4594,0.09278897224728086,0.0002796500011754688,0.08239078521728516,True
4788,5616,0.00761183272691307,0.00019616099962149747,0.0822000503540039,False
4790,334,0.028085173803593766,0.00018707799972617067,0.08214664459228516,True
4791,1707,0.06704408229594438,0.000224508999963291,0.08243656158447266,True
4792,2143,0.2900312874832682,0.0002206050012318883,0.0825815200805664,True
4794,8271,0.03650091320822746,0.0002262029993289616,0.0825815200805664,False
4796,3911,0.11071819784431636,0.0002818350003508385,0.0824289321899414,True
4798,3968,0.07277752819420424,0.00020281700199120678,0.08234500885009766,True
4800,5394,0.5839645564896483,0.00018966500283568166,0.0821084976196289,False
4802,2681,0.017593620974074242,0.0002346360015508253,0.0826120376586914,False
4804,479,0.05485855840909082,0.000216879001527559,0.0821390151977539,True
4808,8527,0.07254588139891383,0.00020111199773964472,0.0822610855102539,True
4812,5670,0.09833912846736181,0.0001962549977179151,0.0821390151977539,False
4813,5554,0.005391266574936493,0.00020201400184305385,0.08217716217041016,False
4820,4964,0.011287124441223817,0.00019280799824628048,0.0822000503540039,False
4822,2977,0.03035847708292606,0.00018904500029748306,0.08216190338134766,False
4824,243,0.0646256524831211,0.00018652400103746913,0.0821084976196289,True
4825,222,0.025807404554253233,0.00019947799955843948,0.08210086822509766,True
4826,2071,0.0025125817004900686,0.000199152000277536,0.0822458267211914,True
4827,2939,0.005096980006175755,0.00018844999794964679,0.08214664459228516,False
4828,7891,0.04466836597231749,0.00019319900093250908,0.08220767974853516,False
4829,4510,0.09421182053945358,0.00019606600108090788,0.08223819732666016,True
4830,431,0.031074784199271163,0.00019204099953640252,0.08213138580322266,True
4832,334,0.024792127389062335,0.00018172600175603293,0.0820932388305664,True
4833,4501,0.10569923550990268,0.00018713600002229214,0.0821390151977539,True
4835,252,0.003276044909258924,0.0001827870000852272,0.08208560943603516,True
4837,7468,0.03510704312633821,0.0002265740004077088,0.0822916030883789,True
4838,7271,0.033086878650836926,0.0002092120012093801,0.08229923248291016,True
4840,3017,0.09496497879392907,0.0001820170000428334,0.08208560943603516,False
4841,5698,0.017730777067145098,0.00018479999926057644,0.08211612701416016,False
4843,273,0.018149567544812895,0.00018713200188358314,0.0821084976196289,True
4844,4676,0.04444303060946386,0.0002750710009422619,0.08260440826416016,False
4845,8593,0.03986946501749067,0.00020297099763411097,0.0822153091430664,True
4850,7232,0.04109938058097806,0.00018794399875332601,0.08216190338134766,False
4852,7208,0.015660956999064224,0.00019174599947291426,0.0821390151977539,False
4856,7301,9.321795041983272e-05,0.00020225999833201058,0.08234500885009766,True
4858,334,0.021786138982260006,0.00019521799913491122,0.0820627212524414,True
4860,7614,0.009737012384491095,0.00021000899869250134,0.0823526382446289,True
4861,3660,0.011451780929985056,0.00023034400146570988,0.0825662612915039,False
4863,1897,0.04061458444566522,0.00020908399892505258,0.0824136734008789,True
4864,6560,0.02788297152675856,0.00023191600121208467,0.0825510025024414,False
4866,4688,0.0004961157042118192,0.0001819139979488682,0.08210086822509766,False
4867,5394,0.10360319659280615,0.00019978400086984038,0.08211612701416016,False
4869,2870,0.08233258703614776,0.00018327600264456123,0.0820627212524414,False
4872,8510,0.0004884598837442411,0.00020302100165281445,0.0822000503540039,True
4875,8510,0.039146761735709745,0.00019593999968492426,0.08220767974853516,True
4877,7559,0.04366015593872219,0.00020622000010916963,0.08234500885009766,True
4878,7283,0.07394560095012626,0.00020540600235108286,0.08234500885009766,True
4880,4757,0.059509493180185113,0.00022553300004801713,0.0826120376586914,False
4882,3048,0.040727285660657864,0.000215397998545086,0.0824441909790039,False
4883,4688,0.013918273412410087,0.00017709500025375746,0.0820779800415039,False
4884,8319,0.007272983567669478,0.00023981399863259867,0.0826272964477539,False
4885,7559,0.013043893279104157,0.00021118999939062633,0.0823526382446289,True
4886,2061,0.06004469504249421,0.00022523799998452887,0.0823678970336914,True
4888,1268,0.016704216581477305,0.000220694000745425,0.0825815200805664,False
4889,4757,0.08559879511790884,0.0002264280010422226,0.0826120376586914,False
4892,7134,0.0795253893155024,0.00022915599765838124,0.0826120376586914,False
4898,6544,0.016616730263271373,0.00022275400260696188,0.0825510025024414,False
4899,5488,0.026924441584211117,0.00021717100025853142,0.08217716217041016,False
4900,4802,0.09767289473428664,0.00023597999825142324,0.0826120376586914,False
4901,8920,0.008322291304546647,0.00022693800201523118,0.0825510025024414,False
4904,6092,4.385849872873271e-05,0.00022477799939224496,0.08261966705322266,False
4906,4132,0.050425547827467554,0.0002253339989692904,0.0825662612915039,False
4908,4475,0.09647634107827341,0.0002031010008067824,0.08220767974853516,True
4910,1257,0.037041106144076186,0.00023426999905495904,0.0825967788696289,False
4911,5624,0.03680279280369053,0.00023763499848428182,0.08261966705322266,False
4912,6555,0.05480665782139216,0.00021894199744565412,0.08252811431884766,False
4913,3060,0.15260405314207592,0.00022085699674789794,0.0825357437133789,False
4914,3108,0.003807793908880086,0.00022931800049263984,0.0824594497680664,False
4919,1208,0.0533462968362568,0.0002358229976380244,0.0825815200805664,False
4922,5416,0.06510372040603407,0.00018853700021281838,0.08211612701416016,False
4924,8863,0.04651558949759593,0.00037976400199113414,0.08258914947509766,False
4925,1108,0.01355079040487886,0.000227668002480641,0.0825815200805664,False
4928,3081,0.019812597589337066,0.00022101300055510364,0.08240604400634766,False
4930,3678,0.03936778067369909,0.00022021100085112266,0.08257389068603516,False
4931,8508,0.05281741007599372,0.00020160900021437556,0.0822458267211914,True
4932,1504,0.04915218161059087,0.0002344310014450457,0.08260440826416016,False
4933,4047,0.04449479004096357,0.0002344349995837547,0.08234500885009766,True
4934,7345,0.015410492468687753,0.0002120079989254009,0.08237552642822266,True
4935,3401,0.0057901791963687055,0.00023407499975292012,0.08258914947509766,False
4936,8593,0.02791663270983491,0.00020054700144100934,0.0822153091430664,True
4939,7614,0.008900863757890037,0.00020523900093394332,0.08236026763916016,True
4941,7301,0.050900215601185295,0.00020693199985544197,0.08232975006103516,True
4942,4676,0.03988331654714938,0.0002353590025450103,0.08260440826416016,False
4943,7147,0.06260101698054715,0.00022638800146523863,0.08261966705322266,False
4944,2989,0.016325316586921268,0.00022655500288237818,0.08261966705322266,False
4945,4132,0.07574250818675025,0.00024158899759640917,0.08254337310791016,False
4946,5620,0.031547268453129274,0.00019715999951586127,0.08217716217041016,False
4947,6091,0.03199031439644884,0.00022887199884280562,0.08261966705322266,False
4951,8527,0.0011799733693917958,0.00020768399917869829,0.0823221206665039,True
4957,3628,0.14421420241414035,0.00022615499983658083,0.0826120376586914,False
4958,774,0.07642170238800206,0.00022608799918089062,0.08254337310791016,False
4960,1523,0.00996129417057734,0.00022872500267112628,0.0826120376586914,False
4962,8920,0.03911002924255691,0.0002539270026318263,0.08257389068603516,False
4964,8542,0.031693379327165955,0.00021546000061789528,0.0822610855102539,True
4967,4688,0.006340376884479519,0.0001988829972106032,0.0821237564086914,False
4969,5564,0.00020590956017674245,0.00023680300000705756,0.0825967788696289,False
4970,4941,0.044879685626890986,0.00023054399935062975,0.0825967788696289,False
4974,6582,0.03725615044718909,0.0002446470025461167,0.0825662612915039,False
4978,4229,0.02646673913466992,0.00023713700284133665,0.0825815200805664,False
4979,2932,0.04187205423322965,0.00022840599922346883,0.08258914947509766,False
4980,8607,0.004783903001751355,0.0002114389972120989,0.08223819732666016,True
4983,412,0.056375929655303025,0.00018661300055100583,0.08210086822509766,True
4984,7513,0.02199037514740887,0.0002060229999187868,0.0823526382446289,True
4985,3582,0.0044068790112068434,0.00023741299810353667,0.08258914947509766,False
4986,7507,0.0192787690288565,0.00020556399977067485,0.08234500885009766,True
4989,7295,0.0207134175610455,0.00023175800015451387,0.0823526382446289,True
4991,1108,0.037856624158596475,0.00023385299937217496,0.0825662612915039,False
4992,1562,0.005324677823689727,0.00025025400100275874,0.0826120376586914,False
4993,3043,0.015442796890833665,0.000216117001400562,0.0824594497680664,False
4995,7507,0.006228303546300662,0.00020730899996124208,0.0823526382446289,True
4999,7598,0.00814441419332157,0.00020193499949527904,0.0823373794555664,True
5000,1544,0.0023790986904694833,0.00024319500153069384,0.08261966705322266,False
5002,8607,0.006124064758677772,0.00019414599955780432,0.0822305679321289,True
5005,7863,0.014467665832805083,0.00020241899983375333,0.08210086822509766,True
5006,7513,0.01220312554405667,0.0002100809979310725,0.0823221206665039,True
5007,4148,0.008907322151320396,0.00022483200154965743,0.08255863189697266,False
5008,7544,0.10414839961243094,0.00021241899958113208,0.08232975006103516,True
5009,252,0.053039142054246646,0.00018652800281415693,0.0820779800415039,True
5010,7856,0.0024181470487437823,0.0001861629971244838,0.08210086822509766,True
5011,1388,0.00819375928419853,0.00023178800256573595,0.0825662612915039,False
5012,7544,0.0332943075753841,0.00021529299920075573,0.08236026763916016,True
5014,8319,0.31790696663622486,0.00022897199960425496,0.08261966705322266,False
5016,7499,0.019346633404820568,0.00020645200129365548,0.08234500885009766,True
5017,7873,0.0817378742094726,0.0001878949988167733,0.08211612701416016,True
5019,7487,0.023356431064368466,0.0001971240017155651,0.0822458267211914,True
5020,4536,0.0367996245874771,0.0002024709974648431,0.0822153091430664,True
5021,2071,0.0006756632230924542,0.00020087499797227792,0.0822916030883789,True
5022,8542,0.020598454167446434,0.0002137179981218651,0.08223819732666016,True
5023,7507,0.02657582101378475,0.00022027600061846897,0.0823831558227539,True
5024,4556,0.20975194697635657,0.00020150199998170137,0.0822916030883789,True
5025,5416,0.061976167516553105,0.00018838400137610734,0.08213138580322266,False
5027,496,0.0060882323104313185,0.0002247970005555544,0.0826120376586914,False
5031,5616,0.01743486861385697,0.00022692499987897463,0.0826120376586914,True
5035,8164,0.05971438363968669,0.0002237250009784475,0.08260440826416016,False
5036,8402,0.0014310875608550822,0.0002243509989057202,0.08248233795166016,False
5038,8391,0.01878566324328479,0.0002113840018864721,0.08245182037353516,False
5042,7068,0.10190791841550985,0.00021972999820718542,0.0825662612915039,False
5043,5439,0.19490873252899998,0.00025594800172257237,0.08260440826416016,True
5045,2424,0.035725163252716685,0.000230613997700857,0.0825967788696289,False
5047,8613,0.08704460155553839,0.0002367510023759678,0.0826120376586914,False
5049,2894,0.2809245915509644,0.0002461629992467351,0.08261966705322266,False
5051,7425,0.27761719298061915,0.00023869700089562684,0.08260440826416016,False
5055,1237,0.06488166790828909,0.00024088600184768438,0.0826120376586914,False
5056,1608,0.186204446528201,0.0002590490003058221,0.0826120376586914,False
5057,5554,0.01342133001600343,0.00022677699962514453,0.08261966705322266,True
5060,1873,0.02330197466468628,0.0002332520016352646,0.0826120376586914,False
5061,7149,0.1160191736055638,0.000215738000406418,0.08248233795166016,False
5063,8542,0.11018791105801357,0.0002698179996514227,0.0826120376586914,False
5064,7301,0.000443541769221234,0.00022627100042882375,0.0826120376586914,False
5067,4114,0.07200339241783602,0.00023707999935140833,0.08261966705322266,True
5068,7516,0.0619516190041306,0.00022753300072508864,0.08260440826416016,False
5069,1568,0.014125153676351754,0.0002261059999000281,0.0826120376586914,False
5070,6059,0.08208327817330413,0.00022942700161365792,0.08251285552978516,False
5071,2320,0.03434506351957044,0.00021770400053355843,0.08254337310791016,False
5072,7487,0.05908561163616266,0.00022527400142280385,0.0826120376586914,False
5073,1731,0.1512532101384303,0.00023554500148748048,0.0826120376586914,False
5074,1399,0.022474422322218517,0.00024146299983840436,0.08261966705322266,False
5075,4832,0.10426723915884055,0.00021770099920104258,0.08252811431884766,False
5077,1608,0.034193634906846904,0.00025278500106651336,0.08260440826416016,False
5078,8486,0.14408646356845348,0.0002278460015077144,0.08260440826416016,False
5079,4194,0.06541768808266844,0.00022835200070403516,0.08261966705322266,True
5081,5620,0.03929393818506144,0.0002274349972140044,0.08260440826416016,True
5083,7159,0.23594602029619935,0.00022694300059811212,0.08260440826416016,False
5087,7511,0.2155995494456386,0.00023581799905514345,0.0826120376586914,False
5088,7383,0.17544192990370333,0.00023616899852640927,0.08260440826416016,False
5090,7256,0.04711608497209119,0.0002305369998794049,0.08261966705322266,False
5091,4114,0.15278464039560288,0.00023841800066293217,0.08261966705322266,True
5094,8613,0.011916607026543846,0.0002437820003251545,0.08258914947509766,False
5095,5616,0.05667958103322256,0.00034401300217723474,0.08260440826416016,True
5100,6494,0.019463060002286363,0.00022465999791165814,0.0825967788696289,False
5102,2927,0.06591675610819273,0.00023490999956266023,0.08261966705322266,False
5103,4517,0.2185328520732109,0.0006906290000188164,0.08261966705322266,False
5105,431,0.0027377732557953005,0.0002316270001756493,0.0826120376586914,False
5106,1237,0.04010952841861681,0.0002252550002594944,0.0826120376586914,False
5107,5620,0.16458089914373542,0.00022670500038657337,0.08260440826416016,True
5110,479,0.05156107633590279,0.00023460699958377518,0.0826120376586914,False
5111,2918,0.013565534402618873,0.00022219200036488473,0.0826120376586914,False
5112,433,0.12985639276283673,0.00023666299966862425,0.0826120376586914,False
5113,7487,0.015540874238098468,0.00022569800057681277,0.0826120376586914,False
5114,6695,0.04760470638032676,0.00023249700097949244,0.0825967788696289,False
5115,2918,0.15213654660310016,0.00026975600121659227,0.08261966705322266,False
5116,1877,0.0819135213087181,0.00022679099856759422,0.0825815200805664,False
5118,334,0.004673744568306937,0.00023354700169875287,0.08261966705322266,False
5119,8683,0.018184307676544074,0.0003002659977937583,0.08260440826416016,False
5122,1898,0.05930287923896316,0.00024161900000763126,0.08260440826416016,False
5123,2918,0.08248852752752622,0.0002399059994786512,0.08261966705322266,False
5124,6519,0.3219206104006984,0.00022301300123217516,0.08254337310791016,False
5125,7598,0.18000647696357172,0.00022477600214187987,0.0826120376586914,False
5126,329,0.01291482099327813,0.00022592299865209498,0.08258914947509766,False
5127,431,0.04567184458036744,0.00023189000057755038,0.0826120376586914,False
5128,431,0.03318778538658684,0.0002428539992251899,0.08261966705322266,False
5129,2723,0.007472231302044552,0.0002294750011060387,0.0826120376586914,False
5131,3293,0.10773125542047335,0.00022584800171898678,0.08260440826416016,False
5133,7507,0.0229351586939249,0.00023529899772256613,0.0826120376586914,False
5134,493,0.021571200884500374,0.00025000300229294226,0.0826120376586914,False
5136,7562,0.150172329909821,0.00023747599698253907,0.0826120376586914,False
5137,1737,0.05561221933638549,0.00025044899666681886,0.08258914947509766,False
5140,2424,0.12020017876712602,0.00023763599892845377,0.0825510025024414,False
5141,7433,0.01600904642575518,0.00024776999998721294,0.08260440826416016,False
5142,7468,0.03104568004172245,0.00022843099941383116,0.08261966705322266,False
5143,2417,0.07871933160656547,0.00021765999917988665,0.0824594497680664,False
5145,7598,0.09451531372810004,0.00023981800040928647,0.0826120376586914,False
5146,8527,0.3051488777626501,0.00023368599795503542,0.08260440826416016,False
5151,5482,0.1965198207084194,0.00022623000040766783,0.08257389068603516,True
5154,7409,0.05899777127105604,0.00024109999867505394,0.0826120376586914,False
5155,3926,0.013236867092571686,0.00025802399977692403,0.08260440826416016,False
5157,2391,0.16521179854677248,0.00021519399888347834,0.0824899673461914,False
5158,4834,0.07157412811244468,0.00024547900102334097,0.0825357437133789,False
5159,331,0.07923540516608618,0.0002281279994349461,0.0826120376586914,False
5164,1730,0.01351352913496151,0.0002623089967528358,0.0826120376586914,False
5165,331,0.0357571608394206,0.00023064700144459493,0.0825967788696289,False
5166,7428,0.17427571048546273,0.00022520499987876974,0.0826120376586914,False
5168,7516,0.11511241741733114,0.00023043900000629947,0.08260440826416016,False
5169,8176,0.11658136370759488,0.00022484099827124737,0.08258914947509766,False
5170,7559,0.009410946341730814,0.00022706699746777304,0.08261966705322266,False
5171,8542,0.13817090391191067,0.0002252550002594944,0.08260440826416016,False
5172,431,0.017008866101329845,0.00030010300179128535,0.08261966705322266,False
5177,462,0.0807717757725489,0.00023557700114906766,0.08257389068603516,False
5179,3926,0.03206855463975422,0.00022488899776362814,0.0825967788696289,False
5180,452,0.08763434473352927,0.00024045200188993476,0.0825967788696289,False
5184,8539,0.022543328298167076,0.00022882600023876876,0.08260440826416016,False
5185,8842,0.06032480686911945,0.0002433600020594895,0.0825052261352539,False
5186,8402,0.031239512952766224,0.00022534900199389085,0.0824594497680664,False
5191,331,0.03779122609480606,0.0002249509998364374,0.08261966705322266,False
5194,452,0.01973653851811008,0.0002523479997762479,0.0826120376586914,False
5195,6176,0.024338722161347467,0.000247078001848422,0.0825815200805664,False
5196,2270,0.0673675084948333,0.0002271089979331009,0.0825815200805664,False
5197,8164,0.021308362635727995,0.00022490999981528148,0.08260440826416016,False
5198,5991,0.01535285426776678,0.00021459499839693308,0.08249759674072266,False
5199,1877,0.1457721381533279,0.0002447240003675688,0.0825815200805664,False
5202,7345,0.020670875413808965,0.0002418770018266514,0.08261966705322266,False
5203,1731,0.004477709342267655,0.0002446729995426722,0.08260440826416016,False
5204,8607,0.2318835804377356,0.00022664400239591487,0.0826120376586914,False
5207,399,0.0005637925736972083,0.0002302979992236942,0.0825967788696289,False
5209,2847,0.18193150749159304,0.00022307399922283366,0.08261966705322266,False
5212,5252,0.05975679450652051,0.0002311629978066776,0.0826120376586914,False
5214,7487,0.021888243148264763,0.00022659699970972724,0.0826120376586914,False
5217,8459,0.1323915760110972,0.00022980799985816702,0.0825967788696289,False
5222,4811,0.2922030342353223,0.00021965899941278622,0.08251285552978516,False
5223,1599,0.15050461076717966,0.00024347900034626946,0.0826120376586914,False
5225,1819,0.06918562406827261,0.0002370709989918396,0.08260440826416016,False
5226,7256,0.12009253602086511,0.00022902400087332353,0.08261966705322266,False
5228,2424,0.03617638016699465,0.00022641699979430996,0.08257389068603516,False
5237,3564,0.27047203866608727,0.00022362699746736325,0.08258914947509766,True
5238,7728,0.10225096070401211,0.00023222500021802261,0.0825815200805664,False
5240,3102,0.06748320811673006,0.00023448299907613546,0.08261966705322266,False
5241,462,0.01172649118453195,0.00024429300174233504,0.0825967788696289,False
5243,7362,0.005925438358398788,0.00023411200163536705,0.08260440826416016,False
5246,7656,0.09974664432799518,0.0002257290034322068,0.08261966705322266,False
5251,1782,0.05739077913172522,0.00023059299928718247,0.08258914947509766,False
5252,8607,0.002022929062247325,0.00023569499899167567,0.0826120376586914,False
5255,7311,0.20265465843090072,0.0002324090019101277,0.0825967788696289,False
5260,1819,0.08886375186345966,0.00023310299729928374,0.0825967788696289,False
5263,1608,0.14364453170594374,0.00024152300102286972,0.08257389068603516,False
5264,1527,0.065690256366594,0.000276514001598116,0.08248233795166016,False
5265,7562,0.007035309805167228,0.00022965500102145597,0.0826120376586914,False
5267,5991,0.0033030468909798216,0.0002260510009364225,0.08258914947509766,False
5268,6334,0.26605103948732894,0.00022712999998475425,0.0826120376586914,False
5272,6494,0.11728860249133378,0.00022486500165541656,0.0826120376586914,False
5273,5910,0.029986838299775248,0.00022778400307288393,0.0826120376586914,False
5274,6005,0.07104886615544181,0.00022825799896963872,0.0824747085571289,False
5275,5600,0.032118188917441115,0.00022183600231073797,0.0824899673461914,False
5276,8870,0.004009593118229807,0.00021931700030108914,0.0825357437133789,False
5277,1860,0.10716909665756866,0.00022212600015336648,0.0825052261352539,False
5281,5483,0.01904277956391205,0.0003520819991535973,0.0826120376586914,False
5282,6223,0.0075533101007156135,0.00022392000028048642,0.08260440826416016,False
5284,462,0.25676752465866276,0.00021872199795325287,0.08252811431884766,False
5286,7801,0.0806565195532529,0.00023180999778560363,0.08258914947509766,False
5289,482,0.10073068001379658,0.00022351199731929228,0.0825510025024414,False
5292,5658,0.004525113000848069,0.0002311019998160191,0.0826120376586914,False
5294,7411,0.27777053233110593,0.00026217399863526225,0.08258914947509766,False
5297,2417,0.3158531251853738,0.0002722469980653841,0.08249759674072266,False
5298,7362,0.0038152098827740344,0.00026558599711279385,0.08255863189697266,False
5299,4116,0.0006277532650150169,0.00022342699958244339,0.0826120376586914,False
5300,8607,0.1066541486000907,0.00022837399956188165,0.0824899673461914,False
5301,452,0.04684625706065537,0.0002204490010626614,0.08246707916259766,False
5302,399,0.11185117827250196,0.00021711299996240996,0.0825052261352539,False
5304,364,0.1247314354651624,0.00021458799892570823,0.08251285552978516,False
5309,8607,0.02118717304097295,0.00021930700313532725,0.0825204849243164,False
5310,8710,0.014151852619547928,0.0002266709998366423,0.0826120376586914,False
5311,1061,0.08353720817789294,0.0002254270002595149,0.0826120376586914,False
5315,5698,0.03316125938890657,0.00021732499953941442,0.0824899673461914,False
5316,8710,0.1307493791887556,0.00022462400011136197,0.0825967788696289,False
5318,493,0.03306447846773186,0.00021707599807996303,0.0825204849243164,False
5320,452,0.016297048934670322,0.0002133230009349063,0.08248233795166016,False
5321,8536,0.029924439014970883,0.00022111700309324078,0.0825357437133789,False
5324,8074,0.015847214394852607,0.00022438099767896347,0.08258914947509766,False
5328,415,0.10755081373869468,0.00022378900030162185,0.08254337310791016,False
5329,4024,0.08282903013550524,0.0002176670022890903,0.08246707916259766,False
5330,2261,0.08977054437593374,0.0002571810000517871,0.0823984146118164,False
5331,2932,0.024778736391456998,0.00022227800218388438,0.0825815200805664,False
5332,2340,0.07685403742234397,0.0002289870026288554,0.0824899673461914,False
5333,1855,0.061592204346776175,0.00026034399706986733,0.0825510025024414,False
5334,8508,0.10856628195340967,0.00023962699924595654,0.0825510025024414,False
5338,2409,0.01792894623764041,0.0002268860007461626,0.0824747085571289,False
5339,364,0.06043035034908652,0.0002199970003857743,0.0825204849243164,False
5340,7487,0.07159493810949691,0.0002213340012531262,0.08254337310791016,False
5341,2452,0.14183294988969009,0.00022315200112643652,0.08249759674072266,False
5342,1883,0.06193572709465478,0.00023508300000685267,0.08254337310791016,False
5344,1788,0.13434668096961244,0.00025405100313946605,0.0825510025024414,False
5348,6691,0.11221091058199427,0.00026731600155471824,0.0826120376586914,False
5349,462,0.07009197054877192,0.00022922900097910315,0.08255863189697266,False
5351,5620,0.049875331469112716,0.00022652999905403703,0.08249759674072266,False
5352,1782,0.019663919662591373,0.00022318699848256074,0.08254337310791016,False
5353,5554,0.3221894224568786,0.00022940199778531678,0.0824441909790039,False
5354,2374,0.1329195921621184,0.00022945399905438535,0.0825357437133789,False
5355,412,0.07312331678809175,0.00021810100224683993,0.0824594497680664,False
5356,6654,0.019662636536634356,0.0002313170007255394,0.0826120376586914,False
5360,5600,0.07468110947882578,0.000215891999687301,0.08246707916259766,False
5361,5416,0.11714455159682169,0.00022423700283979997,0.0824899673461914,False
5363,3926,0.0014182094265084988,0.00024646900055813603,0.0825052261352539,False
5365,8579,0.0074547202985160155,0.00021939599901088513,0.08249759674072266,False
5366,2413,0.014590340192495777,0.00021627000023727305,0.08246707916259766,False
5367,1367,0.11496708726568651,0.00021887599723413587,0.0825357437133789,False
5368,8294,0.05403472571653878,0.00021907399786869064,0.08249759674072266,False
5369,6622,0.001775477744715052,0.00022690699915983714,0.0825357437133789,False
5370,6092,0.010570480302458773,0.00022147500203573145,0.08258914947509766,False
5371,415,0.05926056663240578,0.0002288510004291311,0.08249759674072266,False
5373,1901,0.11666642909772196,0.00026496400096220896,0.08251285552978516,False
5374,8459,0.1485237932015675,0.00021965600171824917,0.0825052261352539,False
5375,7479,0.08345471480467895,0.00022856400028103963,0.08254337310791016,False
5377,5658,0.09382218345002025,0.00026224300017929636,0.0825357437133789,False
5378,8613,0.021922201494120164,0.00022087600154918619,0.08246707916259766,False
5381,6091,0.06370133021961374,0.00022594899928662926,0.08258914947509766,False
5382,2424,0.03343897204310731,0.000229618999583181,0.08248233795166016,False
5386,2918,0.16292095798552975,0.00024221800049417652,0.08260440826416016,False
5387,7499,0.04144395673836318,0.00021989000015310012,0.0825510025024414,False
5388,6334,0.060487757977514114,0.0002332639996893704,0.08260440826416016,False
5389,8164,0.10650105212559494,0.00022560599973076023,0.0826120376586914,False
5390,2340,0.09602625996910111,0.0002261299996462185,0.08261966705322266,False
5391,7351,0.061586869253108856,0.00022693199935019948,0.0825662612915039,False
5394,2285,0.03947180357838115,0.0002279840009578038,0.0825204849243164,False
5395,7343,0.12401521018704562,0.00022384200201486237,0.0825815200805664,False
5397,7511,0.27523803632762944,0.00023189599960460328,0.0826120376586914,False
5398,4083,0.035003927506937725,0.00023398100165650249,0.0825815200805664,False
5399,5457,0.07539495376489568,0.00022192500182427466,0.08258914947509766,False
5401,7014,0.10396538137756775,0.00023044200133881532,0.0826120376586914,True
5403,7947,0.5408068978993675,0.00023428599888575263,0.0826120376586914,False
5404,7507,0.03529231155118842,0.00022577300114789978,0.0825815200805664,False
5407,2939,0.04971896460931567,0.00022346699915942736,0.08255863189697266,False
5409,7997,0.07115849148447718,0.00022668600286124274,0.08261966705322266,False
5410,2424,0.02503979999724082,0.00022647000150755048,0.08260440826416016,False
5413,7640,0.012564888506335331,0.000251694000326097,0.0825967788696289,False
5414,7946,0.713999311656051,0.00022599200019612908,0.08261966705322266,False
5416,2288,0.03851220377295847,0.0002378999997745268,0.0825052261352539,False
5418,7362,0.06614970700942893,0.00022764299865229987,0.0825662612915039,False
5420,8402,0.03394999798402254,0.00021615199875668623,0.0825204849243164,False
5423,482,0.05588868702809983,0.00021718199786846526,0.0825052261352539,False
5425,7946,0.06020586239068073,0.00023061100000631995,0.08261966705322266,False
5426,4268,0.36262900766960876,0.0002464620010869112,0.0826120376586914,False
5427,864,0.20515567548803684,0.00024020400087465532,0.08260440826416016,False
5428,4160,0.23082470868237226,0.00022742600049241446,0.08261966705322266,False
5431,2462,0.1348825957400216,0.00022829500085208565,0.0825967788696289,False
5432,1527,0.04145113762713026,0.0002164899997296743,0.08245182037353516,False
5434,4268,0.5420284715236818,0.0002565180002420675,0.0826120376586914,False
5435,8308,0.2428726351785009,0.00021895199824939482,0.0825052261352539,False
5436,364,0.028621527869872227,0.0002248960008728318,0.08257389068603516,False
5437,8402,0.09909726156656318,0.000217802997212857,0.08252811431884766,False
5439,5488,0.020580960833744305,0.00023218799833557568,0.0825052261352539,False
5444,1737,0.17345705694483549,0.00021954200201435015,0.0825052261352539,False
5445,7627,0.043753390475228304,0.00022697399981552735,0.0826120376586914,False
5447,7513,0.036022209048736265,0.00023528499878011644,0.0826120376586914,False
5449,6384,0.6449615909726791,0.00022732599973096512,0.08261966705322266,False
5451,5219,0.14144443589598174,0.00022612500106333755,0.08260440826416016,False
5453,397,0.011348356633080509,0.00021807300072396174,0.0823373794555664,False
5454,6372,0.22191162648666451,0.0002660829995875247,0.08261966705322266,False
5456,265,0.3205238618833773,0.0002298360013810452,0.08236026763916016,False
5457,1674,0.19369120475072354,0.00021838300017407164,0.08248233795166016,False
5458,2426,0.0268620058304741,0.00022650800019619055,0.08255863189697266,True
5459,3878,0.008872327851927153,0.0002103080005326774,0.0823984146118164,False
5460,364,0.12872340812747599,0.00020941500042681582,0.08232975006103516,False
5463,4586,0.053839359539253895,0.0002048110000032466,0.08234500885009766,False
5466,4009,0.15799752983283444,0.0002675729992915876,0.08243656158447266,False
5467,4059,0.06709317334042728,0.00021223200019448996,0.08236026763916016,False
5470,4552,0.05114880386998999,0.0002057169986073859,0.08232975006103516,False
5472,8842,0.15518934101717363,0.00023608599803992547,0.08254337310791016,False
5473,4716,0.18169404150100288,0.00023317200248129666,0.0825967788696289,False
5474,1304,0.10239659585879457,0.00022408099903259426,0.08257389068603516,False
5475,5455,0.04469550897043112,0.00023163200239650905,0.08257389068603516,False
5477,412,0.02247912577557526,0.00021794600252178498,0.0823678970336914,False
5480,2572,0.2648163984030165,0.00022679900212096982,0.08255863189697266,False
5485,399,0.07696987115632326,0.00020610100182238966,0.08232975006103516,False
5486,8115,0.04352117788885617,0.00021903100059716962,0.08254337310791016,False
5490,2723,0.002340298977638433,0.00022289200205705129,0.0825815200805664,False
5493,1470,0.023533621250167114,0.0002389110013609752,0.0825510025024414,False
5494,2977,0.038758830054961724,0.00024173299971153028,0.0823526382446289,False
5495,1061,0.3148572556141736,0.00022956100292503834,0.0826120376586914,False
5499,5698,0.06192685957682276,0.00021437699979287572,0.0823526382446289,False
5500,5624,0.0015915187514004003,0.0002388989996688906,0.08261966705322266,False
5501,5477,0.04631403364566378,0.0002123890008078888,0.08232975006103516,False
5507,5416,0.006955919179380876,0.00021210799968685023,0.0823221206665039,False
5508,4285,0.10663146965264103,0.00022707500102114864,0.08258914947509766,False
5510,6338,0.06499615839885597,0.000230989000556292,0.08261966705322266,False
5512,1944,0.020466434253615606,0.00021147199731785804,0.08246707916259766,False
5513,3817,0.05664377743101934,0.0002261400004499592,0.0824441909790039,False
5514,6552,0.09006748230595374,0.00022454600184573792,0.08260440826416016,False
5515,1737,0.011562790111276477,0.00020837800184381194,0.08242130279541016,False
5516,431,0.041853019530189606,0.00019679000251926482,0.0822763442993164,False
5517,3139,0.09938808336910623,0.0002289750009367708,0.08260440826416016,False
5518,222,0.0034743424609985363,0.000204265998036135,0.0823373794555664,False
5520,1150,0.0605791246948133,0.00024230800045188516,0.0825967788696289,False
5521,6810,0.10612266138177515,0.00022391799939214252,0.0825967788696289,False
5524,452,0.4458385580449735,0.0002656780015968252,0.08236026763916016,False
5525,4552,0.07458989765910418,0.00020226299966452643,0.08229923248291016,False
5526,4556,0.004987629779550584,0.0002082030005112756,0.0823373794555664,False
5527,4510,0.09748785128123538,0.00020556399977067485,0.08236026763916016,False
5528,5698,0.002930239988972849,0.00021134100097697228,0.0823373794555664,False
5530,8243,0.05461203424735395,0.000237358999584103,0.0825357437133789,False
5534,7295,0.020488351265004912,0.00021139899763511494,0.0824441909790039,False
5535,1199,0.020241413924323215,0.00022134300161269493,0.0825357437133789,False
5536,2440,0.06662490612666971,0.0002411070017842576,0.08251285552978516,True
5537,6179,0.19916723841960857,0.0002228760022262577,0.0825815200805664,False
5538,1449,0.02451978379895081,0.000237820997426752,0.08258914947509766,False
5540,6555,0.10364753469321292,0.00022916699890629388,0.08260440826416016,False
5541,4475,0.02529847474233904,0.00021577200095634907,0.0823678970336914,False
5550,2175,0.01382543459369856,0.0002160260009986814,0.0825052261352539,False
5553,2878,0.00685824270911219,0.0002379910001764074,0.08258914947509766,False
5554,7728,0.002472303828415472,0.00023079599850461818,0.0825357437133789,False
5555,5696,0.028066684850083512,0.0002081279999401886,0.08239078521728516,False
5556,2109,0.29628578361209723,0.00021748000290244818,0.08248233795166016,False
5557,5539,0.010821291216529139,0.000208802997804014,0.08237552642822266,False
5560,2402,0.0448789664269075,0.00022646700017503463,0.0825967788696289,True
5561,7801,0.09298217802948903,0.00022234800053411163,0.08254337310791016,False
5563,5620,0.062438037091453236,0.00020930400205543265,0.0823526382446289,False
5564,6685,0.00524339610774277,0.000224626997805899,0.0826120376586914,False
5566,7479,0.022125227464578248,0.0002293779980391264,0.0825510025024414,False
5567,370,0.14927119231853503,0.00026390800121589564,0.0825052261352539,False
5568,7499,0.03623793819163226,0.00023236400011228397,0.08261966705322266,False
5569,1251,0.05643249378720627,0.00022348100173985586,0.08257389068603516,False
5570,1829,0.0016627051325590614,0.00022370700025931,0.08257389068603516,False
5572,3932,0.0436879732245572,0.00021901700165471993,0.08251285552978516,False
5574,3076,0.003991855188429087,0.00024301000303239562,0.08254337310791016,False
5576,1944,0.023323610296592356,0.00023265500203706324,0.08252811431884766,False
5577,6341,0.01618126982917381,0.00025314999948022887,0.08260440826416016,False
5579,6005,0.05927203457433333,0.0002151240005332511,0.08248233795166016,False
5581,4589,0.10998873800680804,0.00020451800082810223,0.0823068618774414,False
5582,2878,0.04712290264979224,0.0002731629974732641,0.0825815200805664,False
5584,7487,0.019678233640175513,0.0002221789982286282,0.0825815200805664,False
5585,7544,0.28263309548107796,0.00023410599897033535,0.08257389068603516,False
5586,7311,0.0483173971123603,0.00021695100076613016,0.08251285552978516,False
5587,6802,0.09013871755348493,0.00026114499996765517,0.0825662612915039,False
5589,5998,0.030758844770535906,0.0002307009999640286,0.0825815200805664,False
5592,1855,0.05697083452541729,0.0002241239999420941,0.08254337310791016,False
5596,2738,0.035148672405326424,0.000220772999455221,0.0825357437133789,False
5605,4278,0.316603346539257,0.00022598299983656034,0.0825967788696289,False
5606,397,0.5456132614452756,0.0001983379988814704,0.0823068618774414,False
5608,6895,0.012927669510941708,0.0002397739990556147,0.08258914947509766,False
5610,3461,0.01689412077687716,0.00022237300072447397,0.08258914947509766,False
5612,2374,0.19239551304547553,0.00022148499920149334,0.08254337310791016,True
5613,431,0.03687966359590461,0.0002060980004898738,0.0823831558227539,False
5616,5327,0.04355103843048387,0.00022828500004834495,0.0825967788696289,False
5618,5313,0.4603082992416423,0.00022320599964587018,0.08261966705322266,False
5621,4086,0.061195137581410194,0.000224855997657869,0.08258914947509766,True
5627,5435,0.06433442846080607,0.00022429599994211458,0.0826120376586914,True
5629,2340,0.005316906296265328,0.0002163319986721035,0.08252811431884766,False
5632,2475,0.3512851149490248,0.0002537950022087898,0.0825815200805664,False
5634,1867,0.042494034814218984,0.00022935299784876406,0.08257389068603516,False
5635,7271,0.29405739087972016,0.0002361150000069756,0.0825967788696289,False
5636,4941,0.03247846525072113,0.00023430200235452503,0.08260440826416016,False
5637,8074,0.07529010672776243,0.0002216219982074108,0.0825967788696289,True
5638,7627,0.037487177493571555,0.0002253299971926026,0.08260440826416016,False
5643,1782,0.02700041946278553,0.00022911500127520412,0.0825662612915039,False
5644,2738,0.04586073315409228,0.00022392000028048642,0.0825967788696289,False
5648,1807,0.01012430019736521,0.00023656199846300296,0.08257389068603516,False
5653,8221,0.03235096662463872,0.00022675700165564194,0.0826120376586914,False
5654,7614,0.002610738532931811,0.0002284520014654845,0.08257389068603516,False
5655,2847,0.05478809766860507,0.00022492499920190312,0.08261966705322266,False
5656,8391,0.008655539986823446,0.0002072669994959142,0.0824441909790039,False
5657,5554,0.06602078570364692,0.00022924299992155284,0.0825967788696289,True
5658,2497,0.002806311185129473,0.00022750100106350146,0.08258914947509766,False
5659,6553,0.04170482204590975,0.00022582900055567734,0.0826120376586914,False
5661,7728,0.11690092167762525,0.00022248000095714815,0.08258914947509766,True
5665,1873,0.14566487943388473,0.00022064400036470033,0.08255863189697266,False
5666,6572,0.022832475117933085,0.00022724500013282523,0.08257389068603516,False
5671,2939,0.03849274326489899,0.00022460200125351548,0.0826120376586914,False
5673,5294,0.2784483804439367,0.00026102099946001545,0.0826120376586914,False
5674,2497,0.13277621776756032,0.0002357359990128316,0.08258914947509766,False
5676,2285,0.011257362556165162,0.00022364299729815684,0.08260440826416016,False
5680,415,0.14058603549307686,0.00022691299818689004,0.0825967788696289,False
5682,6094,0.07625709669620098,0.0002552679979999084,0.0824747085571289,False
5684,7301,0.04018663309915382,0.00024089399812510237,0.0826120376586914,False
5687,3337,0.030367763092193138,0.00022569300199393183,0.08261966705322266,False
5689,8593,0.04165865933543933,0.00022374200125341304,0.08255863189697266,False
5690,2847,0.08945671641909428,0.0002299170009791851,0.0825967788696289,False
5691,6519,0.09675551872331623,0.00022481399719254114,0.0824747085571289,False
5692,3046,0.023305272706778325,0.00022368999998434447,0.0825662612915039,False
5695,986,0.07066878773897442,0.0002312539982085582,0.08261966705322266,True
5697,7929,0.01512996852426389,0.00023109500034479424,0.08258914947509766,True
5699,7559,0.02695116202407939,0.0002375170006416738,0.08260440826416016,False
5700,7271,0.006382187361820613,0.00022159400032251142,0.08254337310791016,False
5701,458,0.007872827435113278,0.00023582200083183125,0.08261966705322266,False
5706,8912,0.06447287713997718,0.00022360799994203262,0.08257389068603516,True
5709,4394,0.04142302765544206,0.0002548909978941083,0.08258914947509766,True
5712,5439,0.21468627858883493,0.00022878199888509698,0.0825815200805664,False
5713,2209,0.05782321772894905,0.00022401599926524796,0.0825662612915039,True
5714,4598,0.12268322266469767,0.00022645799981546588,0.0825967788696289,True
5715,5600,0.22039127298070232,0.0002437189978081733,0.08260440826416016,False
5716,4589,0.20213165517669152,0.0002229390011052601,0.08258914947509766,True
5717,5439,0.018969334576570254,0.00023577399770147167,0.0825510025024414,False
5718,7224,0.29221556338882726,0.00022629299928667024,0.08257389068603516,False
5721,2108,0.07131991613376143,0.00022845499916002154,0.0825357437133789,True
5724,1931,0.07969872902189179,0.00022776799960411154,0.0825662612915039,True
5725,6024,0.5920605604458502,0.00020950200268998742,0.08245182037353516,False
5726,1926,0.41585229888329733,0.00023251799939316697,0.08252811431884766,True
5727,123,0.0023056405007929642,0.0002600389998406172,0.08260440826416016,False
5730,4512,0.016027224668979108,0.00021310999727575108,0.08243656158447266,True
5731,4394,0.3099204764781206,0.00023500700262957253,0.0826120376586914,True
5737,1674,0.012424265363515374,0.00022709699987899512,0.0825815200805664,True
5738,7856,0.1803154486349236,0.00023836500258767046,0.0826120376586914,True
5739,5600,0.7129580818155525,0.00023553199935122393,0.0825967788696289,False
5740,4059,0.06686989163491097,0.00023341099949902855,0.08257389068603516,True
5744,4446,0.22854461511271484,0.00022617400099989027,0.0826120376586914,True
5745,4461,0.4288750014178848,0.00022864000129629858,0.08260440826416016,True
5746,8452,0.007292228679117191,0.00023562099886476062,0.08252811431884766,True
5748,3978,0.2755158230861248,0.00022675299987895414,0.08252811431884766,True
5749,4446,0.07203197029535868,0.00023513700216426514,0.08258914947509766,True
5751,4591,0.21187588302714477,0.0002298539984622039,0.08260440826416016,True
5752,6145,0.016541268438490436,0.0002338619997317437,0.0825662612915039,False
5754,4964,0.2636455881705546,0.00023397499899147078,0.0826120376586914,False
5755,8444,0.8151130927833871,0.00022880899996380322,0.08249759674072266,False
5760,2452,0.00834506722849404,0.00021911899966653436,0.08246707916259766,False
5761,2452,0.19860132273988995,0.00021607500093523413,0.0824747085571289,False
5766,5185,0.04510910895527475,0.0002568259988038335,0.08258914947509766,False
5767,5971,0.05074090938748643,0.0002209919985034503,0.08251285552978516,False
5768,1931,0.1118735434915279,0.00023537800007034093,0.0825510025024414,True
5770,4415,0.1678842737994244,0.0002363720013818238,0.0825815200805664,True
5771,4908,0.042419229123270785,0.0003462470012891572,0.08261966705322266,False
5774,5620,0.051101153910710906,0.0002219419984612614,0.0825662612915039,False
5777,4561,0.13907172694893444,0.00022247400193009526,0.08255863189697266,True
5780,5600,0.23678301273212288,0.0002368260029470548,0.0825967788696289,False
5781,5394,0.23617823242392386,0.00023941900144563988,0.08260440826416016,False
5783,4446,0.12928982861598026,0.00024346699865418486,0.0826120376586914,True
5784,4446,0.07582396571869632,0.00023021199740469456,0.0826120376586914,True
5785,7232,0.06087133589817332,0.00022602999888476916,0.08258914947509766,False
5788,1699,0.26580793986749596,0.0002236360014649108,0.08246707916259766,True
5789,5670,0.1272032970592838,0.00024245099848485552,0.0825357437133789,False
5793,8535,0.09144677280708491,0.00022072100182413124,0.08248233795166016,True
5795,5416,0.018005588237917536,0.00022804200125392526,0.08258914947509766,False
5797,4594,0.12431042128393077,0.00022418599837692454,0.08260440826416016,True
5799,2195,0.47713051568512777,0.0002707839994400274,0.08254337310791016,True
5800,2684,0.31782800860635296,0.0002122429978044238,0.0824747085571289,False
5803,7856,0.003299261713359175,0.00023307300216401927,0.0825967788696289,True
5804,4394,0.4361453129524978,0.00023927599977469072,0.08258914947509766,True
5806,8459,0.14212892247043257,0.0002378939971094951,0.08249759674072266,True
5810,7873,0.6617239590589707,0.00022109999918029644,0.0825662612915039,True
5811,2426,0.2342043108342562,0.0002565529975981917,0.0825052261352539,False
5812,6591,0.21845209501483986,0.00020987199968658388,0.08245182037353516,False
5813,8452,0.0702279889350829,0.0002282799978274852,0.08252811431884766,True
5814,5616,0.03772984017525993,0.00022434600032283925,0.08254337310791016,False
5815,1819,0.05887159771388656,0.00022335999892675318,0.0825815200805664,True
5816,1200,0.07296478904239034,0.00022625299970968626,0.08260440826416016,False
5817,8542,0.005744023722934014,0.0002078969991998747,0.08231449127197266,True
5818,1513,0.04299312735084637,0.0002219419984612614,0.08258914947509766,False
5819,1177,0.05024282226559684,0.0002341149993299041,0.0825967788696289,False
5820,2143,0.1449516740925223,0.00024292000307468697,0.08257389068603516,True
5821,5554,0.0036085278882656002,0.00020863299869233742,0.0823373794555664,False
5822,7812,0.043419195077384315,0.00022035700021660887,0.08243656158447266,False
5823,4586,0.19758347820958713,0.00020201000006636605,0.08231449127197266,True
5825,8380,0.02853877045533293,0.00021921399820712395,0.08249759674072266,False
5826,774,0.0397491572205626,0.0002351729999645613,0.0825357437133789,False
5828,5477,0.013300001008543935,0.00018314499902771786,0.0820932388305664,False
5831,7479,0.02063929939113862,0.00020370999845908955,0.08229923248291016,True
5833,5546,0.05083332611434211,0.00022543799786944874,0.0826120376586914,False
5834,5965,0.02585303888959345,0.0002173489992856048,0.0824747085571289,False
5836,746,0.024170702172869873,0.0002608310023788363,0.08252811431884766,False
5837,4497,0.0011386117601861478,0.00019608799993875436,0.08220767974853516,True
5839,6651,0.014629712138868323,0.00021965500127407722,0.0825510025024414,False
5846,3669,0.07502630108730624,0.0002662350016180426,0.08255863189697266,False
5848,2934,0.02162261269624488,0.00020126899835304357,0.08226871490478516,False
5851,397,0.5277048675280605,0.0001821650002966635,0.08211612701416016,True
5852,7875,0.05677116735015808,0.0001835650000430178,0.08210086822509766,True
5854,252,0.13934087592522104,0.0001778390032995958,0.08203983306884766,True
5855,7873,0.012821502416330288,0.0002027180016739294,0.0820779800415039,True
5857,4333,0.026287959081111215,0.00019941199934692122,0.0822000503540039,False
5858,7875,0.07204643157395108,0.00019040199913433753,0.0821084976196289,True
5861,5488,0.3324205012036521,0.00018808199820341542,0.08213138580322266,False
5863,273,0.2819880875733931,0.00018610500046634115,0.0821237564086914,True
5864,397,0.09822407017055346,0.0001858710020314902,0.0821084976196289,True
5865,452,0.15023901977697268,0.00018746299974736758,0.0821542739868164,True
5866,5616,0.06859589419609465,0.00018956300118588842,0.08213138580322266,False
5872,5600,0.534855805966757,0.00018857699978980236,0.08210086822509766,False
5874,2870,0.019593138257774315,0.00017776499953470193,0.08202457427978516,False
5881,7873,0.13236883849431091,0.00038002400106051937,0.0821084976196289,True
5882,252,0.24756649640984074,0.00017776700042304583,0.08203983306884766,True
5884,4148,0.006424865791106016,0.00023559900000691414,0.08255863189697266,False
5885,5477,0.02762516408869966,0.00019759900169447064,0.0821695327758789,False
5888,265,0.10430503900742827,0.00018475499746273272,0.08210086822509766,True
5889,7873,0.023652820758962814,0.0001976589992409572,0.0821084976196289,True
5891,3669,0.07141848727631295,0.00024607199884485453,0.08255863189697266,False
5893,957,0.05833767422140554,0.0002214760024799034,0.08260440826416016,False
5894,6651,0.004690914811571911,0.00022189800074556842,0.0825662612915039,False
5895,1284,0.002534035486037728,0.00021960500089335255,0.08255863189697266,False
5896,7881,0.010495183270188835,0.000228280001465464,0.08258914947509766,False
5897,3878,0.0017488938216150274,0.0002993400012201164,0.0823526382446289,True
5898,4718,0.013396729000110286,0.00026428099954500794,0.0826120376586914,False
5899,747,0.06386930610219904,0.00022172699755174108,0.0825357437133789,False
5901,5658,0.003702284634478803,0.0001929460013343487,0.08217716217041016,False
5902,2340,0.02655503968312327,0.00022408299992093816,0.08257389068603516,False
5907,8134,0.04985823996993716,0.00022686100055580027,0.08258914947509766,False
5909,774,0.007775415985252776,0.00022383100076694973,0.08252811431884766,False
5912,196,0.01095703951219043,0.00020264499835320748,0.08220767974853516,True
5913,5488,0.0432904485480341,0.00020266000137780793,0.08219242095947266,False
5916,8308,0.009744661119260534,0.00024733700047363527,0.08255863189697266,False
5918,5965,0.032897898581042626,0.00022874200294609182,0.08248233795166016,False
5921,6346,0.00047000512350392487,0.0002386960004514549,0.0826120376586914,False
5923,1266,0.04179390845940294,0.00022347800040734,0.08257389068603516,False
5924,1222,0.02182895741351415,0.00023164899903349578,0.0825662612915039,False
5927,5483,0.039178224757828506,0.00022323600205709226,0.08258914947509766,False
5929,7409,0.005421913461385541,0.00021396299780462869,0.08245182037353516,True
5930,5477,0.04574970587178129,0.00019655200230772607,0.08210086822509766,False
5931,8870,0.004595616280807402,0.0002248190030513797,0.08258914947509766,False
5933,6091,0.006683727018321539,0.0002249550016131252,0.0826120376586914,False
5934,3102,0.007847414813813458,0.00021374700008891523,0.08249759674072266,False
5936,6560,0.008537343683230812,0.00024050000138231553,0.0825510025024414,False
5937,5477,0.03963544372999239,0.00019638800222310238,0.08208560943603516,False
5940,7947,0.0008553272379213106,0.0002250379984616302,0.08260440826416016,False
5941,5483,0.010297842595417661,0.0002335739991394803,0.08258914947509766,False
5944,1596,0.06679030327258251,0.0002196790010202676,0.08242130279541016,True
5946,6552,0.12205043528063503,0.00022548899869434536,0.0825662612915039,False
5947,7873,0.18413455781549704,0.00033408500166842714,0.0821237564086914,True
5948,496,0.24199283282905548,0.0001872770008048974,0.0821695327758789,True
5949,5439,0.004956489316410018,0.00019204999989597127,0.08219242095947266,False
5950,1819,0.033048200330478394,0.0002148099993064534,0.0824441909790039,True
5953,4475,0.03290179932994253,0.00019305499881738797,0.0822000503540039,True
5956,2320,0.0833088573330375,0.00022320700009004213,0.08252811431884766,False
5957,1310,0.01956782508918814,0.0002705250008148141,0.08257389068603516,False
5958,7640,0.3453573315458289,0.00021100999947520904,0.08234500885009766,True
5960,482,0.050554909456151896,0.00020992200006730855,0.0821695327758789,True
5962,7134,0.006050434060937193,0.00022655299835605547,0.0826120376586914,False
5965,4504,0.027234176039996782,0.0001913579981192015,0.0822000503540039,True
5970,8536,0.12378798128006263,0.00023288599913939834,0.0823221206665039,True
5971,3657,0.024272898736839014,0.00029195599927334115,0.08258914947509766,False
5972,6651,0.006860461982310273,0.000251998000749154,0.08257389068603516,False
5974,7516,0.0004421788374056046,0.00022617800277657807,0.08261966705322266,False
5976,1867,0.020204194515188123,0.00022653599808108993,0.08260440826416016,False
5977,2870,0.03706542981004496,0.00017528600074001588,0.0820322036743164,False
5979,7627,0.08330248767434545,0.00025713100330904126,0.08261966705322266,False
5980,222,0.19996474343120751,0.0001831680019677151,0.0820169448852539,False
5981,243,0.25462429379987234,0.0001748489994497504,0.08202457427978516,False
5984,196,0.3771578250311185,0.0002536970023356844,0.08202457427978516,False
5985,7516,0.41220375459276115,0.00024050899810390547,0.0826120376586914,False
5986,222,0.19996474343120751,0.00017823999951360747,0.0820169448852539,False
5987,2870,0.16133738465002256,0.00018526599887991324,0.0820322036743164,False
5991,264,0.3039113616477178,0.00018665999959921464,0.08200931549072266,False
5993,6534,0.031359720859804374,0.0002373850002186373,0.08255863189697266,False
5994,222,0.20605385871474743,0.0001891330030048266,0.08202457427978516,False
5995,7429,0.16190212191235887,0.0002557439984229859,0.08260440826416016,False
5996,273,0.04232649708022533,0.00017322299754596315,0.08200931549072266,False
5997,2844,0.028140912784128252,0.00022295600138022564,0.0826120376586914,False
6001,252,0.03065730485146867,0.00017807000040193088,0.0820016860961914,False
6002,2934,0.09016491939585913,0.0002292099998157937,0.08261966705322266,False
6004,7283,0.0638636994205462,0.00022645100034424104,0.0826120376586914,False
6008,264,0.33544079178513586,0.0001708349991531577,0.0820169448852539,False
6010,2870,0.004431259720976577,0.00018916000044555403,0.0820322036743164,False
6011,264,0.24920780580812174,0.0001754200020513963,0.08200931549072266,False
6012,7345,0.014703865978574981,0.00022570800138055347,0.08261966705322266,False
6013,6024,0.12394944345121384,0.00022097499822848476,0.0825357437133789,False
6015,975,0.1652144351182393,0.00022175200138008222,0.0825815200805664,False
6018,7570,0.10698056912741993,0.00024391599799855612,0.0826120376586914,False
6019,7559,0.08237936714644284,0.00023014899852569215,0.08261966705322266,False
6021,1901,0.03838767161212847,0.00023505999706685543,0.08257389068603516,False
6022,265,0.2718134360251545,0.00018396899758954532,0.08205509185791016,False
6025,1873,0.16001247059369256,0.00022824800180387683,0.08260440826416016,False
6028,2058,0.3157516095218279,0.00024984500123537146,0.0825967788696289,False
6030,7283,0.01251056482084989,0.00020530099936877377,0.08236026763916016,False
6033,7429,0.22061844249792628,0.000227597000048263,0.08261966705322266,False
6034,1855,0.016823092773203485,0.00022336300025926903,0.08260440826416016,False
6035,433,0.266979813370475,0.0001913699998112861,0.0821237564086914,False
6036,8765,0.012140404107240644,0.00024022099751164205,0.0825815200805664,False
6038,8593,0.030885755478659238,0.0002422440011287108,0.08260440826416016,False
6039,310,0.14584986155637658,0.00018962900139740668,0.08210086822509766,False
6041,415,0.03969096243448478,0.0001822139965952374,0.08211612701416016,False
6042,3017,0.05612442437107923,0.00017967599706025794,0.08207035064697266,False
6044,8510,0.0945254201388186,0.00023299299937207252,0.08258914947509766,False
6047,6482,0.07648494779638895,0.00022671500119031407,0.08260440826416016,False
6048,397,0.17578830072532353,0.0001840170007199049,0.0820932388305664,False
6049,196,0.8248378283538933,0.0001744089968269691,0.08202457427978516,False
6050,7544,0.04611215365689095,0.00023748300009174272,0.0826120376586914,False
6052,3017,0.05860441012862824,0.00019096300093224272,0.08207035064697266,False
6054,4497,0.06411886633928864,0.00018724199981079437,0.08219242095947266,False
6056,8294,0.05705431232261543,0.00021561299945460632,0.0824441909790039,False
6060,222,0.19996474343120751,0.00017669400040176697,0.0820169448852539,False
6062,7425,0.43537744875409157,0.000232016001973534,0.0826120376586914,False
6064,238,0.4372243835575893,0.00017468000078224577,0.0819864273071289,False
6065,7507,0.2771661880989328,0.00023043699911795557,0.08261966705322266,False
6070,7511,0.5641901872445096,0.000228591998165939,0.08261966705322266,False
6071,264,0.8188985907673114,0.00017280600150115788,0.08200931549072266,False
6078,252,0.07204589872652623,0.00017878899961942807,0.0820016860961914,False
6079,399,0.08142506971611918,0.00018349300080444664,0.08213138580322266,False
6081,7271,0.04626968476303084,0.00024183099958463572,0.0826272964477539,False
6083,331,0.2104369835637913,0.00018550799723016098,0.0821237564086914,False
6084,496,0.005808609886390648,0.0002327760012121871,0.08258914947509766,False
6085,264,0.654532669449722,0.00018033000014838763,0.0820169448852539,False
6086,238,0.3635512341845928,0.00031514399961452,0.08199405670166016,False
6087,7640,0.034439631133160814,0.00022317100228974596,0.0826120376586914,False
6088,238,0.4372243835575893,0.00017547199968248606,0.0819864273071289,False
6089,397,0.022394733947004256,0.000196747001609765,0.08208560943603516,False
6093,196,0.005184648346612253,0.00017749999824445695,0.08202457427978516,False
6094,7311,0.002007968931773574,0.00023919399973237887,0.08261966705322266,False
6096,7499,0.17805361508563072,0.00023049700030242093,0.0826120376586914,False
6097,222,0.19996474343120751,0.00020282900004531257,0.0820169448852539,False
6098,273,0.03610833972540914,0.000177681002242025,0.08200931549072266,False
6100,7159,0.3608827413988722,0.00023602900182595477,0.0826272964477539,False
6102,2452,0.14479867763769594,0.00022299500051303767,0.08258914947509766,False
6106,238,0.4372243835575893,0.00017398899944964796,0.0819864273071289,False
6112,222,0.19996474343120751,0.00017334600124740973,0.0820169448852539,False
6119,2058,0.09875786060356206,0.0002249489989480935,0.08260440826416016,False
6120,7570,0.3105517225056378,0.00022388599973055534,0.0826272964477539,False
6123,273,0.09619664342099797,0.000173376000020653,0.08200931549072266,False
6124,1237,0.00013273853433798388,0.00025285200172220357,0.0826120376586914,False
6125,238,0.4372243835575893,0.00017388900232617743,0.0819864273071289,False
6126,8116,0.17537214090491385,0.0002365929976804182,0.08258914947509766,False
6128,238,0.4372243835575893,0.00017388999913237058,0.0819864273071289,False
6129,1867,0.11014549159574491,0.00022261200138018467,0.0826120376586914,False
6131,364,0.04908248897501721,0.00018802400154527277,0.08210086822509766,False
6133,2814,0.1647824571940318,0.0002391339985479135,0.08261966705322266,False
6134,8256,0.1013031696172284,0.00022332499793265015,0.0825815200805664,False
6136,5554,0.04898967134454324,0.00024272700102301314,0.0825510025024414,False
6137,4832,0.026124492648438746,0.00022120199719211087,0.0825815200805664,False
6138,6417,0.07502069733711256,0.0003810159978456795,0.0825815200805664,False
6141,2462,0.08612397054144505,0.00025127100161626004,0.0825815200805664,False
6142,5539,0.0078059257113908265,0.0002303709989064373,0.0826120376586914,False
6144,2870,0.31696401392566553,0.00017534200014779344,0.0820322036743164,False
6147,5078,0.014550508479257155,0.00022480000188807026,0.0826120376586914,False
6148,264,0.2105786053978651,0.0001732459968479816,0.08200931549072266,False
6150,412,0.03037837926007519,0.0001779000012902543,0.0820627212524414,False
6157,265,0.30757377480141923,0.00017744100114214234,0.0820474624633789,False
6158,1177,1.5218671480625119,0.00022447100127465092,0.0826272964477539,False
6164,264,0.17507690383098806,0.00017145200035884045,0.08200931549072266,False
6168,7425,0.03867069978682158,0.00022511600036523305,0.0826120376586914,False
6169,7184,1.3099465268380328,0.0002268009993713349,0.08261966705322266,False
6171,5696,0.27027120837440455,0.0001981470013561193,0.0820932388305664,False
6173,243,0.15964515426245585,0.00021071599985589273,0.08202457427978516,False
6174,4069,0.011003374574251282,0.0002841810019162949,0.0825662612915039,False
6177,7806,0.06533522299889094,0.00025157699928968213,0.08260440826416016,False
6178,243,0.05928784852478916,0.000173912998434389,0.08202457427978516,False
6179,3017,0.31196419817836274,0.000179441998625407,0.08207035064697266,False
6180,3017,0.15735411466979432,0.0001872730026661884,0.08207035064697266,False
6183,264,0.021523780483910127,0.00017930999820237048,0.08200931549072266,False
6186,1782,0.017165717780790846,0.0002381979975325521,0.0826120376586914,False
6187,7562,0.21259173414966437,0.00026455699844518676,0.08261966705322266,False
6188,7432,0.20621827017592803,0.0002255770014016889,0.0826120376586914,False
6192,557,0.010063943959593282,0.00023658400095882826,0.08258914947509766,False
6193,238,0.4372243835575893,0.00017482099792687222,0.0819864273071289,False
6194,7362,0.0064121105387863475,0.00022255700241657905,0.08260440826416016,False
6197,7627,4.909706978659862,0.0002544859999034088,0.08257389068603516,False
6199,7511,1.2107812879741573,0.00022507700123242103,0.0824441909790039,False
6201,196,0.3580129136266259,0.00017676800052868202,0.08202457427978516,False
6202,222,0.19996474343120751,0.00017904600099427626,0.0820169448852539,False
6205,222,0.19996474343120751,0.0001740749976306688,0.0820169448852539,False
6206,222,0.19996474343120751,0.00017538899919600226,0.0820169448852539,False
6208,264,0.23629785405286752,0.00018462600201019086,0.08200931549072266,False
6218,412,0.1944585692476185,0.0001866289967438206,0.0820627212524414,False
6219,2261,0.1640501639480606,0.0002927759996964596,0.0825815200805664,False
6220,238,0.4372243835575893,0.00017266799841308966,0.0819864273071289,False
6221,2870,0.09668464661129166,0.00017922199913300574,0.0820322036743164,False
6222,6431,0.07553667611785642,0.00022376400011125952,0.08258914947509766,False
6223,364,0.0026624070032322976,0.00022450600226875395,0.08258914947509766,False
6226,7428,0.03010584997994792,0.00023439199867425486,0.0826272964477539,False
6227,7562,0.023100517180719038,0.00023288400188903324,0.08261966705322266,False
6228,2870,0.37414562838793985,0.0002029390016105026,0.0820322036743164,False
6229,1897,0.20004015280889753,0.00024118500004988164,0.0826120376586914,False
6231,7562,0.05043394172060878,0.00022784999964642338,0.0825815200805664,False
6232,7627,1.4377276566133892,0.0002250139987154398,0.08263492584228516,False
6235,1032,0.08270188257252187,0.00027392099946155213,0.08260440826416016,False
6238,238,0.4372243835575893,0.00018141699911211617,0.0819864273071289,False
6239,2870,0.06105568296528366,0.0001743079992593266,0.0820322036743164,False
6240,2870,0.1080941578458777,0.00017446700076106936,0.0820322036743164,False
6241,1506,0.05078269328327348,0.00022903900025994517,0.0825815200805664,False
6243,2391,0.012832505435092845,0.00021879300038563088,0.0824747085571289,False
6250,7429,0.05214296937277929,0.0002258710010210052,0.08260440826416016,False
6253,273,0.14008863359695722,0.00017521100016892888,0.08200931549072266,False
6254,238,0.4372243835575893,0.00017306700101471506,0.0819864273071289,False
6257,5961,0.011967655362748382,0.00022772599913878366,0.08260440826416016,False
6260,1897,0.08213113533475558,0.00022650000028079376,0.0826272964477539,False
6261,7627,0.4740583562056842,0.00021209800252108835,0.08243656158447266,False
6265,196,0.13710846278184485,0.00017820500215748325,0.08202457427978516,False
6268,8855,0.1599045545776824,0.00022406399875762872,0.08260440826416016,False
6270,7510,0.053517117422759886,0.00023423899983754382,0.08258914947509766,False
6271,8243,0.09071340872023015,0.00021638899852405302,0.0825052261352539,False
6274,3672,0.11795124610116733,0.00022073799846111797,0.0825815200805664,False
6275,3797,0.030908089823911244,0.0002421890021651052,0.08260440826416016,False
6276,5439,0.2719146834483239,0.00025923600333044305,0.08258914947509766,True
6280,5554,0.07565125846262433,0.00025052999990293756,0.08260440826416016,True
6283,433,0.023064035345216033,0.00023206199693959206,0.08261966705322266,False
6285,7570,0.10683194660498785,0.00023027199858915992,0.08257389068603516,False
6288,7343,0.1128358612620505,0.00025631999960751273,0.08261966705322266,False
6289,1873,0.006602059096000312,0.00023606299873790704,0.0825815200805664,False
6290,8593,0.05508612695850501,0.0002386659980402328,0.0826120376586914,False
6291,7256,0.013076358866360716,0.0002255139988847077,0.08261966705322266,False
6292,479,0.025017921027954304,0.00022824199913884513,0.0825815200805664,False
6293,4669,0.04078456108956182,0.00022383500254363753,0.0825815200805664,False
6295,7296,0.1292495138677189,0.00029379199986578897,0.0826120376586914,False
6297,7559,0.06912457689755296,0.00022834999981569126,0.08261966705322266,False
6298,2847,0.020185813025403454,0.00027071799922850914,0.08260440826416016,False
6299,312,0.04816020240486818,0.00023756500013405457,0.08258914947509766,False
6302,5394,0.06524805443391524,0.0002242560003651306,0.08255863189697266,True
6303,2847,0.0152209818282385,0.00022403799812309444,0.08260440826416016,False
6304,493,0.0004196838719054963,0.0002244120005343575,0.0825815200805664,False
6307,6176,0.1582270312433039,0.00022097100008977577,0.0825967788696289,False
6309,7296,0.1292495138677189,0.00022474399884231389,0.0826120376586914,False
6313,7140,0.277144923101296,0.00024033699810388498,0.08261966705322266,False
6314,750,0.060382355711833084,0.00022240299949771725,0.08260440826416016,False
6319,7140,0.09825147611907549,0.00023592999787069857,0.08261966705322266,False
6320,7140,0.277144923101296,0.00023012599922367372,0.08261966705322266,False
6322,1237,0.13696927725490626,0.00022411099780583754,0.0825662612915039,False
6323,6591,0.14397981776292076,0.00021216499953879975,0.08242130279541016,False
6324,2847,0.023379531097506456,0.00022310799977276474,0.08260440826416016,False
6325,7411,0.03369329499038298,0.00022437200095737353,0.0825815200805664,False
6326,6582,0.06950493906896704,0.00022591499873669818,0.08260440826416016,False
6328,6582,0.06950493906896704,0.0002267359996039886,0.08260440826416016,False
6332,6059,0.02610310067120314,0.00021358299636631273,0.08251285552978516,False
6335,2847,0.0254009271771648,0.00022126399926492013,0.08260440826416016,False
6336,7140,0.277144923101296,0.00022878199888509698,0.08261966705322266,False
6338,7562,0.0150396037578297,0.0002313370023330208,0.0825967788696289,False
6339,2847,0.023379531097506456,0.00022786499903304502,0.08260440826416016,False
6342,7140,0.045065231897035166,0.00022251100017456338,0.08261966705322266,False
6344,1699,0.03341114822257017,0.0002263429996673949,0.0825815200805664,False
6345,1926,0.13477901267647296,0.00023933699776534922,0.0825510025024414,False
6346,5546,0.08953836975017004,0.00023175100068328902,0.08255863189697266,False
6351,3227,0.0382894033643356,0.00022497400277643465,0.08258914947509766,False
6352,3081,0.13285850787289355,0.00022681599875795655,0.0825815200805664,False
6353,2190,0.27646226924916384,0.0002328769987798296,0.08261966705322266,False
6354,8380,0.2722480769827309,0.00024585900246165693,0.0825662612915039,True
6355,1707,0.04691786561782919,0.0002414499977021478,0.0825662612915039,False
6359,1746,0.009031047687523497,0.0002420190030534286,0.0825662612915039,False
6361,5698,0.16982970665945563,0.00022656899818684906,0.08261966705322266,False
6365,7296,0.0025566005965971528,0.00022878800155012868,0.0825967788696289,False
6367,7283,0.10270581686267746,0.00022305200036498718,0.0825967788696289,False
6371,4196,0.055451636071158106,0.00023910100208013318,0.0826120376586914,False
6372,2847,0.16652039008055813,0.00022418600201490335,0.08261966705322266,False
6373,8855,0.024963134141684745,0.00023118000171962194,0.08260440826416016,False
6374,8025,0.06502710878340091,0.0002280570006405469,0.08261966705322266,False
6376,7456,0.11713285959910014,0.00022815100237494335,0.08254337310791016,False
6385,8025,0.36916579111896086,0.00024391700208070688,0.08261966705322266,False
6390,2927,0.035536953001183924,0.00023663400133955292,0.08260440826416016,False
6394,7640,0.35312886598549836,0.0002306299975316506,0.08260440826416016,False
6399,6356,0.09877170168688396,0.0002327699985471554,0.0825662612915039,False
6402,7507,0.10865916686220417,0.0002245680007035844,0.08258914947509766,False
6403,5394,0.19981168996873977,0.00022556100157089531,0.08255863189697266,False
6404,6182,0.15165819005649397,0.0007882879981480073,0.08261966705322266,False
6407,8025,0.36916579111896086,0.0002236990003439132,0.08261966705322266,False
6408,7433,0.11865116871211878,0.000216500000533415,0.0825357437133789,False
6411,8025,0.36916579111896086,0.00023130199770093895,0.08261966705322266,False
6414,7510,0.152535944154212,0.00023651499941479415,0.08258914947509766,False
6415,2927,0.37153868953502855,0.000245174000156112,0.08260440826416016,False
6417,1854,0.12284761127375854,0.00023076900106389076,0.08258914947509766,False
6419,6606,0.012058284722016567,0.0002248050004709512,0.08258914947509766,False
6425,479,0.09573563332314527,0.00022932900174055248,0.08254337310791016,False
6427,7627,0.10854498916696956,0.00022406900097848848,0.0826120376586914,False
6430,2413,0.057590117747085,0.0002260529981867876,0.0824899673461914,False
6437,5061,0.06965372100538468,0.0002291549972142093,0.0826120376586914,False
6438,2429,0.12933938255070765,0.0002167530001315754,0.0825357437133789,False
6441,4876,0.2804873085127349,0.0002210930033470504,0.0825662612915039,False
6442,3081,0.2923809014205207,0.0002508590005163569,0.08261966705322266,False
6444,7296,0.041566608299627605,0.00023596599930897355,0.0825967788696289,False
6445,4196,0.2064856547959423,0.0002269730030093342,0.0826120376586914,False
6446,7997,0.44014812621107413,0.00022551900110556744,0.08261966705322266,False
6447,3568,0.1598770308316361,0.0002246469994133804,0.08260440826416016,False
6449,2340,0.08774081159043572,0.00022467400049208663,0.08261966705322266,False
6450,6582,0.2696184919430371,0.00024113800100167282,0.0826120376586914,False
6455,7781,1.6893242744262138,0.00022793800235376693,0.08261966705322266,False
6456,6622,0.372477385359126,0.00022501499915961176,0.0825967788696289,False
6457,7140,0.15460939230527082,0.00024239499907707796,0.0826120376586914,True
6458,7544,0.03821080243165331,0.0002247099982923828,0.0826120376586914,False
6461,10,0.03174322483279911,0.0002306220012542326,0.0826883316040039,False
6463,7159,0.12699030955330645,0.0002251900004921481,0.0825815200805664,False
6464,2918,0.06519413238924354,0.00022858800002723,0.08260440826416016,False
6476,2409,0.14462648947544088,0.000221842998143984,0.0825815200805664,False
6479,1145,0.20889234241414534,0.00022437399820773862,0.08260440826416016,False
6480,7345,0.07801563871437889,0.00023114800205803476,0.0826120376586914,False
6481,4137,0.538024910515053,0.0002204490010626614,0.08252811431884766,False
6483,7153,0.060336088052651254,0.00021080200167489238,0.0824594497680664,False
6484,7301,0.20531868996760672,0.00024988799850689247,0.0826120376586914,False
6486,5199,0.02844347065078668,0.00022480199913843535,0.0826120376586914,False
6487,6404,0.037260541322219315,0.00024369899983867072,0.08261966705322266,False
6489,8855,0.020571746251495854,0.00022528399858856574,0.0825967788696289,False
6492,7510,0.04674252580167143,0.00022531399736180902,0.0826120376586914,False
6493,7946,0.8285829341865631,0.0002269689975946676,0.08261966705322266,False
6495,7627,0.02579739391837424,0.00022252199778449722,0.0826120376586914,False
6496,2918,0.6214699336068694,0.00022454699865193106,0.08261966705322266,False
6497,4114,0.2954781992745264,0.00023702200269326568,0.0826120376586914,False
6498,3568,0.011950706620620949,0.00023818599947844632,0.08260440826416016,False
6499,7997,0.025022226653386298,0.00022896600057720207,0.08261966705322266,False
6500,7513,0.10581742862712161,0.00022299400006886572,0.0825967788696289,False
6501,1931,0.42265389763185723,0.00021870999989914708,0.0825204849243164,False
6503,1988,0.1034142349050029,0.00023768800019752234,0.08251285552978516,False
6504,5580,0.11378264620328254,0.00021879199994145893,0.0824441909790039,False
6508,2056,0.10756098288809834,0.0002200009985244833,0.08257389068603516,False
6509,2058,0.05682695703009977,0.00022895800066180527,0.0825815200805664,False
6511,7153,0.1306187627430535,0.00020489599774009548,0.08240604400634766,True
6513,2934,0.08580152488433423,0.00022762499793316238,0.0823678970336914,True
6517,4581,0.15971169184264222,0.0002340379978704732,0.0824899673461914,False
6521,5195,0.023474826262070203,0.00022313600129564293,0.0825662612915039,False
6524,1497,0.07175662823259452,0.00022602399985771626,0.0826120376586914,True
6525,6536,0.010213787290368662,0.00022854399867355824,0.08255863189697266,True
6526,1367,0.061603393607545076,0.0002137709998351056,0.0824594497680664,True
6530,3072,0.02979831598354643,0.00023925899949972518,0.0825967788696289,False
6539,3365,0.033308149129315914,0.00022825600171927363,0.0825967788696289,False
6542,2871,0.17824845568391276,0.00021439599731820635,0.08245182037353516,True
6544,2648,0.12562847328682247,0.00021614900106214918,0.0825052261352539,True
6546,2789,0.00012766526630918207,0.0002580879991000984,0.0825967788696289,True
6547,1222,0.007466939887488699,0.0002514239968149923,0.08257389068603516,True
6548,1128,1.6125446925423814,0.0002089039990096353,0.08237552642822266,True
6549,1424,3.8249849815819026e-05,0.00022002100013196468,0.0825815200805664,False
6552,7409,0.03652118893380599,0.00024871799905668013,0.08254337310791016,False
6554,7562,0.058968237612621016,0.00022813499890617095,0.0825662612915039,False
6555,5600,0.07127513917061945,0.0002121439974871464,0.0823068618774414,False
6556,4510,0.001198331154125487,0.0002206329991167877,0.0822763442993164,False
6559,1399,0.12114247080023932,0.00021802300034323707,0.0823526382446289,True
6560,5635,0.012005653648650583,0.00023442200108547695,0.08251285552978516,False
6564,1180,0.010461948986598468,0.00024297399795614183,0.08252811431884766,True
6565,2648,0.010973597558685544,0.00025662200278020464,0.08260440826416016,True
6566,7324,0.013169326919117985,0.00021993100017425604,0.08249759674072266,False
6567,3484,0.0638949791888637,0.0002419439988443628,0.08260440826416016,False
6569,3552,0.009492103759635606,0.00025978700068662874,0.08260440826416016,True
6571,5353,0.009587266555153962,0.00022100299975136295,0.0825815200805664,False
6572,482,0.09246502194739026,0.00023020300068310462,0.08254337310791016,False
6574,3833,0.2501639219400439,0.0002275039987580385,0.0825510025024414,False
6576,7345,0.047029651312415766,0.00023694500123383477,0.08255863189697266,False
6579,462,0.10642718593261095,0.00021847800235264003,0.08251285552978516,False
6580,329,0.01665567497383763,0.0002230749996670056,0.08242130279541016,False
6584,3060,0.22754333036035668,0.00022259300021687523,0.0825815200805664,False
6585,1251,0.06642057533460033,0.0002393139984633308,0.08258914947509766,True
6587,1291,0.2091222025051085,0.00023217700072564185,0.08260440826416016,True
6588,8308,0.047598624201883766,0.0002234130006399937,0.0825510025024414,True
6590,1266,0.013409587108104692,0.00019747300029848702,0.08228397369384766,True
6591,4556,0.00311176950925951,0.00021811900296597742,0.0824899673461914,False
6592,861,0.040657387400719,0.00022218199956114404,0.0825967788696289,False
6593,5763,0.01987436428834588,0.00023780999981681816,0.0825662612915039,False
6595,4552,0.16636963741978372,0.00021889799972996116,0.08251285552978516,False
6596,1674,0.09284133963562624,0.00023298700034501962,0.08248233795166016,False
6597,4024,0.04279831370368525,0.00022973099839873612,0.08251285552978516,False
6601,2611,0.1339247421815617,0.00022396699932869524,0.08248233795166016,True
6602,1927,0.06321300442187268,0.00021900999854551628,0.0825357437133789,False
6603,8535,0.03382817627976842,0.00021865099915885366,0.08251285552978516,False
6605,7283,0.05503221724144147,0.00021316999846021645,0.0824747085571289,False
6608,3401,0.08351246435123727,0.0002440190000925213,0.08261966705322266,False
6611,8508,0.0186993737932033,0.0002274329999636393,0.08249759674072266,False
6612,7456,0.03321809201338022,0.00021185299920034595,0.0822763442993164,True
6613,7295,0.05054119984667693,0.00021129000015207566,0.0823373794555664,True
6614,8920,0.0008893667528884208,0.00022289600019576028,0.08257389068603516,False
6615,8164,0.055542705741408016,0.00022420900131692179,0.0825510025024414,False
6616,5670,0.04380341926056763,0.00019023600179934874,0.08216190338134766,False
6618,6560,0.03012835092361721,0.00022219699894776568,0.08257389068603516,False
6619,8920,0.029255104127833775,0.00022513599833473563,0.08258914947509766,False
6620,6482,0.06218444344480201,0.00023679199875914492,0.0825967788696289,False
6621,1819,0.009851726932725513,0.00023812799918232486,0.08240604400634766,True
6623,3035,0.010069885290175273,0.00021261100118863396,0.08240604400634766,False
6624,8863,0.04488020579189839,0.00022491100025945343,0.0825967788696289,False
6628,1788,0.010583273731172647,0.0002119960008712951,0.0824136734008789,True
6633,8508,0.011332021754860477,0.00019954099843744189,0.0821847915649414,True
6634,8508,0.05107955198133407,0.00019527100084815174,0.08219242095947266,True
6640,4475,0.06414666793639534,0.00019056300152442418,0.0822000503540039,True
6642,3660,0.0009493692502641204,0.0002220699971076101,0.0825662612915039,False
6644,3657,0.12552095135805041,0.0002353609997953754,0.08258914947509766,False
6647,1128,0.01447022765576933,0.00023012100064079277,0.0825967788696289,False
6649,1227,0.007408429329842203,0.0002592649980215356,0.0825815200805664,False
6650,238,0.011004380022295035,0.0001845639999373816,0.08207035064697266,True
6651,4047,0.0672225098865028,0.00021073399693705142,0.08232975006103516,True
6652,7271,0.011636398745730858,0.00020686700008809566,0.0823373794555664,True
6656,8593,0.09819593497532131,0.00021200700211920775,0.08223819732666016,True
6657,7324,0.021983707490796853,0.00021580799875664525,0.08239078521728516,True
6658,5616,0.06459403190821833,0.00020072600091225468,0.0821542739868164,False
6661,6560,0.02358680494060611,0.00022194900157046504,0.0825967788696289,False
6663,3035,0.1847217447303664,0.00021267299962346442,0.08239078521728516,False
6664,5855,0.009373845449963614,0.00024244700034614652,0.08255863189697266,False
6666,3081,0.027712537037686946,0.00022041400006855838,0.08243656158447266,False
6668,4047,0.03399429923822628,0.00021738999930676073,0.08234500885009766,True
6670,3108,0.018326395066410206,0.00022325799727695994,0.08246707916259766,False
6671,1323,0.004023507676161275,0.0003064820011786651,0.08257389068603516,False
6672,4688,0.024777839353183007,0.00021734199981437996,0.08210086822509766,False
6673,5670,0.03426349352128355,0.0002073620016744826,0.0821695327758789,False
6674,1266,0.013270711225277232,0.00022629500017501414,0.08258914947509766,False
6675,7134,0.020660568870087215,0.00024284900064230897,0.0826120376586914,False
6677,7301,0.054132484970825345,0.00021131800167495385,0.08234500885009766,True
6679,3048,0.017526704684429437,0.00021499699869309552,0.08245182037353516,False
6690,3669,0.02523214513592235,0.0002216320026491303,0.08257389068603516,False
6691,8925,0.01290535063659945,0.0003267459978815168,0.0825815200805664,False
6695,2102,0.01653526995364718,0.00022459399770013988,0.08255863189697266,True
6697,5554,0.025723797893475342,0.0002017150000028778,0.0822458267211914,False
6699,4839,0.0336953611331986,0.00022013999841874465,0.0825204849243164,False
6705,5999,0.01486235815130671,0.00023702099861111492,0.0826120376586914,False
6709,4033,0.011946534565359677,0.0002079210025840439,0.0823984146118164,True
6713,3102,0.03394802723648628,0.00021724399994127452,0.08249759674072266,False
6714,1268,0.010805335852736242,0.00022370800070348196,0.0825815200805664,False
6715,879,0.015277548878482095,0.00023043799956212752,0.08261966705322266,False
6718,3103,0.0077635969876399535,0.00022160600201459602,0.08248233795166016,False
6719,8840,0.0018741370223005482,0.00023048900038702413,0.0825967788696289,False
6720,6223,0.019633825272228567,0.00022103299852460623,0.0825510025024414,False
6724,4014,0.04468621798720642,0.00020465600027819164,0.08236026763916016,True
6725,5158,0.007457312509451697,0.00021823499992024153,0.0825357437133789,False
6726,3537,0.006649787984615907,0.0002288249997945968,0.08261966705322266,False
6727,1513,0.02727050628852387,0.0002261949994135648,0.08260440826416016,False
6728,3070,0.05362990649437993,0.00021478100097738206,0.0824899673461914,False
6731,4086,0.03751830646680862,0.00022660700051346794,0.0825967788696289,False
6732,4134,0.04512338367615448,0.00023840299763833173,0.0825967788696289,False
6734,4268,0.003395167075190303,0.00022125000032247044,0.08258914947509766,False
6737,879,0.022397021424391317,0.00023128300017560832,0.0826120376586914,False
6739,5910,0.006110175828193842,0.0002217939982074313,0.08258914947509766,False
6740,5823,0.027614610859914235,0.00022328200066112913,0.08257389068603516,False
6743,5554,0.0773277958302181,0.00025276099768234417,0.08223819732666016,False
6746,1620,0.030383505325782156,0.00021064600150566548,0.08243656158447266,True
6747,6451,0.00827012707506758,0.00022903200078872032,0.08258914947509766,False
6750,1145,0.021413153823699682,0.00023399400015478022,0.0825967788696289,False
6751,746,0.004017303982783993,0.00022532000002684072,0.08252811431884766,False
6757,4510,0.040745456234459576,0.00019501800124999136,0.08223819732666016,True
6760,3751,0.0007920387878123797,0.00022158100182423368,0.0825662612915039,False
6762,6285,0.03468279552589104,0.00022325000099954195,0.08257389068603516,False
6763,4461,0.0030909362973449593,0.00020640600268961862,0.0822153091430664,True
6766,7958,0.018603061421127887,0.00022368800273397937,0.0825967788696289,False
6768,7965,0.06121809711387094,0.00026761400295072235,0.0825662612915039,False
6770,6553,0.0017690552731135512,0.00022244399951887317,0.08257389068603516,False
6772,8010,0.010474610334495982,0.00023086999863153324,0.0825662612915039,False
6774,1222,0.0030794686156274675,0.00022284700025920756,0.08257389068603516,False
6778,1208,0.03029481397728362,0.00022853399786981754,0.08258914947509766,False
6780,4721,0.02139115962526361,0.00023260899979504757,0.0825967788696289,False
6783,4267,0.010008356766232462,0.00022018799791112542,0.08255863189697266,False
6784,1897,0.010311975655777239,0.00022399799854611047,0.0824289321899414,True
6786,3098,0.010625796808339083,0.00023424400205840357,0.08255863189697266,False
6787,5275,0.023084457680438764,0.00022057300157030113,0.0825204849243164,False
6790,3681,0.02274377483687684,0.00023079799939296208,0.08260440826416016,False
6793,3085,0.006128598756731218,0.00023855100153014064,0.0824594497680664,False
6796,1150,0.08915494567418092,0.00022765500034438446,0.0825967788696289,False
6797,6582,0.060630375073182814,0.00025296500098193064,0.08257389068603516,False
6798,1819,0.0003806484046785519,0.00021913900127401575,0.08245182037353516,True
6801,1737,0.020651828709576686,0.00023691200112807564,0.08249759674072266,True
6803,4586,0.001367900412407752,0.00021036000180174597,0.0823068618774414,True
6804,4839,0.037110507581463836,0.00021867100076633506,0.08252811431884766,False
6807,7433,0.0016072352214884233,0.00022788400019635446,0.0824747085571289,True
6811,3017,0.1914138667205696,0.00018499300131225027,0.08207035064697266,False
6813,5665,0.06082313490569807,0.00018914400061476044,0.0821390151977539,False
6814,273,0.19953136335223132,0.00018088199794874527,0.08207035064697266,True
6815,238,0.30660586266921275,0.0001903910015244037,0.0821084976196289,True
6822,7296,0.022757281130643098,0.00023358099861070514,0.0826120376586914,False
6824,7513,0.07534869723137966,0.00022758599880035035,0.0826120376586914,False
6825,5554,0.01892418918514749,0.00022728999829269014,0.0826120376586914,True
6826,2814,0.005758760996707218,0.00022712399731972255,0.08261966705322266,False
6828,7271,0.05980267899333569,0.00022601000091526657,0.08258914947509766,False
6829,3401,0.22489995303356813,0.00022007300140103325,0.08255863189697266,False
6831,7559,0.0058191027457282565,0.00022249199901125394,0.0826120376586914,False
6832,6909,0.010182966522890219,0.0002341250001336448,0.0826120376586914,False
6834,1897,0.025101013365798508,0.00023350400078925304,0.08260440826416016,False
6836,7343,0.05409643108608522,0.00022378100038622506,0.0826120376586914,False
6837,433,0.11220864149752166,0.00023354199947789311,0.08261966705322266,False
6839,7433,0.05394574447034861,0.000222183000005316,0.0825815200805664,False
6840,8463,0.07108334691852303,0.00022675500076729804,0.08260440826416016,False
6841,7656,0.08804467050544762,0.000225732997932937,0.08261966705322266,True
6844,8510,0.04224527750141571,0.0002299939988006372,0.0826120376586914,False
6847,6909,0.04782838612084967,0.00022226300279726274,0.0826120376586914,False
6849,7513,0.1653111416131923,0.00022766500114812516,0.0826120376586914,False
6854,7283,0.03181117307940225,0.00024027400286286138,0.0825967788696289,False
6856,5670,0.022253972917134712,0.00022950499987928197,0.0826120376586914,True
6857,2939,0.06424588897603165,0.0002377400014665909,0.08261966705322266,False
6859,1568,0.04494936576780728,0.00022840100064058788,0.08261966705322266,False
6861,2934,0.048241507334924716,0.00022731900025974028,0.08260440826416016,False
6864,7656,0.02559897605888528,0.0002275929982715752,0.08261966705322266,True
6866,7511,0.25623338747729746,0.0002259759967273567,0.08261966705322266,False
6867,5670,0.0050689045708895986,0.000230531000852352,0.0825967788696289,True
6868,6582,0.11879732442761537,0.000224014998821076,0.08257389068603516,False
6869,4114,0.1127984239024923,0.00023580600100103766,0.0826120376586914,True
6870,7510,0.16203218457608887,0.0002351809998799581,0.0826120376586914,False
6874,327,0.03846751511193469,0.0002251799996884074,0.08258914947509766,False
6876,2927,0.058072177560406654,0.00022549099958268926,0.08258914947509766,False
6878,6451,0.4784889215069207,0.0002894530007324647,0.0824747085571289,True
6879,8025,0.06502710878340091,0.00022520299899042584,0.08261966705322266,True
6880,2475,0.1931004993097073,0.0002466770019964315,0.08254337310791016,False
6882,3878,0.0038462170991743483,0.00020463200053200126,0.0823678970336914,False
6883,4024,0.01635037789769278,0.00020755199875566177,0.0823984146118164,False
6884,3393,0.05380436752318879,0.0002221550021204166,0.0825967788696289,False
6885,1613,0.026985092331332616,0.00021250600184430368,0.0824441909790039,False
6886,5416,0.12330457734884481,0.00019521200010785833,0.08223819732666016,False
6887,8222,0.0519462641584596,0.0002134589994966518,0.0825204849243164,True
6888,4536,0.09960603368551091,0.00024276000112877227,0.0823373794555664,False
6889,6207,0.003635413876785884,0.00023291400066227652,0.08258914947509766,False
6898,7917,0.12880691682611292,0.00023488400256610475,0.08261966705322266,False
6899,5670,0.021141916689504825,0.0002610689989523962,0.08223819732666016,False
6902,3978,0.0035434058765365095,0.0002141170007234905,0.0824441909790039,False
6904,16,0.0651666257257092,0.00022872299814480357,0.0826272964477539,False
6905,1410,0.009146527696869397,0.0002267219970235601,0.08258914947509766,True
6906,6032,0.11887140947254693,0.00023018099818727933,0.08261966705322266,True
6909,8025,0.03289104921746967,0.00022430999888456427,0.08257389068603516,False
6910,1707,0.02320631008356777,0.00021099399964441545,0.08243656158447266,False
6913,4137,0.008243725180196358,0.00022079900008975528,0.08257389068603516,False
6915,5600,0.004682268044687188,0.00020909000159008428,0.08226871490478516,False
6916,3393,0.0158134152479687,0.00022808699941379018,0.0825967788696289,False
6917,3393,0.021137655558702007,0.0002218490008090157,0.0825967788696289,False
6919,4614,0.01216189953621151,0.00023322800188907422,0.08255863189697266,False
6920,5210,0.03227785674882311,0.00047154200001386926,0.08255863189697266,False
6921,2543,0.022303678214411794,0.00022401599926524796,0.08258914947509766,True
6922,7324,0.6546745057757986,0.00022040100157028064,0.08249759674072266,False
6925,6233,0.041017873144893024,0.00021952600218355656,0.08257389068603516,False
6926,6032,0.11969699763219932,0.0002481749979779124,0.08261966705322266,True
6928,5071,0.011275252861386864,0.0002218589979747776,0.0825357437133789,False
6930,4614,0.001501738541317868,0.0002228820012533106,0.0825510025024414,False
6935,2318,0.18417984917180452,0.00022807999994256534,0.0825510025024414,False
6938,5210,0.011586174649257153,0.0002209310005127918,0.08255863189697266,False
6942,3393,0.023137819737363896,0.00022522300059790723,0.08260440826416016,False
6943,745,0.03625128135311265,0.0002209249978477601,0.08257389068603516,False
6945,6233,0.09590802148811939,0.0002226249998784624,0.08258914947509766,False
6947,4301,0.1466984045634492,0.00022000000171829015,0.08260440826416016,False
6948,745,0.05193136857576516,0.00022418200023821555,0.08257389068603516,False
6950,6903,0.09190725467373477,0.00022774999888497405,0.08252811431884766,False
6952,5210,0.029453461646696155,0.00022123199960333295,0.08255863189697266,False
6955,3393,0.022999261834343365,0.00024022100114962086,0.0825967788696289,False
6958,3438,0.0010516089077814428,0.0002274470025440678,0.08260440826416016,False
6959,4614,0.0008677697641452514,0.00030173800041666254,0.0825510025024414,False
6960,3393,0.022767011593340658,0.00023160999990068376,0.0825967788696289,False
6963,4614,0.01848002997068056,0.0002396119998593349,0.0825510025024414,False
6964,3365,0.0020263171036956074,0.00022332499793265015,0.0825967788696289,False
6967,3393,0.012313713401057857,0.00024808199668768793,0.0825967788696289,False
6972,4614,0.02380372219199868,0.00022111100042820908,0.0825510025024414,False
6974,3438,0.0010516089077814428,0.00023626400070497766,0.08260440826416016,False
6975,4301,0.1466984045634492,0.00022276999879977666,0.08260440826416016,False
6976,4614,0.010933058156776379,0.00022663900017505512,0.08255863189697266,False
6977,5071,0.005130045840828323,0.00022396300118998624,0.08254337310791016,False
6978,6233,0.011360582632422123,0.00023538599998573773,0.08258914947509766,False
6980,4614,0.018551979992443193,0.00023008800053503364,0.0825510025024414,False
6986,8411,0.06745898367373859,0.00021197199748712592,0.08240604400634766,True
6987,8025,0.008445066959184108,0.00023127199892769568,0.08257389068603516,False
6988,745,0.03395612919523128,0.00022077999892644584,0.08257389068603516,False
6989,1246,0.027340409022089843,0.0002516679996915627,0.08246707916259766,True
6991,6207,0.05066760051351259,0.00022337599875754677,0.08258914947509766,False
6992,3926,0.008644736502365198,0.00023309300013352185,0.08243656158447266,False
6994,5737,0.01957597694291291,0.00023597600011271425,0.08260440826416016,False
6995,4301,0.14790831718932443,0.0002365769978496246,0.08260440826416016,False
6996,3393,0.021651323991503546,0.00022466599693871103,0.0825967788696289,False
6999,5210,0.05743439538071041,0.00027608500022324733,0.08255863189697266,False
7000,4614,0.06149282094475729,0.00038090900125098415,0.0825510025024414,False
7002,4366,0.025258379115294965,0.00024485900212312117,0.08237552642822266,False
7004,4301,0.009377645414474917,0.00023485100246034563,0.08260440826416016,False
7006,5737,0.03274040073388962,0.00022734000231139362,0.08260440826416016,False
7007,4301,0.1466984045634492,0.00024174799909815192,0.08260440826416016,False
7008,4614,0.010933058156776379,0.00024537500212318264,0.08255863189697266,False
7009,5727,0.005127562843609518,0.00023687000066274777,0.08260440826416016,False
7012,265,0.024322849332424124,0.00023499799863202497,0.0823068618774414,False
7013,3485,0.04708572306581865,0.00022902800265001133,0.08260440826416016,False
7014,3393,0.02029747504901719,0.00023219500144477934,0.08260440826416016,False
7017,6032,0.11969699763219932,0.0002454109999234788,0.08261966705322266,True
7019,1382,0.007785571347671549,0.00022982000155025162,0.0825815200805664,True
7021,745,0.1400550978360058,0.00027233900254941545,0.08257389068603516,False
7022,5737,0.025320688588275964,0.00024489499992341734,0.08260440826416016,False
7023,3393,0.022767011593340658,0.00025106499742832966,0.0825967788696289,False
7024,8452,0.0028672007921093368,0.00024318900250364095,0.08242130279541016,False
7026,4614,0.01216189953621151,0.0002283789981447626,0.08255863189697266,False
7028,4614,0.01937844977238047,0.00022451299810199998,0.0825510025024414,False
7030,4301,0.1479717392778165,0.000239992998103844,0.08260440826416016,False
7032,5416,0.02966486923877132,0.0002498059984645806,0.0822153091430664,False
7035,4137,0.008243725180196358,0.00023264500123332255,0.08257389068603516,False
7039,4400,0.0045084035813798135,0.00022103799710748717,0.08246707916259766,False
7041,4614,0.08471266945826862,0.0002240169997094199,0.08255863189697266,False
7044,8452,0.0028672007921093368,0.00021328299771994352,0.08242130279541016,False
7045,4499,0.013060213341616167,0.00020356200184323825,0.0823068618774414,False
7049,5737,0.037765888172769824,0.00023372300347546116,0.08260440826416016,False
7050,4614,0.018877482660949255,0.0002228459998150356,0.0825510025024414,False
7057,4137,0.007697141676083506,0.0002421449971734546,0.08257389068603516,False
7058,3393,0.04363625781768815,0.00022462999913841486,0.0825967788696289,False
7059,1707,0.02320631008356777,0.00021198800095589831,0.08243656158447266,False
7061,2462,0.1594796605265817,0.0002354239986743778,0.08257389068603516,False
7063,3393,0.02192291573634958,0.00022294600057648495,0.0825967788696289,False
7064,8452,0.0028672007921093368,0.00022724500013282523,0.08242130279541016,False
7065,4614,0.017363639557441593,0.0002939469995908439,0.0825510025024414,False
7067,3393,0.024113812306572335,0.0002250299985462334,0.0825967788696289,False
7068,3393,0.019511805609274624,0.00022289900152827613,0.08260440826416016,False
7070,3393,0.02218928440622986,0.00024617199960630387,0.0825967788696289,False
7071,4586,0.025634769611541153,0.0002045459987130016,0.0823221206665039,False
7073,5294,0.03236548713021792,0.0002234659987152554,0.08257389068603516,False
7077,4614,0.00027836011910774283,0.00022941600036574528,0.0825510025024414,False
7081,6233,0.007085881107436354,0.00023513099949923344,0.08258914947509766,False
7083,3393,0.015247338682771339,0.00022444099886342883,0.0825967788696289,False
7085,4614,0.001530956948327375,0.00022348499987856485,0.0825510025024414,False
7086,4614,0.01842380446069493,0.00022569199791178107,0.0825510025024414,False
7087,745,0.1400550978360058,0.000799506000475958,0.08257389068603516,False
7089,5416,0.006419527192258467,0.00027270600185147487,0.08222293853759766,False
7091,8452,0.02590962657299367,0.0002189169972552918,0.0824136734008789,False
7092,745,0.0727551085526498,0.00022267899839789607,0.08257389068603516,False
7096,1307,0.006156657074970262,0.00022346100013237447,0.0825662612915039,False
7101,1108,0.015388631322919233,0.0002461300027789548,0.0825815200805664,False
7102,6186,0.05222696789254172,0.00022383899704436772,0.0825815200805664,False
7107,3337,0.00329948711527539,0.00022709499899065122,0.08258914947509766,False
7109,4556,0.0011111095512044145,0.0002119169985235203,0.08231449127197266,True
7110,1246,0.001021539067548538,0.00022360499860951677,0.08255863189697266,False
7111,6582,0.02042695021403822,0.00022869199892738834,0.08252811431884766,False
7114,4366,0.060449861299755714,0.00020378900080686435,0.0823526382446289,True
7115,2288,0.02028993185745931,0.0002919689977716189,0.0825662612915039,False
7116,5998,0.050883591565348316,0.00023984400104382075,0.08261966705322266,False
7119,7781,0.051823259631331164,0.0002134589994966518,0.08246707916259766,False
7121,4586,0.0047586113777792205,0.00021681899670511484,0.08226871490478516,True
7125,4525,0.07907650201084437,0.00020937500084983185,0.0822763442993164,True
7126,8486,0.015828098741407004,0.0002181409981858451,0.0824441909790039,True
7130,8737,0.042590024968607976,0.0002182280004490167,0.0825204849243164,False
7131,4267,0.001964962320226471,0.00022679900212096982,0.08257389068603516,False
7132,5880,0.0006378095343322343,0.00022563099992112257,0.08260440826416016,False
7133,8115,0.019855574260557007,0.0002445499994792044,0.0825357437133789,False
7134,8737,0.010463057748055879,0.0002411780005786568,0.0825204849243164,False
7135,6404,0.035893082659121445,0.00023264699848368764,0.08260440826416016,False
7136,4116,0.01030111275256329,0.0002808839999488555,0.0825967788696289,False
7142,6959,0.003295152391736944,0.00022282899954007007,0.08255863189697266,False
7146,5738,0.00716644736956118,0.00022321100186672993,0.08258914947509766,False
7147,1103,0.01936923982508798,0.00022877299852552824,0.08257389068603516,False
7148,6536,0.04935126758602182,0.00021926099725533277,0.08252811431884766,False
7150,7409,0.033200936330682544,0.00021895299869356677,0.08245182037353516,True
7152,166,0.0021088717465083395,0.00022516600074595772,0.0825967788696289,False
7158,1829,0.05977371400030826,0.0002118720003636554,0.0824747085571289,True
7162,3878,0.0224723756648625,0.000208073000976583,0.08234500885009766,True
7163,4688,0.0030452951347990087,0.0001918239977385383,0.0822153091430664,False
7165,1599,0.05655006841789678,0.00021449300038511865,0.0824594497680664,True
7166,5185,0.011554009053099445,0.00021901199943386018,0.0825662612915039,False
7167,8115,0.03183734154998541,0.00021957300123176537,0.0825357437133789,False
7169,5965,0.007731755333302684,0.00021547700089286081,0.08248233795166016,False
7170,6356,0.001573692184768688,0.0002298399995197542,0.0826120376586914,False
7171,1284,0.01561291707621848,0.00023385299937217496,0.08257389068603516,False
7172,4876,0.009065346595299228,0.00022591699962504208,0.0826120376586914,False
7173,4536,0.017899381345672177,0.00019588500072131865,0.0822458267211914,True
7174,1246,0.011603259191102168,0.00024761799795669504,0.0825967788696289,False
7177,774,0.03687905240031153,0.0002304580011696089,0.0825510025024414,False
7179,873,0.0025449192665827347,0.00023452700042980723,0.08260440826416016,False
7180,8463,0.0918558648606207,0.0002174139990529511,0.08248233795166016,True
7183,1562,0.07990035320455147,0.0002311409989488311,0.08261966705322266,False
7186,238,0.050264353079644275,0.000201631999516394,0.08214664459228516,True
7187,3582,0.0044804050390921946,0.00024039500203798525,0.08258914947509766,False
7189,6346,0.01023392723995098,0.00029566800003522076,0.0826120376586914,False
7194,3782,0.05373438713629483,0.0002108329972543288,0.0823831558227539,True
7195,4510,0.026233252360618575,0.00021669399939128198,0.0822763442993164,True
7198,4042,0.016960037969352276,0.0002126119979948271,0.08240604400634766,True
7200,7659,0.03805441170465329,0.0002205460004915949,0.0824899673461914,False
7202,953,0.061833461126543476,0.00022138599888421595,0.0825662612915039,False
7204,5620,0.06545017974378875,0.0002085759988403879,0.08219242095947266,False
7205,3103,0.018786056717423172,0.00021896600082982332,0.0824747085571289,False
7207,252,0.06291615059942857,0.00019216700093238614,0.08219242095947266,True
7210,3414,0.0008697758130174482,0.000221992999286158,0.0825510025024414,False
7213,4278,0.05672172884169657,0.00022458799867308699,0.08258914947509766,False
7215,3046,0.056656691010952276,0.00023569499899167567,0.0824441909790039,False
7216,3782,0.009790069090663787,0.00022623200129601173,0.08236026763916016,True
7218,6252,0.008265745603568408,0.00022572599846171215,0.08258914947509766,False
7220,3782,0.014797585336298269,0.00021304300025803968,0.08239078521728516,True
7221,8925,0.0027527244885999294,0.00022047400125302374,0.0825815200805664,False
7223,1523,0.02591091468465656,0.0002233079976576846,0.0826120376586914,False
7225,1367,0.010227337297167516,0.00022345800243783742,0.08258914947509766,False
7226,5731,0.01603912435493904,0.00023283399787032977,0.08257389068603516,False
7227,8607,0.07629583387982164,0.00021639400074491277,0.0822763442993164,True
7230,1227,0.0030812755018205795,0.000252041998464847,0.08258914947509766,False
7231,3797,0.021516902309014905,0.00020978699831175618,0.0823831558227539,True
7234,4586,0.0275531928953332,0.00020141899949521758,0.0822763442993164,True
7235,4552,0.11557852166108407,0.0002117020012519788,0.08228397369384766,True
7236,5810,0.005055830246466331,0.0002276679988426622,0.0825662612915039,False
7237,1227,0.12688356769398002,0.00023363600121228956,0.08258914947509766,False
7240,6635,0.003760912561727725,0.0002365870022913441,0.0826120376586914,False
7242,6279,0.08555142369076449,0.00022634199922322296,0.08255863189697266,True
7246,7343,0.09275248936901026,0.00023911999960546382,0.0825967788696289,False
7247,1183,0.0935503273549624,0.00022321100186672993,0.0826120376586914,False
7249,1901,0.08292307377173105,0.00022627300131716765,0.0825662612915039,False
7252,7510,0.24776502955842006,0.0002386250016570557,0.0825815200805664,False
7256,8319,0.041213825897179035,0.00022919399998500012,0.08257389068603516,False
7257,6748,0.04514591917130463,0.00021851500059710816,0.0825662612915039,False
7258,7544,0.05184514109183136,0.00022421099856728688,0.0825815200805664,False
7261,6431,0.02313843022025265,0.0002306950009369757,0.0826120376586914,False
7262,5173,0.03161248391336009,0.00023608599803992547,0.0826120376586914,False
7266,7345,0.0112136765105193,0.00027533399770618416,0.08258914947509766,False
7267,4908,0.04253978449713525,0.0002311389980604872,0.08260440826416016,False
7268,1731,0.03433577313378988,0.00023880899971118197,0.08255863189697266,False
7269,424,0.06251104944336694,0.00026875299954554066,0.08260440826416016,False
7270,1143,0.17695769167088754,0.0002295099984621629,0.08255863189697266,False
7271,7499,0.0010991547369569032,0.00024445099916192703,0.08255863189697266,False
7272,3672,0.10554293092319697,0.00021861200002604164,0.0825357437133789,False
7274,8542,0.06939048849847437,0.0002240329995402135,0.0825510025024414,False
7275,7627,0.4691282829629212,0.00024122600007103756,0.0825967788696289,False
7277,6024,0.22477125100863193,0.0002235590000054799,0.0824441909790039,False
7279,6347,0.05272646402540285,0.00022360799994203262,0.0825967788696289,False
7280,1743,0.050973794393774585,0.00022559200078831054,0.0825967788696289,False
7282,424,0.19808597153529073,0.00022376400011125952,0.0826272964477539,False
7283,8542,0.020569297643657725,0.0002556670006015338,0.0825967788696289,False
7288,1855,0.07439865758994668,0.00023769800100126304,0.0826272964477539,False
7290,7627,0.007984854537888192,0.00022990599973127246,0.0825815200805664,False
7291,2497,0.19850703514173357,0.0002658990015333984,0.0825357437133789,False
7293,7891,0.10763673096600249,0.0002258280001115054,0.0825815200805664,False
7294,1240,0.0013801670045103659,0.00021861699860892259,0.0825510025024414,False
7296,7318,0.031428792873575306,0.00022652999905403703,0.0826272964477539,False
7298,93,0.004237889076845793,0.00022252300186664797,0.0825815200805664,False
7300,1737,0.029181105046808042,0.00022145299953990616,0.08255863189697266,False
7301,3672,0.0671820371862216,0.00022386800264939666,0.08257389068603516,False
7303,6024,0.03255677221087483,0.00025961299979826435,0.08243656158447266,False
7306,7324,0.0013029720802288092,0.00022185399939189665,0.08258914947509766,False
7310,6519,0.12924245064850393,0.00021490799917955883,0.08248233795166016,False
7311,4342,0.023434212364056517,0.00022811700182501227,0.08251285552978516,False
7314,1897,0.05933916362586178,0.00022431999968830496,0.0825967788696289,False
7315,16,0.1735471397283631,0.00022265499865170568,0.0825815200805664,False
7316,482,0.049134129847748426,0.00024050199863268062,0.08260440826416016,False
7318,5554,0.005641307617675673,0.00027478000265546143,0.08257389068603516,False
7319,8579,0.09309822128137113,0.0002306910027982667,0.08257389068603516,False
7320,7627,0.1668599020983843,0.00022709999757353216,0.0825967788696289,False
7321,6406,0.04089240223197595,0.00022081499992054887,0.0825815200805664,False
7326,6552,0.08525384675196498,0.0002273419995617587,0.0826120376586914,False
7327,6606,0.3285586246845064,0.0002424949998385273,0.08260440826416016,False
7328,7627,0.6797736572485953,0.00022460300169768743,0.0825967788696289,False
7330,3414,0.041680030073220034,0.00023281700123334303,0.08258914947509766,False
7331,4148,0.05715779340687582,0.00022334899767884053,0.08255863189697266,False
7332,2918,0.22160915943094484,0.00023272600083146244,0.08258914947509766,False
7333,7891,0.0023153638782111297,0.00022529900161316618,0.0826120376586914,False
7335,179,0.10546792349717282,0.00023317000159295276,0.08260440826416016,False
7338,7468,0.02237270282735837,0.00022653599808108993,0.0825510025024414,False
7339,8751,7.528854909261595,0.0002294530022481922,0.0826272964477539,False
7342,5195,0.04924177654140267,0.0002365340005781036,0.0826120376586914,False
7344,3968,0.17243546433801715,0.0002189719998568762,0.08249759674072266,False
7345,2847,0.1126488947692837,0.00022770400028093718,0.08258914947509766,False
7346,7345,0.20656823448218908,0.00024437599859084,0.08261966705322266,False
7349,6606,0.11293623409859845,0.00034971499917446636,0.0826120376586914,False
7351,7614,0.014506856520319106,0.00022762899970985018,0.0826120376586914,False
7352,7428,0.03626439125357542,0.0002444320016365964,0.08260440826416016,False
7354,2918,0.10650650404613948,0.0002296169986948371,0.08261966705322266,False
7358,7318,0.10536398702619332,0.00022523399820784107,0.0826120376586914,False
7359,7345,0.023105853063905002,0.00025410200032638386,0.08260440826416016,False
7361,2417,0.18485453827917486,0.00023288200100068934,0.08257389068603516,False
7363,7640,0.14721677146328518,0.00022656900182482786,0.0825967788696289,False
7366,2308,0.10700000388183029,0.0002209009981015697,0.08255863189697266,False
7367,7659,0.20667545535000187,0.0002336469988222234,0.0826120376586914,False
7369,7295,0.16419152519670396,0.00025472600100329146,0.0825967788696289,False
7373,7562,0.013110211861054766,0.00022839799930807203,0.0825967788696289,False
7374,7324,0.09483638595144542,0.00023477300055674277,0.0825967788696289,False
7377,6622,0.19378767642870606,0.00024163700072676875,0.08254337310791016,False
7378,7513,0.14894276772953519,0.00023460800002794713,0.0826120376586914,False
7379,6179,0.20706244606461355,0.00022252399867284112,0.0825967788696289,False
7382,8402,0.036269379876086666,0.00022891700064064935,0.0824747085571289,False
7383,7510,0.04025455918465709,0.00022398600049200468,0.0826120376586914,False
7390,7640,0.4110113669045531,0.00022393499966710806,0.0825967788696289,False
7391,5186,0.10211831500469742,0.0002347349982301239,0.0826120376586914,False
7393,7513,0.18174180526054617,0.00023805300224921666,0.0826120376586914,False
7394,2918,0.186395028039537,0.000224243998673046,0.0826120376586914,False
7398,462,0.11705196829481052,0.000234195998928044,0.0825204849243164,False
7400,4834,0.035806888612979565,0.00022795800032326952,0.0826120376586914,False
7401,7271,0.19106486649821885,0.00022342200099956244,0.08258914947509766,False
7402,8749,0.1395673373836296,0.00022403399998438545,0.08257389068603516,False
7408,7510,0.15194358450413586,0.00027624499853118323,0.0826120376586914,False
7411,4132,0.21313205727462506,0.00022845700004836544,0.0826120376586914,False
7412,2374,0.18905585738841318,0.0002119390010193456,0.0824747085571289,False
7415,1877,0.28239156983834635,0.0002581080007075798,0.0825815200805664,False
7417,2543,0.059565998461442504,0.0002445720019750297,0.08252811431884766,False
7418,3660,0.00843859468383492,0.0002693009992071893,0.0826120376586914,False
7421,8613,0.007054460687911823,0.00024337800277862698,0.0825662612915039,False
7425,2409,0.15577366166951934,0.00028403399846865796,0.08255863189697266,False
7426,1867,0.21701497104416148,0.00022951700157136656,0.08258914947509766,False
7430,5437,0.016378056969100427,0.0002703199970710557,0.08261966705322266,False
7434,8319,0.2673087030553205,0.00022885699945618398,0.0826272964477539,False
7435,5600,0.018218365159020422,0.0002514259977033362,0.08254337310791016,False
7436,1222,0.054919997828022815,0.0002573389974713791,0.08261966705322266,False
7437,1180,0.006946506725054771,0.000253677000728203,0.08260440826416016,False
7439,8863,0.10288423450669984,0.0002334970013180282,0.08257389068603516,False
7440,6582,0.17151717648066422,0.00022292100038612261,0.08258914947509766,False
7441,7614,0.03229540826180502,0.00023400899954140186,0.08254337310791016,False
7442,6186,0.08165916838060581,0.0002208279984188266,0.0826120376586914,False
7448,2939,0.09240453957033146,0.00022361299852491356,0.08258914947509766,False
7449,8920,0.3132886953887264,0.00022995000108494423,0.08261966705322266,False
7450,7343,0.059016736847620904,0.0002430460008326918,0.0826120376586914,False
7451,5488,0.13972393740458833,0.00022250300025916658,0.0825510025024414,False
7454,7425,0.009351425206945041,0.0002232249971712008,0.08255863189697266,False
7458,1620,0.09242682175390537,0.00022228200032259338,0.08255863189697266,False
7460,7562,0.019894033235349995,0.00023419900026055984,0.0825662612915039,False
7464,5488,0.2052875025528994,0.00023620299907634035,0.0825662612915039,False
7467,6606,0.03574549463589028,0.00022200400053407066,0.0825357437133789,False
7468,1208,0.0021207512642257287,0.00023681099992245436,0.08260440826416016,False
7471,1410,0.15808516437595688,0.00023118799799703993,0.0825662612915039,False
7472,1180,0.009570551151218062,0.00022355200053425506,0.08260440826416016,False
7473,8461,0.0016263094414400436,0.00022701800116919912,0.08249759674072266,False
7474,1251,0.003860228745406147,0.00023301800320041366,0.0825662612915039,False
7476,970,0.014888992840756492,0.00022894999710842967,0.0826120376586914,False
7477,7256,0.06265919357767324,0.00026657299895305187,0.08257389068603516,False
7479,1180,0.007003595443566879,0.0002368989989918191,0.0825967788696289,False
7481,1506,0.08812550815317194,0.00021798400121042505,0.0824899673461914,False
7482,6032,0.16679190659258047,0.0002234130006399937,0.08258914947509766,False
7483,8710,0.0022396701371013277,0.00023113499992177822,0.08261966705322266,False
7486,5698,0.02559505365589465,0.0002311449970875401,0.0825510025024414,False
7490,7351,0.3087859499064814,0.00022960999922361225,0.0825815200805664,False
7491,1599,0.04547763704347929,0.00021929300055489875,0.0825357437133789,False
7492,3103,0.1637297734063664,0.0002554620004957542,0.0826120376586914,True
7496,7570,0.05159830627082229,0.00021881499924347736,0.08255863189697266,False
7497,7812,0.0474865359841936,0.00023648199930903502,0.08258914947509766,False
7500,462,0.04277051907745977,0.00024433799990219995,0.0825357437133789,False
7501,482,0.13772841555366747,0.00022310599888442084,0.08255863189697266,False
7505,7311,0.04689372059548491,0.0002257189989904873,0.0825815200805664,False
7506,2276,0.03971430985879831,0.00022031600019545294,0.08255863189697266,False
7508,2918,0.04664111170725249,0.0002272729980177246,0.08261966705322266,False
7512,2918,0.186395028039537,0.00023669700021855533,0.0826120376586914,False
7513,2918,0.08701763510536509,0.0002467360027367249,0.08261966705322266,False
7514,2340,0.06486586212483335,0.00022249199901125394,0.0825662612915039,False
7516,5698,0.026782834183733506,0.00023688600049354136,0.08258914947509766,False
7519,2847,0.043813696032362376,0.0002342730003874749,0.08257389068603516,False
7520,7640,0.14285840443566855,0.0002256519983347971,0.08258914947509766,False
7521,1897,0.09369960862593807,0.00023244299882207997,0.0825662612915039,False
7525,8074,0.03390595847011539,0.00022512799841933884,0.08260440826416016,True
7527,7627,0.01449886997221747,0.00022328200066112913,0.0825967788696289,False
7529,7140,0.277144923101296,0.0002317849975952413,0.08261966705322266,False
7532,2847,0.14467527140126463,0.00022431799879996106,0.0826120376586914,False
7533,3046,0.572127227414602,0.00022845299827167764,0.0826120376586914,False
7534,1743,0.019618603336027718,0.00022694000290357508,0.08255863189697266,False
7536,6544,0.02235504331796072,0.0002327959991816897,0.0826120376586914,False
7537,3672,0.4075957724634886,0.0002266769988636952,0.08258914947509766,False
7538,3628,0.00980866726710889,0.00022315400201478042,0.08255863189697266,False
7544,2847,0.2521709155478328,0.00023282199981622398,0.08260440826416016,False
7547,7324,0.12542013988428358,0.00022612500106333755,0.0825967788696289,False
7549,7544,0.22543979865022562,0.0002853820005839225,0.0826120376586914,False
7550,7140,0.277144923101296,0.00023443800091627054,0.08261966705322266,False
7552,5477,0.001758701767783144,0.0002459480019751936,0.0826120376586914,True
7554,1730,0.2564868296034123,0.0002383760001976043,0.08255863189697266,False
7556,2939,0.14141118182608048,0.00022514199736178853,0.08258914947509766,False
7559,2918,0.07274004482084173,0.00022658700254396535,0.08261966705322266,False
7561,6359,0.05402946502359656,0.0002235749998362735,0.0825967788696289,True
7563,2927,0.0412191480753,0.00023100799808162265,0.08261966705322266,False
7565,329,0.054147538713511974,0.00024655000015627593,0.08257389068603516,False
7568,5670,0.2880715786148802,0.00023516199871664867,0.0825967788696289,True
7571,7311,0.22174404680629278,0.000257373001659289,0.08261966705322266,False
7572,7614,0.031078562779808888,0.00022666400036541745,0.0826120376586914,False
7573,2285,0.06259256500692431,0.00022043500212021172,0.08258914947509766,False
7577,3631,0.11146322538851705,0.00022369999715010636,0.0825967788696289,False
7578,7499,0.09405224609117147,0.000223481998546049,0.08258914947509766,False
7580,6519,0.15999501326086918,0.00022278400138020515,0.0824747085571289,False
7581,5313,0.051810156613379385,0.00022062999778427184,0.08260440826416016,False
7582,7301,0.046176739732570304,0.00022179300140123814,0.0825967788696289,False
7583,7507,0.0534069982651621,0.00022472699856734835,0.0825815200805664,False
7585,2934,0.04245458012001935,0.00023405699903378263,0.08252811431884766,False
7589,2572,0.019525421784548636,0.00023320599939324893,0.08258914947509766,False
7592,1901,0.04530824734595246,0.00022043100034352392,0.08254337310791016,False
7594,7511,0.15667076420731127,0.00023317399973166175,0.0825967788696289,False
7596,5600,0.015318106331070336,0.00023033799880067818,0.08257389068603516,True
7597,8855,0.024963134141684745,0.00022393600011128,0.08260440826416016,False
7600,1657,0.039456542627879676,0.00022263400023803115,0.0825815200805664,False
7603,1897,0.027671992633417908,0.0006516939974972047,0.08261966705322266,False
7605,6585,0.03900784278274083,0.00022438899759436026,0.0825815200805664,False
7606,1168,0.039909504217360725,0.00024216800011345185,0.0825967788696289,False
7607,1730,0.02719159960618317,0.00022431300021708012,0.08255863189697266,False
7608,5670,0.058364331611917786,0.00026628499836078845,0.0825967788696289,True
7609,5353,0.14192719494927591,0.00022434600032283925,0.08261966705322266,False
7610,7345,0.22223141667231783,0.00022491900017485023,0.0825967788696289,False
7612,7507,0.10240347603340366,0.00022208100199350156,0.0825967788696289,False
7613,6205,0.0820324374371276,0.00023786499878042378,0.08258914947509766,False
7614,7343,0.18557601307872262,0.00022844300110591576,0.0826120376586914,False
7617,8863,0.5031865053825672,0.00022607999926549383,0.0826120376586914,False
7618,1898,0.1366594365457452,0.00022372199964593165,0.08260440826416016,False
7619,8863,0.03971849455077797,0.00023334399884333834,0.0826120376586914,False
7621,7140,0.09825147611907549,0.00023616600083187222,0.08261966705322266,False
7625,1746,0.004802731980580788,0.00022342000011121854,0.08255863189697266,False
7630,6005,0.2170264309945107,0.00023018999854684807,0.0825357437133789,False
7632,310,0.4827953656785023,0.00022436500148614869,0.08260440826416016,False
7633,7362,0.05198295841899675,0.0002701230005186517,0.08257389068603516,False
7636,5616,0.25102211174966127,0.00023516099827247672,0.08257389068603516,True
7640,7499,0.05087178858479799,0.00023327999952016398,0.08255863189697266,False
7641,7598,0.005069639983761476,0.00023389099806081504,0.08258914947509766,False
7644,462,0.08320805125896369,0.00022236799850361422,0.08257389068603516,False
7645,8607,0.030612797498085653,0.00022847299987915903,0.08258914947509766,False
7648,5327,0.05657401133319651,0.00022763100059819408,0.0825815200805664,False
7649,7507,0.011309452567864864,0.00022848599837743677,0.0826120376586914,False
7652,7627,0.36934131984449003,0.0002517440007068217,0.08258914947509766,False
7653,8536,0.07794467493134816,0.00022049800099921413,0.08257389068603516,False
7656,8243,0.007044428004740588,0.00023044899717206135,0.0825510025024414,False
7657,5477,0.014119743537578833,0.0002499999973224476,0.0825815200805664,True
7658,1599,0.15200900726453392,0.00022302700017462485,0.0825662612915039,False
7659,4137,0.14650285352154213,0.0002178289978473913,0.0825052261352539,True
7662,1657,0.041320553595404874,0.00022413399710785598,0.08257389068603516,False
7664,3103,0.007275909480279577,0.0002213789994129911,0.0826120376586914,False
7666,7311,0.3870331740878123,0.0002406940002401825,0.0825967788696289,False
7667,7184,0.09398377469563712,0.00023701600002823398,0.0826272964477539,False
7668,5620,0.07447877840522654,0.00022839799930807203,0.0825815200805664,True
7669,5625,0.1572361690779778,0.00022064199947635643,0.08257389068603516,True
7674,6591,0.09014398460003997,0.00022038700262783095,0.08255863189697266,False
7678,1390,0.0014973935239001035,0.00023380800121231005,0.0826120376586914,False
7679,8452,0.05246659461973324,0.00022404400078812614,0.0825662612915039,False
7686,5078,0.08030914039724807,0.00022444499700213782,0.08261966705322266,False
7687,7362,0.11918008718373907,0.0002456090005580336,0.0825967788696289,False
7688,5477,0.06500216663748248,0.00022410300152841955,0.08257389068603516,True
7689,5394,0.005383776871384471,0.00024196799859055318,0.08260440826416016,True
7691,6544,0.1452167884566667,0.00045317900003283285,0.08261966705322266,False
7697,3085,0.06598166094514135,0.00023628600320080295,0.0825815200805664,False
7698,370,0.0066118512351383,0.00023292900004889816,0.0825510025024414,False
7700,2340,0.05431993546126982,0.00022557400006917305,0.0825815200805664,False
7701,7324,0.2824595806843199,0.00022706999880028889,0.0825815200805664,False
7702,3631,0.2176954984808087,0.00021776499852421694,0.08254337310791016,False
7703,5488,0.034345711605269,0.0002294410005561076,0.0826120376586914,True
7704,7598,0.4436794403629421,0.00022344200260704383,0.0826120376586914,False
7705,1746,0.04526058568698943,0.00023435899856849574,0.0825357437133789,False
7707,2918,0.38079384539290206,0.00022552999871550128,0.08261966705322266,False
7708,8863,0.5031865053825672,0.00022693899882142432,0.0826120376586914,False
7709,7345,0.0017166838628641656,0.0002242820009996649,0.0825967788696289,False
7710,1200,0.07296478904239034,0.0002371179980400484,0.08260440826416016,False
