Test Index,Train Index,Score,Computing Time (s),Space Usage (MB),Same Class
0,6072,25.832204992730677,8.020699897315353e-05,0.0819711685180664,False
2,3476,3.6993599862180684,9.180900087812915e-05,0.0819559097290039,False
4,6364,1.7227491873955971,8.311599958688021e-05,0.0819559097290039,False
6,6961,28.613522189139967,7.901300341472961e-05,0.0819864273071289,True
8,8226,0.626671335870348,7.705499956500717e-05,0.08193302154541016,False
13,3355,10.763761563449641,8.156900003086776e-05,0.08197879791259766,False
14,6072,5.010498149391584,8.300699846586213e-05,0.08196353912353516,False
15,7033,1.095283053126029,7.730599827482365e-05,0.0819711685180664,True
17,6471,0.23168682514298128,7.849800022086129e-05,0.08196353912353516,False
18,8651,2.3465059497171317,7.837099838070571e-05,0.08194828033447266,False
19,6158,16.96550010967925,8.159800199791789e-05,0.0820016860961914,True
21,5797,10.054392113223766,8.116000026348047e-05,0.08199405670166016,False
23,718,9.44549058693339,8.816799891064875e-05,0.0820169448852539,False
28,6072,7.506834126904734,7.808600275893696e-05,0.08197879791259766,False
29,5797,10.651525926929507,8.046299990382977e-05,0.08202457427978516,False
31,8651,11.841035824817762,7.986899800016545e-05,0.08194828033447266,False
38,3260,10.154783645344196,7.781200110912323e-05,0.08196353912353516,False
39,7040,1.509869291241919,7.666499732295051e-05,0.08194828033447266,True
40,6072,13.971671960846711,7.689300036872737e-05,0.08196353912353516,False
41,6072,35.90029700906631,8.170199726009741e-05,0.0819711685180664,False
44,6961,33.50309636171027,8.602500020060688e-05,0.08211612701416016,True
50,6072,14.354379666873546,8.171900117304176e-05,0.0819559097290039,False
51,6961,15.759510850040021,8.024599810596555e-05,0.0820322036743164,True
52,6987,1.7748061796777388,7.875400115153752e-05,0.0819559097290039,True
53,2880,30.448553116866385,8.334199810633436e-05,0.0819711685180664,False
54,1448,3.402133089845007,8.953400174505077e-05,0.0819711685180664,True
55,6072,7.490142807694515,7.772900062263943e-05,0.0819711685180664,False
56,6072,17.232786085832817,7.941500007291324e-05,0.08196353912353516,False
61,6072,12.019463078729425,8.559900015825406e-05,0.0819864273071289,False
63,6072,16.430575330733607,7.962200106703676e-05,0.08197879791259766,False
64,7773,12.27919016187355,9.081299867830239e-05,0.08199405670166016,False
66,868,0.8710811269291134,7.805999848642386e-05,0.0819559097290039,False
67,6072,16.031464994875137,8.306800009449944e-05,0.08197879791259766,False
68,7040,3.2119790788562406,7.958099740790203e-05,0.0819559097290039,True
70,8651,6.064397626586197,7.701999857090414e-05,0.0819406509399414,False
72,6961,24.453703768231208,0.00010272399958921596,0.08202457427978516,True
73,6072,8.609028611775859,7.876800009398721e-05,0.08197879791259766,False
77,6072,39.31614319231703,9.499600128037855e-05,0.0819711685180664,False
79,3652,10.104615803755877,8.342900036950596e-05,0.0820474624633789,False
81,5399,6.660574903729629,8.233699918491766e-05,0.0820169448852539,False
83,6072,14.869267481722398,8.503600110998377e-05,0.0819711685180664,False
84,6072,10.992718185121998,7.775300036882982e-05,0.08197879791259766,False
86,6072,29.414989086968184,7.950999861350283e-05,0.0819864273071289,False
88,6072,6.161349311561305,7.82530005380977e-05,0.08196353912353516,False
89,2912,35.877885623519546,8.182799865608104e-05,0.0820169448852539,False
90,3271,3.1189922440742586,0.00010509099956834689,0.0819253921508789,False
91,6072,6.8899029669566145,9.058100113179535e-05,0.0819559097290039,False
93,6072,13.079681633126734,7.975900007295422e-05,0.08197879791259766,False
95,7773,12.087606259979589,8.292900020023808e-05,0.08199405670166016,False
100,6959,4.341200950072813,8.36690014693886e-05,0.0820016860961914,True
101,5797,14.171431584595837,8.393000098294578e-05,0.08199405670166016,False
103,7033,3.573817666257494,7.81720009399578e-05,0.0819406509399414,True
105,6072,24.093751494857067,7.85529991844669e-05,0.0819711685180664,False
107,6961,13.79873299617817,8.006399730220437e-05,0.08199405670166016,True
109,1455,10.465749612074962,8.03299990366213e-05,0.0819864273071289,True
110,3335,4.428906618675822,8.32920013635885e-05,0.0819711685180664,False
112,3402,10.02146017303915,0.00030098199931671843,0.0819406509399414,False
116,3355,8.001299946447979,8.21839967102278e-05,0.0819864273071289,False
118,5812,23.82755061833078,9.963300180970691e-05,0.0820474624633789,False
119,6072,29.907086608650435,9.707100252853706e-05,0.08196353912353516,False
120,5515,6.977180656941586,8.447499931207858e-05,0.0820322036743164,False
125,8924,14.189636926466033,8.184800026356243e-05,0.08200931549072266,True
127,2596,12.324607663165274,8.614199759904295e-05,0.08210086822509766,True
128,2975,10.741066599456042,0.0001065359974745661,0.0820779800415039,True
130,2766,14.446594552241782,9.093699918594211e-05,0.08203983306884766,True
131,2766,15.627585018835596,8.282799899461679e-05,0.08202457427978516,True
132,8898,15.00461088723802,8.703300045453943e-05,0.08208560943603516,True
134,8924,14.376705039674041,8.153499948093668e-05,0.08200931549072266,True
136,3143,4.629024554896632,7.795299825374968e-05,0.08194828033447266,False
137,5375,15.866166392963526,8.11850004538428e-05,0.0820016860961914,True
145,142,31.535330209404002,8.0801997683011e-05,0.08205509185791016,False
147,1071,9.789177671613704,7.860699770390056e-05,0.0819864273071289,True
148,3213,0.0,7.781500244163908e-05,0.08196353912353516,False
153,7956,8.69416886337671,8.05000017862767e-05,0.0820016860961914,True
155,4313,3.1797390389657947,0.00011132899817312136,0.08202457427978516,True
158,606,0.0,9.580899859429337e-05,0.08197879791259766,False
159,3757,25.604444382795545,8.978800178738311e-05,0.08213138580322266,False
164,6987,1.3512496750198346,7.974799882504158e-05,0.0819864273071289,False
165,5858,19.27279805343387,8.626199996797368e-05,0.08203983306884766,False
167,6365,1.685060518732052,9.134100037044846e-05,0.0819864273071289,True
168,7841,7.826807100127296,8.018500011530705e-05,0.08197879791259766,True
169,930,0.015069286431259918,8.155500108841807e-05,0.0819406509399414,True
174,5515,3.629444234509595,9.248800051864237e-05,0.0819406509399414,True
175,8789,0.025158548949425513,8.005599738680758e-05,0.0819406509399414,True
177,3474,1.427060015455238,8.996799806482159e-05,0.08194828033447266,False
179,7912,4.811430862326687,8.114599768305197e-05,0.08196353912353516,True
181,3539,2.192555044000057,8.183299723896198e-05,0.08193302154541016,False
183,935,8.02207652117974,7.880100019974634e-05,0.0819711685180664,True
186,7972,16.31944523913217,7.858100070734508e-05,0.08199405670166016,True
188,724,0.0,9.814199802349322e-05,0.08197879791259766,False
190,553,7.636699670386597,7.888199979788624e-05,0.08194828033447266,False
191,3209,5.362405079426837,8.546299795852974e-05,0.08199405670166016,False
194,6383,2.2477802270190304,8.025399802136235e-05,0.08196353912353516,True
197,4304,17.947046894203876,8.159400022123009e-05,0.08197879791259766,True
199,7912,8.045437226471979,7.723700036876835e-05,0.0819406509399414,True
201,907,1.0002108060055024,7.6607997471001e-05,0.0819559097290039,True
202,6331,0.24417235922341782,7.768200157443061e-05,0.08193302154541016,True
205,3757,46.23192868428041,9.301799946115352e-05,0.0821237564086914,False
206,7972,8.512114942059373,7.949199789436534e-05,0.0819864273071289,True
207,5680,3.8034325395654776,8.617700223112479e-05,0.0820016860961914,True
208,5680,3.4382102522464724,9.924099867930636e-05,0.0819253921508789,True
209,3757,20.812972372906593,8.890400204109028e-05,0.08210086822509766,False
210,5865,9.712396746847299,8.878800144884735e-05,0.0819253921508789,False
211,5905,6.175912394367528,7.925500176497735e-05,0.0819406509399414,False
212,5374,3.753481065275973,8.385200271732174e-05,0.08194828033447266,True
214,7147,18.069385150487886,9.338800009572878e-05,0.0819406509399414,False
215,5865,27.411034307989052,0.00029851099679945037,0.0819559097290039,False
216,5880,59.3252836777815,7.683299918426201e-05,0.08191776275634766,False
219,6428,5.407892887700708,9.273700197809376e-05,0.0819559097290039,True
222,3260,0.19664397060363642,8.190100197680295e-05,0.0819711685180664,False
223,7822,13.511478284882173,0.00016765300097176805,0.0819711685180664,True
225,5386,1.831171979562915,8.282300041173585e-05,0.08196353912353516,True
226,8057,8.67372780125903,7.905399979790673e-05,0.08196353912353516,True
232,958,0.23633656511663037,7.754900070722215e-05,0.08194828033447266,True
233,6331,0.30187209049489466,9.455799954594113e-05,0.08194828033447266,True
236,1026,2.2109517251579374,8.330300261150114e-05,0.0819559097290039,True
238,6317,0.0005621884960413262,0.00015305100168916397,0.08193302154541016,True
240,5621,0.27668562860523427,7.812199692125432e-05,0.0819864273071289,True
242,606,0.0,7.717599874013104e-05,0.08197879791259766,False
244,991,11.079877588569431,7.715199899394065e-05,0.0819253921508789,True
246,1523,2.904182149685131,7.845200161682442e-05,0.0819711685180664,False
248,724,0.0,7.741799709037878e-05,0.08196353912353516,False
249,6364,0.5272010858646973,7.793999975547194e-05,0.08194828033447266,True
250,22,6.411143251493024,9.249299910152331e-05,0.08193302154541016,False
252,6810,6.851267603816668,8.166699990397319e-05,0.08196353912353516,False
256,2746,3.3447061244696643,9.788999886950478e-05,0.08197879791259766,True
257,6143,1.9503623096713647,7.975500193424523e-05,0.08196353912353516,False
258,900,2.1389667636839795,8.211000022129156e-05,0.0819559097290039,True
259,8869,13.790974950012094,8.517099922755733e-05,0.0820016860961914,False
261,5196,13.467341899465072,8.11099998827558e-05,0.08197879791259766,False
265,3166,0.038852271091793185,7.961899973452091e-05,0.08191776275634766,False
268,2834,0.0,8.004499977687374e-05,0.0819253921508789,False
272,6364,5.649800778591994,9.007799963001162e-05,0.0819559097290039,True
273,7956,6.8694259139288905,0.00010285700045642443,0.0819864273071289,True
274,606,0.0,7.746000119368546e-05,0.08197879791259766,False
275,6683,0.2264126099053277,7.816000288585201e-05,0.08193302154541016,False
276,7811,24.31801951090166,8.584199895267375e-05,0.0820474624633789,True
277,943,4.928143490204104,8.710600013728254e-05,0.0819559097290039,True
278,900,5.538703757528064,9.487299757893197e-05,0.0819864273071289,True
280,5440,1.8705083664656053,8.29679993330501e-05,0.08197879791259766,True
281,907,2.2555853180648873,8.121500286506489e-05,0.0819253921508789,True
282,5680,3.2741326291392086,8.39099993754644e-05,0.08197879791259766,True
283,3213,0.0,9.89460022537969e-05,0.0819711685180664,False
284,606,0.0,8.300000263261609e-05,0.0819711685180664,False
286,960,0.01638326036471079,9.935400157701224e-05,0.0819711685180664,True
288,6345,0.0,8.36629988043569e-05,0.08197879791259766,True
293,3539,2.5726060815811636,8.64590001583565e-05,0.0819711685180664,False
294,120,6.636955339188223,8.233000335167162e-05,0.0820016860961914,False
295,5440,3.6353331903210337,0.00010511599975870922,0.0819864273071289,True
296,7773,26.69828099553077,9.293899711337872e-05,0.08194828033447266,True
297,606,0.0,8.435199924861081e-05,0.0819406509399414,False
299,3404,7.227540313559663,7.969000216689892e-05,0.0819864273071289,False
301,5680,1.3131295348842529,7.695800013607368e-05,0.08194828033447266,True
305,5196,14.124704330347996,7.921599899418652e-05,0.08197879791259766,False
307,7822,22.73712491844436,8.369900024263188e-05,0.08197879791259766,True
308,7822,35.77531774193982,8.014999912120402e-05,0.0819864273071289,True
310,5640,0.7863040114174902,9.318500087829307e-05,0.0819864273071289,True
314,606,0.0,0.0001130599994212389,0.0819253921508789,False
315,6364,0.5423458509030494,7.654299770365469e-05,0.0819253921508789,True
316,6143,0.13201136727786147,8.617599814897403e-05,0.0819711685180664,False
320,8226,0.1416848198607237,8.060400068643503e-05,0.08197879791259766,False
321,5399,4.1207274884131,8.992099901661277e-05,0.08205509185791016,True
326,5865,58.8382165151917,9.08820002223365e-05,0.0819253921508789,False
328,606,0.0,0.00010259999908157624,0.0819559097290039,False
329,6158,13.88774488818,8.422099926974624e-05,0.0819864273071289,False
333,606,0.0,8.14119994174689e-05,0.0819711685180664,False
336,3539,4.423166978715381,8.068299939623103e-05,0.08194828033447266,False
338,7773,7.222128085267845,8.097099998849444e-05,0.0819406509399414,False
341,1025,2.402130919178307,9.868899724096991e-05,0.0819711685180664,False
342,5438,6.8573752893106725,8.423100007348694e-05,0.08196353912353516,False
347,7147,20.220172258735218,0.00011010700109181926,0.08194828033447266,False
348,5880,35.607706182408236,8.686700311955065e-05,0.08196353912353516,True
349,5880,54.88703556972146,7.946600089780986e-05,0.0819253921508789,True
351,943,1.674524659907,8.18799999251496e-05,0.0819864273071289,False
354,7147,41.105356549826666,7.805499990354292e-05,0.08194828033447266,False
355,7116,4.097898758968414,8.240499664680101e-05,0.0819406509399414,False
360,159,1.5070436252685513,8.02549984655343e-05,0.08196353912353516,True
363,5375,14.169427368245632,8.957899990491569e-05,0.08213138580322266,False
364,99,4.146172348923616,8.31360011943616e-05,0.08199405670166016,True
368,22,21.075468620784008,9.169699842459522e-05,0.08197879791259766,True
370,525,0.5230954817449447,8.01780006440822e-05,0.08197879791259766,False
371,1448,11.812797756381043,8.073699791566469e-05,0.08196353912353516,False
372,6158,21.002578619509546,9.467000199947506e-05,0.0819864273071289,False
377,111,5.358867243786537,8.309500117320567e-05,0.08199405670166016,True
378,4798,6.444956950831858,7.864900180720724e-05,0.08194828033447266,False
382,525,1.9647164895601392,7.716699838056229e-05,0.08193302154541016,False
383,173,9.025505301496732,7.822900079190731e-05,0.08194828033447266,True
384,8789,2.5596444970007295,7.723499948042445e-05,0.0819864273071289,False
389,93,3.8774212487646493,8.03379989520181e-05,0.08193302154541016,True
390,99,4.636308595989748,8.023500049603172e-05,0.0819711685180664,True
392,3402,8.278522174461493,8.56160004332196e-05,0.08193302154541016,True
394,8262,5.300122754451548,8.209099905798212e-05,0.0819711685180664,True
397,8262,3.334040524869009,8.57499981066212e-05,0.0819406509399414,True
399,5865,47.3687859823789,7.733200254733674e-05,0.0819406509399414,True
400,1448,11.160719128594277,0.00012126599904149771,0.08193302154541016,False
403,99,7.535973131856454,7.947999984025955e-05,0.0819253921508789,True
404,8262,8.11792424421227,8.721999984118156e-05,0.0819406509399414,True
405,6194,22.0748281272281,0.00019640200116555206,0.0820016860961914,False
408,525,2.329486976174884,7.682499926886521e-05,0.0819253921508789,False
409,525,3.5594887326930444,8.823400276014581e-05,0.0819711685180664,False
411,3441,13.19868759058278,8.105400047497824e-05,0.08197879791259766,True
414,5830,14.249676254114624,7.961000301293097e-05,0.08197879791259766,True
417,2544,49.07123110367978,8.568200064473785e-05,0.0820016860961914,False
418,3404,25.434669140050943,7.875699884607457e-05,0.0819711685180664,True
421,8262,3.6066196932854035,9.647100159781985e-05,0.0819711685180664,True
423,5744,7.335150934588324,7.687500328756869e-05,0.0819406509399414,True
424,8262,4.485856191622604,9.941799726220779e-05,0.0819711685180664,True
425,3404,6.539363641449056,7.96249987615738e-05,0.08194828033447266,True
428,6400,9.427529638770213,8.038300074986182e-05,0.08193302154541016,False
431,8262,3.531434917095765,7.804499909980223e-05,0.0819406509399414,True
432,6400,9.62136381592258,7.920999996713363e-05,0.0819253921508789,False
434,5004,26.957174190285876,8.761500066611916e-05,0.0820474624633789,False
436,5905,42.338266607032295,7.910899876151234e-05,0.08193302154541016,True
437,4122,7.981402721799192,8.570399950258434e-05,0.08196353912353516,False
439,525,4.913429027932326,7.867099702707492e-05,0.0819864273071289,False
441,1075,6.911068063650517,7.917400216683745e-05,0.0819711685180664,False
443,6744,8.517225439228586,8.041999899432994e-05,0.0820016860961914,True
444,1075,6.959551628940688,7.655599983991124e-05,0.0819406509399414,False
446,1025,2.3710065190506606,7.754499893053435e-05,0.0819253921508789,False
447,3545,3.339344285487731,0.00010510499851079658,0.08196353912353516,False
448,1075,6.913036760000133,7.925699901534244e-05,0.08196353912353516,False
449,6072,3.029313842454254,8.640600208309479e-05,0.0819864273071289,False
450,6774,4.622965088326634,8.060800246312283e-05,0.0819253921508789,True
452,3539,6.137141378272547,7.877100142650306e-05,0.08197879791259766,False
455,3688,5.278214921173965,0.00011388200073270127,0.08196353912353516,False
457,6400,3.0198060069211894,8.086399975582026e-05,0.08197879791259766,False
466,5438,8.22951591843654,9.723200128064491e-05,0.08194828033447266,False
468,5574,7.899796583500581,8.328100011567585e-05,0.0819864273071289,False
469,5671,7.36042762484367,7.865900261094794e-05,0.08196353912353516,False
472,1075,6.8051528355476165,0.00012944199988851324,0.0819864273071289,False
473,2787,4.166383741672293,7.763600297039375e-05,0.08194828033447266,False
474,2787,2.7690397116085643,8.431600144831464e-05,0.0819711685180664,False
475,6744,15.681671155318403,8.63940003910102e-05,0.08197879791259766,True
476,6683,6.585374168549169,8.317999891005456e-05,0.0819711685180664,True
477,3688,44.83866557794603,8.419900041189976e-05,0.0819406509399414,False
479,2787,2.6690727289242755,0.00014310300321085379,0.08194828033447266,False
481,3260,14.048771778232153,8.198800060199574e-05,0.08196353912353516,False
482,3601,19.314772045118303,8.492400229442865e-05,0.08200931549072266,False
483,6732,6.25908447335833,7.991000165930018e-05,0.08196353912353516,True
484,943,3.026972126390118,8.105500091915019e-05,0.08194828033447266,False
485,4097,9.28184663401686,7.700800051679835e-05,0.0819406509399414,False
486,5440,4.163095443428438,8.184199759853072e-05,0.08199405670166016,False
489,5754,6.988693668224201,9.271300223190337e-05,0.0819559097290039,True
492,3688,4.029065078963988,8.086000161711127e-05,0.0819559097290039,False
495,5196,26.01215129861137,8.694899952388369e-05,0.0819864273071289,False
496,8645,3.9648754138912317,9.018799755722284e-05,0.0819559097290039,False
498,6744,10.969081403988243,9.219200001098216e-05,0.08197879791259766,True
499,2787,8.26372800009861,8.349500058102421e-05,0.08196353912353516,False
501,5375,10.662044731557796,8.747899846639484e-05,0.0820169448852539,False
502,2787,7.976803794155725,8.858399814926088e-05,0.0819864273071289,False
507,900,2.7063300704776485,8.203499965020455e-05,0.0819406509399414,False
508,3539,2.167361323247247,8.32049991004169e-05,0.0819711685180664,False
510,5744,6.215250734278989,8.316299863508902e-05,0.08193302154541016,True
511,5865,19.67968280879232,8.185200204025023e-05,0.08193302154541016,True
514,1670,30.603272810952145,9.982300252886489e-05,0.08208560943603516,False
515,3677,23.634411323854806,8.59200008562766e-05,0.08210086822509766,True
518,8432,50.425556004292595,8.548600089852698e-05,0.08207035064697266,True
520,2852,5.137104480171842,9.668500206316821e-05,0.08194828033447266,True
521,2852,5.137359099638084,8.023199916351587e-05,0.0819559097290039,True
522,7889,0.0,8.865099880495109e-05,0.08194828033447266,True
523,7889,0.0,8.970800263341516e-05,0.08194828033447266,True
524,6009,4.595856530712158,8.229200102505274e-05,0.0820169448852539,True
526,8421,14.13659104251119,9.095600034925155e-05,0.08199405670166016,True
528,8392,29.962368722766584,9.639999916544184e-05,0.08202457427978516,True
529,8392,20.83401286802089,8.659299783175811e-05,0.08202457427978516,True
530,7896,32.78249198219471,9.727599899633788e-05,0.0821695327758789,True
531,7404,22.545758838148565,8.60860018292442e-05,0.08202457427978516,False
532,8427,65.32581252208294,8.597000123700127e-05,0.08194828033447266,True
533,6609,4.606356667278134,8.278699897346087e-05,0.0820016860961914,True
534,5841,11.99339995981003,8.044000060181133e-05,0.08196353912353516,False
535,7773,11.035912514711608,8.705599975655787e-05,0.08205509185791016,False
537,1967,21.255816690771447,8.309100303449668e-05,0.08203983306884766,False
538,3677,7.722000039926869,9.16600001801271e-05,0.0820169448852539,True
543,5747,17.916912432430678,7.989499863469973e-05,0.08196353912353516,False
545,1740,33.77946026879212,9.197100007440895e-05,0.0820932388305664,False
546,1573,13.610062642646891,9.091600077226758e-05,0.0820627212524414,False
547,5841,14.839763717603548,8.063800123636611e-05,0.08196353912353516,False
555,8417,20.298178050229232,8.89430011739023e-05,0.08210086822509766,True
556,1533,23.74589648306626,7.996500062290579e-05,0.0820169448852539,True
557,5735,19.747625941682536,8.286299998871982e-05,0.08203983306884766,False
558,8327,21.522277383439768,8.783800149103627e-05,0.08205509185791016,True
561,8890,32.034678301630954,7.925500176497735e-05,0.08199405670166016,True
563,7355,26.275614016486422,8.714000068721361e-05,0.0821390151977539,False
564,2787,12.572717791931534,7.835599899408408e-05,0.08194828033447266,True
565,8890,21.71592895744364,0.00010496100003365427,0.0820627212524414,True
567,3938,10.584616333383945,8.372999946004711e-05,0.08197879791259766,False
568,7896,33.24107243680889,8.627299757790752e-05,0.08207035064697266,True
572,275,14.30476755514336,9.224099994753487e-05,0.0820016860961914,False
573,275,14.314137279598933,8.486000297125429e-05,0.0820016860961914,False
574,6540,11.596842920560938,7.851500049582683e-05,0.08194828033447266,True
575,4652,11.388552326608377,8.439799785264768e-05,0.08196353912353516,True
576,6540,7.812873603570486,8.114799857139587e-05,0.0819406509399414,True
577,4652,8.032077777612553,8.032100231503136e-05,0.0819559097290039,True
579,5841,14.773711129977691,8.409500151174143e-05,0.08197879791259766,False
580,3665,18.616616910919717,8.39809981698636e-05,0.08203983306884766,True
581,3743,42.02194397742272,9.373700231662951e-05,0.08220767974853516,True
583,8340,30.438373212113937,8.815000182949007e-05,0.0821084976196289,True
584,1580,14.506497571994068,8.207499922718853e-05,0.0819711685180664,False
586,1851,38.24580748650458,9.001500075100921e-05,0.08208560943603516,False
589,1580,22.038292812942203,8.907399751478806e-05,0.0820169448852539,False
592,4761,6.029626436879667,8.311700003105216e-05,0.0820474624633789,True
597,1851,10.5166400061022,8.343500303453766e-05,0.08202457427978516,False
598,8869,6.228011404093748,8.515799709130079e-05,0.0819711685180664,True
600,7181,24.77987778945329,9.164000221062452e-05,0.08214664459228516,True
603,7889,5.136595241239362,7.82470015110448e-05,0.08193302154541016,True
604,1537,6.2151177033125915,0.0001047610021487344,0.0820016860961914,True
605,7886,15.996291602687133,9.828700058278628e-05,0.0822153091430664,True
608,5160,25.895947652390817,8.600400178693235e-05,0.08202457427978516,False
611,911,2.352790594837305,9.324400161858648e-05,0.08197879791259766,False
612,5515,4.256717148095253,0.000106616997072706,0.08210086822509766,False
613,8924,23.359741166895233,8.598199929110706e-05,0.08205509185791016,True
615,2933,18.251508796650775,8.341400098288432e-05,0.08199405670166016,True
620,7219,16.626881524392402,9.009899804368615e-05,0.08199405670166016,True
621,2065,40.90724974790021,9.168399992631748e-05,0.0821084976196289,False
622,2684,16.500725993630834,9.372099884785712e-05,0.08217716217041016,True
623,2623,27.79282102719995,9.186200259136967e-05,0.0822000503540039,True
624,2623,44.02915354410038,9.009100176626816e-05,0.08217716217041016,True
625,3824,25.722004747625697,0.00011245700079598464,0.0821237564086914,False
627,2623,21.150663391432687,9.884400060400367e-05,0.08228397369384766,True
628,2696,30.06109932845139,9.090599996852688e-05,0.08211612701416016,True
635,2696,21.42914808583837,9.942399992723949e-05,0.0822916030883789,True
640,1393,31.981684383611533,8.501200136379339e-05,0.0820474624633789,True
641,8327,3.567304163185713,9.480000153416768e-05,0.08210086822509766,True
642,2596,3.9811139421614796,8.695199721842073e-05,0.0821084976196289,True
643,8353,13.252411065214226,0.0002913880016421899,0.0820474624633789,True
645,6009,13.18679084220032,8.417999924859032e-05,0.08203983306884766,True
646,8417,6.881087231994382,9.132400009548292e-05,0.0821237564086914,True
647,1967,68.73213380724192,8.340099884662777e-05,0.0819711685180664,False
649,2009,5.780083716786406,8.29840028018225e-05,0.08199405670166016,False
651,5446,34.77064538337464,9.132099876296706e-05,0.08205509185791016,False
653,8447,2.2268658552157095,0.00031675799982622266,0.0821084976196289,True
654,7164,6.4584893096436815,8.593299935455434e-05,0.0820779800415039,True
655,8380,33.862273564307074,8.965300003183074e-05,0.0820779800415039,True
656,4652,28.548031528953434,8.648800212540664e-05,0.08199405670166016,True
658,275,18.77595098326941,8.564599920646288e-05,0.0820322036743164,False
659,5446,28.71191731214702,8.802199954516254e-05,0.0820779800415039,False
660,8285,16.7470902724887,0.00010366900096414611,0.0821695327758789,True
665,5446,34.76405416473643,0.00010296699838363566,0.0820779800415039,False
666,4652,11.163488212729872,8.206300117308274e-05,0.08196353912353516,True
667,2065,25.666985270371974,0.00010192299669142812,0.0822305679321289,False
669,4410,49.19453491663885,8.753099973546341e-05,0.08207035064697266,False
670,1994,72.86348080078075,0.00010227800157736056,0.08205509185791016,False
671,4410,33.94389049325014,0.00010581000242382288,0.0821695327758789,False
672,2746,22.311214447946295,8.307700045406818e-05,0.0819864273071289,False
675,8640,18.066827528333903,0.00010690400085877627,0.0821542739868164,False
677,4410,39.93848093335371,8.63719978951849e-05,0.08210086822509766,False
679,1994,67.99575255997257,8.634800178697333e-05,0.08202457427978516,False
680,8285,21.18249885563298,9.059999865712598e-05,0.08211612701416016,True
682,2920,8.00804203483912,8.550299753551371e-05,0.0820627212524414,True
683,2933,18.220288894298186,0.0001165529974969104,0.08202457427978516,True
684,2920,45.21524803679365,8.640799933345988e-05,0.0820474624633789,True
685,2065,59.58744095828233,8.916200022213161e-05,0.0820932388305664,False
686,2065,59.2679417482268,8.604800314060412e-05,0.08203983306884766,False
688,2746,21.558427799590874,8.664699998917058e-05,0.08194828033447266,False
692,1665,22.948572518262072,9.24320011108648e-05,0.08219242095947266,False
695,2920,43.287418857168454,0.00010373199984314851,0.0819864273071289,True
696,2392,44.197248824751355,9.394099834025837e-05,0.0820932388305664,False
697,8388,39.97294604722487,9.567700180923566e-05,0.0820932388305664,True
698,2247,37.798378559922554,9.25940003071446e-05,0.0821847915649414,False
699,3743,31.80112760912402,9.480899825575761e-05,0.0821390151977539,True
700,2921,26.040710250884075,0.0001000339980237186,0.0820932388305664,True
703,2060,37.63440603748988,9.21909995668102e-05,0.08217716217041016,False
706,1969,60.83300942307746,8.92369971552398e-05,0.08199405670166016,False
708,1969,71.09508515074057,8.120900020003319e-05,0.0819711685180664,False
709,1969,71.09508515074057,9.774299905984662e-05,0.0819711685180664,False
711,1969,82.09117609848336,8.079899998847395e-05,0.0819711685180664,False
713,7880,20.140982158966,0.00011342599827912636,0.0820932388305664,True
715,6554,17.80435384321731,8.77819984452799e-05,0.08208560943603516,True
721,2436,16.241931937741224,9.036399933393113e-05,0.08216190338134766,False
722,7164,14.18135279151036,9.12709983822424e-05,0.0820779800415039,True
723,2199,23.086317507188248,9.687100100563839e-05,0.0822305679321289,False
724,7896,48.75714949493419,8.752200301387347e-05,0.0820779800415039,True
726,8417,7.248754866033757,8.849499863572419e-05,0.08207035064697266,True
733,8380,21.05644783484915,8.63919995026663e-05,0.0820779800415039,True
734,7895,24.216282631250845,0.0001148510018538218,0.08228397369384766,True
735,1533,23.797871238784484,9.009300265461206e-05,0.08199405670166016,True
739,5226,29.07420765248031,8.493200220982544e-05,0.08202457427978516,False
740,3038,25.033200561331423,8.555800013709813e-05,0.08197879791259766,True
742,3032,16.819136713072186,9.024600149132311e-05,0.0820627212524414,True
744,829,14.262280170696563,8.774900197749957e-05,0.0821084976196289,True
748,2907,27.12790787120762,9.703099931357428e-05,0.0820627212524414,False
751,777,26.557075368157086,8.229600280174054e-05,0.0819864273071289,True
752,3038,12.888040912710778,9.110099927056581e-05,0.0820779800415039,True
753,3032,22.78158238619485,8.595300096203573e-05,0.08210086822509766,True
754,3032,18.014062084389995,8.477600204059854e-05,0.0820169448852539,True
755,3058,12.480139818491445,8.621300003142096e-05,0.0820016860961914,True
758,784,6.897548337861093,8.674199852976017e-05,0.0820169448852539,True
761,3038,20.670448267964627,8.817199704935774e-05,0.0820779800415039,True
766,705,17.873290430415654,8.893199992598966e-05,0.0820474624633789,True
769,3058,14.552687378173907,8.558100307709537e-05,0.08203983306884766,True
772,830,17.312097522218696,8.282699855044484e-05,0.0820016860961914,True
773,3038,10.015468655621675,8.800200157565996e-05,0.08208560943603516,True
775,829,18.205808204403827,8.27450021461118e-05,0.08203983306884766,True
776,608,16.206388131280463,8.293700011563487e-05,0.0820474624633789,True
777,3058,20.750018940229232,8.797299960860983e-05,0.0820779800415039,True
781,747,3.816414455880973,7.899000047473237e-05,0.08200931549072266,True
784,3058,15.74603890872702,8.106400127871893e-05,0.0820322036743164,True
788,3032,15.701189627133713,8.699099998921156e-05,0.08205509185791016,True
789,3038,19.328501996290527,8.362299922737293e-05,0.0820474624633789,True
790,3058,17.953955375366885,8.691000039107166e-05,0.08208560943603516,True
791,3058,14.04853961025136,8.515499939676374e-05,0.0820322036743164,True
792,705,20.08598732813703,0.00016176899953279644,0.08213138580322266,True
795,3038,15.229219161359376,8.906099901651032e-05,0.08208560943603516,True
796,3058,9.868232019645513,8.713100032764487e-05,0.0820169448852539,True
797,826,11.28683492436794,8.574299863539636e-05,0.0820627212524414,True
798,823,16.444330391669048,8.549300036975183e-05,0.08202457427978516,True
799,5321,16.81494423826635,8.502499986207113e-05,0.08203983306884766,False
801,705,21.36092402140976,8.52290031616576e-05,0.08208560943603516,True
803,3038,14.006949794446955,0.00011566499961190857,0.0820322036743164,True
804,3058,13.608669233248339,8.985299791675061e-05,0.08207035064697266,True
805,729,18.551194020075112,8.807300037005916e-05,0.08202457427978516,True
806,761,16.471470825127128,8.096399687929079e-05,0.08202457427978516,True
809,7844,30.27368547526229,9.054300244315527e-05,0.0820932388305664,False
810,3058,8.95439353271049,9.647300248616375e-05,0.08205509185791016,True
812,5332,8.415865671962106,8.37379993754439e-05,0.08196353912353516,False
813,3040,19.842238834321222,8.514900036971085e-05,0.0820779800415039,True
815,3236,7.074871387078642,9.208499977830797e-05,0.0820322036743164,True
816,784,22.59421995395723,0.00014147599722491577,0.0820627212524414,True
818,3058,19.81588729789102,8.480700125801377e-05,0.08207035064697266,True
820,2907,17.129120830212024,8.102999709080905e-05,0.08202457427978516,False
821,5040,10.0374492988534,7.938799899420701e-05,0.08197879791259766,False
822,3058,18.07483524260763,8.223899931181222e-05,0.0820779800415039,True
823,3038,8.402740582972966,8.275299842352979e-05,0.08207035064697266,True
825,3038,16.721772994172706,8.686799992574379e-05,0.0821237564086914,True
826,826,8.615133900500068,9.992000195779838e-05,0.08202457427978516,True
827,830,14.508651280713174,8.597399937571026e-05,0.0820169448852539,True
828,798,21.796074344601887,0.00010045999806607142,0.08199405670166016,True
831,3038,14.121403258589435,8.259199967142195e-05,0.0820016860961914,True
832,777,24.76203652132577,8.102100036921911e-05,0.0819711685180664,True
833,5332,15.582934794174728,8.685099965077825e-05,0.0820169448852539,False
835,823,19.09845484726375,8.149600034812465e-05,0.0820016860961914,True
837,3058,8.839914798438198,8.639099905849434e-05,0.0819864273071289,True
838,3038,8.362881727555664,9.82550009211991e-05,0.0820779800415039,True
839,798,20.684906738198432,8.300699846586213e-05,0.0820322036743164,True
842,3032,17.251314619396414,8.547299876227044e-05,0.08208560943603516,True
843,826,8.050807727785797,8.451300163869746e-05,0.08200931549072266,True
844,3032,26.88787129395362,8.707700180821121e-05,0.08207035064697266,True
846,3058,14.662457984191352,8.856999920681119e-05,0.0820474624633789,True
851,3058,15.388475695853556,7.991199890966527e-05,0.08200931549072266,True
853,705,7.863886892766014,8.615199840278365e-05,0.08205509185791016,True
854,826,14.272363973069782,8.01009991846513e-05,0.0820016860961914,True
855,826,10.233905320647843,8.082899876171723e-05,0.0820322036743164,True
856,3038,17.24077276422122,8.39040003484115e-05,0.0820169448852539,True
857,5865,45.62092234509333,0.0003215750002709683,0.0819864273071289,False
860,7844,25.923376850602185,8.629200237919576e-05,0.08203983306884766,False
861,3058,11.66958541744895,8.46049988467712e-05,0.0820779800415039,True
862,6972,6.611209039572648,8.355599857168272e-05,0.08207035064697266,False
863,608,20.165612867414946,8.124499800032936e-05,0.08200931549072266,True
864,7844,18.812244844915536,8.717099990462884e-05,0.08203983306884766,False
866,3032,19.916848734406223,8.664699998917058e-05,0.0821084976196289,True
867,5332,18.31071102986963,8.487699960824102e-05,0.08205509185791016,False
868,3047,21.108783694255223,8.336800237884745e-05,0.0820474624633789,True
871,3058,13.693472342908603,8.713399802218191e-05,0.08210086822509766,True
872,5332,17.682043371601285,8.218899893108755e-05,0.08202457427978516,False
873,3038,17.894861176960166,8.349599738721736e-05,0.08203983306884766,True
874,3058,14.505562187766836,8.747099855099805e-05,0.08202457427978516,True
878,761,14.981353346356277,0.00010482300058356486,0.0820322036743164,True
881,3058,9.023707027741413,9.135100117418915e-05,0.08207035064697266,True
883,747,9.42511487800683,9.242099986295216e-05,0.0820779800415039,True
885,826,19.94626574544708,9.733900151331909e-05,0.0820779800415039,True
886,830,24.882104295337086,8.319500193465501e-05,0.08197879791259766,True
887,3032,17.261058113789773,0.00014317599925561808,0.08202457427978516,True
893,3038,12.929167120822125,8.530299965059385e-05,0.0821084976196289,True
894,3058,23.57285239609708,8.284999785246328e-05,0.0820169448852539,True
895,705,12.295290582844162,9.66160005191341e-05,0.08207035064697266,True
896,7844,17.764080344131884,8.67080016178079e-05,0.0820779800415039,False
903,794,10.674923996583756,9.612299982109107e-05,0.0820474624633789,True
907,3032,19.94274886588421,8.211400199797936e-05,0.0820474624633789,True
909,761,6.271172185029842,8.387800335185602e-05,0.0820322036743164,True
910,3091,18.563129461556304,8.146899926941842e-05,0.08203983306884766,True
911,705,20.59339927869226,9.73269998212345e-05,0.0820322036743164,True
913,7041,11.780418442799213,8.902399713406339e-05,0.08202457427978516,False
915,3032,23.309584368526092,8.667699876241386e-05,0.08211612701416016,True
917,798,16.684294677992416,8.526599776814692e-05,0.0820322036743164,True
918,3058,21.406481981194162,8.835200060275383e-05,0.0820779800415039,True
919,3058,13.813096130684947,8.678700032760389e-05,0.0821390151977539,True
920,3040,20.091220947119073,8.815700130071491e-05,0.0820779800415039,True
922,1071,0.12005245127432318,7.819399979780428e-05,0.08197879791259766,False
924,3058,10.94145085475323,8.411100134253502e-05,0.08207035064697266,True
926,6894,19.84960807923543,8.512600106769241e-05,0.0820627212524414,True
928,5332,15.508640609172943,0.00018389300021226518,0.08199405670166016,False
929,3040,20.213483959130848,8.90949995664414e-05,0.08203983306884766,True
932,3058,21.204904064601088,0.00010641900007613003,0.08207035064697266,True
933,829,16.34511533290467,9.234200115315616e-05,0.0820627212524414,True
937,615,11.8740715612529,8.837899804348126e-05,0.08200931549072266,True
938,3058,13.696016936053097,8.547399920644239e-05,0.08203983306884766,True
939,3058,18.492324179155506,8.322799840243533e-05,0.08203983306884766,True
943,3058,27.570784404843018,8.463799895253032e-05,0.08199405670166016,True
945,3038,5.984128519594436,8.500100011588074e-05,0.08205509185791016,True
946,705,20.15714403252272,9.959300223272294e-05,0.0820779800415039,True
948,4645,13.10639452817521,8.325499948114157e-05,0.08199405670166016,False
950,705,24.03310395023856,8.454500130028464e-05,0.08205509185791016,True
951,639,6.875459362616221,7.930300125735812e-05,0.08196353912353516,True
953,3038,21.499473144825526,0.00015779199748067185,0.08210086822509766,True
954,3058,22.64057218043027,9.881199730443768e-05,0.0820932388305664,True
955,784,8.290281043175762,9.465499897487462e-05,0.08200931549072266,True
956,761,4.832840769896052,8.326700117322616e-05,0.08203983306884766,True
957,3058,15.529053865253717,8.822000017971732e-05,0.0819864273071289,True
958,784,28.00636719611768,8.107699977699667e-05,0.0820322036743164,True
961,829,4.904802394720465,8.265600263257511e-05,0.08202457427978516,True
962,768,10.322783488382354,8.036999861360528e-05,0.0819864273071289,True
963,3058,5.84796926901244,8.782399891060777e-05,0.08205509185791016,True
964,829,16.80182360499394,8.266300210379995e-05,0.08199405670166016,True
968,5226,24.412158255268636,8.390700168092735e-05,0.08197879791259766,False
970,830,21.55129062092383,8.542400246369652e-05,0.08200931549072266,True
971,3058,19.166043741033594,8.797199916443788e-05,0.0820932388305664,True
972,705,10.795860719111062,8.371400326723233e-05,0.0820474624633789,True
974,5751,23.826335461114272,7.883100261096843e-05,0.0819864273071289,False
975,5731,20.358199934192537,7.958499918458983e-05,0.08194828033447266,False
976,3058,8.316766221518971,0.00014154200107441284,0.0820627212524414,True
979,705,13.632423461909227,0.0001424490001227241,0.08207035064697266,True
981,3058,18.80288885304581,0.00018554999769548886,0.08207035064697266,True
985,3058,11.717946971998698,0.00034394800240988843,0.08205509185791016,True
986,3032,14.817007010990782,8.122399958665483e-05,0.0820627212524414,True
987,3058,24.814729674675622,9.315799979958683e-05,0.0820322036743164,True
988,3038,20.98155530404918,8.464300117339008e-05,0.08203983306884766,True
990,3038,19.55854129489977,8.345199967152439e-05,0.08205509185791016,True
992,5042,15.636186608781347,8.43659981910605e-05,0.0820322036743164,False
994,3025,15.05789959448716,9.224200039170682e-05,0.0819559097290039,False
996,5213,12.6049423219675,9.234400204150006e-05,0.0821390151977539,False
997,3032,21.09253911764778,8.418699871981516e-05,0.0820474624633789,True
998,3032,18.278537760457315,8.892299956642091e-05,0.0820627212524414,True
1002,761,4.729452779818307,8.0110999988392e-05,0.0819711685180664,True
1004,3038,16.315737354724455,0.0001192679992527701,0.0820779800415039,True
1005,705,12.77859356572187,8.544699812773615e-05,0.08208560943603516,True
1006,5332,16.871272442077657,8.107500252663158e-05,0.0819864273071289,False
1007,5213,15.812398533624918,8.254199929069728e-05,0.08202457427978516,False
1009,829,20.674897356844074,9.774999853107147e-05,0.08200931549072266,True
1011,784,16.05925473611947,8.184100079233758e-05,0.0820627212524414,True
1013,729,16.79809032636281,9.969100210582837e-05,0.0820322036743164,True
1015,608,26.288593695289425,8.17280015326105e-05,0.0820016860961914,True
1016,729,28.620085026763963,8.629199874121696e-05,0.0819864273071289,True
1017,3058,18.332814968319433,8.671400064486079e-05,0.08202457427978516,True
1018,3038,20.272117596354246,8.784900273894891e-05,0.08208560943603516,True
1019,3058,9.031210930971298,8.930399781093001e-05,0.08208560943603516,True
1020,3058,22.379806003672027,9.852999937720597e-05,0.08207035064697266,True
1022,826,15.93551861164868,9.022700032801367e-05,0.0820016860961914,True
1023,3091,19.862810072392808,8.45139984448906e-05,0.08205509185791016,True
1024,5733,20.643161544735353,8.493899804307148e-05,0.0820016860961914,False
1025,3058,20.541191109077452,9.403299918631092e-05,0.0819711685180664,True
1028,5004,16.15748812764202,8.692999836057425e-05,0.0820627212524414,False
1029,3058,8.955731612750109,8.434000119450502e-05,0.0820627212524414,True
1030,608,16.040105919003217,9.818900070968084e-05,0.0820932388305664,True
1031,3038,14.909018978321798,8.324000009451993e-05,0.0820627212524414,True
1033,3038,19.63512021969492,0.00010765699698822573,0.08207035064697266,True
1034,3091,16.57569582908962,8.599599823355675e-05,0.0820322036743164,True
1035,3058,17.967981558075717,8.348499977728352e-05,0.0820322036743164,True
1037,5226,23.57709576381473,8.920800246414728e-05,0.0820779800415039,False
1039,3038,12.976424049773508,8.73079989105463e-05,0.08213138580322266,True
1041,5727,22.062882721805607,8.006999996723607e-05,0.0819711685180664,False
1043,8706,19.08203531129146,8.77820020832587e-05,0.0820779800415039,False
1044,729,15.351550730894354,8.304799848701805e-05,0.0820627212524414,True
1048,826,15.502441547206727,8.292300117318518e-05,0.08200931549072266,True
1049,3038,14.943687970485096,8.302599962917157e-05,0.08203983306884766,True
1050,3058,22.873568985506772,0.00010301499787601642,0.08210086822509766,True
1053,3058,13.432169022399165,8.477500159642659e-05,0.08202457427978516,True
1054,3058,14.265671248201688,8.373600212507881e-05,0.0820322036743164,True
1059,3038,12.847441306082352,8.84100008988753e-05,0.08211612701416016,True
1063,7516,17.61986842774461,8.001100286492147e-05,0.08199405670166016,True
1065,7404,7.551951175698639,7.859600009396672e-05,0.0819559097290039,True
1067,7404,13.214227873821683,0.00010373099939897656,0.0819711685180664,True
1069,1851,8.668677284366892,7.938899943837896e-05,0.08196353912353516,True
1072,7400,10.20148693891287,8.195299960789271e-05,0.08196353912353516,True
1075,1595,9.349829685524353,8.400500155403279e-05,0.08197879791259766,True
1077,7400,9.14358232107972,8.153699673130177e-05,0.08193302154541016,True
1081,1824,11.803164813778913,8.174799950211309e-05,0.08196353912353516,True
1083,1580,14.327504871022375,0.0001109710028686095,0.08197879791259766,True
1084,1580,20.077537516867036,8.420499943895265e-05,0.08199405670166016,True
1086,1842,15.849891603372587,8.000599700608291e-05,0.08196353912353516,True
1088,1824,13.812261271421667,8.835100015858188e-05,0.0819406509399414,True
1092,1589,18.510287979607646,8.168999920599163e-05,0.0819864273071289,True
1095,1576,15.505571901019417,8.623900066595525e-05,0.0819864273071289,True
1096,1896,14.569031325329497,8.067399903666228e-05,0.0819864273071289,True
1098,2076,14.964156028063702,0.00010328899952583015,0.0822153091430664,True
1102,7547,17.701744179455762,8.549699850846082e-05,0.0819406509399414,True
1104,7547,15.401191195009334,8.440300007350743e-05,0.0819559097290039,True
1107,7618,18.815181609061327,8.16650026536081e-05,0.08196353912353516,True
1110,7516,20.740727773126554,7.92440005170647e-05,0.08196353912353516,True
1117,7548,17.65781012539118,9.185700037050992e-05,0.0819711685180664,True
1119,7548,20.858351978704846,8.380299914279021e-05,0.0820016860961914,True
1120,7548,19.294394143326453,8.138799967127852e-05,0.08197879791259766,True
1122,3901,17.64215464338053,9.89420004771091e-05,0.0820474624633789,True
1125,7523,16.389496859468178,8.741999772610143e-05,0.08194828033447266,True
1126,7258,13.842630764552876,7.853600254748017e-05,0.08194828033447266,True
1129,7300,17.873083607209104,8.127099863486364e-05,0.08200931549072266,True
1132,7637,17.565268672672644,8.004900155356154e-05,0.08194828033447266,True
1134,7282,16.50880422845724,8.543099829694256e-05,0.0819711685180664,True
1135,7620,15.742550823872765,8.320199776790105e-05,0.0819559097290039,True
1141,7255,16.91037003531951,8.45260001369752e-05,0.0819406509399414,True
1142,7255,22.809806166355678,8.190099833882414e-05,0.08199405670166016,True
1143,2933,16.328017219355722,0.00019525899915606715,0.08199405670166016,False
1146,8551,22.212740023990555,9.592899732524529e-05,0.0820474624633789,True
1147,2933,17.361181845037688,8.267399971373379e-05,0.08199405670166016,False
1151,7255,19.48128773973818,8.019999950192869e-05,0.0819559097290039,True
1153,7282,17.258133931603723,7.982500028447248e-05,0.08196353912353516,True
1155,7243,21.00822573839586,8.757599789532833e-05,0.08197879791259766,True
1156,7236,15.19788219338826,8.999599958769977e-05,0.0819406509399414,True
1157,7245,17.889526253220083,7.731999721727334e-05,0.0819406509399414,True
1158,2933,16.383192141858615,8.15050007076934e-05,0.0819864273071289,False
1160,7618,21.402461465823833,8.36850013001822e-05,0.08200931549072266,True
1164,3905,23.844578354902755,9.013499948196113e-05,0.0821237564086914,True
1167,7548,19.88938751002629,9.058099749381654e-05,0.0819711685180664,True
1170,3983,13.988593066265967,8.046699804253876e-05,0.0819864273071289,True
1172,1580,15.477602882375985,9.883000166155398e-05,0.0820169448852539,True
1174,3982,16.05021524086239,8.523599899490364e-05,0.08197879791259766,True
1178,1913,11.507524953491494,9.190899800159968e-05,0.08200931549072266,True
1182,7489,10.061905590683104,7.766899943817407e-05,0.08194828033447266,True
1183,7582,16.416031790479547,7.952899977681227e-05,0.08196353912353516,True
1185,7547,13.13761960859985,8.05100025900174e-05,0.0819864273071289,True
1186,7578,15.817126935511817,7.906999962870032e-05,0.08194828033447266,True
1188,7618,12.3007142713191,7.923700104583986e-05,0.08193302154541016,True
1189,7489,12.23770375466778,7.933999950182624e-05,0.0819559097290039,True
1190,7255,15.006337879250774,8.036299914238043e-05,0.08197879791259766,True
1192,2901,18.03790912309817,7.836100121494383e-05,0.08194828033447266,False
1193,2968,19.951988189590175,8.300199988298118e-05,0.08196353912353516,False
1194,2933,17.467218306433875,8.397200144827366e-05,0.0819864273071289,False
1199,7466,10.659856149294638,7.991399979800917e-05,0.08193302154541016,True
1201,7286,15.586453367247934,8.610599979874678e-05,0.0819406509399414,True
1205,7605,11.30664563052942,8.759699994698167e-05,0.08193302154541016,True
1206,7547,13.46581548419218,8.288800017908216e-05,0.08194828033447266,True
1209,7287,15.405012431519928,8.235499990405515e-05,0.0819559097290039,True
1210,7300,12.546251301375813,8.069500108831562e-05,0.08196353912353516,True
1214,7509,17.969286613644773,7.97930006228853e-05,0.08194828033447266,True
1217,7566,15.606774486484907,8.209999941755086e-05,0.0819559097290039,True
1218,7566,17.008156751391255,8.052600242081098e-05,0.08194828033447266,True
1225,7516,16.827192823478068,8.799300121609122e-05,0.08196353912353516,True
1226,7578,20.19882626740922,8.113999865599908e-05,0.08194828033447266,True
1227,7547,17.177053671861056,9.31310023588594e-05,0.0819559097290039,True
1228,7523,18.24041965483626,8.095099838101305e-05,0.08196353912353516,True
1229,7509,14.13927374649668,7.744799950160086e-05,0.08194828033447266,True
1231,7300,18.260133694309577,7.808400187059306e-05,0.08194828033447266,True
1232,7300,13.882701775993628,7.969400030560791e-05,0.08193302154541016,True
1236,7620,16.61430634938681,8.40559987409506e-05,0.08197879791259766,True
1239,7548,17.591543883086707,7.670400009374134e-05,0.0819406509399414,True
1242,7582,17.74014358972178,9.22860017453786e-05,0.08197879791259766,True
1243,7633,19.984475398452012,8.083399734459817e-05,0.0819711685180664,True
1245,7633,14.916063799911871,0.00011202900350326672,0.08193302154541016,True
1249,1896,24.05667671786634,9.272099850932136e-05,0.0820016860961914,True
1250,7548,19.534499675672734,7.931399886729196e-05,0.08197879791259766,True
1253,1842,21.567457641700237,8.214099943870679e-05,0.0819864273071289,True
1255,1824,21.128033032416294,8.18109983811155e-05,0.08200931549072266,True
1257,7566,22.937565697550273,8.298299871967174e-05,0.08200931549072266,True
1259,7489,18.25960670394842,8.857099965098314e-05,0.08197879791259766,True
1261,7489,22.183750097888264,9.143799979938194e-05,0.08202457427978516,True
1262,1896,18.031927030660558,8.041600085562095e-05,0.0819864273071289,True
1268,1824,18.642022551895543,7.920499774627388e-05,0.0819711685180664,True
1269,3983,18.131446905241326,8.331999924848787e-05,0.0820169448852539,True
1273,7304,21.99606165818201,8.341300053871237e-05,0.0820016860961914,True
1275,8475,22.164254018227396,8.434199844487011e-05,0.0820627212524414,True
1276,7547,22.45486406723757,7.961399751366116e-05,0.08200931549072266,True
1279,7308,17.997978540568848,9.315599891124293e-05,0.08197879791259766,True
1281,7516,19.81367878305497,8.456599971395917e-05,0.08197879791259766,True
1283,3983,20.261927827398402,8.42930021462962e-05,0.0820016860961914,True
1284,1896,21.406995577708745,8.28970005386509e-05,0.08205509185791016,True
1287,1885,24.068466128445042,8.506600352120586e-05,0.08202457427978516,True
1289,7548,20.809966224130484,8.124099986162037e-05,0.0819711685180664,True
1291,2852,17.957368721110367,8.357900151167996e-05,0.0819864273071289,False
1293,2852,15.492475233154986,8.072999844443984e-05,0.08199405670166016,False
1294,7889,13.27049273802408,8.202100070775487e-05,0.0820016860961914,False
1295,2852,18.647047165669868,8.338800034835003e-05,0.0820016860961914,False
1298,2949,12.847381101626205,8.276500011561438e-05,0.08197879791259766,False
1300,2852,21.500560195710367,0.00012791500193998218,0.08199405670166016,False
1303,7548,19.116127418621147,7.722400187049061e-05,0.08193302154541016,True
1304,7516,21.76489549332624,8.221699681598693e-05,0.08199405670166016,True
1306,1842,23.78217469678083,8.06520001788158e-05,0.08199405670166016,True
1310,7516,16.83639278309375,7.972399907885119e-05,0.0819406509399414,True
1313,7509,22.629387727315017,8.303600043291226e-05,0.08196353912353516,True
1314,7633,18.539076604886148,9.22780018299818e-05,0.08197879791259766,True
1316,7304,21.818616943323182,8.524399891030043e-05,0.0820169448852539,True
1317,7308,20.111749309916558,0.00011304099825792946,0.0820169448852539,True
1318,2968,21.84533808047079,8.345400055986829e-05,0.08196353912353516,False
1323,2933,11.84788195095371,9.783799760043621e-05,0.0819864273071289,False
1325,2901,15.239325451832944,8.332399738719687e-05,0.0819711685180664,False
1328,2968,9.72522598469348,8.48339986987412e-05,0.08196353912353516,False
1330,2968,10.430454207445704,8.194900146918371e-05,0.08197879791259766,False
1331,2852,16.470606278499748,7.828700108802877e-05,0.08194828033447266,False
1332,2949,14.173025244274925,0.0001004170007945504,0.08199405670166016,False
1334,2933,15.32081856133339,9.10339986148756e-05,0.0819864273071289,False
1342,7245,19.546086501947283,8.141099897329696e-05,0.08196353912353516,True
1343,7275,18.43466415500692,8.08709992270451e-05,0.0819711685180664,True
1345,2852,16.36818854378223,8.195600094040856e-05,0.08196353912353516,False
1346,7889,8.482631809866254,7.911899956525303e-05,0.08194828033447266,False
1348,2852,19.81012265097954,8.056399747147225e-05,0.0819711685180664,False
1349,2852,8.555928138189687,9.567499728291295e-05,0.0819711685180664,False
1350,2949,17.57822472010921,8.036500003072433e-05,0.0819711685180664,False
1353,7889,14.8474477863101,7.946800178615376e-05,0.0819559097290039,False
1355,2968,14.672094133992136,8.399599755648524e-05,0.08197879791259766,False
1356,2949,22.835653953318996,0.00010464300066814758,0.0819711685180664,False
1358,2852,18.798550293080783,8.322800204041414e-05,0.08197879791259766,False
1359,2968,22.175814912936,8.050299948081374e-05,0.08199405670166016,False
1361,7889,20.009218978066425,8.149999848683365e-05,0.08197879791259766,False
1364,2968,6.9899085487471195,8.802599768387154e-05,0.0819711685180664,False
1365,2852,17.541433992541073,8.261900075012818e-05,0.08196353912353516,False
1366,2852,21.30472315987598,7.946199912112206e-05,0.0819559097290039,False
1367,2968,16.94489534871775,8.280600013677031e-05,0.08197879791259766,False
1368,2968,9.123062985410401,7.965699842316099e-05,0.08196353912353516,False
1370,2968,20.67168208601419,8.267699740827084e-05,0.08200931549072266,False
1371,2968,15.851007190375007,7.959900176501833e-05,0.08196353912353516,False
1374,2968,11.058722058591588,8.24410017230548e-05,0.08196353912353516,False
1375,2968,11.802252826019574,9.68489985098131e-05,0.08196353912353516,False
1378,2968,9.45169058627018,9.213299927068874e-05,0.08196353912353516,False
1382,2968,17.945586211769523,9.784400026546791e-05,0.0819559097290039,False
1383,2968,13.025188463308066,8.030500248423778e-05,0.0819711685180664,False
1384,7889,19.058519309961678,8.544199954485521e-05,0.08197879791259766,False
1385,2949,16.179435568794318,8.311200144817121e-05,0.08199405670166016,False
1386,2968,13.155471335185613,9.297599899582565e-05,0.08196353912353516,False
1388,2949,9.71895426079676,9.358100214740261e-05,0.0819864273071289,False
1391,2852,16.691029042977135,9.231999865733087e-05,0.08196353912353516,False
1392,2968,12.534913398783903,7.997600187081844e-05,0.0819559097290039,False
1396,2949,12.854382028211447,8.363600136362948e-05,0.0819864273071289,False
1397,2968,12.845081285189215,7.981200178619474e-05,0.0819711685180664,False
1404,2949,17.90413165494759,7.899699994595721e-05,0.0819711685180664,False
1407,7889,12.143500983153737,8.060199979809113e-05,0.08196353912353516,False
1409,2968,16.305267059896313,8.549300036975183e-05,0.0819864273071289,False
1411,2968,14.418830016130538,8.003199764061719e-05,0.0819864273071289,False
1416,2933,17.260836170277802,8.458700176561251e-05,0.08202457427978516,False
1417,7614,16.542294664735962,8.312400314025581e-05,0.08196353912353516,True
1418,2493,10.63806288100263,9.506700007477775e-05,0.08219242095947266,True
1424,2493,12.088583179519254,8.99499973456841e-05,0.08217716217041016,True
1426,2493,12.039008896404306,9.067400242201984e-05,0.0821847915649414,True
1428,2493,11.784441403338697,9.481000233790837e-05,0.08223819732666016,True
1429,2493,10.306995026751295,0.00010556599954725243,0.0822153091430664,True
1431,2493,11.061094943276101,9.651599975768477e-05,0.0822305679321289,True
1432,2493,10.166989440103203,9.036600022227503e-05,0.0822153091430664,True
1433,2493,10.411902667089368,9.060999946086667e-05,0.08219242095947266,True
1434,2493,11.660894413490844,9.591799971531145e-05,0.08217716217041016,True
1435,2493,8.03665647986647,9.063400284503587e-05,0.08217716217041016,True
1436,2493,9.383530662962443,9.640699863666669e-05,0.08220767974853516,True
1438,2493,35.19633196294708,8.990100104711019e-05,0.08220767974853516,True
1441,2279,30.565172533121025,8.365000030607916e-05,0.08207035064697266,True
1443,2279,21.646312971565436,8.592700032750145e-05,0.0820932388305664,True
1444,2279,24.235428623014442,8.405500193475746e-05,0.08208560943603516,True
1446,2279,21.678068075407683,0.00010516399925108999,0.08207035064697266,True
1448,2436,20.86906061903876,9.021200094139203e-05,0.0821542739868164,True
1449,6634,9.308002729731792,8.753700240049511e-05,0.08210086822509766,False
1450,2279,37.89822040718757,8.478000017930754e-05,0.08210086822509766,True
1453,8290,3.4352668611232735,8.402800085605122e-05,0.08199405670166016,False
1454,8305,5.233604114061388,8.038200030568987e-05,0.0820322036743164,False
1457,6634,9.966189401742342,8.873599654179998e-05,0.0821390151977539,False
1458,2496,26.093703906466146,8.67000017024111e-05,0.08211612701416016,True
1459,8417,13.070801378731323,8.372699812753126e-05,0.08208560943603516,False
1460,8380,27.102989356556996,8.493200220982544e-05,0.0820169448852539,False
1461,8417,4.921938404714298,0.00011975599772995338,0.0820474624633789,False
1462,8305,8.446710901055143,9.092099935514852e-05,0.08200931549072266,False
1463,2396,12.04554581760334,9.743099872139283e-05,0.08207035064697266,True
1466,2496,23.045533284670054,9.608899927115999e-05,0.08208560943603516,True
1469,2436,20.05472100730553,9.6160001703538e-05,0.08211612701416016,True
1470,2279,19.031892967192338,8.325700036948547e-05,0.0820322036743164,True
1471,8417,15.708727902131043,8.2894999650307e-05,0.0820474624633789,False
1475,2312,29.139069136916962,8.763100049691275e-05,0.0821542739868164,True
1478,6592,20.457797076795018,8.906500079319812e-05,0.08210086822509766,False
1481,2500,7.878951371042284,8.737700045458041e-05,0.0820932388305664,True
1482,2787,13.386479044060462,7.803599874023348e-05,0.08194828033447266,False
1484,8290,5.8851602932669795,9.964799755834974e-05,0.08203983306884766,False
1485,8290,8.496964979513747,8.423699910053983e-05,0.0820322036743164,False
1486,8290,3.9777567077329787,8.364899986190721e-05,0.08202457427978516,False
1488,2396,9.122356992442885,9.354400026495568e-05,0.0820627212524414,True
1489,8447,3.6882332793527293,8.229699960793369e-05,0.08202457427978516,False
1491,2493,19.80448356868454,9.15099990379531e-05,0.0821695327758789,True
1494,8290,8.688523859733882,8.209199950215407e-05,0.08200931549072266,False
1495,8417,9.185234844136128,9.140600013779476e-05,0.08203983306884766,False
1496,8290,7.7530996865640525,8.2898997789016e-05,0.08199405670166016,False
1497,8447,3.744551548801767,8.908600284485146e-05,0.0821084976196289,False
1499,8417,7.022557406266626,0.00015331399845308624,0.0820932388305664,False
1500,2279,15.243795962887862,8.737900134292431e-05,0.0820779800415039,True
1507,8290,4.607888600415002,8.100100239971653e-05,0.0820016860961914,False
1509,8290,4.3167204080214905,8.381799852941185e-05,0.0819864273071289,False
1510,8290,4.0187116491162165,8.552100189263001e-05,0.0820322036743164,False
1512,8290,9.722812320541411,8.191600136342458e-05,0.08200931549072266,False
1513,8290,9.983953324024895,9.732599937706254e-05,0.0820322036743164,False
1515,8327,12.028018722970724,9.294000119552948e-05,0.0820474624633789,False
1518,8417,14.015254233627694,9.327199950348586e-05,0.0820627212524414,False
1519,2312,18.019691948761775,9.331799810752273e-05,0.08214664459228516,True
1521,8290,3.915824289515526,8.436899952357635e-05,0.0819711685180664,False
1522,8417,11.388808836697162,8.480000178678893e-05,0.0820474624633789,False
1524,8290,2.856935066093735,7.932399967103265e-05,0.08196353912353516,False
1533,2436,26.924520620970558,9.002200022223406e-05,0.08214664459228516,True
1535,8327,6.46045290822992,0.0001181820007332135,0.08205509185791016,False
1536,2500,13.352493788343848,9.859099736786447e-05,0.08211612701416016,True
1538,7886,12.340516539699312,8.582700320403092e-05,0.08214664459228516,False
1541,8305,3.553149869237576,8.647600043332204e-05,0.08203983306884766,False
1542,8290,6.168496099015195,8.30469980428461e-05,0.0820016860961914,False
1543,8327,4.9190848327623975,7.987699791556224e-05,0.0819711685180664,False
1547,8417,4.505797561923965,8.431999958702363e-05,0.0820474624633789,False
1550,8305,8.211705994996452,8.293700011563487e-05,0.0820322036743164,False
1552,8327,4.0850404674534495,8.49860007292591e-05,0.0820016860961914,False
1553,8417,10.748973063335443,8.140600039041601e-05,0.08203983306884766,False
1556,8290,3.6233471980304213,8.270199759863317e-05,0.08202457427978516,False
1557,3668,8.864238002288785,8.086000161711127e-05,0.08202457427978516,False
1560,3668,11.079139926515888,9.348399908049032e-05,0.08199405670166016,False
1561,2348,15.88327119318427,7.846099833841436e-05,0.0820016860961914,True
1564,2348,10.695154123543258,7.752300007268786e-05,0.0819864273071289,True
1565,3668,14.195217781731854,8.774500020081177e-05,0.0819864273071289,False
1568,8305,4.763961036806457,8.90099981916137e-05,0.08203983306884766,False
1570,8327,5.688721466379361,8.589100252720527e-05,0.0820627212524414,False
1572,8327,7.751099962062804,8.302199785248376e-05,0.08202457427978516,False
1573,8290,2.3672668013322125,8.232199979829602e-05,0.08199405670166016,False
1575,6592,39.38847802490738,8.349699783138931e-05,0.0820322036743164,False
1576,2279,22.564822747367636,9.004000094137155e-05,0.08203983306884766,True
1577,8290,2.1222765055604302,8.119199992506765e-05,0.08199405670166016,False
1580,8305,7.012829347641844,9.18119985726662e-05,0.08202457427978516,False
1582,8290,8.233974949861553,8.056400110945106e-05,0.0820016860961914,False
1584,8305,3.809215099122206,8.648600123706274e-05,0.0820322036743164,False
1591,2396,8.392102548083416,0.00014774800001760013,0.0820627212524414,True
1592,8290,2.0802653768656976,8.129599882522598e-05,0.08199405670166016,False
1593,2396,9.715443271764872,8.093300129985437e-05,0.0820322036743164,True
1594,8290,3.2986877116400946,7.88609977462329e-05,0.0819559097290039,False
1596,8290,4.275198800111242,8.045399954426102e-05,0.08196353912353516,False
1597,8290,2.8984588368265825,8.080300176516175e-05,0.08197879791259766,False
1598,7886,16.290268110663675,8.393000098294578e-05,0.08210086822509766,False
1601,7818,28.299397272722242,8.259399692178704e-05,0.08210086822509766,False
1604,2415,23.25435895725052,8.843400064506568e-05,0.0821084976196289,True
1605,4223,12.715929654282489,8.273200000985526e-05,0.0820016860961914,False
1606,7971,17.526717928340762,8.744799924897961e-05,0.0820627212524414,False
1609,2746,19.748503327006947,8.47449991852045e-05,0.0820779800415039,False
1619,3688,6.409307323831381,7.959499998833053e-05,0.0819406509399414,False
1622,2437,16.92347385963567,9.146999946096912e-05,0.0822000503540039,True
1625,2786,24.241836686533002,8.419799996772781e-05,0.0820779800415039,False
1626,6944,20.49469233777885,7.829100286471657e-05,0.0819559097290039,False
1628,6599,8.659543482397634,8.966300083557144e-05,0.08208560943603516,False
1631,2364,20.56388063165236,8.986000102595426e-05,0.0821847915649414,True
1633,1536,5.0356587130050015,8.690899994689971e-05,0.08200931549072266,False
1638,1536,6.570932498111127,8.192399764084257e-05,0.0820322036743164,False
1639,1536,7.3418925772203325,9.182499707094394e-05,0.08197879791259766,False
1642,1536,8.304867770024089,7.911699867690913e-05,0.0820016860961914,False
1643,1536,7.103768957274091,8.86310008354485e-05,0.08199405670166016,False
1644,1536,8.978472021496902,8.525099838152528e-05,0.0820016860961914,False
1645,1536,9.862521293877347,8.117800098261796e-05,0.0819864273071289,False
1648,1536,7.896356640015624,8.031000106711872e-05,0.0819864273071289,False
1649,1536,7.22131203241136,8.001600144780241e-05,0.08197879791259766,False
1650,2493,8.832623001959833,9.470900113228709e-05,0.08220767974853516,True
1653,1536,7.166068145935078,8.108300244202837e-05,0.0819864273071289,False
1654,2437,23.0916252660647,9.059800140676089e-05,0.0821695327758789,True
1657,2493,11.468417658911068,9.60830002441071e-05,0.0822305679321289,True
1658,1536,9.894008610468674,8.132500079227611e-05,0.08197879791259766,False
1659,1536,9.793986702492484,8.26720024633687e-05,0.08199405670166016,False
1660,1536,10.504123648731841,8.232999971369281e-05,0.0820016860961914,False
1661,2372,22.102272955356042,9.462399975745939e-05,0.0822763442993164,True
1663,1536,9.484324147560008,8.138299745041877e-05,0.08197879791259766,False
1664,2493,20.890906410478973,9.274100011680275e-05,0.0822305679321289,True
1666,1536,10.664968925137769,7.891999848652631e-05,0.08197879791259766,False
1667,1536,8.75929303652474,8.118999903672375e-05,0.08197879791259766,False
1668,2437,21.330756942733906,8.818200149107724e-05,0.08214664459228516,True
1669,1536,8.38013194116305,0.00011308600005577318,0.0820016860961914,False
1670,1536,8.010559128608394,8.294000144815072e-05,0.08200931549072266,False
1672,1536,9.136583682999708,8.117900142678991e-05,0.0819711685180664,False
1673,1536,10.011727173370707,0.0002163359968108125,0.08197879791259766,False
1674,1536,10.50834942264439,8.006099960766733e-05,0.0820016860961914,False
1675,2437,19.28446658494502,9.71489971561823e-05,0.08220767974853516,True
1678,2372,26.258059298287588,9.929400039254688e-05,0.0822610855102539,True
1679,2493,23.256368740352077,8.488599996780977e-05,0.08210086822509766,True
1680,1536,9.150037756419056,8.210200030589476e-05,0.08200931549072266,False
1681,1536,12.35732656080289,8.144399907905608e-05,0.0820016860961914,False
1682,2522,25.987947630179793,8.287899981951341e-05,0.08203983306884766,False
1683,2522,29.916422684994483,8.829899888951331e-05,0.08203983306884766,False
1689,1536,9.31202612558065,7.851999907870777e-05,0.0819711685180664,False
1691,2493,24.159422590619965,9.388100079377182e-05,0.08223819732666016,True
1694,2493,21.11460974764304,8.608099960838445e-05,0.0820779800415039,True
1696,1536,12.7411561332269,9.272099850932136e-05,0.08199405670166016,False
1701,2199,27.03602141989877,9.764900096342899e-05,0.0822153091430664,False
1702,6599,19.313379775119582,8.968000111053698e-05,0.0821542739868164,False
1705,1536,8.734379580486143,8.14320010249503e-05,0.0819711685180664,False
1706,2493,21.077628392574006,8.586699914303608e-05,0.0820779800415039,True
1708,1536,9.293352449418917,8.138900011545047e-05,0.0819711685180664,False
1709,1536,14.399060549335307,8.470899774692953e-05,0.08202457427978516,False
1711,2437,25.366946897098096,8.835399785311893e-05,0.08211612701416016,True
1714,2493,14.072180752771802,8.783299927017651e-05,0.08211612701416016,True
1715,2493,13.3928396403947,9.123199924943037e-05,0.0821237564086914,True
1716,2493,13.97250713124155,8.55959988257382e-05,0.0821084976196289,True
1717,2372,17.96190721128401,9.309600136475638e-05,0.0822153091430664,True
1720,6599,7.848741310019492,9.412600047653541e-05,0.0821390151977539,False
1721,2493,13.17574599059354,8.688500020070933e-05,0.08211612701416016,True
1722,2493,10.354654881814936,9.057900024345145e-05,0.08217716217041016,True
1723,2493,13.621369861065338,8.648099901620299e-05,0.0821084976196289,True
1726,2493,10.758738423475592,9.103099728235975e-05,0.0821847915649414,True
1729,2493,12.954360050614726,9.294600022258237e-05,0.08222293853759766,True
1731,2372,18.45220194389278,8.846999844536185e-05,0.08216190338134766,True
1732,2372,26.12713040438118,9.191099888994358e-05,0.08223819732666016,True
1733,2493,12.789271134241012,9.68489985098131e-05,0.08213138580322266,True
1735,2493,11.024613831855342,9.554499774822034e-05,0.0822153091430664,True
1736,2493,21.81064581109134,9.759399836184457e-05,0.08229923248291016,True
1738,2493,9.625799563951663,9.128600140684284e-05,0.08220767974853516,True
1739,2372,20.203934227155653,0.0001097919994208496,0.0822153091430664,True
1740,2493,10.807168864437003,9.387200043420307e-05,0.0822305679321289,True
1743,2437,28.120308976564612,8.969600094133057e-05,0.0821542739868164,True
1746,2493,13.107737197106516,8.695400174474344e-05,0.0820932388305664,True
1748,2493,9.525947203053944,9.420999776921235e-05,0.0821847915649414,True
1750,2493,9.792639832164083,0.00010448600005474873,0.08219242095947266,True
1751,2437,21.35480534811452,9.786499867914245e-05,0.0821390151977539,True
1754,2493,12.899235868134305,9.528399823466316e-05,0.0822000503540039,True
1756,2493,12.260593082178984,9.008200140669942e-05,0.08216190338134766,True
1757,2493,13.058441940984943,9.350400068797171e-05,0.08220767974853516,True
1759,2199,13.726065119855356,9.231199874193408e-05,0.0821542739868164,False
1760,2493,20.345883478621154,9.308999869972467e-05,0.08220767974853516,True
1761,1536,13.838707133362757,9.046500053955242e-05,0.0820016860961914,False
1762,2493,12.989729742691516,9.965199933503754e-05,0.0822458267211914,True
1766,2493,8.917583029230189,8.695300130057149e-05,0.0821237564086914,True
1767,2493,9.085727399872221,8.938999962992966e-05,0.0821542739868164,True
1768,2493,9.587098969701191,0.0001002690005407203,0.08219242095947266,True
1769,2493,8.72456779423064,9.497800056124106e-05,0.08216190338134766,True
1771,2493,8.505955657634823,8.98850012163166e-05,0.0821542739868164,True
1777,2493,7.875781930334973,9.087299986276776e-05,0.0821695327758789,True
1779,8830,10.19566503686679,9.296500138589181e-05,0.08210086822509766,False
1780,6612,13.835291148197976,8.945299850893207e-05,0.0821390151977539,False
1781,6634,5.698398308074732,8.567600161768496e-05,0.08207035064697266,False
1782,6634,7.5458853658978295,8.752799840294756e-05,0.0821390151977539,False
1783,6634,6.259316173602898,9.607999891159125e-05,0.08222293853759766,False
1785,7799,20.085277663367393,8.00950001575984e-05,0.08200931549072266,False
1786,6634,3.7992952822166735,8.207800055970438e-05,0.08202457427978516,False
1789,2493,8.816440840624855,9.624800077290274e-05,0.0822305679321289,True
1790,2279,17.939627594265318,9.25109998206608e-05,0.08203983306884766,True
1791,2310,15.495983192318025,8.271499973488972e-05,0.08197879791259766,True
1793,1393,11.356295898766987,9.497100109001622e-05,0.08216190338134766,False
1795,4991,24.16932396008268,8.943300053942949e-05,0.08216190338134766,False
1798,8830,6.090595243344054,0.00010430800102767535,0.08211612701416016,False
1801,3575,8.097099407820291,9.466499977861531e-05,0.0819864273071289,False
1803,8327,8.176682072125933,8.362899825442582e-05,0.0820322036743164,False
1804,8290,3.87988203718728,8.7317999714287e-05,0.0820169448852539,False
1805,8290,3.9874374744881034,8.326099850819446e-05,0.08199405670166016,False
1809,2415,16.042439700012434,8.65500005602371e-05,0.0821084976196289,True
1810,2312,16.98436756224542,8.967500252765603e-05,0.08216190338134766,True
1811,8417,16.407063128787204,8.498299939674325e-05,0.0820627212524414,False
1812,8175,4.540717048642168,9.588399916538037e-05,0.0820016860961914,True
1813,926,12.78074487970765,9.416900138603523e-05,0.08208560943603516,False
1817,6554,12.180811698704154,0.00010072199802380055,0.08211612701416016,True
1818,4761,2.23770213027665,9.220400170306675e-05,0.0822000503540039,True
1820,4304,13.333996769603447,8.684500062372535e-05,0.08207035064697266,False
1821,6985,9.315886126080061,8.065099973464385e-05,0.0820016860961914,False
1823,8380,20.24909466391689,9.492099707131274e-05,0.08217716217041016,True
1825,6373,5.997534595819388,8.44570022309199e-05,0.0820169448852539,False
1826,4304,16.742749042816374,8.408499707002193e-05,0.08199405670166016,False
1827,926,8.656316644187674,9.458999920752831e-05,0.0820474624633789,False
1828,6599,2.5203077273358874,8.474300193483941e-05,0.08205509185791016,True
1829,4718,0.9690668148819528,0.00010784100231830962,0.08219242095947266,True
1830,1393,10.191809061077205,8.363699816982262e-05,0.08203983306884766,True
1831,1393,6.689963318217464,8.742299905861728e-05,0.0820932388305664,True
1833,724,9.225598022474207,7.922899749246426e-05,0.08193302154541016,False
1834,7974,12.892505643792534,8.081299893092364e-05,0.08202457427978516,False
1838,3575,1.6884529975662286,8.322899884660728e-05,0.0819711685180664,True
1841,4761,12.61070981094737,8.505599907948636e-05,0.08199405670166016,True
1842,3678,11.65871235603168,9.74770009634085e-05,0.08210086822509766,True
1843,7033,8.405257868952702,9.799400140764192e-05,0.0819864273071289,False
1844,3678,10.218294406724464,8.673699994687922e-05,0.0821695327758789,True
1847,3575,0.6366513108211534,8.930200056056492e-05,0.0819711685180664,True
1849,926,5.06959719474478,8.482300108880736e-05,0.0820779800415039,False
1851,925,11.70719569791369,7.7398002758855e-05,0.08197879791259766,False
1857,7956,10.138756383928854,8.503500066581182e-05,0.0820016860961914,False
1858,7818,10.420374395781957,9.20509992283769e-05,0.0821542739868164,False
1861,6554,9.107459783326263,9.035000039148144e-05,0.0821542739868164,True
1862,4958,6.41346671532551,9.41500002227258e-05,0.0822305679321289,True
1863,8869,13.27130785457395,8.022699694265611e-05,0.0819864273071289,True
1864,1523,2.9876488073444665,7.773400284349918e-05,0.0819253921508789,True
1867,8175,3.158548673346154,8.508500104653649e-05,0.08203983306884766,True
1869,6599,12.48354039726123,0.00010568099969532341,0.08216190338134766,True
1870,7896,16.24568541976211,9.141200280282646e-05,0.08216190338134766,True
1871,1665,23.702718247623935,9.351900007459335e-05,0.08219242095947266,False
1872,2496,29.987875917959585,9.419799971510656e-05,0.0821542739868164,False
1873,2272,34.44057432237639,9.379600305692293e-05,0.08214664459228516,False
1875,4776,1.4276885293536086,8.928899842430837e-05,0.0821695327758789,True
1876,1387,10.094423110476763,8.477200026391074e-05,0.08196353912353516,True
1881,5386,2.586537158427128,8.624999827588908e-05,0.0820932388305664,False
1882,6554,9.492945970684614,8.900699685909785e-05,0.0820932388305664,True
1888,3514,2.8176158531359716,8.411900125793181e-05,0.08202457427978516,True
1891,4778,2.544090817246661,0.00010791499880724587,0.0821847915649414,True
1892,4958,8.249895884238077,9.619699994800612e-05,0.08223819732666016,True
1893,4776,3.139880439624462,9.554699863656424e-05,0.0822000503540039,True
1894,7818,17.819131695663724,9.723499897518195e-05,0.08214664459228516,False
1895,8175,5.042125375093558,9.177500032819808e-05,0.0820169448852539,True
1896,7956,9.411401789506112,7.955099863465875e-05,0.0819559097290039,False
1899,8869,6.430149969112689,8.043200068641454e-05,0.0819711685180664,True
1900,4776,1.1978312097423123,0.00015290299779735506,0.08213138580322266,True
1902,4801,1.7864444159648234,7.852800263208337e-05,0.0819711685180664,True
1907,3575,2.6743179964944868,9.374999717692845e-05,0.0819711685180664,True
1911,926,8.803993102397182,8.499899922753684e-05,0.0820474624633789,False
1915,8175,2.872329254022617,8.448000153293833e-05,0.08203983306884766,True
1918,4761,9.48886045920628,9.674100147094578e-05,0.08216190338134766,True
1921,8175,3.930219748054443,8.259699825430289e-05,0.08199405670166016,True
1923,7841,8.318030892380065,9.233099990524352e-05,0.0821542739868164,False
1924,926,5.758197587023914,8.407399946008809e-05,0.0820322036743164,False
1925,3678,11.520223527328929,8.532100036973134e-05,0.0820779800415039,True
1927,8816,5.320331822867546,8.681399776833132e-05,0.0819864273071289,True
1928,6599,11.338745066983803,8.752599751460366e-05,0.08213138580322266,True
1933,8883,9.810245422688437,8.976599929155782e-05,0.0820474624633789,True
1934,6612,10.59930825660341,0.00011885500134667382,0.08225345611572266,True
1939,1358,5.796730213734947,8.190800144802779e-05,0.0820016860961914,True
1940,8898,10.119519098549253,8.742900172364898e-05,0.0820932388305664,True
1942,5896,20.20334247144772,8.438499935436994e-05,0.08202457427978516,False
1943,5841,9.737537277605625,8.290400000987574e-05,0.08200931549072266,False
1944,4761,3.2306532975247997,9.671799853094853e-05,0.08207035064697266,True
1947,1026,11.322851228421927,8.050399992498569e-05,0.08197879791259766,False
1948,3527,3.208360920056465,8.266999793704599e-05,0.0819559097290039,True
1951,2290,30.892438246059058,8.203400284401141e-05,0.0820016860961914,False
1953,2623,36.766476307465666,8.028899901546538e-05,0.0820016860961914,True
1954,2053,57.652192054328204,9.731800309964456e-05,0.08232975006103516,False
1955,5446,29.43995592096489,8.717899982002564e-05,0.08211612701416016,False
1956,5446,32.44298657479627,0.0001071010010491591,0.08214664459228516,False
1957,7164,24.279623550896332,8.099299884634092e-05,0.0820016860961914,True
1963,8175,5.6494455528996745,8.253199848695658e-05,0.0820169448852539,True
1964,1536,12.356753274125113,8.349299969268031e-05,0.08203983306884766,True
1966,4761,2.8257125032515615,9.622200013836846e-05,0.0822153091430664,True
1968,4941,3.8616882133584327,9.464200047659688e-05,0.0822458267211914,True
1969,3668,6.632367481014889,7.826500223018229e-05,0.08199405670166016,True
1970,3514,10.769706101687754,8.668100053910166e-05,0.08202457427978516,True
1971,4694,1.6367849079449426,8.929900286602788e-05,0.0821084976196289,True
1973,5492,5.81944083213494,9.464600225328468e-05,0.0822458267211914,False
1975,4801,1.4774644814322593,8.008000077097677e-05,0.0819559097290039,True
1976,6529,16.707974345502873,8.694999996805564e-05,0.0820932388305664,True
1977,7818,18.505812445204178,0.00011798500054283068,0.0821695327758789,False
1978,3545,2.8298334440764896,8.977700053947046e-05,0.0819711685180664,True
1979,926,9.340750195409063,0.00011136299872305244,0.08208560943603516,False
1980,7912,10.654483777646568,8.277300003101118e-05,0.08197879791259766,False
1983,8876,1.128642101873993,8.248100130003877e-05,0.08197879791259766,True
1988,8888,0.6554971931512967,0.0001299660034419503,0.08196353912353516,True
1991,6554,6.602498967394407,8.791000072960742e-05,0.08207035064697266,True
1992,4810,1.9536369047994364,8.945599984144792e-05,0.08199405670166016,True
1993,4958,7.308971631197143,8.551399878342636e-05,0.0819864273071289,True
1995,892,7.811095991110311,8.061200060183182e-05,0.08200931549072266,False
1996,3569,0.8167319464992856,8.050300311879255e-05,0.0819711685180664,True
1997,5440,3.9395114285473913,8.338999759871513e-05,0.08200931549072266,False
2003,6009,4.880260078913345,7.865500083426014e-05,0.08199405670166016,True
2008,5392,0.7672480032797051,8.356399848707952e-05,0.08203983306884766,False
2010,2852,0.0,7.69300022511743e-05,0.0819406509399414,True
2011,2852,0.0,7.844499850762077e-05,0.0819406509399414,True
2012,4983,1.3694987966737315,9.357299859402701e-05,0.0820474624633789,True
2016,4718,4.715115678065942,8.137999975588173e-05,0.08196353912353516,True
2019,1251,35.74542372184661,8.25060014904011e-05,0.08197879791259766,True
2021,4776,1.4257532566808873,8.869299927027896e-05,0.0821847915649414,True
2023,3691,7.800272887546565,8.446100036962889e-05,0.08199405670166016,True
2024,8816,2.7046121643277834,8.938799874158576e-05,0.08200931549072266,True
2025,3668,2.591768818396539,0.00011490899851196446,0.0820169448852539,True
2026,8175,4.823615576627338,8.866199641488492e-05,0.0820169448852539,True
2028,1419,8.243979157345523,8.291300036944449e-05,0.08203983306884766,True
2029,4810,1.4114144529296007,0.00011670599997160025,0.08219242095947266,True
2030,4304,15.18484194841159,8.542900104657747e-05,0.0820016860961914,False
2032,4801,1.245779480400289,8.89510010892991e-05,0.0819864273071289,True
2034,4304,12.872647088830833,9.4678998721065e-05,0.08199405670166016,False
2035,5540,3.800610614025715,9.568899986334145e-05,0.0822153091430664,False
2036,4991,3.0354903592673033,8.461000106763095e-05,0.08205509185791016,True
2037,3514,7.258206349393391,8.713299757800996e-05,0.0820169448852539,True
2039,3677,10.341924201627322,8.765500024310313e-05,0.08203983306884766,True
2042,4958,5.119264987653511,9.761500041349791e-05,0.08225345611572266,True
2044,3514,8.245277401372595,8.324000009451993e-05,0.08197879791259766,True
2047,3691,3.2030180626488938,8.14239974715747e-05,0.08199405670166016,True
2053,1533,14.909145846175555,8.320999768329784e-05,0.0820322036743164,True
2054,8175,1.9579626376304682,8.577900007367134e-05,0.08205509185791016,True
2055,6612,6.939631113316715,8.257599984062836e-05,0.08202457427978516,True
2058,8912,10.745968844392012,8.629100193502381e-05,0.08200931549072266,True
2065,4761,11.564472055710471,9.76369992713444e-05,0.08217716217041016,True
2067,8175,4.3524777680213065,9.390100240125321e-05,0.0820474624633789,True
2072,3691,4.704027058492417,7.968299905769527e-05,0.08199405670166016,True
2075,8175,3.43752031883782,8.443600017926656e-05,0.0820322036743164,True
2076,8883,3.6608141150197593,8.01920032245107e-05,0.0820016860961914,True
2077,3691,2.4236864404513954,8.403299943893217e-05,0.0819864273071289,True
2078,3691,1.847083959248374,9.099000089918263e-05,0.08202457427978516,True
2079,7886,21.53923493176894,0.00010155999916605651,0.0821542739868164,True
2080,3766,19.398493326153883,8.482400153297931e-05,0.0820627212524414,False
2083,7896,8.447763435074132,0.00010155899872188456,0.08213138580322266,True
2084,6634,4.541978398656798,8.605399852967821e-05,0.0821390151977539,True
2086,3511,4.251346363319401,0.00010056700193672441,0.0819864273071289,True
2087,1393,5.140761691518939,8.373800301342271e-05,0.08205509185791016,True
2090,6581,6.775507822243641,8.442100079264492e-05,0.08199405670166016,True
2091,3576,16.78168995020182,9.009099812828936e-05,0.08208560943603516,True
2095,4941,1.4853968045518642,9.981199764297344e-05,0.0822458267211914,True
2096,8795,3.467268268824623,8.25160022941418e-05,0.0819559097290039,True
2097,5845,16.237500314193486,8.819299910101108e-05,0.08210086822509766,False
2099,1214,16.110428348684735,8.205899939639494e-05,0.0820322036743164,True
2102,1533,11.821985589637169,8.481300028506666e-05,0.08203983306884766,True
2104,6609,8.774377060811034,8.811600127955899e-05,0.08205509185791016,True
2106,3765,4.2973034189883705,8.147400149027817e-05,0.08197879791259766,True
2107,8869,5.081078939242778,7.884699880378321e-05,0.0819406509399414,True
2111,4958,12.54970508301275,0.0001035129971569404,0.0822610855102539,True
2112,4952,4.681625793618543,0.00011068499952671118,0.0822153091430664,True
2113,4994,5.704085255233047,9.26730026549194e-05,0.0820627212524414,True
2115,6351,11.947084313305728,9.472100282437168e-05,0.08200931549072266,False
2116,8051,15.031782426992676,0.00011812899901997298,0.0820169448852539,False
2117,3576,8.312713994213194,8.88800022948999e-05,0.08208560943603516,True
2118,4666,1.7912005183350093,9.222999869962223e-05,0.08219242095947266,True
2119,926,7.93625770248819,0.00010362399916630238,0.0821084976196289,False
2121,926,13.978828436977544,8.3585997344926e-05,0.0820474624633789,False
2123,1533,10.07366823218196,8.425399937550537e-05,0.08207035064697266,True
2126,3514,13.357575385091883,8.478400195599534e-05,0.08200931549072266,True
2127,926,15.636973272439278,8.296500163851306e-05,0.08208560943603516,False
2129,4983,0.9988663567819118,9.257800047635101e-05,0.08217716217041016,True
2130,6592,13.27642691033812,8.672800322528929e-05,0.0820932388305664,True
2131,3576,3.5601397277393536,8.323799920617603e-05,0.0820474624633789,True
2132,3691,2.881369279518516,8.049100142670795e-05,0.0819864273071289,True
2133,7896,14.013841371340177,9.521899846731685e-05,0.08219242095947266,True
2140,6592,13.3478356607636,9.630699787521735e-05,0.08213138580322266,True
2146,7896,11.563398525358625,9.962100011762232e-05,0.0822610855102539,True
2147,7896,16.921276474921974,9.136600056081079e-05,0.0821084976196289,True
2149,6599,12.546331307270998,9.162500282400288e-05,0.08211612701416016,True
2152,3514,5.974908634103381,8.444400009466335e-05,0.08202457427978516,True
2154,1533,6.462823331974267,8.473300113109872e-05,0.08203983306884766,True
2156,4958,5.048589742525667,9.227200280292891e-05,0.08220767974853516,True
2157,3576,4.854120196509391,8.559100024285726e-05,0.08205509185791016,True
2161,6581,6.2511879326299375,8.296699888887815e-05,0.0820169448852539,True
2163,926,6.938426806486866,8.314300066558644e-05,0.0820779800415039,False
2169,3570,1.7652374300510882,8.075000005192123e-05,0.0819864273071289,True
2172,1023,5.994542432665647,8.40540014905855e-05,0.0820016860961914,False
2173,6592,9.560793387954435,9.614000009605661e-05,0.08216190338134766,True
2174,7886,23.04445627782251,8.454399721813388e-05,0.0820627212524414,True
2177,8883,7.179024108997085,8.523699943907559e-05,0.08205509185791016,True
2178,3570,4.754964417439621,8.136500036926009e-05,0.0820016860961914,True
2180,7164,19.622788871069726,8.014599734451622e-05,0.08199405670166016,True
2185,3514,12.156586398547127,8.419000005233102e-05,0.0820322036743164,True
2187,3575,5.241885248261275,8.361500294995494e-05,0.08196353912353516,True
2188,8175,2.630214212919348,8.369100032723509e-05,0.08210086822509766,True
2190,1214,18.058036127539097,9.910300286719576e-05,0.08203983306884766,True
2193,3514,5.265981002574745,8.507399979862384e-05,0.08203983306884766,True
2194,1536,12.89336803177229,8.175800030585378e-05,0.08203983306884766,True
2195,8898,19.092116287011013,8.714899740880355e-05,0.0820932388305664,True
2197,3665,5.216920555199235,9.258499994757585e-05,0.0821237564086914,True
2199,3575,0.9060345954337535,8.329599950229749e-05,0.08197879791259766,True
2202,7880,23.781447004949044,0.00010056800238089636,0.0822153091430664,True
2205,8427,29.769338889319464,0.00010028799806605093,0.08226871490478516,False
2206,4076,39.69412625430989,8.401399827562273e-05,0.0820169448852539,True
2208,4475,31.74354654246833,8.030699973460287e-05,0.08197879791259766,True
2209,4475,24.541656288597064,8.221100142691284e-05,0.08197879791259766,True
2211,7868,29.518856310979093,8.704699939698912e-05,0.0820169448852539,True
2212,7206,30.773301150512683,8.640899977763183e-05,0.08199405670166016,False
2213,4471,27.420091396347203,8.872399848769419e-05,0.08202457427978516,True
2214,4475,27.28607005309911,8.408800204051659e-05,0.0820016860961914,True
2215,4471,31.932617864447042,8.319400149048306e-05,0.0820169448852539,True
2220,408,29.668918760863882,9.172700083581731e-05,0.08199405670166016,True
2221,444,31.467839625616485,8.050299948081374e-05,0.08196353912353516,True
2223,467,33.16879934709467,7.897999967099167e-05,0.08196353912353516,True
2226,444,24.965180929249197,9.101200339500792e-05,0.0819711685180664,True
2227,226,26.812989441975986,8.059700121521018e-05,0.08197879791259766,True
2229,7868,28.115007350533272,8.104799780994654e-05,0.08199405670166016,True
2231,439,23.933588790990644,8.528699981980026e-05,0.08196353912353516,True
2235,353,27.443686921963565,9.284499901696108e-05,0.08197879791259766,True
2237,439,28.530089955864703,8.259400055976585e-05,0.0820016860961914,True
2239,335,28.539540153876192,8.205999984056689e-05,0.0819559097290039,True
2240,481,32.12620143510444,8.078899918473326e-05,0.08194828033447266,True
2247,330,30.108684305267495,8.15679995866958e-05,0.0820016860961914,True
2248,262,19.785255223887003,8.321099812746979e-05,0.08199405670166016,True
2249,238,28.692914997810224,8.37419975141529e-05,0.08202457427978516,True
2250,238,28.10818737827216,8.153999806381762e-05,0.0819864273071289,True
2252,439,29.603170120932926,8.0339999840362e-05,0.08197879791259766,True
2253,262,26.24723369010375,8.229999730247073e-05,0.0819864273071289,True
2256,353,25.101167909957084,8.012900070752949e-05,0.0819559097290039,True
2262,238,21.813835164410374,0.00010658899918780662,0.08199405670166016,True
2263,275,23.10324254240237,8.641599924885668e-05,0.0819711685180664,True
2267,330,28.308443208700044,8.491200060234405e-05,0.0819864273071289,True
2269,262,24.624272925563705,8.112900104606524e-05,0.08197879791259766,True
2271,262,25.976212348134386,8.173100286512636e-05,0.08200931549072266,True
2274,275,27.047643898887507,8.434300252702087e-05,0.0820016860961914,True
2275,238,26.8516007257574,8.294599683722481e-05,0.0820016860961914,True
2276,275,22.942273972147813,8.090399933280423e-05,0.0819711685180664,True
2278,238,24.68245240374868,8.099100159597583e-05,0.08197879791259766,True
2282,275,24.342029279866715,8.071399861364625e-05,0.0819559097290039,True
2283,238,20.61240527077098,7.936299880384468e-05,0.0819559097290039,True
2284,238,22.194360862036532,0.00010165999992750585,0.08199405670166016,True
2285,6540,22.871343670142068,7.722499867668375e-05,0.0819253921508789,False
2286,262,40.159519235299555,8.447299842373468e-05,0.08202457427978516,True
2287,8298,24.238915198853984,7.639600153197534e-05,0.08193302154541016,False
2293,4652,29.413938218547294,8.84020009834785e-05,0.08196353912353516,False
2294,4652,27.659268860810876,8.500300100422464e-05,0.0819711685180664,False
2295,6540,20.922864685445678,0.00010335799743188545,0.0819406509399414,False
2296,6540,22.73614443042931,8.050399992498569e-05,0.08193302154541016,False
2297,238,29.79865105776548,8.394399992539547e-05,0.08200931549072266,True
2298,275,28.911482713330095,8.204500045394525e-05,0.08199405670166016,True
2300,8298,32.71504252590119,7.995600026333705e-05,0.0819406509399414,False
2301,8298,32.09621366291219,9.416699685971253e-05,0.08193302154541016,False
2302,8298,43.48297173207367,7.94869993114844e-05,0.0819253921508789,False
2303,8298,19.900913254735787,8.481400072923861e-05,0.0819253921508789,False
2304,6540,15.835460622168567,7.776799975545146e-05,0.0819253921508789,False
2305,275,29.831554307930393,0.00010582799950498156,0.0819864273071289,True
2306,6540,12.164028097057072,8.006799907889217e-05,0.0819253921508789,False
2309,8298,16.203629973366024,8.301200068672188e-05,0.0819253921508789,False
2310,6540,25.472992445559466,7.872599962865934e-05,0.08193302154541016,False
2313,275,24.208333643068862,8.292200072901323e-05,0.08197879791259766,True
2316,275,31.11687905371443,8.310799967148341e-05,0.0820016860961914,True
2322,6540,15.805487042046664,7.618200106662698e-05,0.08193302154541016,False
2325,6540,30.88790942051297,8.082800195552409e-05,0.08193302154541016,False
2326,6540,20.849510781769858,7.66179982747417e-05,0.08193302154541016,False
2327,8298,31.009831386031905,0.00011007800276274793,0.0819406509399414,False
2328,4652,29.28669876974529,7.986299897311255e-05,0.08196353912353516,False
2330,275,27.384331317108593,8.068000170169398e-05,0.08197879791259766,True
2331,8298,40.1965511795493,7.742199886706658e-05,0.0819253921508789,False
2334,8298,16.275749085312423,7.750299846520647e-05,0.0819253921508789,False
2335,275,32.78009056615382,8.538200199836865e-05,0.0820169448852539,True
2337,8298,25.770900330235534,7.711599755566567e-05,0.0819253921508789,False
2338,6540,25.351803834838634,7.818400263204239e-05,0.08193302154541016,False
2339,6540,34.92266341833516,7.76229971961584e-05,0.0819406509399414,False
2341,6540,34.10918721180781,7.726499825366773e-05,0.0819406509399414,False
2342,6540,39.27354142367705,8.028999945963733e-05,0.0819253921508789,False
2344,8298,25.907703523255044,7.808999725966714e-05,0.08193302154541016,False
2347,8298,21.235488394838942,7.767799979774281e-05,0.0819253921508789,False
2354,8298,23.446952660369696,7.874900256865658e-05,0.08193302154541016,False
2355,8298,44.651198181860096,0.00023643399981665425,0.08193302154541016,False
2358,4652,27.660670542152015,8.429599984083325e-05,0.08194828033447266,False
2359,325,33.355564866666235,8.893000267562456e-05,0.0821237564086914,True
2360,8298,21.041307513276518,9.473399768467061e-05,0.0819253921508789,False
2362,6540,21.35075490803018,7.704399831709452e-05,0.08193302154541016,False
2363,399,30.073998046975074,9.005799802253023e-05,0.0821084976196289,True
2365,440,42.041464150705366,9.546399815008044e-05,0.0821237564086914,True
2366,275,35.26780687701523,0.00010121100058313459,0.08200931549072266,True
2367,6540,21.61337228137719,7.648099926882423e-05,0.0819253921508789,False
2368,8298,26.062853414586915,7.844100036891177e-05,0.08193302154541016,False
2370,4652,28.174165171085576,0.0001487399968027603,0.08194828033447266,False
2371,8298,21.480828085534363,7.691700011491776e-05,0.0819253921508789,False
2372,6540,35.41168358613656,7.697600085521117e-05,0.0819253921508789,False
2373,6540,18.16748221674217,7.721200017840602e-05,0.08193302154541016,False
2378,6540,18.555344132247,7.978400026331656e-05,0.08193302154541016,False
2379,8298,28.56702455065019,0.00010192700210609473,0.0819253921508789,False
2380,6540,24.286872782528388,8.0797999544302e-05,0.08193302154541016,False
2382,8298,20.191836631694546,7.887399988248944e-05,0.0819253921508789,False
2383,8298,35.71688456758248,8.04070004960522e-05,0.0819253921508789,False
2385,8298,17.936860205416192,7.80099981056992e-05,0.0819253921508789,False
2386,8298,33.751163327868916,7.666300007258542e-05,0.0819253921508789,False
2387,6540,11.140023863992282,7.767400165903382e-05,0.0819253921508789,False
2389,6540,37.105297472797886,7.747000199742615e-05,0.08193302154541016,False
2391,6540,34.4785960322488,7.70010010455735e-05,0.0819253921508789,False
2392,275,47.03576146860197,8.2894999650307e-05,0.08202457427978516,True
2394,386,64.68033894398938,8.935300138546154e-05,0.0821390151977539,True
2395,335,40.33873151059387,8.81689993548207e-05,0.08208560943603516,True
2396,238,29.84095893868256,9.030399814946577e-05,0.08199405670166016,True
2398,6540,28.485469129831348,8.355399768333882e-05,0.08193302154541016,False
2402,481,34.32393006552203,9.094199776882306e-05,0.08213138580322266,True
2403,6540,27.470900182599195,7.820999962859787e-05,0.08193302154541016,False
2404,8298,26.62450566280575,8.054299905779772e-05,0.0819253921508789,False
2406,8298,22.556398861207825,8.113899821182713e-05,0.0819253921508789,False
2407,6540,31.547361527480323,7.804600318195298e-05,0.08193302154541016,False
2411,6540,35.17861957805619,7.751899829600006e-05,0.08193302154541016,False
2413,6540,25.66820024174176,7.626400110893883e-05,0.08193302154541016,False
2414,6540,28.283052349300128,7.694200030528009e-05,0.08193302154541016,False
2417,6540,25.08729269554549,7.951599764055572e-05,0.08193302154541016,False
2421,8298,23.465623109404184,7.768100113025866e-05,0.0819253921508789,False
2425,444,40.205645431227985,8.822400195640512e-05,0.08213138580322266,True
2426,335,29.214240432153066,8.646599962958135e-05,0.0820932388305664,True
2428,8298,11.107748521906272,7.748300049570389e-05,0.0819253921508789,False
2430,262,58.70517601607996,8.517500100424513e-05,0.0820322036743164,True
2431,238,33.45938177962753,8.179399810614996e-05,0.08200931549072266,True
2433,6540,28.944771352307612,7.721499787294306e-05,0.08193302154541016,False
2435,333,33.37014593094316,9.433699960936792e-05,0.08213138580322266,True
2436,6540,27.226122262305147,8.018299922696315e-05,0.0819406509399414,False
2438,8298,28.06237030991054,8.877399886841886e-05,0.08193302154541016,False
2439,6540,15.292918436824511,7.757099956506863e-05,0.0819253921508789,False
2442,481,32.8806909846248,0.00011085699952673167,0.08213138580322266,True
2443,6540,24.478738090164256,7.704800009378232e-05,0.08193302154541016,False
2444,8298,45.32282144512467,7.7556000178447e-05,0.08193302154541016,False
2446,238,40.99572211076197,8.315299783134833e-05,0.08202457427978516,True
2449,8298,27.493314651469618,7.812600233592093e-05,0.0819253921508789,False
2450,6540,24.919218171459924,9.245799810742028e-05,0.08193302154541016,False
2451,6540,26.039446109020275,8.015699859242886e-05,0.0819406509399414,False
2452,6540,25.331704705673967,8.139900091919117e-05,0.0819406509399414,False
2453,8298,20.704595619731702,8.084699948085472e-05,0.0819253921508789,False
2454,7869,43.21896121633208,8.805199831840582e-05,0.0821084976196289,True
2456,8298,36.1134717294414,7.797799844411202e-05,0.08193302154541016,False
2459,8298,29.711513752479,7.748099960735999e-05,0.08193302154541016,False
2460,8298,20.694641878304697,7.811999967088923e-05,0.0819253921508789,False
2461,325,47.681735551366614,8.794300083536655e-05,0.0821084976196289,True
2462,512,49.22079038196693,0.00010338799984310754,0.0821390151977539,True
2463,275,25.473374164597768,8.342500223079696e-05,0.0819864273071289,True
2466,6540,16.817720769022657,7.714700041105971e-05,0.08193302154541016,False
2467,275,31.292523642236127,8.425999840255827e-05,0.0820169448852539,True
2470,6540,21.755945407922578,7.835200085537508e-05,0.08193302154541016,False
2473,8298,20.179193242487603,7.811099931132048e-05,0.0819253921508789,False
2474,275,27.074714586582434,8.1101999967359e-05,0.0819864273071289,True
2475,8298,24.41187871951442,7.826799992471933e-05,0.0819253921508789,False
2479,4652,26.31263519023567,7.958299829624593e-05,0.0819559097290039,False
2480,6540,29.661484392643388,7.876699964981526e-05,0.08193302154541016,False
2481,325,33.59640665806877,8.59100000525359e-05,0.0820932388305664,True
2483,8298,14.881531428482367,8.628999785287306e-05,0.0819253921508789,False
2486,6540,23.279373412345887,8.638500003144145e-05,0.0819406509399414,False
2487,6540,35.014905965765315,7.759899744996801e-05,0.0819406509399414,False
2489,275,26.67396456982317,8.152900045388378e-05,0.08199405670166016,True
2490,8298,26.204025184198482,9.29890011320822e-05,0.0819406509399414,False
2491,275,21.07622823671664,9.372600106871687e-05,0.08200931549072266,True
2494,6540,24.639951287482322,8.41330002003815e-05,0.0819406509399414,False
2495,4652,24.552194530200847,8.800000068731606e-05,0.0819406509399414,False
2498,439,27.858153622007613,9.419000343768857e-05,0.0820474624633789,True
2500,238,25.800859435190414,9.722899994812906e-05,0.08200931549072266,True
2505,238,28.579708236427525,8.501100091962144e-05,0.08197879791259766,True
2508,238,26.83494115214548,8.94069999048952e-05,0.0820016860961914,True
2509,238,23.23639501732712,8.119999984046444e-05,0.08197879791259766,True
2512,262,24.43131266055971,8.278200039057992e-05,0.08200931549072266,True
2513,262,20.34563364229807,8.609699943917803e-05,0.0820016860961914,True
2515,844,2.86174649915863,7.669199840165675e-05,0.0819559097290039,True
2516,911,2.938903047875573,7.714999810559675e-05,0.08193302154541016,True
2521,7070,1.12147831535122,7.674299922655337e-05,0.08193302154541016,False
2522,6400,5.0686453539568594,7.880100019974634e-05,0.08199405670166016,True
2523,6400,6.323252279415208,9.077199865714647e-05,0.08199405670166016,True
2524,911,2.755539762403972,7.947999984025955e-05,0.08197879791259766,True
2525,3668,7.757279412289646,8.244299897341989e-05,0.0820169448852539,False
2526,943,4.373871515250716,7.8321998444153e-05,0.08197879791259766,True
2527,3441,9.0178845360434,7.736599945928901e-05,0.08193302154541016,False
2530,1503,3.341085813216444,7.895700036897324e-05,0.0819559097290039,False
2531,1061,0.4853755808309723,7.661899871891364e-05,0.0819253921508789,True
2532,5369,5.73840655842948,8.358500053873286e-05,0.08199405670166016,True
2533,7183,10.063112443187853,8.040800094022416e-05,0.0820169448852539,False
2536,1061,0.6709578005282965,9.62169979175087e-05,0.08196353912353516,True
2538,1061,0.35424546484542113,7.723499948042445e-05,0.0819559097290039,True
2541,844,4.350234036444127,8.527099998900667e-05,0.08193302154541016,True
2544,943,1.1428858467431524,8.012499893084168e-05,0.0819253921508789,True
2549,4626,2.3816199566372633,7.844100036891177e-05,0.0819406509399414,False
2550,4645,5.412864394696149,7.94649968156591e-05,0.0819711685180664,False
2552,6428,10.23648952077869,7.831100083421916e-05,0.08196353912353516,True
2553,4626,2.0237397713435294,7.728499986114912e-05,0.0819406509399414,False
2554,1025,7.877893638432486,8.07939977676142e-05,0.0819711685180664,True
2557,900,1.504948007730513,9.060800221050158e-05,0.08194828033447266,True
2560,1503,4.718933555086724,0.00012239599891472608,0.0819406509399414,False
2561,7739,2.5678142480760755,8.006800271687098e-05,0.0820016860961914,True
2562,3402,11.073343942297344,8.703499770490453e-05,0.08193302154541016,False
2563,952,0.11793971534843643,8.208700091927312e-05,0.0819711685180664,True
2564,5440,3.862172007990295,8.087999958661385e-05,0.08200931549072266,True
2565,5386,1.7106062205890313,8.044400237849914e-05,0.08199405670166016,True
2567,6428,7.40773217788397,8.516700108884834e-05,0.0819406509399414,True
2572,5386,0.7724301419494105,8.029099990380928e-05,0.0819864273071289,True
2573,844,8.124674506889606,7.601499964948744e-05,0.08194828033447266,True
2576,4275,3.3196800168937313,8.0264999269275e-05,0.0820016860961914,True
2577,907,0.06902317807271516,7.973099855007604e-05,0.0819559097290039,True
2580,6383,0.01188894087374159,7.972499952302314e-05,0.08196353912353516,True
2583,562,0.06912911061043704,8.487000013701618e-05,0.08197879791259766,False
2589,6400,1.019443883726315,7.913999797892757e-05,0.0819559097290039,True
2590,1503,5.789851192524175,8.548999903723598e-05,0.08196353912353516,False
2592,5440,1.3823825923898265,8.379399878322147e-05,0.08203983306884766,True
2593,907,1.9473748914928162,7.823000123607926e-05,0.08196353912353516,True
2595,5841,13.117469510942616,7.845199797884561e-05,0.08197879791259766,False
2599,4140,5.7290593585429495,7.762799941701815e-05,0.08194828033447266,True
2600,4645,13.372162718281343,8.02630020189099e-05,0.08196353912353516,False
2601,6428,1.3045378186478886,7.907899998826906e-05,0.0819711685180664,True
2603,844,1.608736675493145,8.109299960779026e-05,0.0819559097290039,True
2604,930,0.40552505542651196,8.308799806400202e-05,0.0819253921508789,True
2610,930,7.07487757684558,7.90209996921476e-05,0.08193302154541016,True
2611,1443,5.836532293634431,0.00012566299847094342,0.0819864273071289,False
2620,3668,12.21199879421385,8.370000068680383e-05,0.0820627212524414,False
2625,6428,7.521029012098333,7.968200225150213e-05,0.08197879791259766,True
2626,6428,2.687598722437159,9.935100024449639e-05,0.0819406509399414,True
2633,844,2.9994368413844428,8.272500053863041e-05,0.0819253921508789,True
2635,911,3.628946659057751,7.804699998814613e-05,0.0819864273071289,True
2636,3668,9.346652133838269,8.24310009193141e-05,0.0820474624633789,False
2637,8296,22.564492042839607,9.142999988398515e-05,0.08217716217041016,True
2638,7181,18.81315078021724,9.318799857283011e-05,0.0821695327758789,True
2643,7041,19.9441856301492,8.328300100401975e-05,0.08200931549072266,True
2644,5841,2.774890918084839,8.111300121527165e-05,0.0819711685180664,False
2646,4778,3.2868882409089277,7.844400170142762e-05,0.08193302154541016,False
2647,1448,5.480805673071737,8.242600233643316e-05,0.08193302154541016,True
2648,6250,0.501710700068676,8.45909999043215e-05,0.0819711685180664,True
2649,3402,11.846738732029369,8.687499939696863e-05,0.08203983306884766,False
2650,5841,7.274378179434014,7.633199857082218e-05,0.0819406509399414,False
2652,6959,7.094836092204075,8.290600089821965e-05,0.08202457427978516,True
2653,4798,5.804812359150935,7.73169995227363e-05,0.08197879791259766,False
2654,5440,2.1396785771062086,9.646499893278815e-05,0.08199405670166016,False
2655,3652,9.912673060562517,8.249500024248846e-05,0.08200931549072266,False
2656,6250,1.2852716328316336,8.781200085650198e-05,0.08194828033447266,True
2660,5621,5.551827329330313,8.189300206140615e-05,0.0819559097290039,False
2661,7040,0.7378627723638567,8.109400005196221e-05,0.0819864273071289,True
2662,6929,1.2593614773674615,0.00010389100134489127,0.0819864273071289,True
2664,1448,0.7231569067826448,7.842500053811818e-05,0.0819864273071289,True
2665,8645,1.384628735831031,9.418099944014102e-05,0.08196353912353516,False
2666,6959,7.9439298147468165,8.059000174398534e-05,0.0820474624633789,True
2668,3451,10.65855268874215,8.612400051788427e-05,0.0819864273071289,False
2671,3404,5.207896524410566,7.831100083421916e-05,0.0819864273071289,False
2672,3476,3.989280847966423,8.594500104663894e-05,0.08197879791259766,False
2673,1455,16.212731018436283,7.813000047462992e-05,0.08196353912353516,True
2674,5858,8.538895486248805,8.209599764086306e-05,0.0819864273071289,False
2675,22,4.89293426617607,9.980199683923274e-05,0.0819559097290039,False
2678,5440,0.16114095884998403,7.858200115151703e-05,0.08194828033447266,False
2682,7040,1.2642788661113757,7.981299859238788e-05,0.0819864273071289,True
2683,5492,1.1450883646269192,8.241700197686441e-05,0.08199405670166016,False
2684,5865,61.084387110438186,8.932299897423945e-05,0.0819406509399414,False
2685,6250,3.332892018232499,7.90230005804915e-05,0.0819864273071289,True
2687,6985,2.99575450220903,7.927899787318893e-05,0.0819711685180664,True
2688,7012,4.90282954680497,7.929100320325233e-05,0.08194828033447266,True
2689,4631,6.03226798361441,7.919899871922098e-05,0.0820169448852539,True
2691,5621,4.1718883978526,7.825399734429084e-05,0.0819711685180664,False
2692,5640,1.1594684017923673,8.139300189213827e-05,0.08200931549072266,False
2693,6180,6.123471282390748,7.943400123622268e-05,0.0819559097290039,True
2699,943,1.122354547558307,7.767300121486187e-05,0.0819864273071289,False
2702,5853,6.967490752434319,7.707500117248856e-05,0.0819406509399414,False
2703,7033,7.479646329624999,8.015200000954792e-05,0.08199405670166016,True
2704,6944,8.060631564742769,8.433400216745213e-05,0.08197879791259766,True
2707,6504,6.88719129092331,8.0264999269275e-05,0.08199405670166016,False
2708,5865,62.04173172664938,7.734699829597957e-05,0.0819253921508789,False
2710,3426,5.782402205394946,7.939300121506676e-05,0.08193302154541016,False
2711,724,0.0,7.762799941701815e-05,0.08197879791259766,False
2712,6929,1.3140505431510543,7.73900028434582e-05,0.08196353912353516,True
2716,1075,2.2650421196293773,8.10410019767005e-05,0.08197879791259766,False
2717,6383,5.5022723039868735,9.147500168182887e-05,0.0819864273071289,False
2718,6959,2.5126958624658924,8.599100328865461e-05,0.0819711685180664,True
2719,860,0.056984757097392175,9.13620024221018e-05,0.08194828033447266,False
2722,3441,8.145442722837515,7.855399962863885e-05,0.08194828033447266,False
2726,8651,2.1535101859995445,7.787499998812564e-05,0.0819559097290039,False
2729,8651,2.197320159812283,7.979200017871335e-05,0.08197879791259766,False
2731,1026,0.5746172047801366,9.07239991647657e-05,0.08191776275634766,False
2732,5841,9.972619048791834,7.853300121496432e-05,0.08194828033447266,False
2734,6504,4.5465620077092295,7.965099939610809e-05,0.08197879791259766,False
2736,5621,1.4273025080942718,7.94810002844315e-05,0.0819406509399414,False
2740,5515,4.435809446057339,8.382799933315255e-05,0.08205509185791016,False
2742,5515,3.9037999530024488,7.710399950155988e-05,0.08196353912353516,False
2745,5369,3.4884817121159126,8.666599751450121e-05,0.0821390151977539,False
2747,3402,6.984471580467127,8.365399844478816e-05,0.08193302154541016,False
2750,5515,1.771758328271546,7.872200148995034e-05,0.08194828033447266,False
2751,5880,59.3252836777815,0.00011221200111322105,0.08191776275634766,False
2752,5865,36.70237512903474,7.752999954391271e-05,0.08193302154541016,False
2754,5880,45.28456830005738,7.712800288572907e-05,0.08196353912353516,False
2755,2787,33.11856863705193,7.929700223030522e-05,0.08196353912353516,False
2757,1523,3.2543184204332687,7.71630002418533e-05,0.0819406509399414,False
2758,8645,1.163423004711806,7.968399950186722e-05,0.0819559097290039,False
2759,5680,3.746617903386404,8.192899986170232e-05,0.08196353912353516,False
2760,3453,10.960969175823857,7.841800106689334e-05,0.08193302154541016,False
2761,5767,8.140576805011145,7.850499969208613e-05,0.08196353912353516,False
2762,3521,2.4552959775437926,8.680899918545038e-05,0.08196353912353516,False
2763,724,0.0,7.909700070740655e-05,0.08197879791259766,False
2764,4304,13.947198402933122,8.409899965045042e-05,0.0820474624633789,False
2765,3260,2.945972295885453,7.957300113048404e-05,0.08197879791259766,False
2766,5841,7.384889597542352,7.83320028858725e-05,0.08194828033447266,False
2768,5841,8.245268070374793,8.03259972599335e-05,0.08197879791259766,False
2769,1552,8.902045285651225,7.837999874027446e-05,0.0819711685180664,False
2771,5392,0.5488454786825262,8.208700091927312e-05,0.0819559097290039,False
2772,5399,5.635824583656056,0.00011823499880847521,0.08202457427978516,False
2773,6829,0.0,7.976100096129812e-05,0.0819711685180664,False
2775,7004,12.571787786935943,8.199200237868354e-05,0.0820474624633789,True
2778,6504,9.424384478407367,9.109999882639386e-05,0.08197879791259766,False
2779,7147,30.825265082607558,8.059299943852238e-05,0.0819559097290039,False
2780,1025,2.4784669259922696,7.77749992266763e-05,0.0819711685180664,False
2782,5865,38.05093871939202,8.955999874160625e-05,0.08193302154541016,False
2783,2787,4.462541323211686,7.743899914203212e-05,0.0819253921508789,False
2784,907,2.132786504358348,8.108700058073737e-05,0.08196353912353516,False
2786,3476,6.658891306268377,0.000111909001134336,0.0819559097290039,False
2787,3476,12.624856027907413,7.92499995441176e-05,0.0819559097290039,False
2790,6929,5.313657384327647,7.696799730183557e-05,0.08194828033447266,True
2791,7207,26.248889770464125,8.469800013699569e-05,0.0820322036743164,True
2792,2956,0.0,7.799399827490561e-05,0.0819559097290039,True
2793,4652,29.29836196632226,8.113600051729009e-05,0.08194828033447266,True
2794,8298,3.918367287022619,7.792399992467836e-05,0.0819253921508789,True
2795,4275,14.972354901651084,8.14929990156088e-05,0.0819864273071289,False
2797,935,10.05045822153085,8.444599734502845e-05,0.0820016860961914,False
2798,606,0.0,7.800000093993731e-05,0.08197879791259766,False
2800,911,0.5611397494345871,7.636599912075326e-05,0.08194828033447266,False
2803,1105,0.33641172743320796,7.728199852863327e-05,0.0819711685180664,True
2807,3570,0.9353664592218026,8.70910007506609e-05,0.08197879791259766,True
2808,3511,0.13937707039924582,7.947099948069081e-05,0.0819406509399414,True
2809,1025,0.5303026897462656,7.846899825381115e-05,0.08193302154541016,False
2812,3213,0.0,9.205699825542979e-05,0.0819864273071289,False
2814,724,0.0,8.619100117357448e-05,0.0819711685180664,False
2815,8226,0.09424011646632614,7.847099914215505e-05,0.0819253921508789,True
2817,6099,1.811406852151884,7.824799831723794e-05,0.0819711685180664,True
2818,4666,2.5491163227058538,8.190100197680295e-05,0.0819711685180664,True
2820,8175,1.6570333930354124,8.254500062321313e-05,0.0820169448852539,True
2822,1214,10.629861224404854,7.958499918458983e-05,0.08196353912353516,True
2823,8651,5.165652802735238,7.963600000948645e-05,0.0819559097290039,False
2825,606,0.0,7.886399907874875e-05,0.0819711685180664,False
2826,2786,4.186604616247248,9.295900235883892e-05,0.0819864273071289,True
2828,2746,11.013458329242514,7.791799725964665e-05,0.0819711685180664,False
2829,5663,4.364921333172935,7.902200013631955e-05,0.0819864273071289,False
2830,1523,2.931217039791591,9.14919983188156e-05,0.0819711685180664,True
2832,2787,4.061700391072614,7.770299998810515e-05,0.08193302154541016,True
2835,2522,1.0736201700319496,8.10490018920973e-05,0.08202457427978516,True
2836,860,6.494466001135959,7.671399725950323e-05,0.08193302154541016,False
2837,99,7.779394880437787,7.682900104555301e-05,0.08199405670166016,False
2839,6364,5.504690347200399,8.653500117361546e-05,0.0819253921508789,False
2840,6683,0.0192269542708322,8.164099926943891e-05,0.0819253921508789,False
2841,5492,0.537509549312707,7.705800089752302e-05,0.0819406509399414,False
2842,5374,2.009479545645236,9.929700172506273e-05,0.0819406509399414,False
2843,7886,13.310838931029172,8.232199979829602e-05,0.0820169448852539,True
2844,1324,7.914750425280335,7.87070021033287e-05,0.0819559097290039,True
2845,4761,6.060471788878449,7.87940007285215e-05,0.0819711685180664,True
2846,5640,0.7939835504273712,7.971100058057345e-05,0.0819253921508789,False
2848,3476,13.412165790132232,0.00010964900138787925,0.0819711685180664,False
2852,6829,2.5937820536805067,7.713200102443807e-05,0.08191776275634766,False
2853,4745,1.6032594660212118,7.685999662498944e-05,0.08196353912353516,True
2855,3569,0.759223656902587,8.429399895248935e-05,0.08199405670166016,True
2856,8290,10.234737044587806,8.327500108862296e-05,0.08200931549072266,True
2857,608,16.88935379409735,8.388099740841426e-05,0.08202457427978516,True
2859,5195,10.578997270048657,8.252699990407564e-05,0.0820016860961914,False
2862,6842,19.561106094046878,8.18129992694594e-05,0.0820169448852539,True
2863,8009,2.990633571851168,8.126099783112295e-05,0.08200931549072266,False
2866,6872,2.7098790087728015,0.00010056400060420856,0.0820322036743164,True
2867,5175,1.0801649981865764,8.082100248429924e-05,0.0819864273071289,False
2870,5331,18.943959176959897,8.751099812798202e-05,0.08205509185791016,False
2879,8148,3.5750053182577535,8.074699871940538e-05,0.08197879791259766,True
2881,3047,17.23410284817163,8.235700079239905e-05,0.0820779800415039,True
2883,2908,6.645568136158808,7.683999865548685e-05,0.0819559097290039,False
2884,5175,7.963252448088582,7.989000005181879e-05,0.08197879791259766,False
2885,8126,0.08460744481882745,7.959499998833053e-05,0.0819559097290039,True
2887,5195,4.2532703226024395,8.091600102488883e-05,0.0819864273071289,False
2890,6814,16.56644409088562,7.858599929022603e-05,0.0820016860961914,True
2894,8095,13.22972255304286,7.955899855005555e-05,0.0819864273071289,True
2897,569,1.0755249949739594,7.999200170161203e-05,0.08196353912353516,True
2901,768,8.23945879756178,8.07310025265906e-05,0.08202457427978516,True
2903,700,14.336187277622283,8.40620014059823e-05,0.0820322036743164,True
2904,5104,11.687098961276982,8.691800030646846e-05,0.0820016860961914,False
2905,5175,1.1621780378135425,7.989399819052778e-05,0.0819711685180664,False
2907,5175,0.19077278894973038,7.869000182836317e-05,0.0819711685180664,False
2912,6909,29.551398880031982,9.122900155489333e-05,0.08199405670166016,True
2913,2908,0.21962181185930157,8.272299965028651e-05,0.08199405670166016,False
2914,6909,25.06896454078442,8.432400136371143e-05,0.0820169448852539,True
2915,5040,14.050674753373338,8.102700303425081e-05,0.08199405670166016,False
2916,5077,14.277713854036746,8.401399827562273e-05,0.0820474624633789,False
2918,8126,5.304131151428365,9.408999903826043e-05,0.08199405670166016,True
2921,5011,2.3272001678869376,7.833199924789369e-05,0.0819864273071289,False
2922,8079,16.738472538997296,7.953499880386516e-05,0.08197879791259766,True
2923,5077,21.7718250149137,0.00015172700295806862,0.0820169448852539,False
2924,6842,12.572528010600182,7.960900256875902e-05,0.08199405670166016,True
2931,5515,2.6337006162648846,9.170499833999202e-05,0.0819559097290039,False
2932,7064,6.068165068303542,7.890000051702373e-05,0.0819711685180664,False
2933,5175,1.7872507871526213,8.334800077136606e-05,0.0820169448852539,False
2935,8079,10.689419819679795,8.008700024220161e-05,0.08202457427978516,True
2937,8691,0.2446738602514074,8.039200110943057e-05,0.0819406509399414,False
2938,729,10.072822713907755,7.965099939610809e-05,0.0820169448852539,True
2940,6385,5.535529686314727,8.153299859259278e-05,0.0819711685180664,False
2941,3243,5.069230661189966,0.00010207100058323704,0.0819406509399414,True
2944,5160,15.144213733107463,8.184399848687463e-05,0.0820322036743164,False
2945,3420,9.24791339226298,8.201400123653002e-05,0.0820016860961914,False
2947,567,4.559732843226598,8.596599946031347e-05,0.0820627212524414,True
2950,560,0.4705918055388543,8.338400220964104e-05,0.0819406509399414,True
2951,768,6.769120141661486,8.133500159601681e-05,0.08197879791259766,True
2955,2745,14.239268742482892,9.418199988431297e-05,0.0819711685180664,False
2957,639,4.575307654846062,8.696599979884923e-05,0.0820627212524414,True
2958,560,0.0002605900701007937,8.398899808526039e-05,0.0819864273071289,True
2960,2746,6.673826991826254,7.988500146893784e-05,0.0820016860961914,True
2961,5567,3.211058322630405,0.00013576399942394346,0.0819711685180664,True
2963,8007,8.247663192061669,7.871600246289745e-05,0.08196353912353516,True
2965,5440,0.4064577396191541,8.004700066521764e-05,0.0819406509399414,True
2969,8898,7.605964609332125,8.7239001004491e-05,0.0820779800415039,False
2971,6529,8.095948237377858,8.377799895242788e-05,0.08199405670166016,False
2975,943,4.404479565106814,7.911200009402819e-05,0.0819711685180664,True
2976,3688,2.7882884046466994,0.00011532499775057659,0.08194828033447266,False
2978,1243,9.066336234576715,8.204499681596644e-05,0.08193302154541016,False
2980,2746,6.628997916558155,8.454300041194074e-05,0.0819864273071289,True
2981,8226,3.3091721304979353,8.19629967736546e-05,0.08194828033447266,False
2982,8779,1.374147955613319,8.52129996928852e-05,0.0819253921508789,True
2988,3601,11.489695989600165,8.138200064422563e-05,0.08199405670166016,False
2991,4224,12.275045784888814,8.215699926950037e-05,0.08199405670166016,True
2993,5374,1.888997361622679,7.926100079203025e-05,0.0819864273071289,True
2994,958,4.608475659228683,7.857299715396948e-05,0.08194828033447266,True
2995,8813,5.876398811483132,7.696899774600752e-05,0.08194828033447266,False
3007,943,1.389571501395857,8.284900104627013e-05,0.08197879791259766,True
3008,6705,0.04191431938014144,7.946299956529401e-05,0.08197879791259766,False
3009,5663,2.7023088282736216,8.293299833894707e-05,0.0820322036743164,True
3013,10,5.501110925437148,8.656399950268678e-05,0.08207035064697266,False
3014,6090,10.377218562603646,8.115899981930852e-05,0.08196353912353516,False
3017,6090,18.413402462328673,8.150999929057434e-05,0.0819864273071289,False
3020,2596,8.296942069036076,9.495799895375967e-05,0.08203983306884766,False
3025,5386,1.2324050865670977,9.587599924998358e-05,0.08196353912353516,True
3026,5440,2.997737192107611,9.940200106939301e-05,0.08202457427978516,True
3027,3765,11.175143866002985,8.14220002212096e-05,0.08202457427978516,False
3030,4223,4.874621815851742,8.464499842375517e-05,0.08199405670166016,True
3031,5386,1.2250386519437295,7.810399984009564e-05,0.0819406509399414,True
3033,2543,26.678349819093327,8.364799941773526e-05,0.08197879791259766,False
3036,6428,2.4764137732574616,7.963300231494941e-05,0.08197879791259766,True
3039,6383,3.7237259430862357,8.035000064410269e-05,0.08191776275634766,True
3041,900,1.1176525689263725,8.292100028484128e-05,0.0819406509399414,True
3043,6428,5.677068158077119,8.667599831824191e-05,0.08205509185791016,True
3046,6014,4.058542720110214,7.992200335138477e-05,0.08196353912353516,False
3047,5574,1.997052172105408,8.376299956580624e-05,0.0819864273071289,True
3050,2746,4.192497343580007,8.353900193469599e-05,0.08199405670166016,True
3051,3688,6.489545415762015,8.077299935393967e-05,0.08193302154541016,False
3055,5440,1.2381480419259645,8.218700168072246e-05,0.0819406509399414,True
3056,3765,10.249467259763621,8.092700227280147e-05,0.0820016860961914,False
3058,3213,0.34923917826956835,7.695299791521393e-05,0.08191776275634766,False
3059,7012,0.8244738589123222,7.81720009399578e-05,0.0819864273071289,False
3061,6216,11.637092492046351,8.252300176536664e-05,0.0820169448852539,False
3062,4223,5.382118956756863,8.015899948077276e-05,0.08196353912353516,True
3069,4313,3.3468266295272042,8.211800013668835e-05,0.0819406509399414,True
3071,1200,34.573393731087435,9.792099808692001e-05,0.08200931549072266,False
3073,7000,0.027983477114608052,7.77870009187609e-05,0.08193302154541016,False
3076,8417,5.538659325383833,8.448500011581928e-05,0.0820474624633789,False
3078,8175,7.404824746605417,8.498299939674325e-05,0.08207035064697266,False
3079,5567,9.242513658162768,8.821699884720147e-05,0.0820627212524414,True
3080,3260,0.007458743393080075,7.745900074951351e-05,0.0819559097290039,False
3082,5880,59.3252836777815,7.80949994805269e-05,0.08191776275634766,False
3083,2746,8.60479668663337,8.320800043293275e-05,0.08199405670166016,True
3085,5369,1.064036105006954,0.00011301899940008298,0.0820169448852539,True
3091,6096,5.907465420549395,8.167700070771389e-05,0.0819406509399414,False
3092,3441,11.545055865015744,0.00010759299766505137,0.0819864273071289,False
3094,5640,0.15917965505342138,7.797999933245592e-05,0.0819711685180664,True
3095,7971,11.860501008844258,8.271199840237387e-05,0.08203983306884766,True
3096,6428,1.90167493773219,7.703400115133263e-05,0.0819559097290039,True
3097,7972,9.969653614607667,8.083600187092088e-05,0.0820016860961914,True
3098,7972,10.277105227017769,8.046999937505461e-05,0.0820169448852539,True
3099,3260,0.22641345328992132,7.70049991842825e-05,0.08191776275634766,False
3100,1061,0.23129665944377029,8.000100206118077e-05,0.0819864273071289,True
3103,99,3.136317212494462,8.539899863535538e-05,0.08196353912353516,False
3106,3166,0.02325711229856133,7.801900210324675e-05,0.0819559097290039,False
3108,3570,5.019227853203668,7.917599941720255e-05,0.08196353912353516,False
3109,8007,9.039155580383815,8.332099969265983e-05,0.08200931549072266,True
3113,6634,6.40856725709106,8.210099986172281e-05,0.0819711685180664,False
3114,7012,0.52288794253021,8.138700286508538e-05,0.08194828033447266,False
3116,1071,0.15749885064389046,7.951099905767478e-05,0.08196353912353516,True
3120,4275,4.514958809545899,9.803700231714174e-05,0.0819864273071289,True
3122,4271,15.819304611531374,8.097899990389124e-05,0.0820016860961914,True
3123,8175,15.804249530216675,8.492899723933078e-05,0.0820627212524414,False
3124,4140,2.917482735966628,8.01030000729952e-05,0.08193302154541016,True
3126,8193,0.40298386064902514,7.857300079194829e-05,0.08197879791259766,False
3127,606,0.0,7.939200077089481e-05,0.0819406509399414,False
3128,4140,6.4933042055560675,7.758699939586222e-05,0.0819864273071289,True
3129,7972,8.965670704824507,8.039099702727981e-05,0.0820322036743164,True
3131,952,0.045317697866227996,7.738299973425455e-05,0.08197879791259766,True
3133,4140,4.760486844506862,7.827399895177223e-05,0.08194828033447266,True
3134,5440,4.428826761726875,8.543299918528646e-05,0.0819559097290039,True
3138,6256,14.670583776378795,9.526700159767643e-05,0.08200931549072266,False
3139,2522,8.095368563424039,9.07969988475088e-05,0.08200931549072266,False
3140,5560,1.1732725399701247,8.039800013648346e-05,0.08199405670166016,True
3141,892,6.21625077554373,8.01190035417676e-05,0.08196353912353516,True
3146,4271,15.978918264161175,8.229700324591249e-05,0.08200931549072266,True
3147,8226,0.07055249215147719,7.998900036909617e-05,0.08191776275634766,False
3149,844,1.4251070698836688,7.951000225148164e-05,0.08197879791259766,True
3150,6683,0.3995308419746645,8.169499778887257e-05,0.08197879791259766,False
3153,5438,0.22544667965932072,0.00010096900223288685,0.0819864273071289,True
3154,3678,11.208589296692596,8.129299749271013e-05,0.08196353912353516,False
3155,6112,4.5510091080492785,9.188999683829024e-05,0.08197879791259766,False
3156,8887,15.457757989177617,7.999100125744008e-05,0.08200931549072266,False
3157,1026,0.82247604015073,0.000105775998235913,0.0819711685180664,True
3158,5369,2.167256097107614,7.939900024211966e-05,0.0819559097290039,True
3161,5375,8.736490240531905,8.149800123646855e-05,0.0819864273071289,True
3163,6954,6.9979429248787675,8.064299981924705e-05,0.0819864273071289,False
3164,6334,3.9883569610511187,8.155199975590222e-05,0.0819406509399414,True
3166,1025,1.8641397466772784,9.798400060390122e-05,0.08196353912353516,True
3167,5567,4.577298492516767,8.804200115264393e-05,0.08211612701416016,True
3168,1061,0.8080192925668164,8.003899711184204e-05,0.08197879791259766,True
3169,6112,8.00708307683441,7.974400068633258e-05,0.0820016860961914,False
3172,3688,5.804399127478868,8.148800043272786e-05,0.08197879791259766,False
3173,7956,5.4323211491187005,8.225800047512166e-05,0.08196353912353516,True
3174,724,0.0,7.92540013208054e-05,0.08197879791259766,False
3176,8007,8.824257493840522,8.966199675342068e-05,0.08200931549072266,True
3177,4223,4.0466721490016075,8.032899859244935e-05,0.0819711685180664,True
3178,5574,1.9026387311072512,8.493700079270639e-05,0.0819711685180664,True
3180,3569,4.072510414014462,8.844200056046247e-05,0.0819406509399414,False
3181,93,3.383388726458874,7.89359983173199e-05,0.0819559097290039,True
3183,844,4.050167550916174,8.824299948173575e-05,0.08194828033447266,False
3184,4798,8.720222809966126,8.996199903776869e-05,0.0819711685180664,False
3185,5865,58.8382165151917,7.844399806344882e-05,0.0819253921508789,True
3186,844,5.990931838629404,8.751200221013278e-05,0.0819559097290039,False
3187,6428,5.281786494873857,7.958800051710568e-05,0.08196353912353516,False
3188,93,6.21302943383084,9.964999844669364e-05,0.0819559097290039,True
3189,93,6.978129097234161,7.903000005171634e-05,0.0819864273071289,True
3190,93,7.614554201833559,7.76960005168803e-05,0.0819406509399414,True
3195,5880,59.3252836777815,7.975800326676108e-05,0.08191776275634766,True
3196,5865,61.16215099034883,8.049700045376085e-05,0.0819253921508789,True
3197,844,2.198424222698991,0.0001027430007525254,0.08193302154541016,False
3199,93,3.117594468108839,8.097200043266639e-05,0.0819711685180664,True
3200,93,7.15390873663202,7.791499956510961e-05,0.0819711685180664,True
3201,844,3.613093942473765,8.898899977793917e-05,0.0819864273071289,False
3203,3652,22.802894671578205,8.470799730275758e-05,0.08205509185791016,False
3204,6428,4.408172829402916,7.906000246293843e-05,0.08199405670166016,False
3206,5621,5.159884542860693,7.831899711163715e-05,0.0819406509399414,False
3210,844,4.448657669897853,7.96409985923674e-05,0.0819864273071289,False
3212,93,6.876056179178016,0.00010245199882774614,0.0819406509399414,True
3219,93,5.814518295744236,7.954700049594976e-05,0.0819406509399414,True
3222,6428,3.132823158294908,7.746199844405055e-05,0.08197879791259766,False
3223,3539,4.9796582492293995,7.86400014476385e-05,0.08194828033447266,False
3227,5865,58.8382165151917,8.312900172313675e-05,0.0819253921508789,True
3232,93,5.903544597872767,7.907500184956007e-05,0.0819406509399414,True
3237,5865,58.8382165151917,8.479800089844503e-05,0.0819253921508789,True
3238,93,8.556365736682999,8.238300142693333e-05,0.0819406509399414,True
3240,93,11.134103600511809,7.776399797876365e-05,0.0819406509399414,True
3242,1509,4.1130015611710515,8.00420020823367e-05,0.0819864273071289,False
3244,4626,7.6950009488229165,9.767300070961937e-05,0.0819864273071289,False
3245,860,4.543706706802056,7.96309977886267e-05,0.08197879791259766,False
3246,1509,6.434912010977528,7.815899880370125e-05,0.0819711685180664,False
3247,1025,9.992419841028418,8.126900138449855e-05,0.08194828033447266,False
3249,5621,2.915851266648757,7.742199886706658e-05,0.0819253921508789,False
3251,844,2.715747194781494,7.77890018071048e-05,0.0819559097290039,False
3254,93,5.828777264471626,9.219999992637895e-05,0.0819559097290039,True
3255,8427,62.48458632497235,8.192499808501452e-05,0.0819864273071289,False
3256,3547,10.896271183198348,7.957300113048404e-05,0.08197879791259766,False
3258,4140,7.1773802533247135,8.240700117312372e-05,0.0819711685180664,False
3259,6428,2.7912181889500904,8.277400047518313e-05,0.0819864273071289,False
3264,93,7.2825894944789376,8.108299880404957e-05,0.0819864273071289,True
3268,5621,4.794314612683298,7.692900180700235e-05,0.0819253921508789,False
3273,860,3.60429567170254,8.090300252661109e-05,0.08194828033447266,False
3274,93,5.067175716182285,7.914600064395927e-05,0.08194828033447266,True
3278,6987,2.854301304310762,7.927000115159899e-05,0.0819559097290039,False
3279,93,4.671704755150212,8.310100020025857e-05,0.08196353912353516,True
3281,93,8.306915159491773,8.054499994614162e-05,0.0819559097290039,True
3282,844,0.5438840992641516,7.911400098237209e-05,0.08194828033447266,False
3283,844,5.488018076485809,0.00012197999967611395,0.0819253921508789,False
3284,5865,58.8382165151917,7.662299685762264e-05,0.0819253921508789,True
3286,99,2.620441579408309,7.787300273776054e-05,0.0819406509399414,True
3293,4639,4.603042634972046,7.750599979772232e-05,0.0819864273071289,False
3294,560,5.716863384053885,7.911300053820014e-05,0.08194828033447266,False
3297,986,7.41113092961511,7.970600199769251e-05,0.0819864273071289,False
3299,986,4.0009763856311915,8.014100239961408e-05,0.0819864273071289,False
3300,844,0.5171175069832695,7.722499867668375e-05,0.0819253921508789,False
3301,5386,7.652644598132107,7.653799912077375e-05,0.08196353912353516,False
3302,8691,1.2401562436295364,7.972199819050729e-05,0.08197879791259766,False
3304,606,0.0,7.688599725952372e-05,0.0819864273071289,False
3305,4626,4.811258877910551,7.561000165878795e-05,0.08193302154541016,False
3311,930,1.896518526407881,7.619799725944176e-05,0.08193302154541016,False
3312,3575,1.1815450120434823,8.18110020190943e-05,0.0820169448852539,True
3314,2522,4.334040413022996,8.551399878342636e-05,0.08205509185791016,True
3316,8329,0.0,8.01960013632197e-05,0.08193302154541016,True
3317,2522,3.320484480861289,8.744600199861452e-05,0.0820627212524414,True
3318,8290,2.383340036955692,9.643000157666393e-05,0.08199405670166016,True
3319,8421,5.2777777838349325,7.727300180704333e-05,0.0819406509399414,True
3320,8813,3.853947330757245,8.08020013209898e-05,0.08200931549072266,True
3321,2522,5.3976674483180815,8.424399857176468e-05,0.08203983306884766,True
3323,6134,7.057445640699192,9.100699753616937e-05,0.0821237564086914,True
3326,2956,0.0,7.843600178603083e-05,0.0819406509399414,True
3327,8329,0.0,7.92620012362022e-05,0.08193302154541016,True
3328,6634,4.064703660053702,8.334200174431317e-05,0.08199405670166016,True
3330,2522,5.92835778005659,8.511600026395172e-05,0.0820474624633789,True
3332,2956,0.0,8.107200119411573e-05,0.0819406509399414,True
3335,5865,39.2860879674716,8.751899804337882e-05,0.0819253921508789,False
3336,3570,3.2150192619078912,9.427400073036551e-05,0.08200931549072266,True
3337,1533,8.497404937854565,8.685299690114334e-05,0.0820779800415039,True
3345,8329,0.0,7.713900049566291e-05,0.08193302154541016,True
3346,8421,5.2777777838349325,7.739500142633915e-05,0.08193302154541016,True
3348,8329,21.196966802185514,7.927300248411484e-05,0.08194828033447266,True
3349,2956,0.0,7.93309991422575e-05,0.0819406509399414,True
3354,2522,6.136610052263342,0.00010024100265582092,0.08214664459228516,True
3357,2596,9.384779140087355,8.500599869876169e-05,0.08205509185791016,True
3358,5865,64.43497553634464,7.746000119368546e-05,0.0819253921508789,False
3359,1533,7.198474232226279,8.549499762011692e-05,0.0820627212524414,True
3360,6046,2.5070546263299156,8.106399764074013e-05,0.0820016860961914,True
3364,6599,7.903742985248262,8.876900028553791e-05,0.08211612701416016,True
3365,2522,3.7472379341384627,8.186899867723696e-05,0.08200931549072266,True
3368,2956,0.0,7.905699749244377e-05,0.08194828033447266,True
3369,6599,11.813268168863928,8.363699816982262e-05,0.08203983306884766,True
3371,2522,4.340399060773883,9.658400085754693e-05,0.08210086822509766,True
3372,8421,0.0,9.044800026458688e-05,0.0819406509399414,True
3373,2956,0.0,8.976599929155782e-05,0.08193302154541016,True
3374,2522,5.471608783118851,9.359800242236815e-05,0.08214664459228516,True
3376,606,0.0,7.686200115131214e-05,0.08194828033447266,False
3378,6134,7.733130474196196,0.00011835400073323399,0.0821237564086914,True
3379,6134,3.5011009962616244,9.064100231626071e-05,0.08213138580322266,True
3383,2652,9.304665170853127,9.054600013769232e-05,0.08214664459228516,True
3384,4172,10.968031132065288,8.321600034832954e-05,0.08197879791259766,False
3386,3575,2.669163504120217,0.00013071900320937857,0.0819711685180664,True
3387,3743,41.990545088389126,0.0001001109994831495,0.0822153091430664,True
3389,6634,3.7312858390006203,7.641499905730598e-05,0.0819406509399414,True
3390,2522,6.827583179488496,8.518699905835092e-05,0.08210086822509766,True
3392,8898,3.68434042748608,8.551799692213535e-05,0.08205509185791016,True
3393,1533,8.769338197591342,8.540300041204318e-05,0.08203983306884766,True
3396,8329,0.0,7.804299821145833e-05,0.08193302154541016,True
3397,2522,3.5464983330766495,8.51400000101421e-05,0.0820779800415039,True
3398,6634,3.51847366956575,8.275999789475463e-05,0.08197879791259766,True
3399,6634,3.4031222333473217,8.311300189234316e-05,0.08200931549072266,True
3401,6134,3.709779599663866,8.889300079317763e-05,0.08216190338134766,True
3403,2956,0.0,7.853300121496432e-05,0.08194828033447266,True
3404,3569,3.4334116652230136,8.209400039049797e-05,0.08197879791259766,True
3407,7886,9.978237135510863,8.736100062378682e-05,0.08202457427978516,True
3408,6134,7.525092921711984,8.761299977777526e-05,0.0821390151977539,True
3409,8290,3.1373969365601178,8.360100036952645e-05,0.08203983306884766,True
3414,3575,2.6791355514363517,8.282099952339195e-05,0.08197879791259766,True
3417,7164,10.695297154916778,8.220999734476209e-05,0.0820322036743164,True
3419,2956,0.0,9.936000060406514e-05,0.0819406509399414,True
3421,7164,8.65117553527477,8.510499901603907e-05,0.0820932388305664,True
3422,6039,9.658192263771259,8.842700117384084e-05,0.08208560943603516,True
3423,6634,2.5842895078305363,8.330299897352234e-05,0.08203983306884766,True
3425,6129,2.874580038370584,0.0001470219976908993,0.0821084976196289,True
3427,8898,4.491676114105264,8.736100062378682e-05,0.08207035064697266,True
3429,8898,4.420911397461344,8.41330002003815e-05,0.0820474624633789,True
3430,1533,8.387619241297743,8.379299833904952e-05,0.0820322036743164,True
3432,6134,5.8291500599175015,8.811699808575213e-05,0.0821390151977539,True
3433,2522,2.8441628975020046,0.00010875600128201768,0.08211612701416016,True
3434,6634,4.6892604825301625,8.01030000729952e-05,0.08199405670166016,True
3437,2522,12.12022030872946,9.821599815040827e-05,0.0821237564086914,True
3438,6134,4.362045587262986,8.834099935484119e-05,0.0821237564086914,True
3439,2522,4.990594190706761,8.90099981916137e-05,0.08210086822509766,True
3440,8392,5.279319745081602,8.746300227358006e-05,0.08193302154541016,True
3441,1533,5.166992859628054,8.178899952326901e-05,0.0820016860961914,True
3443,2522,4.442659179771707,8.640200030640699e-05,0.08211612701416016,True
3445,2956,0.0,8.318300024257042e-05,0.08194828033447266,True
3447,8275,4.811816879814555,8.967900066636503e-05,0.08208560943603516,True
3449,6634,2.8263125574838774,8.093500218819827e-05,0.0819864273071289,True
3456,4801,2.33116726741417,9.155199950328097e-05,0.08199405670166016,True
3457,6634,10.798103805188477,8.190899825422093e-05,0.0820169448852539,True
3459,8421,5.2777777838349325,7.835799988242798e-05,0.0819406509399414,True
3468,2003,5.1884928436766184,8.803500168141909e-05,0.0820169448852539,False
3470,4652,18.99041599627998,8.105400047497824e-05,0.0819559097290039,True
3471,7886,12.092184689566091,8.732700007385574e-05,0.08210086822509766,True
3473,8329,26.559287767900084,7.988099969225004e-05,0.0819559097290039,True
3475,6134,4.917704238536249,0.00010924100206466392,0.08217716217041016,True
3476,6634,5.278730239306177,8.31340003060177e-05,0.0819864273071289,True
3477,8421,5.279574367100938,8.220499876188114e-05,0.0819406509399414,True
3479,8898,3.4054872775667326,8.893199992598966e-05,0.0820779800415039,True
3481,2956,23.017695543453218,8.376400000997819e-05,0.0819559097290039,True
3482,4654,12.656121481468485,8.907299707061611e-05,0.08208560943603516,True
3487,2522,6.48322871795427,8.730400077183731e-05,0.0820627212524414,True
3488,3575,2.045418468058032,8.283200077130459e-05,0.08199405670166016,True
3492,6134,4.565590362358589,8.900100147002377e-05,0.0821542739868164,True
3496,1969,33.88460886117032,8.293000064441003e-05,0.08199405670166016,False
3497,2522,5.239038517124216,8.948899994720705e-05,0.0821237564086914,True
3501,2522,8.040047907003945,9.154200233751908e-05,0.0822000503540039,True
3503,8813,3.6859374753597685,8.261100083473139e-05,0.0820169448852539,True
3505,6134,6.045617296868387,8.885200077202171e-05,0.08214664459228516,True
3507,2522,5.481813898105095,9.004899766296148e-05,0.0821390151977539,True
3508,2956,0.0,9.36819997150451e-05,0.0819406509399414,True
3509,6096,3.389665222027273,0.00020208299974910915,0.0820016860961914,True
3510,2522,3.3369268244067327,9.19820013223216e-05,0.08217716217041016,True
3511,1533,12.934181103534577,8.63839995872695e-05,0.08208560943603516,True
3515,8898,4.1881848514939275,8.287699893116951e-05,0.08199405670166016,True
3516,4952,2.5186752160095254,8.070400144788437e-05,0.08199405670166016,True
3517,2522,7.075807677728071,9.068500003195368e-05,0.08214664459228516,True
3518,4952,1.2991093244607643,8.247599907917902e-05,0.08199405670166016,True
3520,6134,4.0229743644974105,8.854900079313666e-05,0.08213138580322266,True
3522,2003,16.100050612163884,8.126499960781075e-05,0.08200931549072266,False
3523,6009,2.2492454760302714,9.233599848812446e-05,0.08202457427978516,True
3524,6096,7.496336542794084,8.063899804255925e-05,0.08199405670166016,True
3525,2001,52.91688999289023,0.0002088049986923579,0.08196353912353516,False
3532,7300,15.159650839105256,8.682400221005082e-05,0.0820169448852539,False
3533,6134,6.482306042082022,8.989400157588534e-05,0.0821390151977539,True
3534,2522,2.345143320089887,9.246699846698903e-05,0.0821695327758789,True
3537,5999,1.6199276016869322,8.330800119438209e-05,0.08200931549072266,True
3538,4983,1.7151580809070712,8.486300066579133e-05,0.0820474624633789,True
3540,444,9.818591846007491,8.986199827631935e-05,0.08196353912353516,False
3542,2522,3.428080695068255,8.807199992588721e-05,0.08216190338134766,True
3546,2522,2.7845665973717866,0.00012962999971932732,0.08228397369384766,True
3548,8388,1.6730253655415814,8.403999891015701e-05,0.08203983306884766,True
3549,8813,2.296010254976526,8.164800237864256e-05,0.08199405670166016,True
3551,399,14.506508960304794,8.077299935393967e-05,0.0819711685180664,False
3554,6129,2.2609521989444303,8.706399967195466e-05,0.0821390151977539,True
3555,8447,5.7399577281336684,8.801800140645355e-05,0.08210086822509766,True
3559,1533,10.9427265504243,8.420100130024366e-05,0.08205509185791016,True
3561,444,16.187027163595808,8.067599992500618e-05,0.08199405670166016,False
3562,2852,14.321540048827014,8.262399933300912e-05,0.0819864273071289,True
3563,8898,5.363754457342746,8.279699977720156e-05,0.08202457427978516,True
3564,1533,11.999861744465708,9.659300121711567e-05,0.0820779800415039,True
3565,444,11.811186421613234,8.082999920588918e-05,0.0819711685180664,False
3566,444,11.839612074837943,8.576699838158675e-05,0.0819864273071289,False
3567,6129,2.327580986561145,8.669899762026034e-05,0.08211612701416016,True
3571,8329,0.0,7.70900005591102e-05,0.08193302154541016,True
3573,6634,4.096514621649676,8.684099884703755e-05,0.0821237564086914,True
3574,6129,1.4971574596043495,8.68500028445851e-05,0.0820627212524414,True
3576,7886,12.308935782335537,8.883400005288422e-05,0.0820932388305664,True
3577,6046,1.592461377700232,8.257500303443521e-05,0.08200931549072266,True
3581,8813,2.3517312858957906,8.278899986180477e-05,0.08202457427978516,True
3582,2920,8.549383225872884,9.825800225371495e-05,0.08205509185791016,True
3588,6096,3.8196896218246543,8.437900032731704e-05,0.0820627212524414,True
3589,2522,3.8615690980993507,8.834199979901314e-05,0.08210086822509766,True
3591,2921,16.214425870541458,8.506300218869e-05,0.0820016860961914,True
3592,2921,8.547816197029382,8.325099770445377e-05,0.0820169448852539,True
3595,8898,3.5951185897221603,9.117000081459992e-05,0.0820779800415039,True
3600,2522,4.447665309289078,0.00011659300071187317,0.08232975006103516,True
3601,2920,15.279085262429685,8.631899981992319e-05,0.0820169448852539,True
3604,6134,7.894846694328391,8.924599751480855e-05,0.08217716217041016,True
3609,2522,5.620408300927813,9.344600039185025e-05,0.08214664459228516,True
3611,2921,0.0,9.70820001384709e-05,0.08208560943603516,True
3612,2522,1.9998874794472228,8.870500096236356e-05,0.0821237564086914,True
3613,6052,12.300284711645098,8.417899880441837e-05,0.08207035064697266,True
3614,2522,6.510507943737717,9.728100121719763e-05,0.08229923248291016,True
3615,3038,13.395128973593286,8.301300113089383e-05,0.0820627212524414,False
3616,6634,2.7141040306749074,0.00010669699986465275,0.0821084976196289,True
3617,5663,5.688757164784864,9.187799878418446e-05,0.08214664459228516,False
3618,8813,2.8106981830643716,8.16510000731796e-05,0.0820322036743164,True
3619,2921,16.223024642193632,8.570799764129333e-05,0.08205509185791016,True
3620,1533,9.718229616675313,8.357700062333606e-05,0.08203983306884766,True
3623,1533,6.926228053730141,8.169800275936723e-05,0.08200931549072266,True
3625,6134,5.783301279064692,8.693800191394985e-05,0.08214664459228516,True
3626,6096,5.546582269132067,8.63940003910102e-05,0.08205509185791016,True
3627,6129,1.6692095885393232,0.00010758200005511753,0.0820474624633789,True
3631,7164,10.548828586055105,8.453899863525294e-05,0.0820169448852539,True
3634,2852,26.846810050868587,8.261399852926843e-05,0.0820016860961914,False
3636,472,21.084471581009772,8.268500096164644e-05,0.08199405670166016,True
3637,2852,14.919304896636355,7.972299863467924e-05,0.08194828033447266,False
3642,2852,19.861614327253523,8.051500117289834e-05,0.08197879791259766,False
3644,7889,11.627277865351807,7.787199865560979e-05,0.08194828033447266,False
3645,2949,23.146222033300443,8.233499829657376e-05,0.08200931549072266,False
3650,2852,19.884047224886118,8.345400055986829e-05,0.0820016860961914,False
3654,2852,19.770421888868416,8.324200098286383e-05,0.08199405670166016,False
3655,464,19.491927558398732,7.939699935377575e-05,0.0819559097290039,True
3656,7889,25.052918582085695,8.10349993116688e-05,0.08199405670166016,False
3657,2852,19.691638294991815,8.086000161711127e-05,0.08197879791259766,False
3658,7889,13.785834241110294,8.264200005214661e-05,0.08194828033447266,False
3659,2949,23.04539445556514,7.989599907887168e-05,0.08199405670166016,False
3662,386,23.61400573134104,8.255500142695382e-05,0.08200931549072266,True
3666,2852,11.2443862375462,9.15810014703311e-05,0.0819559097290039,False
3669,7618,21.298740673427766,7.964899850776419e-05,0.0819711685180664,True
3672,2852,13.840888496934358,7.904500307631679e-05,0.08196353912353516,False
3676,2852,21.38010073120611,8.155500108841807e-05,0.08197879791259766,False
3678,7889,26.456671855658463,8.160899960785173e-05,0.08199405670166016,False
3680,2852,12.417895636359399,7.898499825387262e-05,0.08194828033447266,False
3681,2852,15.000815684520793,9.742100155563094e-05,0.0819559097290039,False
3682,2852,21.421922567881392,7.995600026333705e-05,0.08197879791259766,False
3685,2852,22.43530757673135,8.144700041157193e-05,0.0819864273071289,False
3686,2852,18.86352463255981,8.199800140573643e-05,0.0819864273071289,False
3687,7889,25.29963407665056,8.120499842334539e-05,0.0819559097290039,False
3688,2852,15.2077028879929,7.927100159577094e-05,0.0819406509399414,False
3690,2852,15.341185774906544,8.122099825413898e-05,0.08196353912353516,False
3691,4517,18.741202065681186,8.075900041148998e-05,0.08197879791259766,True
3692,7889,20.137578170004854,8.327500108862296e-05,0.08194828033447266,False
3693,4517,24.57041516214982,8.191500091925263e-05,0.08196353912353516,True
3697,7889,21.936772841859916,8.143399827531539e-05,0.0819864273071289,False
3699,4517,24.38677227038786,8.814000102574937e-05,0.0819711685180664,True
3700,2949,22.30522578971965,8.126700049615465e-05,0.0819711685180664,False
3701,2968,17.247473592424786,8.960100240074098e-05,0.08196353912353516,False
3704,2949,18.69699340533182,9.04039989109151e-05,0.08199405670166016,False
3708,464,24.921771063281426,8.56830010889098e-05,0.08199405670166016,True
3710,7889,20.885668036165082,7.963199823279865e-05,0.08196353912353516,False
3713,8590,25.53700041918646,8.278800305561163e-05,0.08202457427978516,True
3714,4511,13.68667908413724,7.975100015755743e-05,0.08194828033447266,True
3715,2852,20.57092081796492,8.190299922716804e-05,0.0819864273071289,False
3718,4539,22.482025937593505,0.0001698970008874312,0.0819864273071289,True
3719,4517,22.7702307283227,8.058399907895364e-05,0.08196353912353516,True
3724,333,16.34988012053954,7.761999950162135e-05,0.0819253921508789,True
3725,325,14.510284820718523,8.422799874097109e-05,0.0819711685180664,True
3727,333,11.827309764973872,7.792799806338735e-05,0.08194828033447266,True
3730,316,20.091182419008426,9.583700011717156e-05,0.08197879791259766,True
3732,335,16.259671495743373,8.050799806369469e-05,0.08196353912353516,True
3733,444,18.979655113039158,0.00010038000255008228,0.08197879791259766,True
3736,385,21.710634862552304,8.451000030618161e-05,0.0819559097290039,True
3738,325,23.349695179088677,8.211800013668835e-05,0.0819711685180664,True
3739,335,20.794410828173895,8.974999946076423e-05,0.0819864273071289,True
3741,444,18.816666398879207,8.124399755615741e-05,0.0819559097290039,True
3743,399,14.765875887293753,8.237800284405239e-05,0.0819711685180664,True
3746,512,18.860338498497928,8.070699914242141e-05,0.08197879791259766,True
3747,377,25.68026275180091,8.711600094102323e-05,0.08197879791259766,True
3748,444,13.558442897159964,7.925899990368634e-05,0.08193302154541016,True
3749,333,23.036446482996364,8.221800089813769e-05,0.08196353912353516,True
3750,406,16.17225501271125,8.325700036948547e-05,0.08194828033447266,True
3751,444,23.447207004142214,0.00037096500091138296,0.0819864273071289,True
3752,444,23.158794849703746,8.238099690061063e-05,0.08199405670166016,True
3754,226,21.32488356459153,0.00019983400125056505,0.0820016860961914,True
3756,399,19.20689475727141,8.161799996742047e-05,0.08197879791259766,True
3757,444,20.54611029973081,7.889499829616398e-05,0.0819559097290039,True
3758,444,22.40506591483564,8.10450001154095e-05,0.08197879791259766,True
3761,482,20.77574148413989,8.102399806375615e-05,0.08199405670166016,True
3763,226,19.612252817540814,8.030700337258168e-05,0.0819559097290039,True
3765,325,26.031641333963343,8.250000246334821e-05,0.0819864273071289,True
3770,399,14.440717560571509,8.038600208237767e-05,0.08194828033447266,True
3772,399,19.80888875024966,7.963200187077746e-05,0.0819711685180664,True
3774,444,17.99632488566157,7.973799802130088e-05,0.08196353912353516,True
3775,408,15.404943755194529,8.008200165932067e-05,0.0819559097290039,True
3776,386,20.699734733720376,8.935200094128959e-05,0.0820016860961914,True
3777,399,25.185866883464882,8.352800068678334e-05,0.0819864273071289,True
3778,325,20.767913606326577,8.218000220949762e-05,0.08197879791259766,True
3779,512,19.29637615493757,7.86969976616092e-05,0.0819559097290039,True
3781,325,15.576418508275664,0.00010466300227562897,0.08196353912353516,True
3782,481,14.897569680279073,8.016599895199761e-05,0.0819711685180664,True
3783,385,15.924551581345316,8.704599895281717e-05,0.0819559097290039,True
3788,512,27.603652967220874,8.220399831770919e-05,0.08199405670166016,True
3789,444,23.269162809419036,7.967900091898628e-05,0.08197879791259766,True
3791,444,13.668663429767955,8.628199793747626e-05,0.0819406509399414,True
3792,440,21.101156280207764,8.550400161766447e-05,0.0820016860961914,True
3797,316,19.478980965872076,8.239399903686717e-05,0.08197879791259766,True
3799,399,14.341555811796082,8.85459994606208e-05,0.08196353912353516,True
3800,444,17.362322692933912,8.161900041159242e-05,0.0819559097290039,True
3801,427,16.41318565811103,0.00022857799922348931,0.0819559097290039,True
3804,472,19.334330581179024,8.327499745064415e-05,0.08196353912353516,True
3807,427,17.01652116575236,8.734900256968103e-05,0.08194828033447266,True
3808,2852,19.75447568620956,8.484299905830994e-05,0.08197879791259766,False
3810,2852,18.617717382470474,0.00010001400005421601,0.0820016860961914,False
3812,434,22.172738407053515,8.180300210369751e-05,0.0819711685180664,True
3813,471,20.566992711146742,8.072600030573085e-05,0.08197879791259766,True
3815,471,18.55396139339495,8.047099981922656e-05,0.0819711685180664,True
3816,386,21.933197003343928,8.091099880402908e-05,0.0819711685180664,True
3817,399,19.14894569281751,8.517000242136419e-05,0.0820016860961914,True
3818,2852,17.087730063707475,8.141099897329696e-05,0.0820016860961914,False
3820,2852,8.511059823283247,7.966300108819269e-05,0.0819559097290039,False
3821,7889,19.490256704493067,8.018899825401604e-05,0.08196353912353516,False
3822,2852,13.830563375659635,7.903200094006024e-05,0.0819711685180664,False
3828,464,19.522050596215248,8.042899935389869e-05,0.08197879791259766,True
3829,464,17.183923886824317,8.219099981943145e-05,0.0819864273071289,True
3830,386,20.589073400324875,8.280800102511421e-05,0.08197879791259766,True
3831,472,13.513358836617988,9.321300240117125e-05,0.0819711685180664,True
3832,2852,14.182152904403521,8.236099893110804e-05,0.0820016860961914,False
3834,8554,28.83295612106967,8.930699914344586e-05,0.08210086822509766,True
3840,7889,17.56119197610798,9.031000081449747e-05,0.0819711685180664,False
3841,2852,12.462199178630625,8.145600077114068e-05,0.08196353912353516,False
3843,464,15.382604108207628,8.774099842412397e-05,0.08194828033447266,True
3850,386,18.810322818266556,7.97789980424568e-05,0.08196353912353516,True
3851,2852,21.121137543805013,8.375499965040945e-05,0.0820169448852539,False
3852,2949,20.91186004374499,8.267299926956184e-05,0.08200931549072266,False
3853,2852,20.634786599646105,8.143699960783124e-05,0.08197879791259766,False
3857,472,17.63129764991107,8.247300138464198e-05,0.08197879791259766,True
3861,464,16.91072395110476,9.512299948255531e-05,0.08197879791259766,True
3862,7889,14.428420221906539,8.412799797952175e-05,0.0819559097290039,False
3863,7889,17.288096110840044,7.91810016380623e-05,0.0819406509399414,False
3866,2852,18.168635881825715,8.062900087679736e-05,0.08197879791259766,False
3867,2852,11.490288293165136,9.334599963040091e-05,0.0819559097290039,False
3868,7889,12.59678647964639,8.008299846551381e-05,0.0819559097290039,False
3870,7889,13.869897079795356,7.986100172274746e-05,0.08196353912353516,False
3874,2852,22.97150219722066,8.652600081404671e-05,0.0819864273071289,False
3875,8590,27.208447318653036,8.603000242146663e-05,0.08205509185791016,True
3876,2852,14.621695556452504,7.944699973450042e-05,0.0819711685180664,False
3877,2852,11.034075583902329,7.924899909994565e-05,0.0819711685180664,False
3881,4517,24.719405760124417,7.852899943827651e-05,0.08196353912353516,True
3882,2949,24.072859602335058,8.067799717537127e-05,0.08196353912353516,False
3883,2968,20.414817209955032,8.385399996768683e-05,0.08197879791259766,False
3884,7889,18.24785993102141,9.049199798027985e-05,0.0819406509399414,False
3887,2968,18.103246669002317,7.976699998835102e-05,0.08196353912353516,False
3891,7889,14.211701385583739,8.152100053848699e-05,0.08199405670166016,False
3893,2852,14.412652477979321,8.2737002230715e-05,0.08200931549072266,False
3894,2852,15.573198103024927,8.137000259011984e-05,0.08199405670166016,False
3896,444,22.873313928080115,8.918199819163419e-05,0.08197879791259766,True
3898,2852,16.729719037490685,8.128400077112019e-05,0.0819711685180664,False
3899,7889,18.260295615388777,0.00012060600056429394,0.0820169448852539,False
3900,386,16.93385297195045,9.65530016401317e-05,0.08197879791259766,True
3901,2852,18.59537193521588,8.395199984079227e-05,0.08202457427978516,False
3902,2852,18.11915579438746,8.051900294958614e-05,0.0819864273071289,False
3904,464,14.378325178500251,0.00010221399861620739,0.08196353912353516,True
3905,7889,14.137385809035692,9.03390027815476e-05,0.0819864273071289,False
3907,386,16.320423346372213,8.267900193459354e-05,0.08197879791259766,True
3913,7889,16.514123699774487,9.716400018078275e-05,0.0820169448852539,False
3919,2852,11.863218326583215,8.282899943878874e-05,0.0819711685180664,False
3921,444,17.224812022805278,9.611900168238208e-05,0.0819559097290039,True
3924,2852,12.812714171477834,8.472999979858287e-05,0.08200931549072266,False
3925,7889,14.850480837004662,8.136299948091619e-05,0.08200931549072266,False
3931,512,22.15523303626844,7.96450003690552e-05,0.0819711685180664,True
3933,325,23.016688509241725,8.563300070818514e-05,0.0820169448852539,True
3935,8417,31.180557659086944,0.00010664799992810003,0.0822000503540039,False
3936,2852,15.900583429110407,8.302599962917157e-05,0.08199405670166016,False
3938,7889,15.67266906296999,8.322600115207024e-05,0.08200931549072266,False
3940,2852,16.755116256095278,9.04829976207111e-05,0.08200931549072266,False
3941,2852,18.258232327498565,8.137699842336588e-05,0.08200931549072266,False
3942,472,16.45287151011385,7.836300210328773e-05,0.08194828033447266,True
3943,2852,9.40263469387062,7.97789980424568e-05,0.08194828033447266,False
3944,2852,18.43853767944632,8.034700294956565e-05,0.08197879791259766,False
3945,7889,17.7521964437463,8.269899990409613e-05,0.08202457427978516,False
3947,2852,17.986891630469497,8.457199874101207e-05,0.08202457427978516,False
3948,2852,13.590265498175006,8.698500096215867e-05,0.08197879791259766,False
3949,2852,13.466679350979872,8.169699867721647e-05,0.0819864273071289,False
3952,334,19.112876520270678,9.563200001139194e-05,0.0819864273071289,True
3953,385,14.069517414640533,9.558199963066727e-05,0.0819711685180664,True
3954,444,16.387968931685638,7.914000161690637e-05,0.08194828033447266,True
3956,333,19.30397206549375,8.29679993330501e-05,0.08197879791259766,True
3959,427,13.842320003793777,8.354300007340498e-05,0.08196353912353516,True
3963,464,17.93992406052937,8.257000081357546e-05,0.0819864273071289,True
3964,440,17.338268910223526,8.412000170210376e-05,0.08199405670166016,True
3965,464,16.099187284690725,8.151099973474629e-05,0.0819711685180664,True
3966,464,14.96379165787667,7.98660003056284e-05,0.0819864273071289,True
3969,427,11.099268852404956,8.349999916390516e-05,0.08194828033447266,True
3971,399,14.952355695855157,8.019300003070384e-05,0.0819406509399414,True
3972,423,19.564325713231767,7.927500337245874e-05,0.08196353912353516,True
3974,2852,15.09611592084883,8.242200055974536e-05,0.08202457427978516,False
3975,2852,15.673750121423394,8.143499871948734e-05,0.08199405670166016,False
3976,2852,16.186491501490732,9.077399954549037e-05,0.0819864273071289,False
3978,2852,15.345160672349866,8.264699863502756e-05,0.08196353912353516,False
3981,7889,13.88798621921648,8.356400212505832e-05,0.08196353912353516,False
3982,2852,14.867817958187684,7.983999967109412e-05,0.0819559097290039,False
3983,7889,13.473513699572996,8.076000085566193e-05,0.08193302154541016,False
3984,2968,11.960008782392887,8.4455001342576e-05,0.0819559097290039,False
3985,7889,17.069525767261283,7.973700121510774e-05,0.0819711685180664,False
3986,2852,11.770292206353927,8.147499829647131e-05,0.08199405670166016,False
3988,439,15.888895078168028,7.944399840198457e-05,0.0819711685180664,True
3989,399,15.357640379600543,7.95679989096243e-05,0.0819559097290039,True
3990,481,17.071201655510496,0.00011743000140995719,0.08194828033447266,True
3991,386,24.512656864568818,8.16489991848357e-05,0.0819711685180664,True
3997,325,15.274027391198207,9.77970012172591e-05,0.08197879791259766,True
3998,427,18.232438828907707,8.127900218823925e-05,0.0819711685180664,True
4004,8079,5.747153060768869,8.29759992484469e-05,0.08203983306884766,False
4005,3601,13.776183224446235,8.05749987193849e-05,0.0820169448852539,False
4006,3355,1.4662856310139603,7.896900206105784e-05,0.0819253921508789,False
4007,868,0.9512375336500761,8.969200280262157e-05,0.0819559097290039,False
4008,553,23.070692150960937,8.11930003692396e-05,0.0820474624633789,False
4009,6959,6.116390903672022,8.973299918579869e-05,0.08199405670166016,True
4019,7811,6.5112370262678105,8.318999971379526e-05,0.0820169448852539,False
4022,8651,3.3306455910122437,9.566600056132302e-05,0.08194828033447266,False
4023,6171,3.9373856645968144,8.090099800028838e-05,0.08196353912353516,True
4025,3298,4.875281804585748,7.846500011510216e-05,0.0819711685180664,False
4027,3451,4.219491713611549,7.930500214570202e-05,0.0819559097290039,False
4028,8651,0.8048740408175824,7.627299783052877e-05,0.0819406509399414,False
4029,1450,14.660553352222253,9.307700020144694e-05,0.08207035064697266,True
4030,5751,6.618343879365686,8.79340004757978e-05,0.0820016860961914,False
4031,671,13.64622566363827,7.976000051712617e-05,0.08197879791259766,False
4033,768,12.592694081306481,7.844799984013662e-05,0.08197879791259766,False
4034,6987,0.9561893460188424,0.00010004700015997514,0.0819253921508789,True
4037,2912,7.748809555646261,9.332300032838248e-05,0.0820627212524414,False
4039,1455,9.475631367890271,8.331400022143498e-05,0.08202457427978516,True
4040,868,0.925782985497222,7.656399975530803e-05,0.08193302154541016,False
4041,557,18.683280525706607,8.084799992502667e-05,0.0820016860961914,False
4042,1455,10.58430176438251,8.070799958659336e-05,0.08200931549072266,True
4046,7106,0.4638046881615155,7.871499838074669e-05,0.0819864273071289,True
4048,6250,1.1585831079034896,8.592899757786654e-05,0.08197879791259766,True
4049,99,16.83318688929844,7.783899854985066e-05,0.08196353912353516,False
4051,4097,6.864609085512984,9.271199814975262e-05,0.0819406509399414,False
4053,6954,12.167387005031697,8.854000043356791e-05,0.08197879791259766,True
4055,553,23.63630258678721,7.907400140538812e-05,0.08199405670166016,False
4056,6987,0.05830042019580167,8.747999891056679e-05,0.0819864273071289,True
4058,5515,9.241346481307916,9.965800200006925e-05,0.0819406509399414,False
4061,6940,0.3077343176141775,8.644500121590681e-05,0.0819711685180664,True
4063,3335,15.486355704464438,8.054999852902256e-05,0.0820016860961914,False
4064,3476,2.5240299314539407,7.731400182819925e-05,0.0819864273071289,False
4066,6365,6.005279970347282,9.163499998976476e-05,0.0819864273071289,False
4070,7004,10.37346110770973,7.97930006228853e-05,0.08200931549072266,True
4071,6202,17.17856500249385,8.115099990391172e-05,0.0820322036743164,True
4073,6471,1.8530383212991404,7.750399890937842e-05,0.0819559097290039,False
4075,6250,1.0377825090878638,8.994100062409416e-05,0.0819253921508789,True
4076,5040,11.64399884331857,8.144100138451904e-05,0.08202457427978516,False
4077,7116,3.492906711750152,7.918600022094324e-05,0.08197879791259766,True
4082,3402,8.595796772823524,7.967599958647043e-05,0.0819864273071289,False
4083,670,0.4378751800124392,7.6986998465145e-05,0.08197879791259766,False
4085,5797,12.729552309585424,7.8929999290267e-05,0.0819711685180664,False
4086,6814,20.939426991289096,9.236800178769045e-05,0.0819864273071289,False
4088,6180,6.158689914050054,7.990099766175263e-05,0.0819253921508789,True
4089,6987,0.05316888174553347,7.743399692117237e-05,0.08196353912353516,True
4091,860,3.6385568824940577,7.990300218807533e-05,0.08193302154541016,False
4095,5332,20.1756583853756,7.97909997345414e-05,0.08199405670166016,False
4097,4639,5.562027101058703,7.766400085529312e-05,0.08194828033447266,True
4102,6471,2.61393138951357,7.669000115129165e-05,0.0819559097290039,False
4103,7033,5.521185575308051,8.134599920595065e-05,0.0819711685180664,True
4104,7811,14.768291865243114,0.00011040000026696362,0.08202457427978516,False
4106,6944,8.681074868769041,0.00018522100072004832,0.08199405670166016,True
4108,3453,6.558104447150351,7.82570023147855e-05,0.08194828033447266,False
4109,8226,1.532749423151221,8.411499948124401e-05,0.08196353912353516,False
4113,3420,1.7413020750500974,8.311299825436436e-05,0.08196353912353516,False
4118,6940,0.25188420284828716,7.946700134198181e-05,0.08194828033447266,True
4120,7070,0.5765858728648792,8.725599764147773e-05,0.08197879791259766,True
4121,3209,10.443775302053645,0.0002335359968128614,0.0819711685180664,False
4126,1061,2.7802022674911946,8.798600174486637e-05,0.08194828033447266,False
4130,860,0.9217319942263291,7.705099778831936e-05,0.0819406509399414,False
4131,6940,0.7346188590788009,7.833100244170055e-05,0.08197879791259766,True
4133,7116,7.857264754852058,9.020900324685499e-05,0.0819711685180664,True
4135,670,0.908708114447968,7.674600055906922e-05,0.08196353912353516,False
4139,6383,2.1293779312288685,7.954800094012171e-05,0.08197879791259766,False
4140,8651,7.330128182002777,8.075900041148998e-05,0.08196353912353516,False
4144,4649,6.300064264023091,7.954600005177781e-05,0.0820016860961914,True
4146,986,4.547965444535723,7.755799742881209e-05,0.08193302154541016,False
4147,1455,4.072804457880987,7.829799869796261e-05,0.08194828033447266,True
4152,1443,1.4675709875635226,8.170000000973232e-05,0.0819559097290039,True
4155,1061,0.7205794959262729,7.616999937454239e-05,0.08194828033447266,False
4156,5865,2.491434900352347,8.060500113060698e-05,0.08193302154541016,False
4157,3426,7.810321861620932,8.204300320358016e-05,0.0819559097290039,False
4159,7033,0.28354593155387964,7.864399958634749e-05,0.08197879791259766,True
4162,6364,0.7822068834436238,8.905900176614523e-05,0.0819406509399414,False
4167,4639,4.209591303340883,7.671899948036298e-05,0.08193302154541016,True
4169,4639,4.678755129806433,7.853500210330822e-05,0.0819559097290039,True
4170,5640,5.700406296726913,9.16700009838678e-05,0.0819864273071289,False
4173,900,0.836655326386624,7.79370020609349e-05,0.08197879791259766,False
4174,8779,1.2460769614283755,9.386199963046238e-05,0.0819559097290039,False
4175,1455,2.5758120419964383,7.879799886723049e-05,0.0819559097290039,True
4179,854,0.4327976164889092,7.831900074961595e-05,0.08197879791259766,False
4180,868,1.2038590793412174,8.105300003080629e-05,0.0819711685180664,False
4182,1455,5.954577921321453,8.037099905777723e-05,0.08197879791259766,True
4183,7040,0.25290304401909197,7.654900036868639e-05,0.08193302154541016,True
4186,3404,1.7007297708549298,7.766199996694922e-05,0.08197879791259766,False
4187,8651,6.065241270533618,7.9162997280946e-05,0.0819253921508789,False
4193,3143,3.203671249276847,7.958400237839669e-05,0.0819864273071289,False
4194,868,1.3668659614221021,7.833899871911854e-05,0.08196353912353516,False
4195,6987,4.273063786490944,7.833099880372174e-05,0.08193302154541016,True
4198,868,1.2888516201412572,7.546699998783879e-05,0.08193302154541016,False
4200,4639,4.397408164758417,7.643500066478737e-05,0.0819559097290039,True
4201,6364,0.7888264471887692,7.773299876134843e-05,0.0819559097290039,False
4208,1448,1.091843953113437,8.288599929073825e-05,0.08196353912353516,True
4211,1455,11.817920258592094,7.966100019984879e-05,0.08193302154541016,True
4212,562,0.1047688694992127,8.702500053914264e-05,0.08197879791259766,False
4213,5640,1.2761743914530859,9.720299931359477e-05,0.0819864273071289,False
4215,8651,2.283051363039298,7.675099914195016e-05,0.08196353912353516,False
4216,8651,6.268102917995369,7.682800060138106e-05,0.08193302154541016,False
4217,3420,6.7143567757685805,8.106300083454698e-05,0.08196353912353516,False
4218,5744,6.777505430992292,8.055599755607545e-05,0.08203983306884766,False
4219,8009,6.751127136643613,8.184499893104658e-05,0.0819406509399414,False
4220,3143,2.5188693688625294,7.673700019950047e-05,0.0819253921508789,False
4221,5515,8.165930339092398,8.178799907909706e-05,0.08196353912353516,False
4229,6180,1.4855336738064455,7.868399916333146e-05,0.0819864273071289,True
4231,7033,1.0684070022093055,7.849699977668934e-05,0.08193302154541016,True
4232,6987,0.2968500035060055,8.316199819091707e-05,0.0819864273071289,True
4237,4718,0.9857865198366638,0.00010116799967363477,0.0819406509399414,True
4239,4810,1.8989842213286365,8.200600132113323e-05,0.08193302154541016,True
4240,2290,17.157353134540944,8.03989969426766e-05,0.08200931549072266,False
4241,925,2.6637171367495522,7.750900113023818e-05,0.08193302154541016,False
4242,8175,4.643009134058068,9.386299643665552e-05,0.08203983306884766,True
4243,1393,12.442854839464804,9.167100142803974e-05,0.0821237564086914,True
4244,3569,0.5961514686701339,8.164300015778281e-05,0.0819559097290039,True
4245,6096,2.9431735385632187,8.216199785238132e-05,0.0819864273071289,True
4246,3569,1.5452627236912717,7.857699893065728e-05,0.0819711685180664,True
4248,1393,13.523875450422338,8.063400309765711e-05,0.08202457427978516,True
4249,3677,12.909873537549503,9.707099889055826e-05,0.08203983306884766,True
4253,7895,11.501705837875923,8.537200119462796e-05,0.0820474624633789,True
4256,8869,2.377520420570151,7.956099943839945e-05,0.0819711685180664,True
4258,4983,0.713274477893951,7.874700168031268e-05,0.0819559097290039,True
4260,8305,9.431231685839801,9.999200119636953e-05,0.08200931549072266,True
4261,3511,4.083255018393406,8.369599891011603e-05,0.0819406509399414,True
4262,4778,2.8475008250923994,7.870100307627581e-05,0.0819253921508789,True
4266,4824,1.7983014542062332,7.87780008977279e-05,0.08194828033447266,True
4267,2396,10.717510925920006,9.607100219000131e-05,0.0821390151977539,False
4274,4801,1.0683647922624437,7.779899897286668e-05,0.0819711685180664,True
4275,3691,11.833281934289369,8.081100168055855e-05,0.0820474624633789,True
4276,1105,0.9583236036082721,8.096099918475375e-05,0.08193302154541016,True
4277,5640,2.3366612145706895,9.3684000603389e-05,0.08196353912353516,False
4278,1075,1.7045855040882145,7.72300008975435e-05,0.08197879791259766,False
4279,4994,0.7688265616545025,8.163899838109501e-05,0.0819711685180664,True
4282,8845,12.997543223998655,8.102300125756301e-05,0.08207035064697266,True
4288,4801,0.8544471712285509,7.830499816918746e-05,0.08197879791259766,True
4289,3570,0.7594919814669427,8.148300184984691e-05,0.08197879791259766,True
4290,4983,0.5577561263793197,8.659000013722107e-05,0.0820169448852539,True
4292,3745,0.1485787203427728,7.664299846510403e-05,0.08194828033447266,True
4293,8813,1.851836076682551,8.245700155384839e-05,0.08200931549072266,True
4295,6599,10.243536672215416,0.00011140599963255227,0.0820779800415039,True
4296,926,20.905242576817667,8.865400013746694e-05,0.08205509185791016,False
4298,6099,2.14979863891344,7.92520004324615e-05,0.08194828033447266,True
4299,8888,0.6941883118994693,9.066599886864424e-05,0.0819559097290039,True
4302,911,3.1021934577656793,7.947599806357175e-05,0.08197879791259766,False
4304,3691,6.073147576122089,7.990100129973143e-05,0.08199405670166016,True
4305,6096,19.526481535883892,8.32170007925015e-05,0.08207035064697266,True
4307,8876,1.5215681257418343,7.626200022059493e-05,0.0819253921508789,True
4309,3597,1.0116290845180687,7.709199780947529e-05,0.0819406509399414,True
4310,1168,26.10521192442824,0.00010218200259259902,0.0819711685180664,True
4313,3575,0.46001788940062927,8.001500100363046e-05,0.08196353912353516,True
4314,2533,1.4157596290989802,8.025600254768506e-05,0.08197879791259766,True
4317,5865,58.8382165151917,8.15679995866958e-05,0.0819253921508789,False
4319,8887,9.10653445403642,8.061400149017572e-05,0.0819711685180664,True
4320,6014,1.3138826578898994,7.85409974923823e-05,0.0819711685180664,True
4321,1168,64.28869609839252,7.713200102443807e-05,0.0819406509399414,True
4323,3745,0.5738643544969915,7.931800064397976e-05,0.0819864273071289,True
4325,4994,0.8547501982720359,7.876900053815916e-05,0.0819406509399414,True
4326,3575,0.7328928115961303,8.036900180741213e-05,0.0819864273071289,True
4330,5440,0.1691021655465654,7.802700201864354e-05,0.08193302154541016,False
4331,8175,10.899086497613213,0.0001044429991452489,0.08207035064697266,True
4337,2533,1.9844654592488091,7.991800157469697e-05,0.0819559097290039,True
4340,3569,0.5865923253694618,8.141899888869375e-05,0.0819864273071289,True
4341,6014,0.8334154266358211,8.232399704866111e-05,0.08196353912353516,True
4342,5374,1.4789256905590846,9.478799984208308e-05,0.0819864273071289,False
4344,8175,17.43675426923268,9.091999891097657e-05,0.08208560943603516,True
4345,6545,17.522998804295188,8.804699973552488e-05,0.0820779800415039,True
4347,2533,2.1954367588818897,8.059399988269433e-05,0.08199405670166016,True
4350,4801,1.7368927763732955,7.819800157449208e-05,0.0819253921508789,True
4353,3575,0.637491786437784,8.22750007500872e-05,0.0819864273071289,True
4355,3549,1.5193705873363474,8.875999992596917e-05,0.08194828033447266,True
4358,6090,17.582476551703145,8.188699939637445e-05,0.0820474624633789,True
4359,3575,1.1722367501991002,8.139200144796632e-05,0.0819864273071289,True
4363,6634,0.6063836545356486,8.25770002848003e-05,0.0819406509399414,True
4364,8876,0.3262392421206776,7.803200060152449e-05,0.08197879791259766,True
4366,4801,0.29600842430871016,8.035599967115559e-05,0.0819711685180664,True
4368,3570,0.5062214661829313,8.417299977736548e-05,0.08202457427978516,True
4369,7886,12.549227934588586,8.225900091929361e-05,0.0820169448852539,True
4371,4666,3.1008309219486043,8.08120021247305e-05,0.08196353912353516,True
4375,8876,1.0924825216807543,7.99410008767154e-05,0.08196353912353516,True
4376,4776,0.7055399961217346,9.50760004343465e-05,0.0819711685180664,True
4377,8876,0.2512222170281642,7.865199950174429e-05,0.0819559097290039,True
4380,1105,0.7893971882724274,8.00279995019082e-05,0.08194828033447266,True
4381,7886,18.5388133623951,8.861799869919196e-05,0.0821542739868164,True
4382,3575,0.35277000736466047,8.145700121531263e-05,0.0819864273071289,True
4383,3575,1.4943962556191264,7.834300049580634e-05,0.08193302154541016,True
4384,8175,9.492776809598832,7.975299740792252e-05,0.08199405670166016,True
4385,2415,13.250973018499785,8.70080002641771e-05,0.0821237564086914,False
4388,1393,5.198326346951042,7.883000216679648e-05,0.08202457427978516,True
4389,6014,2.151508185368298,8.151200017891824e-05,0.08194828033447266,True
4390,4941,1.2264765465521155,8.463999984087422e-05,0.0820322036743164,True
4391,3569,0.9754607392421427,7.98680011939723e-05,0.08197879791259766,True
4393,8193,0.5887776978608396,7.836499935365282e-05,0.08199405670166016,True
4394,3569,0.9205261962238999,8.416199852945283e-05,0.0820016860961914,True
4397,6634,1.2264786519694573,9.79269971139729e-05,0.0819406509399414,True
4398,3575,1.2456659453154026,8.134000017889775e-05,0.08197879791259766,True
4399,6096,2.8722926713339687,8.32170007925015e-05,0.0820474624633789,True
4400,3569,0.731550957085618,8.109299960779026e-05,0.08199405670166016,True
4402,6634,2.4167884274978553,8.19669985503424e-05,0.08200931549072266,True
4403,6096,3.6822992793548224,8.368300041183829e-05,0.08203983306884766,True
4404,6634,0.5742081997987508,9.203599984175526e-05,0.0820474624633789,True
4407,1243,8.817229088185211,8.003699986147694e-05,0.08194828033447266,True
4408,4694,17.58291641034187,0.0001804590028768871,0.08194828033447266,True
4409,4983,0.9257885603418232,7.782600005157292e-05,0.08196353912353516,True
4410,3545,1.5321827972383242,7.725999967078678e-05,0.08196353912353516,True
4411,3570,0.7222221688305409,8.078600149019621e-05,0.0819864273071289,True
4413,2415,11.06985019622201,9.284099724027328e-05,0.0821084976196289,False
4414,7181,20.646417672569328,8.553200314054266e-05,0.08213138580322266,True
4417,2653,5.74970122238335,9.794399738893844e-05,0.0822305679321289,True
4421,4991,2.635170136906729,8.041800174396485e-05,0.0819711685180664,True
4423,7880,18.805831142950492,8.585399700677954e-05,0.08207035064697266,True
4426,2533,3.063241553193921,8.353800149052404e-05,0.0820016860961914,True
4427,1243,7.318846036850164,9.290799789596349e-05,0.08199405670166016,True
4428,8887,2.2688521317006907,8.096799865597859e-05,0.0819711685180664,True
4429,1243,8.228333622591252,8.148100096150301e-05,0.0820016860961914,True
4430,3527,9.89899460079384,8.27490002848208e-05,0.0819864273071289,True
4432,8329,5.2777777838349325,7.73210012994241e-05,0.08193302154541016,True
4434,2956,0.0,7.698500121477991e-05,0.0819406509399414,True
4435,8813,3.4627162458052765,9.730300007504411e-05,0.08199405670166016,True
4436,7896,23.453690046578696,8.463700214633718e-05,0.08207035064697266,True
4438,2956,0.0,7.745399852865376e-05,0.08193302154541016,True
4439,4776,0.8046165594922056,8.163500024238601e-05,0.08199405670166016,True
4440,4776,1.454881437946826,8.412199895246886e-05,0.08199405670166016,True
4450,2415,23.924529787721692,9.140400288742967e-05,0.08217716217041016,False
4451,8417,14.26196977377451,8.959199840319343e-05,0.0821084976196289,True
4455,4801,1.4556027586447573,7.822800034773536e-05,0.0819253921508789,True
4458,7889,10.487689461492149,7.907300096121617e-05,0.08193302154541016,True
4459,7889,5.136595241239362,7.688400000915863e-05,0.08193302154541016,True
4461,1243,30.940952248298196,0.00011277399971731938,0.0822610855102539,True
4462,7578,54.40896728260448,8.692400297150016e-05,0.08210086822509766,False
4465,7889,5.136595241239362,7.681900024181232e-05,0.08193302154541016,True
4468,2787,41.53836697331714,8.665999848744832e-05,0.0819406509399414,True
4469,2786,43.29674242509704,7.928800187073648e-05,0.0819711685180664,True
4470,1324,28.938536337685075,0.00012000900096609257,0.0820322036743164,True
4472,7889,5.1380279906018576,8.999700003187172e-05,0.08193302154541016,True
4474,1168,30.961346243389226,8.402100138482638e-05,0.0820169448852539,True
4475,7147,40.957641423429244,7.788299990352243e-05,0.08194828033447266,True
4478,6644,40.07968283643877,8.015699859242886e-05,0.0820322036743164,True
4479,7889,5.136595241239362,7.794400153215975e-05,0.08193302154541016,True
4482,1324,39.6240138476911,8.232099935412407e-05,0.0820322036743164,True
4487,93,35.5567156208138,7.673600339330733e-05,0.0819253921508789,False
4488,8706,53.25869196163641,7.880700286477804e-05,0.0819711685180664,False
4490,2543,49.45919905117487,0.00012217200128361583,0.08225345611572266,True
4491,2543,53.52982294322344,9.538900121697225e-05,0.08228397369384766,True
4492,2852,9.479265546982408,7.958800051710568e-05,0.08194828033447266,True
4493,7889,26.046227925722285,7.907799954409711e-05,0.08194828033447266,True
4496,3601,18.938500049285217,9.067800056072883e-05,0.08194828033447266,True
4498,7889,5.136595241239362,0.0001048259982781019,0.08193302154541016,True
4505,7889,5.136849860705602,7.992600149009377e-05,0.0819406509399414,True
4506,7889,5.136849860705602,8.1488997238921e-05,0.0819406509399414,True
4507,7889,21.613953651013354,8.247000005212612e-05,0.08194828033447266,True
4511,2786,28.47674370350614,7.86339987826068e-05,0.08196353912353516,True
4512,3601,20.730536072554422,8.268599776783958e-05,0.08193302154541016,True
4513,7889,5.136849860705602,9.227000191458501e-05,0.0819406509399414,True
4516,7889,5.136849860705602,9.188799958792515e-05,0.0819406509399414,True
4517,6644,29.99115017695878,0.000101577999885194,0.08200931549072266,True
4518,1168,28.247587893506765,8.263299969257787e-05,0.08200931549072266,True
4520,1324,32.74347236708762,8.383699969272129e-05,0.0820322036743164,True
4521,7147,20.259292148572953,7.961400115163997e-05,0.0819864273071289,True
4522,7889,10.487689461492149,7.814499986125156e-05,0.08193302154541016,True
4524,7889,24.804984186239462,7.867599924793467e-05,0.08194828033447266,True
4525,2852,12.173220200109425,7.72339990362525e-05,0.08194828033447266,True
4528,5865,63.4322688137341,7.860999903641641e-05,0.0819253921508789,False
4530,8312,49.385661918984354,8.125400199787691e-05,0.0819864273071289,True
4534,2852,5.136849860705604,8.726799933356233e-05,0.0819406509399414,True
4535,6644,20.080057083078536,8.322000212501734e-05,0.0820016860961914,True
4537,7889,5.136595241239362,7.793199984007515e-05,0.08193302154541016,True
4540,1243,25.351480641026374,0.00010104000102728605,0.0823221206665039,True
4543,7799,33.50678255953611,8.631699893157929e-05,0.0820474624633789,False
4549,6961,46.40529461386075,7.767699935357086e-05,0.08194828033447266,False
4551,6644,35.94958248834325,9.031700028572232e-05,0.08202457427978516,True
4552,4991,31.728811603090158,8.041399996727705e-05,0.08197879791259766,True
4553,7799,31.19284343256064,8.467700172332115e-05,0.08203983306884766,False
4554,8590,49.50666848554023,8.861400056048296e-05,0.0820474624633789,False
4555,7889,49.385989994713924,7.987299977685325e-05,0.08194828033447266,True
4557,7889,5.136849860705602,9.915899863699451e-05,0.0819406509399414,True
4558,2852,5.136849860705604,7.771500168018974e-05,0.0819406509399414,True
4560,2786,32.25983151118809,9.456199768465012e-05,0.0819559097290039,True
4563,7889,5.136595241239362,8.03420007287059e-05,0.08193302154541016,True
4567,7889,30.883101644211294,7.832799747120589e-05,0.08193302154541016,True
4570,2786,27.172053645859418,7.82370007073041e-05,0.0819406509399414,True
4571,7889,5.136849860705602,7.655499939573929e-05,0.0819406509399414,True
4572,2852,5.136849860705603,7.834099960746244e-05,0.0819406509399414,True
4574,6644,16.718668024010803,8.125299791572616e-05,0.0819864273071289,True
4583,1168,34.46694967692419,8.556399916415103e-05,0.08199405670166016,True
4586,2672,61.53023490794277,0.000148284001625143,0.08234500885009766,True
4587,7147,55.322198462784385,7.718000051681884e-05,0.08194828033447266,True
4588,1243,41.481716335410816,7.96229978732299e-05,0.0819711685180664,True
4590,2272,30.187993563197313,8.40600005176384e-05,0.08207035064697266,False
4591,7767,60.35112740409661,8.455300121568143e-05,0.08203983306884766,False
4593,4694,26.948012762731945,9.168999895337038e-05,0.0819559097290039,True
4594,4745,18.56462459938982,8.075299774645828e-05,0.08197879791259766,True
4597,8298,0.0,7.627400191267952e-05,0.08191776275634766,True
4599,6540,3.918367287022618,7.655900117242709e-05,0.0819253921508789,True
4600,8912,42.298077998330676,8.677200094098225e-05,0.08197879791259766,True
4602,8298,0.0,7.576400093967095e-05,0.08191776275634766,True
4607,2500,35.81855910218203,0.0001028099977702368,0.08210086822509766,False
4611,4652,10.953356208812604,8.751399946049787e-05,0.08194828033447266,True
4612,7684,46.39220119287689,9.376399975735694e-05,0.08210086822509766,False
4616,6540,3.6228167952192427,0.00011383900346118025,0.0819253921508789,True
4617,4745,18.105658235135504,8.281899863504805e-05,0.0819711685180664,True
4620,1324,48.7943357801624,8.994499876280315e-05,0.08202457427978516,True
4622,6540,16.593827472156907,0.00024046200269367546,0.08193302154541016,True
4623,4669,35.1662693314807,8.030699973460287e-05,0.08196353912353516,True
4624,6540,38.91391598186041,7.796999852871522e-05,0.08193302154541016,True
4627,4652,8.032077777612553,7.847699816920795e-05,0.0819559097290039,True
4628,4786,19.84572935298925,8.150199937517755e-05,0.08197879791259766,True
4633,8298,11.282112605650816,8.159199933288619e-05,0.0819253921508789,True
4637,8298,0.0,7.662300049560145e-05,0.08191776275634766,True
4644,4778,44.29016605507219,7.806299981893972e-05,0.0819559097290039,True
4646,4652,8.140437889098049,7.915500100352801e-05,0.0819406509399414,True
4647,6540,7.729362547119464,7.719899804214947e-05,0.0819253921508789,True
4648,349,40.00940512086709,8.412100214627571e-05,0.08208560943603516,False
4653,6540,0.0,7.6682998042088e-05,0.08191776275634766,True
4655,8298,3.918367287022618,8.431700189248659e-05,0.0819253921508789,True
4658,6540,3.918367287022618,7.805800123605877e-05,0.0819253921508789,True
4661,2786,29.716939945356867,7.94769985077437e-05,0.0819711685180664,True
4664,8298,0.0,8.095300290733576e-05,0.08191776275634766,True
4667,6540,29.20663997100642,7.811099931132048e-05,0.0819253921508789,True
4669,6540,37.628468609284376,8.729599721846171e-05,0.0819406509399414,True
4670,8298,22.286668320786497,7.591200119350106e-05,0.0819253921508789,True
4671,1168,47.52834350834796,9.191299977828749e-05,0.08199405670166016,True
4673,1243,38.49455292212264,7.990199810592458e-05,0.08196353912353516,True
4675,8298,0.0,7.96369968156796e-05,0.08191776275634766,True
4678,6540,3.9600520013454426,7.827800072846003e-05,0.08193302154541016,True
4679,6540,3.918367287022618,7.612300032633357e-05,0.0819253921508789,True
4680,6540,3.918367287022618,8.642499960842542e-05,0.0819253921508789,True
4681,4652,7.345861509590934,9.928099825629033e-05,0.08194828033447266,True
4683,8298,0.0,8.906700168154202e-05,0.08191776275634766,True
4685,8298,35.3583255036739,7.729299977654591e-05,0.0819253921508789,True
4687,2786,36.92356594685391,7.975100015755743e-05,0.08196353912353516,True
4694,4669,28.330281849971204,8.248700032709166e-05,0.08197879791259766,True
4697,4666,28.373206629930188,0.00019354100004420616,0.08197879791259766,True
4698,8298,0.0,7.813300180714577e-05,0.08191776275634766,True
4700,6540,31.40334642326162,8.630800220998935e-05,0.0819253921508789,True
4701,6540,40.881323755795925,7.71670020185411e-05,0.08193302154541016,True
4702,349,48.07472969124905,8.397000055992976e-05,0.0820932388305664,False
4703,6644,38.96993916088409,8.114299998851493e-05,0.08197879791259766,True
4704,6540,3.918367287022618,7.998599903658032e-05,0.0819253921508789,True
4705,8298,3.9583333158827236,7.940500290715136e-05,0.0819253921508789,True
4706,8298,0.0,7.918199844425544e-05,0.08191776275634766,True
4707,6540,3.91880597879092,8.65440015331842e-05,0.08193302154541016,True
4709,2786,41.1346851134417,7.869999899412505e-05,0.08196353912353516,True
4714,6540,25.072999253482678,7.830200047465041e-05,0.0819253921508789,True
4716,6540,24.377303331950998,7.802599793649279e-05,0.0819406509399414,True
4717,2544,45.35933203597279,9.788600073079579e-05,0.08231449127197266,True
4718,7773,51.093480069020735,0.00010221800039289519,0.08199405670166016,False
4719,6540,59.86048435909863,7.685499804210849e-05,0.08193302154541016,True
4720,6540,45.34168828982844,7.732000085525215e-05,0.0819406509399414,True
4723,6545,53.727634257945056,9.642199802328832e-05,0.08205509185791016,True
4724,8298,0.0,7.648799874004908e-05,0.08191776275634766,True
4730,7206,29.415134530745455,8.356399848707952e-05,0.08203983306884766,False
4731,262,32.77580355268937,8.426899876212701e-05,0.08203983306884766,True
4733,238,28.946671031496702,0.000255394999840064,0.0820016860961914,True
4738,275,23.518723530449332,8.344500020029955e-05,0.0819864273071289,True
4739,262,28.64271143958431,8.197400165954605e-05,0.08196353912353516,True
4740,5525,29.838289763598887,8.735300070839003e-05,0.0820016860961914,False
4741,7869,28.45466577982297,8.084900036919862e-05,0.08199405670166016,True
4743,275,31.7706257988199,0.00011220400119782425,0.0820016860961914,True
4744,262,27.155947224919508,8.515800072927959e-05,0.08200931549072266,True
4745,5525,22.93686834377295,9.312799738836475e-05,0.08197879791259766,False
4746,262,27.838552074983237,8.071799675235525e-05,0.0819864273071289,True
4748,275,30.649775797869548,8.263999916380271e-05,0.0820016860961914,True
4749,262,27.678616556949038,8.910599717637524e-05,0.0820016860961914,True
4750,7869,30.943657508527515,8.212199827539735e-05,0.08197879791259766,True
4755,7869,26.09692523066056,9.483000030741096e-05,0.0820016860961914,True
4756,7206,28.957484998031813,8.212000102503225e-05,0.0820016860961914,False
4760,7219,28.24349997001888,8.18009975773748e-05,0.0820016860961914,False
4761,4459,28.67123784202661,9.244099783245474e-05,0.0820779800415039,True
4762,7206,20.91162213146154,8.181999874068424e-05,0.0820169448852539,False
4763,7869,28.32425943590472,8.194900146918371e-05,0.0819864273071289,True
4764,7868,29.307358054568862,8.615899787400849e-05,0.0820169448852539,True
4766,5525,27.372677734969194,9.46729996940121e-05,0.0819711685180664,False
4773,7219,27.9378447611985,8.471500041196123e-05,0.0820169448852539,False
4774,7206,27.23743686524335,8.186799823306501e-05,0.08197879791259766,False
4775,5525,26.712505118364167,9.003000013763085e-05,0.0819711685180664,False
4776,377,29.22070899024863,8.045700087677687e-05,0.0819559097290039,True
4777,4471,32.89539155827498,8.566199903725646e-05,0.08207035064697266,True
4779,7869,30.650491660556984,7.961200026329607e-05,0.08197879791259766,True
4781,7869,31.08309222766804,8.720299956621602e-05,0.08197879791259766,True
4789,7869,30.04658353878161,8.241600153269246e-05,0.0820016860961914,True
4790,7207,27.168583719369007,8.295900261146016e-05,0.08200931549072266,False
4791,3905,42.58205809909936,9.476499690208584e-05,0.0821695327758789,True
4792,4423,44.620446342402836,0.00010447300155647099,0.08207035064697266,True
4793,4464,28.23812360140526,8.701499973540194e-05,0.0820932388305664,True
4797,7207,25.819505425495535,8.085800072876737e-05,0.08194828033447266,False
4798,4459,33.423827841101584,9.14939992071595e-05,0.08211612701416016,True
4799,4459,20.4514752057481,8.953399810707197e-05,0.0820474624633789,True
4801,262,32.06218283279356,8.781799988355488e-05,0.08207035064697266,True
4804,4471,32.44292165496278,8.587899719714187e-05,0.08203983306884766,True
4805,7219,23.638192283692657,8.09539997135289e-05,0.0819864273071289,False
4807,2003,46.19172982342466,8.556099783163518e-05,0.0820474624633789,True
4812,330,23.53168742835133,7.879300028434955e-05,0.0819559097290039,True
4813,7869,24.764365773287295,8.2050002674805e-05,0.0819711685180664,True
4814,8329,24.027321268305982,8.249199890997261e-05,0.0820322036743164,False
4818,439,27.81340232597282,8.064500070759095e-05,0.0819864273071289,True
4820,399,30.4317713216481,8.120399797917344e-05,0.0819711685180664,True
4822,5477,26.347583376651116,0.00010099800056195818,0.0819711685180664,False
4826,377,24.412921317852273,7.873399954405613e-05,0.08196353912353516,True
4828,330,30.91155978275221,8.076499943854287e-05,0.08197879791259766,True
4829,226,25.328246462566387,8.120900020003319e-05,0.08199405670166016,True
4836,377,27.03749468159154,7.983000250533223e-05,0.0819711685180664,True
4837,5525,25.101159991002522,9.187599789584056e-05,0.0819559097290039,False
4838,377,26.17760831802073,8.048500239965506e-05,0.08196353912353516,True
4840,439,27.028809171756638,9.742700058268383e-05,0.08197879791259766,True
4841,353,27.188024873879474,9.331699766335078e-05,0.08196353912353516,True
4842,5525,23.605691956398445,8.405099652009085e-05,0.08196353912353516,False
4843,5525,24.118793322076808,8.870000237948261e-05,0.08200931549072266,False
4844,5525,22.831254224137616,8.044000060181133e-05,0.0819559097290039,False
4848,5525,23.682263585319475,8.061699918471277e-05,0.08197879791259766,False
4852,330,26.03164175216945,8.069599789450876e-05,0.0819711685180664,True
4857,5525,22.65386541139983,8.198299838113599e-05,0.08197879791259766,False
4858,5525,26.76325284720901,9.725999916554429e-05,0.0820016860961914,False
4859,5525,20.939326939408094,9.024400060297921e-05,0.0819711685180664,False
4860,439,23.166144947243623,8.907899973564781e-05,0.0819711685180664,True
4862,5525,12.820685425249943,7.907200051704422e-05,0.08193302154541016,False
4864,377,25.218208325438678,8.138599878293462e-05,0.0819406509399414,True
4865,226,26.39667106730117,8.15839994174894e-05,0.08197879791259766,True
4868,5500,25.905099793668498,8.191599772544578e-05,0.0819711685180664,False
4869,330,24.467620384500105,8.05790004960727e-05,0.08197879791259766,True
4872,377,21.22119019961223,9.268499707104638e-05,0.0819406509399414,True
4875,226,22.78935517779618,8.06359967100434e-05,0.08197879791259766,True
4876,377,21.186337153876764,7.916500180726871e-05,0.0819711685180664,True
4877,439,26.495455590300896,7.937999907881021e-05,0.08196353912353516,True
4878,5525,22.988321391466123,7.795800047460943e-05,0.08194828033447266,False
4880,377,20.277322265990918,7.731200093985535e-05,0.08194828033447266,True
4881,353,23.987517278614337,7.952500163810328e-05,0.08196353912353516,True
4883,377,24.242797282888837,8.779100244282745e-05,0.08196353912353516,True
4887,439,24.997068339568195,8.304899893119e-05,0.08197879791259766,True
4890,330,17.59726988745765,7.972699677338824e-05,0.0819559097290039,True
4891,325,19.005275666953963,7.890699998824857e-05,0.0819406509399414,True
4892,349,22.65747433767527,0.00010679999832063913,0.0819711685180664,True
4893,325,13.547689780371421,9.155099905910902e-05,0.08194828033447266,True
4894,444,29.420971878440568,7.749499854980968e-05,0.0819406509399414,True
4895,333,20.21205270128222,8.037999941734597e-05,0.08194828033447266,True
4896,5695,29.59978738405765,8.034599886741489e-05,0.08197879791259766,False
4897,333,9.596645952898768,7.939499846543185e-05,0.0819253921508789,True
4900,440,22.847083930747132,8.15780003904365e-05,0.08199405670166016,True
4901,226,19.207194977745385,8.280000110971741e-05,0.0820016860961914,True
4904,330,19.768547173245885,0.00019133999740006402,0.0819864273071289,True
4905,262,23.363492924363754,8.463300036964938e-05,0.0820322036743164,True
4906,316,13.312466070862492,7.941299918456934e-05,0.08194828033447266,True
4907,385,21.20732988119367,7.949599967105314e-05,0.08194828033447266,True
4908,444,23.183727518571455,8.046999937505461e-05,0.08193302154541016,True
4909,333,12.043434259552434,7.856999945943244e-05,0.0819253921508789,True
4910,333,18.151296901727765,7.923099838080816e-05,0.08193302154541016,True
4911,444,16.61347312269638,7.699199704802595e-05,0.0819559097290039,True
4913,427,11.461421010313575,7.847899905755185e-05,0.0819559097290039,True
4914,333,18.821043204054956,7.900100172264501e-05,0.08194828033447266,True
4917,333,18.213709200584844,7.995800115168095e-05,0.08196353912353516,True
4918,444,19.637466790729302,7.832700066501275e-05,0.08194828033447266,True
4919,467,22.323730529484187,8.186600098269992e-05,0.0819559097290039,True
4920,316,17.595235652807105,8.129400157486089e-05,0.08194828033447266,True
4924,440,22.7902694938445,8.324400187120773e-05,0.08199405670166016,True
4925,226,21.187225498206814,7.941300282254815e-05,0.08196353912353516,True
4933,512,22.9522523204364,9.896800111164339e-05,0.0819711685180664,True
4934,353,21.61277671102822,9.060800221050158e-05,0.0819711685180664,True
4935,423,33.3071887172538,0.00012253100067027844,0.08194828033447266,True
4937,385,19.42374301704286,8.688500020070933e-05,0.0819406509399414,True
4940,325,14.241993568305157,7.969999933266081e-05,0.08194828033447266,True
4943,353,21.8880327004064,9.349999891128391e-05,0.0819559097290039,True
4946,335,18.19522768910054,8.361299842363223e-05,0.08196353912353516,True
4949,427,16.746736050458054,8.957699901657179e-05,0.08194828033447266,True
4950,316,28.736025574568465,8.185299884644337e-05,0.0819711685180664,True
4951,325,19.900670660473597,8.030499884625897e-05,0.08196353912353516,True
4952,399,23.515345295468276,8.003300172276795e-05,0.0819711685180664,True
4954,399,22.864257408521887,8.31380020827055e-05,0.08199405670166016,True
4955,5525,27.356153408076068,9.658999988459982e-05,0.0819711685180664,False
4957,333,10.420869848221953,7.771899981889874e-05,0.0819253921508789,True
4963,325,14.852307213924469,7.826799992471933e-05,0.08196353912353516,True
4964,325,18.621789176207717,7.984499825397506e-05,0.08193302154541016,True
4965,316,23.60676254344435,8.207900100387633e-05,0.08197879791259766,True
4968,385,20.73929956755297,9.272800161852501e-05,0.08194828033447266,True
4969,427,20.331138718672367,9.332300032838248e-05,0.0819711685180664,True
4970,385,19.19014552589129,7.973199899424799e-05,0.0819559097290039,True
4971,377,22.136480635933786,7.9878001997713e-05,0.0819711685180664,True
4972,385,18.4969595841798,0.00012062799942214042,0.08194828033447266,True
4974,353,22.732012171206296,8.08709992270451e-05,0.08196353912353516,True
4979,330,22.144899124871635,8.287799937534146e-05,0.0819864273071289,True
4980,330,21.42768253359529,8.709400208317675e-05,0.08197879791259766,True
4984,330,22.35295938017703,8.261299808509648e-05,0.0819559097290039,True
4986,330,24.305545304990012,7.868199827498756e-05,0.08196353912353516,True
4987,377,30.445231093831268,8.240799797931686e-05,0.0820016860961914,True
4988,444,27.94078319158598,7.690600250498392e-05,0.08193302154541016,True
4989,399,22.09896626241408,7.935799658298492e-05,0.08193302154541016,True
4990,325,22.283148660592122,7.867999738664366e-05,0.0819406509399414,True
4991,330,21.593255804054362,9.218800187227316e-05,0.08197879791259766,True
4992,439,22.613973181833217,8.279800022137351e-05,0.08197879791259766,True
4993,439,25.108011911094064,8.211200110963546e-05,0.08199405670166016,True
4995,325,18.958496822023232,7.956300032674335e-05,0.0819559097290039,True
4996,335,21.613177308049913,7.81599992478732e-05,0.0819559097290039,True
4997,349,22.263763938371238,8.881599933374673e-05,0.08197879791259766,True
4999,353,21.38001484131078,7.969099897309206e-05,0.0819559097290039,True
5000,226,24.943999188361165,8.922999768401496e-05,0.08199405670166016,True
5001,377,22.148010955516174,9.47619992075488e-05,0.08194828033447266,True
5002,377,23.78446727376405,7.886800085543655e-05,0.08196353912353516,True
5004,349,24.719323001978825,8.01719979790505e-05,0.08194828033447266,True
5006,353,18.824413497377517,7.72439998399932e-05,0.08193302154541016,True
5008,330,24.05391677879268,8.941199848777615e-05,0.0819711685180664,True
5010,330,19.948347237825466,8.015200000954792e-05,0.0819711685180664,True
5013,330,24.68165761178201,8.113500007311814e-05,0.08197879791259766,True
5020,325,20.630314508148164,7.884599835961126e-05,0.08196353912353516,True
5021,7206,32.209682243278756,8.289000106742606e-05,0.08202457427978516,False
5022,5695,27.191921885960188,8.150199937517755e-05,0.08196353912353516,False
5023,444,21.824949723976985,8.647600043332204e-05,0.08193302154541016,True
5025,316,30.74168074607736,8.057400191319175e-05,0.0819559097290039,True
5028,952,0.2111771221508219,7.955499677336775e-05,0.0819559097290039,True
5030,5386,1.7470092987345702,8.068299939623103e-05,0.0819864273071289,True
5032,5567,2.400673249526633,9.144700015895069e-05,0.08197879791259766,True
5033,7070,4.74390427985653,7.822699990356341e-05,0.0819711685180664,False
5035,958,0.18864127380507964,8.309699842357077e-05,0.0819559097290039,True
5037,5567,1.693826218014207,8.867799988365732e-05,0.08199405670166016,True
5046,4140,3.491033189508646,7.706900214543566e-05,0.08194828033447266,True
5048,8051,9.88841642931705,8.016100036911666e-05,0.08197879791259766,True
5050,8051,8.44997580331888,8.748899927013554e-05,0.08199405670166016,True
5051,5574,1.9686716244215405,7.834399730199948e-05,0.0819864273071289,True
5052,4140,3.343394753238911,7.699200068600476e-05,0.08196353912353516,True
5054,991,0.06616459798853115,7.954899774631485e-05,0.08197879791259766,True
5055,5574,3.344222183117718,7.918899791548029e-05,0.08197879791259766,True
5056,5663,3.517696619995395,8.138399789459072e-05,0.08197879791259766,True
5058,5663,4.177671177267408,8.835500193526968e-05,0.08199405670166016,True
5059,5369,1.6648772494947024,7.831900074961595e-05,0.0819711685180664,True
5061,2746,1.8136713950207128,7.841299884603359e-05,0.0819711685180664,True
5064,6383,4.4699509915608395,7.634699795744382e-05,0.08193302154541016,True
5065,7000,0.21891097398008438,8.936099766287953e-05,0.08196353912353516,False
5067,4275,4.627159926330841,7.875699884607457e-05,0.08196353912353516,True
5068,6383,0.8888515944379093,9.161100024357438e-05,0.0819711685180664,True
5069,6383,4.6702557061857926,7.80949994805269e-05,0.0819559097290039,True
5070,4224,4.253462310964424,8.974800221039914e-05,0.08193302154541016,True
5071,5567,4.106823781986513,9.067599967238493e-05,0.08197879791259766,True
5072,5574,0.6345467202190109,7.915799869806506e-05,0.08197879791259766,True
5075,5386,0.5529301403884282,8.063600034802221e-05,0.0819864273071289,True
5076,900,0.8312915608794557,7.852199996705167e-05,0.0819864273071289,True
5080,5663,3.382631341258469,8.534999869880266e-05,0.0820016860961914,True
5081,5663,2.998868965487213,7.932000153232366e-05,0.0819864273071289,True
5083,7012,0.8384207231032613,7.761600136291236e-05,0.08194828033447266,False
5084,4140,6.96899661021432,7.6986998465145e-05,0.08194828033447266,True
5085,5440,5.489003472962572,8.565300231566653e-05,0.0819559097290039,True
5086,4140,5.8584129331127075,8.870699821272865e-05,0.08196353912353516,True
5089,8290,8.072796708712001,8.565299867768772e-05,0.0820169448852539,False
5090,4140,6.749089089556365,7.736699990346096e-05,0.08194828033447266,True
5091,5374,2.5406708665640414,8.965999950305559e-05,0.08197879791259766,True
5092,5440,2.3504691574783116,9.709900041343644e-05,0.08194828033447266,True
5101,4223,5.2833840370330885,0.00011378999988664873,0.08193302154541016,True
5102,4140,6.324135847400288,9.799600229598582e-05,0.08196353912353516,True
5103,2746,2.9492129289658737,8.299100227304734e-05,0.0819559097290039,True
5104,5374,2.513317370322903,7.812800322426483e-05,0.0819864273071289,True
5107,2746,4.404230307721545,7.635900328750722e-05,0.08194828033447266,True
5108,5546,2.3590326632653724,7.678299880353734e-05,0.08194828033447266,True
5109,4275,2.961435359085364,8.229699960793369e-05,0.08197879791259766,True
5110,5440,4.154871461953396,8.216700007324107e-05,0.0820322036743164,True
5112,2746,6.8032308513478785,7.957799971336499e-05,0.0819559097290039,True
5114,6383,2.602490460861398,7.712200022069737e-05,0.08193302154541016,True
5116,6400,6.704423112887641,7.964800170157105e-05,0.0819559097290039,True
5118,5663,1.8247230161779322,7.998000000952743e-05,0.0820016860961914,True
5119,860,3.5288035847727586,0.00016049099940573797,0.08193302154541016,True
5124,3521,0.4712270909298307,7.912299770396203e-05,0.0819253921508789,False
5129,6383,1.8718710492751245,7.684999945922755e-05,0.08193302154541016,True
5132,5567,5.0810536768639984,7.946999903651886e-05,0.08199405670166016,True
5139,4140,4.696728070254805,8.279899702756666e-05,0.0820169448852539,True
5140,5663,1.4280481721773222,8.273800267488696e-05,0.08200931549072266,True
5142,5374,2.091995887040916,9.451100049773231e-05,0.0819864273071289,True
5144,5440,3.8660723820077827,8.370000068680383e-05,0.0820322036743164,True
5145,5440,9.272775954759764,7.86320015322417e-05,0.08194828033447266,True
5147,4140,5.280259411381998,0.0001085579970094841,0.0819559097290039,True
5148,900,1.9868400949322251,7.774099867674522e-05,0.0819864273071289,True
5149,3511,5.460571272494647,9.860300269792788e-05,0.08193302154541016,False
5151,5671,1.3823329229987762,8.166000043274835e-05,0.0819864273071289,True
5154,5663,3.5743037739282557,7.989299774635583e-05,0.08199405670166016,True
5155,8032,11.478750263930733,7.896600072854199e-05,0.0819864273071289,True
5157,5386,2.6037017316226403,7.881900091888383e-05,0.08197879791259766,True
5158,1503,6.416389739814249,7.936099791550077e-05,0.0819711685180664,False
5161,4224,3.8782016378559385,8.00199995865114e-05,0.08193302154541016,True
5162,4223,3.5404503495878545,8.186899867723696e-05,0.0819253921508789,True
5164,5440,2.5380813259732666,7.98639994172845e-05,0.08194828033447266,True
5165,2746,11.389365643578495,7.840199759812094e-05,0.0820016860961914,True
5166,6383,3.19224782178191,7.64600008551497e-05,0.08194828033447266,True
5167,2746,10.894327181730628,8.873399929143488e-05,0.0819864273071289,True
5168,958,6.185723585298605,7.789200026309118e-05,0.0819559097290039,True
5171,4140,3.211133991100822,7.820500104571693e-05,0.0819559097290039,True
5173,7964,6.730480932464577,8.016599895199761e-05,0.0820016860961914,True
5174,958,1.163763127282676,7.70719998399727e-05,0.08194828033447266,True
5178,2746,6.633060157979643,8.097099998849444e-05,0.08196353912353516,True
5182,8051,6.6954794308400185,8.236999929067679e-05,0.08199405670166016,True
5183,2746,5.143609404197557,7.920999996713363e-05,0.08196353912353516,True
5184,909,3.550191388153,7.806999929016456e-05,0.08197879791259766,True
5186,5440,1.8296570364495859,8.610300210420974e-05,0.08196353912353516,True
5187,6383,2.42292467547633,7.834600182832219e-05,0.08193302154541016,True
5190,5440,2.72899139346594,9.178999971481971e-05,0.0820322036743164,True
5191,2746,6.19454782283923,8.95709999895189e-05,0.08196353912353516,True
5194,1533,12.691716501959023,8.125100066536106e-05,0.0820169448852539,False
5195,3539,1.7647458092547337,8.753799920668826e-05,0.0819864273071289,False
5196,5663,3.1016170464710417,9.489199874224141e-05,0.08199405670166016,True
5197,958,0.220308735886482,0.00017342999854008667,0.08196353912353516,True
5198,6428,1.1627153778947283,8.488799721817486e-05,0.0819864273071289,True
5199,3390,5.125620244702243,8.567999975639395e-05,0.0820322036743164,False
5200,5663,2.8819258830876007,9.521700121695176e-05,0.0819711685180664,True
5202,6732,0.45571906427013914,7.977399945957586e-05,0.08197879791259766,False
5205,6240,9.218686368194101,7.977000132086687e-05,0.0819559097290039,False
5206,6383,5.815743489720809,7.781499880366027e-05,0.0819559097290039,True
5208,2746,4.715892495414099,8.243599950219505e-05,0.08194828033447266,True
5209,5386,0.7889516752701353,7.900800119386986e-05,0.0819864273071289,True
5211,8226,0.19146013846791868,7.838599776732735e-05,0.08197879791259766,False
5213,5369,2.927673491777002,7.825599823263474e-05,0.0819406509399414,True
5215,6697,0.8121555198948283,7.766299677314237e-05,0.0819864273071289,False
5217,5663,4.5567494412715215,9.28919980651699e-05,0.0819864273071289,True
5219,3527,3.9897746359399724,7.778200233587995e-05,0.0819864273071289,False
5220,5574,2.2584239111726854,7.781399835948832e-05,0.08197879791259766,True
5221,5440,3.824530513198469,9.106799916480668e-05,0.0820169448852539,True
5222,5567,2.6632457708485267,7.877200187067501e-05,0.08197879791259766,True
5223,4223,5.3472094428802,7.858400203986093e-05,0.08194828033447266,True
5225,5440,4.186689597396713,8.450600216747262e-05,0.0820322036743164,True
5227,1048,0.1916933481863972,7.865399675210938e-05,0.0819864273071289,True
5228,2746,3.534731460893847,8.105499728117138e-05,0.0819559097290039,True
5229,5574,3.9541694438625394,7.661299969186075e-05,0.08196353912353516,True
5230,6428,3.385806691222399,7.765800182824023e-05,0.08199405670166016,True
5231,8338,5.572615573459383,9.540799874230288e-05,0.08211612701416016,True
5236,6134,8.504454795238196,8.646199785289355e-05,0.0821084976196289,True
5237,2272,13.690240777943762,8.895199789549224e-05,0.0821695327758789,False
5239,159,9.44043802018983,7.973500032676384e-05,0.08196353912353516,True
5243,3390,3.906910992430987,8.040100146899931e-05,0.0819711685180664,True
5245,3420,5.995357492732083,7.73799984017387e-05,0.0819711685180664,True
5246,6400,7.672034106925284,7.955000182846561e-05,0.0819711685180664,False
5247,159,8.529916665851802,9.317899821326137e-05,0.0819864273071289,True
5250,3426,5.079600854614922,8.243200136348605e-05,0.08196353912353516,True
5251,6400,4.148089126696971,7.942499723867513e-05,0.0819864273071289,False
5252,91,9.667937634060676,8.228200022131205e-05,0.08194828033447266,True
5254,3335,16.516176356741553,7.929899948067032e-05,0.0819864273071289,True
5255,3453,3.8289981373338717,7.751000157441013e-05,0.0819559097290039,True
5256,12,5.857487692676806,7.940300201880746e-05,0.08193302154541016,True
5258,3426,3.126685009220123,8.01759997557383e-05,0.08196353912353516,True
5260,3390,4.981591373715379,7.890800043242052e-05,0.08196353912353516,True
5261,142,9.509161435740689,7.676300083403476e-05,0.08193302154541016,True
5262,91,4.462294952126803,9.125900032813661e-05,0.0819711685180664,True
5264,6256,15.17716301466093,8.179699943866581e-05,0.0819864273071289,False
5265,142,4.371426460134684,8.780200005276129e-05,0.0819711685180664,True
5268,553,12.175650091657651,8.039200110943057e-05,0.08197879791259766,True
5269,6842,18.40571820743457,7.883800208219327e-05,0.08197879791259766,True
5271,5175,10.86451104746758,8.09499979368411e-05,0.0819864273071289,False
5273,5321,8.529079257588295,7.943200034787878e-05,0.0819864273071289,False
5278,2908,11.56413588552983,8.0719000834506e-05,0.08200931549072266,False
5280,5976,4.668528857400866,8.170199726009741e-05,0.08205509185791016,True
5284,6903,15.499282239737465,8.105800225166604e-05,0.0820169448852539,True
5285,5040,15.026600795327287,8.125900058075786e-05,0.0820322036743164,False
5286,6236,16.39697547584394,7.993400140549056e-05,0.0819711685180664,False
5288,826,20.831370423355125,8.264400094049051e-05,0.0820779800415039,True
5292,23,7.657810416919945,7.762599852867424e-05,0.0819406509399414,False
5293,23,8.916053332301068,7.834600182832219e-05,0.08194828033447266,False
5296,5976,15.498224067905683,8.52150005812291e-05,0.0820016860961914,True
5297,6814,9.347277396804014,9.792800119612366e-05,0.08197879791259766,True
5301,5004,15.320333397790618,8.933799836086109e-05,0.0821084976196289,False
5302,5004,24.851621065370757,8.237300062319264e-05,0.0820627212524414,False
5303,5295,14.473402141789379,8.511600026395172e-05,0.0820169448852539,False
5304,5345,20.84976101794879,8.874299965100363e-05,0.08197879791259766,False
5305,5004,17.438523403186462,9.944599878508598e-05,0.0820779800415039,False
5307,5345,24.234158830796083,8.639500083518215e-05,0.08207035064697266,False
5309,5189,16.184628897883997,8.17199979792349e-05,0.0820169448852539,False
5311,6872,20.44687559785311,7.936299880384468e-05,0.08200931549072266,True
5312,823,9.717270855632595,8.535099914297462e-05,0.08207035064697266,True
5313,6221,27.152030535059524,8.42139997985214e-05,0.08208560943603516,False
5315,826,21.164436486496673,8.07310025265906e-05,0.0820474624633789,True
5317,5160,18.727869928195847,8.738100223126821e-05,0.08205509185791016,False
5318,5321,13.053935600190911,8.188900028471835e-05,0.08196353912353516,False
5321,5345,24.56998361527547,9.067500286619179e-05,0.0819864273071289,False
5323,3355,6.103043501715507,7.843400089768693e-05,0.08197879791259766,False
5325,5345,10.096390117176622,9.138599853031337e-05,0.0819864273071289,False
5328,5128,14.91385782701535,0.00010534100147197023,0.0820474624633789,False
5329,5213,10.637559301810265,8.192099994630553e-05,0.0819864273071289,False
5330,608,13.379853624531926,8.1488997238921e-05,0.08202457427978516,True
5331,705,14.110386956961307,9.589000183041207e-05,0.08210086822509766,True
5339,5040,12.51622865282496,8.20499990368262e-05,0.08197879791259766,False
5340,6842,16.54055209382254,8.657699800096452e-05,0.08207035064697266,True
5343,5317,18.010499691217444,0.00010370699965278618,0.08203983306884766,False
5344,5189,7.1514097425520475,8.081100168055855e-05,0.0819864273071289,False
5348,5976,11.167947508057443,8.058599996729754e-05,0.0820474624633789,True
5349,5198,17.349871678097433,7.987500066519715e-05,0.08196353912353516,False
5350,615,12.05087931782207,8.581300062360242e-05,0.08210086822509766,True
5352,5195,10.586215930776412,8.47429982968606e-05,0.0819864273071289,False
5355,747,26.124458189062803,0.00012368600073386915,0.0820932388305664,True
5356,6872,18.47374190214271,8.798199996817857e-05,0.08208560943603516,True
5357,5321,8.88455534888347,8.142099977703765e-05,0.0820016860961914,False
5359,3041,16.655416477925584,8.265699943876825e-05,0.08203983306884766,True
5360,3038,17.63570965634472,8.244399941759184e-05,0.0820627212524414,True
5361,8706,27.269552278599157,0.00011241500033065677,0.08202457427978516,False
5367,829,16.864639018845914,8.432700269622728e-05,0.08203983306884766,True
5368,5345,22.36090281611267,8.641900058137253e-05,0.08203983306884766,False
5371,5213,21.36276179111298,8.256900036940351e-05,0.0820474624633789,False
5373,5976,15.842450503561802,8.295800216728821e-05,0.08207035064697266,True
5376,5332,11.595592539455625,0.00016606899953330867,0.0820474624633789,False
5377,784,6.636014261635866,9.050199878402054e-05,0.08200931549072266,True
5380,823,19.328834706755462,9.323099948232993e-05,0.08203983306884766,True
5381,3038,15.926020522793973,8.594999962951988e-05,0.08203983306884766,True
5388,6274,18.757247126893702,8.001899914233945e-05,0.0819864273071289,True
5389,8651,3.907155804156267,7.867499880376272e-05,0.08193302154541016,False
5391,6959,8.33606692757161,8.088499816949479e-05,0.08196353912353516,True
5392,7033,0.39509421108817744,8.270800026366487e-05,0.0819406509399414,True
5393,6256,18.303928898145752,8.133200026350096e-05,0.08200931549072266,True
5396,6929,0.05795702689381528,7.723500311840326e-05,0.0819711685180664,True
5398,8009,7.412477701171382,8.023999907891266e-05,0.08202457427978516,False
5400,6351,8.122830204697607,8.044800051720813e-05,0.08200931549072266,False
5402,6940,0.34633366902245155,7.992699829628691e-05,0.0819864273071289,True
5404,6180,1.8639869543744187,7.83949981268961e-05,0.08194828033447266,True
5406,6250,0.501101231042297,7.787199865560979e-05,0.08193302154541016,True
5407,5725,17.016809015930367,8.014900231501088e-05,0.0819711685180664,False
5408,718,5.035246469969865,7.765999907860532e-05,0.0820016860961914,False
5409,1071,0.36701923713271156,7.94120023783762e-05,0.0819559097290039,False
5413,6180,2.660419435237725,8.087399692158215e-05,0.08196353912353516,True
5414,7033,0.0716927173931713,7.829600144759752e-05,0.0819406509399414,True
5415,1448,1.173259589849519,7.981000089785084e-05,0.08196353912353516,True
5416,180,3.8935849719180022,7.788700168021023e-05,0.08197879791259766,False
5417,777,17.88037710083501,8.711600094102323e-05,0.0820474624633789,False
5418,6180,9.070097545066707,9.112899715546519e-05,0.08200931549072266,True
5421,6954,6.712009491345342,8.015200000954792e-05,0.0819559097290039,True
5424,7106,0.01403092511884706,7.84130024840124e-05,0.08197879791259766,True
5425,6900,2.9891972934070963,8.169099965016358e-05,0.08196353912353516,False
5426,6987,0.268827833995537,7.701799768256024e-05,0.08197879791259766,True
5428,8094,4.07750638571394,7.834599819034338e-05,0.0819864273071289,False
5431,3260,2.1929536255710946,8.649600204080343e-05,0.08197879791259766,False
5432,6250,0.7423911848803114,7.747400013613515e-05,0.0819711685180664,True
5433,868,0.9710902392186515,7.751299926894717e-05,0.0819253921508789,False
5434,6987,0.6552636200653661,0.00010777699935715646,0.08196353912353516,True
5435,7033,0.06027468707143302,7.740399814792909e-05,0.0819711685180664,True
5436,6197,14.96182405393635,8.218299990403466e-05,0.0820016860961914,True
5440,6385,3.643059314620309,0.0001144580019172281,0.0819864273071289,False
5442,5754,10.47194642942809,7.843400089768693e-05,0.0819559097290039,False
5444,615,18.32742017236976,8.987800174509175e-05,0.08196353912353516,False
5445,5515,9.738142100663408,8.864199844538234e-05,0.0819559097290039,False
5446,8226,0.09167335076781179,7.71550003264565e-05,0.0819406509399414,False
5448,3476,5.677296228760737,7.770500087644905e-05,0.0819864273071289,False
5451,6180,1.1430807464271198,7.774600089760497e-05,0.0819711685180664,True
5452,705,17.268448623723035,7.911400098237209e-05,0.0820016860961914,False
5454,3668,23.764189098161733,7.953300155350007e-05,0.0819711685180664,False
5456,6609,10.284234409496708,8.731300113140605e-05,0.0821084976196289,False
5457,6644,9.9203256786258,8.671300020068884e-05,0.08207035064697266,False
5460,6644,9.225756987380134,9.155199950328097e-05,0.0821084976196289,False
5462,1324,23.299506960826477,8.739799886825494e-05,0.08211612701416016,False
5465,6644,8.78255602550601,9.317199874203652e-05,0.08203983306884766,False
5466,2852,12.930645245189163,8.075699952314608e-05,0.08197879791259766,False
5467,2901,9.392974400792326,8.21169996925164e-05,0.08197879791259766,False
5469,1324,26.92144226525964,9.011399743030779e-05,0.08216190338134766,False
5481,4275,17.33889766735421,8.427000284427777e-05,0.0820322036743164,False
5484,6529,18.052598719013066,8.863600305630825e-05,0.08214664459228516,False
5487,926,24.403979729015678,8.016900028451346e-05,0.08199405670166016,False
5491,4669,24.78792375236135,9.012899681692943e-05,0.0821390151977539,False
5492,6644,24.01754338774425,9.937300274032168e-05,0.0821237564086914,False
5493,2933,22.598767603449488,9.279599908040836e-05,0.0820322036743164,False
5494,3668,22.873977100372368,8.028600132092834e-05,0.0819711685180664,False
5498,2348,32.180916705923266,8.636900020064786e-05,0.08202457427978516,True
5500,7798,29.82051434454583,8.621099914307706e-05,0.08208560943603516,False
5502,2852,8.666183586344514,8.627300121588632e-05,0.08202457427978516,False
5503,4275,26.11229652351145,8.372199954465032e-05,0.08197879791259766,False
5504,6545,11.78668677110428,8.536600216757506e-05,0.0820779800415039,False
5505,4275,27.070696918882867,0.00010417799785500392,0.08202457427978516,False
5507,6644,17.20805956410454,8.866500138537958e-05,0.0821237564086914,False
5508,6644,9.741887337288892,8.44309979584068e-05,0.08207035064697266,False
5510,2852,16.61669833949918,8.099700062302873e-05,0.0820016860961914,False
5511,7818,22.60816257158139,8.49190000735689e-05,0.08205509185791016,False
5513,2968,9.899551175701415,8.096500096144155e-05,0.08199405670166016,False
5514,6644,11.911486182952402,8.593099846621044e-05,0.0820474624633789,False
5515,2968,14.261753161718666,8.841299859341234e-05,0.0820322036743164,False
5516,4745,22.879665986926213,0.0001008930012176279,0.08220767974853516,False
5517,3757,17.1308573515441,8.250500104622915e-05,0.08200931549072266,False
5518,1324,26.23784716044586,8.783800149103627e-05,0.0821084976196289,False
5520,2968,13.655968466376589,8.486200022161938e-05,0.0820169448852539,False
5521,6529,12.54137890245559,0.0003034269975614734,0.0821084976196289,False
5522,3677,26.4214282431435,9.558400051901117e-05,0.08208560943603516,False
5527,6644,15.854271596283455,8.579699715483002e-05,0.0820779800415039,False
5530,6644,12.285413426353962,8.817699927021749e-05,0.08211612701416016,False
5533,6545,26.90525962461743,8.70160001795739e-05,0.0821084976196289,False
5534,2544,34.08593484042955,9.558400051901117e-05,0.0822763442993164,False
5537,6545,12.53841383343177,0.00024182899869629182,0.0821542739868164,False
5538,2949,32.06536833104075,8.550999700673856e-05,0.0820474624633789,False
5539,3765,14.786102808361953,8.230700041167438e-05,0.0820016860961914,False
5544,1168,24.16232563860683,8.401999730267562e-05,0.0820474624633789,False
5549,6644,11.358372992595996,8.714599971426651e-05,0.08208560943603516,False
5550,1168,36.74034105869622,9.145200237981044e-05,0.0821542739868164,False
5551,7889,31.847460722852528,0.0001014929985103663,0.0820169448852539,False
5553,3514,14.999487705328471,8.178499774658121e-05,0.08199405670166016,False
5556,2968,14.666971345976002,8.233100015786476e-05,0.0820322036743164,False
5559,7889,13.143477221235267,8.181800149031915e-05,0.0820016860961914,False
5560,3691,12.983471649803068,8.094800068647601e-05,0.0820016860961914,False
5562,7889,18.458429043417837,8.327899922733195e-05,0.08200931549072266,False
5564,7889,16.103669403016532,0.00012255000183358788,0.0820169448852539,False
5565,2028,45.13705958798087,8.847999924910255e-05,0.0820474624633789,False
5566,7739,13.147289704066646,8.194199835998006e-05,0.0819864273071289,False
5572,6644,12.684685563049074,8.967299800133333e-05,0.0820779800415039,False
5574,2852,15.04478696577003,8.356900070793927e-05,0.0820169448852539,False
5576,6644,17.848879730024176,8.454700218862854e-05,0.0820474624633789,False
5577,3668,23.33683175816391,8.1409998529125e-05,0.0819711685180664,False
5579,2310,40.973804827531715,8.693400013726205e-05,0.0820016860961914,True
5581,2852,21.0793844471327,9.774600039236248e-05,0.0820169448852539,False
5583,6644,23.512318574490163,8.461000106763095e-05,0.08203983306884766,False
5585,173,14.59659019012526,7.802500113029964e-05,0.08194828033447266,False
5586,8710,39.0515225868948,8.138900011545047e-05,0.08199405670166016,True
5593,8193,0.44992504320329,7.691900100326166e-05,0.0819864273071289,False
5594,3656,19.958721516966,0.00010051700155599974,0.08211612701416016,False
5595,2968,16.68691537838709,9.781799963093363e-05,0.0820322036743164,False
5596,3668,14.234747358275007,7.837500015739352e-05,0.0819559097290039,False
5600,6644,21.124473981051416,8.751699715503491e-05,0.08213138580322266,False
5601,8789,0.30070845406155405,7.938999988255091e-05,0.08197879791259766,False
5603,6554,31.051852200430886,8.796399924904108e-05,0.08211612701416016,False
5604,2746,25.944484604752105,8.263800191343762e-05,0.08205509185791016,False
5606,6644,15.464861481185952,8.742000136408024e-05,0.0820932388305664,False
5608,3678,18.335173484508587,8.618900028523058e-05,0.08210086822509766,False
5617,6829,1.3813277045564025,7.905299935373478e-05,0.08193302154541016,False
5618,2908,0.28800231342404947,7.68289974075742e-05,0.08193302154541016,False
5620,4224,3.1494235382823135,7.780400119372644e-05,0.0819406509399414,True
5622,1026,1.3529057164801588,7.867200110922568e-05,0.0819253921508789,True
5623,1025,0.4055479717004735,8.823700045468286e-05,0.08191776275634766,True
5625,1503,9.270667002966391,7.768599971313961e-05,0.08194828033447266,False
5628,1061,0.44990658893985636,9.138899986282922e-05,0.0819253921508789,True
5629,2908,0.7293987432863634,8.0955996963894e-05,0.0819253921508789,False
5630,569,0.004467147745474424,7.922100121504627e-05,0.0819711685180664,False
5631,569,0.36392850018938494,7.756900231470354e-05,0.0819559097290039,False
5633,6829,0.2053954885992702,8.467899897368625e-05,0.0819253921508789,False
5634,6985,7.843473645662484,7.834200005163439e-05,0.0819864273071289,False
5635,5621,0.8581180167878932,0.00011086700033047237,0.0819864273071289,True
5636,715,2.8788983544361084,0.00010604300041450188,0.0819864273071289,False
5638,1048,0.38146493709754475,9.07949979591649e-05,0.08196353912353516,True
5641,5386,1.1080031594131732,8.578000051784329e-05,0.0820322036743164,True
5642,569,0.19129916483085196,8.997099939733744e-05,0.08194828033447266,False
5645,3441,5.64885893536036,8.778100163908675e-05,0.08197879791259766,False
5646,2908,0.7293990535799251,7.717500193393789e-05,0.08193302154541016,False
5649,8126,1.2520566353028602,9.183500151266344e-05,0.0819711685180664,False
5652,3441,6.352145922089377,9.109899838222191e-05,0.08196353912353516,False
5653,2908,0.571501843915242,9.434399908059277e-05,0.08193302154541016,False
5654,6365,8.781650079074232,8.091199924820103e-05,0.08203983306884766,True
5655,5369,0.4930266293926912,8.020699897315353e-05,0.08197879791259766,True
5656,4140,2.228625998544459,7.687200195505284e-05,0.0819406509399414,True
5658,909,3.233012030051593,7.717299740761518e-05,0.0819406509399414,True
5660,597,8.248452923773513,0.00010044599912362173,0.0820322036743164,False
5662,900,0.35707946236507554,7.763800022075884e-05,0.0819711685180664,True
5665,922,14.722044291889082,7.796900172252208e-05,0.0819253921508789,True
5668,943,1.1087820851086652,7.649500184925273e-05,0.08193302154541016,True
5669,2908,0.7293990535799251,7.618499876116402e-05,0.08193302154541016,False
5671,3511,1.7611427810784757,7.912199725979008e-05,0.08197879791259766,False
5672,8779,6.826174861773433,7.795199780957773e-05,0.08193302154541016,True
5673,6385,3.0280050037342394,9.137099914369173e-05,0.0819864273071289,True
5677,6216,3.5016110200696073,7.775500125717372e-05,0.0819864273071289,False
5678,6638,23.808829720664715,8.539199916413054e-05,0.0819864273071289,False
5680,1552,3.0977313475345722,8.2741000369424e-05,0.08196353912353516,False
5681,6112,7.403461233904841,8.083399734459817e-05,0.0819711685180664,False
5682,4271,14.165199398467283,8.31280012789648e-05,0.0819864273071289,True
5684,8779,1.079844363868927,9.455300096306019e-05,0.0819406509399414,True
5689,91,12.895684846768182,7.967999772517942e-05,0.08199405670166016,False
5691,4118,11.392450826829906,8.326299939653836e-05,0.0820322036743164,True
5692,7070,9.165688279790885,9.686499834060669e-05,0.08194828033447266,False
5693,900,0.28766446385177186,0.00010145600026589818,0.0819406509399414,True
5695,1448,3.377456799775579,7.847300003049895e-05,0.08197879791259766,False
5697,6683,1.1803539251345863,7.855599687900394e-05,0.0819406509399414,False
5700,5640,2.067391270333846,8.6215997725958e-05,0.0820627212524414,True
5703,6400,12.066231902037288,7.959499998833053e-05,0.08197879791259766,True
5704,6151,11.23801378758424,9.208900155499578e-05,0.08199405670166016,False
5705,6872,11.330735441611557,7.84880030550994e-05,0.08196353912353516,False
5709,2696,39.58610064795891,8.497399903717451e-05,0.0820627212524414,False
5714,2696,37.61107266042495,9.325199789600447e-05,0.0822305679321289,False
5715,2039,51.197997471761205,8.58410021464806e-05,0.08214664459228516,True
5716,2125,22.348803642409457,0.00010279699927195907,0.0822305679321289,True
5717,2076,4.219027476042733,8.961299681686796e-05,0.0821390151977539,True
5718,2248,3.063624731317045,8.46699986141175e-05,0.08203983306884766,True
5719,2101,3.2558345186155555,8.56990009197034e-05,0.08205509185791016,True
5723,2696,34.97748242555578,9.29910020204261e-05,0.0822153091430664,False
5724,2021,3.155153203230485,8.258200250566006e-05,0.08200931549072266,True
5727,2856,36.67513095734033,8.729900218895636e-05,0.0820322036743164,False
5728,2696,29.078923166926927,0.0001040800016198773,0.08220767974853516,False
5729,2049,56.34405567206465,9.428499834029935e-05,0.0822000503540039,True
5731,8316,19.701781011195283,8.63109999045264e-05,0.0820779800415039,False
5733,2696,45.68352617318508,9.733200204209425e-05,0.0822305679321289,False
5734,2696,27.963049321896943,9.548000161885284e-05,0.08220767974853516,False
5735,2125,45.534803831175275,9.670800136518665e-05,0.08228397369384766,True
5738,8316,71.35477484277541,9.232399679603986e-05,0.0820169448852539,False
5741,2049,21.004526041782064,8.765199891058728e-05,0.0820932388305664,True
5742,2125,15.99181554405066,9.516000136500224e-05,0.0822000503540039,True
5744,2049,58.003888864023345,8.768100087763742e-05,0.08210086822509766,True
5745,2049,6.143307149780611,0.00019743499797186814,0.08210086822509766,True
5747,2038,3.5448037374494636,8.708200039109215e-05,0.0821542739868164,True
5749,2056,43.467849355641725,0.00011307299791951664,0.0821695327758789,True
5750,2049,31.61786122934157,8.838000212563202e-05,0.08207035064697266,True
5757,4691,86.72463544864137,8.536099994671531e-05,0.08203983306884766,False
5759,2039,56.94436218239937,0.00010696100071072578,0.0822000503540039,True
5762,2049,52.56395693696378,8.857499778969213e-05,0.08216190338134766,True
5763,2049,53.14894561928666,8.828600039123558e-05,0.0820779800415039,True
5765,2021,35.72565142249198,8.743099897401407e-05,0.0820627212524414,True
5768,1939,1.1684947732991582,0.00013730999853578396,0.0820932388305664,True
5773,4691,83.2592794788022,7.961300070746802e-05,0.0819711685180664,False
5776,2098,26.492376938830525,9.199899795930833e-05,0.08220767974853516,True
5778,2392,14.929016480366114,9.234199751517735e-05,0.08211612701416016,False
5779,2056,50.99006687255319,9.854600284597836e-05,0.0822763442993164,True
5781,2696,45.88150983415924,0.00010302800001227297,0.0822305679321289,False
5783,2049,55.11247610085803,9.238499842467718e-05,0.08219242095947266,True
5784,2049,58.14826641183896,0.00035356200169189833,0.08217716217041016,True
5785,2205,46.30476340130429,9.11979986994993e-05,0.08214664459228516,True
5787,2039,55.225730308077345,8.758799958741292e-05,0.08210086822509766,True
5788,2049,30.627600624012835,8.464299753541127e-05,0.08207035064697266,True
5792,2101,13.914397803251045,9.124300049734302e-05,0.08220767974853516,True
5793,2056,19.55597221965727,8.883800182957202e-05,0.0821237564086914,True
5794,2696,43.38777687868422,9.292799950344488e-05,0.08216190338134766,False
5798,2125,54.74430678650557,0.00010779500007629395,0.0822763442993164,True
5800,2049,48.35470895209627,0.00010064000161946751,0.0821695327758789,True
5801,2696,40.0286722228373,9.068900180864148e-05,0.08219242095947266,False
5804,2021,0.7236892811439585,8.238699956564233e-05,0.08202457427978516,True
5807,2056,26.37841211595419,9.252399831893854e-05,0.0820779800415039,True
5809,2125,10.04322813767191,9.50700014072936e-05,0.08213138580322266,True
5810,2125,16.791287868364464,8.782599979895167e-05,0.08213138580322266,True
5813,2033,5.24034710063007,8.823900134302676e-05,0.08205509185791016,True
5814,2056,28.162077204402863,0.00011845699918922037,0.0821390151977539,True
5815,3743,33.84873073294068,8.929699833970517e-05,0.08205509185791016,False
5821,4016,21.58781286246861,8.613200043328106e-05,0.0820932388305664,True
5823,406,21.48132859818518,9.214500096277334e-05,0.0819711685180664,True
5824,408,23.33273549335388,8.642700049676932e-05,0.0819864273071289,True
5827,316,24.341934181618942,7.950600047479384e-05,0.08197879791259766,True
5828,330,26.097499196540376,8.170699948095717e-05,0.0819711685180664,True
5830,444,22.938707769371188,0.00011234200064791366,0.08199405670166016,True
5831,262,25.08703246465872,8.442599937552586e-05,0.08200931549072266,True
5832,2852,21.84861303266853,8.877400250639766e-05,0.0820016860961914,False
5837,335,26.60526444035017,8.159299977705814e-05,0.08200931549072266,True
5838,399,21.111636660489086,8.081299893092364e-05,0.08199405670166016,True
5840,444,21.726754518294168,8.171300214598887e-05,0.0820016860961914,True
5841,226,20.627570757183964,8.316299863508902e-05,0.08196353912353516,True
5842,353,23.697091521950135,8.312200225191191e-05,0.08197879791259766,True
5844,238,21.99980897487541,8.300199988298118e-05,0.08199405670166016,True
5846,8298,22.38652034873351,8.096799865597859e-05,0.0819559097290039,False
5849,238,26.078947789737363,8.398599675274454e-05,0.08197879791259766,True
5851,4652,24.470793241795903,0.0002546949981478974,0.0819559097290039,False
5852,6540,21.44257588206181,7.980000009411015e-05,0.0819559097290039,False
5854,8298,17.52782143322295,7.758199717500247e-05,0.08193302154541016,False
5855,6540,14.550003638219463,7.915400055935606e-05,0.08193302154541016,False
5856,6540,23.53171653618457,9.130599937634543e-05,0.0819559097290039,False
5858,4652,17.544151500821005,8.366100155399181e-05,0.08196353912353516,False
5859,4652,24.424656756313333,7.92600003478583e-05,0.0819559097290039,False
5862,8298,20.856475885362244,7.899399861344136e-05,0.0819406509399414,False
5864,275,21.396723545548326,8.12700018286705e-05,0.08197879791259766,True
5868,6540,22.32746356314167,7.97320026322268e-05,0.0819711685180664,False
5869,6540,10.937996854387332,7.900600030552596e-05,0.08193302154541016,False
5870,8298,12.009014895889752,8.78529972396791e-05,0.0819253921508789,False
5874,6540,20.7542340375175,9.216100079356693e-05,0.0819406509399414,False
5875,6540,24.839265349036086,8.148599954438396e-05,0.0819559097290039,False
5878,238,21.493804180339215,8.904099740902893e-05,0.08197879791259766,True
5879,8298,24.7929649562703,8.269200043287128e-05,0.0819406509399414,False
5881,238,23.588945507903098,8.361399886780418e-05,0.08199405670166016,True
5886,6540,10.914066306737267,7.991899838089012e-05,0.0819406509399414,False
5887,6540,31.7492044405697,7.956899935379624e-05,0.0819711685180664,False
5888,238,29.127558311045515,8.315699960803613e-05,0.08202457427978516,True
5891,275,19.499943262594655,9.479100117459893e-05,0.0819864273071289,True
5892,4652,25.865900989422464,7.967399869812652e-05,0.08196353912353516,False
5895,427,17.108548482830592,0.0001142190012615174,0.0819711685180664,True
5896,403,22.873872229718863,8.556799730286002e-05,0.0820016860961914,True
5897,512,28.337502710640436,8.00950001575984e-05,0.08197879791259766,True
5902,333,24.073227885103353,8.082400017883629e-05,0.0819559097290039,True
5905,399,16.47997522619821,8.020500172278844e-05,0.0819406509399414,True
5906,481,19.076244230733316,8.043900015763938e-05,0.08196353912353516,True
5907,4539,21.035805940639552,8.455599891021848e-05,0.0820474624633789,True
5910,472,21.834922446455884,7.962000017869286e-05,0.0819711685180664,True
5912,7889,24.742168881154456,7.995899795787409e-05,0.0819711685180664,False
5914,4511,22.71467957302567,7.950299914227799e-05,0.0819711685180664,True
5916,3910,32.32964214676261,9.520800085738301e-05,0.0822916030883789,True
5917,333,23.381219145874645,8.041199907893315e-05,0.08196353912353516,True
5918,427,20.824626961373955,8.409399742959067e-05,0.0819559097290039,True
5919,444,22.098289961125484,7.96470012573991e-05,0.0819711685180664,True
5920,427,22.79856334213873,8.079499821178615e-05,0.08197879791259766,True
5923,330,21.61388744321598,8.155800242093392e-05,0.08197879791259766,True
5925,512,23.303087366525528,7.872399874031544e-05,0.0819559097290039,True
5926,2852,22.098395811376232,8.508799874107353e-05,0.08200931549072266,False
5928,434,24.397133492850315,8.195800182875246e-05,0.08197879791259766,True
5934,335,23.32329021032712,7.803199696354568e-05,0.0819406509399414,True
5935,444,22.51966582307843,8.379999781027436e-05,0.0819864273071289,True
5936,275,19.8624989864718,8.144700041157193e-05,0.08199405670166016,True
5937,275,20.870041414681356,8.575099855079316e-05,0.08200931549072266,True
5939,275,22.20766919597163,8.463500125799328e-05,0.0819864273071289,True
5940,330,21.095038149524346,8.374699973501265e-05,0.08196353912353516,True
5941,482,19.063337614459908,0.0001003299985313788,0.0819711685180664,True
5942,440,20.62155308831121,7.958000060170889e-05,0.0819559097290039,True
5944,512,21.804077062171988,8.297900058096275e-05,0.08197879791259766,True
5945,385,23.26248871795883,8.422099926974624e-05,0.08197879791259766,True
5948,4652,25.12078480800084,8.107700341497548e-05,0.08194828033447266,False
5951,440,23.721613738532795,0.00023019299987936392,0.0819864273071289,True
5952,226,21.855678739085693,9.842399958870374e-05,0.0820016860961914,True
5954,439,21.688584279049977,8.999900092021562e-05,0.08197879791259766,True
5955,262,25.792630112131175,8.549800259061158e-05,0.0820169448852539,True
5956,333,26.92073477949993,8.454100316157565e-05,0.08205509185791016,True
5957,512,22.120428781900603,8.055299986153841e-05,0.08197879791259766,True
5958,262,22.8671628492219,8.158100172295235e-05,0.08200931549072266,True
5960,440,25.812040698192376,8.846900163916871e-05,0.08205509185791016,True
5961,5446,30.635724406198285,8.563899973523803e-05,0.08205509185791016,False
5966,275,23.40269310368732,8.327400064445101e-05,0.08200931549072266,True
5967,275,20.131552255972256,8.682499901624396e-05,0.0820016860961914,True
5969,333,27.10203575743699,7.894699956523255e-05,0.08197879791259766,True
5974,6268,1.647955619910078,7.724700117250904e-05,0.08193302154541016,False
5976,42,5.544437123474367,7.728000127826817e-05,0.08194828033447266,True
5977,6540,7.812873603570488,7.692900180700235e-05,0.0819406509399414,False
5978,4652,7.390839526968698,7.74649997765664e-05,0.08194828033447266,False
5979,162,2.902743492064828,7.66970006225165e-05,0.0819406509399414,True
5980,8298,0.0,7.668200123589486e-05,0.08191776275634766,False
5981,6540,0.0,7.721400106674992e-05,0.0819253921508789,False
5982,3539,6.846500094524048,7.869399996707216e-05,0.08197879791259766,False
5983,6540,0.04167576108450005,0.0001067060002242215,0.0819253921508789,False
5984,8298,3.9583333158827236,7.662099960725754e-05,0.0819253921508789,False
5998,6268,11.625884358558281,9.169000259134918e-05,0.0819711685180664,False
5999,4652,11.312283004607705,8.102200081339106e-05,0.08196353912353516,False
6000,4652,7.7303548439316625,8.542099749320187e-05,0.08194828033447266,False
6003,4652,11.388552326608377,8.063700079219416e-05,0.08196353912353516,False
6004,3025,2.094231764371905,7.753200043225661e-05,0.08196353912353516,False
6005,3688,13.312574116774698,0.00010759499855339527,0.0820016860961914,False
6006,4652,11.388552326608377,8.005799827515148e-05,0.08196353912353516,False
6007,7773,25.25407087880758,0.00010760100121842697,0.08228397369384766,False
6009,3451,11.862035746502217,7.766300041112117e-05,0.0819406509399414,True
6010,4652,4.30520099083369,9.698400026536547e-05,0.08194828033447266,False
6011,6540,0.04167576108450005,8.72310010890942e-05,0.0819253921508789,False
6014,4631,41.55912968284076,8.630400043330155e-05,0.08196353912353516,False
6015,162,4.014889951133145,7.644500146852806e-05,0.0819406509399414,True
6018,3549,5.117504408338917,9.798500104807317e-05,0.08197879791259766,False
6019,4991,6.835326951672091,8.248100130003877e-05,0.08199405670166016,False
6020,6540,15.226747369045329,7.814800119376741e-05,0.0819406509399414,False
6022,6540,3.91880597879092,8.373500168090686e-05,0.08193302154541016,False
6026,275,13.944597807385088,8.513200009474531e-05,0.08199405670166016,False
6027,6158,6.806081676796632,0.00013047700122115202,0.0819864273071289,False
6029,164,6.536433481432477,7.613200068590231e-05,0.08194828033447266,True
6030,275,16.387257884003997,8.406499910051934e-05,0.08200931549072266,False
6031,275,16.848815135252714,8.098800026345998e-05,0.08199405670166016,False
6032,2787,8.683869487938159,7.688600089750253e-05,0.0819711685180664,False
6034,6268,16.84287204550991,7.772699973429553e-05,0.08196353912353516,False
6035,4652,11.700219187932015,8.376900223083794e-05,0.08196353912353516,False
6036,6744,15.845937137153614,8.431599781033583e-05,0.0820169448852539,True
6038,4991,1.7580065012572323,8.945200170273893e-05,0.08197879791259766,False
6039,275,14.476329960808755,8.248499943874776e-05,0.08197879791259766,False
6040,275,13.459419479227499,8.249700113083236e-05,0.0819864273071289,False
6045,275,15.252389168031515,9.039100041263737e-05,0.0819864273071289,False
6046,6540,15.311863042743239,7.92419996287208e-05,0.08194828033447266,False
6047,935,6.954103211828763,8.084599903668277e-05,0.0819864273071289,False
6049,6540,3.963489454932284,7.934599852887914e-05,0.08193302154541016,False
6051,4652,7.734344601781782,7.853699935367331e-05,0.0819559097290039,False
6052,4652,4.016809323271748,7.84049989306368e-05,0.08194828033447266,False
6053,2787,8.296693907301552,8.003299808478914e-05,0.0819864273071289,False
6054,4652,11.024844042612301,7.969299986143596e-05,0.08196353912353516,False
6055,8298,3.9183672870226185,7.774200275889598e-05,0.0819253921508789,False
6058,6180,3.5856216124674885,9.490600132266991e-05,0.0819559097290039,False
6059,4652,3.8101126242630214,7.879299664637074e-05,0.08194828033447266,False
6062,7147,14.476081917892799,7.618900053785183e-05,0.0819406509399414,False
6063,6540,3.918367287022618,7.680500129936263e-05,0.0819253921508789,False
6065,162,2.307350621435695,8.143900049617514e-05,0.08193302154541016,True
6067,8298,3.918367287022618,7.751700104563497e-05,0.0819253921508789,False
6070,1243,34.39785066885512,0.00010027299867942929,0.08234500885009766,False
6072,8298,3.918367287022618,7.694899977650493e-05,0.0819253921508789,False
6073,3547,4.831586075344483,7.817999721737579e-05,0.0819864273071289,False
6074,5865,61.648484833121216,9.123899872065522e-05,0.0819253921508789,True
6075,6540,3.918367287022618,7.63890020607505e-05,0.0819253921508789,False
6076,6540,3.918367287022618,8.602300295024179e-05,0.0819253921508789,False
6077,2787,5.044220715323524,7.882700083428062e-05,0.08196353912353516,False
6081,3363,7.537359641430163,7.750999793643132e-05,0.0819406509399414,True
6083,6540,7.809083301399402,8.088600225164555e-05,0.08193302154541016,False
6087,99,5.0961927870945525,8.765399979893118e-05,0.0819406509399414,True
6090,99,6.971041995402798,7.88710021879524e-05,0.08193302154541016,True
6092,182,3.4165232971003157,7.865700172260404e-05,0.08194828033447266,True
6094,5905,4.738830472580447,7.585600178572349e-05,0.08193302154541016,True
6095,4652,7.3814031725158875,7.905799793661572e-05,0.0819406509399414,False
6096,10,4.563418146465576,8.322199937538244e-05,0.0820169448852539,True
6099,5754,41.10552876541154,0.00010629999815137126,0.08197879791259766,True
6103,6540,0.0,8.639699808554724e-05,0.0819253921508789,False
6104,3478,8.612753351675915,7.915899914223701e-05,0.08196353912353516,True
6105,6540,3.918367287022618,7.895900125731714e-05,0.0819253921508789,False
6106,6540,3.918367287022618,9.779000174603425e-05,0.0819253921508789,False
6107,2787,8.221649576988764,7.883199941716157e-05,0.0819559097290039,False
6109,8298,3.9583333158827236,7.694899977650493e-05,0.0819253921508789,False
6110,99,7.9929013122118135,7.903200094006024e-05,0.0819559097290039,True
6111,8298,3.9583333158827236,7.658699905732647e-05,0.0819253921508789,False
6114,6540,3.91880597879092,7.733200254733674e-05,0.08193302154541016,False
6116,3363,11.090845643741709,7.679999907850288e-05,0.0819406509399414,True
6117,5865,65.44865508867551,7.766599810565822e-05,0.0819253921508789,True
6120,3547,32.77722256810783,7.869000182836317e-05,0.08197879791259766,False
6123,6540,0.0,7.752799865556881e-05,0.0819253921508789,False
6125,6540,3.918367287022618,7.76150009187404e-05,0.0819253921508789,False
6129,3451,6.023401412153013,7.852000271668658e-05,0.0819711685180664,True
6130,8298,3.918367287022618,7.668599937460385e-05,0.0819253921508789,False
6132,6540,3.918367287022618,7.762799941701815e-05,0.0819253921508789,False
6133,120,6.021865541308543,8.682199768372811e-05,0.08197879791259766,True
6135,5887,17.942479145341423,7.814600030542351e-05,0.08197879791259766,True
6138,1075,40.79315865496207,7.788900256855413e-05,0.0819406509399414,False
6139,3402,6.259463678079033,7.81599992478732e-05,0.0819864273071289,True
6141,3402,2.507996956414519,9.500799933448434e-05,0.08197879791259766,True
6145,4151,7.857529311823857,9.004900130094029e-05,0.0819711685180664,False
6150,8298,3.917946500161271,9.284499901696108e-05,0.08191776275634766,False
6151,3363,18.020344415229225,7.719099812675267e-05,0.0819406509399414,True
6152,5880,39.54622569228313,8.091700146906078e-05,0.08196353912353516,True
6154,4652,7.734344601781784,8.860799789545126e-05,0.0819559097290039,False
6156,6540,3.9617706841933193,7.878900214564055e-05,0.0819253921508789,False
6158,5880,42.07192670999811,7.735400140518323e-05,0.08196353912353516,True
6163,5853,7.901367050264875,7.868900138419122e-05,0.0819406509399414,True
6165,8298,7.760052151531122,7.813699994585477e-05,0.0819253921508789,False
6166,2787,4.972766713140925,7.949999780976214e-05,0.08197879791259766,False
6168,5853,8.375558406266743,7.890099732321687e-05,0.0819406509399414,True
6173,6540,0.0,7.619000098202378e-05,0.0819253921508789,False
6175,6540,3.918805978790919,7.70010010455735e-05,0.08193302154541016,False
6176,2787,3.9074114311697947,8.504500146955252e-05,0.0819559097290039,False
6177,2787,5.977176090042312,8.189999789465219e-05,0.0819711685180664,False
6178,6540,0.04167576108450005,7.655899753444828e-05,0.0819253921508789,False
6180,6540,7.795497504729037,7.965999975567684e-05,0.08193302154541016,False
6181,3478,5.2450141714840814,7.843699859222397e-05,0.0819864273071289,True
6182,4652,7.518972763914755,0.0002124050006386824,0.08194828033447266,False
6184,5797,10.656163716210854,8.457800140604377e-05,0.08197879791259766,True
6186,4705,7.229369377455763,8.500900003127754e-05,0.0819711685180664,False
6192,986,10.610292297680298,7.842700142646208e-05,0.08193302154541016,False
6194,6250,10.924573771861184,8.382200030609965e-05,0.08193302154541016,False
6199,5865,63.1800350812613,8.107800022116862e-05,0.0819253921508789,True
6202,8298,0.0,7.921299766167067e-05,0.08191776275634766,False
6203,8298,0.0,7.701800132053904e-05,0.08191776275634766,False
6204,6540,3.91880597879092,8.07879987405613e-05,0.08193302154541016,False
6205,8298,0.0,8.698600140633062e-05,0.08191776275634766,False
6206,8298,0.0,7.776799975545146e-05,0.08191776275634766,False
6209,6540,3.918367287022618,8.658700244268402e-05,0.0819253921508789,False
6211,6540,3.91880597879092,0.00016342499657184817,0.08193302154541016,False
6212,4652,7.518972763914754,8.021900066523813e-05,0.08194828033447266,False
6213,8298,3.918367287022618,7.667699901503511e-05,0.0819253921508789,False
6215,8298,3.918367287022618,7.684199954383075e-05,0.0819253921508789,False
6216,6540,3.918805978790919,7.779899897286668e-05,0.08193302154541016,False
6219,3402,4.367864670308436,7.799699960742146e-05,0.08196353912353516,True
6220,6540,3.918367287022618,7.560200174339116e-05,0.0819253921508789,False
6221,6540,3.918805978790919,9.699600195745006e-05,0.08193302154541016,False
6222,5880,45.863365047370515,7.896300303400494e-05,0.08194828033447266,True
6226,3478,6.486019887611025,7.750100121484138e-05,0.08194828033447266,True
6227,5853,8.407539662727451,7.670299964956939e-05,0.0819406509399414,True
6228,6540,3.91880597879092,7.814399941707961e-05,0.08193302154541016,False
6231,5887,28.723043609597088,8.15720013633836e-05,0.0819711685180664,True
6233,5905,5.8311208237224035,7.695800013607368e-05,0.0819406509399414,True
6234,6540,0.0,7.835700307623483e-05,0.0819253921508789,False
6236,5865,59.22830801110351,7.854800060158595e-05,0.0819253921508789,True
6237,3539,3.1514820787268825,7.838000237825327e-05,0.08197879791259766,False
6238,6540,3.918367287022618,7.80180016590748e-05,0.0819253921508789,False
6240,6540,3.918805978790919,7.718699998804368e-05,0.08193302154541016,False
6241,2787,8.93348665526471,9.448299897485413e-05,0.0819559097290039,False
6242,8298,3.9583333158827236,8.81669984664768e-05,0.0819253921508789,False
6243,5440,5.972862626135745,0.00010154000119655393,0.0823373794555664,False
6247,6540,3.918367287022618,8.088799950201064e-05,0.0819253921508789,False
6248,5880,8.410423426478314,8.704999709152617e-05,0.08194828033447266,True
6249,5865,60.010398210722855,7.769099829602055e-05,0.0819253921508789,True
6251,6540,0.0,7.844799984013662e-05,0.0819253921508789,False
6253,6540,0.0,7.589399683638476e-05,0.0819253921508789,False
6254,6540,3.918367287022618,7.66990015108604e-05,0.0819253921508789,False
6255,8298,3.9583333158827236,7.60000002628658e-05,0.0819253921508789,False
6256,5399,7.856179717088625,0.00010187600128119811,0.0823678970336914,False
6257,7880,32.594387767835485,8.852399696479551e-05,0.08205509185791016,False
6260,3363,18.153822082145908,8.773299850872718e-05,0.0819406509399414,True
6264,7773,11.411265909928888,9.73169990174938e-05,0.08229923248291016,False
6266,3547,29.279109568383873,7.837199882487766e-05,0.0819711685180664,False
6267,2746,6.04884927120494,8.013399929041043e-05,0.0819864273071289,True
6275,5540,2.0901033753609517,7.841700062272139e-05,0.0819559097290039,True
6277,3474,4.916686262644538,7.947300036903471e-05,0.08196353912353516,False
6283,5540,4.415249598243052,7.877200187067501e-05,0.0819864273071289,True
6289,5948,12.65886116047951,7.96329986769706e-05,0.0819864273071289,False
6290,3549,5.529006763160775,7.938199996715412e-05,0.0819864273071289,False
6291,3521,0.0,8.165200051735155e-05,0.08194828033447266,False
6293,1533,27.94157555645398,8.055600119405426e-05,0.08202457427978516,False
6294,5862,12.652311424294645,8.399199941777624e-05,0.0820016860961914,False
6295,922,4.594768324867304,7.930900028441101e-05,0.0819711685180664,True
6296,952,0.001413386165909162,8.235900168074295e-05,0.0819864273071289,True
6297,3521,0.0,7.698400077060796e-05,0.0819406509399414,False
6298,3474,0.7762345870146595,8.092200005194172e-05,0.08196353912353516,False
6299,5862,8.110540461097765,8.596800034865737e-05,0.0819559097290039,False
6300,5858,18.02354891641995,8.062900087679736e-05,0.0819864273071289,False
6302,5747,6.06598275693581,9.960199895431288e-05,0.08197879791259766,False
6303,3474,0.7765850924032821,7.828899833839387e-05,0.0819864273071289,False
6313,3213,0.0,7.902899960754439e-05,0.08196353912353516,False
6316,3213,0.0,7.94890001998283e-05,0.0819559097290039,False
6317,8645,14.216251659822358,7.882499994593672e-05,0.0819864273071289,False
6318,3474,0.7763514221442004,0.00010495300011825748,0.0819711685180664,False
6319,3213,0.0,9.471700104768388e-05,0.0819864273071289,False
6321,3474,0.7762345870146595,7.799100058036856e-05,0.08196353912353516,False
6325,5900,11.343588011271088,7.76980014052242e-05,0.08197879791259766,False
6331,3474,0.7763514221442004,7.926699981908314e-05,0.0819711685180664,False
6332,1552,7.051216054925744,8.038799933274277e-05,0.0819559097290039,False
6333,3426,6.92805928668062,7.824400017852895e-05,0.0819711685180664,False
6335,3474,0.775884081626037,7.79369984229561e-05,0.0819406509399414,False
6339,3474,0.7761177518851187,7.71630002418533e-05,0.0819559097290039,False
6343,6134,3.5520531549666123,8.994000017992221e-05,0.08216190338134766,True
6346,2149,23.524407340033854,0.00011738900138880126,0.08213138580322266,False
6347,2415,13.882978893757137,8.52230004966259e-05,0.08208560943603516,False
6348,2500,10.238917158854665,8.149199857143685e-05,0.0820016860961914,False
6349,2533,1.3983706602847321,8.218500079237856e-05,0.08199405670166016,True
6350,2696,6.222374105259711,8.539600094081834e-05,0.08210086822509766,True
6353,6134,4.376009467647438,9.155600127996877e-05,0.0821847915649414,True
6356,2437,14.694778620578157,9.448700075154193e-05,0.08213138580322266,False
6357,6592,8.630951898573661,8.770099884714e-05,0.0820627212524414,True
6360,2437,13.464486570642663,8.945800072979182e-05,0.08217716217041016,False
6364,3243,0.0,7.912300134194084e-05,0.0819559097290039,True
6366,3298,0.9241177926227406,8.247100049629807e-05,0.08196353912353516,True
6369,4151,9.572606260146804,7.741899753455073e-05,0.0819406509399414,False
6370,2880,0.7183993659411956,7.93270010035485e-05,0.08200931549072266,False
6375,649,0.006551128005046326,8.184899706975557e-05,0.0819711685180664,True
6376,5976,14.956901180641735,9.172199861495756e-05,0.0820016860961914,True
6377,3243,0.0,7.862699931138195e-05,0.0819559097290039,True
6380,724,0.0,7.805099812685512e-05,0.0819864273071289,True
6381,8009,15.195441850611093,8.198599971365184e-05,0.08202457427978516,False
6384,7106,0.3011277599966451,9.110999963013455e-05,0.0819864273071289,False
6386,8009,4.907056463980342,9.067100108950399e-05,0.0819406509399414,False
6387,715,1.8404024735279887,8.082999920588918e-05,0.08203983306884766,True
6391,6900,5.1683600107232595,8.350800271728076e-05,0.08202457427978516,True
6392,768,4.0291175358478215,0.00013513800149667077,0.08197879791259766,True
6393,3258,7.075461063960014,7.55969995225314e-05,0.08191776275634766,True
6394,5124,1.7818343239370396,7.906300015747547e-05,0.0819711685180664,False
6397,724,0.0,7.749900032649748e-05,0.08196353912353516,True
6399,6929,1.5920498654143356,8.720300320419483e-05,0.08191776275634766,False
6400,724,0.0,7.901600110926665e-05,0.08196353912353516,True
6402,8148,0.04697386155233998,8.350599819095805e-05,0.08196353912353516,True
6407,3243,0.0,7.721599831711501e-05,0.08194828033447266,True
6408,829,7.228693195506078,0.00010263600051985122,0.08208560943603516,True
6415,3298,3.6279065009626246,8.266099757747725e-05,0.0819864273071289,True
6418,3243,0.0,7.787600043229759e-05,0.08194828033447266,True
6420,2880,0.7795887517455382,8.057400191319175e-05,0.08200931549072266,False
6421,3243,0.0,0.00011656899732770398,0.08194828033447266,True
6423,5077,23.23502154369105,9.345100261271e-05,0.08205509185791016,False
6424,768,32.86633666349411,8.368599810637534e-05,0.0820169448852539,True
6429,715,0.969710865655414,8.033099948079325e-05,0.0819406509399414,True
6432,2880,2.160529218286244,9.166599920718e-05,0.0820169448852539,False
6437,3298,7.6179425064120325,8.046999937505461e-05,0.0819864273071289,True
6439,6929,6.352250804920663,0.00010331500016036443,0.0819864273071289,True
6441,1071,0.31455448878696074,8.237800284405239e-05,0.08196353912353516,False
6443,670,0.2109004374031585,8.180300210369751e-05,0.08197879791259766,False
6444,3478,3.156054304443637,8.451200119452551e-05,0.08196353912353516,False
6447,7033,0.24243675841467638,7.640399780939333e-05,0.0819406509399414,True
6448,6985,1.1273700037972556,0.00017450300219934434,0.08197879791259766,True
6452,6474,0.5622888268524237,7.801900210324675e-05,0.0819864273071289,False
6454,6474,0.43879374203174576,0.00010903500151471235,0.08197879791259766,False
6456,6474,0.40177426480690986,8.006200005183928e-05,0.0819864273071289,False
6457,1071,0.03561853923303134,8.391800292884e-05,0.08196353912353516,False
6459,1448,1.3737217190104059,7.719300265307538e-05,0.08197879791259766,True
6461,6474,0.1313611130422888,0.0001123590009228792,0.08197879791259766,False
6466,6383,0.2652983926503235,0.00011273600102867931,0.0819406509399414,False
6468,958,0.928878008281673,8.243000047514215e-05,0.08193302154541016,False
6469,868,1.2818584420161654,7.755100159556605e-05,0.08193302154541016,False
6470,7033,0.29064216783383656,7.733500024187379e-05,0.08197879791259766,True
6472,3420,5.699971338679957,7.831299808458425e-05,0.0819864273071289,False
6473,8779,1.516140746026374,7.684599768253975e-05,0.0819406509399414,False
6475,6250,1.278838984494474,7.802400068612769e-05,0.08196353912353516,True
6477,4645,11.663838618955694,8.355099998880178e-05,0.08205509185791016,True
6480,3143,2.1291233404505916,8.401299783145078e-05,0.0819711685180664,False
6483,8651,2.7416489037881786,8.170599903678522e-05,0.0819253921508789,False
6486,8661,10.737193514072853,7.857300079194829e-05,0.08197879791259766,False
6488,7033,0.04902872546548911,7.748400093987584e-05,0.08196353912353516,True
6490,3298,4.126152712562823,7.90980011515785e-05,0.0819559097290039,False
6491,7033,0.2812294551960914,8.320799679495394e-05,0.0819559097290039,True
6493,6385,0.18512176991286916,7.781299791531637e-05,0.08196353912353516,False
6494,1071,0.11750275594207897,8.07270007499028e-05,0.0819711685180664,False
6498,7033,0.9498051823706253,8.284599971375428e-05,0.0819864273071289,True
6499,7822,22.943778822902868,9.883700113277882e-05,0.08207035064697266,False
6503,2696,25.12370703750621,0.00010418899910291657,0.0822458267211914,True
6504,6039,6.880981331924308,7.956300032674335e-05,0.0820169448852539,True
6509,2394,15.365713434795937,8.830400111037306e-05,0.08203983306884766,False
6510,7896,32.41616484570038,8.679700113134459e-05,0.08207035064697266,True
6513,7773,17.266420289970828,0.00010409400056232698,0.08210086822509766,False
6521,2968,22.871354001071957,8.323400106746703e-05,0.0820016860961914,True
6522,2968,5.4399985145699805,8.302100104629062e-05,0.0820322036743164,True
6523,2852,10.281365667656214,8.32149999041576e-05,0.0819864273071289,True
6525,7889,9.518915962721964,8.00300003902521e-05,0.0819864273071289,True
6527,399,15.434809108926133,8.083099965006113e-05,0.0819864273071289,False
6530,2672,29.869486992112243,9.590300032868981e-05,0.0822153091430664,True
6533,8175,10.114900466741485,9.128999954555184e-05,0.08202457427978516,True
6534,8338,7.660782628758242,8.94170007086359e-05,0.0820627212524414,True
6537,2623,15.985246064786903,0.00013442400086205453,0.0822153091430664,True
6539,4304,14.668938887035866,8.084399814833887e-05,0.0819711685180664,False
6541,8427,27.819957992571734,8.340299973497167e-05,0.08203983306884766,True
6542,7147,24.70694231463092,7.683800140512176e-05,0.08193302154541016,True
6544,2672,36.22542462896435,0.00010648000170476735,0.0821084976196289,True
6546,7886,6.23714138609042,8.517500100424513e-05,0.08205509185791016,True
6547,6581,23.390930169745946,9.470500299357809e-05,0.0820322036743164,True
6548,8312,29.829514379314475,0.00010155700147151947,0.0821237564086914,True
6552,4778,16.234683869185112,9.595399751560763e-05,0.08223819732666016,True
6553,7886,28.200551412776882,9.403200238011777e-05,0.08213138580322266,True
6554,8661,19.184659302920025,8.840100053930655e-05,0.08197879791259766,False
6555,8343,33.78828929599254,8.324000009451993e-05,0.08202457427978516,True
6556,4816,40.95438496746605,9.415399836143479e-05,0.08203983306884766,True
6559,7207,26.60446044767179,9.870799840427935e-05,0.0820474624633789,True
6563,2392,45.06524989617396,0.00010564599870122038,0.08236026763916016,False
6564,7164,5.113306958984219,8.556999819120392e-05,0.0820322036743164,True
6565,4669,16.99705405316394,9.313400005339645e-05,0.08220767974853516,True
6570,8845,21.029714192989058,8.837699715513736e-05,0.0821084976196289,True
6573,3987,30.75871139750716,9.304600098403171e-05,0.0821847915649414,False
6574,2581,8.757436121839822,9.276900163968094e-05,0.0822000503540039,True
6580,2348,19.46471052947121,8.176399933290668e-05,0.08197879791259766,False
6583,1209,27.57701941258216,8.296899977722205e-05,0.08207035064697266,True
6584,8845,33.46312412285008,9.089500235859305e-05,0.08211612701416016,True
6585,3677,35.01667033282726,0.00011193400132469833,0.08210086822509766,True
6592,2543,29.92767859695945,8.88070026121568e-05,0.08216190338134766,True
6593,8845,34.72922570161153,0.0001114389997383114,0.08211612701416016,True
6597,7147,37.717950593298895,7.955000182846561e-05,0.0820016860961914,True
6598,8427,15.133094846616142,8.361200161743909e-05,0.08203983306884766,True
6599,5640,44.47005336830968,9.311000030720606e-05,0.08222293853759766,False
6600,1812,41.85501167603134,0.0001036770008795429,0.08217716217041016,False
6602,6581,18.595904873958766,8.667899965075776e-05,0.08208560943603516,True
6603,7880,25.172050230959847,0.0001045339995471295,0.0822916030883789,True
6605,1168,36.799797819069674,0.00013048799883108586,0.08202457427978516,True
6606,7355,39.050788331238245,9.167999814962968e-05,0.08219242095947266,False
6607,6090,24.967294032951468,8.697500015841797e-05,0.08202457427978516,True
6608,2672,42.88495350356303,0.00010245199882774614,0.08226871490478516,True
6609,1209,23.4115398782871,8.88579997990746e-05,0.08210086822509766,True
6611,1200,42.2609028902532,0.0001066310032911133,0.08216190338134766,True
6614,262,21.276739734276862,8.287399759865366e-05,0.08199405670166016,True
6615,399,22.7448204688711,8.331700155395083e-05,0.08200931549072266,True
6616,262,19.12738526841654,8.068099850788713e-05,0.08196353912353516,True
6617,325,18.22442262574359,8.09660014056135e-05,0.08199405670166016,True
6620,275,21.49567969869176,8.506200174451806e-05,0.08202457427978516,True
6621,439,17.452993612138922,7.949700011522509e-05,0.0819711685180664,True
6623,440,21.0059062117789,8.322800204041414e-05,0.08200931549072266,True
6624,439,21.661465809421546,8.992899893200956e-05,0.0819864273071289,True
6626,335,20.156306096708526,8.162200174410827e-05,0.0819559097290039,True
6632,399,18.284463102809966,7.939500210341066e-05,0.0819711685180664,True
6634,444,20.68145549999884,9.095599671127275e-05,0.0819864273071289,True
6637,444,17.991336635340506,7.987299977685325e-05,0.0819559097290039,True
6647,238,21.575181946141168,8.255000284407288e-05,0.08200931549072266,True
6649,333,21.20670633919276,0.00013615500211017206,0.08199405670166016,True
6651,262,20.482152121906086,8.01759997557383e-05,0.08199405670166016,True
6652,444,21.294547212325284,8.918700041249394e-05,0.08199405670166016,True
6656,275,21.538979107356873,0.00014054100029170513,0.0820322036743164,True
6657,325,21.733682613974278,8.089499897323549e-05,0.0819864273071289,True
6658,334,20.458227693320648,8.2898997789016e-05,0.08200931549072266,True
6660,325,20.932772262827427,8.798199996817857e-05,0.08199405670166016,True
6661,399,18.832866356907644,8.954200166044757e-05,0.08199405670166016,True
6662,377,21.62980872409181,8.067599992500618e-05,0.0819711685180664,True
6663,439,20.405274683197604,8.939599865698256e-05,0.0819864273071289,True
6668,444,20.817457343977804,8.159299977705814e-05,0.08197879791259766,True
6670,444,16.500301418119832,8.25140014057979e-05,0.08197879791259766,True
6673,399,20.591882817005523,8.219099981943145e-05,0.0819864273071289,True
6675,439,18.68833367899633,7.886599996709265e-05,0.08196353912353516,True
6676,440,18.063771619208275,8.753600195632316e-05,0.08199405670166016,True
6679,440,17.941553215353178,8.18900007288903e-05,0.0819864273071289,True
6681,226,20.091081124494362,8.272099876194261e-05,0.08199405670166016,True
6684,325,19.316509092981697,9.080800009542145e-05,0.0819711685180664,True
6685,385,18.962746272842043,8.495600195601583e-05,0.0819711685180664,True
6688,399,17.16750958541875,8.527399768354371e-05,0.08199405670166016,True
6692,325,18.485248371476583,8.008500299183652e-05,0.0819711685180664,True
6694,386,31.99379203922725,0.00035136199949192815,0.0819864273071289,True
6695,8524,35.833998809113275,8.939400140661746e-05,0.0822000503540039,True
6698,2852,19.07635078642457,8.758600233704783e-05,0.08200931549072266,False
6700,2852,17.51729874399603,8.162499943864532e-05,0.08202457427978516,False
6703,7889,16.751687736593862,9.702199895400554e-05,0.0820322036743164,False
6704,7889,15.907724432131817,8.269700265373103e-05,0.0820322036743164,False
6706,471,15.427386726885555,8.628999785287306e-05,0.0819711685180664,True
6707,2852,13.808101958991578,8.555000022170134e-05,0.08199405670166016,False
6709,334,20.4895810519307,8.354000237886794e-05,0.0820016860961914,True
6711,440,26.536771629020762,8.110500129987486e-05,0.08200931549072266,True
6712,427,20.332056343089842,7.935699977679178e-05,0.08194828033447266,True
6713,399,13.153801494425151,9.603500075172633e-05,0.08196353912353516,True
6715,427,14.469511372101952,7.75440021243412e-05,0.0819559097290039,True
6717,427,17.898776693529314,7.978999929036945e-05,0.08196353912353516,True
6719,427,18.047218745041707,8.407499990426004e-05,0.0819711685180664,True
6720,316,20.653389476925078,8.244499986176379e-05,0.08197879791259766,True
6726,423,14.054593132133268,9.692100138636306e-05,0.08194828033447266,True
6727,444,15.108640395747008,8.067900125752203e-05,0.08194828033447266,True
6728,386,15.667899439264001,8.234000051743351e-05,0.0819711685180664,True
6729,316,14.308375408773209,8.314399747177958e-05,0.0819406509399414,True
6730,444,13.093079541946162,7.961099981912412e-05,0.08196353912353516,True
6733,2852,18.89803683175651,0.0002460770010657143,0.0820016860961914,False
6735,464,21.76032747412942,8.044300193432719e-05,0.0819864273071289,True
6736,2852,17.064180620731676,8.636599886813201e-05,0.08200931549072266,False
6737,440,19.10362192437454,7.991500024218112e-05,0.08196353912353516,True
6739,2852,17.080937077938287,8.191600136342458e-05,0.08199405670166016,False
6740,2852,18.912775653588177,0.00010494800153537653,0.0820016860961914,False
6742,444,19.082775176060032,8.08120021247305e-05,0.08196353912353516,True
6743,440,15.728180347519901,8.112399882520549e-05,0.08196353912353516,True
6744,334,19.37834290997473,8.907200026442297e-05,0.0819864273071289,True
6745,2852,17.88008914795028,8.130800051731057e-05,0.0820322036743164,False
6748,427,14.052133888251014,8.528400212526321e-05,0.08196353912353516,True
6750,444,13.875614300559036,8.21190005808603e-05,0.0819711685180664,True
6751,427,18.140375394634518,0.0002710090011532884,0.08196353912353516,True
6752,444,16.474757378731944,7.804100096109323e-05,0.08194828033447266,True
6755,7889,18.144634505825486,8.213600085582584e-05,0.0820322036743164,False
6756,427,15.859199042816565,7.855199874029495e-05,0.0819559097290039,True
6760,444,15.2541567864846,7.98719993326813e-05,0.08196353912353516,True
6761,440,14.844548078382546,9.567899905960076e-05,0.08196353912353516,True
6762,316,14.634423261459103,8.070599869824946e-05,0.08196353912353516,True
6766,316,15.204381573051009,8.593799793743528e-05,0.08197879791259766,True
6767,2852,14.175089072446266,8.842999886837788e-05,0.0820474624633789,False
6770,316,17.618625643165114,9.877500269794837e-05,0.08197879791259766,True
6771,427,15.668497015937769,7.868999819038436e-05,0.08194828033447266,True
6773,399,20.383440316337904,8.285999865620397e-05,0.0819864273071289,True
6776,399,14.063388729031326,8.0493999121245e-05,0.08196353912353516,True
6778,427,17.452958184220176,7.912000000942498e-05,0.08194828033447266,True
6779,325,16.175923871006074,8.548400001018308e-05,0.08197879791259766,True
6783,325,12.625324466089243,8.082600106718019e-05,0.0819711685180664,True
6784,399,14.429565941843974,7.968600039021112e-05,0.0819711685180664,True
6787,406,19.49155325894005,8.152999726007693e-05,0.0819559097290039,True
6793,316,23.42745928429208,8.024500129977241e-05,0.08199405670166016,True
6797,333,13.722465230794535,7.882399950176477e-05,0.08194828033447266,True
6798,325,17.92387776896197,9.695600238046609e-05,0.08193302154541016,True
6799,335,20.98924443528256,7.915200330899097e-05,0.08194828033447266,True
6800,5364,53.43762954089833,8.302800051751547e-05,0.08200931549072266,False
6802,2852,16.838915274444577,7.849000030546449e-05,0.0819711685180664,False
6803,2852,18.224870128065053,0.00010714100062614307,0.0819864273071289,False
6804,2852,18.178812855305754,8.04070004960522e-05,0.08197879791259766,False
6805,5519,50.468380984109494,8.472599802189507e-05,0.0820932388305664,False
6806,386,21.966783723394276,8.179100041161291e-05,0.0820016860961914,True
6807,2850,35.41767188937089,8.170600267476402e-05,0.08200931549072266,False
6812,275,18.684533946010962,8.390299990423955e-05,0.08199405670166016,True
6821,8298,20.43884002681153,7.872200148995034e-05,0.0819406509399414,False
6822,3474,5.26199384271307,7.671699859201908e-05,0.08196353912353516,False
6827,6070,12.943131557231164,0.000224276001972612,0.08203983306884766,False
6829,4223,7.979795189868972,7.826399814803153e-05,0.08194828033447266,True
6830,5440,5.013877257280856,8.064900248427875e-05,0.08193302154541016,True
6831,4626,3.4673711481202667,8.362800144823268e-05,0.0819559097290039,False
6832,3576,17.505219962993447,8.247900041169487e-05,0.08203983306884766,False
6834,1025,2.6739081083197553,7.8164001024561e-05,0.0819711685180664,True
6835,1503,3.378076759828058,9.368999963044189e-05,0.0819559097290039,False
6836,6250,0.7855897755388177,7.690299753448926e-05,0.08191776275634766,False
6840,6428,2.3555870611483285,7.836000077077188e-05,0.08194828033447266,True
6841,5438,2.778127247237931,7.833400013623759e-05,0.08199405670166016,True
6842,1503,4.456611066137693,7.855199874029495e-05,0.08193302154541016,False
6845,3230,15.720482191234588,7.656900197616778e-05,0.0819406509399414,False
6847,5375,10.592901772926487,9.514799967291765e-05,0.08200931549072266,True
6849,907,1.2752092288848613,7.800100138410926e-05,0.0819864273071289,True
6854,142,10.261185781436078,7.8089000453474e-05,0.0819711685180664,False
6856,6428,3.6946920760654027,7.828699745004997e-05,0.08196353912353516,True
6858,892,8.026873646969733,7.843899948056787e-05,0.08197879791259766,True
6859,4140,3.234245385254636,7.768199793645181e-05,0.08194828033447266,True
6860,1448,0.7289280267335843,7.848799941712059e-05,0.0819711685180664,False
6861,4140,6.553005655552851,7.945100151118822e-05,0.08196353912353516,True
6862,5567,11.806426704833376,8.130499918479472e-05,0.0819864273071289,True
6865,4122,4.701718447526947,9.74829999904614e-05,0.08200931549072266,True
6866,907,0.35597086030712355,8.42219997139182e-05,0.0819253921508789,True
6868,3025,6.926272766774604,7.9008998000063e-05,0.0819864273071289,False
6869,4223,5.905084644319119,7.809599992469884e-05,0.08194828033447266,True
6872,2290,31.098151128798573,8.265899668913335e-05,0.08205509185791016,False
6873,935,4.993570137088376,7.983799878275022e-05,0.08194828033447266,True
6874,5767,15.496678363295393,8.153400267474353e-05,0.0820322036743164,False
6875,4223,8.243006034689133,9.114899876294658e-05,0.08194828033447266,True
6877,4271,20.380048168822874,8.225599958677776e-05,0.08196353912353516,True
6878,724,0.0,7.729700155323371e-05,0.08197879791259766,False
6879,3243,0.0,0.00010305799878551625,0.0819559097290039,False
6880,5440,9.78830791132315,8.100799823296256e-05,0.08199405670166016,True
6881,7300,12.07562659834434,0.00010103200111188926,0.08203983306884766,False
6883,2968,5.437701421385951,8.180300210369751e-05,0.08196353912353516,True
6884,7889,5.136849860705602,7.902699871920049e-05,0.0819406509399414,True
6886,7889,5.136849860705604,7.953699969220906e-05,0.0819406509399414,True
6889,2968,5.4371909562339615,0.00014135400124359876,0.08194828033447266,True
6890,2968,0.0,7.90190024417825e-05,0.0819711685180664,True
6891,2968,5.437956653961951,8.05569980002474e-05,0.0819711685180664,True
6892,7889,10.487944080958389,7.96309977886267e-05,0.0819406509399414,True
6894,2949,5.438211886537978,0.00010380200183135457,0.08197879791259766,True
6895,2933,6.01945359618073,8.304400034830905e-05,0.08197879791259766,True
6898,2968,5.437190956233953,8.649099981994368e-05,0.08194828033447266,True
6899,2852,10.487944080958389,8.162700032698922e-05,0.0819406509399414,True
6901,2949,0.0,7.919999916339293e-05,0.08196353912353516,True
6904,2968,0.0,8.21230023575481e-05,0.08196353912353516,True
6905,2968,5.437956653961951,8.016599895199761e-05,0.0819711685180664,True
6906,7889,5.136849860705602,7.813500269548967e-05,0.0819406509399414,True
6908,2968,5.437446188809961,7.95539999671746e-05,0.0819559097290039,True
6909,2968,5.437190956233962,0.00010400999963167123,0.08194828033447266,True
6910,7889,5.1380279906018576,8.933299977798015e-05,0.08193302154541016,True
6914,7889,5.136849860705602,7.758599895169027e-05,0.0819406509399414,True
6915,7889,5.1368498607056035,9.361200136481784e-05,0.0819406509399414,True
6917,2852,5.136849860705604,7.871199704823084e-05,0.0819406509399414,True
6919,2852,5.136849860705604,8.315999730257317e-05,0.0819406509399414,True
6920,7889,5.1380279906018576,8.614200123702176e-05,0.0819406509399414,True
6923,2852,5.137359099638083,0.00012456500189728104,0.0819559097290039,True
6925,2852,5.136849860705602,9.836100070970133e-05,0.0819406509399414,True
6928,7889,5.1380279906018576,8.000700108823366e-05,0.08193302154541016,True
6929,2968,5.437446188809961,7.999000081326813e-05,0.0819559097290039,True
6931,7889,5.136849860705604,0.00016032900020945817,0.0819406509399414,True
6932,7889,5.1380279906018576,8.121100108837709e-05,0.08193302154541016,True
6933,7889,5.136595241239362,7.896799797890708e-05,0.08193302154541016,True
6934,7889,5.136849860705602,7.885800005169585e-05,0.0819406509399414,True
6936,7889,5.136595241239364,7.90939993748907e-05,0.08193302154541016,True
6941,7889,5.1380279906018576,7.794999692123383e-05,0.08193302154541016,True
6942,7889,5.136595241239362,7.79290021455381e-05,0.08193302154541016,True
6944,2852,5.136849860705603,8.967299800133333e-05,0.0819406509399414,True
6945,7889,5.137104480171842,7.882000136305578e-05,0.08194828033447266,True
6946,2852,5.1380279906018576,7.804699998814613e-05,0.0819406509399414,True
6947,7889,5.136595241239362,7.68450008763466e-05,0.08193302154541016,True
6948,2852,5.137104480171842,7.977499990374781e-05,0.08194828033447266,True
6950,5540,29.38628907307114,8.185299884644337e-05,0.0820016860961914,False
6955,7889,5.136849860705602,7.80970003688708e-05,0.0819406509399414,True
6956,7889,5.1380279906018576,7.821199687896296e-05,0.0819406509399414,True
6960,7889,5.137104480171842,8.223400072893128e-05,0.08194828033447266,True
6961,7889,5.136595241239364,7.839000318199396e-05,0.08193302154541016,True
6962,7889,5.1380279906018576,7.943799937493168e-05,0.08193302154541016,True
6963,7889,5.136340621773122,8.550599886802956e-05,0.0819253921508789,True
6965,7889,5.136595241239362,7.759499931125902e-05,0.08193302154541016,True
6966,7889,5.136849860705602,8.328900003107265e-05,0.0819406509399414,True
6970,2852,5.136849860705604,8.279699977720156e-05,0.0819406509399414,True
6973,2852,5.1365952412393625,8.028199954424053e-05,0.08193302154541016,True
6974,2852,5.1380279906018576,8.17379986983724e-05,0.0819406509399414,True
6975,7889,5.136595241239362,7.804499909980223e-05,0.08193302154541016,True
6977,7889,9.696495963852858,8.043699926929548e-05,0.0819406509399414,True
6979,7889,5.136595241239362,8.018299922696315e-05,0.08193302154541016,True
6985,2975,13.497779275075882,8.62240012793336e-05,0.08205509185791016,True
6988,7889,10.487944080958389,7.954199827509001e-05,0.0819406509399414,True
6990,2852,5.136849860705604,8.095499651972204e-05,0.0819406509399414,True
6993,7889,5.136849860705602,7.728299897280522e-05,0.0819406509399414,True
6995,7889,5.136595241239362,7.828300294931978e-05,0.08193302154541016,True
6996,7889,5.137104480171842,8.234100096160546e-05,0.08194828033447266,True
7005,7889,5.136849860705602,7.723499948042445e-05,0.0819406509399414,True
7006,2852,5.1380279906018576,7.783899854985066e-05,0.0819406509399414,True
7009,7889,0.0,9.11880015337374e-05,0.08193302154541016,True
7013,2852,5.136849860705602,8.284099749289453e-05,0.0819406509399414,True
7015,2852,5.136849860705604,8.614100079284981e-05,0.0819406509399414,True
7016,7889,0.0,0.00016931899881456047,0.0819253921508789,True
7018,2852,5.1380279906018576,7.87130011303816e-05,0.0819406509399414,True
7021,2852,5.136849860705604,8.579200220992789e-05,0.0819406509399414,True
7022,7889,0.0,7.707899931119755e-05,0.08193302154541016,True
7023,7889,5.137104480171842,8.094299846561626e-05,0.08194828033447266,True
7031,2852,5.136849860705603,7.856800220906734e-05,0.0819406509399414,True
7036,2852,5.136849860705602,7.699599882471375e-05,0.0819406509399414,True
7037,7889,5.1380279906018576,9.649500134401023e-05,0.08193302154541016,True
7039,6644,16.002317052863823,8.223400072893128e-05,0.0820016860961914,True
7041,2852,5.136849860705604,8.871099998941645e-05,0.0819406509399414,True
7043,2852,5.136849860705602,8.228400110965595e-05,0.0819406509399414,True
7047,2852,5.136595241239362,7.651800115127116e-05,0.08193302154541016,True
7048,7889,5.137104480171842,8.117600009427406e-05,0.08194828033447266,True
7049,7889,0.0,7.913199806353077e-05,0.08193302154541016,True
7052,7889,5.136595241239362,7.94890001998283e-05,0.08193302154541016,True
7054,7889,0.0,7.714000093983486e-05,0.08193302154541016,True
7056,2852,5.136849860705604,7.908699990366586e-05,0.0819406509399414,True
7057,7889,0.0,7.68409990996588e-05,0.08193302154541016,True
7058,2852,5.136595241239364,7.722100053797476e-05,0.08193302154541016,True
7059,7889,5.1380279906018576,7.97079992480576e-05,0.08193302154541016,True
7061,2852,5.136849860705604,7.70679980632849e-05,0.0819406509399414,True
7063,2852,5.137104480171842,7.842400009394623e-05,0.08194828033447266,True
7068,7889,5.136595241239362,7.783099863445386e-05,0.08193302154541016,True
7069,7889,5.136595241239362,7.549799920525402e-05,0.08193302154541016,True
7070,7889,5.137104480171842,7.698999979766086e-05,0.08194828033447266,True
7071,7889,0.0,7.753499812679365e-05,0.08193302154541016,True
7072,7889,5.136849860705602,7.868000102462247e-05,0.0819406509399414,True
7073,2852,5.1380279906018576,7.844900028430857e-05,0.0819406509399414,True
7075,2852,5.136849860705604,0.00010280800051987171,0.0819406509399414,True
7082,2968,5.437446188809962,7.893899964983575e-05,0.0819559097290039,True
7087,2852,5.136849860705604,7.772699973429553e-05,0.0819406509399414,True
7089,7889,0.0,7.766600174363703e-05,0.0819253921508789,True
7092,7889,5.136849860705602,9.331100227427669e-05,0.0819406509399414,True
7094,7750,29.867593986828084,8.484399950248189e-05,0.0820779800415039,False
7096,4517,25.235088016604728,8.030199751374312e-05,0.0819711685180664,True
7097,472,27.186082583060667,7.9882000136422e-05,0.08197879791259766,True
7099,7750,25.550971366007797,8.751100176596083e-05,0.08208560943603516,False
7100,4511,21.195425188291455,8.202800017897971e-05,0.08199405670166016,True
7101,7673,41.16920537024566,9.06530003703665e-05,0.0820932388305664,False
7105,464,26.215093722852487,8.05609997769352e-05,0.0819711685180664,True
7108,2949,33.23423169085998,8.297900058096275e-05,0.0819864273071289,False
7114,7750,28.82212986707281,8.627100032754242e-05,0.0820779800415039,False
7116,7738,42.464347038427476,9.092400068766437e-05,0.08211612701416016,False
7117,7798,22.61907256940825,0.00013898500037612393,0.08210086822509766,False
7118,2852,19.374518183412015,0.00011190599980182014,0.0819559097290039,False
7122,8623,42.02252043039893,8.657800208311528e-05,0.0821084976196289,True
7124,8634,35.1729780648844,9.13600015337579e-05,0.0820932388305664,True
7125,7742,36.19310263223256,9.272700117435306e-05,0.0821237564086914,False
7128,7738,36.788096004211816,9.049000072991475e-05,0.08210086822509766,False
7129,464,19.887333050789,7.967800047481433e-05,0.08196353912353516,True
7132,464,25.3170969889835,8.281500049633905e-05,0.08196353912353516,True
7134,7889,18.702204310988414,8.01880014478229e-05,0.0819711685180664,False
7135,2852,18.136472695394126,8.245400022133254e-05,0.0819711685180664,False
7136,464,25.354762342921177,7.898499825387262e-05,0.08196353912353516,True
7138,472,16.505428728985063,8.27530020615086e-05,0.08197879791259766,True
7139,472,19.146373058074,8.36710023577325e-05,0.0820016860961914,True
7141,472,16.536253997076685,0.00010174899944104254,0.08196353912353516,True
7147,7889,17.94038409497756,7.868000102462247e-05,0.08194828033447266,False
7150,464,28.34769524905712,8.216400237870403e-05,0.08200931549072266,True
7151,7738,35.71850851604577,8.638500003144145e-05,0.0821084976196289,False
7153,334,19.66659252357693,8.301799971377477e-05,0.0819864273071289,True
7154,481,19.462989376662645,9.191400022245944e-05,0.08194828033447266,True
7156,7672,35.480095679480826,9.142199996858835e-05,0.0820627212524414,False
7158,900,13.760929502450344,7.871599882491864e-05,0.08193302154541016,False
7159,7750,39.07893544169655,8.820400034892373e-05,0.08213138580322266,False
7160,7750,22.524411382284317,8.757099931244738e-05,0.08211612701416016,False
7161,8590,32.53862236490577,0.00011140200149384327,0.08205509185791016,True
7162,440,20.35903186370662,8.280700058094226e-05,0.0819864273071289,True
7163,471,19.633405230891672,7.896099850768223e-05,0.0819559097290039,True
7164,464,21.577268724482337,8.150600115186535e-05,0.0820016860961914,True
7165,334,34.12386819859005,8.578800043324009e-05,0.08196353912353516,True
7166,385,30.671596526209683,8.069400064414367e-05,0.08196353912353516,True
7168,440,22.644979788430515,8.200000229408033e-05,0.0820016860961914,True
7171,444,21.50275659505438,7.964199903653935e-05,0.08196353912353516,True
7174,2852,27.619107525784724,8.269099998869933e-05,0.0820169448852539,False
7176,7889,22.00751269581149,9.031400259118527e-05,0.08202457427978516,False
7178,472,33.219777005275226,7.726100011495873e-05,0.08196353912353516,True
7180,7738,12.42729693329614,8.925599831854925e-05,0.08210086822509766,False
7181,464,17.373505952368465,7.983799878275022e-05,0.0819711685180664,True
7182,7659,42.92508824958064,8.742000136408024e-05,0.0820779800415039,False
7183,482,29.025536887824888,8.18799999251496e-05,0.08197879791259766,True
7184,444,19.878484549805215,8.128899935400113e-05,0.0819864273071289,True
7185,444,21.264603009398947,8.283799979835749e-05,0.08196353912353516,True
7187,444,15.424190280361765,7.790100062265992e-05,0.08193302154541016,True
7188,472,42.43845428612583,8.273999992525205e-05,0.0820016860961914,True
7189,471,15.448072563231866,8.198299838113599e-05,0.08196353912353516,True
7194,2852,35.56883840131646,8.040000102482736e-05,0.08197879791259766,False
7195,471,20.54171281909631,9.802999920793809e-05,0.0819864273071289,True
7196,472,15.97754913625718,8.208600047510117e-05,0.08194828033447266,True
7198,7750,32.20310235528191,0.00010330299846827984,0.08210086822509766,False
7199,4517,27.64819518475929,9.194500307785347e-05,0.08213138580322266,True
7201,386,38.71009147158862,8.082299973466434e-05,0.08197879791259766,True
7202,427,20.04362853996273,8.233699918491766e-05,0.08196353912353516,True
7207,386,24.502086718794953,8.153000089805573e-05,0.08196353912353516,True
7208,403,27.344961243026862,8.627100032754242e-05,0.0819711685180664,True
7209,444,30.3600134110085,9.229499846696854e-05,0.08196353912353516,True
7210,2852,17.173203419348823,8.481899931211956e-05,0.0819864273071289,False
7212,7889,22.887092647958486,8.363700180780143e-05,0.08202457427978516,False
7213,427,18.56474074330034,8.020799941732548e-05,0.0819864273071289,True
7214,467,29.805331857875046,8.106300083454698e-05,0.08197879791259766,True
7215,386,17.23810374403324,7.860600089770742e-05,0.08193302154541016,True
7216,482,19.17031103705317,8.301900015794672e-05,0.0819711685180664,True
7217,2852,20.715272614671505,8.424100087722763e-05,0.08199405670166016,False
7220,2852,13.813985903140022,8.056599835981615e-05,0.0819711685180664,False
7222,427,28.58737791010748,8.828100180835463e-05,0.08196353912353516,True
7226,471,19.022003248915066,7.94180014054291e-05,0.0819711685180664,True
7229,423,16.809386093600157,8.115000309771858e-05,0.0819864273071289,True
7231,2852,20.14863004166399,8.22649999463465e-05,0.08200931549072266,False
7235,444,16.227982268448724,7.82370007073041e-05,0.08196353912353516,True
7236,333,7.819400559103497,7.674000153201632e-05,0.0819253921508789,True
7237,385,20.885581338455225,7.668100079172291e-05,0.0819406509399414,True
7238,316,15.612951154932146,7.711700163781643e-05,0.0819406509399414,True
7240,427,15.338812627026734,8.014799823286012e-05,0.0819406509399414,True
7247,7956,13.065538381240284,8.737000098335557e-05,0.08197879791259766,False
7249,7799,25.340472939482947,9.012800001073629e-05,0.08214664459228516,False
7250,1443,4.765136042022308,7.840599937480874e-05,0.0819711685180664,True
7253,7000,3.0550989797595722,7.90899975982029e-05,0.0819711685180664,True
7254,6151,21.97281992868164,7.755499973427504e-05,0.08197879791259766,True
7257,1444,22.7033801322161,0.00010219199975836091,0.0820474624633789,True
7258,6944,8.96669174115882,9.195200254907832e-05,0.0820322036743164,True
7259,6744,12.766833442628922,8.001500100363046e-05,0.0820169448852539,False
7262,5841,20.010574454785353,8.361999789485708e-05,0.08203983306884766,False
7263,560,15.741808803913454,8.163800157490186e-05,0.0820016860961914,False
7265,8009,16.444385827791596,7.952899977681227e-05,0.0820016860961914,False
7266,854,3.1491949814107683,0.00010439200195833109,0.0819711685180664,False
7267,6236,18.180244620249834,8.561299910070375e-05,0.08205509185791016,True
7268,7769,34.308224777135614,8.803500168141909e-05,0.0820932388305664,False
7270,7070,3.8792301723514306,8.261100083473139e-05,0.0819711685180664,True
7279,1455,7.132761954417985,8.408600115217268e-05,0.08203983306884766,True
7287,1324,33.7393152573819,8.298999819089659e-05,0.08205509185791016,False
7289,6954,16.456031004453425,8.249699749285355e-05,0.08202457427978516,True
7291,7033,1.6949122499537497,8.162400263245218e-05,0.0819864273071289,True
7293,5375,8.868077501245955,8.46049988467712e-05,0.0820627212524414,False
7294,1071,0.03244377565950573,7.811099931132048e-05,0.08194828033447266,False
7295,3547,25.32306189069875,8.231999890995212e-05,0.08197879791259766,False
7296,5865,41.50812326198639,7.65350014262367e-05,0.08191776275634766,False
7300,4169,20.038902105274442,0.00010290199861628935,0.0820169448852539,False
7302,4122,6.790148881927471,8.045299910008907e-05,0.0819559097290039,False
7303,1443,9.37916355307199,7.70879996707663e-05,0.0819711685180664,True
7309,5976,23.104354403372714,8.030000026337802e-05,0.08199405670166016,False
7310,6502,15.528820000738794,9.253300231648609e-05,0.0821695327758789,False
7311,8340,20.131224245850458,8.727299791644327e-05,0.0821237564086914,False
7312,5399,8.395113709831824,8.182500096154399e-05,0.08200931549072266,False
7323,6940,1.2400033951702645,8.004399933270179e-05,0.0819559097290039,True
7324,907,2.4995234601211007,8.617400089860894e-05,0.0819864273071289,False
7327,8661,4.882691413782513,7.779999941703863e-05,0.08194828033447266,False
7329,8661,5.437917963344384,0.00010449299952597357,0.08194828033447266,False
7331,6944,10.76744907041304,8.16589999885764e-05,0.08200931549072266,True
7334,560,13.743141484747925,0.0001153840021288488,0.0820016860961914,False
7335,1443,8.210349353943698,8.742200225242414e-05,0.08197879791259766,True
7336,3677,23.838888730793343,8.432599861407652e-05,0.08205509185791016,False
7337,5515,4.482055514061586,9.021399819175713e-05,0.0819864273071289,False
7339,5865,58.8382165151917,7.61480005166959e-05,0.0819253921508789,False
7341,1448,2.9896090088518004,8.254099884652533e-05,0.0819711685180664,True
7344,6554,23.935059444411355,8.636499842396006e-05,0.08210086822509766,False
7345,986,7.558601006995511,9.287300053983927e-05,0.0819559097290039,False
7346,5492,0.7708908099815297,7.745799666736275e-05,0.0819864273071289,False
7347,907,0.9650556423470011,7.814099808456376e-05,0.0819253921508789,False
7349,4639,5.6583199944323095,7.806299981893972e-05,0.0819253921508789,True
7353,560,4.523688473280827,9.17229990591295e-05,0.08197879791259766,False
7357,3539,8.249142579978614,7.77629975345917e-05,0.08197879791259766,False
7360,7147,22.314901355951495,0.00015810799959581345,0.08194828033447266,False
7362,860,7.387052605889225,7.74710024415981e-05,0.08196353912353516,False
7366,3335,9.802244896811704,7.902200013631955e-05,0.0819711685180664,True
7370,3025,7.499900268217326,7.719399945926853e-05,0.0819864273071289,False
7374,6400,2.8610619416237033,7.712799924775027e-05,0.08197879791259766,False
7376,173,7.272557697555677,8.009200246306136e-05,0.08193302154541016,True
7379,560,4.941434584034911,7.717900007264689e-05,0.08194828033447266,False
7383,6268,3.5244954500333288,7.953500244184397e-05,0.0819864273071289,False
7385,6268,2.0845715743076543,7.951100269565359e-05,0.08199405670166016,False
7386,5515,6.399179806730882,8.369100032723509e-05,0.08191776275634766,False
7388,5088,3.102752940400107,7.757200000924058e-05,0.0819406509399414,False
7390,3209,0.10087833743154395,8.232899926952086e-05,0.0820322036743164,True
7391,5011,5.094156121622792,9.347800005343743e-05,0.0820322036743164,False
7392,3025,2.3211979908622657,7.853499846532941e-05,0.0819253921508789,False
7393,3025,1.973217538190596,7.740100045339204e-05,0.0819253921508789,False
7395,724,0.0,7.850500333006494e-05,0.08197879791259766,True
7397,2908,0.05009451451714263,8.040000102482736e-05,0.0819864273071289,False
7400,6951,11.462882954069512,8.91029994818382e-05,0.08200931549072266,False
7401,8095,8.80848163892793,7.934300083434209e-05,0.0819559097290039,True
7402,6951,12.649384092483254,8.124599844450131e-05,0.0820016860961914,False
7405,553,0.1925601534477248,7.960099901538342e-05,0.0819559097290039,True
7408,868,0.21547898937285317,7.596900104545057e-05,0.0819253921508789,False
7409,3298,3.1206735265292007,8.012699981918558e-05,0.08199405670166016,True
7410,5023,10.985041505145897,7.971299783093855e-05,0.0819711685180664,False
7412,524,8.133046944414753,9.678599963081069e-05,0.0820169448852539,True
7414,553,10.323386605750034,8.346600225195289e-05,0.0820169448852539,True
7419,8079,10.357339617612215,7.917400216683745e-05,0.08197879791259766,True
7421,5011,14.53451056149347,7.733100210316479e-05,0.08197879791259766,False
7423,3209,1.614360044127688,8.626099952380173e-05,0.0819559097290039,True
7424,671,4.079466724296815,7.865700172260404e-05,0.0819864273071289,True
7427,5077,18.798328552860468,7.958599962876178e-05,0.0819711685180664,False
7428,5104,15.050230843429457,8.151899965014309e-05,0.0819559097290039,False
7430,1455,12.787915148322023,7.940900104586035e-05,0.0820016860961914,False
7431,5171,26.28515151488756,8.486299702781253e-05,0.0820016860961914,False
7432,747,17.84115796033196,8.479800089844503e-05,0.0820932388305664,True
7433,5175,3.9942934168464346,8.002699905773625e-05,0.08203983306884766,False
7435,5104,13.135878048368344,8.447200161754154e-05,0.08199405670166016,False
7437,2745,15.37308836608157,7.86179989518132e-05,0.0819711685180664,False
7438,6814,6.996554236433838,8.37539992062375e-05,0.0820169448852539,True
7441,5285,17.007066022964587,7.903799996711314e-05,0.08196353912353516,False
7443,2745,17.3597815318375,7.965999975567684e-05,0.0819711685180664,False
7445,6909,21.583314027478938,8.124399755615741e-05,0.08197879791259766,True
7446,557,9.739493852917859,8.255600187112577e-05,0.0820169448852539,True
7451,4631,23.381576026245853,0.00010080900028697215,0.08200931549072266,False
7454,5175,21.75423545551664,0.00010077299884869717,0.0820016860961914,False
7455,6365,14.08818697256984,8.032600089791231e-05,0.0820016860961914,False
7456,6365,10.955937910907474,7.78520006861072e-05,0.08197879791259766,False
7459,747,14.028612166228644,8.30630015116185e-05,0.0820016860961914,True
7461,2908,21.21675842630179,8.621600136393681e-05,0.0819864273071289,False
7463,5285,21.790671317752413,8.055299986153841e-05,0.0819864273071289,False
7464,6872,3.657218768715862,8.267800149042159e-05,0.0820474624633789,True
7467,5077,24.802607260530422,7.891700079198927e-05,0.08194828033447266,False
7468,557,11.663793436599466,8.488200182910077e-05,0.08203983306884766,True
7473,826,9.90821293710907,8.230800085584633e-05,0.0820169448852539,True
7475,6909,16.424073231792455,8.342099681613036e-05,0.0819864273071289,True
7476,6872,4.99065806410074,8.185399929061532e-05,0.08202457427978516,True
7477,1070,14.140805100860137,8.177200288628228e-05,0.08202457427978516,False
7484,6216,14.444227352186228,8.089299808489159e-05,0.08200931549072266,False
7485,700,5.219796559295239,9.595800293027423e-05,0.0820627212524414,True
7492,724,0.0,8.0873000115389e-05,0.08194828033447266,True
7493,724,0.0,7.958300193422474e-05,0.0819406509399414,True
7497,682,0.6395455457708387,7.734200335107744e-05,0.0819864273071289,True
7501,597,5.617412044045514,7.87210010457784e-05,0.08194828033447266,True
7504,724,0.0,8.092699863482267e-05,0.08194828033447266,True
7508,724,0.0,7.677299799979664e-05,0.08194828033447266,True
7510,724,0.0,8.258300294983201e-05,0.08194828033447266,True
7511,724,0.0,7.73210012994241e-05,0.0819559097290039,True
7516,2908,1.123877875910308,8.368699855054729e-05,0.08197879791259766,False
7517,5077,23.552823387495472,8.055299986153841e-05,0.0819406509399414,False
7518,6903,5.413613718464219,8.299399996758439e-05,0.0820322036743164,True
7520,3209,0.21962198065941896,8.44570022309199e-05,0.08203983306884766,True
7522,524,4.295599461623591,7.973700121510774e-05,0.0819559097290039,True
7526,7964,8.233588330620684,7.940299838082865e-05,0.08196353912353516,True
7527,6987,2.8853096154796454,7.851799819036387e-05,0.0819559097290039,False
7529,3213,0.0,7.756199920549989e-05,0.08196353912353516,False
7530,1552,16.817635712743105,7.778600047458895e-05,0.08197879791259766,False
7531,1026,2.6740538002976155,7.811199975549243e-05,0.0819406509399414,True
7532,5369,0.34905475623201665,7.869399996707216e-05,0.08194828033447266,True
7537,1048,7.15238272250059e-05,7.751999874017201e-05,0.08197879791259766,True
7538,3143,4.144803686699127,7.625799844390713e-05,0.0819253921508789,False
7539,5663,3.756174523299832,8.146400068653747e-05,0.08200931549072266,True
7540,1042,3.686560890470272,7.84779986133799e-05,0.08194828033447266,True
7542,1026,11.263924928443707,7.876400195527822e-05,0.0819253921508789,True
7543,5195,4.379275547715597,7.952799933264032e-05,0.0820016860961914,False
7546,6400,4.64494090113698,7.865500083426014e-05,0.0819864273071289,True
7549,943,0.3103574691945056,7.667400132049806e-05,0.08193302154541016,True
7551,1025,3.9488873261133883,7.669800106668845e-05,0.08193302154541016,True
7552,3539,0.5784962353095842,7.988899960764684e-05,0.0819711685180664,False
7553,6383,0.024610593759628954,7.956699846545234e-05,0.08197879791259766,True
7557,907,0.2212626622078817,7.731999721727334e-05,0.08193302154541016,True
7558,724,0.0,8.084400178631768e-05,0.0819711685180664,False
7559,2834,0.0,8.787899787421338e-05,0.0819711685180664,False
7560,5680,5.656875613481704,8.474199785268866e-05,0.0820322036743164,True
7561,907,1.79991334521493,8.594900282332674e-05,0.0819253921508789,True
7564,6143,1.9503623096713647,8.215299749281257e-05,0.08196353912353516,False
7569,6365,8.167895936417075,7.783699766150676e-05,0.0819711685180664,True
7571,6697,1.1314395013042589,7.659399852855131e-05,0.0819253921508789,False
7572,4140,5.455332258163285,7.805499990354292e-05,0.0819711685180664,True
7573,891,0.7752023698951298,0.00010169899906031787,0.08194828033447266,True
7574,8651,1.2577660342916681,7.632099732290953e-05,0.08194828033447266,False
7578,3404,2.5701177756662585,7.904500307631679e-05,0.08197879791259766,False
7580,3404,3.676028716886086,7.799599916324951e-05,0.08197879791259766,False
7582,1026,1.6369534155073364,8.049999814829789e-05,0.0819559097290039,True
7583,6383,2.7465478314421063,9.136800144915469e-05,0.0819864273071289,True
7584,5440,8.125553293201135,8.126299871946685e-05,0.08197879791259766,True
7585,7822,27.56697937253937,8.423200051765889e-05,0.0820322036743164,True
7587,6383,0.8250046678027718,7.707500117248856e-05,0.0819253921508789,True
7590,3199,9.489669729488261,7.74669970269315e-05,0.08191776275634766,False
7591,164,4.376296279019025,8.000500019988976e-05,0.0819711685180664,False
7593,3213,0.0,7.730199649813585e-05,0.08197879791259766,False
7597,6815,0.0,8.059299943852238e-05,0.08197879791259766,False
7598,1071,0.1338840483297005,7.696299871895462e-05,0.0819253921508789,True
7602,47,0.7898624718192322,7.8013999882387e-05,0.08196353912353516,False
7603,4097,4.730248130329011,9.315299757872708e-05,0.0820016860961914,True
7606,5574,11.334338549049063,8.564499876229092e-05,0.0820627212524414,True
7609,6829,0.0,7.876500239945017e-05,0.0819711685180664,False
7611,8262,8.27419145937483,0.000180311002623057,0.08191776275634766,False
7615,1025,0.2596229580468883,7.749799988232553e-05,0.08193302154541016,True
7616,925,4.767750296231727,0.00012727699868264608,0.0820016860961914,True
7618,3426,8.176310797726547,7.816899960744195e-05,0.0819559097290039,False
7619,6829,0.0,7.788599759805948e-05,0.08197879791259766,False
7620,3236,6.564727072889219,8.483499914291315e-05,0.0819253921508789,False
7621,3213,0.0,8.181399971363135e-05,0.0819864273071289,False
7625,922,19.005287020779463,7.865700172260404e-05,0.08196353912353516,True
7626,943,9.999334444677203,7.69279977248516e-05,0.08193302154541016,True
7627,7183,5.951982946668274,8.038099986151792e-05,0.0819864273071289,False
7628,6221,25.553604766525797,8.235499990405515e-05,0.0820169448852539,False
7629,5371,16.37236723033782,8.598199929110706e-05,0.0820474624633789,True
7633,6428,3.791485966071609,9.024099927046336e-05,0.0819559097290039,True
7636,1070,15.798294734308655,7.703500159550458e-05,0.0819406509399414,True
7637,5438,12.762346545776808,7.935400208225474e-05,0.0819711685180664,True
7638,22,8.580176585231342,8.068500028457493e-05,0.08193302154541016,False
7639,7033,21.8782651545662,9.517699800198898e-05,0.08194828033447266,False
7641,5285,26.419552869140276,7.893899964983575e-05,0.0819711685180664,False
7642,5440,8.151074764035855,8.234400229412131e-05,0.0819864273071289,True
7643,911,4.695837061436249,7.776399797876365e-05,0.0819406509399414,True
7644,911,2.9997452750532507,7.851500049582683e-05,0.0819253921508789,True
7645,3441,9.607214659272257,7.932600055937655e-05,0.0819711685180664,False
7647,6829,8.730894987948144,7.765400005155243e-05,0.0819711685180664,False
7648,8912,8.548548374398585,8.214300032705069e-05,0.0819864273071289,False
7649,1048,0.9038502836356166,9.067200153367594e-05,0.0819559097290039,True
7650,4991,3.7775166127309356,7.795599958626553e-05,0.0819253921508789,False
7653,4798,9.67218366780403,7.77770001150202e-05,0.08197879791259766,False
7654,670,1.6036300828041377,0.0003133469981548842,0.08197879791259766,False
7661,6961,14.168542197487112,8.019400047487579e-05,0.08199405670166016,False
7663,5540,6.399641381139056,8.097399768303148e-05,0.0819864273071289,True
7665,3549,8.662102798835923,7.651600026292726e-05,0.08193302154541016,False
7668,2746,7.559830408900371,8.438599979854189e-05,0.0820627212524414,True
7669,7822,18.29610282700682,0.00010939799904008396,0.08210086822509766,True
7670,5574,2.0989972481374313,9.471899829804897e-05,0.0819864273071289,True
7671,3539,5.4121325480586036,8.792200242169201e-05,0.08196353912353516,False
7674,925,2.779871050092073,8.054199861362576e-05,0.0819406509399414,True
7681,560,1.8234413566075078,7.91729980846867e-05,0.0819864273071289,False
7686,3041,16.23035389038779,8.076000085566193e-05,0.08197879791259766,False
7687,5680,9.440287901426304,8.186700142687187e-05,0.08199405670166016,True
7688,6732,12.835310616167089,7.789200026309118e-05,0.08194828033447266,False
7689,3549,2.3100246766767603,7.797199941705912e-05,0.08193302154541016,False
7691,724,0.0,7.806199937476777e-05,0.0819711685180664,False
7692,109,36.11137505044126,8.075000005192123e-05,0.0819406509399414,False
7693,1509,0.001050916195940001,7.610499960719608e-05,0.08193302154541016,False
7695,900,0.22181918082669647,8.785599857219495e-05,0.0819559097290039,True
7697,6428,1.7021706260692735,7.896199895185418e-05,0.08194828033447266,True
7699,8009,10.605162998846785,8.272800187114626e-05,0.0819864273071289,True
7700,925,3.3402680960820246,7.83989999035839e-05,0.0819711685180664,True
7702,93,8.113103948968936,7.937299960758537e-05,0.08196353912353516,False
7703,5574,2.4794415670488057,9.550100003252737e-05,0.0819864273071289,True
7704,900,0.24555776981443503,7.964200267451815e-05,0.08191776275634766,True
7708,6829,0.0,7.92399987403769e-05,0.0819864273071289,False
7709,900,0.7277540023469957,7.658399772481062e-05,0.0819253921508789,True
7710,6345,0.0,7.864199869800359e-05,0.08197879791259766,True
