Test Index,Train Index,Score,Computing Time (s),Space Usage (MB),Same Class
0,8739,19.051014219271497,0.00013100100113661028,0.08194828033447266,False
1,7753,29.004383071335695,0.00013226100054453127,0.0819559097290039,False
4,1448,11.537429724921326,0.0001296339978580363,0.08193302154541016,True
7,8739,31.88509696820484,0.00013057200339972042,0.0819253921508789,False
8,994,3.1422927766417077,0.0001300330004596617,0.0819253921508789,False
10,7794,44.031391336546044,0.00016592700194451027,0.08197879791259766,False
14,7753,33.226249634654664,0.00013835500067216344,0.08197879791259766,False
15,6286,1.8413322143035311,0.00014783699953113683,0.08191776275634766,True
17,688,0.4463458536146438,0.00012643700029002503,0.08191776275634766,False
20,6315,6.780502722834452,0.00013309099813341163,0.0819253921508789,False
23,5177,22.53475680386242,0.00012846800018451177,0.08193302154541016,False
24,8739,28.00167644610926,0.0001298280003538821,0.08194828033447266,False
25,994,43.37517244259661,0.00013853500058758073,0.08191776275634766,False
27,6315,11.039069029046255,0.0001268029991479125,0.08191776275634766,False
35,8689,14.154518892621116,0.00012878100096713752,0.08191776275634766,False
36,5330,28.86571876229952,0.00013764200048171915,0.0819864273071289,False
45,7753,31.581363851451123,0.00013302099978318438,0.08197879791259766,False
47,7794,45.430965920144835,0.0001338399997621309,0.08197879791259766,False
49,8739,31.975271229179153,0.00015225099923554808,0.08193302154541016,False
51,7034,32.613219942561045,0.00012847600009990856,0.0819253921508789,True
52,1451,14.000440038206085,0.00013311700240592472,0.08194828033447266,True
53,7753,56.00785779548078,0.00014349699995364062,0.08197879791259766,False
54,6375,9.70347588624743,0.00016862199845490977,0.0819406509399414,False
56,7753,36.78842810557216,0.000143828998261597,0.08197879791259766,False
57,3125,37.49163996635674,0.0001347879988315981,0.0819864273071289,False
60,8226,12.421307588795235,0.00012871000217273831,0.08193302154541016,False
63,8739,21.56924029523722,0.00016320900249411352,0.0819406509399414,False
65,3406,21.94703134249324,0.00013916600073571317,0.08194828033447266,False
70,7034,12.809747579229942,0.00013096000111545436,0.0819559097290039,True
74,6937,13.326807600321809,0.0001429679978173226,0.0819559097290039,True
75,4624,12.601308442493904,0.00013410199971986003,0.0819253921508789,True
78,4617,4.371971622763841,0.00012944699847139418,0.08191776275634766,True
79,6735,19.143779333733526,0.00013219600077718496,0.08196353912353516,False
80,1448,11.702380749495918,0.00013804699847241864,0.0819253921508789,True
81,1451,11.340868958078024,0.00013003999993088655,0.0819406509399414,True
82,1373,55.4822419921244,0.00015697599883424118,0.08196353912353516,False
83,7753,37.08369578227047,0.0001467300025979057,0.0819864273071289,False
87,7753,22.6164589363144,0.00017131200002040714,0.08196353912353516,False
88,7753,24.254437268983033,0.0001367110016872175,0.0819711685180664,False
91,7753,33.871947400048306,0.00013396600115811452,0.0819711685180664,False
96,8707,56.90788349909334,0.000136804002977442,0.0819711685180664,False
97,6479,8.030906352600484,0.0001386379990435671,0.0819253921508789,False
100,8093,34.831537940696236,0.00012944000263814814,0.0819406509399414,False
104,6722,19.79070002940134,0.0001297210001212079,0.08193302154541016,False
105,7753,42.78608916633388,0.00014157300029182807,0.0819864273071289,False
106,6171,16.36047453959587,0.00013740900249104016,0.08194828033447266,True
111,7009,18.3909178262767,0.00012908599819638766,0.0819406509399414,True
113,7062,5.351684000690489,0.00013781499728793278,0.08193302154541016,True
114,3392,18.894196629850462,0.0001319090006290935,0.0819559097290039,False
115,5801,11.880529211784935,0.00013801699969917536,0.0819406509399414,False
117,55,10.091926913813092,0.00012957199942320585,0.08194828033447266,False
120,6937,14.87735750652801,0.00012761299876729026,0.08191776275634766,True
121,7105,3.588110813956618,0.00012897600026917644,0.0819253921508789,True
134,5990,23.374009660088138,0.00014210500012268312,0.08191776275634766,True
135,3353,16.360242439875545,0.0001414440012013074,0.08193302154541016,False
136,6315,12.781505377435582,0.0001302739983657375,0.08194828033447266,True
139,5225,28.277608357082915,0.00013775000115856528,0.08194828033447266,False
141,8089,39.32220678238981,0.00014176700278767385,0.08194828033447266,False
142,3267,24.358936457628403,0.0001281629993172828,0.08191776275634766,False
149,3348,11.797538780734385,0.00012968000010005198,0.0819253921508789,False
154,6230,26.203724625429857,0.00013263399887364358,0.0819711685180664,False
155,6149,24.741850916837137,0.0001312179992964957,0.0819559097290039,False
156,6305,4.2960044381302875,0.0001365650023217313,0.08193302154541016,True
157,6297,17.92885747183034,0.00014046500291442499,0.08196353912353516,False
158,8778,2.0,0.00016950099961832166,0.0819253921508789,True
160,5711,17.603369212498446,0.00012820200208807364,0.08191776275634766,True
163,6215,43.58648879199531,0.0001305780024267733,0.0819406509399414,False
166,6149,13.364582732658704,0.00013272400246933103,0.08194828033447266,False
170,890,12.542365501156105,0.00013086399849271402,0.08194828033447266,True
172,4973,9.000849786958872,0.00013057099931756966,0.08193302154541016,False
173,6722,24.313579933212033,0.00013267200120026246,0.0819406509399414,False
174,1466,11.930244815470012,0.0001574990019435063,0.0819406509399414,False
177,3364,9.885031605431342,0.0001515319963800721,0.0819406509399414,False
178,867,4.0,0.0001289749998250045,0.08193302154541016,True
181,6665,7.428311845144874,0.000131590997625608,0.0819253921508789,False
182,5565,10.82050418488162,0.00012984400018467568,0.0819406509399414,True
183,3724,10.915624717578263,0.00016500900164828636,0.08194828033447266,False
185,6707,6.852158680036989,0.00013348199718166143,0.0819406509399414,False
186,8177,26.784394367743097,0.00013959699936094694,0.0819864273071289,False
187,3270,2.8387905289457445,0.00013855500219506212,0.0819253921508789,False
191,598,14.599219768446083,0.00013164000120013952,0.0819559097290039,False
192,3278,12.689712259888486,0.0001323590004176367,0.0819559097290039,False
193,8177,22.6261122738157,0.00013606200081994757,0.08194828033447266,False
194,6418,10.13774798652174,0.00013209099779487588,0.08193302154541016,True
195,867,10.421583133649259,0.0001299030009249691,0.0819559097290039,True
196,50,45.491087735392966,0.00013062400103081018,0.0819559097290039,False
202,6305,2.331740844402076,0.00012896800035377964,0.0819253921508789,True
204,991,6.375303106385012,0.00013702000069315545,0.0819406509399414,True
205,6735,62.48799423633393,0.00013214499995228834,0.08193302154541016,False
206,7947,20.572260419174025,0.0001350230013485998,0.0819406509399414,True
207,6782,6.0529828934753045,0.0001319010007136967,0.0819253921508789,False
210,5865,11.712396746847299,0.00013101600052323192,0.0819253921508789,False
212,8765,5.305680952998462,0.0001481100007367786,0.0819253921508789,True
214,50,61.08488024661995,0.0001384009992762003,0.0819559097290039,False
216,1297,90.8366173566755,0.0001292910019401461,0.08191776275634766,False
217,5915,1.2470656048025528,0.00014562500291503966,0.08191776275634766,False
218,4867,10.128619261303937,0.00014237299910746515,0.0819406509399414,False
219,5463,11.850885505578367,0.00014403699969989248,0.0819253921508789,True
221,7070,3.7534204398298328,0.00012819000039598905,0.0819253921508789,False
226,6687,11.501719661244127,0.00013986799967824481,0.0819253921508789,False
227,8739,16.59548366103361,0.00013973100067232735,0.0819711685180664,False
228,6985,2.9146967325036908,0.00014230000306270085,0.0819253921508789,False
229,6457,16.14428217927691,0.00014434300101129338,0.0819406509399414,True
231,6315,15.060744654444068,0.00013332000162336044,0.08196353912353516,True
233,6288,8.343491909640004,0.00012976200014236383,0.08194828033447266,False
234,5565,5.801323978116211,0.0001304399993387051,0.08193302154541016,True
240,1472,4.4460858961372764,0.0001380949979647994,0.08191776275634766,False
241,4867,7.835921081785587,0.00012964299821760505,0.08193302154541016,False
245,5915,0.0013325474483171609,0.00013767099881079048,0.08191776275634766,False
250,46,9.472879774589572,0.0001479700003983453,0.08193302154541016,False
251,2820,3.5807628660223654,0.00012905699986731634,0.0819253921508789,False
252,6149,20.730358006969524,0.00016221899932133965,0.08196353912353516,False
257,4700,18.02873502541754,0.00013562199819716625,0.08194828033447266,False
258,6665,7.030893563443451,0.0001270159991690889,0.08193302154541016,False
259,1126,39.99874419584939,0.00013358500291360542,0.08196353912353516,False
260,6472,4.97708485032242,0.00014580100105376914,0.08193302154541016,True
261,8089,4.215157551102947,0.00013458800094667822,0.08193302154541016,False
269,890,7.952604943974646,0.00014316899978439324,0.0819253921508789,True
274,8778,2.0,0.00012838399925385602,0.0819253921508789,True
276,1077,19.666138024914588,0.00013536400001612492,0.08197879791259766,True
278,6416,5.578528071122037,0.00012771800174959935,0.08191776275634766,True
279,6418,4.180771583866504,0.00013150100130587816,0.08191776275634766,True
284,6305,4.009961816450604,0.0001374750027025584,0.08193302154541016,True
285,8191,13.909436222616982,0.00013009599933866411,0.08191776275634766,False
286,8247,8.308584658956082,0.00015312899995478801,0.08193302154541016,False
288,867,0.0,0.0001272610024898313,0.08191776275634766,True
289,6707,14.646857222004126,0.00013132900130585767,0.0819253921508789,False
290,6440,4.032867559376165,0.000130749998788815,0.08193302154541016,True
292,6707,15.626288792419599,0.00013167900033295155,0.08193302154541016,False
294,1053,20.329573565571305,0.00014335800005937926,0.0819711685180664,True
298,4177,7.711613335957716,0.00013563000175054185,0.0819406509399414,True
299,8782,10.588967995800772,0.00014516299779643305,0.0819406509399414,True
306,5677,21.24907218088241,0.0001269489985133987,0.08191776275634766,True
310,6315,7.4999543203820105,0.00014070700126467273,0.0819406509399414,True
312,50,64.61726333790807,0.00012952500037499703,0.0819559097290039,False
316,7070,5.939430810964158,0.00012952900215168484,0.08193302154541016,False
317,5526,4.734707702224234,0.00012921700181323104,0.08191776275634766,True
319,4700,9.928526615194844,0.0001256299983651843,0.08191776275634766,False
320,994,10.042921434317643,0.0001312929998675827,0.0819559097290039,True
321,1451,6.813926643439775,0.00012906799747725017,0.0819253921508789,False
322,8778,2.0,0.00013052400026936084,0.0819253921508789,True
324,2873,36.27737864807176,0.0001572640030644834,0.0820322036743164,False
325,8886,25.391652641798434,0.00013259299885248765,0.08193302154541016,False
326,5915,0.0013325474483171609,0.00013023400242673233,0.08191776275634766,False
327,7034,7.280869441584135,0.00014069899771129712,0.0819253921508789,False
329,5863,26.084272911275622,0.00013144600234227255,0.0819406509399414,False
338,5865,21.860082407339117,0.0001274940004805103,0.08193302154541016,True
339,8689,11.16032194096115,0.00013447899982566014,0.08193302154541016,False
340,912,10.647155818243684,0.00013257799946586601,0.0819406509399414,False
343,4700,13.978630820306192,0.0001312140011577867,0.08193302154541016,False
345,5915,0.0013325474483171609,0.0001266029976250138,0.08191776275634766,True
350,5915,1.1640038126448176,0.00013020599726587534,0.08191776275634766,True
352,5865,12.115949225449986,0.00013636800213134848,0.0819253921508789,True
354,2556,72.88296609202334,0.00013112500164425,0.0819711685180664,False
355,3436,11.85100906054215,0.000130101998365717,0.08193302154541016,True
356,5788,11.646116441673163,0.00013000400213059038,0.0819559097290039,True
358,3466,8.613739912013726,0.00013546199988923036,0.08193302154541016,True
359,6834,5.941784941687955,0.00012766899817506783,0.0819253921508789,False
360,116,9.40256723240016,0.00012821299969800748,0.0819406509399414,True
361,3348,11.419348087070256,0.00013030300033278763,0.08193302154541016,True
362,3398,12.826317504602462,0.00014150400238577276,0.08193302154541016,True
363,141,23.06997958146983,0.00013406200014287606,0.08194828033447266,True
364,3451,13.020240882428416,0.00013257499813335016,0.08193302154541016,True
365,3475,24.9296906018497,0.000145693000376923,0.08196353912353516,True
366,3451,6.447940581245743,0.00013074500020593405,0.0819253921508789,True
367,6153,38.94912428588936,0.00013836200014338829,0.08199405670166016,False
368,3466,29.08385621992286,0.0001406010014761705,0.0819559097290039,True
369,3451,9.566742014226989,0.00013339399811229669,0.0819253921508789,True
370,3403,9.537728153372436,0.00014161299986881204,0.08193302154541016,True
372,6294,29.0162078761149,0.00014704299974255264,0.0819864273071289,False
373,1454,7.292688113646365,0.00013703199874726124,0.08193302154541016,False
374,5558,34.440474961470294,0.00014527099847327918,0.0819864273071289,False
377,3398,10.44850411146813,0.00013717800175072625,0.0819406509399414,True
378,4966,14.26718854020913,0.0001340890012215823,0.08194828033447266,False
379,5865,1.7029073085117297,0.00014015200213179924,0.08191776275634766,True
380,3388,24.179247296296168,0.00013178600056562573,0.08194828033447266,True
383,6738,15.05271573364289,0.00013304900130606256,0.0819406509399414,True
384,6707,6.026136500993337,0.00014643199756392278,0.08193302154541016,True
385,5740,23.61775159652083,0.00013297400073497556,0.0819253921508789,True
387,3398,8.284550637557226,0.00013585700071416795,0.08193302154541016,True
388,18,11.425753965020238,0.00014726000154041685,0.08200931549072266,True
390,99,18.63630859598971,0.00013815000056638382,0.0819711685180664,True
393,6535,19.052497623386333,0.00026239899671054445,0.08194828033447266,False
394,5740,16.23201379607029,0.00013727999976254068,0.0819559097290039,True
396,3475,18.654824918438095,0.00017137699978775345,0.0819406509399414,True
397,5740,11.521996865003965,0.00014181599908624776,0.0819253921508789,True
400,3406,13.113216554512817,0.0001404939976055175,0.08193302154541016,True
402,3451,6.878254650577466,0.00013754699830315076,0.0819253921508789,True
407,5865,62.23313120401588,0.00014073199781705625,0.08193302154541016,True
410,6707,20.415173646597477,0.00013295800090418197,0.0819253921508789,True
412,3398,15.634816510082093,0.00013879900143365376,0.0819559097290039,True
413,3457,15.796555643701277,0.000136886999825947,0.08194828033447266,True
415,3398,5.974986696071128,0.00013836300058756024,0.0819253921508789,True
416,1297,90.8366173566755,0.00013489200136973523,0.08191776275634766,False
418,78,34.834135237148274,0.00013032799688517116,0.0819406509399414,True
420,3348,17.599531663963546,0.00013627199950860813,0.0819253921508789,True
422,1448,19.450504802057086,0.00013742699957219884,0.0819406509399414,False
423,3406,15.589254821601166,0.00013679699986823834,0.08193302154541016,True
424,8772,10.6568667700642,0.00012906399933854118,0.08193302154541016,False
425,52,10.767560986140477,0.00015729799997643568,0.0819253921508789,True
427,3457,17.001231501740357,0.0001330739978584461,0.08193302154541016,True
428,6535,10.114795012470909,0.00014825499965809286,0.0819253921508789,False
429,5801,10.888516494996352,0.00014358099724631757,0.08193302154541016,True
434,5820,32.834213258975126,0.0001777540019247681,0.0819864273071289,True
435,6707,4.5227292553400975,0.00012759999663103372,0.08193302154541016,True
439,5801,9.548957906817735,0.0001283310011785943,0.0819253921508789,True
445,5908,8.238490276625914,0.00013575499906437472,0.0819253921508789,True
446,862,7.516041967807752,0.00013454800136969425,0.0819253921508789,False
450,8226,14.939825186272605,0.000133834000735078,0.08194828033447266,False
452,3607,13.110120811744194,0.00012972400145372376,0.08191776275634766,False
453,6680,6.501192844842998,0.00013156099885236472,0.08193302154541016,True
454,5608,10.758724016650891,0.00013739299902226776,0.0819559097290039,False
455,8758,10.800824781150869,0.00020212200251989998,0.0819406509399414,False
456,3724,16.769521055837938,0.0001347069992334582,0.0819559097290039,False
457,6535,23.217608772479146,0.00013935199967818335,0.0819711685180664,False
463,6722,7.130303791935727,0.00016737999976612628,0.0819253921508789,True
465,1466,12.912242766645125,0.00013948200285085477,0.0819406509399414,False
469,5498,11.79694903662654,0.00013049599874648266,0.08191776275634766,False
471,4751,33.19457427149227,0.00013317300181370229,0.08194828033447266,False
473,6978,16.48994442157261,0.00013306099936016835,0.08194828033447266,False
475,1057,28.013693875282087,0.00013728400153922848,0.0819406509399414,False
476,4177,13.049250689347847,0.00013084899910609238,0.0819406509399414,False
478,5915,0.006399022354288796,0.00014512000052491203,0.08191776275634766,True
480,1466,10.71994608843344,0.00013812899851473048,0.0819406509399414,False
481,3264,9.938035399228475,0.00012843899821746163,0.08193302154541016,False
485,6304,6.092667791886292,0.00012883499948657118,0.0819253921508789,False
486,6722,7.256448196611378,0.0001472529984312132,0.08193302154541016,True
490,8772,12.033235638002356,0.00013255200246931054,0.0819406509399414,False
491,5608,5.664171446356729,0.00013997600035509095,0.0819253921508789,False
495,5196,44.01215129861141,0.00013879299876862206,0.0819864273071289,False
496,4621,6.860484090180435,0.00013108900020597503,0.08191776275634766,False
497,5420,7.2119098298747755,0.00013445500007946976,0.08193302154541016,False
499,7662,14.35352536825341,0.00013344000035431236,0.0819559097290039,False
506,4177,12.763762433219496,0.00014145299792289734,0.08194828033447266,False
507,890,14.37284864844962,0.00013326200132723898,0.08194828033447266,False
512,3466,13.665847009732117,0.00014121400090516545,0.0819253921508789,True
513,108,10.595620971838587,0.00013102700177114457,0.08193302154541016,True
514,1733,66.97571798801017,0.00013528699855669402,0.08197879791259766,False
517,8345,69.10303995581359,0.00017015299818012863,0.0819406509399414,True
519,7879,11.138027990601858,0.00013545800175052136,0.0819406509399414,True
520,6558,6.0,0.00013982999735162593,0.0819406509399414,True
521,6558,8.0,0.0001472629992349539,0.08194828033447266,True
522,7879,8.0,0.0001365610005450435,0.08194828033447266,True
524,2770,9.732621776561823,0.00012910800069221295,0.0819406509399414,True
527,7797,22.292275740019456,0.00013970799773233011,0.0819559097290039,False
530,5852,51.7490802803766,0.00015293300020857714,0.0820322036743164,False
531,1606,47.715645656014296,0.00017322100029559806,0.08196353912353516,False
532,2839,69.08989566729811,0.00013455200314638205,0.0819711685180664,True
534,8214,16.652663172377714,0.0001344519987469539,0.08194828033447266,True
535,8739,64.29092661774698,0.00016264599980786443,0.08193302154541016,False
536,2755,57.32273374020049,0.00014224299957277253,0.08199405670166016,True
541,1733,48.65912591835712,0.00016302799849654548,0.0819711685180664,False
542,2839,62.08874333096629,0.00014762700084247626,0.0820322036743164,True
544,8896,35.01703792230754,0.00013003200001548976,0.0819864273071289,True
546,1606,40.18557641025103,0.00014508399908663705,0.0820169448852539,False
547,7797,21.658069046574337,0.0001437719984096475,0.08194828033447266,False
549,6393,17.151762360465987,0.00013434699940262362,0.08193302154541016,False
552,7902,51.31531817726077,0.0001437659993825946,0.08203983306884766,True
553,1711,9.956825529048835,0.0001616160006960854,0.0819253921508789,False
554,1639,37.824518649015914,0.00013451199993141927,0.0819864273071289,False
555,7902,37.30231127208331,0.00015070200242917053,0.0819711685180664,True
556,3639,40.81400947417458,0.00014397399718291126,0.08203983306884766,True
557,5734,50.5156038248317,0.0001655810010561254,0.08200931549072266,False
558,2354,38.18967476201064,0.00013048099935986102,0.08194828033447266,False
562,1639,58.26818851486701,0.00014507200103253126,0.0819711685180664,False
563,7902,60.7906267019682,0.00013886399756302126,0.08202457427978516,True
565,5852,47.781690443277746,0.00013961700096842833,0.0820169448852539,False
566,1828,15.6709510117076,0.00013544000103138387,0.08193302154541016,False
567,1828,16.729447121903494,0.0001281850018131081,0.0819406509399414,False
568,1882,66.40878999699675,0.00013822099936078303,0.0820016860961914,False
571,4325,31.62113376640238,0.00015942099707899615,0.08197879791259766,True
574,8337,19.59684292056095,0.00012977199730812572,0.08194828033447266,True
576,8337,13.812873603570502,0.00013084099919069558,0.0819406509399414,True
577,8337,19.59684292056094,0.00013147999925422482,0.08194828033447266,True
578,8337,19.59684292056095,0.00013596400094684213,0.08194828033447266,True
579,2353,23.491947536865958,0.0001377139997202903,0.0819559097290039,False
580,3639,41.38750233344746,0.00013362800018512644,0.0819711685180664,True
581,8293,65.8135870891042,0.00014045200077816844,0.0819559097290039,True
582,2354,33.888150420507365,0.00013220799883129075,0.08193302154541016,False
583,7393,60.79164709406387,0.0001403560017934069,0.0820169448852539,False
585,1711,17.390942101136808,0.00013095800022711046,0.08193302154541016,False
586,1599,62.31598374368528,0.00014223700054571964,0.0819864273071289,False
587,7902,43.700650702148415,0.00014683699919260107,0.08200931549072266,True
592,3723,14.078589540192427,0.00013105899779475294,0.0819406509399414,True
593,4162,18.132049767918026,0.00015684200116083957,0.0819559097290039,False
599,3639,55.27891180385223,0.0001398820022586733,0.08197879791259766,True
601,1505,41.47300843929315,0.0001496800032327883,0.0819711685180664,True
605,4229,17.276430132986704,0.00013995399785926566,0.0819559097290039,False
606,6524,41.15425395912301,0.00015167300080065615,0.0819559097290039,True
607,4229,19.868460704514472,0.00013961099830339663,0.08196353912353516,False
608,2825,56.81802001874979,0.00014849600120214745,0.08197879791259766,True
609,6393,16.05497279651708,0.00013108599887345918,0.0819406509399414,False
611,5420,4.399253621726619,0.00013098199997330084,0.0819253921508789,False
617,4632,72.06764690118489,0.00013666000086232089,0.0819253921508789,False
618,8214,18.157006624500532,0.000135326998133678,0.0819559097290039,True
619,2770,20.867520227093152,0.0001477270016039256,0.08194828033447266,True
620,2780,22.78296207700601,0.00014279300012276508,0.0819864273071289,True
621,8853,62.08888794931577,0.00013180400128476322,0.0819711685180664,True
622,2513,37.37882141554507,0.00016001399853848852,0.0820169448852539,True
623,8414,29.51530916223869,0.00012901899754069746,0.08193302154541016,True
624,2659,48.78887387000467,0.0001325109988101758,0.08196353912353516,True
628,2659,29.894882154680975,0.00014928599921404384,0.08197879791259766,True
633,6020,10.32096489525148,0.000134786001581233,0.0819253921508789,True
634,8449,73.79833619536697,0.0001607689991942607,0.08199405670166016,True
635,6056,50.62502510019892,0.0001373610029986594,0.08197879791259766,True
640,2572,42.16009088691382,0.0001380440007778816,0.08197879791259766,True
641,2354,14.5523160500567,0.0001423150024493225,0.08194828033447266,False
642,6020,11.008196663231045,0.0001340609996987041,0.0819253921508789,True
643,8293,15.288717133462267,0.00013567800124292262,0.0819253921508789,True
644,8799,18.54290045544929,0.00014721500338055193,0.08197879791259766,True
651,8288,53.97322953935738,0.00013409000166575424,0.08197879791259766,True
652,2073,10.945980338214412,0.00013030199988861568,0.0819406509399414,False
653,3234,15.471369045813342,0.00014139699851511978,0.0819559097290039,False
657,4325,45.88671068834833,0.00014146100147627294,0.0820169448852539,True
659,2354,49.998544610381785,0.0001354549967800267,0.0819559097290039,False
661,8386,8.999273060484553,0.0001413749996572733,0.0819253921508789,True
664,3729,61.88227637973701,0.00013311599832377397,0.0819253921508789,True
665,4325,61.66552386239691,0.0001468640002713073,0.0820322036743164,True
670,1974,67.05337415545192,0.00013645000217366032,0.08197879791259766,False
673,8451,59.068552891701145,0.00014963499779696576,0.08200931549072266,True
674,6558,29.139141435901763,0.0001397279993398115,0.08200931549072266,True
675,6558,62.567529989188124,0.00014328500037663616,0.08205509185791016,True
680,2073,42.14962338181766,0.00014072100020712242,0.0819711685180664,False
682,2889,54.867510080282855,0.00013358399883145466,0.0819711685180664,True
684,7302,82.62359678762296,0.00015487000200664625,0.0820016860961914,False
687,8325,66.4618027509934,0.00014264700075727887,0.08197879791259766,True
694,2825,62.83926072208334,0.00015580000035697594,0.0819559097290039,True
695,8723,65.77711127338414,0.0001444490007997956,0.08199405670166016,False
697,3554,46.29785487465508,0.00015139700190047733,0.08194828033447266,True
699,8345,72.43744581773774,0.00014178399942466058,0.08197879791259766,True
700,7294,52.94866029291687,0.00013879499965696596,0.08200931549072266,False
701,2887,29.613174883952542,0.00014495900177280419,0.08200931549072266,True
706,1996,86.17811949547598,0.00016387800133088604,0.08200931549072266,False
707,1996,75.97194341746821,0.00014603200179408304,0.08200931549072266,False
712,6096,11.386422123032094,0.0001488090019847732,0.08193302154541016,True
714,3234,41.43994843319923,0.00013660700278705917,0.0819406509399414,False
716,2641,61.30804885031693,0.00013162800314603373,0.0819406509399414,True
718,7034,54.090259103829816,0.00014411399752134457,0.0819559097290039,False
720,6558,43.20366253377939,0.00014272399857873097,0.0820474624633789,True
723,2073,60.34789076415492,0.00013169800149626099,0.08193302154541016,False
725,3234,15.851566927901212,0.00014519899923470803,0.0819559097290039,False
727,6069,17.90957649002624,0.0001430180018360261,0.0819559097290039,True
729,8449,30.74237817013515,0.00013176599895814434,0.08193302154541016,True
731,3639,41.49770761739912,0.0001521199992566835,0.08203983306884766,True
733,7722,57.842124867370636,0.00016279099872917868,0.08202457427978516,False
734,7902,70.9446148516434,0.00015015199824119918,0.0819864273071289,True
736,2482,44.19844638015954,0.00013381600001594052,0.08194828033447266,False
740,3075,41.39440146046202,0.00014405000183614902,0.0820169448852539,True
741,5771,40.93624954442733,0.00014845300029264763,0.0819406509399414,False
742,3158,37.04582166934626,0.0001365470016025938,0.08200931549072266,True
743,5960,54.244998039421084,0.00014147600086289458,0.0820016860961914,True
744,3056,36.688601067135124,0.0001321279996773228,0.08196353912353516,True
745,5960,45.97085099189618,0.0001339800001005642,0.08196353912353516,True
747,3158,56.27144790844499,0.00014841899974271655,0.0820169448852539,True
749,3037,47.86527347724588,0.0001336759996775072,0.0819864273071289,True
753,3158,49.22702324832245,0.000142225999297807,0.08199405670166016,True
757,595,37.23164943316966,0.00014138799815555103,0.08197879791259766,True
758,800,29.60134620774063,0.00014025200289324857,0.0819559097290039,True
759,3104,22.54235917781541,0.00013200700050219893,0.0819559097290039,True
760,6181,42.997057212476065,0.00013093199959257618,0.08194828033447266,False
761,3158,45.0658782726769,0.0001411320008628536,0.0820322036743164,True
762,3158,34.979771392983224,0.0001559349984745495,0.0820169448852539,True
763,3094,49.09876137276047,0.00039410699901054613,0.08203983306884766,True
764,3158,43.96984673596041,0.00014229599764803424,0.08203983306884766,True
765,796,39.51396942640115,0.0001409920005244203,0.08199405670166016,True
766,5331,36.507951935184664,0.00013847900117980316,0.0819559097290039,False
767,3158,39.2971137168498,0.00014106200251262635,0.08203983306884766,True
770,3158,39.87618806047099,0.00013964199752081186,0.08202457427978516,True
771,3037,38.89396077569517,0.00013474799925461411,0.0819864273071289,True
772,614,42.26448232622367,0.00013780800145468675,0.08194828033447266,True
779,3158,40.44685717146601,0.00015688200073782355,0.0820016860961914,True
780,800,48.991841907721394,0.00015441299910889938,0.08202457427978516,True
781,737,26.691130481057723,0.0001442199973098468,0.0819711685180664,True
782,3031,48.387608737724136,0.0001346300014120061,0.0819864273071289,True
785,5331,30.651825023414332,0.00013709700215258636,0.0820016860961914,False
789,3158,35.48469597883212,0.00014463800107478164,0.08197879791259766,True
790,800,48.358586068072775,0.00014565499805030413,0.08202457427978516,True
791,800,45.93393451363089,0.00013958899944555014,0.08199405670166016,True
793,5960,28.82451047352846,0.00013566900088335387,0.0819864273071289,True
794,3056,45.25530612956345,0.00014045499847270548,0.08200931549072266,True
796,3037,41.353265840400596,0.00016999799845507368,0.0820016860961914,True
798,796,33.780296858762924,0.0001384009992762003,0.08196353912353516,True
800,5960,35.46847563821184,0.00014321400158223696,0.0819864273071289,True
803,3158,43.57955610447945,0.0001389659992128145,0.08199405670166016,True
804,800,46.5716012945508,0.00016659699758747593,0.0819864273071289,True
808,3094,44.123095701145004,0.0001441610002075322,0.08199405670166016,True
814,5771,44.03185833118455,0.00013677699826075695,0.08199405670166016,False
815,5290,20.47333799793831,0.00012992700067115948,0.08194828033447266,False
816,5960,43.553760473093014,0.00013722400035476312,0.08197879791259766,True
817,5332,48.80760404918864,0.00014606300101149827,0.08199405670166016,False
818,3049,44.24120076217562,0.00015368099775514565,0.0820016860961914,True
819,5960,32.04399988534043,0.00014697599908686243,0.08202457427978516,True
820,748,49.13574521419613,0.00014285700308391824,0.08197879791259766,True
824,615,25.29035346212654,0.00014281000039773062,0.0819864273071289,True
830,615,33.36545512567562,0.000155795001774095,0.08196353912353516,True
831,5331,43.70292813247643,0.00013257300088298507,0.0819711685180664,False
832,5960,35.18516976640036,0.00014859699876978993,0.0819864273071289,True
834,3075,40.50385301856032,0.00014694200217491016,0.08199405670166016,True
836,3158,44.89921668264776,0.00013807200230075978,0.0820169448852539,True
841,527,29.812413265235264,0.0001379410023218952,0.0820016860961914,True
843,5307,30.669912888683236,0.00014866899800836109,0.08199405670166016,False
849,748,51.114965304551156,0.00014740600090590306,0.0819711685180664,True
851,3037,38.17941302289802,0.00014513700079987757,0.08200931549072266,True
852,3037,48.97176798970694,0.00013433999993139878,0.0819864273071289,True
857,8739,2.0,0.00012885500109405257,0.0819253921508789,False
863,5960,39.31914776879176,0.0001332889987679664,0.0819711685180664,True
865,3094,48.89776007721111,0.00013547600246965885,0.08197879791259766,True
866,3037,50.31031362708083,0.00014568400001735426,0.0819711685180664,True
867,748,46.17089760343006,0.00013466800010064617,0.0819559097290039,True
868,5256,40.29860418835436,0.00012897600026917644,0.08194828033447266,False
870,3037,42.824130173707445,0.00015242700101225637,0.0820169448852539,True
871,748,52.33339731430854,0.0001422889981768094,0.0819864273071289,True
876,3037,47.10256760396805,0.0001502939994679764,0.08199405670166016,True
877,5115,30.315177304445655,0.00014115199883235618,0.08197879791259766,False
878,5960,36.22671531054305,0.00014066899893805385,0.08199405670166016,True
879,5960,33.253462372614145,0.00013527099872590043,0.08197879791259766,True
882,3158,37.728473572727424,0.00016168200090760365,0.0819864273071289,True
883,713,35.65865776728104,0.00014921999900252558,0.08200931549072266,True
886,5020,39.6897477344331,0.00014115099838818423,0.0819864273071289,False
893,3075,44.81266450702071,0.00014624699906562455,0.08200931549072266,True
894,3094,48.83424912321856,0.00013951300206827,0.0819559097290039,True
896,3158,42.985817051319,0.00013947799743618816,0.08199405670166016,True
897,3094,52.211761738755115,0.00016899199908948503,0.0819711685180664,True
900,3158,38.31826086756412,0.00014481700054602697,0.08199405670166016,True
901,3049,55.56090418762668,0.00013635099821840413,0.0819711685180664,True
902,3158,46.562492146358395,0.00015582999913021922,0.08205509185791016,True
905,3049,47.87629545751282,0.00015614299991284497,0.08200931549072266,True
906,3158,40.320271730896685,0.00014394599929801188,0.08203983306884766,True
907,3031,46.904218896171955,0.0001361009999527596,0.0819711685180664,True
908,3158,50.04201419271843,0.00015845300004002638,0.0820627212524414,True
909,6885,37.90267113170876,0.0001608240017958451,0.0819711685180664,True
914,3159,48.790010185037524,0.00015481700029340573,0.08200931549072266,True
919,692,50.40422955564216,0.00013550500079873018,0.0819711685180664,True
920,3158,43.08498706623341,0.00016284500088659115,0.0820322036743164,True
924,3158,53.265202868871924,0.00017225500050699338,0.0820932388305664,True
925,3158,48.012618355006474,0.00013848500020685606,0.0820169448852539,True
930,6885,35.57344594720447,0.00013266399764688686,0.0819559097290039,True
931,748,41.823886516161465,0.00015548000010312535,0.08197879791259766,True
933,748,41.58955044597515,0.0001380079993396066,0.08197879791259766,True
934,5182,32.6587013364582,0.0001486629989813082,0.0819711685180664,False
935,3104,35.88315529452036,0.00013702599972020835,0.0819406509399414,True
936,800,43.440575690705,0.00013809400115860626,0.08197879791259766,True
937,5332,31.692681522919443,0.00013765599942416884,0.08197879791259766,False
938,5332,40.051372778800484,0.00013511299766832963,0.0819864273071289,False
940,3075,47.11695203544024,0.00014039400048204698,0.08199405670166016,True
944,5331,33.965519084323894,0.0001305229998251889,0.08194828033447266,False
945,3158,40.53748720204855,0.00017329399997834116,0.08199405670166016,True
946,3094,39.54654085245223,0.00014139000268187374,0.0820016860961914,True
948,6472,31.92192222129422,0.0001335580018348992,0.0819406509399414,False
952,753,35.848174754222754,0.00015307499779737554,0.0820016860961914,True
953,5332,48.608050576009944,0.0001585159989190288,0.08197879791259766,False
954,737,38.464900552531695,0.00013925100211054087,0.08194828033447266,True
955,692,33.16956247574425,0.00014970299889682792,0.0819711685180664,True
959,5212,28.79965495911392,0.0001424449983460363,0.0820016860961914,False
960,615,32.15475841237619,0.00014471499889623374,0.0820016860961914,True
961,5212,28.80365681383242,0.00013751600272371434,0.0819559097290039,False
962,6850,16.589395831352494,0.00012885099931736477,0.0819406509399414,True
964,692,44.169322857922175,0.00013440899783745408,0.0819864273071289,True
965,5018,30.28335251008739,0.00013780200242763385,0.0819864273071289,False
971,3158,47.2500010730346,0.000142984001286095,0.0820322036743164,True
972,774,30.57261605630947,0.00013146799756214023,0.08194828033447266,True
973,748,45.27592630341257,0.00013442799900076352,0.08197879791259766,True
974,8707,17.832991663861993,0.0001404309987265151,0.08196353912353516,False
975,5725,31.119175201134347,0.0001349359990854282,0.08194828033447266,False
976,800,40.98845809179113,0.00014982999709900469,0.08196353912353516,True
977,527,38.81384595951783,0.00013563000175054185,0.0819711685180664,True
978,3158,47.602796795485155,0.00014497499796561897,0.08202457427978516,True
979,748,39.25576463927645,0.00013346799823921174,0.0819711685180664,True
982,5307,48.009103577307336,0.0001368000012007542,0.0819864273071289,False
983,614,53.86071996115493,0.00014187900160322897,0.08200931549072266,True
986,3158,50.534069341719594,0.0001377180014969781,0.08199405670166016,True
988,7742,49.40534860081038,0.0001343750009255018,0.0819559097290039,False
989,3049,47.31277439613578,0.00013706899699172936,0.08200931549072266,True
991,527,31.46510081905418,0.00014193099923431873,0.08199405670166016,True
992,595,27.6030104682317,0.00013822699838783592,0.08194828033447266,True
995,8089,36.900120783683896,0.00013280799976200797,0.0819406509399414,True
996,5332,51.212828172105986,0.00015047900160425343,0.08203983306884766,False
1006,5332,33.23370888800085,0.00017773100262274966,0.08197879791259766,False
1009,3037,40.64374709700515,0.0001404979993822053,0.0819711685180664,True
1013,5960,31.076029960363226,0.00015939000149955973,0.0820016860961914,True
1016,7128,45.10549878893272,0.00014662000103271566,0.08196353912353516,False
1018,3158,39.15163272627716,0.00013647900050273165,0.0819864273071289,True
1019,3158,53.35233820239488,0.0001473990014346782,0.0819864273071289,True
1021,800,50.65225156584117,0.000152445998537587,0.0820322036743164,True
1022,748,37.04514039606366,0.00013290899732965045,0.0819711685180664,True
1023,3037,44.18805512941443,0.00014134999946691096,0.0820322036743164,True
1026,3158,48.477581384361564,0.0001377789994876366,0.08200931549072266,True
1030,5331,41.82215537636874,0.00013542799933929928,0.0819864273071289,False
1034,800,40.376284916414974,0.0001314350010943599,0.0819559097290039,True
1035,3158,55.809615912953866,0.00013765200128545985,0.0820169448852539,True
1036,796,32.97104268625895,0.0001575799979036674,0.0819864273071289,True
1038,5331,47.053256398031415,0.00014622200251324102,0.0820169448852539,False
1040,800,53.23188467234763,0.00013506300092558376,0.0820016860961914,True
1041,6798,25.443250048789825,0.00013355199916986749,0.0819711685180664,True
1043,1373,45.54920544169188,0.00013391399988904595,0.0819559097290039,False
1045,800,46.58137160746148,0.00013870000111637637,0.08199405670166016,True
1047,3104,36.47627084393882,0.00014026200005901046,0.0819711685180664,True
1049,5256,44.293569550114015,0.00014302099953056313,0.0819711685180664,False
1050,5212,45.27262660549369,0.00013845799912814982,0.0819864273071289,False
1051,3158,40.855144605698364,0.00013718600166612305,0.0819711685180664,True
1054,5331,48.86290245647022,0.0001417720013705548,0.08196353912353516,False
1056,3104,34.501440779009066,0.00014844500037725084,0.08199405670166016,True
1059,3158,32.76187525662761,0.00014598900088458322,0.08202457427978516,True
1060,753,25.953857913899128,0.00014366200048243627,0.0819711685180664,True
1061,6885,41.16985455102156,0.00013954299720353447,0.0819711685180664,True
1064,7389,19.224598052614823,0.00012861799768870696,0.0819559097290039,True
1065,7393,20.228453058951153,0.00013612299881060608,0.0819406509399414,True
1069,1851,18.983631885139143,0.0001408179996360559,0.08196353912353516,True
1071,1599,22.01454785731773,0.00013272899741423316,0.08196353912353516,True
1074,7393,20.03288948374174,0.000134936002723407,0.08194828033447266,True
1075,1892,24.73116244378896,0.0001582770019012969,0.08196353912353516,True
1078,7413,17.825374063938533,0.00014628899953095242,0.0819406509399414,True
1079,1863,24.186451453563603,0.00020204799875500612,0.0819711685180664,True
1080,7327,23.92214629158553,0.00013759500143351033,0.0819559097290039,True
1081,1817,24.255413684260233,0.0001310760017076973,0.0819559097290039,True
1083,1799,30.85991327272488,0.00013814500198350288,0.0819559097290039,True
1087,1870,25.696295312479997,0.00014462300168816,0.08194828033447266,True
1088,1817,31.13149540975151,0.0001375680003548041,0.08196353912353516,True
1091,4067,29.852179034560326,0.00013770899749943055,0.08196353912353516,True
1093,1817,24.104283705445198,0.0001416200029780157,0.0819559097290039,True
1094,7327,28.115254717545913,0.0001409760006936267,0.0819711685180664,True
1096,1817,24.035540972590624,0.00014199600263964385,0.0819559097290039,True
1097,1567,37.912961409382675,0.00013907999891671352,0.0820016860961914,True
1098,2197,44.37776453604846,0.00014216999989002943,0.0820322036743164,True
1099,6582,58.7750095389865,0.00014093500067247078,0.08199405670166016,False
1100,7549,28.30630656921052,0.0001491149996581953,0.0819559097290039,True
1101,7579,20.779115027845105,0.0001304299985349644,0.08194828033447266,True
1102,7545,27.80678669116257,0.0001326790006714873,0.08194828033447266,True
1103,7635,21.06710588043875,0.00013901799684390426,0.08193302154541016,True
1104,7635,27.63405514490146,0.0001308940009039361,0.08194828033447266,True
1105,7545,23.08528979292141,0.00012990800314582884,0.08194828033447266,True
1106,7545,21.92110695932713,0.00013487399701261893,0.0819406509399414,True
1109,7616,23.12484325443198,0.00013254700024845079,0.0819559097290039,True
1110,7549,26.979205122445247,0.00013407399819698185,0.08194828033447266,True
1112,7579,17.83826617118645,0.00014209000073606148,0.0819253921508789,True
1114,7632,23.958558000012662,0.00013235000005806796,0.08194828033447266,True
1116,7549,22.645247617843925,0.0001498339988756925,0.0819559097290039,True
1119,7549,25.99968776885464,0.00015456599794561043,0.0819559097290039,True
1122,3905,55.434070662727656,0.00014406500122277066,0.0820322036743164,True
1124,7599,27.403608684803686,0.00013564999972004443,0.0819406509399414,True
1125,7560,24.108405422176837,0.00013030599802732468,0.0819406509399414,True
1126,7313,24.120261330174397,0.00013467899771058,0.0819406509399414,True
1129,7526,29.263411413725933,0.00014951699995435774,0.08196353912353516,True
1131,7599,23.265849305259877,0.00012768099986715242,0.08194828033447266,True
1134,7313,29.15872550764719,0.0001360749993182253,0.08196353912353516,True
1135,7526,21.634140538724935,0.00013668199972016737,0.0819406509399414,True
1140,7248,27.33396677753149,0.00013557399870478548,0.0819559097290039,True
1141,7313,31.318692782751363,0.00015218300177366473,0.08196353912353516,True
1142,7235,34.40175279717917,0.00013503999798558652,0.08196353912353516,True
1144,7453,24.18109510836752,0.00013753800158156082,0.0819406509399414,True
1145,7235,27.020569729526628,0.00012951299868291244,0.0819406509399414,True
1146,4562,37.85851930463455,0.0001406480005243793,0.08196353912353516,True
1149,7248,26.31868832764947,0.00013340599980438128,0.0819559097290039,True
1151,7453,28.68610974587359,0.0001319129987678025,0.08194828033447266,True
1153,7313,32.71945790416421,0.00013035200026934035,0.0819406509399414,True
1156,7235,33.030596921511595,0.00013689499974134378,0.0819559097290039,True
1157,7453,34.80549790194775,0.00016613700063317083,0.0819559097290039,True
1158,7235,37.54546923335963,0.00013721099821850657,0.08194828033447266,True
1159,7235,33.34632798489713,0.00013586700151790865,0.0819559097290039,True
1161,7235,36.837466504320105,0.00014916899817762896,0.08196353912353516,True
1166,4343,37.61233196124609,0.00014915799692971632,0.08197879791259766,True
1167,7327,21.11562909086153,0.00013417199807008728,0.08193302154541016,True
1169,7585,37.25977857005023,0.00015070199879119173,0.08194828033447266,True
1170,7549,22.42682268438915,0.0001325349985563662,0.0819559097290039,True
1173,7327,31.817995790015356,0.00013327199849300086,0.0819559097290039,True
1174,7549,31.446054507021017,0.00013209700045990758,0.08194828033447266,True
1175,7549,25.05035288079427,0.00014201299927663058,0.08194828033447266,True
1176,1828,36.56933940723428,0.0001393390011799056,0.08200931549072266,True
1178,2236,24.541559168847677,0.00014164499953039922,0.0819864273071289,True
1182,7294,22.219469872298827,0.0001358500012429431,0.0819406509399414,True
1183,7545,23.15480077896134,0.0001592170010553673,0.0819559097290039,True
1188,7545,22.2546193281267,0.00013445700096781366,0.08194828033447266,True
1189,7641,14.71343444264099,0.00013712600048165768,0.08193302154541016,True
1190,7313,35.97678960262114,0.00013453800056595355,0.08197879791259766,True
1191,2899,29.312436468982128,0.0001326829988101963,0.08194828033447266,False
1195,7579,26.117299307305483,0.00014659200314781629,0.08194828033447266,True
1196,7635,30.58428119944732,0.00013279899940243922,0.0819559097290039,True
1204,7545,16.03432696977906,0.0001752700009092223,0.0819406509399414,True
1205,7560,21.28893763191125,0.00013519799904315732,0.08193302154541016,True
1207,7488,26.069633115743127,0.00013525900067179464,0.0819406509399414,True
1209,7302,26.736743389573018,0.0001318969989370089,0.0819406509399414,True
1210,7294,22.785284563456738,0.00024518300051568076,0.08196353912353516,True
1216,7545,23.4164957785907,0.00013949799904366955,0.08194828033447266,True
1218,7294,24.51419119502323,0.00015771500329719856,0.08193302154541016,True
1219,7615,18.600071079343746,0.00015689900101278909,0.08193302154541016,True
1222,7294,19.048023544318195,0.00013837500227964483,0.08193302154541016,True
1223,7635,24.104058301647495,0.00030208699899958447,0.0819406509399414,True
1226,7560,30.34443433455728,0.00014046599972061813,0.0819559097290039,True
1228,7635,23.779477164967037,0.0001277980009035673,0.08194828033447266,True
1229,7579,15.812806404710782,0.00014303599891718477,0.08193302154541016,True
1230,7585,28.554040420196067,0.0001322879979852587,0.0819559097290039,True
1232,7294,16.99154398202504,0.0001391260011587292,0.08193302154541016,True
1235,7545,19.2456811480306,0.0001397970008838456,0.0819406509399414,True
1241,7550,28.578804987231578,0.00013233099889475852,0.0819559097290039,True
1242,7302,22.325859600818543,0.00013117500202497467,0.08194828033447266,True
1243,7616,32.94875831340448,0.00013455699809128419,0.08196353912353516,True
1244,7560,23.284400992186118,0.00013332800153875723,0.08194828033447266,True
1246,7585,17.28813191719546,0.00032074299815576524,0.0819406509399414,True
1247,7585,27.153635501083663,0.00014769000335945748,0.0819406509399414,True
1248,7589,27.31422027577007,0.0001313460015808232,0.08194828033447266,True
1250,7327,28.37489703715598,0.00013327499982551672,0.08196353912353516,True
1253,7327,39.297063627853824,0.0001466169997001998,0.08197879791259766,True
1255,7327,19.09054906042099,0.00013607800065074116,0.0819406509399414,True
1258,7549,26.57260313368983,0.00015134400018723682,0.0819406509399414,True
1259,7632,25.0188149755091,0.000134374997287523,0.0819559097290039,True
1260,7549,17.68522747911782,0.0001421169981767889,0.08193302154541016,True
1264,7549,23.835095301841324,0.00013265700181364082,0.08196353912353516,True
1266,7327,17.263138289778457,0.00013045699961367063,0.08193302154541016,True
1267,7327,28.019632908522993,0.00014457799989031628,0.0819559097290039,True
1268,4067,29.0445853928876,0.00013317599950823933,0.0819406509399414,True
1269,7549,28.145066552764668,0.0001353939987893682,0.08196353912353516,True
1272,7549,24.178566012055494,0.00021495900000445545,0.0819406509399414,True
1273,7549,25.58494100701236,0.00013785700139123946,0.0819406509399414,True
1275,7327,23.01064754814565,0.00015476000044145621,0.08194828033447266,True
1276,7549,21.869309356632325,0.00012916700143250637,0.0819559097290039,True
1277,7549,24.382879559045833,0.000134521000290988,0.08194828033447266,True
1278,7549,30.069984952254046,0.00014107199967838824,0.08194828033447266,True
1280,7549,32.824224272689754,0.000144397999974899,0.08197879791259766,True
1281,7549,21.954896148674734,0.0001561900025990326,0.08194828033447266,True
1282,7549,21.725348482380276,0.0001422889981768094,0.0819406509399414,True
1287,7327,38.879939282176935,0.00013487999967765063,0.08196353912353516,True
1289,7589,28.83281613546905,0.00013241700071375817,0.0819559097290039,True
1290,463,31.55609292540669,0.00014123400251264684,0.0819559097290039,True
1291,293,31.775491565698704,0.0001416609993611928,0.0819864273071289,True
1292,484,21.609479679027988,0.0001371610014757607,0.0819559097290039,True
1293,484,35.79527865433297,0.00014237099821912125,0.08197879791259766,True
1295,484,30.406094582183812,0.0001307400016230531,0.0819559097290039,True
1296,6558,34.352017243790584,0.00014216400086297654,0.08194828033447266,False
1298,6558,23.37766364278413,0.00016135600162670016,0.08194828033447266,False
1299,2863,30.81741215436684,0.00013466000018524937,0.0819559097290039,False
1301,6558,14.692730583338891,0.00013022200073464774,0.0819406509399414,False
1302,2899,37.57585943872851,0.00013599200246972032,0.0819864273071289,False
1303,7632,23.6507089393664,0.00013168299847166054,0.08194828033447266,True
1307,7549,26.85777261083761,0.0001431500022590626,0.08196353912353516,True
1309,7549,31.284878483783917,0.00013333099923329428,0.0819559097290039,True
1310,7549,24.65342126610107,0.00014615799955208786,0.0819559097290039,True
1311,7327,24.91430646826666,0.00013372900139074773,0.08193302154541016,True
1314,7615,29.584172490477393,0.00013367499923333526,0.08196353912353516,True
1318,2863,36.15456600768613,0.0001389700009895023,0.08197879791259766,False
1320,7879,24.044596996549846,0.0001311859996349085,0.0819559097290039,False
1321,6558,22.353692057961673,0.00013824000052409247,0.08194828033447266,False
1322,2899,28.78346349004355,0.00013246699745650403,0.0819559097290039,False
1323,2889,34.19936698498427,0.00013584300177171826,0.0819864273071289,False
1325,2889,29.51573994947528,0.00015965599959599786,0.0819711685180664,False
1326,2899,23.86061644736091,0.0001411279990861658,0.08196353912353516,False
1328,2887,23.730248961152686,0.00014153799929772504,0.0819711685180664,False
1331,6558,20.159520063801644,0.00014205299885361455,0.0819406509399414,False
1332,6558,25.786074669398108,0.00013613099872600287,0.08194828033447266,False
1335,7481,31.53388142750431,0.00012859900016337633,0.0819406509399414,True
1341,7313,31.48326673675488,0.000132273999042809,0.0819559097290039,True
1342,7313,29.337565148479,0.00013436400331556797,0.08194828033447266,True
1347,6558,23.303034037308283,0.0001364920026389882,0.0819559097290039,False
1349,6558,25.291913268705557,0.00013320099969860166,0.08197879791259766,False
1350,7879,26.820923601082278,0.00013174800187698565,0.08194828033447266,False
1354,6558,29.381707717418376,0.00013038600081927143,0.08196353912353516,False
1355,6558,20.51907244689928,0.0001315990011789836,0.08194828033447266,False
1357,6558,21.03907594959032,0.00013751499864156358,0.0819559097290039,False
1360,4543,37.14029937043944,0.00013121300071361475,0.08194828033447266,True
1363,2887,34.297144712729015,0.00014128700058790855,0.08196353912353516,False
1366,6558,27.957199955193555,0.0001311819978582207,0.0819406509399414,False
1368,6558,19.177114705961248,0.00021272400044836104,0.08194828033447266,False
1370,6558,34.562899131462615,0.00013661699995282106,0.08196353912353516,False
1371,6558,27.03166082602461,0.0001868859981186688,0.0819559097290039,False
1374,2889,24.146878136424732,0.00014082099733059295,0.0819559097290039,False
1376,6558,17.491542770625394,0.00013216799925430678,0.0819559097290039,False
1378,2887,20.527698339390376,0.00013358800060814247,0.0819559097290039,False
1379,6558,24.883463305145522,0.00013350199878914282,0.0819559097290039,False
1382,6558,27.411931854904864,0.0001332159990852233,0.08194828033447266,False
1383,2887,22.075296320458662,0.00013117400158080272,0.08194828033447266,False
1387,2887,24.614737924304386,0.00013744600073550828,0.08196353912353516,False
1389,6558,27.132153431219216,0.00013913599832449108,0.0819406509399414,False
1391,6558,28.848601045647115,0.00014866899800836109,0.0819559097290039,False
1392,6558,23.89803593189606,0.00013198699889471754,0.0819559097290039,False
1393,6558,13.484045746981312,0.00013214499995228834,0.0819406509399414,False
1395,6558,9.487711606894521,0.00013202600166550837,0.08193302154541016,False
1398,7879,22.617703641039217,0.00013272499927552417,0.08194828033447266,False
1399,2887,25.442853983765556,0.00013124100223649293,0.0819559097290039,False
1400,2887,29.81621634305091,0.00013301699800649658,0.0819711685180664,False
1403,6558,27.281286334217217,0.0001542429999972228,0.0819559097290039,False
1404,6558,24.594131157447386,0.00014404400280909613,0.0819406509399414,False
1410,6558,18.89316278826334,0.0001339330010523554,0.08194828033447266,False
1413,2887,24.803958735537076,0.00013345200204639696,0.08196353912353516,False
1414,7453,30.659355078360484,0.0001336780005658511,0.0819406509399414,True
1417,7632,27.78344423899986,0.00013303200103109702,0.0819559097290039,True
1418,6650,37.735319997747666,0.0001428540017514024,0.0820169448852539,False
1422,6650,27.74162325827237,0.00013768700227956288,0.0820016860961914,False
1423,2428,53.2998212706892,0.00013852800111635588,0.08199405670166016,True
1424,2488,48.56792960744159,0.00013341600060812198,0.0819864273071289,True
1427,2428,47.22251369438653,0.00014559500050381757,0.0820016860961914,True
1428,2428,47.13456410771886,0.00013644499995280057,0.0819864273071289,True
1429,2428,47.710790844961934,0.00013704899902222678,0.0819864273071289,True
1431,2428,47.60947992867169,0.0001389659992128145,0.0820016860961914,True
1436,2428,44.7135747151015,0.00013663899881066754,0.08199405670166016,True
1439,3234,69.04261215995332,0.00013739299902226776,0.0819711685180664,False
1441,7162,54.280561014403425,0.00015381500270450488,0.0820322036743164,False
1443,2323,46.86362614012371,0.0001514350005891174,0.08194828033447266,True
1448,2496,62.592783284649734,0.00013794400001643226,0.0820169448852539,True
1449,3629,22.720416544021862,0.0001573149966134224,0.0819253921508789,False
1450,2496,61.73249627780992,0.0001534750008431729,0.08196353912353516,True
1451,2504,45.166446965902054,0.0001354849991912488,0.0819711685180664,True
1458,2496,50.272953661290735,0.000138980001793243,0.08199405670166016,True
1460,8288,42.2320218451083,0.00014275200010160916,0.08199405670166016,False
1461,2323,21.208607430450634,0.00015310299932025373,0.0819711685180664,True
1463,2401,34.301788416067176,0.00013837900041835383,0.0820169448852539,True
1464,2323,11.857027748103864,0.00013188700177124701,0.0819406509399414,True
1467,2509,62.60504157934726,0.00014544200166710652,0.0820474624633789,True
1470,2323,53.00562520518756,0.00015140699906623922,0.08200931549072266,True
1473,2323,14.666739618425552,0.00014105399895925075,0.08194828033447266,True
1474,7753,49.04167107069475,0.00013534800018533133,0.08199405670166016,False
1476,5771,53.03058613212606,0.00013331200170796365,0.0819711685180664,False
1477,2496,56.514976922093034,0.00013573699834523723,0.0819711685180664,True
1482,6978,31.901131726250046,0.00013140800001565367,0.0819559097290039,False
1485,2323,27.103239446543366,0.00013924900122219697,0.0819864273071289,True
1486,2354,21.200415785124985,0.00014731000192114152,0.08197879791259766,True
1488,2401,34.99080021092089,0.00015908700152067468,0.0820016860961914,True
1494,2323,20.158163630476096,0.00014288300008047372,0.08196353912353516,True
1495,3234,38.44151487600411,0.00013378800213104114,0.08194828033447266,False
1496,2323,19.816121360465786,0.00013107899940223433,0.0819406509399414,True
1500,2323,43.52239413238335,0.00015117399743758142,0.08200931549072266,True
1501,2323,25.75521462550826,0.00013721600043936633,0.08196353912353516,True
1503,2496,59.05680616005307,0.00013512400255422108,0.0820016860961914,True
1505,2323,49.28705253398143,0.00014712299889652058,0.08202457427978516,True
1506,2323,20.70968297534903,0.00013434299762593582,0.0819711685180664,True
1510,2354,19.588751931803785,0.0001531609996163752,0.08196353912353516,True
1511,2323,19.933191428622674,0.00013783800022793002,0.08196353912353516,True
1512,2323,21.327259662726735,0.0001396510015183594,0.0819559097290039,True
1515,2323,12.703302090036255,0.00012853199950768612,0.08193302154541016,True
1518,2323,22.848458665267582,0.00013426599980448373,0.0819711685180664,True
1519,8162,36.52148653369209,0.0002438260016788263,0.0819711685180664,False
1520,2507,33.776763599963516,0.00013572199895861559,0.08194828033447266,True
1525,2323,19.11297007254512,0.00013599700105260126,0.08196353912353516,True
1526,2323,14.165792500510761,0.0001395029976265505,0.08193302154541016,True
1528,8276,53.21730178310741,0.0004233549989294261,0.0819711685180664,False
1529,2509,62.03981602282945,0.00013948999912827276,0.08202457427978516,True
1531,2323,44.67172386174314,0.00014124199879006483,0.08199405670166016,True
1533,7162,51.93630363412632,0.0004543060022115242,0.08205509185791016,False
1540,2323,18.175120025621784,0.000136160000693053,0.0819559097290039,True
1541,2323,22.13344858726268,0.00013335400217329152,0.08196353912353516,True
1542,2323,17.509495896100727,0.00013367099745664746,0.0819559097290039,True
1543,2323,18.606710917003298,0.0001318079994234722,0.08196353912353516,True
1544,4127,22.56692656115077,0.00013535900143324398,0.08196353912353516,False
1545,2323,30.506603482303735,0.00013266600217320956,0.08196353912353516,True
1546,3234,26.39886258452668,0.00013556300109485164,0.0819559097290039,False
1549,2323,21.62621494917246,0.00013310400026966818,0.08197879791259766,True
1550,2323,24.91484144368338,0.00014365899914992042,0.0819711685180664,True
1553,2354,27.933750461454498,0.00016646599760861136,0.0819864273071289,True
1554,4127,22.999404718555922,0.00013618500088341534,0.0819559097290039,False
1555,2504,21.107943792420432,0.00015426000027218834,0.0819559097290039,True
1558,2353,36.36870835471142,0.00013972499800729565,0.08199405670166016,True
1561,2353,31.909329230097377,0.00013597599900094792,0.0820016860961914,True
1563,2345,32.153362571974526,0.0001330699997197371,0.08196353912353516,True
1564,2345,31.821588677008517,0.0001344539996352978,0.08196353912353516,True
1565,8214,25.79558776289723,0.00014237299910746515,0.08196353912353516,False
1569,2323,31.88033116585814,0.00013627999942400493,0.0819711685180664,True
1572,2354,27.34623159029473,0.00014542900316882879,0.08197879791259766,True
1574,2323,19.794533707631167,0.00013234300058684312,0.0819559097290039,True
1575,7162,55.03870762318266,0.00013363999823923223,0.0819864273071289,False
1576,7162,52.00595444289336,0.00013884700092603453,0.0820169448852539,False
1578,2354,18.848741863521035,0.00018056800035992637,0.0819559097290039,True
1581,4127,21.620340155702376,0.0001331349994870834,0.0819559097290039,False
1582,2354,20.35982750725161,0.00013606799984700046,0.0819711685180664,True
1583,2354,19.48099779883444,0.0001332849969912786,0.08197879791259766,True
1584,2323,23.419120830637517,0.00013193300037528388,0.0819711685180664,True
1585,8288,33.62579870244625,0.00013632699847221375,0.08199405670166016,False
1588,2401,43.20700267704395,0.0001530660010757856,0.0820169448852539,True
1590,2504,22.842208378426758,0.00015372600319096819,0.0819711685180664,True
1592,2354,16.282887481860644,0.00013245499940239824,0.0819559097290039,True
1595,2401,35.05646302626688,0.00013789500007987954,0.0820169448852539,True
1596,2323,20.204468413184102,0.00013201600086176768,0.0819559097290039,True
1599,2323,29.192579444112898,0.00014813199959462509,0.08199405670166016,True
1601,2275,63.87897348674714,0.00014550700143445283,0.0820779800415039,True
1605,4284,32.74980139652254,0.00013442500130622648,0.0819711685180664,False
1606,6650,43.166092336084965,0.0001374749990645796,0.08200931549072266,False
1607,8015,15.39376141779827,0.00013179799861973152,0.08194828033447266,False
1609,8021,50.16538788652442,0.00014178200217429549,0.0819711685180664,False
1610,7162,51.64030390427764,0.0001418350002495572,0.08202457427978516,False
1611,7162,54.71479303237529,0.00015039400022942573,0.0820474624633789,False
1613,7162,51.18332299332307,0.00014182000086293556,0.08205509185791016,False
1616,8015,16.38587175205413,0.00013159199806977995,0.08193302154541016,False
1617,8015,18.11459689330865,0.00013047700122115202,0.0819406509399414,False
1618,7162,50.299487599819116,0.00015807700037839822,0.0820322036743164,False
1619,3729,10.246443078789174,0.00013091199798509479,0.0819406509399414,False
1620,8015,8.681802900202936,0.00014083700079936534,0.0819253921508789,False
1621,6654,14.463127634047018,0.00014946300143492408,0.0819253921508789,False
1622,8820,50.56155802811264,0.00013566699999500997,0.0819864273071289,False
1623,6654,39.209477791526055,0.00014076800289331004,0.0819253921508789,False
1626,4614,36.59020468768034,0.00013496800238499418,0.0819864273071289,False
1628,3568,44.44762145985162,0.00013551499796449207,0.0819711685180664,False
1629,6654,42.2259019986008,0.00013124199904268607,0.0819253921508789,False
1631,2522,50.65892002964076,0.00014234600166673772,0.0819864273071289,False
1632,2509,42.549853944713085,0.00013837900041835383,0.08202457427978516,True
1633,6654,40.70900242802957,0.0001313659995503258,0.0819253921508789,False
1639,6650,45.87549053180537,0.0001518480021331925,0.0820016860961914,False
1640,6650,47.084427603413026,0.0001371200014546048,0.0820016860961914,False
1641,1505,40.256049936353,0.00013112400120007806,0.0819406509399414,False
1642,6650,46.00056036776246,0.00014940999972168356,0.0820016860961914,False
1645,6650,46.921102310655314,0.00014978899707784876,0.0820016860961914,False
1647,6650,45.72319678260499,0.00013715599925490096,0.0820016860961914,False
1648,6650,46.29481794602429,0.00015549999807262793,0.0820016860961914,False
1649,6650,45.95464202500446,0.00013795999984722584,0.0820016860961914,False
1650,1505,42.91534460492931,0.000139824998768745,0.08193302154541016,False
1651,6650,44.1110285826447,0.00015398200048366562,0.0820016860961914,False
1657,1559,39.95609613006781,0.00012963499830220826,0.0819253921508789,False
1658,6650,46.99613410876605,0.00013581199891632423,0.0820016860961914,False
1660,6650,44.25425454596874,0.0001391279984090943,0.0820016860961914,False
1661,2522,34.28034012139536,0.00012791499830200337,0.08193302154541016,False
1663,3629,44.73554368409953,0.00015823599824216217,0.08194828033447266,False
1664,2428,42.08065416906221,0.0001359919988317415,0.0819864273071289,True
1667,6650,41.615018704976976,0.0001397970008838456,0.0820016860961914,False
1668,2522,40.81491070023426,0.0001493499985372182,0.0819559097290039,False
1669,6650,44.89615263004311,0.00013870000111637637,0.0820016860961914,False
1675,2522,32.53277421124247,0.0001444549998268485,0.08193302154541016,False
1677,2522,37.3918034823608,0.0001320549999945797,0.08194828033447266,False
1678,2522,42.930862665347945,0.00014608299898100086,0.0819711685180664,False
1679,1505,39.325865528387,0.00014132899741525762,0.08194828033447266,False
1681,6650,42.932629386323256,0.00015536999853793532,0.0820016860961914,False
1683,2522,49.242878180903695,0.00014218499927665107,0.08199405670166016,False
1685,2522,30.533427638594844,0.0001308880018768832,0.08193302154541016,False
1686,6650,42.04467791173624,0.0002503630021237768,0.0820016860961914,False
1687,6650,44.104604604154886,0.0001451559983252082,0.0820016860961914,False
1690,6650,40.13408514661604,0.00015253200035658665,0.0820016860961914,False
1692,2705,46.24207679464785,0.00013974499961477704,0.0820322036743164,False
1693,6650,40.322420781733626,0.00014196600022842176,0.0820016860961914,False
1695,2522,30.0983635659962,0.00012799699834431522,0.08193302154541016,False
1696,1505,39.41635845163665,0.00014305799777503125,0.0819559097290039,False
1698,1505,49.103244630136466,0.00012714599870378152,0.08193302154541016,False
1699,1505,46.29031559637808,0.00013144799959263764,0.0819559097290039,False
1700,2488,52.9318726635101,0.00013829900126438588,0.0820016860961914,True
1711,2430,32.487153316121194,0.0001326159981545061,0.0819711685180664,True
1712,6650,25.695362426431338,0.00017033600306604058,0.08199405670166016,False
1716,6650,24.43881950383207,0.0001372599981550593,0.08199405670166016,False
1717,2430,40.211075761592014,0.000147980001202086,0.0819864273071289,True
1719,6650,24.37936576405594,0.00013799999942420982,0.08199405670166016,False
1724,2430,32.972962966782774,0.0001372740007354878,0.0819711685180664,True
1726,6650,26.28367001690681,0.0001362650000373833,0.08199405670166016,False
1729,6650,25.727710699569467,0.0001378479973936919,0.08199405670166016,False
1732,2430,37.136115367533,0.0001352179970126599,0.0819711685180664,True
1733,6650,24.544088909339717,0.00013506800314644352,0.08199405670166016,False
1734,6650,26.63229904931263,0.0001356249995296821,0.08199405670166016,False
1738,6650,25.520822335497225,0.00015509899822063744,0.08199405670166016,False
1740,6650,28.172494837799846,0.0001372500009892974,0.08199405670166016,False
1741,6650,25.726595378689286,0.00014025700147612952,0.08199405670166016,False
1742,6650,27.221622146903684,0.00015514199913013726,0.08199405670166016,False
1743,2430,36.38866120528287,0.0001446169990231283,0.08199405670166016,True
1746,6650,27.895430270817094,0.00017024399858200923,0.08199405670166016,False
1747,6650,25.751519140321285,0.00014177699995343573,0.0820016860961914,False
1749,6650,26.424745932528435,0.0001559429983899463,0.08199405670166016,False
1751,2421,39.21432920930361,0.00013346000196179375,0.0819711685180664,True
1758,6650,29.283983672339783,0.000143288001709152,0.0820016860961914,False
1759,2430,44.10452776967247,0.00013567099813371897,0.0819864273071289,True
1760,6650,34.25900187652494,0.00016073199731181376,0.0820016860961914,False
1762,6650,27.6321799333265,0.0001587289989402052,0.0820016860961914,False
1764,2430,41.98943658810997,0.00013878899699193425,0.08202457427978516,True
1766,6650,29.2593848447518,0.000160450999828754,0.0820016860961914,False
1767,6650,29.806102094353808,0.00014014000043971464,0.0820016860961914,False
1768,6650,29.190597733801187,0.00013594600022770464,0.0820016860961914,False
1769,6650,29.536938111966617,0.00013774299804936163,0.0820016860961914,False
1775,6650,30.156017339741418,0.00014885400014463812,0.0820016860961914,False
1776,6650,29.927058231234543,0.0001378599990857765,0.0820016860961914,False
1779,3588,18.78831743364087,0.00013097400005790405,0.08193302154541016,False
1780,1521,21.126989278305505,0.00012963300105184317,0.0819253921508789,False
1782,3588,28.027324213898826,0.00015862000145716593,0.0819711685180664,False
1784,2509,51.547748828787675,0.0003444960020715371,0.08199405670166016,True
1786,1505,26.149982388194502,0.00014015700071468018,0.08196353912353516,False
1787,3588,19.862856231333044,0.00013929700071457773,0.08193302154541016,False
1789,6650,30.365668662319713,0.00013837200094712898,0.0820016860961914,False
1790,2323,51.499652331622556,0.00013685800149687566,0.08199405670166016,True
1791,4127,29.235151237017195,0.00013620399840874597,0.0819559097290039,False
1792,5711,12.708754992003424,0.00013228100215201266,0.0819253921508789,False
1794,3588,30.472519229415173,0.00013178899826016277,0.0819711685180664,False
1796,3234,32.246296672288366,0.00014141599967842922,0.0819253921508789,False
1797,3588,14.030991428287939,0.00012808199971914291,0.08193302154541016,False
1799,2323,17.36091946970751,0.0001665030031290371,0.08194828033447266,True
1802,5463,36.194881545273425,0.0001306100020883605,0.08194828033447266,False
1805,2323,21.02449263583103,0.00014137000107439235,0.0819864273071289,True
1808,2323,13.938022283700878,0.00013471000056597404,0.08194828033447266,True
1810,2509,43.23804442297668,0.00013861499974154867,0.08200931549072266,True
1811,3234,52.321930866048625,0.00013108200073475018,0.08194828033447266,False
1815,6735,19.63426313765646,0.00012915699699078687,0.0819406509399414,False
1818,3692,9.544522148306045,0.0001283330020669382,0.0819253921508789,True
1819,4850,9.676926578363444,0.00013589499940280803,0.0819253921508789,True
1820,6151,27.677552684859826,0.0001511209993623197,0.08194828033447266,False
1821,7070,10.178689587859655,0.00013006000153836794,0.08191776275634766,False
1822,3629,17.286200402017375,0.00013167500219424255,0.0819406509399414,True
1823,6622,28.809408166702088,0.0001633870015211869,0.08199405670166016,True
1824,8925,30.93964225489996,0.00014056300278753042,0.0820016860961914,True
1825,3629,16.538559608311676,0.0001388749988109339,0.08194828033447266,True
1826,3653,26.195808146146327,0.00018260999786434695,0.08196353912353516,True
1827,3639,15.54092575583384,0.00013084499732940458,0.0819406509399414,True
1828,3568,38.915962360952825,0.00013424000280792825,0.0819864273071289,True
1829,4654,5.11901665612065,0.00012847399921156466,0.0819253921508789,True
1830,3568,14.082387642512154,0.00013266200039652176,0.08194828033447266,True
1831,3588,13.699630052368324,0.00013993600077810697,0.0819253921508789,True
1833,6937,8.608980657247942,0.0001279499992961064,0.08191776275634766,False
1835,3692,16.741726543204564,0.00013041000056546181,0.0819406509399414,True
1836,3588,16.351211612288836,0.00012954499834449962,0.08193302154541016,True
1837,5558,20.614432519156782,0.00018233700029668398,0.0819406509399414,False
1838,8798,3.639524094715086,0.00015746600183774717,0.0819253921508789,True
1840,3662,22.097958281877773,0.00013405700155999511,0.0819864273071289,True
1841,3398,24.785958658105937,0.00013316999684320763,0.0819559097290039,False
1844,3662,17.217346778117506,0.00013985600162413903,0.08196353912353516,True
1847,8798,9.671654812772893,0.0001297449998673983,0.08194828033447266,True
1848,1539,4.111248614552628,0.00012884999887319282,0.0819253921508789,True
1849,3692,14.873839223677948,0.0001326790006714873,0.08194828033447266,True
1850,3692,30.697370326868278,0.00013477299944497645,0.08194828033447266,True
1851,3663,18.55184754341216,0.00012779899770976044,0.0819253921508789,True
1853,8925,24.77138266575679,0.0001368730008834973,0.08197879791259766,True
1855,7722,53.68525309825413,0.0001353250008833129,0.08199405670166016,False
1860,6565,36.29061775083371,0.000139978998049628,0.0820016860961914,True
1862,3692,15.09290890634767,0.00013136900088284165,0.08194828033447266,True
1863,3692,27.998062127188398,0.00013471699639922008,0.08196353912353516,True
1864,1348,5.530312791838514,0.0001283169985981658,0.0819253921508789,True
1868,2719,46.61198587726975,0.00014928000018699095,0.08200931549072266,True
1871,2140,67.53382082128424,0.0001484969980083406,0.08202457427978516,False
1873,2272,71.31676463631611,0.00013965600010124035,0.0820322036743164,False
1874,6707,11.486364492196817,0.0003141960005450528,0.0819253921508789,False
1877,3692,13.560678549580606,0.00013519999993150122,0.0819406509399414,True
1879,3692,13.589700908701465,0.00013656600276590325,0.0819406509399414,True
1880,3588,8.350594771605827,0.0001296659975196235,0.08193302154541016,True
1881,5677,4.408157579852865,0.0001282560006075073,0.0819253921508789,False
1884,1348,6.4751227829298434,0.00013044499792158604,0.0819253921508789,True
1885,8916,5.37412593855332,0.0001266899998881854,0.08191776275634766,True
1886,4934,10.061358934114597,0.00013063699952908792,0.08193302154541016,True
1887,3692,11.852965019288817,0.00013152899919077754,0.0819406509399414,True
1888,3662,17.804938995358366,0.00014530600310536101,0.0819711685180664,True
1891,4867,4.188559361925186,0.00012785799845005386,0.08191776275634766,True
1893,8806,8.816207169451037,0.00013899600162403658,0.0819253921508789,True
1895,3662,22.6400107059117,0.00014924399874871597,0.0819864273071289,True
1899,4987,19.030678269719676,0.00012956800128449686,0.08194828033447266,True
1900,4934,9.322487955923666,0.00013280100029078312,0.08193302154541016,True
1902,4767,2.9304052306537667,0.0002824399998644367,0.08191776275634766,True
1904,3692,17.70600109911567,0.000139978998049628,0.08193302154541016,True
1905,6735,29.994530111772757,0.0001369439996778965,0.0819711685180664,False
1907,8798,9.854333158833187,0.00012950699965585954,0.0819406509399414,True
1911,3692,18.758416022078897,0.00013741500151809305,0.0819406509399414,True
1912,3662,8.358742953392841,0.00012823900033254176,0.08193302154541016,True
1915,3662,22.66100128317995,0.00013869400208932348,0.0819864273071289,True
1916,4987,27.8172775618764,0.00013699600094696507,0.0819711685180664,True
1919,3499,24.624987183102814,0.00019313099983264692,0.0819406509399414,False
1920,3521,8.138753385062872,0.00013138899885234423,0.0819253921508789,True
1929,3662,26.878352225329493,0.00019911699928343296,0.0819711685180664,True
1931,1348,28.081238781855124,0.0001299459981964901,0.0819406509399414,True
1933,3692,20.013643678661474,0.0001356430002488196,0.08194828033447266,True
1934,8158,23.756689441467213,0.00013742299779551104,0.08197879791259766,True
1935,8839,31.261257096357234,0.00013226399823906831,0.08196353912353516,True
1938,4987,27.474728542587297,0.0001284059981117025,0.0819406509399414,True
1940,6643,26.269168791817087,0.00033341900052619167,0.08196353912353516,True
1941,8856,11.744599596097144,0.000133759000163991,0.0819406509399414,True
1942,8158,30.022603709727107,0.00013777000276604667,0.0819711685180664,True
1944,4987,15.389754676743642,0.00013442800263874233,0.0819559097290039,True
1946,4934,10.672358096815218,0.00013144399781594984,0.0819253921508789,True
1949,8360,74.16142289232528,0.00014006100172991864,0.08200931549072266,True
1952,8288,59.14114363002411,0.00013567200221586972,0.0819711685180664,True
1953,4331,48.00213511038697,0.00013813899931847118,0.0819864273071289,True
1955,8451,61.3755815765378,0.00013932000001659617,0.08202457427978516,True
1958,8394,77.00017947266667,0.00013643800048157573,0.08199405670166016,True
1960,1097,30.71671126004148,0.00013311700240592472,0.08194828033447266,True
1961,6610,35.24796573980155,0.0001357000001007691,0.08197879791259766,True
1964,8798,19.645702506793288,0.00012644800153793767,0.08193302154541016,True
1965,4889,8.58096212852569,0.00013913699876866303,0.0819253921508789,True
1969,3729,9.971935434590806,0.0001302780001424253,0.08193302154541016,True
1970,6610,22.193415414649255,0.00013428800230030902,0.08197879791259766,True
1973,6707,14.680807706044108,0.00013867400048184209,0.0819253921508789,False
1976,8839,28.993366895022316,0.00017325999942841008,0.0819559097290039,True
1980,8247,21.147974987869123,0.00013197299995226786,0.0819559097290039,True
1984,8158,23.21846414798847,0.0001327700010733679,0.08196353912353516,True
1987,4987,25.400734448042066,0.00013543499881052412,0.08196353912353516,True
1990,3724,28.16836539748494,0.00013375599883147515,0.0819559097290039,True
1991,3568,33.79440554016553,0.0001494169991929084,0.08197879791259766,True
1995,5401,26.12094241131942,0.00012830700143240392,0.08193302154541016,False
1996,3588,4.627037510164422,0.00013397099974099547,0.08193302154541016,True
1997,3724,15.502082156005713,0.00013139099974068813,0.0819559097290039,True
1999,3692,28.954782020877797,0.00013331400259630755,0.08196353912353516,True
2001,4987,14.013008191773375,0.0001337449975835625,0.08196353912353516,True
2005,3639,34.362183381090766,0.00013269800183479674,0.08194828033447266,True
2011,7879,13.138027990601858,0.00013090699940221384,0.08194828033447266,True
2012,3588,8.156466786296251,0.0001447829999960959,0.08193302154541016,True
2015,3663,5.896466105539198,0.00012999799946555868,0.0819253921508789,True
2020,6707,10.878721806432573,0.0001277839983231388,0.0819253921508789,False
2022,8799,9.47098590743769,0.00013686199963558465,0.08194828033447266,True
2023,8922,17.26419767398082,0.00015563600027235225,0.0819559097290039,True
2029,4737,2.764665674972017,0.00012912199963466264,0.08191776275634766,True
2031,6643,13.324239436745266,0.00013146600031177513,0.0819253921508789,True
2032,6133,5.737686692831718,0.00013294100062921643,0.08193302154541016,True
2033,1094,11.705229725208545,0.0001375760002702009,0.08191776275634766,True
2034,6610,26.955711409341152,0.00013944699821877293,0.08196353912353516,True
2037,4737,16.027548395026592,0.00015141699986997992,0.08193302154541016,True
2039,3662,28.918717325829757,0.00013404999845079146,0.08196353912353516,True
2044,3653,27.685926658949164,0.00018312900283490308,0.08196353912353516,True
2045,3588,7.616586052785428,0.00013739700079895556,0.0819253921508789,True
2046,8922,24.216860167126548,0.00013005800065002404,0.0819406509399414,True
2048,6549,44.74544296193907,0.0001482010011386592,0.08202457427978516,True
2054,3662,24.237070438278817,0.00015115999849513173,0.08199405670166016,True
2057,1130,29.979881178902957,0.00012940799933858216,0.08193302154541016,True
2058,3692,29.014190453519706,0.0001423659996362403,0.0819711685180664,True
2059,3588,10.48900848069224,0.00013041500278632157,0.08193302154541016,True
2062,4767,8.042619400001122,0.00012822999997297302,0.0819253921508789,True
2063,6643,13.299048922918363,0.00013006999870412983,0.08193302154541016,True
2064,1149,21.557705722260078,0.00013351300003705546,0.0819253921508789,True
2065,4987,23.874346802747198,0.00013597799988929182,0.08196353912353516,True
2066,3662,79.66281124784109,0.00013654999929713085,0.0819864273071289,True
2070,8856,12.068901778042852,0.00012988399976165965,0.08194828033447266,True
2073,3692,23.34058824197754,0.00013680700067197904,0.08199405670166016,True
2075,8925,21.293257416685023,0.00013355999908526428,0.0819711685180664,True
2076,8896,8.2767806193855,0.0001281099976040423,0.08193302154541016,True
2077,8799,16.564500050514,0.00013616700016427785,0.08194828033447266,True
2078,6643,12.796902224193234,0.0001340710005024448,0.08194828033447266,True
2084,8799,10.957393270565044,0.00012868800331489183,0.0819406509399414,True
2086,3729,20.623652802985863,0.0001325150005868636,0.0819559097290039,True
2087,3588,11.198801775522329,0.0001378130000375677,0.0819253921508789,True
2093,6020,30.263537376529385,0.0001312830027018208,0.0819406509399414,True
2094,8798,9.739805041070849,0.0001369380006508436,0.08194828033447266,True
2095,3588,7.031047683398932,0.00013048700202489272,0.08193302154541016,True
2097,4987,39.826447228773944,0.0001375050014758017,0.08196353912353516,True
2098,4985,8.61451306729576,0.00013250000120024197,0.08193302154541016,True
2099,3692,31.046031018913165,0.00013458900139085017,0.0819711685180664,True
2101,8798,7.574856405721039,0.00013979000141262077,0.0819406509399414,True
2106,3692,11.640482821943813,0.00014200400255504064,0.0819406509399414,True
2117,6610,24.29580563308885,0.0001618530004634522,0.08197879791259766,True
2118,3663,4.0339777083606725,0.00013879099788027816,0.0819253921508789,True
2122,8798,14.5317341132356,0.0001404510003339965,0.0819406509399414,True
2123,8820,18.108193355567003,0.00013074299931759015,0.08196353912353516,True
2124,8925,36.10623165799193,0.00013347200001589954,0.0819711685180664,True
2127,3692,25.560703043436742,0.00013923000005888753,0.08194828033447266,True
2130,7902,41.711677300872,0.00014231000022846274,0.08205509185791016,True
2131,8925,16.792423422689755,0.00013163800031179562,0.0819559097290039,True
2133,3568,36.08979620510596,0.0001322290008829441,0.0819711685180664,True
2135,6020,28.102166755490487,0.00013643100101035088,0.08197879791259766,True
2137,4767,10.077261490397754,0.0001432879980711732,0.0819253921508789,True
2138,3566,35.444950047792865,0.00013674100046046078,0.08199405670166016,True
2139,2705,25.981635646214155,0.00013840199972037226,0.08197879791259766,True
2140,6622,30.96299757567575,0.00013737900007981807,0.0820016860961914,True
2141,2705,37.81530433665365,0.00013605699859908782,0.0819711685180664,True
2142,6016,11.581014940131611,0.00013652800043928437,0.0819406509399414,True
2143,6020,19.752294309575124,0.00014298099995357916,0.08196353912353516,True
2150,6622,29.740368720537365,0.0001407429990649689,0.08200931549072266,True
2151,3629,22.68357828827643,0.00013257599857752211,0.08193302154541016,True
2154,8288,25.269068548111655,0.00014239500160329044,0.0819711685180664,True
2160,7947,16.496704301506163,0.00013325100007932633,0.0819559097290039,False
2161,6641,18.661672419572685,0.00013273199874674901,0.0819559097290039,True
2162,3662,20.13939714773424,0.00013354899783735164,0.08197879791259766,True
2163,3692,21.343565045593973,0.0001399140019202605,0.08194828033447266,True
2165,3639,21.998826089827,0.00013878499885322526,0.0819559097290039,True
2166,8856,17.43218970921547,0.00013819699961459264,0.0819406509399414,True
2167,8856,9.51979478388348,0.0001306509984715376,0.0819406509399414,True
2168,6407,11.726658181462385,0.00013012500130571425,0.0819406509399414,False
2169,3588,9.471193274501948,0.00013289900016388856,0.0819406509399414,True
2170,4987,16.0690076904724,0.00014164700041874312,0.08194828033447266,True
2171,4934,10.061160152836953,0.00013421300172922201,0.08193302154541016,True
2172,1366,9.620798453073593,0.0001391080004395917,0.08193302154541016,True
2173,8820,32.365928118066215,0.00013315599790075794,0.08196353912353516,True
2176,6643,12.376441686163869,0.0001358640001853928,0.0819559097290039,True
2177,8814,19.678003390981832,0.00013296399993123487,0.0819559097290039,True
2179,3662,21.228635905354366,0.00013650300024892204,0.08196353912353516,True
2182,3560,11.12178655868138,0.00014815599934081547,0.08194828033447266,True
2183,8814,12.055274811019267,0.00013211099940235727,0.08193302154541016,True
2184,3662,14.146342840829503,0.0001337530011369381,0.08194828033447266,True
2185,3662,24.15517040041119,0.0001346040007774718,0.0819559097290039,True
2193,8839,25.026343913171928,0.00014376100079971366,0.0819711685180664,True
2194,8799,21.009091573104136,0.00013015199874644168,0.08193302154541016,True
2195,6096,30.701024313380668,0.00013146299897925928,0.0819406509399414,True
2196,8820,27.550713483868947,0.00014727699817740358,0.0819864273071289,True
2197,3653,24.736367307130017,0.00013793600010103546,0.0819711685180664,True
2200,3653,19.676214652598045,0.00013037600001553074,0.0819406509399414,True
2202,8839,70.32953791432836,0.00014886699864291586,0.0819711685180664,True
2204,8832,1.8079313191479243,0.00013511100041796453,0.08191776275634766,False
2206,4063,64.70918383670312,0.0001374870007566642,0.0820016860961914,True
2208,4547,44.48555655043727,0.0001391909972880967,0.0819711685180664,True
2209,4543,39.941935269016966,0.00013604699779534712,0.0819711685180664,True
2211,4472,48.67489435293782,0.00015652599904569797,0.0819864273071289,True
2212,7206,40.69966867817089,0.00015037800039863214,0.08194828033447266,False
2215,4482,48.03220623447209,0.00013432799823931418,0.0819711685180664,True
2220,7206,43.685716898865984,0.0001315160006924998,0.08196353912353516,False
2226,291,34.785026636851164,0.00012931500168633647,0.0819406509399414,True
2227,307,39.568803030140835,0.00013313199815456755,0.08194828033447266,True
2228,4466,45.087409486453765,0.00013969000065117143,0.0819711685180664,True
2230,452,36.92561954703783,0.00014192900198395364,0.08194828033447266,True
2233,309,27.33411321269364,0.0001364720010315068,0.08193302154541016,True
2234,291,29.768512283511807,0.00013654999929713085,0.08193302154541016,True
2236,323,42.23552940413454,0.00013097600094624795,0.08193302154541016,True
2237,244,45.2848060157333,0.00013198700253269635,0.0819711685180664,True
2238,309,42.3392452328549,0.00012918499851366505,0.08194828033447266,True
2240,339,35.86472951322516,0.00013450400001602247,0.0819406509399414,True
2243,309,40.970980371385615,0.00013389699961408041,0.08194828033447266,True
2244,243,37.98158347517534,0.00013202500122133642,0.0819559097290039,True
2245,233,41.76103604667962,0.00013650600158143789,0.0819711685180664,True
2246,7874,45.73812563896141,0.00013691700223716907,0.08196353912353516,True
2251,232,39.06671228976381,0.00013870999828213826,0.0819559097290039,True
2254,232,31.640032142901312,0.00014874500266159885,0.08196353912353516,True
2255,208,38.857643957978595,0.0001321320014540106,0.08194828033447266,True
2258,7874,37.75692792223006,0.00013905800005886704,0.0819559097290039,True
2259,208,36.260669066572696,0.00013367499923333526,0.08196353912353516,True
2262,233,42.09974625289381,0.00013237800158094615,0.0819711685180664,True
2263,5612,40.00479890839679,0.00013697100075660273,0.08196353912353516,False
2267,230,37.69594215318723,0.00013641799887409434,0.0819559097290039,True
2269,208,34.29250735565753,0.0001353109983028844,0.08196353912353516,True
2273,8337,37.13536816235946,0.00013340199802769348,0.0819406509399414,False
2276,233,39.612882060175295,0.00015064499893924221,0.0819711685180664,True
2277,236,42.35112374406251,0.00013201899855630472,0.08196353912353516,True
2282,261,30.60454746260878,0.00013414900240604766,0.0819559097290039,True
2283,236,37.65071548800807,0.0001504219981143251,0.08194828033447266,True
2285,8337,24.96470296554808,0.0001274230016861111,0.0819253921508789,False
2288,8337,30.960784924999704,0.0001333599975623656,0.0819559097290039,False
2289,8337,38.43327448914912,0.00014165199900162406,0.08194828033447266,False
2291,8337,38.95076065433739,0.00013428500096779317,0.0819559097290039,False
2293,8337,46.21512910986766,0.00013187199874664657,0.0819559097290039,False
2294,8337,43.79138726085704,0.00013347599815460853,0.0819559097290039,False
2297,8337,37.38856481214319,0.00013448599929688498,0.0819406509399414,False
2302,8337,52.19161200721786,0.00012999600221519358,0.0819253921508789,False
2305,8337,36.20923007356331,0.0001309709987253882,0.08193302154541016,False
2307,8337,61.32107665403706,0.00012945400158059783,0.08194828033447266,False
2308,8337,55.05124988243315,0.00013014800060773268,0.0819406509399414,False
2314,8337,34.147701306658924,0.00013231800039648078,0.08193302154541016,False
2317,8337,31.949022281433972,0.000134940000862116,0.0819406509399414,False
2319,8337,37.98372204769581,0.00017760300033842213,0.08194828033447266,False
2321,8337,31.221882067801722,0.00013044300067122094,0.08193302154541016,False
2322,8337,19.69935027151089,0.00013226499868324026,0.08193302154541016,False
2323,8337,36.98473196428593,0.00013070700151729397,0.0819406509399414,False
2324,8337,37.27885589371074,0.00013504999878932722,0.0819406509399414,False
2328,8337,40.424567911716224,0.0001333940017502755,0.0819559097290039,False
2330,8337,32.98015295754463,0.00012876399705419317,0.08193302154541016,False
2334,8337,24.7031226083476,0.00012720900122076273,0.08193302154541016,False
2336,8337,37.962412299957855,0.0001275450013054069,0.08193302154541016,False
2338,8337,31.264841702816547,0.00014582299991161563,0.0819406509399414,False
2339,8337,41.27375439258502,0.00013234099969849922,0.0819406509399414,False
2341,8337,39.83954825858319,0.0001607470003364142,0.0819406509399414,False
2342,8337,41.273541423677045,0.00013141499948687851,0.0819253921508789,False
2346,8337,25.777811234429677,0.0001280110009247437,0.08193302154541016,False
2348,8337,31.922819974290128,0.0001430550000804942,0.08193302154541016,False
2350,8337,30.75813122192431,0.00013488400145433843,0.08193302154541016,False
2358,8337,33.70140195877212,0.0001493399977334775,0.08193302154541016,False
2360,8337,28.95788796658242,0.00013876699813408777,0.08193302154541016,False
2364,8337,32.80403576352799,0.00013190800018492155,0.08193302154541016,False
2365,8337,46.284287157185055,0.00012977300139027648,0.08193302154541016,False
2366,8337,41.53987667897052,0.00012963900007889606,0.08193302154541016,False
2367,8337,23.424413015870847,0.00013139899965608492,0.0819253921508789,False
2368,8337,32.731979846481075,0.00013006500012124889,0.0819406509399414,False
2369,8337,30.15037406209989,0.00013272700016386807,0.0819406509399414,False
2370,8337,36.173172713225384,0.0001384940005664248,0.0819406509399414,False
2372,8337,37.29656620759211,0.00014491399997496046,0.0819253921508789,False
2374,8337,60.81524840705156,0.0001287869999941904,0.0819406509399414,False
2376,8337,19.686780578135128,0.0001407550007570535,0.08193302154541016,False
2378,8337,22.462303743307245,0.00016241400226135738,0.08193302154541016,False
2382,8337,25.44356443770854,0.00012699500075541437,0.08193302154541016,False
2383,8337,42.10949963238221,0.00013077699986752123,0.0819253921508789,False
2384,8337,26.748240235262386,0.00013217599916970357,0.08193302154541016,False
2386,8337,40.716015554156705,0.00012799999967683107,0.08193302154541016,False
2387,8337,13.140023863992278,0.00013921899881097488,0.0819253921508789,False
2391,8337,39.04839701556247,0.00013322700033313595,0.08193302154541016,False
2400,8337,51.7337234033373,0.00013146199853508733,0.0819406509399414,False
2405,8337,34.69434948519489,0.00015256600090651773,0.08193302154541016,False
2406,8337,26.825937113868356,0.00012730399976135232,0.08193302154541016,False
2407,8337,35.621635715005226,0.0001301359989156481,0.08193302154541016,False
2408,8337,34.61466838300561,0.00013575800039689057,0.0819406509399414,False
2410,8337,35.09242333760269,0.00014610300058848225,0.08193302154541016,False
2412,8337,47.992063862635675,0.00012968599912710488,0.0819406509399414,False
2414,8337,32.28305234930013,0.00013011900227866136,0.08193302154541016,False
2415,8337,40.33364867403934,0.00014103600187809207,0.0819406509399414,False
2416,8337,21.86252107714932,0.00014137200196273625,0.08193302154541016,False
2418,8337,45.66604610448787,0.00013138799840817228,0.0819406509399414,False
2419,8337,21.058864502856405,0.00012861799768870696,0.08193302154541016,False
2424,8337,25.299487330885462,0.00012744800187647343,0.0819253921508789,False
2428,8337,17.602113139669974,0.00012990200048079714,0.08193302154541016,False
2429,8337,28.249379052269287,0.0001296459995501209,0.08193302154541016,False
2433,8337,32.80082418517329,0.00014068599921301939,0.08193302154541016,False
2436,8337,33.079236945548445,0.0001310400002694223,0.0819406509399414,False
2437,8337,29.317454397699088,0.00013128800128470175,0.08193302154541016,False
2438,8337,37.17063750472825,0.0001310619991272688,0.0819406509399414,False
2441,8337,21.78856334159395,0.00013015099830226973,0.08193302154541016,False
2444,8337,54.784264561017615,0.00013232600031187758,0.0819406509399414,False
2446,8337,52.299213745540285,0.00014405600086320192,0.0819406509399414,False
2447,8337,38.57372351719704,0.00014178899800754152,0.0819406509399414,False
2448,8337,28.84557510843638,0.00012825899830204435,0.08193302154541016,False
2449,8337,32.359384291263325,0.00013969300198368728,0.08193302154541016,False
2452,8337,31.416038244037434,0.0001289770007133484,0.0819406509399414,False
2454,8337,47.139745209715116,0.00013201799811213277,0.0819253921508789,False
2456,8337,47.39927263990442,0.00012867500117863528,0.0819406509399414,False
2457,8337,22.04959060523186,0.0001277010014746338,0.0819253921508789,False
2458,8337,25.993030835165786,0.00013115600086166523,0.08193302154541016,False
2459,8337,40.91522768582252,0.00015147800149861723,0.0819406509399414,False
2460,8337,25.116191041277215,0.00013207499796408229,0.08193302154541016,False
2462,8337,58.48285556703181,0.0001353209991066251,0.0819406509399414,False
2463,8337,35.892044485392724,0.00013063999722362496,0.0819406509399414,False
2465,8337,22.334444625376562,0.00013149699952919036,0.0819253921508789,False
2466,8337,20.129952758630864,0.00014300700058811344,0.0819253921508789,False
2469,8337,40.24224371270229,0.0001308149985561613,0.0819406509399414,False
2471,8337,43.565978904059726,0.00012889299978269264,0.0819406509399414,False
2472,8337,29.358695932616463,0.00014550700143445283,0.0819406509399414,False
2475,8337,33.81891955604521,0.00014532699788105674,0.08193302154541016,False
2477,8337,37.44691668913515,0.0001343200019618962,0.0819406509399414,False
2479,8337,40.160997090393764,0.00013109800056554377,0.08194828033447266,False
2482,8337,28.50660535332231,0.00013522299923351966,0.0819406509399414,False
2485,8337,28.536315819318506,0.00014022100003785454,0.08193302154541016,False
2488,236,44.798096550170726,0.00015014699965831824,0.08196353912353516,True
2489,8337,35.88542475391271,0.00014475500211119652,0.0819406509399414,False
2493,8337,28.355419161589065,0.00014879599984851666,0.0819406509399414,False
2494,8337,30.45507356474411,0.00012907600103062578,0.0819406509399414,False
2495,8337,36.47727135224028,0.00013670599946635775,0.0819406509399414,False
2496,8337,17.24849829259606,0.00013025800217292272,0.08193302154541016,False
2499,8337,37.408313580792196,0.0001307359998463653,0.08194828033447266,False
2501,261,42.64927203424779,0.00013532999946619384,0.0819711685180664,True
2503,8337,40.54798174606016,0.00013986599878990091,0.0819559097290039,False
2504,236,36.76259342749605,0.00014170199938234873,0.08196353912353516,True
2505,5612,34.88114275347544,0.00012999699902138673,0.08194828033447266,False
2506,236,40.29458319230544,0.00015363800048362464,0.0819559097290039,True
2507,236,38.829159943255405,0.00015436900139320642,0.08196353912353516,True
2509,236,36.99343914986885,0.00013094100359012373,0.0819559097290039,True
2510,236,38.719081928051864,0.00014125999950920232,0.0819711685180664,True
2511,230,38.00794979671184,0.00015163100033532828,0.0819559097290039,True
2512,244,36.58505907838022,0.0001326870005868841,0.0819559097290039,True
2513,244,34.91645896456009,0.00014956800077925436,0.0819559097290039,True
2514,8337,43.40460836833251,0.00014020000162418,0.0819559097290039,False
2515,4642,12.485520655330417,0.00013230100012151524,0.0819406509399414,False
2517,7070,7.205370342476717,0.00012652399891521782,0.0819253921508789,False
2518,4642,9.200186534374808,0.0001284729987673927,0.0819253921508789,False
2523,4186,16.462543567779612,0.00014080899927648716,0.0819559097290039,True
2524,5420,5.754506705578023,0.0001367799995932728,0.08191776275634766,True
2525,8214,14.660833229690164,0.0001337689973297529,0.0819406509399414,False
2526,4124,11.889365019077117,0.00014871700113872066,0.0819253921508789,True
2528,5449,4.108443729949865,0.00012927600255352445,0.08193302154541016,True
2530,1521,8.541611045442234,0.00013581900202552788,0.0819406509399414,False
2532,1432,21.029703226911597,0.0001384189999953378,0.0819711685180664,False
2536,6457,8.345703721897095,0.00023103200146579184,0.0819406509399414,True
2538,7070,7.604548108175723,0.00012900200090371072,0.0819253921508789,False
2539,8247,10.051707615878938,0.00012953999976161867,0.08193302154541016,False
2545,6985,8.462871191330029,0.00013425900033325888,0.0819406509399414,False
2548,7070,6.19982399780085,0.00012741200043819845,0.08191776275634766,False
2550,1432,19.762913637611117,0.00013397400107351132,0.08196353912353516,False
2551,6447,2.5330809744415874,0.00014265400022850372,0.0819253921508789,True
2553,6338,5.233319620345584,0.00013777999993180856,0.0819253921508789,True
2555,4186,9.183593984757131,0.00013330799993127584,0.08193302154541016,True
2556,4642,12.927074812726605,0.0001307989987253677,0.0819406509399414,False
2558,8200,18.33036003220599,0.0001312909989792388,0.08194828033447266,False
2561,4642,7.337334799966293,0.00013705399760510772,0.08193302154541016,False
2566,862,6.2878127738019876,0.0001322919997619465,0.08193302154541016,True
2567,4642,11.461998191174727,0.00014400199870578945,0.0819406509399414,False
2568,862,8.259650016513234,0.00013309600035427138,0.08194828033447266,True
2570,5805,20.91638522754074,0.00014146600005915388,0.0819406509399414,False
2573,4642,18.813431506818603,0.0001443879991711583,0.08194828033447266,False
2575,1432,11.482766246490716,0.0001271780020033475,0.08193302154541016,False
2577,4642,9.010408544404296,0.00013320300058694556,0.08194828033447266,False
2580,5506,6.640792240614217,0.0001282800003536977,0.08193302154541016,True
2583,6440,3.8190728165770453,0.00013056300304015167,0.0819253921508789,True
2584,862,6.965078261601355,0.00013258400213089772,0.0819406509399414,True
2585,4186,12.745684430184863,0.000130101998365717,0.08194828033447266,True
2587,6418,1.794028538047349,0.00013310400026966818,0.08191776275634766,True
2591,5608,14.22172133908408,0.00013482299982570112,0.08194828033447266,True
2592,5677,4.312797576490233,0.00012758199954987504,0.0819253921508789,True
2593,4642,8.427589049436353,0.00014425300105358474,0.0819406509399414,False
2594,5420,6.88200470183886,0.00013839299936080351,0.08193302154541016,True
2595,5805,20.848903669635554,0.00014271799955167808,0.0819406509399414,False
2596,860,10.205696374757594,0.00013097800183459185,0.08193302154541016,True
2597,8015,13.901669361939216,0.00019392300237086602,0.08191776275634766,True
2598,7919,8.869850493180206,0.00014139300037641078,0.08193302154541016,True
2599,5420,10.618268726961754,0.00013083399971947074,0.08193302154541016,True
2601,4186,6.23776521519671,0.00012852700092480518,0.0819253921508789,True
2602,5602,4.872333510359572,0.00012855100067099556,0.08193302154541016,True
2605,5677,10.225196875560163,0.0001348490004602354,0.0819406509399414,True
2606,4177,11.742713962575518,0.00013168900113669224,0.0819559097290039,True
2607,6240,20.17240350001658,0.0001531369998701848,0.08194828033447266,False
2608,890,9.727885334134152,0.00014542600183631293,0.0819406509399414,True
2613,4642,11.899962861182736,0.0001374060011585243,0.08193302154541016,False
2617,4124,10.782770850398945,0.00013225399743532762,0.0819406509399414,True
2618,6338,2.7934858422592876,0.00013632499758386984,0.0819253921508789,True
2619,7070,14.61229821487147,0.00014118599938228726,0.0819406509399414,False
2626,4642,12.065231051023236,0.00012984900240553543,0.0819406509399414,False
2627,5506,10.554844188985069,0.0001397500018356368,0.08194828033447266,True
2629,4642,6.248588178706929,0.0001340849994448945,0.08193302154541016,False
2630,8177,8.326039010329456,0.0001443129986000713,0.0819253921508789,False
2631,4642,11.825322535371793,0.00014060699686524458,0.0819253921508789,False
2632,7908,27.38891630562764,0.00013718199988943525,0.0819864273071289,True
2633,6985,8.332408236560633,0.00013805900016450323,0.08193302154541016,False
2635,5420,7.877720571862476,0.00013466300151776522,0.08193302154541016,True
2638,2963,46.65063382290267,0.0001279480020457413,0.08191776275634766,True
2639,2963,13.156053561001828,0.00013058300100965425,0.08194828033447266,True
2640,3234,15.180198765004947,0.0001401959998474922,0.08194828033447266,False
2641,2564,52.97814513390503,0.00013905000014347024,0.08202457427978516,True
2642,8853,27.197910207701153,0.00013702999785891734,0.08197879791259766,True
2643,6297,36.13797942640166,0.0001372600017930381,0.08196353912353516,True
2646,5565,4.812838179398252,0.00014801399811403826,0.08193302154541016,False
2650,1454,17.587739751973498,0.0001327600002696272,0.08194828033447266,True
2651,7105,5.111704743979815,0.0001308089995291084,0.0819253921508789,True
2654,6347,11.142085746058942,0.00013179400048102252,0.0819559097290039,False
2656,6722,11.919541145209491,0.000132306002342375,0.08191776275634766,False
2660,5908,11.467296168578205,0.0001281909972021822,0.0819253921508789,False
2663,3499,14.238905310722847,0.0001304340003116522,0.08193302154541016,False
2664,6315,11.029993155405851,0.0001489850001235027,0.0819253921508789,False
2665,4621,9.269779605784166,0.0001312969980062917,0.08193302154541016,True
2666,8093,38.70474917262044,0.0001369519995932933,0.0819864273071289,False
2669,6418,13.957361904303465,0.00014364299931912683,0.08194828033447266,False
2670,8226,1.3730223766601206,0.00014233999900170602,0.08191776275634766,False
2673,6978,23.851025788896145,0.00013635600043926388,0.08193302154541016,True
2674,6535,23.45375158916111,0.0001349989979644306,0.0819711685180664,False
2678,6722,4.675440152258893,0.00013054200098849833,0.0819253921508789,False
2679,3475,36.47665021478709,0.00013574900003732182,0.0819711685180664,False
2682,7034,4.8987823281791,0.0001284930003748741,0.08191776275634766,True
2683,6707,1.7905410167949465,0.00015038499986985698,0.08191776275634766,False
2685,3264,4.381229470430731,0.00012719599908450618,0.0819253921508789,False
2686,3451,17.98723116009407,0.00013077800031169318,0.08194828033447266,False
2687,1493,9.045888521885452,0.0001346930002910085,0.0819253921508789,False
2688,6472,15.627561194603457,0.00020142499852227047,0.08193302154541016,False
2689,6992,10.822789709647823,0.00013015999866183847,0.0819406509399414,True
2690,3451,18.317516248710817,0.0001310740008193534,0.0819559097290039,False
2691,6707,6.9270373701343155,0.00013209799726610072,0.08191776275634766,False
2702,81,22.12778962681077,0.00013007900270167738,0.0819406509399414,False
2703,1447,16.929339275593126,0.00013155499982531182,0.0819406509399414,True
2704,5124,14.666944753012416,0.0001286570004594978,0.08193302154541016,False
2705,6738,6.761266979997792,0.00013831800242769532,0.08193302154541016,False
2711,3215,2.0,0.00012785400031134486,0.0819253921508789,False
2712,4624,6.899546754843785,0.0001277820010727737,0.0819253921508789,True
2714,3499,8.021739781764834,0.0001326790006714873,0.08193302154541016,False
2715,6375,9.413879495711049,0.00013185400166548789,0.0819406509399414,False
2716,5565,8.41158608826513,0.0001613910026208032,0.0819406509399414,False
2718,2353,22.708769947931305,0.00013560400111600757,0.0819559097290039,False
2719,1016,3.7044048975235593,0.0001312989988946356,0.08191776275634766,False
2723,7809,5.50363321391984,0.0001263209996977821,0.08191776275634766,False
2724,1448,11.755516546073725,0.00013156899876776151,0.08193302154541016,True
2726,4624,4.747023320848652,0.0001316880006925203,0.0819253921508789,True
2729,7034,7.891481269353431,0.0001333090003754478,0.0819406509399414,True
2731,895,0.059363221455374884,0.0001270749999093823,0.08191776275634766,False
2732,3403,18.988944056438505,0.0001293460009037517,0.08194828033447266,False
2734,3499,13.309459034276701,0.00013059699995210394,0.0819406509399414,False
2736,6707,6.868311496019501,0.00013624199709738605,0.08193302154541016,False
2737,3451,15.242863700018416,0.0001287380000576377,0.08194828033447266,False
2739,1493,6.38750219338388,0.00012943599722348154,0.0819253921508789,False
2740,1466,13.78791323626583,0.00013317200136953034,0.08193302154541016,True
2742,4624,12.498847003384908,0.00012906100164400414,0.0819406509399414,True
2746,8689,14.373013914690146,0.00012984400018467568,0.08193302154541016,False
2748,3553,7.972622172563559,0.00012893299935967661,0.08191776275634766,False
2750,1466,17.241161501447067,0.00013791799938189797,0.08194828033447266,True
2753,3553,8.947083145268362,0.00013271400166559033,0.0819253921508789,False
2755,4617,47.93945500402016,0.0001353009974991437,0.08194828033447266,True
2756,7947,26.518684867339346,0.00013513299927581102,0.0819711685180664,False
2758,4621,15.467835321813874,0.00017052400289685465,0.0819253921508789,True
2761,5815,17.90792730465925,0.00012932300160173327,0.0819406509399414,False
2763,3215,2.0,0.00013607999790110625,0.0819253921508789,False
2764,6181,33.45219775337135,0.0001322390016866848,0.0819559097290039,True
2765,7034,5.7249681878298055,0.00013123700045980513,0.08191776275634766,True
2766,8214,20.646136464138078,0.00014301099872682244,0.0819559097290039,False
2768,1454,14.33129392566029,0.00013180600217310712,0.08194828033447266,True
2770,6215,21.26234742168111,0.00014840099902357906,0.0819406509399414,True
2775,6294,35.3134192752668,0.00013689000115846284,0.08197879791259766,True
2776,5375,22.43167018937709,0.0001374159983242862,0.08197879791259766,False
2779,8739,29.96831386724356,0.00015524300033575855,0.08196353912353516,False
2780,4853,9.597703650464798,0.0001441570020688232,0.0819253921508789,False
2783,4621,4.065354734952652,0.0001327760001004208,0.0819253921508789,True
2784,1472,6.476430506516641,0.00012953799887327477,0.08193302154541016,True
2785,1472,8.97292897536988,0.0001356450011371635,0.08194828033447266,True
2787,3451,22.628953237665307,0.00014099100008024834,0.08193302154541016,False
2791,8342,44.76982713742711,0.00014244799967855215,0.08193302154541016,True
2792,8330,6.0,0.0001292060005653184,0.0819406509399414,True
2793,8337,38.29040873161955,0.0001419750005879905,0.08193302154541016,True
2794,8337,7.960052001345442,0.00014799400014453568,0.08193302154541016,True
2799,1539,5.030469825024582,0.00013385100101004355,0.0819253921508789,True
2800,5420,8.026993782789116,0.00013164099800633267,0.0819406509399414,False
2802,8758,13.272102822009947,0.00014009499864187092,0.08194828033447266,False
2803,1555,2.8937217545387366,0.0001325049997831229,0.0819253921508789,True
2804,4767,1.6901517981332073,0.00012893299935967661,0.08191776275634766,True
2805,5595,5.168247549554147,0.00012745299682137556,0.0819253921508789,False
2807,3588,11.47744048910929,0.00013733399828197435,0.0819406509399414,True
2809,8200,6.8657330991196845,0.00013853299969923683,0.08191776275634766,True
2810,3583,9.903305147935862,0.00013279799895826727,0.08194828033447266,True
2812,867,2.0,0.00012881200018455274,0.0819253921508789,False
2813,2522,28.256497508460555,0.00013581099847215228,0.08197879791259766,True
2815,8226,2.0942401164663282,0.00012729900117847137,0.0819253921508789,True
2816,3723,10.305650212716563,0.00013127600323059596,0.08193302154541016,True
2817,1286,4.718370275499289,0.0001491190014348831,0.0819253921508789,True
2820,8922,12.020429184233649,0.0001382549999107141,0.08194828033447266,True
2824,6937,6.159726591963099,0.00014032599938218482,0.0819253921508789,False
2827,7991,1.047117430090522,0.0001355720014544204,0.08191776275634766,False
2830,3663,8.01296429453707,0.00013227499948698096,0.0819406509399414,True
2838,6402,2.0125529877298076,0.00013146799756214023,0.0819253921508789,False
2841,912,2.531436181542922,0.000137570001243148,0.0819253921508789,False
2843,8288,27.370004261009775,0.00013390199819696136,0.0819406509399414,True
2844,6538,14.592749891083079,0.00013039400073466823,0.08194828033447266,True
2848,2482,17.2635197597043,0.00013705899982596748,0.08193302154541016,False
2849,2482,12.930590343678558,0.0001474759992561303,0.08194828033447266,False
2850,867,6.0,0.00013432899868348613,0.0819406509399414,False
2852,867,6.594268227209973,0.00014460999955190346,0.08193302154541016,False
2853,5526,7.651105608586982,0.00013738900088355877,0.0819253921508789,False
2854,3588,6.192842366968091,0.00013075300012133084,0.08193302154541016,True
2858,570,7.626459532485901,0.00013284200031193905,0.0819253921508789,True
2859,590,25.973680792709228,0.00013373900219448842,0.0819864273071289,True
2860,6937,10.120487263615349,0.0001362999973935075,0.0819253921508789,False
2861,3220,15.796883324066918,0.0001374080020468682,0.0819406509399414,True
2865,5196,8.052513638510273,0.0001328170001215767,0.08193302154541016,False
2870,5020,31.48801899738363,0.00016279199917335063,0.08199405670166016,False
2871,6271,25.929849219695093,0.00013923000005888753,0.0819864273071289,False
2873,5196,23.9325809796552,0.00014719999671797268,0.08194828033447266,False
2876,867,8.236296098642207,0.00014052999904379249,0.08193302154541016,False
2877,527,20.603330937430727,0.00014055200153961778,0.0819864273071289,True
2879,688,11.258455211016402,0.00017058500088751316,0.0819253921508789,True
2881,5196,46.53886747689707,0.0001360079986625351,0.08196353912353516,False
2888,5194,28.10006621579007,0.0001359410016448237,0.0819711685180664,False
2889,8085,37.05868721118537,0.0001647669996600598,0.08200931549072266,True
2890,5194,37.64086232751512,0.00014088300304138102,0.08194828033447266,False
2891,5256,31.80675315730634,0.00015665099999750964,0.0819406509399414,False
2894,6992,24.87013692419292,0.00014627299970015883,0.08194828033447266,False
2896,633,13.36270415578899,0.00013140699957148172,0.08196353912353516,True
2897,5124,11.379405307991139,0.0001337689973297529,0.0819406509399414,False
2898,3220,8.431421118059731,0.00013595199925475754,0.08194828033447266,True
2900,5194,17.75876852549844,0.0001322939970123116,0.0819559097290039,False
2905,5196,20.29072690301709,0.0001334389999101404,0.0819406509399414,False
2906,5124,16.164276440785713,0.00016221500118263066,0.0819559097290039,False
2908,8085,28.232394338579418,0.00015729699953226373,0.08197879791259766,True
2909,800,29.132794007151514,0.00013821999891661108,0.08197879791259766,True
2913,633,14.66318880511012,0.00013652499910676852,0.0819711685180664,True
2914,5256,39.793672390919966,0.00014548499893862754,0.08200931549072266,False
2915,7689,35.88678480468447,0.00013058299737167545,0.08194828033447266,False
2916,6885,35.8109388783041,0.00013450999904307537,0.0819864273071289,True
2918,5172,14.710943489218415,0.0001637150016904343,0.0819559097290039,False
2919,633,15.452376836415363,0.00013301199942361563,0.0819711685180664,True
2920,5202,27.611459876679714,0.00014649999866378494,0.0819711685180664,False
2923,2886,35.14039082989488,0.00013007199959247373,0.08194828033447266,False
2927,6992,19.757686788569355,0.00013035400115768425,0.0819406509399414,False
2931,7034,10.095187543012656,0.00013308299821801484,0.08194828033447266,False
2933,8145,22.739835160600542,0.00013754400060861371,0.0819864273071289,True
2936,7064,14.059267632296505,0.00013177099754102528,0.0819559097290039,False
2940,2820,9.965388702392499,0.0001336029999947641,0.0819253921508789,False
2944,6885,32.4457970462764,0.0001397480009472929,0.08196353912353516,True
2945,3113,24.04799344751354,0.00014179299978422932,0.0819406509399414,True
2946,5177,26.621156460113454,0.0001370840000163298,0.08196353912353516,False
2947,753,34.00008735983832,0.0001477209989388939,0.0819711685180664,True
2948,609,21.0120865047533,0.00013135499830241315,0.0819406509399414,True
2949,713,26.755752108102023,0.00013117400158080272,0.08194828033447266,True
2952,5027,22.836367748713677,0.0001356979992124252,0.08196353912353516,False
2954,590,21.687425501927443,0.0001457069993193727,0.0819711685180664,True
2955,633,17.60636345316854,0.00014502299745799974,0.08197879791259766,True
2956,3359,6.296903080360717,0.00013556199701270089,0.0819253921508789,False
2958,8655,0.8110224947350196,0.00013129199942341074,0.08191776275634766,False
2967,3692,25.03114739804467,0.00014827700215391815,0.0819711685180664,False
2972,4151,11.677203550520908,0.00012717099889414385,0.08193302154541016,True
2973,7739,7.651297930521531,0.0001389520002703648,0.0819406509399414,True
2974,5463,9.517960738038262,0.00014103099965723231,0.08194828033447266,True
2975,4124,5.2676701207482735,0.00013458399916999042,0.0819253921508789,True
2976,3729,8.939387120905058,0.00015070900190039538,0.0819253921508789,False
2977,6418,9.6344280760328,0.00013707299876841716,0.0819253921508789,True
2983,8200,8.65251983551268,0.00015347000226029195,0.0819406509399414,False
2984,4284,13.292005510484767,0.00012907999916933477,0.0819253921508789,True
2985,4973,12.313631449982891,0.00013828900046064518,0.0819253921508789,False
2988,6461,31.510679140906802,0.00013559700164478272,0.08199405670166016,True
2990,4642,7.573858534428103,0.00013110500003676862,0.0819406509399414,False
2991,6393,15.330118290618904,0.00013340199802769348,0.08194828033447266,True
2992,6393,26.83034831967226,0.0001417659987055231,0.08197879791259766,True
2995,8799,12.681150097235168,0.00012957599756191485,0.0819406509399414,False
2998,3521,6.636710851693999,0.00014590399950975552,0.0819253921508789,False
3000,8191,4.899758877537684,0.00013139500151737593,0.08193302154541016,False
3002,8200,11.976003141839408,0.00013676299931830727,0.08194828033447266,False
3003,4177,4.488562506763403,0.00012851999781560153,0.08193302154541016,True
3005,2354,20.54191675383824,0.00013139200018486008,0.0819559097290039,False
3006,4177,5.174302754198154,0.00013427099838736467,0.08193302154541016,True
3008,867,2.083575337223816,0.00013388500155997463,0.0819253921508789,True
3009,6407,9.714003690333216,0.0001357669971184805,0.08194828033447266,True
3010,6375,3.1812316302667116,0.0001309910003328696,0.0819253921508789,True
3015,7824,26.13708192884892,0.00013256600141176023,0.08194828033447266,True
3018,4124,5.756039693133859,0.00015314000120270066,0.08193302154541016,True
3019,6325,20.63944907002806,0.00013323500024853274,0.08196353912353516,True
3020,8799,16.92970587613271,0.00013124800170771778,0.08193302154541016,False
3021,6416,0.04541605562636178,0.00016783799947006628,0.08191776275634766,True
3022,2820,2.0,0.00015307899957406335,0.0819253921508789,False
3023,6707,4.220368287854208,0.00015374100257758982,0.0819253921508789,False
3024,7919,11.591301266641524,0.00014366200048243627,0.0819406509399414,True
3025,5677,2.399554866246369,0.00013738200141233392,0.0819253921508789,True
3026,5420,4.255044010796035,0.00013534900062950328,0.0819253921508789,True
3027,4162,24.394942132965433,0.0001529280016256962,0.08196353912353516,True
3028,6347,10.785546875750455,0.00013427299927570857,0.08194828033447266,True
3029,5365,15.245801943147077,0.00013347999993129633,0.08191776275634766,True
3030,4284,16.424292758768015,0.00013411300096777268,0.08194828033447266,True
3031,5677,4.205013234505857,0.00013379799929680303,0.08193302154541016,True
3033,2556,23.126213864596163,0.00013036800010013394,0.08194828033447266,False
3035,4177,2.975308393436578,0.0001301359989156481,0.0819253921508789,True
3036,4186,5.711928607277021,0.0001280270007555373,0.08193302154541016,True
3038,4124,0.9591788256163586,0.00013908999972045422,0.08191776275634766,True
3042,6096,14.214419801355382,0.00014713600103277713,0.0819559097290039,False
3044,2773,4.677802977824797,0.00012787199739250354,0.08191776275634766,False
3045,5752,14.758307955655217,0.0001308920000155922,0.08194828033447266,False
3046,8832,9.446138695594826,0.00018429899864713661,0.08193302154541016,False
3047,6347,4.07418388624052,0.0001314469991484657,0.08191776275634766,True
3049,6457,6.108388147174454,0.00013609799862024374,0.08193302154541016,True
3050,7924,12.434388651103076,0.00013149100050213747,0.08193302154541016,True
3052,8832,11.847687343828254,0.0001349160011159256,0.0819406509399414,False
3054,3588,15.665090824620602,0.0001332339998043608,0.0819559097290039,False
3056,4096,19.093838353948076,0.000128345000121044,0.08193302154541016,True
3059,6338,1.8701237339247618,0.00012701299783657305,0.08191776275634766,True
3060,6416,2.5476367994033753,0.00012768000306095928,0.0819253921508789,True
3061,7977,29.314140668080515,0.0001318260001426097,0.08196353912353516,True
3064,2345,14.38682560621525,0.0001429819967597723,0.0819253921508789,False
3065,4177,2.2107063395048527,0.0001266370018129237,0.08191776275634766,True
3066,4124,4.733861558094228,0.00012977100050193258,0.08191776275634766,True
3069,6240,15.667503130535867,0.00013215099897934124,0.0819559097290039,False
3070,991,2.1875286467574306,0.0001371020007354673,0.0819253921508789,True
3072,8832,12.22185902450013,0.0001283509991480969,0.0819406509399414,False
3073,6440,2.805645073156415,0.00012858999980380759,0.0819253921508789,True
3074,5365,6.9380440074427465,0.00013338499775272794,0.08193302154541016,True
3075,6069,19.36842608116746,0.00013319699792191386,0.08194828033447266,False
3077,6407,6.699559912382193,0.0001563179976074025,0.0819253921508789,True
3080,3264,3.624121434918674,0.00013688899707631208,0.0819253921508789,False
3082,1297,90.8366173566755,0.00013077600306132808,0.08191776275634766,False
3087,4177,2.612199228872433,0.00015457799963769503,0.08191776275634766,True
3088,1297,6.175352278069274,0.00012900599904241972,0.0819253921508789,False
3091,6096,7.826254234984374,0.00013073900117888115,0.08193302154541016,False
3093,6393,16.68994081688977,0.0001308270002482459,0.0819406509399414,True
3097,6393,19.868183616751224,0.00013190000026952475,0.0819253921508789,True
3098,6325,9.824803622565314,0.00013304700041771866,0.0819406509399414,True
3100,6457,1.8339255714014364,0.00013074899834464304,0.08191776275634766,True
3103,99,15.136317212494482,0.0001428499999747146,0.08196353912353516,False
3104,6407,8.494551288227173,0.00013659600153914653,0.08193302154541016,True
3109,8047,32.35426939099501,0.00013544400280807167,0.0819711685180664,True
3111,4632,34.614928102043336,0.0001375050014758017,0.08194828033447266,False
3114,6472,2.444278940646363,0.00012923000031150877,0.08191776275634766,True
3115,6407,8.660204377055873,0.0001434050027455669,0.0819406509399414,True
3116,6402,4.389818839374801,0.0001316820016654674,0.08193302154541016,True
3117,6457,3.3966753532270912,0.00013312100054463372,0.0819253921508789,True
3118,7991,6.256402563704046,0.0001358840017928742,0.08193302154541016,True
3119,4186,3.6891175893031742,0.00012831799904233776,0.08191776275634766,True
3121,4177,2.3209835654325985,0.00012813300054403953,0.08191776275634766,True
3122,3398,16.52187871527896,0.00013049600238446146,0.08194828033447266,False
3124,6479,6.2644630752262955,0.0001375659994664602,0.08191776275634766,True
3126,3521,3.416141451608206,0.00013715800014324486,0.0819253921508789,False
3129,8177,20.14264954900563,0.00013387900253292173,0.08197879791259766,False
3130,4177,5.1798533327644005,0.0001287340019189287,0.0819253921508789,True
3131,5449,10.1333548601047,0.0001389620010741055,0.0819559097290039,True
3139,6069,13.24148519126698,0.00014080300024943426,0.0819253921508789,False
3140,5498,4.647119824865208,0.00014061700130696408,0.08193302154541016,True
3141,3633,17.679232943124752,0.0001487199988332577,0.08193302154541016,False
3142,6457,3.53743323175668,0.0001433100005669985,0.0819253921508789,True
3147,8226,0.07055249215147719,0.00012737900033243932,0.08191776275634766,False
3148,6338,4.165929158181697,0.00013311099974089302,0.0819253921508789,True
3149,4186,9.360656729392932,0.00012930400043842383,0.08193302154541016,True
3151,8247,7.151372731802166,0.00015877600162639283,0.0819253921508789,False
3153,3521,0.704038296649771,0.00012602200149558485,0.08191776275634766,False
3154,5558,26.548067216607336,0.00013503000081982464,0.08196353912353516,True
3155,8798,11.152387889787988,0.0001388179989589844,0.0819406509399414,False
3156,8798,41.53658137753372,0.00013128600039635785,0.08194828033447266,False
3158,5602,5.076497276815975,0.00013185400166548789,0.08191776275634766,True
3159,8739,36.8866724906035,0.0001325290031672921,0.0819711685180664,False
3160,6325,8.991588029705401,0.00014348799959407188,0.08193302154541016,True
3161,7908,18.35526509169384,0.00015121100295800716,0.08194828033447266,True
3162,3521,5.610504925271355,0.00012643799709621817,0.08193302154541016,False
3166,4124,5.0561502443045905,0.00013379000301938504,0.08193302154541016,True
3169,6030,15.009247339849324,0.00012782500198227353,0.08191776275634766,False
3170,4632,56.55374706364714,0.0001339330010523554,0.08194828033447266,False
3171,3270,2.158128515442785,0.00012808499741367996,0.08191776275634766,False
3173,3302,17.67282815778507,0.0001521600024716463,0.0819406509399414,False
3174,2820,0.0,0.0001253850023203995,0.08191776275634766,False
3175,6565,32.332495889211344,0.00013563399988925084,0.08197879791259766,False
3176,4162,20.836609221188404,0.00016931299978750758,0.08196353912353516,True
3177,8021,12.27356446492578,0.00014053999984753318,0.0819406509399414,True
3178,6347,4.118136521291651,0.00012999099999433383,0.0819253921508789,True
3179,6016,24.796939526659244,0.00012782300109392963,0.0819406509399414,False
3180,3588,8.940033070432737,0.00013259900151751935,0.0819406509399414,False
3181,6738,13.008852070308237,0.00012650899952859618,0.08193302154541016,True
3182,7739,7.370273887929977,0.0001392699996358715,0.08193302154541016,False
3183,1432,10.113704200519688,0.00014613700113841332,0.0819406509399414,False
3185,5915,0.0013325474483171609,0.00019172499742126092,0.08191776275634766,True
3187,5508,9.99155857037606,0.00013930099885328673,0.0819253921508789,False
3188,172,16.748617667256195,0.00012851600331487134,0.08193302154541016,True
3190,18,15.724064877434577,0.00013228500029072165,0.08202457427978516,True
3191,1493,14.319945487549322,0.00013418099842965603,0.0819253921508789,False
3193,1472,10.156265007340808,0.00012619699919014238,0.08191776275634766,False
3197,1432,7.464931957334486,0.0001330880004388746,0.0819253921508789,False
3199,6738,11.496469600690634,0.0001307239981542807,0.0819253921508789,True
3201,1493,17.92195470991632,0.00018387899763183668,0.08194828033447266,False
3203,6224,29.65042428688922,0.00013400899842963554,0.0819711685180664,False
3204,5677,8.363404036690858,0.000138110997795593,0.08193302154541016,False
3207,5677,9.967400156442302,0.00013765800031251274,0.0819253921508789,False
3209,7809,16.219315363926615,0.00012816199887311086,0.0819253921508789,False
3210,78,16.477227657825626,0.00014297500092652626,0.08193302154541016,True
3211,3406,22.289367281616258,0.00013403899720287882,0.08197879791259766,True
3212,18,16.79757713367715,0.00013461699927574955,0.0820322036743164,True
3214,3406,8.656398121551899,0.00012896800035377964,0.0819406509399414,True
3217,4973,13.400577809256337,0.00017600099818082526,0.08193302154541016,False
3219,78,14.569000751195038,0.00014835199908702634,0.0819406509399414,True
3223,4973,9.619579526266554,0.00012952900215168484,0.0819253921508789,False
3226,6707,33.93549085649326,0.00013022100029047579,0.0819406509399414,True
3230,5908,21.1127538936161,0.00012945500202476978,0.08193302154541016,True
3231,4973,14.05215016502429,0.0001331269995716866,0.0819406509399414,False
3233,4973,12.407583916906328,0.00013083199883112684,0.0819253921508789,False
3234,862,15.953973564557591,0.00012938800136907957,0.0819406509399414,False
3235,3406,15.40148398071177,0.0001425019981979858,0.08196353912353516,True
3236,6707,32.777015130306346,0.00012923099711770192,0.0819406509399414,True
3237,5915,0.0013325474483171609,0.00013565300105256028,0.08191776275634766,True
3238,18,16.333743799545946,0.00013411299732979387,0.08202457427978516,True
3239,4177,9.454553846549134,0.00012847000107285567,0.08193302154541016,False
3240,3499,18.363743360404015,0.000128885996673489,0.08194828033447266,True
3242,1493,24.654775914118368,0.0001554100017528981,0.08196353912353516,False
3244,6722,19.19609443429015,0.0001286650003748946,0.08193302154541016,True
3248,862,11.507799686633058,0.0001291839980694931,0.0819253921508789,False
3249,4973,8.575963076677489,0.00012863200026913546,0.08193302154541016,False
3252,860,15.662411758861337,0.00012865000098827295,0.0819406509399414,False
3254,108,14.066906239559733,0.0001352239996776916,0.0819406509399414,True
3257,5915,0.0013325474483171609,0.00014685700080008246,0.08191776275634766,True
3261,18,18.51249771600612,0.00013808799849357456,0.08202457427978516,True
3262,7739,6.881978555476664,0.00013157200010027736,0.0819253921508789,False
3266,6985,14.270360538715638,0.0001288210005441215,0.0819253921508789,False
3270,172,9.978062917329725,0.0001285780017497018,0.08193302154541016,True
3275,4642,9.302298149724548,0.00013177900109440088,0.08193302154541016,False
3276,3466,13.75312413357566,0.00016884899741853587,0.0819406509399414,True
3277,3466,13.470484148593734,0.00013920800120104104,0.0819406509399414,True
3278,1466,12.948605536136082,0.00013756899716099724,0.0819559097290039,False
3280,18,17.3769362709041,0.00013471399870468304,0.0820322036743164,True
3281,1493,11.22781380164644,0.0001280229989788495,0.0819253921508789,False
3293,7062,11.917227234341748,0.00012823900033254176,0.0819406509399414,False
3294,7062,12.554035728217615,0.00014768500113859773,0.0819253921508789,False
3297,8758,19.24175242111631,0.0001595009998709429,0.0819711685180664,False
3299,6288,18.720458365415517,0.00014470699898083694,0.08194828033447266,False
3300,6985,5.532214379210089,0.00014092800120124593,0.08193302154541016,False
3301,5602,9.67028195995722,0.00012889099889434874,0.0819253921508789,False
3302,7062,11.504882000682551,0.00013040499834460206,0.08194828033447266,False
3304,8778,0.0,0.0001296740010729991,0.08191776275634766,False
3307,4186,7.663971962767188,0.00013134500113665126,0.0819253921508789,False
3311,6985,8.404237152670273,0.00013068699990981258,0.0819406509399414,False
3313,2522,16.586369056867802,0.000149815998156555,0.08196353912353516,True
3314,6069,19.7692415158679,0.0001382730006298516,0.08196353912353516,True
3317,2522,14.075484625634243,0.00015041000006021932,0.0819559097290039,True
3318,2504,16.939743118699354,0.00013187600052333437,0.08194828033447266,False
3319,8342,2.0,0.0001284280006075278,0.0819253921508789,True
3323,6132,25.542795636013707,0.00013483000293490477,0.0819864273071289,True
3324,2522,14.407550445766157,0.00013167500219424255,0.0819559097290039,True
3325,2345,21.796128027812852,0.00013162599861971103,0.0819406509399414,False
3327,8330,11.279574367100917,0.00013613400005851872,0.0819406509399414,True
3329,6016,12.10128734966952,0.00013279199993121438,0.0819559097290039,True
3332,8330,4.0,0.0001332179999735672,0.08193302154541016,True
3335,4632,7.784138774538157,0.0001265639984922018,0.08191776275634766,False
3337,1505,26.79342432063134,0.0001374789972032886,0.0819864273071289,True
3338,1505,24.314071772139407,0.00013136699999449775,0.08196353912353516,True
3341,6096,9.485388297254218,0.0001349279991700314,0.08193302154541016,True
3342,6016,12.993381604438248,0.00014910200115991756,0.08193302154541016,True
3344,8386,16.212251920981803,0.00013750899961451069,0.08193302154541016,True
3347,8330,4.0,0.00013019800098845735,0.08193302154541016,True
3348,2956,32.60322395137243,0.00015043300300021656,0.0819559097290039,True
3350,8342,11.277777783834932,0.00012947700088261627,0.0819406509399414,True
3354,2522,19.463605046364936,0.0001412009987689089,0.08196353912353516,True
3356,8430,11.279574367100926,0.00012991200128453784,0.0819406509399414,True
3358,7809,17.401254757101068,0.00012766399959218688,0.08191776275634766,False
3359,8820,22.42305034649233,0.0001326099991274532,0.0819711685180664,True
3360,6016,8.128541881067145,0.00013094099995214492,0.0819406509399414,True
3361,2522,14.712377716386774,0.00014179600111674517,0.0819559097290039,True
3362,6016,11.917333982959917,0.00013135400149622,0.08194828033447266,True
3364,1505,28.36619666676822,0.00013095400208840147,0.0819559097290039,True
3365,2522,8.143599924809909,0.0001499619975220412,0.08193302154541016,True
3366,8820,13.957528641631056,0.0001354750020254869,0.0819406509399414,True
3367,8820,11.386875316454022,0.00015486999836866744,0.08193302154541016,True
3368,8330,6.0,0.00014615400141337886,0.0819406509399414,True
3371,6069,14.773811292374416,0.00015467799676116556,0.0819406509399414,True
3372,8342,9.277777783834932,0.00012707800124189816,0.08193302154541016,True
3373,2956,4.0,0.0001283349993173033,0.08193302154541016,True
3382,8798,5.809872354548782,0.00015411300046253018,0.08193302154541016,True
3384,3729,19.27230278560768,0.0001412250021530781,0.08197879791259766,True
3385,6132,20.302105954402837,0.0001343260009889491,0.08196353912353516,True
3386,8798,8.27726530162447,0.0001312200001848396,0.08193302154541016,True
3388,6069,16.452531278458157,0.00013526199836633168,0.08194828033447266,True
3390,6069,17.606010259241767,0.0001317589994869195,0.0819559097290039,True
3394,6020,13.38714268325991,0.0001280369979212992,0.08193302154541016,True
3395,8330,4.0,0.0001438549988961313,0.08193302154541016,True
3396,8330,13.27982898912024,0.00014333099898067303,0.08194828033447266,True
3401,6132,17.063033990472878,0.00013146499986760318,0.08194828033447266,True
3404,3588,10.291600896352142,0.00013101399963488802,0.0819406509399414,True
3410,3701,2.6095876785388654,0.00015820300177438185,0.08191776275634766,True
3411,4934,6.334383821258741,0.00014661700333817862,0.0819253921508789,True
3412,8820,11.16005884597951,0.00014590700084227137,0.08193302154541016,True
3413,2522,11.897669723462354,0.00013260900232126005,0.0819406509399414,True
3414,8798,8.041278401251027,0.00014228800137061626,0.08193302154541016,True
3416,1559,13.189020966668275,0.00013276699974085204,0.08193302154541016,True
3417,6020,11.508728509664707,0.0001381090005452279,0.08193302154541016,True
3420,2522,8.222289119888138,0.0001398919994244352,0.08193302154541016,True
3422,6020,15.85986289381446,0.0001284420031879563,0.0819406509399414,True
3424,8330,11.279574367100903,0.00013096999828121625,0.0819406509399414,True
3427,6096,13.885466672412615,0.00013831199976266362,0.08194828033447266,True
3430,1559,22.332471215259293,0.0001317630012636073,0.08196353912353516,True
3431,2956,64.9752155165156,0.00013023800056544133,0.0819406509399414,True
3433,2522,11.192696206717642,0.0001308149985561613,0.08194828033447266,True
3436,8330,4.0,0.0001323630021943245,0.08193302154541016,True
3438,6132,17.555458674416197,0.00013084500096738338,0.0819559097290039,True
3442,2522,8.587467849829363,0.00012844899902120233,0.08193302154541016,True
3443,2522,18.077641758565782,0.00014128499969956465,0.08196353912353516,True
3444,8330,11.27957436710092,0.0001315930021519307,0.0819406509399414,True
3445,8330,6.0,0.00013048199980403297,0.0819406509399414,True
3447,8361,14.65936172067049,0.00013722099902224727,0.08193302154541016,True
3450,8342,9.277777783834932,0.0001323749966104515,0.08193302154541016,True
3457,8799,13.080619798734924,0.00013488400145433843,0.0819253921508789,True
3458,3618,5.419351898373148,0.00013078499978291802,0.0819253921508789,True
3459,8342,4.0,0.00012845800301874988,0.08193302154541016,True
3460,8330,6.0,0.00013716999819735065,0.0819406509399414,True
3461,2956,4.0,0.000127350002003368,0.08193302154541016,True
3464,8330,6.0,0.0002720379998208955,0.0819406509399414,True
3465,2956,20.890871365222505,0.0001308050013903994,0.0819559097290039,True
3467,8330,20.890871365222512,0.00013311799921211787,0.0819559097290039,True
3468,8330,13.437190956233966,0.00013057699834462255,0.08194828033447266,True
3471,6020,22.106831340168455,0.00013270400086184964,0.08196353912353516,True
3472,8330,2.0,0.0001270930006285198,0.0819253921508789,True
3473,2006,40.990963727596515,0.0001377810003759805,0.0820016860961914,False
3476,6654,17.69456835566443,0.00013036400196142495,0.08194828033447266,True
3477,8430,16.785757723071182,0.00013253200086182915,0.0819406509399414,True
3480,8820,10.763929601189203,0.00013006199878873304,0.08193302154541016,True
3482,6016,26.2750480878625,0.0006613879995711613,0.0819559097290039,True
3483,2522,17.37924320544445,0.00013510599819710478,0.0819711685180664,True
3484,1559,43.11420846452818,0.00013362999743549153,0.08197879791259766,True
3485,6016,14.482782763411857,0.00014617600027122535,0.0819253921508789,True
3489,8820,20.325346660107375,0.00014454299889621325,0.08196353912353516,True
3490,2956,36.99623398061641,0.00015904999963822775,0.08193302154541016,True
3491,6132,19.399006340420243,0.00014806800027145073,0.0819253921508789,True
3492,2714,9.789469471465084,0.00012805000005755574,0.0819253921508789,True
3493,2522,16.433144581962242,0.00014661400200566277,0.08196353912353516,True
3496,2755,47.54361289766133,0.00013812799807055853,0.08202457427978516,True
3497,2522,21.560895288515812,0.00014599700079998001,0.08197879791259766,True
3498,6056,8.713476153867504,0.00012643599984585308,0.0819253921508789,True
3500,3234,18.71504220416944,0.0001423230023647193,0.0819559097290039,False
3506,2522,14.843530925119635,0.00013768999997409992,0.08194828033447266,True
3508,8330,4.0,0.0001315279987466056,0.08193302154541016,True
3510,2522,16.079591577940676,0.00013252999997348525,0.08196353912353516,True
3514,8820,17.349607945449833,0.00014009100050316192,0.08196353912353516,True
3515,8820,9.869463409059453,0.00014993399963714182,0.08193302154541016,True
3516,3588,11.262740900061885,0.00013015399963478558,0.0819406509399414,True
3520,6056,13.081281593533085,0.00014604600073653273,0.0819406509399414,True
3521,4127,26.402050550706953,0.00014090200056671165,0.08194828033447266,False
3524,6096,10.345861863790732,0.00012766399959218688,0.0819253921508789,True
3529,2522,9.969352209253362,0.00012902899834443815,0.08193302154541016,True
3530,1559,16.368881546526595,0.00016553200111957267,0.0819559097290039,True
3531,2889,35.53133335200941,0.0001354140003968496,0.0819864273071289,True
3533,6132,20.318018733784452,0.00013574400145444088,0.0819711685180664,True
3535,6069,14.120383309080987,0.0001347879988315981,0.0819559097290039,True
3538,3588,8.424866507800953,0.00014758000179426745,0.08193302154541016,True
3540,452,28.921444320646515,0.00014419299986911938,0.0819559097290039,False
3543,293,28.11757429933082,0.00013623400081996806,0.08197879791259766,False
3545,6069,15.309407399438472,0.00016444900029455312,0.08194828033447266,True
3546,2522,19.352385637411572,0.00014617600027122535,0.08197879791259766,True
3547,8799,7.251546162311957,0.00013581299936049618,0.08193302154541016,True
3549,6016,13.349302364030644,0.00013287500041769817,0.08194828033447266,True
3550,6020,14.068466663529497,0.00012915199840790592,0.08193302154541016,True
3554,2522,14.129173155279146,0.00014676600039820187,0.08196353912353516,True
3555,3234,16.337372313599374,0.00013379599840845913,0.08196353912353516,False
3556,6020,18.101636213919516,0.0001359329980914481,0.08194828033447266,True
3557,455,27.756385825203886,0.0001456339996366296,0.0819711685180664,False
3558,1505,12.249970300061221,0.00014156000179355033,0.0819406509399414,True
3560,6056,20.232689900813977,0.00013593599942396395,0.08196353912353516,True
3561,452,29.85430542470616,0.0001351549981336575,0.0819711685180664,False
3562,484,33.99831987228012,0.00013224399663158692,0.0819711685180664,False
3563,8820,14.136802961296823,0.00015578999955323525,0.08194828033447266,True
3567,2522,17.1178170476714,0.00013418899834505282,0.08196353912353516,True
3571,8330,15.28008361113957,0.00013196000145399012,0.0819559097290039,True
3574,2522,17.891618926382332,0.00013674099682248197,0.0819711685180664,True
3578,7302,48.744476676660234,0.00013426800069282763,0.0819864273071289,False
3579,2522,11.651090212085348,0.00012945799971930683,0.0819406509399414,True
3581,6016,12.910304141934011,0.0005492719974427018,0.0819559097290039,True
3582,3158,45.56870512300439,0.00014228199870558456,0.08200931549072266,False
3584,6056,14.806143233983482,0.0001294900030188728,0.08194828033447266,True
3586,2522,17.32150788510186,0.00013650699838763103,0.0819711685180664,True
3587,8325,41.2559803334551,0.00013760100046056323,0.0819864273071289,True
3589,2522,12.320714703336478,0.00013036599921179004,0.08194828033447266,True
3590,2522,11.925319392626198,0.00012760099707520567,0.08193302154541016,True
3591,7549,41.507340039601566,0.0001462440013710875,0.08199405670166016,False
3593,6069,17.54205143035211,0.0001315260014962405,0.0819559097290039,True
3594,2522,16.112998600124925,0.00013079999916953966,0.08194828033447266,True
3597,2522,21.437913764551823,0.0001432900025974959,0.0819711685180664,True
3598,2522,10.471358596860567,0.0001291740009037312,0.08193302154541016,True
3599,8820,12.115753233836646,0.00012813300054403953,0.0819253921508789,True
3600,6069,15.281814305103612,0.00013363199832383543,0.0819559097290039,True
3601,8325,33.26729432609261,0.00013604600098915398,0.08197879791259766,True
3602,8820,19.38130106497202,0.0001340749986411538,0.0819559097290039,True
3604,2522,18.25862587988724,0.00013196700092521496,0.0819559097290039,True
3605,3588,13.323336137799112,0.00013755300096818246,0.0819559097290039,True
3607,2522,18.311768704553653,0.00015092299872776493,0.08196353912353516,True
3609,2522,10.628044894197956,0.00013242299974081106,0.08193302154541016,True
3611,3158,35.559614658760374,0.0001368000012007542,0.0819711685180664,False
3613,8820,18.59480682624484,0.00013197500084061176,0.0819559097290039,True
3615,3158,39.76662768602435,0.00015260299915098585,0.0820169448852539,False
3616,6016,16.183687663345083,0.00013397200018516742,0.0819711685180664,True
3618,6016,6.944116176800621,0.00013072099682176486,0.08193302154541016,True
3621,6069,7.931159782730864,0.00013617100194096565,0.08191776275634766,True
3623,8820,16.955491200991712,0.00013384499834501185,0.08196353912353516,True
3624,1559,21.597730925735966,0.00020995999875594862,0.0819559097290039,True
3625,2522,19.28976180628293,0.0001453260010748636,0.08196353912353516,True
3626,1505,12.003695806524329,0.00013118099741404876,0.08193302154541016,True
3627,2522,19.100085936145774,0.0001356169996142853,0.0819711685180664,True
3628,6558,50.4720915682974,0.00013943500016466714,0.08199405670166016,True
3632,5546,5.687152758624433,0.00012876199980382808,0.08193302154541016,False
3633,484,25.768214513240828,0.00013150300219422206,0.08194828033447266,True
3635,457,30.240937820586474,0.00014143499720375985,0.0819711685180664,True
3637,6558,22.672272691709136,0.00012956799764651805,0.0819406509399414,False
3639,457,27.10463202425166,0.0001329770020674914,0.08194828033447266,True
3640,7879,31.38680751830337,0.0001364190029562451,0.08196353912353516,False
3650,484,31.49024673411454,0.0001373590021103155,0.0819559097290039,True
3651,7879,23.11303165438642,0.00014599799760617316,0.08194828033447266,False
3652,6558,28.277742981327634,0.00023415100076817907,0.0819559097290039,False
3654,4508,28.735823160045438,0.00013241100168670528,0.08194828033447266,True
3657,4505,29.272952879612582,0.00013102099910611287,0.08194828033447266,True
3658,7879,18.033814368032324,0.00012870499995187856,0.08193302154541016,False
3660,6558,25.69103726173754,0.00012900300134788267,0.08193302154541016,False
3667,2899,25.02848145824928,0.00013084199963486753,0.08194828033447266,False
3671,6558,22.638464452281237,0.00013057899923296645,0.08193302154541016,False
3672,7879,24.399121242332935,0.0001316069974564016,0.0819559097290039,False
3673,4508,26.47717881060747,0.00012806800077669322,0.0819253921508789,True
3674,6558,20.541626404084123,0.00013125999976182356,0.0819559097290039,False
3676,4518,38.22481898205831,0.00014079800166655332,0.08196353912353516,True
3679,7879,26.074262184404056,0.00013867300003767014,0.08194828033447266,False
3680,6558,21.12220495225839,0.00013479100016411394,0.08194828033447266,False
3682,6558,32.90318525581625,0.00013210799806984141,0.0819559097290039,False
3683,6558,34.87959462432281,0.00013584299813373946,0.08197879791259766,False
3684,4525,35.408540859712225,0.00013733399828197435,0.08196353912353516,True
3687,4518,23.54218320944926,0.00012987599984626286,0.0819253921508789,True
3690,6558,33.073385878429896,0.00013447300079860725,0.0819711685180664,False
3691,7879,29.22633142959265,0.00016149099974427372,0.08194828033447266,False
3692,7879,26.36555842601049,0.00012885600153822452,0.0819406509399414,False
3693,6558,34.82868325768894,0.0001329300030192826,0.0819559097290039,False
3695,6558,22.012688253698848,0.00012860800052294508,0.0819406509399414,False
3696,6558,24.243065312692437,0.0001300510011787992,0.08193302154541016,False
3701,2887,29.980064276724924,0.00013133200263837352,0.08196353912353516,False
3703,6558,32.65002872088371,0.0001398959975631442,0.0819559097290039,False
3707,6558,33.344609355212164,0.00013481399946613237,0.0819711685180664,False
3709,6558,31.05285165498066,0.00014838499919278547,0.08196353912353516,False
3710,7879,28.69606945814279,0.00013695299639948644,0.0819406509399414,False
3712,6558,28.90656371695078,0.00013846900037606247,0.0819559097290039,False
3715,4518,31.641950975886548,0.00014281000039773062,0.08194828033447266,True
3716,4494,32.5092153063945,0.00013689499974134378,0.08196353912353516,True
3717,4508,29.456115389255856,0.00013549599680118263,0.0819559097290039,True
3725,352,31.934407106771836,0.00013853899872628972,0.0819406509399414,True
3727,352,30.808152363575395,0.00014171300063026138,0.0819559097290039,True
3728,352,26.09464156577823,0.00013210600081947632,0.0819406509399414,True
3730,339,34.1275322992806,0.00013761800073552877,0.0819559097290039,True
3732,309,29.4313626932422,0.0001319229995715432,0.0819406509399414,True
3734,339,29.583518357582722,0.00013263599976198748,0.08193302154541016,True
3735,352,29.21027228937727,0.00012689900177065283,0.08193302154541016,True
3736,455,35.542531266180035,0.00013070999921183102,0.0819559097290039,True
3737,452,27.862641021158492,0.00014152400035527535,0.08194828033447266,True
3738,309,28.275777249315144,0.0001439849984308239,0.08194828033447266,True
3744,293,34.61494254765565,0.00013128800128470175,0.08194828033447266,True
3745,291,22.73583499352284,0.00012806000086129643,0.08193302154541016,True
3746,352,31.381923315601593,0.0001337649991910439,0.0819559097290039,True
3747,330,44.35965230156999,0.0001364050003758166,0.08196353912353516,True
3749,498,37.23131287281152,0.00013663500067195855,0.08197879791259766,True
3750,330,35.8317076276631,0.00014184199972078204,0.08194828033447266,True
3753,352,38.512918671970134,0.00013318099809112027,0.0819559097290039,True
3755,330,32.56682647183205,0.0001357690016448032,0.0819559097290039,True
3756,307,25.501061797567452,0.00012995900033274665,0.08193302154541016,True
3757,339,22.36133908870676,0.00013049399785813875,0.08194828033447266,True
3758,307,40.99339308833855,0.00012705100016319193,0.0819406509399414,True
3759,318,32.727809751289676,0.0001315139998041559,0.08196353912353516,True
3760,307,30.456611222985067,0.0001317750029556919,0.0819406509399414,True
3765,452,35.01034721302144,0.00013124999895808287,0.08196353912353516,True
3767,339,25.656299509125194,0.0001339229966106359,0.08193302154541016,True
3769,330,35.17240340599965,0.00013095199756207876,0.08194828033447266,True
3770,291,31.442183640213173,0.000131662000057986,0.08194828033447266,True
3775,291,20.8654372668177,0.00013151500024832785,0.08193302154541016,True
3777,339,37.39150639638648,0.00013614099952974357,0.08194828033447266,True
3779,455,25.191422947754468,0.00014878100046189502,0.08194828033447266,True
3780,455,22.366023051861507,0.00013064100130577572,0.08193302154541016,True
3781,455,23.81025245318088,0.00013513099838746712,0.08194828033447266,True
3783,455,29.444498777899774,0.00013100299838697538,0.0819406509399414,True
3785,352,26.048572226496148,0.0001390149991493672,0.08194828033447266,True
3788,307,43.41385329116721,0.00012990499817533419,0.0819559097290039,True
3789,352,40.24145962095421,0.0001359410016448237,0.08196353912353516,True
3791,291,27.698250798844875,0.00013046599997323938,0.08194828033447266,True
3792,455,29.658352952062614,0.00015211199934128672,0.08196353912353516,True
3794,383,18.14752734543527,0.00013061600111541338,0.0819406509399414,True
3795,383,38.05638269863637,0.00013092899826006033,0.08196353912353516,True
3796,339,34.58763250499321,0.00013256400052341633,0.08194828033447266,True
3797,291,30.800346270103923,0.00013041100100963376,0.08194828033447266,True
3798,339,22.122172766026424,0.0001296640002692584,0.08193302154541016,True
3800,455,24.45045442429907,0.0001304479992541019,0.0819406509399414,True
3803,463,26.51293031608122,0.0001287039995077066,0.08194828033447266,True
3804,484,24.49400966278079,0.00013372199828154407,0.08194828033447266,True
3805,468,24.724230720302263,0.00013157399735064246,0.08193302154541016,True
3808,484,30.58454743151255,0.0001312909989792388,0.0819559097290039,True
3811,484,28.750844290129578,0.00013169500016374514,0.0819711685180664,True
3813,383,34.58359725363473,0.00013400099851423874,0.0819559097290039,True
3815,484,29.06868727933875,0.00014828900020802394,0.0819559097290039,True
3817,455,34.42530767803034,0.00013266200039652176,0.0819711685180664,True
3818,463,27.91812622398216,0.00013043099897913635,0.08196353912353516,True
3819,463,30.233086493127416,0.00013014700016356073,0.08194828033447266,True
3820,6558,18.355496397533123,0.00013370599845075049,0.0819559097290039,False
3821,7879,31.282048714855918,0.0001400259970978368,0.0819559097290039,False
3826,484,32.532426608464064,0.00013325499821803533,0.0819711685180664,True
3827,484,27.711250460182853,0.00013059099728707224,0.0819559097290039,True
3829,383,32.254582578440356,0.00014783799997530878,0.08196353912353516,True
3831,463,22.162350756225056,0.00012941800014232285,0.08193302154541016,True
3833,394,35.53485505667629,0.00013304100139066577,0.08194828033447266,True
3834,6654,49.29748782339513,0.00013605200001620688,0.0819864273071289,False
3835,455,21.763892139149096,0.00013591200331575237,0.0819559097290039,True
3836,455,28.87201839708636,0.00014596899927710183,0.0819559097290039,True
3839,4503,32.7712016592633,0.0001335279994236771,0.08194828033447266,True
3841,6558,24.792203835179798,0.00013341399971977808,0.0819559097290039,False
3842,4494,29.29294055552182,0.0001494999996793922,0.0819559097290039,True
3843,484,23.33399792765042,0.0001357990004180465,0.08194828033447266,True
3844,463,34.838534528550355,0.00013506100003723986,0.08197879791259766,True
3845,457,35.434650765828145,0.00012986300134798512,0.08194828033447266,True
3851,484,31.612514934826958,0.00013437400048132986,0.08194828033447266,True
3852,484,25.686355038884784,0.00013513599697034806,0.0819559097290039,True
3853,484,31.923760566502956,0.00013076699906378053,0.08194828033447266,True
3854,484,34.917078719799946,0.00013029899855609983,0.08194828033447266,True
3855,484,30.98578023402144,0.00013720400238526054,0.0819559097290039,True
3860,6558,24.549589098285495,0.00013140699957148172,0.08194828033447266,False
3864,7879,27.312379147734397,0.00014034200285095721,0.08194828033447266,False
3865,6558,30.387456517735778,0.00013195300198276527,0.08194828033447266,False
3870,7879,25.869897079795372,0.00014248799925553612,0.08196353912353516,False
3877,6558,27.017623697853722,0.0001366319993394427,0.08196353912353516,False
3878,7879,31.902446694827788,0.00016453499847557396,0.08196353912353516,False
3879,6558,12.60439372131447,0.00013302500155987218,0.08193302154541016,False
3881,6558,34.25910090759164,0.00013046499952906743,0.08194828033447266,False
3883,6558,31.633084396262277,0.00013185699936002493,0.0819559097290039,False
3884,7879,22.888639859198914,0.0002118599986715708,0.08193302154541016,False
3885,6558,17.695527487501362,0.00014885600103298202,0.0819406509399414,False
3887,2887,25.321871489564426,0.00013776499690720811,0.08194828033447266,False
3889,7879,18.80786841316463,0.0001348979967588093,0.0819406509399414,False
3890,6558,34.910826423334115,0.0001421390006726142,0.08197879791259766,False
3893,484,30.82191666240924,0.00013365700215217657,0.08196353912353516,True
3894,484,28.674087796501173,0.0003832440015685279,0.08196353912353516,True
3898,6558,32.89489342901617,0.00013596599819720723,0.08197879791259766,False
3899,394,29.2363591698672,0.00013173400293453597,0.0819406509399414,True
3901,455,26.52049732807728,0.00013672699788003229,0.08194828033447266,True
3902,452,33.95946704139859,0.00014536999879055656,0.0819864273071289,True
3903,6558,37.90199683564711,0.00015667700063204393,0.08199405670166016,False
3904,484,26.842188719494793,0.00013668999963556416,0.0819559097290039,True
3905,463,28.677825258927992,0.00013179300003685057,0.08194828033447266,True
3906,463,28.111811721093844,0.000137691997224465,0.0819406509399414,True
3907,474,27.115457640941493,0.00013573300020652823,0.08196353912353516,True
3909,484,33.465195973623246,0.0001423859976057429,0.08196353912353516,True
3910,468,30.0973622516901,0.00013078000120003708,0.0819406509399414,True
3911,452,29.740550501813253,0.00013141499948687851,0.0819559097290039,True
3912,484,28.479317250615985,0.00014303299758466892,0.08194828033447266,True
3913,468,30.8608951562588,0.0001587209990248084,0.08194828033447266,True
3914,394,26.345257078802685,0.00012791100016329437,0.08193302154541016,True
3915,474,22.14196866128238,0.00013110100189805962,0.0819406509399414,True
3918,455,29.353479976294423,0.00013489100092556328,0.0819559097290039,True
3919,6558,27.878354703757637,0.0001308979990426451,0.08196353912353516,False
3922,463,29.961980442933854,0.00013351000234251842,0.0819559097290039,True
3925,463,29.023548430247512,0.00013464400035445578,0.08194828033447266,True
3931,468,34.63167830210105,0.00014541899872710928,0.08194828033447266,True
3933,352,45.63447096381505,0.00016351199883501977,0.0819864273071289,True
3934,323,31.119468248215163,0.00014055999781703576,0.08196353912353516,True
3935,3234,46.806415005442744,0.00013021399718127213,0.08194828033447266,False
3938,394,29.67521252378201,0.00013636799849336967,0.0819559097290039,True
3939,484,26.21268138701905,0.0001326630008406937,0.08196353912353516,True
3940,463,25.983190353785634,0.00013224600115790963,0.0819559097290039,True
3943,7879,19.799936484081147,0.00013001499974052422,0.08194828033447266,False
3944,463,34.99153395043698,0.0001373269988107495,0.0819559097290039,True
3945,455,28.304468912000722,0.0001485539978602901,0.0819559097290039,True
3946,452,22.83407572896915,0.0001325329976680223,0.0819406509399414,True
3947,474,29.16104892131054,0.00016350000078091398,0.08194828033447266,True
3948,484,27.996792748770343,0.0002745649981079623,0.08194828033447266,True
3950,455,27.711321001925242,0.00014870700033497997,0.0819559097290039,True
3954,291,23.56078100348739,0.00012766700092470273,0.08193302154541016,True
3956,291,29.801868406828472,0.0001308230021095369,0.08194828033447266,True
3957,455,24.201079079858104,0.0001687280018813908,0.0819406509399414,True
3958,291,25.172574254899065,0.0003402050024305936,0.0819406509399414,True
3961,484,26.183650937690288,0.00015838900071685202,0.08194828033447266,True
3964,463,19.397658329460423,0.0001350820020888932,0.0819406509399414,True
3968,394,29.26233698394402,0.00013707099788007326,0.08196353912353516,True
3969,455,21.154679330332563,0.00012890500147477724,0.0819406509399414,True
3970,323,31.085169705361018,0.00013417900117929094,0.08197879791259766,True
3974,463,28.10049312947247,0.00013312800001585856,0.0819559097290039,True
3977,463,25.852602438609026,0.0001319719995080959,0.08196353912353516,True
3982,6558,26.926879746434427,0.00013199300155974925,0.0819559097290039,False
3983,4525,16.585078270028657,0.00014088300304138102,0.08191776275634766,True
3984,7879,19.415341256043398,0.0001395940016664099,0.0819406509399414,False
3986,463,24.650975521845215,0.00013418500020634383,0.08196353912353516,True
3991,309,37.453069205522986,0.00016118499843287282,0.08194828033447266,True
3993,318,29.868845560363326,0.0001324620025116019,0.0819559097290039,True
3995,293,25.478950728523696,0.00017032399773597717,0.08194828033447266,True
3996,455,27.910717823186513,0.00013159599984646775,0.0819559097290039,True
3997,474,20.576653365216888,0.00013858199963578954,0.0819406509399414,True
4000,1448,8.858902003523797,0.00013529300122172572,0.0819406509399414,True
4001,4614,31.214358215113684,0.0001744799992593471,0.0819406509399414,True
4004,6171,33.41208717450893,0.00012957999933860265,0.08193302154541016,True
4007,4624,3.885021512092618,0.00013967199993203394,0.08191776275634766,True
4008,7002,27.420910918650957,0.0001463150001654867,0.08197879791259766,True
4010,7062,8.145682295988342,0.00012986599904252216,0.08194828033447266,True
4011,692,34.68064858948633,0.00014130300041870214,0.08200931549072266,False
4015,6937,7.752462972544359,0.00012766299914801493,0.0819253921508789,True
4016,4642,7.749692070316163,0.00014798800111748278,0.08193302154541016,True
4018,3457,12.032468987942481,0.00015164099750109017,0.0819406509399414,False
4019,8089,23.890683316510668,0.00013753099847235717,0.0819711685180664,False
4020,4239,17.764888943286277,0.00013593199764727615,0.0819711685180664,False
4022,7034,10.61429412499021,0.00013653600035468116,0.0819559097290039,True
4023,609,15.89532642144668,0.0001269510030397214,0.0819253921508789,False
4028,4617,8.460374740533194,0.00017289999959757552,0.08191776275634766,True
4029,753,32.461869525837,0.0001460780003981199,0.0819864273071289,False
4030,5788,10.49542102669386,0.00013590800153906457,0.08193302154541016,False
4031,7128,30.93120767073276,0.00015006000103312545,0.08197879791259766,True
4032,6850,17.651505587712364,0.00013457999739330262,0.0819711685180664,False
4037,5177,44.70913958128248,0.00013337500058696605,0.0819559097290039,False
4038,6937,7.137075805409142,0.00018939300207421184,0.0819406509399414,True
4039,7009,11.472520451585792,0.00013498500265995972,0.0819559097290039,True
4041,796,35.84444234087955,0.0001456159989174921,0.0819711685180664,False
4044,7034,9.342303826298707,0.00013426800069282763,0.08194828033447266,True
4045,1447,3.7355349318819653,0.00012735999916912988,0.0819253921508789,True
4046,2820,5.059728947652077,0.00012913599857711233,0.0819253921508789,False
4047,6353,8.029014012373743,0.00013017700257478282,0.08193302154541016,False
4049,6353,19.570283573435137,0.00012861399954999797,0.08193302154541016,False
4050,6294,25.184440948153174,0.00016249799955403432,0.0819711685180664,True
4052,7062,2.109459648889663,0.00012742600301862694,0.0819253921508789,True
4054,8030,27.848957326556306,0.0001472469994041603,0.0819711685180664,False
4056,6934,6.714749381015035,0.00015135699868551455,0.0819406509399414,True
4059,7034,6.91011972613376,0.0001451659991289489,0.08193302154541016,True
4064,1454,12.581107320995246,0.000131586999486899,0.0819406509399414,True
4066,6149,12.30730276003586,0.0001423110006726347,0.0819559097290039,True
4069,597,20.439046010554236,0.00013987299826112576,0.08194828033447266,False
4071,6297,31.50128749766417,0.0003752109987544827,0.08199405670166016,True
4073,2796,3.7319215608947496,0.00012820899792131968,0.0819253921508789,False
4076,5143,38.831095930010726,0.00014272600310505368,0.0819864273071289,False
4078,597,26.200336160024232,0.0001511939990450628,0.08196353912353516,False
4080,860,1.9915543654833643,0.00012962099935975857,0.08191776275634766,False
4082,6193,30.317724077621225,0.00013206400035414845,0.08196353912353516,True
4088,3278,12.980884407993422,0.00013156000204617158,0.0819406509399414,False
4091,6286,5.120588639551311,0.00013088299965602346,0.08191776275634766,True
4093,6934,3.2591908781157666,0.00012848199912696145,0.0819253921508789,True
4095,692,32.38150042416047,0.00013731400031247176,0.0819864273071289,False
4096,5177,15.522127420015305,0.00013612700058729388,0.0819559097290039,False
4098,6850,24.78390284065843,0.00015225699826260097,0.0819711685180664,False
4100,6353,22.265335723061742,0.00016141000014613383,0.08197879791259766,False
4101,3264,1.0536859229274105,0.00013009699978283606,0.08191776275634766,False
4102,2796,4.079193832191528,0.00012684099783655256,0.0819253921508789,False
4104,6735,7.621028842577838,0.00013394099732977338,0.08191776275634766,False
4110,6937,2.8012712753096474,0.0002141859986295458,0.08191776275634766,True
4112,6353,22.2879914168353,0.00013877200035494752,0.08194828033447266,False
4116,7105,9.666549553777656,0.0001362189977953676,0.0819253921508789,True
4117,7034,9.198109143300233,0.0001304910001636017,0.0819406509399414,True
4119,6707,7.11251952577966,0.00012939299995196052,0.08193302154541016,False
4120,867,7.429451150477168,0.00013709099948755465,0.0819406509399414,False
4121,609,18.197552490912898,0.00013808299991069362,0.0819406509399414,False
4122,5788,11.898376245069882,0.00013784300244878978,0.08194828033447266,False
4126,7070,4.913445091178449,0.00012862500079791062,0.08191776275634766,True
4127,994,3.0297731551751723,0.0001289810024900362,0.0819253921508789,False
4128,8093,27.2024734970966,0.0001412170022376813,0.08197879791259766,False
4130,6286,3.4833594573789584,0.00013486399984685704,0.0819253921508789,True
4132,8226,13.345890193349723,0.0001287360028072726,0.08191776275634766,False
4133,5788,10.259372404072142,0.0001361479990009684,0.0819253921508789,False
4134,6315,2.9710982342660754,0.00014388100316864438,0.0819253921508789,False
4135,2796,1.2698014844344396,0.00013220999971963465,0.08191776275634766,False
4139,6418,13.423705257774616,0.00014854199980618432,0.08194828033447266,False
4140,7034,7.696584843009132,0.00020122000205446966,0.0819406509399414,True
4141,7034,8.31978096387681,0.00013907799802836962,0.0819253921508789,True
4142,3436,13.7309262994454,0.0001284120007767342,0.0819253921508789,False
4143,7070,1.0351972075442921,0.00012924999828101136,0.08191776275634766,True
4144,6735,14.375713186066939,0.0001458730002923403,0.0819253921508789,False
4146,8758,2.846094743366307,0.0001284850004594773,0.08191776275634766,False
4148,3264,4.437432882555915,0.00014615599866374396,0.08191776275634766,False
4151,99,11.850734415361911,0.0001339370028290432,0.0819253921508789,False
4152,842,4.011909778496584,0.00013029299952904694,0.0819253921508789,False
4153,6707,4.556146825169875,0.00013027900058659725,0.08193302154541016,False
4154,6992,17.049593005596105,0.0001360140013275668,0.0819711685180664,True
4155,6685,0.9298184850603335,0.00012978500308236107,0.08191776275634766,False
4156,5865,2.5573178383194626,0.00012798700117855333,0.08191776275634766,False
4157,3398,11.74394941352049,0.00013310500071384013,0.0819559097290039,False
4158,8739,14.373580910705025,0.0001273239977308549,0.08193302154541016,False
4159,1447,5.10273532470138,0.00014267299775383435,0.08193302154541016,True
4161,1298,42.42084837523971,0.00013156099885236472,0.0819559097290039,False
4163,1493,10.364302568888235,0.0001381779984512832,0.08194828033447266,False
4164,7034,9.548274895518823,0.00016448200040031224,0.0819406509399414,True
4165,8786,1.8965822048444598,0.0001585120007803198,0.08191776275634766,False
4168,5848,15.201837687462582,0.0001647890021558851,0.08194828033447266,False
4170,6457,5.816675706804573,0.0001393490019836463,0.08193302154541016,False
4171,3113,23.702184284682602,0.0001266899998881854,0.08193302154541016,False
4175,5177,22.38442357157262,0.00013313800081959926,0.08194828033447266,False
4177,4229,21.246269649185507,0.0001345390010101255,0.08196353912353516,False
4178,6416,4.226248127663575,0.0001327460013271775,0.0819253921508789,False
4179,5602,9.940677981421278,0.00013122700329404324,0.08193302154541016,False
4182,5177,22.2417091894954,0.00014511599874822423,0.0819559097290039,False
4184,6978,13.382212693138719,0.0001293949972023256,0.0819406509399414,True
4185,6985,2.8133767078113623,0.00013844699788023718,0.0819253921508789,True
4186,3348,14.895840000096277,0.00016067100295913406,0.08196353912353516,False
4193,6418,16.917340590558254,0.00013310199938132428,0.0819711685180664,False
4194,3027,4.227008632815282,0.00013531399963540025,0.08193302154541016,True
4197,6937,7.665177632305845,0.00013309199857758358,0.0819253921508789,True
4200,7062,10.98222612689081,0.00013652800043928437,0.0819253921508789,True
4201,6315,1.1681589991252115,0.00023329699979512952,0.08191776275634766,False
4202,4617,3.8001545465793654,0.00012783300189767033,0.08191776275634766,True
4203,5602,8.85066107927553,0.00013522300287149847,0.08193302154541016,False
4204,6992,15.550934914024957,0.00015999999959603883,0.08194828033447266,True
4205,5177,28.84965457460357,0.0001318079994234722,0.0819559097290039,False
4208,6315,8.528945933629812,0.00013072699948679656,0.0819253921508789,False
4209,1448,3.841776014187824,0.00013370099986786954,0.0819253921508789,True
4210,6937,8.898767359901797,0.0001370329991914332,0.08191776275634766,True
4212,6440,3.659261934333572,0.00013078100164420903,0.0819253921508789,False
4214,6937,1.9853023374792444,0.00015235300088534132,0.08191776275634766,True
4215,7034,6.676330566211158,0.000136238999402849,0.0819406509399414,True
4217,3403,9.359784258340477,0.00014501899931929074,0.0819406509399414,False
4218,6325,15.967461873750265,0.0001358540030196309,0.08194828033447266,False
4219,7824,33.16341702873456,0.00013486199895851314,0.0819864273071289,False
4220,6315,4.6289729129353905,0.00012842799696954899,0.0819253921508789,False
4221,7034,8.178688536344204,0.0006972769988351502,0.0819406509399414,True
4222,8693,12.162420257669025,0.00014697599908686243,0.08193302154541016,False
4225,6315,4.997981698395816,0.00013233299978310242,0.08193302154541016,False
4226,4700,18.082627736340445,0.00013391399988904595,0.0819559097290039,False
4227,6286,4.289541617386461,0.00016043800133047625,0.0819253921508789,True
4229,581,6.8690528904634975,0.00013481000132742338,0.0819253921508789,False
4232,6934,6.055941024090613,0.00013556100020650774,0.0819406509399414,True
4233,1004,28.606982956579365,0.0001337510002485942,0.0819559097290039,False
4234,3278,15.57802132701525,0.00013570300143328495,0.0819711685180664,False
4236,6096,9.603775733783719,0.00012821299969800748,0.0819406509399414,True
4237,4889,3.6648643886298586,0.00012733100084005855,0.0819253921508789,True
4238,4850,2.847200496007808,0.000126172999443952,0.08191776275634766,True
4240,4209,43.69371815233494,0.0001389480021316558,0.0819864273071289,False
4241,3607,6.803210096086904,0.0001280959986615926,0.0819253921508789,True
4242,3662,18.109381175756955,0.00013157300054444931,0.08196353912353516,True
4245,8799,2.61991687897888,0.00012790300024789758,0.08191776275634766,True
4246,6133,2.9187628080634744,0.00012838199836551212,0.0819253921508789,True
4248,3662,15.104135522999202,0.0001326750025327783,0.08194828033447266,True
4253,6654,21.75771895523958,0.00017401299919583835,0.08196353912353516,True
4255,1393,2.2653029995762033,0.0001423699977749493,0.08191776275634766,True
4256,4987,8.413984814761669,0.00014316099986899644,0.0819406509399414,True
4257,4889,1.4756615263784332,0.00012974200217286125,0.08191776275634766,True
4261,6347,14.21330122441382,0.00013401099931797944,0.0819559097290039,False
4262,4867,6.40780913210122,0.00013613999908557162,0.0819253921508789,True
4263,3701,4.601448577724473,0.0001413669997418765,0.08191776275634766,True
4265,3701,1.0854613472531207,0.00013094599853502586,0.08191776275634766,True
4266,1112,4.893789900086311,0.00018340399765293114,0.08191776275634766,True
4267,6549,30.235363160407367,0.00013490900164470077,0.0819711685180664,True
4270,3568,36.80204471488338,0.00014878599904477596,0.08202457427978516,True
4271,8798,3.9706241923447134,0.00012772199988830835,0.0819253921508789,True
4272,8925,16.882546938250478,0.00014854100299999118,0.08194828033447266,True
4275,1505,29.4034440774738,0.00013282600048114546,0.08193302154541016,True
4276,1286,6.114946847646761,0.00017930600006366149,0.0819253921508789,True
4278,5401,6.083875391656447,0.00012669699935941026,0.0819253921508789,False
4280,1297,11.248010826051154,0.0001348570003756322,0.08193302154541016,True
4281,7152,23.422352460318418,0.00013132700041751377,0.08193302154541016,True
4283,8162,42.11005349419548,0.00013714100350625813,0.08199405670166016,True
4284,6004,8.55629405470763,0.00012860199785791337,0.0819253921508789,True
4288,6133,5.081861069005708,0.00013868699898011982,0.08193302154541016,True
4289,3701,3.966182912895145,0.0001276299990422558,0.0819253921508789,True
4290,3588,3.9412943510727065,0.0001311350024479907,0.0819253921508789,True
4291,8925,30.27365256762174,0.00014043199917068705,0.0820016860961914,True
4294,6650,37.10008476015229,0.00016736700126784854,0.0819864273071289,True
4298,1134,1.7922785290746936,0.00012814400179195218,0.08191776275634766,True
4299,4889,1.9202785078721594,0.00014046500291442499,0.08191776275634766,True
4300,8798,7.77791915843422,0.0001487890003772918,0.0819406509399414,True
4301,1286,5.374415405484814,0.00013950999709777534,0.0819253921508789,True
4303,5177,22.551174345594234,0.0001363989977107849,0.0819711685180664,False
4305,6020,34.57571090481636,0.00013479799963533878,0.0819406509399414,True
4308,3701,4.291283412608481,0.00013701999705517665,0.0819253921508789,True
4312,8798,5.081113725648509,0.00012829000115743838,0.08193302154541016,True
4313,8798,7.984030730861169,0.00013057899923296645,0.0819406509399414,True
4316,6096,11.209709228865561,0.00013665399819728918,0.0819406509399414,True
4317,5915,0.0013325474483171609,0.000149586998304585,0.08191776275634766,False
4319,1298,15.20517338313072,0.0001280960022995714,0.08193302154541016,True
4320,8832,7.904117448679793,0.00013016299999435432,0.0819406509399414,True
4322,1298,12.187902190998093,0.00012816100206691772,0.08193302154541016,True
4323,1130,2.87705539643511,0.00013085899990983307,0.0819253921508789,True
4324,6069,51.4375307100773,0.000152059001266025,0.08194828033447266,True
4325,4889,4.430899693695082,0.00023818599947844632,0.0819253921508789,True
4326,8798,9.801164993974453,0.00013811000098939985,0.08194828033447266,True
4327,8758,4.5118574425744296,0.00013268000111565925,0.08191776275634766,False
4329,4853,4.386948436873474,0.00014389399802894332,0.08191776275634766,True
4335,8922,16.3785841370809,0.00013457699969876558,0.0819559097290039,True
4336,4934,5.963474705158917,0.00013433400090434588,0.0819253921508789,True
4339,8798,8.388630173580998,0.00013785600094706751,0.08194828033447266,True
4340,4889,1.438462845831251,0.00012653299927478656,0.08191776275634766,True
4341,8832,6.842490950731416,0.00012868900012108497,0.08193302154541016,True
4342,5508,7.9514359436741096,0.00013095300164422952,0.08193302154541016,False
4343,3618,1.1079213034300768,0.00014268899758462794,0.08191776275634766,True
4345,2504,43.20712942961795,0.000142755001434125,0.08200931549072266,False
4349,3568,6.983046008902716,0.00013202099944464862,0.0819406509399414,True
4351,4934,8.151147151752868,0.00013893700088374317,0.08193302154541016,True
4352,6069,18.026937322524123,0.00013229899923317134,0.0819406509399414,True
4353,8798,4.7586388205926795,0.0001308860009885393,0.08193302154541016,True
4356,8820,24.62301229937881,0.00013415899957180955,0.0819864273071289,True
4357,8799,11.274980091869121,0.00012784999853465706,0.08193302154541016,True
4358,2680,32.88416036015105,0.00013713099906453863,0.0819559097290039,True
4361,8922,29.96911384578934,0.00014175700198393315,0.08194828033447266,True
4362,3521,6.423562065233898,0.00013151899838703685,0.08193302154541016,True
4365,4985,6.873681435273826,0.00014989400006015785,0.08193302154541016,True
4367,4654,5.838886833049128,0.0003029790022992529,0.08193302154541016,True
4369,2354,30.50977802570862,0.00012752800103044137,0.0819253921508789,False
4370,4127,28.87213834566702,0.00013712299914914183,0.08194828033447266,False
4371,1348,3.9908968131724176,0.00013473999933921732,0.08191776275634766,True
4373,8799,9.403837589903173,0.00015050399815663695,0.08194828033447266,True
4381,8162,45.53544860911743,0.00014999300037743524,0.0820016860961914,True
4382,8798,4.627419911190924,0.00013069600026938133,0.08193302154541016,True
4384,8853,23.38936087728663,0.00013513199883163907,0.0819559097290039,True
4386,2719,40.954630090179684,0.0001401110021106433,0.08202457427978516,True
4387,8798,16.32113533300969,0.00013867599773220718,0.0819406509399414,True
4388,3662,8.222130326767587,0.0001487239969719667,0.0819406509399414,True
4390,3701,2.897407609701461,0.00012814600268029608,0.0819253921508789,True
4392,1134,0.7236301525014137,0.00014729100075783208,0.08191776275634766,True
4393,5401,3.2058008175120545,0.00012924600014230236,0.0819253921508789,False
4394,4889,4.28617224782599,0.00012924600014230236,0.0819253921508789,True
4399,8799,6.387403478190782,0.00012797899762517773,0.08193302154541016,True
4401,2770,23.164785373248176,0.00014162400111672468,0.0819253921508789,True
4403,6096,8.556605497558756,0.00016635299834888428,0.08193302154541016,True
4404,8798,3.0039383590532123,0.00012969800081918947,0.0819253921508789,True
4406,2428,24.049437407670176,0.00016528199921594933,0.0819559097290039,False
4407,8886,8.234717772087343,0.00021640400154865347,0.08193302154541016,True
4409,4934,3.3632344172269963,0.00012936499842908233,0.08191776275634766,True
4410,5508,7.088946802540739,0.00013154599946574308,0.0819406509399414,False
4411,3701,1.2446527735892896,0.00013660100012202747,0.08191776275634766,True
4412,2607,30.42706918408718,0.00013635800132760778,0.08194828033447266,True
4413,2705,22.441540795160154,0.0001375459978589788,0.0819864273071289,True
4415,8187,2.691753770465528,0.000129826003103517,0.0819253921508789,True
4417,2653,23.707032421543108,0.00013431100160232745,0.08197879791259766,True
4418,5915,0.0013325474483171609,0.0001276989969483111,0.08191776275634766,False
4420,4889,4.861508718539473,0.00012880799840786494,0.0819253921508789,True
4422,8799,10.018979957804229,0.00013346400010050274,0.0819253921508789,True
4423,8853,55.8804595729059,0.00014290599938249215,0.0820016860961914,True
4427,8832,9.67284723589142,0.00013134899927536026,0.0819253921508789,True
4429,1394,18.26226819109238,0.00013364000187721103,0.0819253921508789,True
4432,8342,9.277777783834932,0.00012891500227851793,0.08193302154541016,True
4433,8342,4.0,0.00012854200031142682,0.08193302154541016,True
4435,8799,6.591334947271957,0.00014336399908643216,0.08193302154541016,True
4436,7902,40.5168445420332,0.00013792999743600376,0.08202457427978516,True
4440,1393,5.862583180151515,0.00012816000162274577,0.0819253921508789,True
4441,8342,9.277777783834932,0.00013466000018524937,0.08193302154541016,True
4444,8799,10.612582976700228,0.00013326500265975483,0.0819253921508789,True
4448,6549,37.53669021465096,0.00015472999803023413,0.0820169448852539,True
4449,4654,7.299866300086266,0.00013978000060888007,0.08193302154541016,True
4452,2545,24.548433022582493,0.00013704800221603364,0.08197879791259766,True
4453,2705,35.915124227319765,0.00013428600141196512,0.08197879791259766,True
4455,5595,4.095859157267332,0.0001292529996135272,0.0819253921508789,False
4456,4621,37.403419596465056,0.0001293620007345453,0.0819406509399414,False
4457,7879,9.138027990601858,0.00013403199773165397,0.08193302154541016,True
4459,6558,6.0,0.00013026099986745976,0.0819406509399414,True
4461,8886,21.679797306222948,0.00012786599836545065,0.08191776275634766,True
4462,2556,48.339911554990614,0.00015728699872852303,0.0819711685180664,True
4464,2863,13.279828989120265,0.0001647060016694013,0.08194828033447266,True
4465,6558,6.0,0.00013568899885285646,0.0819406509399414,True
4466,6558,44.8986098298747,0.0001314959990850184,0.0819559097290039,True
4467,7879,9.138027990601858,0.00013219199900049716,0.08193302154541016,True
4468,4621,52.09112733980269,0.00013554500037571415,0.0819406509399414,False
4469,4617,60.55928047187228,0.00012994899952900596,0.08191776275634766,False
4472,7879,9.138027990601858,0.0001429740004823543,0.08193302154541016,True
4473,4987,40.39137604473436,0.0001339210029982496,0.0819864273071289,True
4474,8886,20.659907523865723,0.0001300610019825399,0.0819253921508789,True
4477,4624,39.227463076490714,0.0001301749980484601,0.08193302154541016,False
4478,2863,51.45780426745847,0.00013727300029131584,0.0819559097290039,True
4479,6558,6.0,0.00014327399912872352,0.0819406509399414,True
4480,8886,46.81826802501898,0.00012829600018449128,0.0819406509399414,True
4481,4632,61.59853191802447,0.00012739800149574876,0.08191776275634766,False
4482,6538,46.10867284302699,0.0001388950004184153,0.08197879791259766,True
4483,2556,19.588968601553304,0.00013352499809116125,0.08194828033447266,True
4486,2863,39.00562654629901,0.0001348590012639761,0.0819406509399414,True
4487,52,41.456453301325844,0.00014400000145542435,0.0819253921508789,False
4488,2825,47.89626436671184,0.0001315929985139519,0.0819406509399414,True
4491,2556,32.29956044804099,0.0001340589988103602,0.0819559097290039,True
4495,6558,4.0,0.0001280779979424551,0.08193302154541016,True
4497,6558,6.0,0.00015688400162616745,0.0819406509399414,True
4500,457,38.693973962499484,0.0001510659967607353,0.0819406509399414,False
4502,4621,43.340949747317296,0.0001294759968004655,0.0819253921508789,False
4503,6558,6.073075866425765,0.0001474150012654718,0.0819406509399414,True
4505,6558,4.0,0.0001286570004594978,0.08193302154541016,True
4506,6558,4.0,0.00014521000048262067,0.08193302154541016,True
4508,6558,4.0,0.00012984500062884763,0.08193302154541016,True
4510,4973,41.18758882232713,0.00013063900041743182,0.0819559097290039,True
4512,4621,37.564333106299976,0.00015094199989107437,0.0819406509399414,False
4513,6558,4.0,0.00014299100075731985,0.08193302154541016,True
4514,6558,4.0,0.00012742599938064814,0.08193302154541016,True
4516,6558,4.0,0.0001485089997004252,0.08193302154541016,True
4518,8886,12.422304327788545,0.00013055800081929192,0.0819253921508789,True
4520,6538,43.74076005804059,0.00013456699889502488,0.08199405670166016,True
4522,2863,13.279828989120265,0.00013261499771033414,0.08194828033447266,True
4523,8886,48.759010103825666,0.00012995299766771495,0.0819406509399414,True
4524,7879,32.804984186239494,0.00012937000064994209,0.08194828033447266,True
4525,6558,15.149736320841317,0.00024158199812518433,0.08193302154541016,True
4526,4632,55.25752735727254,0.0001371809994452633,0.0819253921508789,False
4527,8886,38.390235983854325,0.00013102600132697262,0.0819406509399414,True
4528,5915,19.044148636164017,0.0001276360017072875,0.08191776275634766,False
4530,8293,56.470877727524375,0.00014192299931892194,0.0819864273071289,True
4531,2863,13.279828989120265,0.0001354790001641959,0.08194828033447266,True
4532,6558,6.0,0.0001393349994032178,0.0819406509399414,True
4533,2846,43.289522161964314,0.00013297799887368456,0.0819559097290039,True
4536,7879,9.138027990601858,0.00013002400010009296,0.08193302154541016,True
4542,6558,4.0,0.00013602699982584454,0.08193302154541016,True
4543,8689,46.070516148073864,0.00012897000124212354,0.0819406509399414,False
4547,6558,6.0,0.00013295099779497832,0.0819406509399414,True
4549,6558,54.27724297196502,0.00013195000065024942,0.0819559097290039,True
4553,4621,39.489523180208735,0.00014002000170876272,0.0819253921508789,False
4555,4632,38.90169243602656,0.00012785800208803266,0.0819253921508789,False
4556,2863,13.279828989120265,0.00013626399959321134,0.08194828033447266,True
4559,7879,9.136595241239366,0.00012790399705409072,0.08193302154541016,True
4560,4621,41.912385945595105,0.00013125699842930771,0.0819406509399414,False
4566,6558,4.0,0.00015133499982766807,0.08193302154541016,True
4568,6558,6.0,0.00013089300045976415,0.0819406509399414,True
4569,8886,20.569506333226585,0.00013010699694859795,0.0819253921508789,True
4572,6558,4.0,0.00014525000005960464,0.08193302154541016,True
4573,7879,9.136595241239366,0.00012823300130548887,0.08193302154541016,True
4574,8765,31.11068315452707,0.00012853600128437392,0.0819253921508789,False
4575,7879,9.136595241239366,0.0002460750001773704,0.08193302154541016,True
4576,7879,9.138027990601858,0.00013464799849316478,0.08193302154541016,True
4579,1297,31.9945599499135,0.00013710699931834824,0.08193302154541016,True
4581,4973,33.98722237393013,0.00013594200208899565,0.08194828033447266,True
4584,2556,47.27321376166483,0.00013547600246965885,0.0819406509399414,True
4585,8886,82.16714556308068,0.00012990799950785004,0.08194828033447266,True
4588,1297,33.31835500492196,0.0001290540021727793,0.08193302154541016,True
4589,6538,58.02901207911733,0.00013400099851423874,0.08197879791259766,True
4594,3663,29.205372621871422,0.00013185099669499323,0.08193302154541016,True
4595,8886,30.540319914184927,0.00012852199870394543,0.0819253921508789,True
4596,8337,5.918367287022619,0.00013023299834458157,0.0819253921508789,True
4599,8337,5.918367287022617,0.0001412330020684749,0.0819253921508789,True
4601,8337,38.725019871515585,0.00014688900046166964,0.08193302154541016,True
4608,8337,61.44049636055337,0.0001290139989578165,0.08193302154541016,True
4610,8337,30.402931346437818,0.0001273320012842305,0.0819253921508789,True
4616,8337,5.622816795219243,0.0001294130015594419,0.0819253921508789,True
4617,4737,30.321185551212483,0.000144011002703337,0.0819559097290039,True
4620,6538,59.50640646122492,0.00013603399929706939,0.0819864273071289,True
4621,4632,78.25604207131428,0.0001272610024898313,0.08191776275634766,False
4623,4853,47.45869584509076,0.00012979899838683195,0.0819406509399414,True
4629,8337,49.88725594472832,0.00012984800196136348,0.08193302154541016,True
4630,8337,5.918367287022619,0.00012941599925397895,0.0819253921508789,True
4634,8886,32.53218846895189,0.0001305069999943953,0.0819253921508789,True
4636,2556,32.85131656078872,0.0001341620009043254,0.08196353912353516,True
4637,8337,5.918367287022619,0.00012729700029012747,0.0819253921508789,True
4638,8337,5.918367287022617,0.00012755399802699685,0.0819253921508789,True
4640,4632,57.99331865677695,0.00013432099876808934,0.08193302154541016,False
4641,8337,5.918367287022619,0.00012978700033272617,0.0819253921508789,True
4642,8337,5.918367287022619,0.00012855900058639236,0.0819253921508789,True
4643,1297,31.934505376234583,0.00013070699787931517,0.0819253921508789,True
4644,5908,46.64607930333287,0.00013838000086252578,0.0819406509399414,False
4645,4632,44.08921820636108,0.00014442300016526133,0.0819253921508789,False
4649,4751,46.36523845053338,0.00013147399658919312,0.0819559097290039,True
4650,8337,2.0,0.0001321380004810635,0.0819253921508789,True
4651,4632,54.33528760277573,0.00012999300088267773,0.0819253921508789,False
4652,4867,44.32636165947658,0.00015681900185882114,0.08194828033447266,True
4653,8337,2.0,0.00012759900346281938,0.0819253921508789,True
4655,8337,11.758539377446137,0.00013989299986860715,0.08193302154541016,True
4656,8886,23.971941809851316,0.00012934099868289195,0.0819253921508789,True
4658,8337,5.918367287022617,0.000126330996863544,0.0819253921508789,True
4659,4867,34.949285568188714,0.00013068299813312478,0.08194828033447266,True
4661,4617,48.19935578711292,0.00013025699809077196,0.0819253921508789,False
4663,8337,5.918367287022619,0.0001291370026592631,0.0819253921508789,True
4664,8337,5.918367287022619,0.00013642200065078214,0.0819253921508789,True
4666,8886,34.76109188995611,0.00012944699847139418,0.08193302154541016,True
4669,8337,43.628468609284376,0.00013607200162368827,0.0819406509399414,True
4670,8337,29.769279869078304,0.00013077800031169318,0.08193302154541016,True
4671,1297,34.05102665372601,0.00013434399807010777,0.08193302154541016,True
4673,2556,36.467518804592906,0.00012929500007885508,0.08193302154541016,True
4677,8337,5.918367287022619,0.00013168799705454148,0.0819253921508789,True
4679,8337,5.918367287022617,0.0001409900032740552,0.0819253921508789,True
4680,8337,5.918367287022617,0.0001262580008187797,0.0819253921508789,True
4681,8337,13.920104002690884,0.00014721700063091703,0.0819406509399414,True
4689,4621,53.10973711106139,0.00013333400056581013,0.0819253921508789,False
4690,8337,48.40786144988687,0.00012806199811166152,0.08193302154541016,True
4692,1297,32.378871493835845,0.0001291309999942314,0.08193302154541016,True
4695,1297,54.52294520656928,0.00012855100067099556,0.08193302154541016,True
4697,5498,38.99648908174114,0.00012940700253238901,0.0819253921508789,False
4698,8337,5.918367287022619,0.00012931200035382062,0.0819253921508789,True
4699,8337,51.44575176300982,0.00022475799778476357,0.0819406509399414,True
4700,8337,33.403346423261574,0.00013394900088314898,0.0819253921508789,True
4701,8337,44.881323755795925,0.00013240900079836138,0.08193302154541016,True
4703,5498,53.370483470624926,0.00014776199896004982,0.0819253921508789,False
4704,8337,5.918367287022617,0.00013122100062901154,0.0819253921508789,True
4706,8337,5.918367287022619,0.00013147999925422482,0.0819253921508789,True
4707,8337,7.91880597879092,0.00012825500016333535,0.08193302154541016,True
4709,4621,53.30863213985269,0.00013361599849304184,0.08193302154541016,False
4710,6565,52.16360575693351,0.00014605600154027343,0.08196353912353516,True
4714,8337,27.072999253482678,0.0001288150015170686,0.0819253921508789,True
4715,8337,13.812873603570498,0.00012986400179215707,0.0819406509399414,True
4720,8337,51.341688289828454,0.0001495989999966696,0.0819406509399414,True
4721,8778,0.0,0.00013191399921197444,0.08191776275634766,False
4724,8337,5.918367287022619,0.0001286269980482757,0.0819253921508789,True
4727,4617,50.86985514419677,0.00013790999946650118,0.08194828033447266,False
4732,244,36.33710625991128,0.0001437760001863353,0.0819559097290039,True
4734,236,38.834437641048375,0.000129493997519603,0.08194828033447266,True
4737,208,31.9397079268849,0.00013752200175076723,0.0819559097290039,True
4742,5499,41.739525331694864,0.0001491109978815075,0.08196353912353516,False
4744,230,47.05200647241174,0.00016239900287473574,0.08199405670166016,True
4745,244,34.88820735811467,0.0001289729989366606,0.08193302154541016,True
4746,243,43.21264578834159,0.00014203699902282096,0.08196353912353516,True
4747,7190,55.09989803451596,0.00014224299957277253,0.0820169448852539,False
4749,244,35.77807929113605,0.00014808100240770727,0.0819559097290039,True
4750,330,44.94861552447497,0.00013532199955079705,0.0819559097290039,True
4751,7863,40.99995683175406,0.0001341500028502196,0.0819559097290039,True
4752,7863,46.020439954415004,0.0001362609982606955,0.0819711685180664,True
4753,2780,51.174566045853936,0.00016283899822155945,0.0820016860961914,False
4754,7190,37.343415496501095,0.00013321699952939525,0.08196353912353516,False
4758,7190,51.14447759106702,0.00013355299961403944,0.08197879791259766,False
4761,4466,50.951546837761406,0.0001374929997837171,0.0820016860961914,True
4762,7206,41.60188207739612,0.00013270300041767769,0.08197879791259766,False
4763,5499,44.425842054184486,0.0001312039967160672,0.08196353912353516,False
4768,7863,44.598257118135244,0.00013281199790071696,0.0819406509399414,True
4770,7231,43.73200255020481,0.00013326299813343212,0.0819559097290039,False
4771,339,44.67327169539505,0.00013886400120100006,0.08196353912353516,True
4772,498,50.362355433623264,0.0001343769981758669,0.0819559097290039,True
4775,7874,38.284825748266776,0.00014923500202712603,0.0819711685180664,True
4776,7863,41.46274447048107,0.0001392599988321308,0.08194828033447266,True
4777,4466,55.25996426387431,0.0001475749995734077,0.08200931549072266,True
4778,7206,54.690813400591026,0.0001426960006938316,0.08202457427978516,False
4781,5695,41.847288509956805,0.0001282359990000259,0.0819406509399414,False
4782,7231,49.42713060433433,0.00013762199887423776,0.08199405670166016,False
4785,7874,47.90008732960115,0.0001376330001221504,0.08199405670166016,True
4786,4466,40.019748954971355,0.0001342979994660709,0.08197879791259766,True
4788,4466,31.264133064198663,0.00013476700041792355,0.08194828033447266,True
4789,4466,46.8177161442149,0.0001356389984721318,0.0819864273071289,True
4790,7190,38.426679392759844,0.0001388929995300714,0.08196353912353516,False
4791,4438,74.59210225903307,0.0001419200016243849,0.0820474624633789,True
4792,4443,39.58323794465846,0.00013705499804927967,0.08197879791259766,True
4793,7190,61.348131396169336,0.00013329800276551396,0.0819711685180664,False
4794,4426,49.386895760824494,0.00015209699995466508,0.08200931549072266,True
4795,7206,40.49918599155632,0.00013489999764715321,0.0819711685180664,False
4796,8342,47.57780815848382,0.0001466939975216519,0.0820016860961914,False
4797,7231,36.023271562529146,0.0002497629975550808,0.0819559097290039,False
4799,7194,45.37615259310905,0.000150498999573756,0.08199405670166016,False
4802,4476,60.739681697032196,0.0002869259988074191,0.0820016860961914,True
4805,4472,43.205522764849434,0.00013510899952962063,0.08196353912353516,True
4810,2780,38.68302695865291,0.00029367799652391113,0.0819711685180664,False
4811,330,33.57985456909781,0.00012918500215164386,0.08194828033447266,True
4813,339,44.987187214028765,0.00014611500228056684,0.08194828033447266,True
4814,4466,51.334591124624744,0.00013381499957176857,0.0819559097290039,True
4816,330,42.28778069876701,0.00013322300219442695,0.08196353912353516,True
4817,7863,45.82164055736334,0.00014146899775369093,0.08196353912353516,True
4818,309,33.415201471951846,0.00013115600086166523,0.08193302154541016,True
4819,5499,38.32511407320257,0.00015753799743833952,0.0819559097290039,False
4823,5695,43.24494186492795,0.00013087700062897056,0.08196353912353516,False
4826,7863,37.04832133767854,0.00014295400251285173,0.08194828033447266,True
4827,7231,46.58123741761281,0.0001343650001217611,0.08196353912353516,False
4832,7190,48.45528535750794,0.00014269900202634744,0.0820016860961914,False
4834,7863,34.38125328655661,0.00013080600183457136,0.08194828033447266,True
4838,309,41.98342060000414,0.00013313800081959926,0.08194828033447266,True
4840,330,41.9684222444068,0.0001443900000595022,0.0819559097290039,True
4843,244,37.2021405901186,0.00014147600086289458,0.0819711685180664,True
4844,244,33.78038991292317,0.00013350800145417452,0.08196353912353516,True
4845,330,32.8125577830973,0.0001393530001223553,0.0819406509399414,True
4846,244,31.681980002895227,0.00013310400026966818,0.0819559097290039,True
4848,244,30.48284471557542,0.0001280350006709341,0.08194828033447266,True
4850,307,36.06436327526102,0.00018048499987344258,0.0819406509399414,True
4853,330,37.77438359869408,0.00013232299897936173,0.08194828033447266,True
4855,330,35.356775331934216,0.00013143999967724085,0.08194828033447266,True
4856,330,31.562328897888804,0.00012984799832338467,0.0819406509399414,True
4858,232,36.53840699705089,0.0001422179993824102,0.0819711685180664,True
4859,244,34.78955698390821,0.0001318929971603211,0.08196353912353516,True
4860,330,35.511633411734415,0.00013194400162319653,0.0819559097290039,True
4862,244,31.893978564976475,0.00014595299944630824,0.0819559097290039,True
4864,330,34.534874582136,0.00016385799972340465,0.08194828033447266,True
4866,309,34.73556916881368,0.00014567499965778552,0.0819559097290039,True
4867,232,43.331568229882905,0.0001472730000386946,0.0819864273071289,True
4872,307,41.046768760866186,0.00013249699986772612,0.0819559097290039,True
4873,323,40.789127393339214,0.00017358699915348552,0.08196353912353516,True
4874,309,37.31204630078713,0.00015161000192165375,0.0819559097290039,True
4875,323,39.77174943754824,0.00013190599929657765,0.08196353912353516,True
4876,323,37.9855033447942,0.00012863799929618835,0.08194828033447266,True
4886,244,31.325681284652735,0.0001314430010097567,0.08194828033447266,True
4887,244,33.244316468143474,0.0001483229971199762,0.0819559097290039,True
4888,323,31.885507718731454,0.00013020600090385415,0.08194828033447266,True
4889,244,36.08068080749591,0.0001368810007988941,0.0819711685180664,True
4891,309,24.968168400830614,0.00013055299859843217,0.0819406509399414,True
4895,352,34.45343195674489,0.00013589899754151702,0.08196353912353516,True
4897,291,22.186923723736943,0.00016191900067497045,0.0819406509399414,True
4898,309,36.03117984712965,0.00013854600183549337,0.0819406509399414,True
4899,5695,33.588170627772506,0.0001378050001221709,0.0819253921508789,False
4903,339,23.80499642184812,0.0001357729997835122,0.0819406509399414,True
4907,291,29.562988588718053,0.00015063300088513643,0.0819406509399414,True
4913,318,28.835000486392804,0.00012874599997303449,0.08193302154541016,True
4914,291,26.81161670391657,0.00012938399959239177,0.08193302154541016,True
4915,291,26.21729118850765,0.00013332600065041333,0.08193302154541016,True
4916,291,34.65419472062035,0.00013029500041739084,0.08194828033447266,True
4922,309,32.061942739472194,0.00013011500050197355,0.08194828033447266,True
4923,330,26.884074270690903,0.00014620000001741573,0.0819406509399414,True
4924,323,30.38468751791532,0.00013201799811213277,0.0819559097290039,True
4928,309,35.734464894783116,0.0001439180014131125,0.0819559097290039,True
4930,323,36.09137675232042,0.0001314350010943599,0.0819559097290039,True
4932,309,29.263205168118954,0.00013558999853557907,0.0819253921508789,True
4937,309,29.907755943604055,0.00013197899897932075,0.08193302154541016,True
4938,323,27.863459397750088,0.00013009099711780436,0.08194828033447266,True
4939,339,38.1450673414362,0.00013269200280774385,0.0819559097290039,True
4940,309,26.85978702060011,0.0001305229998251889,0.0819406509399414,True
4942,323,26.955436416488837,0.0001384349998261314,0.08194828033447266,True
4945,352,32.87395494207758,0.00013235600272309966,0.0819559097290039,True
4946,5695,30.97573737970869,0.0001384130009682849,0.0819253921508789,False
4949,323,30.23924877244472,0.00013309199857758358,0.08194828033447266,True
4950,309,29.197735681733043,0.00013174199921195395,0.08193302154541016,True
4955,244,35.843194144078865,0.00013178500012145378,0.0819559097290039,True
4958,318,24.615650928326758,0.00013066799874650314,0.0819406509399414,True
4959,291,25.14419023801806,0.0001289589999942109,0.0819406509399414,True
4960,309,33.260948733267796,0.0001315100016654469,0.08194828033447266,True
4965,339,29.02601587561042,0.00012947000141139142,0.0819406509399414,True
4966,323,29.857248279949417,0.00015342999904532917,0.0819559097290039,True
4967,291,33.02061980045496,0.00014287100202636793,0.0819406509399414,True
4968,352,30.708552867956655,0.00014900300084264018,0.0819559097290039,True
4969,307,26.53596554355999,0.00016539599891984835,0.08193302154541016,True
4970,323,35.484469412482895,0.00014363900118041784,0.0819559097290039,True
4971,293,34.04775875667507,0.00014192999879014678,0.0819559097290039,True
4973,498,40.30889829839282,0.0001587490005476866,0.08196353912353516,True
4975,291,40.87543098785409,0.0001401779991283547,0.0819559097290039,True
4980,330,35.115950375014855,0.00013241000124253333,0.08194828033447266,True
4981,309,42.14625725843021,0.00014602400187868625,0.08196353912353516,True
4983,309,38.70399750405472,0.0001318829999945592,0.0819406509399414,True
4986,330,34.454319795652076,0.0001342350005870685,0.0819559097290039,True
4989,339,39.6415074310486,0.00012962099935975857,0.08194828033447266,True
4990,339,31.666914638367334,0.00013148299694876187,0.08193302154541016,True
4991,309,31.636588026495552,0.00013389499872573651,0.08194828033447266,True
4993,309,34.39358905944008,0.00012888100172858685,0.08193302154541016,True
4996,309,28.72250109439108,0.00013068900079815648,0.0819406509399414,True
4997,330,33.48351339910076,0.0001280249998671934,0.0819406509399414,True
4998,5695,38.23440817286632,0.00013623800259665586,0.08193302154541016,False
5000,339,35.85520883668852,0.00013043299986748025,0.08194828033447266,True
5005,330,31.27814942021022,0.0001368690027447883,0.08194828033447266,True
5006,330,33.637940525565185,0.0001486389992351178,0.0819406509399414,True
5008,330,36.54714515779549,0.00013674599904334173,0.08196353912353516,True
5010,330,26.7119431577082,0.0001288860003114678,0.08193302154541016,True
5011,5458,35.304384323379985,0.00013871199917048216,0.08193302154541016,False
5013,330,36.947962443180565,0.00014270999963628128,0.08196353912353516,True
5015,339,34.497228573423385,0.00013176200081943534,0.0819406509399414,True
5016,5458,41.43168327833135,0.00013739700079895556,0.0819559097290039,False
5018,4472,40.04211284703653,0.00014766500316909514,0.08197879791259766,True
5019,4482,39.72592986438633,0.00013445500007946976,0.0819559097290039,True
5020,352,35.415708556146086,0.00013070899876765907,0.08194828033447266,True
5021,4466,49.3231668537676,0.00014924000061000697,0.0819864273071289,True
5022,7863,31.787970764645543,0.00014256600115913898,0.0819406509399414,True
5023,291,34.32134944322304,0.00013995400149724446,0.0819406509399414,True
5025,293,41.46621686085119,0.00012976500147487968,0.0819406509399414,True
5026,4469,48.945203373909294,0.00013748800120083615,0.08199405670166016,True
5027,4284,10.72093847843695,0.00013218300227890722,0.0819253921508789,True
5028,8200,4.4159020021198145,0.00012865200187661685,0.08191776275634766,False
5029,6393,28.442690217605527,0.00013526399925467558,0.0819864273071289,True
5030,5677,2.961577116951287,0.0001314350010943599,0.0819253921508789,True
5031,6393,16.19800338675735,0.00013809400115860626,0.08194828033447266,True
5032,7924,6.5351597307420946,0.00013933800073573366,0.0819253921508789,True
5035,6472,1.9964076296933093,0.00013224199938122183,0.08191776275634766,True
5039,4284,8.631707384057627,0.0001286590013478417,0.08191776275634766,True
5041,6393,24.743111780393274,0.00015090300075826235,0.0819711685180664,True
5042,4284,9.434579504333852,0.00012817199967685156,0.0819253921508789,True
5043,6347,7.494923251055166,0.00013326599946594797,0.0819406509399414,True
5045,6393,14.597265657627617,0.00013769300130661577,0.0819253921508789,True
5046,6347,7.942051813620174,0.00013638100062962621,0.08193302154541016,True
5047,7991,5.269997016637796,0.00013107399718137458,0.0819253921508789,True
5049,7991,5.025241786962486,0.00013973499881103635,0.0819253921508789,True
5053,8786,8.101501470109131,0.00014035899948794395,0.0819406509399414,True
5054,3521,12.4208842161593,0.00012955199781572446,0.08194828033447266,False
5057,6375,11.538096203837071,0.000132456003484549,0.0819406509399414,True
5058,6407,12.624221390958036,0.00013256500096758828,0.0819559097290039,True
5059,6418,5.884451951393653,0.00013080200005788356,0.08193302154541016,True
5060,6479,9.538506468114154,0.00013160199887352064,0.0819406509399414,True
5061,6393,9.079391471643705,0.0001313800021307543,0.0819253921508789,True
5064,8786,3.3420724335507885,0.0001305579971813131,0.0819253921508789,True
5065,6402,3.296079744487494,0.0001287400009459816,0.0819253921508789,True
5066,4284,8.087303062227905,0.0001277109986403957,0.08191776275634766,True
5067,7924,7.422328967815682,0.00013457000022754073,0.08193302154541016,True
5068,6418,9.71419767566933,0.00013096200200379826,0.0819406509399414,True
5069,6416,9.578979405453543,0.00013528900308301672,0.08194828033447266,True
5070,6375,7.680324149410418,0.00013765800031251274,0.0819253921508789,True
5071,6654,15.513038016379191,0.00014784299855818972,0.0819253921508789,False
5072,6347,5.77748493605443,0.00013712800137000158,0.08193302154541016,True
5076,6416,2.770291373256596,0.00012885099931736477,0.0819253921508789,True
5078,4284,7.676183268991902,0.0001276440016226843,0.08191776275634766,True
5079,4617,6.052430397313326,0.00012706000052276067,0.08191776275634766,False
5085,6347,9.783037916458227,0.00014249599917093292,0.0819406509399414,True
5086,4087,11.633963459626553,0.00013434399807010777,0.08191776275634766,True
5087,6418,3.675209780740858,0.00014481499965768307,0.08191776275634766,True
5089,4127,21.03977887158364,0.00014347500109579414,0.0819711685180664,True
5090,7924,8.514495552457305,0.0001360909991490189,0.0819253921508789,True
5101,4284,13.072638789542435,0.0001513640017947182,0.08193302154541016,True
5104,3521,6.597167979146831,0.0001323670003330335,0.0819253921508789,False
5105,6393,21.583977150293894,0.00013900500198360533,0.0819864273071289,True
5106,6347,2.337083442479136,0.0001420500011590775,0.0819253921508789,True
5108,5546,8.489161588560139,0.0001302599994232878,0.0819406509399414,True
5109,6347,12.593155640527865,0.00013648299864144064,0.0819559097290039,True
5111,6472,2.7144275192010308,0.00012990599861950614,0.0819253921508789,True
5113,6347,5.566050118869961,0.0001292529996135272,0.08193302154541016,True
5114,6416,2.1659458718360387,0.00012862299990956672,0.0819253921508789,True
5117,6418,4.539509065318483,0.00013067200052319095,0.08193302154541016,True
5119,6286,5.459942516580303,0.0001281180011574179,0.08191776275634766,False
5120,5365,1.2454057222878423,0.00014194299728842452,0.08191776275634766,True
5121,4284,12.287764888537279,0.0001394099999743048,0.0819253921508789,True
5126,4087,32.85171692799388,0.00015258100029313937,0.0819711685180664,True
5127,4186,15.034463393992025,0.0001334730004600715,0.08194828033447266,True
5130,6347,3.6057259414242133,0.00012876999971922487,0.0819253921508789,True
5131,4284,12.180341898885354,0.0001531669986434281,0.08193302154541016,True
5132,4284,11.342635994442327,0.00014489799650618806,0.0819253921508789,True
5135,7924,10.585566260099815,0.00013122599921189249,0.0819406509399414,True
5138,7924,10.626351321935724,0.00013728100020671263,0.08193302154541016,True
5139,4186,13.917619437613125,0.0001506609987700358,0.0819406509399414,True
5143,2504,27.252109821367284,0.00013079299969831482,0.0819406509399414,False
5145,6375,1.947663498429227,0.00014090999684412964,0.08191776275634766,True
5146,5546,7.701274279421746,0.00014252099936129525,0.08193302154541016,True
5147,6416,7.683179725653,0.00014721700063091703,0.0819406509399414,True
5149,7991,10.506775562844057,0.00013832100012223236,0.0819406509399414,True
5150,6407,12.50113793952041,0.0001299799987464212,0.08194828033447266,True
5151,6347,3.120032566137495,0.00015153099957387894,0.0819253921508789,True
5153,4284,17.89145624797982,0.00013946999752079137,0.08193302154541016,True
5154,6393,15.138374737942572,0.00013374700210988522,0.0819406509399414,True
5155,6393,20.312142941679014,0.000132539000333054,0.0819711685180664,True
5157,6375,3.430293214289124,0.00013567899804911576,0.08191776275634766,True
5161,6375,6.750495193092252,0.0001395840008626692,0.0819253921508789,True
5166,6418,8.213796059875206,0.00012692200107267126,0.0819253921508789,True
5169,5365,7.525165746707832,0.00013158400179236196,0.0819406509399414,True
5170,7924,9.505249268561785,0.00012819800031138584,0.08193302154541016,True
5171,6479,9.009969032587245,0.00013506300092558376,0.0819406509399414,True
5172,4284,18.136719141728435,0.00013107999984640628,0.0819406509399414,True
5173,8047,15.376900667960106,0.00013417900117929094,0.0819559097290039,True
5176,6402,5.243179986046258,0.0001292550005018711,0.08193302154541016,True
5179,6393,10.177666933063385,0.00014771799760637805,0.0819253921508789,True
5182,6393,24.061564861375427,0.00013017000310355797,0.08193302154541016,True
5183,4284,16.93174063305425,0.0001505899999756366,0.08193302154541016,True
5185,6347,4.120338446693188,0.00013987700003781356,0.0819253921508789,True
5186,6479,1.407626926653866,0.00012844299999414943,0.08191776275634766,True
5188,3521,2.1713226845172455,0.00014558000111719593,0.0819253921508789,False
5189,4284,22.943718219315258,0.00012878300185548142,0.08193302154541016,True
5192,6416,3.7403016901316146,0.00012994499775231816,0.08191776275634766,True
5193,4177,4.910892919549944,0.00012805400183424354,0.08191776275634766,True
5194,8288,22.972928018605316,0.00013920799756306224,0.0819559097290039,False
5196,4284,12.018463690081928,0.00012820099800592288,0.0819253921508789,True
5197,6472,6.727229461033242,0.00013194100029068068,0.0819253921508789,True
5198,4186,5.513932384838767,0.0001347090001218021,0.0819253921508789,True
5199,6325,14.976382515807773,0.00013697600297746249,0.0819559097290039,True
5200,6407,12.186307730626124,0.00012993600103072822,0.08194828033447266,True
5203,4284,7.9689521462267265,0.00015006399917183444,0.08191776275634766,True
5204,6347,4.940370640676607,0.00013118700007908046,0.08193302154541016,True
5210,6347,4.714491497370125,0.00012968500232091174,0.0819253921508789,True
5211,1451,9.898691628074712,0.00013060799756203778,0.08194828033447266,False
5212,6402,4.000153686870875,0.0001530879999336321,0.08193302154541016,True
5215,6680,3.3083211649850233,0.00012848400001530536,0.0819253921508789,False
5218,6393,11.094174710351265,0.00015097399955266155,0.0819406509399414,True
5219,7991,11.039974557270977,0.00013386300270212814,0.08194828033447266,True
5224,4284,11.692767336025366,0.00012891300139017403,0.08193302154541016,True
5225,6347,9.023324420727663,0.00012952199904248118,0.0819406509399414,True
5226,6375,8.081189941118652,0.00012977099686395377,0.0819406509399414,True
5228,6393,17.16515176606601,0.00013224500071373768,0.0819559097290039,True
5232,2275,43.28347728116117,0.0001354890009679366,0.0819864273071289,False
5233,8216,49.82828601727298,0.00013477099855663255,0.0819711685180664,True
5237,2963,21.261395430714956,0.0001408890020684339,0.0819253921508789,True
5240,5762,21.041064888901026,0.00013055599993094802,0.08193302154541016,True
5241,5776,16.616823715355487,0.0001397560008626897,0.08194828033447266,True
5242,116,8.161515319386929,0.0001397970008838456,0.0819253921508789,True
5243,5805,9.439490873099308,0.0001301849988522008,0.08193302154541016,True
5244,3436,10.715799123558,0.00013607100117951632,0.08193302154541016,True
5245,5762,12.1063222980815,0.0001308089995291084,0.08193302154541016,True
5246,3348,6.980442667775281,0.00012955200145370327,0.08193302154541016,True
5249,4092,18.172795270938778,0.00013748800120083615,0.0819406509399414,False
5253,3475,27.019767399159694,0.00016201399921556003,0.08197879791259766,True
5255,3403,8.407175545840389,0.0001323079995927401,0.08193302154541016,True
5257,3436,10.313281511765963,0.0001265359969693236,0.0819253921508789,True
5258,3398,10.293559448845254,0.0001404979993822053,0.08194828033447266,True
5259,3398,14.217501228445231,0.00013721199866267852,0.08193302154541016,True
5260,3406,15.858055286626305,0.00014103800276643597,0.0819559097290039,True
5261,6476,14.780724927174662,0.00012778900054399855,0.08193302154541016,False
5263,5907,37.42581528052431,0.0002463990022079088,0.0819864273071289,True
5264,1477,36.89617764334568,0.00018052699670079164,0.08196353912353516,False
5266,7002,15.146469535954479,0.00013767899872618727,0.08193302154541016,False
5268,8093,15.601579818774466,0.00013027100067120045,0.0819253921508789,True
5269,3211,33.360821055418256,0.00013882600251236,0.08197879791259766,True
5270,5212,35.899293827423485,0.00013738499910687096,0.0819864273071289,False
5272,5290,27.230740540158966,0.00015862000145716593,0.08196353912353516,False
5273,5321,26.529079257588275,0.0001376630025333725,0.0819864273071289,False
5277,5027,39.675470065810615,0.00013287399997352622,0.08196353912353516,False
5278,3215,22.098427725533128,0.0001297349990636576,0.08193302154541016,True
5279,8655,4.152806814176331,0.00013844999921275303,0.08193302154541016,False
5280,5192,25.455297853273333,0.00013402199692791328,0.0819559097290039,False
5283,577,37.18085140671767,0.00013093500092509203,0.0819559097290039,True
5284,753,41.351413175435624,0.00014057199950912036,0.08202457427978516,True
5285,5182,28.777903681922407,0.00014252300024963915,0.0819864273071289,False
5286,6535,27.171053321450444,0.0001409920005244203,0.08193302154541016,False
5287,614,38.0718687447433,0.00014908799857948907,0.08196353912353516,True
5289,5192,26.08757523866315,0.0001305820005654823,0.08196353912353516,False
5291,5740,15.987797131786449,0.0001501039987488184,0.0819559097290039,False
5292,3406,6.119414937864836,0.00014031799946678802,0.08191776275634766,False
5294,5848,5.897400713346493,0.0001311170017288532,0.08193302154541016,False
5295,7939,16.211558667094657,0.00015697100025136024,0.0819406509399414,False
5298,632,40.516027843601975,0.000133537996589439,0.0819711685180664,True
5305,5192,39.25506910577265,0.000133530000312021,0.08197879791259766,False
5307,5229,37.29885278275219,0.00014207099957275204,0.08196353912353516,False
5308,5256,27.62185315219654,0.00012954900012118742,0.0819406509399414,False
5309,590,27.614806584843457,0.00014396500046132132,0.08199405670166016,True
5311,577,38.9338052083522,0.00013806499919155613,0.0820016860961914,True
5312,5212,37.13703504841755,0.00013728400153922848,0.0819559097290039,False
5315,800,45.37807743802282,0.0001364659983664751,0.08199405670166016,True
5320,5321,36.49242703189277,0.00013193300037528388,0.0819559097290039,False
5322,5219,33.55480949246754,0.00013575900084106252,0.0819711685180664,False
5323,3359,18.924450751118616,0.00013233299978310242,0.0819559097290039,False
5324,6457,22.366441411076615,0.0001293300010729581,0.0819253921508789,False
5326,5182,26.382898912121405,0.0001355439999315422,0.0819711685180664,False
5328,5307,38.09999444861194,0.00013690199921256863,0.08200931549072266,False
5329,5182,40.47149944976963,0.000179441998625407,0.08199405670166016,False
5330,5131,42.670023650176745,0.0001476459983678069,0.0820016860961914,False
5332,3056,48.89119121717765,0.00013946200124337338,0.08200931549072266,True
5334,5091,23.780483264366758,0.0001347559991700109,0.08196353912353516,False
5335,570,5.210672364067701,0.00012872299703303725,0.08193302154541016,True
5336,6224,47.53405345627074,0.00012962999971932732,0.0819406509399414,False
5337,5131,48.10088314792382,0.0001499800018791575,0.0820016860961914,False
5339,728,37.266272688756466,0.00013647699961438775,0.08197879791259766,True
5340,713,26.44630496394161,0.00013227700037532486,0.0819711685180664,True
5342,4614,21.84010141083121,0.00012991200128453784,0.08194828033447266,False
5344,5182,33.922393947479726,0.00014671899771201424,0.0819559097290039,False
5347,615,33.000549884478914,0.00023470400265068747,0.0819559097290039,True
5349,5202,25.67080733519057,0.00013557499914895743,0.0819711685180664,False
5360,3056,35.60049865846336,0.00014460600141319446,0.0820016860961914,True
5361,741,57.91284899828979,0.0001379289969918318,0.08200931549072266,True
5364,737,42.56227425470481,0.00014072799967834726,0.08200931549072266,True
5365,5027,30.509154303851517,0.00014379200001712888,0.08199405670166016,False
5368,6230,46.206940467394446,0.00014170499707688577,0.0819253921508789,False
5370,5970,34.952270997921765,0.00014147800175123848,0.0820016860961914,True
5371,5091,51.77011172322843,0.00013907399988966063,0.08199405670166016,False
5374,3037,38.175783925628785,0.00013053200018475763,0.0819559097290039,True
5375,5202,26.14525684968671,0.00015218300177366473,0.08197879791259766,False
5378,5192,36.605824717158576,0.00013726500037591904,0.08197879791259766,False
5384,7105,1.7074141703231884,0.00012580399925354868,0.08191776275634766,True
5385,6978,11.965872974933706,0.00012792500274372287,0.08193302154541016,True
5387,6850,18.115375915729558,0.00016301999858114868,0.0819711685180664,False
5388,1477,22.886505786152274,0.00014120800187811255,0.0819559097290039,True
5392,7105,0.8512252815994463,0.00013364100232138298,0.08191776275634766,True
5395,99,13.496978220121928,0.00012962199980393052,0.08193302154541016,False
5397,6288,16.885158021440056,0.00012976700236322358,0.08193302154541016,True
5401,6232,32.59908459554563,0.0001458789993193932,0.0819711685180664,True
5402,7062,0.5727128833088526,0.00019995600086986087,0.08191776275634766,True
5403,3270,4.601237030455346,0.0001311490013904404,0.0819253921508789,False
5404,3145,8.062448503016176,0.0001308230021095369,0.0819406509399414,False
5405,6288,6.358646126624674,0.00012666600014199503,0.0819253921508789,True
5407,5725,31.016809015930367,0.00013418100206763484,0.0819711685180664,False
5411,598,19.449641238024935,0.00013432100240606815,0.0819559097290039,False
5412,753,35.52228567357191,0.00022506700042868033,0.08196353912353516,False
5415,6315,7.7980830789520725,0.00015363599959528074,0.0819253921508789,False
5416,3278,13.758440428512227,0.00013169700105208904,0.0819559097290039,False
5417,1477,29.10114345171142,0.0001372539991280064,0.08199405670166016,True
5418,5177,16.821513799847587,0.00013460500122164376,0.08194828033447266,False
5424,7062,2.648262462685255,0.00012781700206687674,0.0819253921508789,True
5425,99,13.282998986054157,0.0001767960020515602,0.0819559097290039,False
5427,99,25.64364091274601,0.0001354829983029049,0.0819864273071289,False
5431,7105,5.303953276473325,0.0001285639991692733,0.08191776275634766,True
5432,3264,3.1906532485281773,0.0001354039995931089,0.0819253921508789,False
5433,8226,9.16091737635271,0.0001280169999517966,0.08193302154541016,False
5436,6535,35.15518123785288,0.00013016400043852627,0.08193302154541016,False
5437,1451,8.76337990704626,0.00015104100020835176,0.08194828033447266,True
5438,7105,7.543592786160002,0.0001305579971813131,0.08193302154541016,True
5440,1447,8.803369095917823,0.00014030699821887538,0.0819253921508789,True
5442,6535,16.36674623442406,0.00014644400289398618,0.08193302154541016,False
5444,615,30.327420172369816,0.0001352179970126599,0.08196353912353516,False
5449,955,4.173314119420849,0.00013315599790075794,0.0819253921508789,False
5450,3358,7.293917384256404,0.00012861900177085772,0.08193302154541016,False
5451,3145,10.192716204094816,0.00013032000060775317,0.0819406509399414,False
5452,753,25.55682167906629,0.0001332339998043608,0.08196353912353516,False
5453,1539,23.392360233251885,0.00013164800111553632,0.08193302154541016,False
5454,3729,38.47348701157023,0.00014052100232220255,0.08196353912353516,False
5455,8191,22.843154187819582,0.00014281400217441842,0.08191776275634766,False
5456,6501,34.5509617620661,0.0001341279967164155,0.0819711685180664,False
5457,1539,25.485945464400597,0.00013168899749871343,0.08193302154541016,False
5461,3560,30.1275579838733,0.00013735999891650863,0.08191776275634766,False
5462,8158,28.19408063902921,0.00015115699716261588,0.0819559097290039,False
5464,5375,42.93932902336814,0.00013045300147496164,0.0819559097290039,False
5470,5420,26.56123871404206,0.00012899300054414198,0.0819253921508789,False
5472,6565,53.075547837588815,0.00023609100026078522,0.08197879791259766,False
5479,4092,37.89965481810672,0.00013025600128457882,0.0819253921508789,False
5480,8158,34.68984672852933,0.0001329240003542509,0.0819559097290039,False
5482,7879,34.91302839596857,0.0001386279982398264,0.0819711685180664,False
5483,2345,37.48664804131287,0.00013654799840878695,0.0819253921508789,True
5484,8839,26.711504774046123,0.00013138999929651618,0.0819406509399414,False
5485,8765,25.505244286767965,0.00012959800005774014,0.0819253921508789,False
5486,2887,50.7715943672993,0.0001331569983449299,0.0820016860961914,False
5487,4987,45.87446156327621,0.00017954700160771608,0.08197879791259766,False
5490,7879,25.538271990223436,0.00013530400246963836,0.08196353912353516,False
5491,5401,31.477810054015883,0.00013443500210996717,0.0819253921508789,False
5493,2899,47.884824469779865,0.000133608999021817,0.08197879791259766,False
5494,2345,31.011094682221362,0.00013131900050211698,0.0819406509399414,True
5496,3724,31.524652125139863,0.00013078900155960582,0.0819253921508789,False
5498,1466,46.690270550032814,0.00012851999781560153,0.0819253921508789,False
5499,4853,35.294499815658,0.00012768599845003337,0.08193302154541016,False
5500,1448,37.40607688243967,0.00013018399840802886,0.0819253921508789,False
5502,484,36.45265078135985,0.00013418500020634383,0.08199405670166016,False
5503,6722,44.2212890355252,0.00012901499940198846,0.08193302154541016,False
5506,4987,27.327099129921198,0.0001348629994026851,0.08196353912353516,False
5508,3663,29.30935425569983,0.00013094200039631687,0.0819253921508789,False
5511,6622,44.71140727548999,0.00014170000213198364,0.0820016860961914,False
5512,8906,25.69631127215432,0.00013200099783716723,0.08194828033447266,False
5514,3663,26.56478327547747,0.00013149500227882527,0.0819253921508789,False
5517,3662,33.20398655794357,0.00013870000111637637,0.08199405670166016,False
5518,6538,47.43202457042547,0.00013659300020663068,0.08199405670166016,False
5523,4632,47.740174184401226,0.0001299739997193683,0.0819253921508789,False
5526,4737,42.763363931298244,0.00013078000120003708,0.08194828033447266,False
5527,5526,29.413848014443264,0.0001304139987041708,0.0819253921508789,False
5528,4284,39.091705333608694,0.00014174299940350465,0.0819559097290039,False
5529,5508,43.173418121226,0.00013861600018572062,0.0819253921508789,False
5531,6558,52.13591318212934,0.00013783299800707027,0.0820169448852539,False
5533,2482,38.69214613489509,0.00013830199895892292,0.08194828033447266,True
5535,2887,24.974666800647714,0.00014224199912860058,0.0819864273071289,False
5538,457,55.93766105271356,0.00014418299906537868,0.08199405670166016,False
5539,6654,22.35711330943223,0.00014063799972063862,0.08193302154541016,False
5541,6565,38.23796382821826,0.00013693899745703675,0.08199405670166016,False
5542,1539,20.318151962942363,0.00016094199963845313,0.0819253921508789,False
5543,7879,32.55258770058932,0.000144011002703337,0.08199405670166016,False
5544,3663,38.25839132094831,0.00013531399963540025,0.08194828033447266,False
5545,2863,42.59541379540986,0.0001500649996160064,0.0820016860961914,False
5547,6407,43.632314082198086,0.0001462319996790029,0.0819253921508789,False
5550,8886,32.73679231244986,0.00013214099817560054,0.0819253921508789,False
5551,7879,56.8877352607077,0.00013746399781666696,0.0820016860961914,False
5552,4096,39.88034997676417,0.0001325919984083157,0.0819711685180664,False
5553,4209,33.97015454049999,0.00013078299889457412,0.08196353912353516,False
5556,6558,37.006715157190136,0.0001407650015607942,0.0820016860961914,False
5558,6565,35.039703024995745,0.00013143599790055305,0.0819559097290039,False
5559,7879,31.723703164708553,0.00016622499970253557,0.08197879791259766,False
5563,1366,24.34146908971576,0.00012947299910592847,0.08193302154541016,False
5565,2825,53.64100517117248,0.00013584400221589021,0.08197879791259766,False
5567,1521,25.77340589843016,0.00013382000179262832,0.0819253921508789,False
5568,6707,5.632260831904875,0.00014677900253445841,0.0819253921508789,False
5569,4124,21.212277674343404,0.00013093500092509203,0.0819253921508789,False
5571,8158,24.57286193462647,0.0001312160020461306,0.0819406509399414,False
5572,4850,21.62307295500757,0.00013476899766828865,0.08193302154541016,False
5573,1126,26.524094989692827,0.0001349259982816875,0.0819559097290039,False
5575,1314,36.48988195405673,0.00013900699923397042,0.0819559097290039,False
5577,3729,35.48645059241718,0.00013569099974120036,0.0819711685180664,False
5580,1368,3.2667678659840913,0.00012712299940176308,0.08191776275634766,False
5581,6558,50.90105434419381,0.00014067899974179454,0.0820169448852539,False
5582,8906,23.858837392510285,0.00013032000060775317,0.0819406509399414,False
5583,8906,40.340188957816395,0.00013871300325263292,0.08194828033447266,False
5586,2825,54.16621339673142,0.00013303399828146212,0.08197879791259766,False
5587,7998,40.88648472591189,0.00015113600238692015,0.0819864273071289,False
5588,867,2.0,0.00012912399688502774,0.0819253921508789,False
5590,5449,13.369655495908336,0.00014227800056687556,0.0819253921508789,False
5592,8689,29.09199172063273,0.00013681900236406364,0.0819253921508789,True
5598,5860,56.59042825199893,0.0001487480003561359,0.0820016860961914,False
5603,5003,59.62773787579001,0.00015661100042052567,0.08199405670166016,True
5604,4284,37.45314128683437,0.00013354700058698654,0.08196353912353516,False
5605,3663,31.36549050473647,0.00013046499952906743,0.0819253921508789,False
5609,2482,36.56062286277551,0.00015445200187969021,0.0819559097290039,True
5610,4614,56.98570096548595,0.00014037499931873754,0.0819559097290039,False
5614,4867,37.0699424723332,0.00013304299864103086,0.08194828033447266,False
5615,6665,5.075836271892717,0.00013651699919137172,0.08193302154541016,False
5618,3220,4.556642570823674,0.0001324580007349141,0.08193302154541016,False
5619,3457,16.290352834280753,0.0001319090006290935,0.08196353912353516,False
5620,6375,8.850808720102254,0.0001378679990011733,0.0819253921508789,True
5622,842,1.9581915062263016,0.00012969100134796463,0.08191776275634766,True
5623,862,4.60442905977381,0.00012991000039619394,0.0819253921508789,True
5624,867,0.24213959492057466,0.0001269959975616075,0.08191776275634766,True
5625,3348,12.911627889016138,0.0001303530007135123,0.08193302154541016,False
5626,8772,21.769828360852372,0.00013577600111602806,0.0819711685180664,True
5627,7070,6.988671780121597,0.00013210699762566946,0.0819253921508789,False
5628,912,2.5309285756123154,0.00015513300240854733,0.0819253921508789,True
5630,3220,6.003940764330871,0.0001398150016029831,0.08193302154541016,False
5634,4177,9.825202124226626,0.00013017300079809502,0.08191776275634766,True
5638,6985,5.883992362256708,0.00012834999870392494,0.08193302154541016,False
5639,6985,2.7494388999689954,0.00013877099991077557,0.08191776275634766,False
5641,6347,3.921115403187995,0.00012984299974050373,0.0819253921508789,True
5642,3196,4.295302779977389,0.0001304910001636017,0.08193302154541016,False
5643,625,24.70048932833282,0.00014041200120118447,0.08196353912353516,False
5645,3348,15.431063930304106,0.0001355680033157114,0.08194828033447266,False
5647,912,6.623628699231016,0.0001269589993171394,0.08191776275634766,True
5652,8772,12.929576250613852,0.0001276399998459965,0.0819406509399414,True
5654,3220,16.13572237666414,0.0001301280026382301,0.08193302154541016,False
5655,6418,4.254534722711297,0.00012724800035357475,0.0819253921508789,True
5656,6347,5.188543780891691,0.00013031200069235638,0.08193302154541016,True
5657,5506,4.011515364679039,0.00012665299800573848,0.08191776275634766,True
5658,5420,6.996315580169222,0.0001297210001212079,0.08193302154541016,True
5659,6338,1.6638663723545568,0.00012540499665192328,0.08191776275634766,True
5660,3211,32.01911610589968,0.00014123800065135583,0.0820169448852539,False
5661,3220,6.70079178563801,0.00013426500299829058,0.0819406509399414,False
5662,4177,2.5985162125729437,0.00035753399788518436,0.0819253921508789,True
5664,6402,11.169984846519926,0.0001384229981340468,0.0819253921508789,True
5666,5290,20.6678600440842,0.00012814700312446803,0.08193302154541016,False
5667,5506,6.031420712009012,0.00013869000031263568,0.08193302154541016,True
5670,3196,3.094225464958939,0.00012915300249005668,0.0819253921508789,False
5671,5498,2.7438001168080035,0.00012728100045933388,0.08191776275634766,True
5674,5420,5.510029108355681,0.0001286469996557571,0.0819253921508789,True
5675,108,19.150140177720882,0.00027905999741051346,0.08193302154541016,False
5677,6841,22.33162154702949,0.00013372099783737212,0.0819559097290039,False
5680,8055,17.097888138039025,0.00014143699809210375,0.0819406509399414,True
5685,3353,21.9451249934012,0.0001446940004825592,0.08197879791259766,False
5686,3348,18.59400240867869,0.00013335499897948466,0.08196353912353516,False
5690,6416,6.741276389709772,0.0001328289981756825,0.08191776275634766,True
5692,6834,13.089448499379849,0.0001312789972871542,0.08193302154541016,False
5693,6665,2.904978075026592,0.00012813800276489928,0.08191776275634766,False
5694,5506,4.29206764083404,0.00013592200048151426,0.08191776275634766,True
5695,6375,12.960218526046333,0.00013027500244788826,0.08193302154541016,True
5700,1448,11.738518588580398,0.00014069499957258813,0.08193302154541016,False
5701,4127,17.74669814069948,0.0003456939994066488,0.08196353912353516,True
5702,6347,7.11909479470112,0.00013357599891605787,0.08193302154541016,True
5703,3348,17.207271963689443,0.00013067400141153485,0.0819253921508789,False
5704,6230,22.878205891504177,0.00013232399942353368,0.08196353912353516,False
5706,2401,30.029792341123006,0.00014593299783882685,0.0820016860961914,False
5707,2641,27.788559675752154,0.000135015001433203,0.08197879791259766,True
5709,2659,41.31583721843432,0.00014831400039838627,0.0819864273071289,False
5710,2051,9.650975670189716,0.00015497300046263263,0.08193302154541016,True
5712,2051,10.817409940387062,0.00013141399904270656,0.08193302154541016,True
5713,2659,32.07556843173362,0.00019645999782369472,0.08197879791259766,False
5716,1938,53.41209824694931,0.00013693700020667166,0.0819559097290039,True
5718,2197,61.61103743810402,0.00013711499923374504,0.08199405670166016,True
5719,2077,58.8600632199728,0.00013583699910668656,0.0819864273071289,True
5720,2247,58.815013929652125,0.00014290000035543926,0.0819864273071289,True
5722,2051,24.10391242287176,0.00014759999976377003,0.0819864273071289,True
5726,2051,17.316443605260044,0.00013227899762568995,0.08196353912353516,True
5728,2659,25.067213447618254,0.00013382200268097222,0.0819711685180664,False
5729,2051,13.945458066721411,0.00013158400179236196,0.08193302154541016,True
5731,1938,17.926909988804073,0.00016377299834857695,0.0819559097290039,True
5732,2051,11.838343305323045,0.0001296539994655177,0.08194828033447266,True
5733,2051,15.034939773935253,0.0001460719977330882,0.0819559097290039,True
5734,2659,71.0159866713753,0.00013594600022770464,0.08199405670166016,False
5735,2218,16.706811853932475,0.00014519599790219218,0.0819711685180664,True
5738,1938,32.925194263629464,0.00013117699927533977,0.0819711685180664,True
5742,2228,50.86283790171503,0.00013598399891634472,0.0820016860961914,True
5743,1938,67.06302418659605,0.00014302300041890703,0.08197879791259766,True
5744,2659,62.13728351811982,0.0001370089994452428,0.0820016860961914,False
5746,2197,71.6116393657951,0.00013969599967822433,0.0820322036743164,True
5748,1928,49.40006338383276,0.00015260099826264195,0.0819711685180664,True
5750,2060,43.90073525412971,0.0001370030004181899,0.08193302154541016,True
5751,1939,33.229747723412935,0.0001466390021960251,0.0819864273071289,True
5754,2051,60.86464898376617,0.0001345370001217816,0.08197879791259766,True
5756,2020,64.11107927497582,0.00013119899813318625,0.0819406509399414,True
5757,2020,26.138930665303644,0.00013627299995278008,0.08193302154541016,True
5760,484,81.69564699912183,0.00014128100156085566,0.08202457427978516,True
5761,2060,8.967753449891472,0.00014564700177288614,0.0819406509399414,True
5762,2051,22.60959857792036,0.0001346099998045247,0.08197879791259766,True
5765,2060,45.316433154408685,0.00012974600031157024,0.08194828033447266,True
5767,5446,67.68669099606501,0.0001380989997414872,0.0820169448852539,False
5768,2060,4.018739160258385,0.000135247999423882,0.0819253921508789,True
5769,1974,22.72657263371273,0.00013121300071361475,0.0819559097290039,True
5770,2051,22.274423662081464,0.00016715799938538112,0.0819559097290039,True
5773,1964,70.9193749354861,0.00013987200145493262,0.08196353912353516,True
5774,1964,38.574469343727905,0.00015236000035656616,0.08197879791259766,True
5775,4416,41.64937898369833,0.00013451999984681606,0.08196353912353516,True
5776,1957,56.86879070973589,0.00014055300198378973,0.0820474624633789,True
5777,4416,70.70109022443692,0.00013263300206745043,0.08194828033447266,True
5779,4416,73.9108312423268,0.00013148899961379357,0.0819711685180664,True
5780,2051,12.291392984024094,0.0001325249977526255,0.08194828033447266,True
5781,2659,47.24072813986542,0.00014299300164566375,0.0820016860961914,False
5783,2051,17.82019778761088,0.0001331249986833427,0.08196353912353516,True
5791,1957,72.40986491276932,0.00013418600065051578,0.0819864273071289,True
5792,1928,76.39645438288959,0.00013365099948714487,0.0819559097290039,True
5793,2197,56.0673011508256,0.00013574300101026893,0.0819864273071289,True
5794,2659,35.95647919618394,0.00014333799845189787,0.0819864273071289,False
5796,1974,9.462143137859707,0.00013378799849306233,0.08194828033447266,True
5797,2060,12.817197087145418,0.00015016399993328378,0.08194828033447266,True
5798,2218,20.352215583274024,0.00013509700147551484,0.0819864273071289,True
5799,2659,58.11114515005401,0.00013528700219467282,0.0819864273071289,False
5801,2659,34.12021045116171,0.00013884799773222767,0.0819864273071289,False
5802,2051,11.41533945225664,0.00014508199819829315,0.0819406509399414,True
5804,1939,6.327895461073371,0.00013744299940299243,0.08193302154541016,True
5807,2197,64.74195934757351,0.00014063300113775767,0.08199405670166016,True
5810,1964,56.6042111844598,0.00013796400162391365,0.0819559097290039,True
5811,2020,68.29188014758326,0.0001299600007769186,0.08193302154541016,True
5812,2247,59.449132295853495,0.0001360080023005139,0.0820016860961914,True
5813,2197,41.0165817721934,0.00015111600077943876,0.0820322036743164,True
5814,1928,59.38739303107598,0.0001457210018998012,0.0820779800415039,True
5815,8345,50.27976849511141,0.00012777699885191396,0.08193302154541016,False
5818,452,30.45956423457275,0.00013249599942355417,0.0819406509399414,True
5819,5705,53.840229904762325,0.00015266199989127927,0.0819711685180664,False
5821,4064,47.48490944605262,0.00014056600048206747,0.0820169448852539,True
5822,1559,52.17396897591898,0.00012956399950780906,0.0819253921508789,False
5823,455,35.80891568320514,0.0001375579995510634,0.08194828033447266,True
5824,293,47.08044050373402,0.0001396830011799466,0.08197879791259766,True
5826,474,32.08372759345631,0.00013196700092521496,0.0819559097290039,True
5828,232,34.28625108001691,0.000132539000333054,0.0819711685180664,True
5830,244,33.63920111503533,0.00013237999883131124,0.0819559097290039,True
5831,330,47.360919412270235,0.00014800800272496417,0.0819864273071289,True
5833,352,33.03279971281221,0.00013760299771092832,0.0819406509399414,True
5834,293,33.576109468322244,0.0001857249990280252,0.0819559097290039,True
5835,383,31.86163095761807,0.0001322860007348936,0.08193302154541016,True
5836,468,35.76858430691234,0.0001330839986621868,0.0819559097290039,True
5837,243,39.79984244763519,0.0001515930016466882,0.08197879791259766,True
5840,323,32.25847570454138,0.00013328999921213835,0.08196353912353516,True
5841,307,39.51233314605776,0.00013188400043873116,0.0819406509399414,True
5843,8337,27.167808009730237,0.00013106799815432169,0.08194828033447266,False
5846,236,32.366474545968735,0.00013729200145462528,0.0819559097290039,True
5848,261,31.685449535532886,0.0001338539987045806,0.0819559097290039,True
5850,236,45.46851761249293,0.0001418169995304197,0.08197879791259766,True
5851,8337,36.216736892737615,0.00012875399988843128,0.08194828033447266,False
5854,8337,27.05477280929194,0.00013057499745627865,0.0819406509399414,False
5855,8337,18.55000363821946,0.00013200100147514604,0.08193302154541016,False
5860,8337,19.874938777275375,0.00013200100147514604,0.0819406509399414,False
5861,8337,34.74012359611287,0.00013102000229991972,0.0819559097290039,False
5862,8337,32.3940613158406,0.00014337399989017285,0.08194828033447266,False
5871,8337,32.04066662451446,0.00013260299965622835,0.08193302154541016,False
5872,8337,34.493217798162334,0.00013079800191917457,0.08194828033447266,False
5873,8337,20.948770726052473,0.000131429002067307,0.0819406509399414,False
5874,8337,26.675647492225814,0.0001304560028074775,0.0819406509399414,False
5877,8337,27.955717953551506,0.00013268399925436825,0.08194828033447266,False
5878,236,33.84919646695016,0.00013370099986786954,0.08196353912353516,True
5879,8337,36.4744960932605,0.0001324479999311734,0.08194828033447266,False
5882,8337,20.908195156896454,0.00013193300037528388,0.0819406509399414,False
5883,208,31.636377109324606,0.0001370880017930176,0.0819559097290039,True
5884,233,38.60849289520485,0.00013650100299855694,0.0819711685180664,True
5886,8337,16.652967588255667,0.00013225599832367152,0.0819406509399414,False
5889,8337,27.37348195064735,0.0001369399979012087,0.0819406509399414,False
5894,291,29.574322586494706,0.00013154999760445207,0.08194828033447266,True
5895,339,25.519165472188448,0.00013123100143275224,0.08194828033447266,True
5898,309,34.052946153383374,0.000140128999191802,0.08193302154541016,True
5900,352,41.06830211643294,0.00013667399980477057,0.0819559097290039,True
5901,323,34.401039070840625,0.00013076899995212443,0.0819559097290039,True
5904,309,34.83212130493937,0.00013098000272293575,0.0819406509399414,True
5909,394,33.52326122715165,0.00014115999874775298,0.08194828033447266,True
5912,4494,36.8614920366982,0.000130817003082484,0.0819406509399414,True
5913,484,38.20330501481596,0.00013330799993127584,0.0819711685180664,True
5914,4503,34.12397809000084,0.00014389700299943797,0.08194828033447266,True
5915,4503,38.431544130103994,0.00013505700189853087,0.0819559097290039,True
5919,293,26.84851041329715,0.0002026309994107578,0.0819406509399414,True
5920,291,36.89264740361187,0.00014542500139214098,0.0819559097290039,True
5922,318,32.0532234851707,0.00013374199988902546,0.0819406509399414,True
5924,318,24.1156671036033,0.00012986200090381317,0.0819406509399414,True
5925,498,39.3169772461207,0.00013292599760461599,0.0819559097290039,True
5927,291,35.61832429176447,0.00013106899859849364,0.08193302154541016,True
5929,394,29.75658473186011,0.0001299860014114529,0.08194828033447266,True
5930,352,28.384583179707455,0.0001327760001004208,0.0819559097290039,True
5931,307,37.305198941608985,0.00013844600107404403,0.08194828033447266,True
5933,293,35.23192629401009,0.0001307519996771589,0.0819711685180664,True
5934,291,38.08104877474436,0.00013194699931773357,0.08194828033447266,True
5939,244,24.12886174693733,0.00013277900143293664,0.0819253921508789,True
5942,455,34.25740846912891,0.00013231699995230883,0.0819559097290039,True
5943,293,31.83860986010563,0.0001294859976042062,0.0819406509399414,True
5946,323,31.585976067578855,0.00013880099868401885,0.08196353912353516,True
5950,309,34.502048607651645,0.00013549099821830168,0.0819559097290039,True
5957,455,21.725634154632242,0.00013227700037532486,0.08194828033447266,True
5958,244,35.77322559422137,0.0001369579986203462,0.08197879791259766,True
5960,243,47.82497884345967,0.00013569300062954426,0.0819711685180664,True
5961,5446,53.91005805902856,0.00014923400158295408,0.0820016860961914,False
5965,244,38.540345535734254,0.00013561000014306046,0.08196353912353516,True
5967,243,33.01215137091673,0.00013457100067171268,0.08196353912353516,True
5968,261,32.61565343522625,0.00013223699716036208,0.08194828033447266,True
5969,352,30.89219411944931,0.00013002000196138397,0.0819406509399414,True
5970,455,28.444360126595793,0.00014736600132891908,0.0819559097290039,True
5971,309,37.477592384202495,0.00013168100122129545,0.08194828033447266,True
5972,291,40.385817672859474,0.00014071699843043461,0.0819559097290039,True
5974,3406,21.228238010061204,0.00013020999904256314,0.0819253921508789,True
5975,5619,12.001498815932019,0.0001347700017504394,0.0819559097290039,False
5976,78,9.260456006017552,0.0001506020016677212,0.08193302154541016,True
5977,8337,13.81287360357051,0.0002622499996505212,0.0819406509399414,False
5979,78,10.360029679558945,0.00015306899877032265,0.08194828033447266,True
5980,8337,5.918367287022619,0.00013847299851477146,0.0819253921508789,False
5981,8337,2.0,0.00013001200204598717,0.0819253921508789,False
5982,5908,13.778395001520675,0.00013675499940291047,0.0819253921508789,True
5984,8337,11.795497504729038,0.00012713499745586887,0.08193302154541016,False
5988,1466,10.339052330836708,0.0001424429974576924,0.08193302154541016,False
5989,3406,27.375272590777993,0.00014177299817674793,0.08196353912353516,True
5992,7662,11.710534638449074,0.00014847800048300996,0.08191776275634766,False
5993,7662,10.909961611209862,0.00014684100096928887,0.08193302154541016,False
5995,1466,16.625332888182445,0.00014262799959396943,0.08194828033447266,False
5996,8337,2.0,0.00013240900079836138,0.0819253921508789,False
5997,1466,15.32171280914311,0.00013203799971961416,0.0819559097290039,False
6005,7662,9.542442928710866,0.0001284099998883903,0.0819253921508789,False
6009,1466,17.84058123579167,0.0001523930004623253,0.08194828033447266,False
6011,8337,2.041675761084499,0.00012780099859810434,0.0819253921508789,False
6012,3457,17.555286863807083,0.00013352099995245226,0.08196353912353516,True
6015,78,14.129725205161312,0.00013260700143291615,0.08194828033447266,True
6016,1297,41.352785519198704,0.00018148800154449418,0.08193302154541016,False
6017,5915,1.9893690571616012,0.0001387369993608445,0.08191776275634766,True
6019,5908,7.115888537044573,0.00013249800031189807,0.08193302154541016,True
6021,8034,30.048625594148994,0.00013460900299833156,0.08196353912353516,False
6022,8337,7.918805978790919,0.0001370840000163298,0.08193302154541016,False
6024,8337,7.963489454932286,0.00013186800060793757,0.08193302154541016,False
6025,3724,6.799123346480134,0.000167729001987027,0.08193302154541016,False
6026,4325,31.564509472507638,0.00013456699889502488,0.08197879791259766,False
6029,5908,12.567256889881607,0.00013898099859943613,0.08191776275634766,True
6034,3406,36.67877183710305,0.0001389499993820209,0.0819711685180664,True
6036,8158,25.44160674035815,0.0001395190010953229,0.0819711685180664,False
6037,4325,25.880617118378552,0.0001356839966319967,0.0819711685180664,False
6038,5908,5.262431721221996,0.00014582199946744367,0.0819253921508789,True
6044,1466,18.36423195673393,0.00013111599764670245,0.0819559097290039,False
6047,1466,9.685501621745908,0.00012790799883077852,0.08193302154541016,False
6049,8337,7.963489454932286,0.00012953700206708163,0.08193302154541016,False
6050,3436,20.046667627162986,0.00013806300194119103,0.0819406509399414,True
6052,8337,13.760258148185066,0.00013661900084116496,0.0819406509399414,False
6053,7662,15.483138400378671,0.00016054700245149434,0.0819406509399414,False
6056,3724,17.84134746548454,0.00013530800060834736,0.08197879791259766,False
6057,8337,2.041675761084499,0.0001350270031252876,0.0819253921508789,False
6059,8337,13.795936196497337,0.00012799999967683107,0.0819406509399414,False
6061,3392,7.770154957953457,0.00013204000060795806,0.0819406509399414,True
6067,8337,11.758539377446137,0.00013401700198301114,0.08193302154541016,False
6068,8337,7.918805978790919,0.00013092999870423228,0.08193302154541016,False
6069,8337,7.918805978790919,0.00012983600026927888,0.08193302154541016,False
6070,8886,6.003978548486636,0.0001292890010518022,0.0819253921508789,False
6075,8337,5.918367287022617,0.0001275629983865656,0.0819253921508789,False
6077,7662,18.15288539245767,0.00013505199967767112,0.08196353912353516,False
6078,8337,19.673066414203735,0.0001531550005893223,0.08194828033447266,False
6080,7662,18.679885127584125,0.00013263000073493458,0.08196353912353516,False
6082,5915,25.250840564818684,0.00013652499910676852,0.08191776275634766,True
6083,8337,11.809083301399415,0.00014102099885349162,0.08193302154541016,False
6084,4087,30.650896847312463,0.00012929999866173603,0.0819406509399414,False
6085,8337,7.9634894549322865,0.00012815599984605797,0.08193302154541016,False
6086,8337,7.963489454932287,0.00013454999862005934,0.08193302154541016,False
6087,99,11.09619278709451,0.00013010499969823286,0.0819406509399414,True
6088,8337,5.918367287022617,0.0001291879998461809,0.0819253921508789,False
6091,8337,2.0,0.00012783599959220737,0.0819253921508789,False
6092,57,12.237727344638936,0.0001498019992141053,0.08194828033447266,True
6095,8337,13.795936196497333,0.00014232499961508438,0.0819406509399414,False
6098,8337,2.0,0.00012791400149581023,0.0819253921508789,False
6104,166,15.550410577006057,0.0001309610015596263,0.0819406509399414,True
6105,8337,5.918367287022617,0.0001282720004383009,0.0819253921508789,False
6106,8337,5.918367287022617,0.00014611699953093193,0.0819253921508789,False
6107,4621,20.22165652825586,0.00014219199874787591,0.08194828033447266,False
6108,8337,5.918367287022617,0.00014239699885365553,0.0819253921508789,False
6109,8337,11.795497504729038,0.00012692199743469246,0.08193302154541016,False
6111,8337,11.795497504729038,0.00013739000132773072,0.08193302154541016,False
6112,8337,5.918367287022619,0.0001265319988306146,0.0819253921508789,False
6116,78,29.59223982787343,0.0001350089987681713,0.0819559097290039,True
6120,8886,21.61870660713244,0.00016710600175429136,0.08193302154541016,False
6121,5915,1.6080481565985894,0.00012782900012098253,0.08191776275634766,True
6123,8337,2.0,0.00014173300223774277,0.0819253921508789,False
6124,6347,15.297219731956087,0.00014686099893879145,0.0819406509399414,False
6127,8337,5.918367287022619,0.00012860700007877313,0.0819253921508789,False
6128,8337,5.918367287022617,0.00012927799980388954,0.0819253921508789,False
6129,99,12.773031420127074,0.00013530000069295056,0.0819406509399414,True
6130,8337,11.758539377446137,0.0001299539981118869,0.08193302154541016,False
6131,8337,17.590234571942922,0.0001440250016457867,0.0819406509399414,False
6132,8337,5.918367287022617,0.00012907600103062578,0.0819253921508789,False
6133,5740,13.881705352403282,0.00019986700135632418,0.0819406509399414,True
6138,8772,46.697886234812024,0.00013085899990983307,0.0819406509399414,False
6139,6722,22.089182849697085,0.00013098999988869764,0.0819406509399414,True
6140,6153,35.78595990733312,0.00013751200094702654,0.08197879791259766,False
6144,8337,7.918805978790918,0.00014029199883225374,0.08193302154541016,False
6145,7929,15.957003759851942,0.00013533899982576258,0.0819559097290039,False
6146,18,11.949939329904751,0.0001338600013696123,0.08202457427978516,True
6147,4751,28.39074628499469,0.0001337530011369381,0.0819559097290039,False
6148,8337,5.961770684193322,0.0001312220010731835,0.0819253921508789,False
6154,8337,17.527896678474114,0.00013018000026931986,0.0819406509399414,False
6158,1297,73.69698999189043,0.00013125899931765161,0.08194828033447266,False
6161,8337,11.758539377446137,0.00013025400039623491,0.08193302154541016,False
6162,78,11.844342467406772,0.00013280400162329897,0.08194828033447266,True
6163,5908,22.21773309138929,0.00012664000314543955,0.08193302154541016,True
6164,8337,7.9634894549322865,0.0001319879993388895,0.08193302154541016,False
6165,8337,11.809083301399404,0.0001309709987253882,0.08193302154541016,False
6168,5908,20.67120858414771,0.000366086998838,0.08193302154541016,True
6169,1297,95.03932281243526,0.00013049400149611756,0.0819406509399414,False
6170,4632,12.654168118768863,0.00012809300096705556,0.0819253921508789,False
6171,8337,11.795497504729036,0.00012917899948661216,0.08193302154541016,False
6173,8337,2.0,0.00013007399684283882,0.0819253921508789,False
6174,8276,38.364049785065475,0.00013626999862026423,0.0819711685180664,False
6176,7662,19.71404790416385,0.000144473000545986,0.0819711685180664,False
6177,5848,18.290373510780654,0.00015598100071656518,0.0819406509399414,True
6179,8337,11.79549750472901,0.00013566499910666607,0.08193302154541016,False
6181,5801,12.238312352776223,0.00012930000229971483,0.0819406509399414,True
6183,8337,7.918805978790918,0.0001420640001015272,0.08193302154541016,False
6187,8886,25.66649820824078,0.00013572199895861559,0.08191776275634766,False
6188,3278,13.762971162974914,0.00013179899906390347,0.0819253921508789,False
6191,8337,5.918367287022619,0.0001393530001223553,0.0819253921508789,False
6201,8337,11.795497504729038,0.0001295729998673778,0.08193302154541016,False
6202,8337,5.918367287022619,0.00012792699999408796,0.0819253921508789,False
6204,8337,7.91880597879092,0.00012917699859826826,0.08193302154541016,False
6205,8337,5.918367287022619,0.00012645800234167837,0.0819253921508789,False
6206,8337,5.918367287022619,0.00012789799802703783,0.0819253921508789,False
6207,8337,13.760258148185098,0.00013007600136916153,0.0819406509399414,False
6208,8337,7.918805978790918,0.0001272449990210589,0.08193302154541016,False
6209,8337,5.918367287022617,0.00012987999798497185,0.0819253921508789,False
6211,8337,7.918805978790919,0.00013994999972055666,0.08193302154541016,False
6215,8337,11.758539377446137,0.0001284749996557366,0.08193302154541016,False
6216,8337,7.918805978790918,0.00013744299940299243,0.08193302154541016,False
6217,8337,11.758539377446139,0.0001315340014116373,0.08193302154541016,False
6218,8337,7.963489454932285,0.000129564999951981,0.08193302154541016,False
6220,8337,5.918367287022617,0.00012740199963445775,0.0819253921508789,False
6222,1297,58.34617685090765,0.00017311199917457998,0.0819711685180664,False
6225,8337,5.918367287022619,0.00012792800043825991,0.0819253921508789,False
6226,3392,13.525066814577398,0.0001320670016866643,0.0819406509399414,True
6228,8337,7.91880597879092,0.000139667001349153,0.08193302154541016,False
6229,3406,18.033773956226725,0.0001327619975199923,0.08193302154541016,True
6232,7809,6.125670401137014,0.00012805699952878058,0.08191776275634766,False
6234,8337,2.0,0.0001313559987465851,0.0819253921508789,False
6235,8886,18.01787357888273,0.0001408360003551934,0.08193302154541016,False
6236,5915,2.0507555238048605,0.00012753900227835402,0.08191776275634766,True
6240,8337,7.918805978790918,0.00013409799794317223,0.08193302154541016,False
6243,3406,15.773911468255422,0.0001340119997621514,0.0819253921508789,True
6244,8337,5.918367287022617,0.00013750200014328584,0.0819253921508789,False
6248,1297,25.017587129004124,0.0001455649980925955,0.0819406509399414,False
6250,55,16.139791016440384,0.00012977000005776063,0.0819406509399414,True
6252,5908,11.282137324863166,0.0001311430023633875,0.08193302154541016,True
6254,8337,5.918367287022617,0.00013423400014289655,0.0819253921508789,False
6259,8337,5.918367287022619,0.0001285840007767547,0.0819253921508789,False
6262,78,29.999359052106847,0.0001320409974141512,0.0819559097290039,True
6263,3406,21.969604732790284,0.00013155800115782768,0.08193302154541016,True
6265,8337,11.758539377446137,0.00013736400069319643,0.08193302154541016,False
6266,8886,12.831577986756486,0.0001328979997197166,0.0819253921508789,False
6271,5449,2.286458517673285,0.00012684000103035942,0.0819253921508789,True
6272,8778,6.5448575081453075,0.00013737900007981807,0.0819253921508789,True
6273,3348,11.009310089782362,0.00014341499991132878,0.08193302154541016,False
6274,5449,8.286639629380348,0.00013304299864103086,0.08194828033447266,True
6277,3348,12.95075280457379,0.00013281800056574866,0.0819406509399414,False
6279,694,21.40623117113693,0.00014792000001762062,0.08196353912353516,False
6280,5449,4.286518888242306,0.00012834799781558104,0.08193302154541016,True
6283,6407,11.162011786535608,0.00012985400098841637,0.08193302154541016,True
6284,3348,12.950752804573796,0.00013371500244829804,0.0819406509399414,False
6286,6457,9.60439266613935,0.0001372539991280064,0.08193302154541016,True
6288,6457,9.60439266613935,0.00012854099986725487,0.08193302154541016,True
6289,8772,19.201548644216906,0.00014411400115932338,0.0819406509399414,True
6290,6407,8.795447480247322,0.00012928400246892124,0.0819253921508789,True
6291,3521,8.0,0.00013887800014344975,0.08194828033447266,False
6292,6535,24.73785726588731,0.00019035600053030066,0.0819559097290039,False
6293,1559,57.071398917738435,0.0001355740023427643,0.0819864273071289,False
6295,3348,12.950752804573796,0.0001299520008615218,0.0819406509399414,False
6296,6457,11.604404537058329,0.00013075799870421179,0.0819406509399414,True
6297,3521,6.0,0.00013177399887354113,0.0819406509399414,False
6298,3353,10.575123825831554,0.00013432700143312104,0.0819559097290039,False
6301,5734,40.27591863498585,0.00014423899847315624,0.08199405670166016,False
6304,6297,22.98164511636876,0.00014115999874775298,0.08197879791259766,False
6308,6457,11.604404537058329,0.00012877599874627776,0.0819406509399414,True
6311,8778,0.0,0.00013924399900133722,0.08191776275634766,True
6312,8772,6.559536982218113,0.00012636400060728192,0.08191776275634766,True
6314,5860,47.5707495139024,0.00016152399985003285,0.0820016860961914,False
6316,8778,2.0,0.0001300430012634024,0.0819253921508789,True
6317,1466,31.942387993242626,0.00015063899991218932,0.0819559097290039,False
6318,3353,12.575293976724312,0.00014669899974251166,0.08196353912353516,False
6320,8778,4.0,0.00013086299804854207,0.08193302154541016,True
6321,3353,10.575123825831554,0.0001326750025327783,0.0819559097290039,False
6323,6413,56.99355934939256,0.00014859599832561798,0.0820169448852539,True
6324,3353,8.574953674938797,0.00012957400031154975,0.08194828033447266,False
6325,1521,30.534814791102896,0.0001411159973940812,0.0819253921508789,False
6327,8778,0.0,0.00013142600073479116,0.08191776275634766,True
6328,5449,10.28669999994937,0.000138522002089303,0.0819559097290039,True
6329,3353,12.575293976724312,0.00013550999938161112,0.08196353912353516,False
6330,3353,12.575293976724312,0.00027405100263422355,0.08196353912353516,False
6331,3353,12.575293976724312,0.00013374799891607836,0.08196353912353516,False
6337,6535,15.669789240849534,0.00013037900134804659,0.08194828033447266,False
6338,3348,12.95075280457379,0.00013045299783698283,0.0819406509399414,False
6339,3353,8.574953674938797,0.00014155000098980963,0.08194828033447266,False
6340,8798,18.09408485575718,0.0001342289979220368,0.0819559097290039,False
6341,3353,12.575293976724296,0.00013278500045998953,0.08196353912353516,False
6342,867,4.0,0.00012808099927497096,0.08193302154541016,True
6343,6056,3.447149276583388,0.00015961299868649803,0.0819253921508789,True
6344,2522,25.11532687222532,0.00014721699699293822,0.08196353912353516,True
6345,6538,34.563484140078614,0.0001388099990435876,0.08200931549072266,True
6346,6650,58.68393524717479,0.00014553599976352416,0.08205509185791016,True
6347,2401,30.275219173235733,0.00013682600183528848,0.08200931549072266,False
6348,2482,18.942651989177797,0.00014417599959415384,0.0819559097290039,False
6350,6056,7.2134620138382335,0.00013053799921181053,0.0819406509399414,True
6353,6056,11.193444002824082,0.00014340000052470714,0.08194828033447266,True
6354,6056,21.345093780902197,0.000134374997287523,0.0819711685180664,True
6355,2428,41.68964064287714,0.00014993700096965767,0.08200931549072266,False
6356,6056,36.41183455949538,0.00013259499974083155,0.08194828033447266,True
6357,2421,37.44438202552645,0.00013439800022752024,0.0819864273071289,False
6364,3137,2.0,0.0007097259986039717,0.0819253921508789,True
6366,3145,9.253509557460074,0.00013100599971949123,0.08194828033447266,True
6368,5110,17.78345383538049,0.00013300800128490664,0.0819559097290039,False
6369,4092,12.578977127257419,0.0001278099989576731,0.0819253921508789,False
6370,5110,16.40064960095184,0.00013685800149687566,0.08196353912353516,False
6373,867,6.0,0.00013623999984702095,0.0819406509399414,False
6375,3196,8.733239105385675,0.00014231299792299978,0.08194828033447266,True
6376,753,36.18224477603167,0.00013925700113759376,0.08197879791259766,True
6380,3215,4.0,0.00013119099821778946,0.08193302154541016,True
6382,615,31.261345949207914,0.00013327200213097967,0.0819711685180664,True
6384,3137,3.8670931361829464,0.0001316499983659014,0.0819253921508789,True
6385,3137,4.0,0.00012870299906353466,0.08193302154541016,True
6386,6229,17.51251684812176,0.00013317200136953034,0.0819711685180664,False
6390,8103,20.18191382867455,0.00014531900160363875,0.0819711685180664,True
6391,5177,16.386910017723743,0.0001312669992330484,0.08196353912353516,False
6392,768,20.02911753584783,0.00014720499893883243,0.08197879791259766,True
6396,6793,19.155572496611153,0.00013528300041798502,0.08194828033447266,True
6397,688,0.0,0.00013316999684320763,0.08191776275634766,True
6398,3215,2.0,0.00012781500117853284,0.0819253921508789,True
6399,3027,7.429101036583883,0.00012777200026903301,0.0819406509399414,False
6401,3125,17.521073950419574,0.00013170100282877684,0.08194828033447266,True
6402,3215,11.465938986439424,0.00012953400073456578,0.0819253921508789,True
6404,1447,17.128535052685315,0.0001372420010739006,0.08193302154541016,False
6407,3137,4.0,0.0001288050007133279,0.08193302154541016,True
6408,6181,46.572011092776066,0.0001338259971817024,0.0819864273071289,False
6411,3137,4.0,0.00013797900101053528,0.08193302154541016,True
6412,3220,10.286237872346215,0.00013884700092603453,0.08194828033447266,True
6413,6793,15.188297088158743,0.0001450809977541212,0.0819711685180664,True
6414,8655,16.53347709315108,0.00013784900147584267,0.08197879791259766,False
6415,609,12.121060545510437,0.00013854200005880557,0.0819406509399414,True
6417,5124,14.657364929744162,0.00014011600069352426,0.08196353912353516,False
6418,3137,4.0,0.0002730170017457567,0.08193302154541016,True
6419,787,21.199518994554353,0.0001518399985798169,0.08197879791259766,True
6420,570,14.615730187929097,0.00013846900037606247,0.0819711685180664,True
6421,3137,4.0,0.00013956200200482272,0.08193302154541016,True
6423,8145,43.301675974038886,0.00013649499669554643,0.08197879791259766,True
6425,753,23.21433025304373,0.00013548400238505565,0.08196353912353516,True
6426,633,17.78144348695779,0.0001435189988114871,0.08197879791259766,True
6429,5110,14.613275801762681,0.00012941599925397895,0.08193302154541016,False
6430,787,30.925794298165755,0.00014473799819825217,0.0820016860961914,True
6431,632,20.450242786238984,0.00013549799768952653,0.08197879791259766,True
6433,3125,16.87797826018704,0.0001351589999103453,0.08196353912353516,True
6435,609,39.429001184853156,0.00013875700096832588,0.0820016860961914,True
6436,5330,25.119300821078465,0.0001321420022577513,0.08196353912353516,False
6442,6937,7.567765944134502,0.0001391929981764406,0.08193302154541016,True
6445,6937,5.234914747126442,0.00014049400124349631,0.0819253921508789,True
6446,6440,5.8600899148610415,0.000145650003105402,0.08193302154541016,False
6449,1448,4.062072904094711,0.00013080100325169042,0.0819253921508789,True
6450,6937,6.464762028188621,0.00013342500096769072,0.08193302154541016,True
6451,688,0.9384293929962985,0.00014101700071478263,0.08191776275634766,False
6453,8226,0.9516630576370585,0.00014048499724594876,0.08191776275634766,False
6454,6472,2.302132397060892,0.0001368890007142909,0.0819253921508789,False
6455,8739,6.0,0.00012962600158061832,0.0819406509399414,False
6457,6440,4.374592462054096,0.00013231300181359984,0.08193302154541016,False
6459,6457,10.710640435171173,0.00013204599963501096,0.0819559097290039,False
6461,6472,2.468253180899208,0.0001298019997193478,0.0819253921508789,False
6462,6472,4.594448451710673,0.00014635900151915848,0.08193302154541016,False
6465,4624,10.820929956330152,0.00013265200323075987,0.08193302154541016,True
6466,4177,8.023336927922394,0.00013270099952933379,0.08193302154541016,False
6468,6402,5.067981655999333,0.00014342199938255362,0.0819253921508789,False
6469,994,3.31318159384766,0.0001440740015823394,0.08191776275634766,False
6470,1447,7.119654990028563,0.0001319029979640618,0.0819406509399414,True
6471,7034,8.486548615786772,0.0001312949971179478,0.0819406509399414,True
6473,5602,6.221596024826832,0.00012808899919036776,0.08191776275634766,False
6474,6937,7.254870735659053,0.00013278500045998953,0.08193302154541016,True
6477,3457,21.933115167139658,0.0001406640003551729,0.08193302154541016,False
6480,6315,16.346006606779017,0.00013649299944518134,0.0819711685180664,False
6485,6338,4.858212591253277,0.0001302659984503407,0.08193302154541016,False
6487,6171,12.141151712160784,0.00013059299817541614,0.08193302154541016,True
6489,6402,2.278197317158657,0.00012966899885213934,0.0819253921508789,False
6490,3145,14.294920798971,0.00014181600272422656,0.0819559097290039,False
6491,1447,1.054304388599138,0.00012770800094585866,0.08191776275634766,True
6493,2820,0.9751181411079219,0.00014225999984773807,0.08191776275634766,False
6495,7034,13.322679190810058,0.00013938399933977053,0.0819559097290039,True
6496,6402,2.6269676295864146,0.00013081200086162426,0.0819253921508789,False
6497,6286,1.531820497473114,0.00014234099944587797,0.08191776275634766,True
6498,6937,6.458599152774275,0.00013675599984708242,0.0819406509399414,True
6502,8386,25.61391259024395,0.00013445900185615756,0.08194828033447266,True
6504,6020,8.499137943626476,0.00013132799722370692,0.0819253921508789,True
6505,2522,32.257589391892616,0.00013304200183483772,0.08194828033447266,True
6506,2020,48.27684562588666,0.0001267000006919261,0.08191776275634766,False
6507,6056,27.214536733662325,0.00014686100257677026,0.08194828033447266,True
6508,6069,27.732198364050877,0.00013171899990993552,0.0819253921508789,True
6509,8158,26.772954268477722,0.00013357700299820863,0.0819864273071289,True
6510,8449,46.82039519193567,0.00014583300071535632,0.0819864273071289,True
6512,5725,39.863496614243594,0.0001472550029575359,0.08196353912353516,False
6513,8739,56.89019957247089,0.00012747100117849186,0.08193302154541016,False
6515,7879,23.87400897613071,0.00013413000124273822,0.0819711685180664,True
6516,8055,46.09284451785932,0.00013700700219487771,0.0819864273071289,False
6519,7879,29.72821727381103,0.0001474900018365588,0.08202457427978516,True
6523,6558,29.281865965274918,0.00013738399866269901,0.08200931549072266,True
6524,2899,31.641666210245788,0.00015256100232363679,0.0820169448852539,True
6525,7879,27.51891596272196,0.00013760100046056323,0.0819864273071289,True
6527,4325,32.222121471216894,0.00013743499948759563,0.08200931549072266,True
6529,2641,23.323034755164567,0.00013852100164513104,0.08193302154541016,True
6530,2513,60.68155616614753,0.00013783600297756493,0.08197879791259766,True
6532,6069,26.95087405478198,0.00013274500088300556,0.08194828033447266,True
6537,2659,33.6277967267769,0.00013226699957158417,0.0819711685180664,True
6544,2564,73.07767262958578,0.00014226100029191002,0.0819864273071289,True
6548,8293,26.553020999374983,0.00015088900181581266,0.08197879791259766,True
6557,2780,40.77255593586893,0.00014390100113814697,0.08202457427978516,True
6558,2780,50.66484582774597,0.0001750840019667521,0.0820016860961914,True
6560,6020,14.988056552580842,0.00012690700168604963,0.08191776275634766,True
6561,5375,31.712732323932418,0.00013528600175050087,0.08196353912353516,False
6562,7152,58.13166089585035,0.00013333000242710114,0.0819711685180664,True
6564,8386,13.492973304686492,0.00013066600149613805,0.08193302154541016,True
6565,4853,29.66252867954463,0.00012912999955005944,0.0819406509399414,True
6566,2770,56.475997190069876,0.0001377119988319464,0.0819253921508789,True
6567,6582,42.27466978067264,0.00014808400010224432,0.08200931549072266,True
6568,4249,41.23080024376696,0.00014601200018660165,0.08196353912353516,False
6571,2556,32.366107720228335,0.0001313560023845639,0.08194828033447266,True
6572,4934,31.723411206617403,0.00013239600230008364,0.08194828033447266,True
6576,3568,54.96369520651523,0.0001322719981544651,0.08194828033447266,True
6579,7902,51.44790234592461,0.0001540949997433927,0.08203983306884766,True
6581,3568,36.83157248865419,0.0001305090008827392,0.08196353912353516,True
6582,4331,32.81475209772799,0.00012962599794263951,0.0819406509399414,True
6586,8817,64.73127825275037,0.00013514799866243266,0.0819864273071289,True
6588,1314,46.710357227947725,0.00014632600141339935,0.08197879791259766,True
6589,1362,57.83285655565092,0.00012877900007879362,0.08193302154541016,True
6590,2963,25.987061127039002,0.00014824000027147122,0.08194828033447266,True
6591,1126,60.900429373185744,0.00013559700164478272,0.0819864273071289,True
6594,3554,29.512422484977183,0.00012873900050180964,0.08194828033447266,True
6598,7794,64.21332071269981,0.00013459299952955917,0.08202457427978516,False
6599,6305,58.58761393652639,0.00012919900109409355,0.0819406509399414,False
6602,6597,42.087561133197816,0.0001324520017078612,0.0819406509399414,True
6603,3723,46.94522856767588,0.00013377199866226874,0.08194828033447266,True
6604,1559,17.313778288547606,0.00013820100139128044,0.0819406509399414,True
6606,2572,57.70120087379781,0.0001397440028085839,0.08203983306884766,True
6607,6641,46.92347456229748,0.00015164599972194992,0.0819711685180664,True
6613,244,28.250528791495235,0.0001859379990492016,0.08194828033447266,True
6614,244,28.129126400467346,0.00013162899995222688,0.0819559097290039,True
6619,232,23.715155201061048,0.0001357829969492741,0.08194828033447266,True
6623,244,32.262297067693765,0.00013216899969847873,0.0819559097290039,True
6627,330,34.423772528421324,0.00013117799971951172,0.0819406509399414,True
6628,323,27.223581955861697,0.00013315599790075794,0.08196353912353516,True
6630,244,29.07714289331597,0.0001354550004180055,0.0819711685180664,True
6631,330,31.407953023658397,0.00013461100024869666,0.08194828033447266,True
6635,309,28.68808308855785,0.0001420480002707336,0.08194828033447266,True
6639,323,26.70753976264814,0.00013288099944475107,0.08196353912353516,True
6640,323,30.570261138935056,0.00013202699847170152,0.08196353912353516,True
6642,323,29.11199683667595,0.000130824999359902,0.0819559097290039,True
6646,243,21.100746656261894,0.0001312729982601013,0.08194828033447266,True
6652,244,24.954186904481634,0.00013853400014340878,0.08194828033447266,True
6653,244,29.746956114606064,0.00014915900101186708,0.08196353912353516,True
6654,244,39.1180711365108,0.00013467300232150592,0.08196353912353516,True
6655,243,28.672281378799564,0.00012957000217284076,0.08194828033447266,True
6656,244,23.400590811523536,0.00013201700130593963,0.0819406509399414,True
6659,244,24.224584421416587,0.0001370270001643803,0.08194828033447266,True
6661,244,28.364692859484517,0.00015172699932008982,0.0819711685180664,True
6662,323,36.805949509327235,0.00013914699957240373,0.08196353912353516,True
6663,309,35.763599172081754,0.00013621300240629353,0.08196353912353516,True
6664,323,30.338024690884726,0.00013953699817648157,0.0819559097290039,True
6665,244,31.99529137067865,0.00013263700020615943,0.0819559097290039,True
6666,323,32.57486748309522,0.00014279400056693703,0.08196353912353516,True
6668,323,31.362276559180092,0.00014386200200533494,0.08196353912353516,True
6669,330,33.40034244560433,0.000127275001432281,0.0819406509399414,True
6670,323,32.08181904294597,0.0001294170033361297,0.0819559097290039,True
6674,323,32.2355713929586,0.0001461829997424502,0.08196353912353516,True
6676,323,36.705730303569155,0.0001351570026599802,0.08196353912353516,True
6677,244,36.006667290824126,0.00014243799887481146,0.0819711685180664,True
6682,330,37.679247136043465,0.00014105199807090685,0.08196353912353516,True
6684,330,32.33861197116483,0.00013916000170866027,0.0819406509399414,True
6686,323,30.320645978221762,0.0001329060032730922,0.08196353912353516,True
6687,330,31.47622591618293,0.00013161999959265813,0.0819559097290039,True
6688,323,30.14054351018966,0.00013133399988873862,0.08196353912353516,True
6690,323,26.75262087506774,0.00013202500122133642,0.0819559097290039,True
6691,291,20.64508325698647,0.00013014899741392583,0.0819406509399414,True
6692,318,28.214533680658196,0.0001344679985777475,0.08194828033447266,True
6693,323,27.267726305114795,0.0001312810018134769,0.08196353912353516,True
6696,455,21.814316628697554,0.00014277599984779954,0.0819406509399414,True
6700,383,28.05235356652805,0.00013016500088269822,0.0819559097290039,True
6701,452,30.34795385449153,0.00013878900062991306,0.0819711685180664,True
6702,463,28.46879851269315,0.00013781400048173964,0.08194828033447266,True
6704,468,26.802790194416378,0.0002677829979802482,0.0819253921508789,True
6705,394,23.078445950196404,0.0001493399977334775,0.0819253921508789,True
6706,463,28.7719033023749,0.00013312599912751466,0.0819559097290039,True
6709,394,30.189122123267495,0.0001329139995505102,0.0819559097290039,True
6711,474,44.93448970490808,0.00013109700012137182,0.08194828033447266,True
6713,318,26.086113725298766,0.0001302029995713383,0.0819406509399414,True
6720,452,29.659733092456477,0.00014328700126498006,0.0819406509399414,True
6721,474,24.890771109585515,0.00013054800001555122,0.08194828033447266,True
6722,352,28.69935085126127,0.00014176699914969504,0.0819559097290039,True
6724,291,28.511735823535957,0.0001408829994034022,0.08193302154541016,True
6727,498,30.61729502546793,0.00013101600052323192,0.08194828033447266,True
6728,474,25.254411371402576,0.00012926199997309595,0.08194828033447266,True
6730,455,29.44574949693896,0.00013786099952994846,0.08194828033447266,True
6732,484,29.07555566499877,0.00015452399748028256,0.0819559097290039,True
6734,463,30.193470099381056,0.00013231499906396493,0.0819559097290039,True
6735,468,32.632503383988755,0.0001343609983450733,0.08194828033447266,True
6736,455,22.71770332204514,0.00014784700033487752,0.08194828033447266,True
6738,383,29.417527100068448,0.00012938800136907957,0.08194828033447266,True
6739,517,29.309617391348745,0.00013916399984736927,0.0819559097290039,True
6742,455,27.56107499324566,0.00017818100241129287,0.0819406509399414,True
6743,463,27.33374297898434,0.0005262060003587976,0.0819559097290039,True
6746,455,26.293260663905688,0.00013815100101055577,0.0819406509399414,True
6747,455,30.247612247603655,0.0001346140015812125,0.08197879791259766,True
6748,293,30.273198874669806,0.0001457819998904597,0.0819406509399414,True
6749,468,32.56973061807396,0.00013231399861979298,0.0819406509399414,True
6752,293,27.215604902701056,0.00013292700168676674,0.08194828033447266,True
6753,463,29.50341590521101,0.00013319299978320487,0.08196353912353516,True
6755,468,28.343050565408685,0.00015088099826243706,0.0819406509399414,True
6756,498,25.782148418654398,0.00014486700092675164,0.0819559097290039,True
6758,474,20.977164317886636,0.00012838400289183483,0.0819406509399414,True
6760,455,23.95556086669876,0.00013012099952902645,0.0819406509399414,True
6761,383,26.532954453165676,0.00015040600192151032,0.08194828033447266,True
6763,455,28.270257164765372,0.00013258499893709086,0.0819559097290039,True
6764,463,26.113645281101174,0.0001329340011579916,0.08196353912353516,True
6767,455,20.87766348748761,0.00013273299919092096,0.0819406509399414,True
6768,455,30.84002881335839,0.0001440960004401859,0.08196353912353516,True
6769,293,26.350739526108185,0.00012713700198219158,0.08193302154541016,True
6774,291,26.970171018935435,0.00012992899792152457,0.08194828033447266,True
6776,293,24.972495517009488,0.00012840299677918665,0.08193302154541016,True
6780,293,38.884112175149674,0.00013875000149710104,0.0819559097290039,True
6782,498,22.644818998971832,0.00013708099868381396,0.08193302154541016,True
6784,318,28.39738926474605,0.0001311390005866997,0.0819406509399414,True
6786,291,26.276535245915742,0.00014646400086348876,0.08194828033447266,True
6787,455,28.477883059131244,0.00014410299991141073,0.08194828033447266,True
6788,455,30.299466446194725,0.00013684800069313496,0.0819559097290039,True
6790,455,30.202082798695166,0.00013839800158166327,0.0819559097290039,True
6791,291,28.885318177329452,0.00013711900101043284,0.08193302154541016,True
6792,352,31.61626355578994,0.0001453849981771782,0.08194828033447266,True
6793,291,28.06690439152618,0.0001322819989582058,0.08193302154541016,True
6794,455,24.25634428136296,0.00015033700037747622,0.08194828033447266,True
6795,498,30.26472195421265,0.00013052000213065185,0.0819253921508789,True
6796,455,26.429694043999,0.00015677400006097741,0.0819559097290039,True
6802,4503,25.817478211335462,0.0001343039984931238,0.08194828033447266,True
6804,484,29.366395228815296,0.00013884000145480968,0.0819559097290039,True
6805,3049,66.77112674473426,0.00015872800213401206,0.0820016860961914,False
6806,457,33.49226927498997,0.0001699009990261402,0.0819711685180664,True
6809,6069,24.33399565951034,0.00013568299982580356,0.08194828033447266,False
6810,233,45.70334589367777,0.00013753899838775396,0.0819559097290039,True
6811,8337,32.71674012274449,0.00013047600077698007,0.08194828033447266,False
6812,8337,27.922950880045402,0.0001592720000189729,0.0819406509399414,False
6813,8337,29.996663568943443,0.00014411199663300067,0.0819406509399414,False
6814,8337,24.60365834278585,0.00013076699906378053,0.0819406509399414,False
6820,8337,31.186256574507556,0.0001310760017076973,0.0819406509399414,False
6822,3457,8.846970333823657,0.00013278500045998953,0.0819406509399414,False
6825,6347,1.0450120891361674,0.00012854700253228657,0.08191776275634766,True
6826,6476,8.149712965916473,0.00013255799785838462,0.0819406509399414,True
6828,7939,20.191498790524477,0.0001339150003332179,0.0819559097290039,True
6830,6722,4.359109232326139,0.00014580299830413423,0.08193302154541016,False
6836,1448,6.609265536034942,0.0001473339980293531,0.08193302154541016,False
6837,5805,15.448347436174727,0.0001527599997643847,0.0819406509399414,False
6838,7924,12.652530755216551,0.0001324989971180912,0.0819406509399414,True
6840,1521,15.675203945379613,0.00013935599781689234,0.08194828033447266,False
6841,5420,9.10319815928359,0.00013300800128490664,0.08191776275634766,True
6849,4177,1.9450623497933996,0.00012799400064977817,0.08191776275634766,True
6851,7739,12.073109552668033,0.0001346019998891279,0.0819406509399414,True
6852,6393,27.810500027950965,0.00014729499889654107,0.0819864273071289,True
6857,4642,9.71835927975307,0.00014521599950967357,0.0819406509399414,False
6859,6416,6.794538143458041,0.000128806997963693,0.08193302154541016,True
6866,7739,4.1424131669755875,0.00012976599828107283,0.0819253921508789,True
6870,860,2.790097946870262,0.00014772800204809755,0.08191776275634766,True
6871,5375,28.22240232571352,0.00016788599896244705,0.08197879791259766,True
6873,3724,22.68193795664674,0.0001318299982813187,0.08194828033447266,False
6875,4186,11.82116898324928,0.0001322050011367537,0.0819406509399414,True
6876,860,18.237835069858832,0.00013348900029086508,0.08193302154541016,True
6877,1043,34.27337284109959,0.00015304399857996032,0.0819864273071289,True
6878,3215,2.0,0.0001379289969918318,0.0819253921508789,False
6880,6375,5.439301036300767,0.00012828099715989083,0.0819253921508789,True
6881,7294,41.44263768418502,0.00018296100097359158,0.08203983306884766,False
6882,6558,15.280083611139588,0.00015234999955282547,0.0819559097290039,True
6883,2887,19.437956653961976,0.0001322919997619465,0.0819711685180664,True
6884,6558,8.0,0.00013315999967744574,0.08194828033447266,True
6889,2863,12.0,0.00013444700016407296,0.08196353912353516,True
6890,2887,14.0,0.00013691899948753417,0.0819711685180664,True
6898,6558,11.279574367100905,0.00012986399815417826,0.0819406509399414,True
6900,2863,20.0169490225791,0.00013317100092535838,0.0819559097290039,True
6903,2863,20.863608814306623,0.00016856200090842322,0.0819559097290039,True
6904,2887,12.0,0.00013965600010124035,0.08196353912353516,True
6907,2863,17.280338233158933,0.00013171600221539848,0.08196353912353516,True
6908,2863,10.0,0.00013081799988867715,0.0819559097290039,True
6909,6558,7.279065123062273,0.0001287080012843944,0.0819253921508789,True
6911,6558,6.0,0.00013958099953015335,0.0819406509399414,True
6912,6558,4.0,0.00014300900147645734,0.08193302154541016,True
6914,6558,4.0,0.0001291760017920751,0.08193302154541016,True
6915,7879,11.136849860705611,0.00013123099779477343,0.0819406509399414,True
6917,6558,4.0,0.00013443900024867617,0.08193302154541016,True
6919,6558,4.0,0.00013024500003666617,0.08193302154541016,True
6922,8739,15.603839568922028,0.000134599999000784,0.0819406509399414,False
6923,6558,6.0,0.0001351489991066046,0.0819406509399414,True
6924,7879,9.138027990601858,0.00013816000137012452,0.08193302154541016,True
6926,6558,4.0,0.00014372900113812648,0.08193302154541016,True
6927,6558,8.0,0.0001443049986846745,0.08194828033447266,True
6928,7879,9.138027990601858,0.00013039000259595923,0.08193302154541016,True
6931,7879,11.13684986070561,0.00013408800077741034,0.0819406509399414,True
6933,6558,6.0,0.00013323299936018884,0.0819406509399414,True
6936,7879,9.136595241239366,0.00013133399988873862,0.08193302154541016,True
6937,7879,13.137104480171848,0.00013681199925485998,0.08194828033447266,True
6938,7879,9.138027990601858,0.00012922799942316487,0.08193302154541016,True
6940,6558,4.0,0.00013113399836583994,0.08193302154541016,True
6942,6558,4.0,0.00013875999866286293,0.08193302154541016,True
6945,6558,4.0,0.00013109000065014698,0.08193302154541016,True
6946,6558,11.13684986070561,0.0001304520010307897,0.0819406509399414,True
6947,6558,6.0,0.00014002500029164366,0.0819406509399414,True
6951,6393,30.96163897992131,0.00013047999891568907,0.0819406509399414,False
6953,2863,13.279828989120263,0.00013113399836583994,0.08194828033447266,True
6954,6558,8.0,0.00013149100050213747,0.08194828033447266,True
6955,6558,0.0,0.0001373939994664397,0.08191776275634766,True
6959,6558,6.0,0.00012922500172862783,0.0819406509399414,True
6961,7879,9.13659524123937,0.00013056500029051676,0.08193302154541016,True
6964,6558,18.555555567669863,0.00013318999845068902,0.08194828033447266,True
6965,6558,6.0,0.00012900499859824777,0.0819406509399414,True
6967,6558,4.0,0.0002915939985541627,0.08193302154541016,True
6969,6558,4.0,0.00012869800048065372,0.08193302154541016,True
6971,7879,9.138027990601858,0.00012789599713869393,0.08193302154541016,True
6976,6558,4.0,0.00013141499948687851,0.08193302154541016,True
6978,7879,16.487944080958407,0.0001381170004606247,0.0819406509399414,True
6980,6558,4.0,0.00014124399967840873,0.08193302154541016,True
6981,6558,6.0,0.00012946000060765073,0.0819406509399414,True
6982,3729,36.44783455865815,0.0001321279996773228,0.0819406509399414,True
6983,2770,34.26298459468182,0.00013447499804897234,0.08193302154541016,True
6985,8832,15.286826335387783,0.00016885500008356757,0.08191776275634766,True
6987,6558,15.280083611139581,0.00013511900033336133,0.0819559097290039,True
6988,2863,15.280083611139604,0.0001361619979434181,0.0819559097290039,True
6990,6558,6.0,0.00012837500253226608,0.0819406509399414,True
6992,7879,6.0,0.00013427999874693342,0.0819406509399414,True
6996,6558,2.0,0.0001282800003536977,0.0819253921508789,True
6999,7879,4.0,0.00012816000162274577,0.08193302154541016,True
7002,6558,20.223283385805516,0.00013011500050197355,0.0819406509399414,True
7004,6558,6.0,0.00015372199777630158,0.0819406509399414,True
7006,6558,11.13684986070561,0.0001309649996983353,0.0819406509399414,True
7007,6558,6.0,0.00013002600098843686,0.0819406509399414,True
7011,6558,4.0,0.00013830000170855783,0.08193302154541016,True
7014,6558,6.0,0.00014329899931908585,0.0819406509399414,True
7015,6558,4.0,0.000147943999763811,0.08193302154541016,True
7016,7879,2.0,0.0001303750032093376,0.0819253921508789,True
7018,6558,11.13684986070561,0.0001333030013483949,0.0819406509399414,True
7019,2889,44.892400351614604,0.00013895099982619286,0.08199405670166016,True
7020,6558,6.0,0.00013311800285009667,0.0819406509399414,True
7024,7879,9.138027990601858,0.00013032000060775317,0.08193302154541016,True
7026,6558,4.0,0.00013115999900037423,0.08193302154541016,True
7027,7879,4.0,0.00013046800086158328,0.08193302154541016,True
7029,6558,11.13684986070561,0.00014564099910785444,0.0819406509399414,True
7030,6558,6.0,0.0001288700004806742,0.0819406509399414,True
7031,6558,4.0,0.00012891799997305498,0.08193302154541016,True
7032,7879,4.0,0.0001329139995505102,0.08193302154541016,True
7033,6558,4.0,0.0001301079973927699,0.08193302154541016,True
7037,7879,9.138027990601858,0.00013205599680077285,0.08193302154541016,True
7039,5595,28.645769312001253,0.0001329059996351134,0.0819253921508789,False
7041,6558,4.0,0.0001284039972233586,0.08193302154541016,True
7043,6558,4.0,0.00013781400048173964,0.08193302154541016,True
7044,7879,9.138027990601858,0.000129185998957837,0.08193302154541016,True
7047,6558,6.0,0.00013178600056562573,0.0819406509399414,True
7049,7879,4.0,0.00015012299991212785,0.08193302154541016,True
7050,6558,4.0,0.00012888899800600484,0.08193302154541016,True
7057,7879,4.0,0.00012829600018449128,0.08193302154541016,True
7058,6558,4.0,0.00013788999785901979,0.08193302154541016,True
7059,7879,9.138027990601858,0.0001295729998673778,0.08193302154541016,True
7061,6558,4.0,0.00012771399997291155,0.08193302154541016,True
7062,7879,4.0,0.00012828499893657863,0.08193302154541016,True
7063,6558,4.0,0.00013846499859937467,0.08193302154541016,True
7064,7879,9.138027990601858,0.0002705730003071949,0.08193302154541016,True
7066,6558,11.13684986070561,0.0001287179984501563,0.0819406509399414,True
7067,6558,8.0,0.00013070299974060617,0.08194828033447266,True
7068,6558,4.0,0.00014318700050353073,0.08193302154541016,True
7073,6558,11.13684986070561,0.0001288759995077271,0.0819406509399414,True
7075,6558,4.0,0.00013027499880990945,0.08193302154541016,True
7076,7879,9.138027990601858,0.0001375780011585448,0.08193302154541016,True
7077,6558,6.0,0.00013631700130645186,0.0819406509399414,True
7080,6558,6.0,0.00013659600153914653,0.0819406509399414,True
7081,6558,16.555555567669863,0.0001300510011787992,0.0819406509399414,True
7082,2863,14.0,0.0001335500019195024,0.0819711685180664,True
7085,6558,6.0,0.00013375400158111006,0.0819406509399414,True
7087,6558,4.0,0.0001284280006075278,0.08193302154541016,True
7088,7879,13.137104480171843,0.0001340000017080456,0.08194828033447266,True
7090,6558,4.0,0.00012877499830210581,0.08193302154541016,True
7098,4494,34.57655829870613,0.00013298799967742525,0.0819559097290039,True
7100,484,34.92257813177009,0.00013323900202522054,0.0819711685180664,True
7101,4505,49.99944713789398,0.0001350839993392583,0.0819559097290039,True
7102,7879,15.69037247138243,0.00013405000208877027,0.08193302154541016,False
7103,6558,31.55857438005103,0.00013349199798540212,0.0819559097290039,False
7107,4494,33.46697423804956,0.00013556300109485164,0.0819559097290039,True
7112,457,36.37114379031879,0.0001339110021945089,0.08196353912353516,True
7113,2887,29.830406871963635,0.00013402399781625718,0.0819711685180664,False
7114,991,52.45038447747187,0.00013106499682180583,0.08193302154541016,False
7117,8390,36.477775228106346,0.00013495300299837254,0.0819406509399414,False
7118,6558,30.412092047684016,0.000357050997990882,0.08194828033447266,False
7119,4505,26.125831873838347,0.00013263400251162238,0.08193302154541016,True
7121,4503,36.72582300213483,0.0001322229982179124,0.08194828033447266,True
7124,383,53.97416217940247,0.0001358420013275463,0.0819559097290039,True
7125,3212,48.37111175524937,0.00012912600141135044,0.0819406509399414,False
7127,484,57.78755328043982,0.00015312300092773512,0.08199405670166016,True
7128,455,56.73573842096648,0.00013251999916974455,0.08196353912353516,True
7130,4503,35.10876488938377,0.00014474699855782092,0.0819711685180664,True
7132,4482,32.31821886269337,0.0001876739988802001,0.08194828033447266,True
7133,4508,25.014881259730842,0.0001285580001422204,0.08193302154541016,True
7134,7879,27.240820866430198,0.0001288700004806742,0.08194828033447266,False
7136,4494,30.9111925294519,0.00013058900003670715,0.08194828033447266,True
7139,463,27.47400020101453,0.00016143300308613107,0.0819406509399414,True
7140,484,32.15127467468668,0.00013770900113740936,0.08196353912353516,True
7143,484,27.751427249581678,0.000136958002258325,0.08196353912353516,True
7146,484,30.870340437419348,0.00014586399993277155,0.08196353912353516,True
7147,7879,25.94038409497756,0.00013135300105204806,0.08194828033447266,False
7149,7738,47.6546556575096,0.00013405700155999511,0.0819711685180664,False
7150,498,45.31298229464209,0.0001333859981968999,0.0819559097290039,True
7151,7738,53.08574693619614,0.00013326300177141093,0.08197879791259766,False
7152,383,51.64734376461926,0.00013269699775264598,0.0819559097290039,True
7153,394,31.726650133347178,0.00013333700189832598,0.08196353912353516,True
7154,455,19.772272786673508,0.00012962099935975857,0.0819406509399414,True
7155,455,28.117344425887584,0.00012943200272275135,0.0819406509399414,True
7157,452,25.00564230440167,0.00013002000196138397,0.0819406509399414,True
7159,7704,62.18849936713565,0.00014395799735211767,0.0819711685180664,False
7161,463,40.37556363087677,0.00013407799997366965,0.08194828033447266,True
7162,517,32.21645952586845,0.000136085000121966,0.08194828033447266,True
7163,455,30.76853578773808,0.00013413100168691017,0.0819711685180664,True
7164,394,35.99576217414068,0.0001307620004808996,0.08194828033447266,True
7166,452,41.75603400964481,0.00014026999997440726,0.0819711685180664,True
7171,323,35.527781265125995,0.0001312220010731835,0.08196353912353516,True
7172,318,49.245796202296624,0.000138407001941232,0.0819559097290039,True
7177,474,43.18064479065915,0.0001378880006086547,0.08197879791259766,True
7178,463,37.94716190230245,0.00013165000200388022,0.08193302154541016,True
7180,5506,24.54358373608383,0.00013107799895806238,0.08193302154541016,False
7181,463,28.345871993440127,0.00015079000149853528,0.0819559097290039,True
7184,455,33.39814503767527,0.00013777800268144347,0.0819559097290039,True
7186,318,27.357355100445826,0.00012858700210927054,0.08194828033447266,True
7188,318,57.028873768888275,0.00013194100029068068,0.0819559097290039,True
7192,484,53.532139572008056,0.0001364980016660411,0.0819559097290039,True
7194,463,45.90451140863013,0.00013066600149613805,0.0819406509399414,True
7195,383,25.994100973579076,0.00012890400103060529,0.0819406509399414,True
7198,6558,59.2974263637946,0.0001455329984310083,0.0819559097290039,False
7200,463,37.926999442384364,0.00014768300025025383,0.08196353912353516,True
7201,468,48.234596429813514,0.00013066800238448195,0.08194828033447266,True
7203,463,26.506229196685947,0.00014689899762743153,0.08194828033447266,True
7208,293,41.98213439148546,0.00012841700299759395,0.08194828033447266,True
7210,4503,29.869512390458578,0.00013009800022700801,0.08193302154541016,True
7213,455,23.863920330006785,0.00013070799832348712,0.08194828033447266,True
7215,455,25.482555735579314,0.00012943399997311644,0.08193302154541016,True
7218,484,25.92066541671604,0.00013050000052317046,0.08194828033447266,True
7219,6558,15.862642152351821,0.00013775700062979013,0.08193302154541016,False
7220,6558,28.93835492311948,0.00013480499910656363,0.0819711685180664,False
7224,5449,41.015971619835376,0.00012970399984624237,0.0819253921508789,False
7226,455,29.874168407836077,0.00014251500033424236,0.0819559097290039,True
7228,394,40.049530176222234,0.000133834000735078,0.08196353912353516,True
7232,463,25.359809995412554,0.0001411279990861658,0.0819559097290039,True
7234,455,27.113213944614493,0.00013425900033325888,0.08194828033447266,True
7235,291,23.89754378356163,0.00012977799997315742,0.08193302154541016,True
7239,352,25.438327707827224,0.0001426859998900909,0.0819406509399414,True
7242,1432,9.333987954789512,0.00013148500147508457,0.08193302154541016,True
7243,6240,23.169987657202388,0.00012955500278621912,0.08194828033447266,True
7246,4624,7.915099205623112,0.0001273400011996273,0.08191776275634766,True
7248,1314,28.40244046747963,0.00012613199942279607,0.08191776275634766,False
7249,6353,36.437948937864036,0.00012928800060763024,0.0819406509399414,False
7250,7070,8.26903351917309,0.00012852700092480518,0.08191776275634766,True
7253,6402,9.130057890963878,0.00012889499703305773,0.08191776275634766,False
7254,6151,36.209048824534406,0.00014046799697098322,0.0819711685180664,True
7256,6971,25.205624886427948,0.00014350100173032843,0.08197879791259766,True
7261,6353,35.92732148309634,0.00014028199802851304,0.0819711685180664,False
7265,1477,33.855239730781314,0.0001371609978377819,0.08197879791259766,True
7267,6230,35.406047017550435,0.0001413730024069082,0.0819864273071289,True
7268,1314,54.49359375642728,0.00013556699923356064,0.08196353912353516,False
7269,1298,43.209255332418245,0.00013087200204608962,0.08197879791259766,False
7270,7070,10.501303095857825,0.00012969900126336142,0.0819406509399414,True
7273,3692,25.954665505727505,0.0001394789978803601,0.08194828033447266,False
7274,2353,40.48869667841375,0.0001477940022596158,0.0820016860961914,False
7275,4624,8.008012731041418,0.00012908300050185062,0.0819253921508789,True
7277,4124,12.669530317208075,0.00012745699859806336,0.08193302154541016,False
7278,6171,16.108930904087288,0.00013101099830237217,0.0819406509399414,True
7279,6171,21.65700459269899,0.00013691299682250246,0.08194828033447266,True
7280,1314,31.949813409441475,0.00014265099889598787,0.08193302154541016,False
7282,4632,20.30297351492439,0.000137877999804914,0.0819406509399414,True
7283,108,34.45871979896321,0.0001397259984514676,0.08199405670166016,False
7285,6240,30.831628692771098,0.00013990099978400394,0.08199405670166016,True
7289,6171,22.28153407265393,0.00013577799836639315,0.08193302154541016,True
7291,7105,5.274964240310068,0.0001326040001004003,0.08191776275634766,True
7294,6440,0.2780049946135592,0.00013997800124343485,0.08191776275634766,False
7296,4632,11.65218915134049,0.0001301119991694577,0.0819253921508789,True
7302,3667,16.708630937540196,0.00013025699809077196,0.08193302154541016,False
7304,6281,36.86721011402091,0.00014362699948833324,0.08199405670166016,True
7306,6240,22.12347587545831,0.0001346200006082654,0.08197879791259766,True
7307,1454,30.97083225036553,0.00013634800052386709,0.08197879791259766,True
7308,4624,8.352959002386461,0.0001403339992975816,0.08193302154541016,True
7311,4261,51.25171636380061,0.0001341679999313783,0.0819711685180664,False
7313,6985,16.35978827522893,0.00013805900016450323,0.08194828033447266,True
7316,5654,11.746246216322014,0.00013738300185650587,0.08193302154541016,False
7321,1004,36.28819596187653,0.00013578399739344604,0.0819711685180664,False
7325,8758,11.77331887694751,0.00013599200246972032,0.08191776275634766,False
7326,867,0.8447743144023538,0.0001357689980068244,0.08191776275634766,False
7328,4624,6.054911265261228,0.000139176998345647,0.08191776275634766,True
7330,2353,36.50699522911815,0.0001367129989375826,0.0820016860961914,False
7331,5115,23.941621189536292,0.0002375389994995203,0.0819559097290039,False
7334,6353,19.54596325000367,0.0001343769981758669,0.08193302154541016,False
7337,7034,14.035637568756693,0.00015441700088558719,0.08194828033447266,True
7341,1448,16.989609008851744,0.0001337449975835625,0.0819711685180664,True
7343,6978,46.46232962200046,0.00013636299991048872,0.0819864273071289,True
7344,6565,50.9011181744879,0.0001356250031676609,0.08197879791259766,False
7346,6457,4.54297253168918,0.00013011099872528575,0.08193302154541016,False
7347,1472,2.483202253184072,0.00012752200200338848,0.08191776275634766,True
7349,6937,8.103590934164629,0.00012918900029035285,0.08191776275634766,True
7351,1466,17.07457716173881,0.00014776100215385668,0.0819559097290039,False
7352,3358,16.111419232874407,0.00013704999946639873,0.0819406509399414,True
7354,8390,7.957190104716403,0.00012621499990927987,0.08191776275634766,False
7357,5908,12.385493431987674,0.00015518799773417413,0.0819253921508789,True
7358,1466,9.862690471506298,0.00012815599984605797,0.0819253921508789,False
7359,581,18.204377209441205,0.00013903199942433275,0.08194828033447266,False
7362,8758,17.664851419100696,0.00013737100016442128,0.08193302154541016,False
7365,46,13.671245725133787,0.0001544090009701904,0.0819406509399414,True
7367,1297,33.26518288450338,0.00012869899728684686,0.08193302154541016,False
7371,8390,24.33208065571578,0.00013024500003666617,0.08193302154541016,False
7372,5762,11.61516029945785,0.00014202400052454323,0.08194828033447266,True
7374,3348,15.58509197420077,0.00013173600018490106,0.0819406509399414,True
7378,581,14.715940914873542,0.0001301889969909098,0.08194828033447266,False
7379,7062,12.750933364364064,0.00013491000208887272,0.08193302154541016,False
7385,3457,23.126816744747668,0.0001326609999523498,0.0819711685180664,True
7387,867,10.0,0.00013155700071365573,0.0819559097290039,False
7388,5110,16.97940905204699,0.00013340599980438128,0.08196353912353516,False
7389,3358,5.807931583904958,0.00012756199794239365,0.08191776275634766,False
7391,526,23.813416011628252,0.00014489100067294203,0.0820016860961914,True
7395,2820,0.0,0.00014751599883311428,0.08191776275634766,False
7398,5960,24.925625484073066,0.00013404000128502958,0.08199405670166016,True
7399,598,18.382211948917345,0.00013590100206783973,0.0819711685180664,True
7401,4617,16.050589477168124,0.00013094300084048882,0.08191776275634766,False
7402,597,35.16196507637343,0.00014005100092617795,0.08194828033447266,True
7407,5332,36.114128267560524,0.00013977600247017108,0.0820016860961914,False
7408,8226,2.47112073434619,0.00012841699935961515,0.08191776275634766,False
7410,3388,22.368327512896208,0.0001416830018570181,0.08197879791259766,False
7411,8103,11.479089824474269,0.00012895400141132995,0.08193302154541016,True
7412,526,13.949792218898198,0.00013223199857748114,0.08196353912353516,True
7414,8093,19.67279533470381,0.0001357649998681154,0.0819864273071289,True
7415,6171,37.774411476833556,0.00014241800090530887,0.0819559097290039,False
7417,5093,24.707383232383783,0.0001346160024695564,0.08194828033447266,False
7418,5290,30.85858079400277,0.00013211500117904507,0.08196353912353516,False
7419,768,28.582706736664402,0.0001340140006504953,0.0819559097290039,True
7421,787,25.807462209984298,0.00012970299940207042,0.08194828033447266,True
7423,5177,9.90246602085919,0.00014039500092621893,0.08194828033447266,False
7424,615,27.41950098972816,0.0001335909983026795,0.08196353912353516,True
7426,6353,17.37632593489878,0.00013046800086158328,0.08194828033447266,False
7427,8143,19.90675529531734,0.0001370999998471234,0.0819559097290039,True
7433,8145,18.44437038446963,0.00013438400128507055,0.0819864273071289,True
7434,4621,71.71568789390096,0.00013353900067158975,0.08194828033447266,False
7437,6992,33.368797651054756,0.0001346060016658157,0.08196353912353516,False
7439,8085,49.422486980273874,0.0001477980003983248,0.08193302154541016,True
7441,8145,35.97986086393733,0.000143213001138065,0.0819711685180664,True
7443,4751,31.663173825333168,0.000127696999697946,0.08193302154541016,False
7449,8143,19.77530893191506,0.00014473499686573632,0.08197879791259766,True
7450,4624,10.381791526138356,0.00013122499876772054,0.0819253921508789,False
7454,8145,35.4494149254029,0.00014463599654845893,0.0820016860961914,True
7455,867,17.38072877107162,0.00012875299944425933,0.0819253921508789,False
7456,6149,28.72362230598198,0.00013986599878990091,0.08194828033447266,False
7460,546,29.786290071771276,0.0001616080007806886,0.08200931549072266,True
7465,5212,28.078934201529858,0.00019582699678721838,0.08197879791259766,False
7468,8085,29.61968378490427,0.00013232499986770563,0.0819559097290039,True
7469,6215,26.4298964140902,0.0001421209999534767,0.0819406509399414,False
7471,6149,32.97110229237922,0.00013304000094649382,0.0819559097290039,False
7472,633,18.01602305340711,0.000133526002173312,0.08197879791259766,True
7473,8125,37.599934864260035,0.00013788700016448274,0.08199405670166016,True
7475,5202,26.283030336172857,0.00014380900029209442,0.08197879791259766,False
7476,6151,35.13182859385771,0.00013398500232142396,0.0819711685180664,False
7477,8085,20.32717889647036,0.0001290420004806947,0.0819406509399414,True
7480,6215,31.56401381766474,0.00014823799938312732,0.08196353912353516,False
7481,6992,28.7353501946739,0.00013082599980407394,0.08193302154541016,False
7482,6215,17.298319551632666,0.00013646299703395925,0.0819406509399414,False
7484,546,21.105353521375907,0.00013723300071433187,0.08197879791259766,True
7486,3211,27.132632260737974,0.00013715599925490096,0.0819559097290039,True
7490,597,23.854442272129955,0.0001329199985775631,0.08196353912353516,True
7494,581,2.214493058431612,0.00013031399794272147,0.0819253921508789,True
7495,2796,4.855760364385823,0.00013048500113654882,0.0819253921508789,False
7497,3378,2.395628055155518,0.00012813600187655538,0.0819253921508789,False
7498,3359,11.756850799941368,0.000163800003065262,0.08193302154541016,False
7499,6978,12.873638045994307,0.00012890599828097038,0.0819253921508789,False
7500,5960,34.38832550459033,0.000142068001878215,0.08199405670166016,True
7501,597,13.617412044045514,0.00013436000153888017,0.08194828033447266,True
7503,581,15.683877509761983,0.000133147001179168,0.0819406509399414,True
7504,1447,2.9305521619759007,0.00012699500075541437,0.08191776275634766,False
7505,2749,23.648973840520267,0.00013333400056581013,0.0819559097290039,False
7509,2796,4.855760364385823,0.00015619999976479448,0.0819253921508789,False
7510,2796,2.8548412378334134,0.00012802399942302145,0.08191776275634766,False
7511,688,2.0,0.0001277899973501917,0.0819253921508789,True
7512,2796,4.855760364385823,0.00012922300084028393,0.0819253921508789,False
7515,5256,24.73932954903641,0.00014306400044006296,0.08196353912353516,False
7516,3220,14.723933983324287,0.00014349900084198453,0.0819711685180664,True
7517,5093,35.10413807891541,0.00014539999756379984,0.0819711685180664,False
7518,595,35.47870515810003,0.0001409760006936267,0.08203983306884766,True
7519,5330,24.60757748194291,0.00013433200001600198,0.0819864273071289,False
7520,3145,2.4378029144363373,0.00014126099995337427,0.0819253921508789,True
7521,5330,20.75219667942764,0.0001370309983030893,0.0819864273071289,False
7526,4642,12.79071740806797,0.00013978599963593297,0.0819253921508789,False
7534,5860,30.710077231022264,0.00013211300029070117,0.0819711685180664,False
7536,6985,4.906265495012889,0.00012911000158055685,0.08193302154541016,False
7538,6315,6.467272524153896,0.0001726829977997113,0.0819253921508789,True
7541,991,11.349928487397861,0.00013248300092527643,0.0819253921508789,True
7542,895,12.596125451160292,0.00012863399751950055,0.0819253921508789,True
7548,3215,4.0,0.00024164100250345655,0.08193302154541016,False
7549,6687,2.6180535213995886,0.0001514270006737206,0.0819253921508789,False
7550,8778,4.0,0.0001312929998675827,0.08193302154541016,True
7551,862,6.028564588444949,0.0001312890017288737,0.0819406509399414,True
7554,1448,23.507008299723662,0.00014109800031292252,0.0819253921508789,False
7555,2820,6.130709157877259,0.00013357699936022982,0.08191776275634766,False
7561,1472,2.9582596230279328,0.0001451900025131181,0.08191776275634766,False
7564,4700,18.02873502541754,0.0001322979987889994,0.08194828033447266,False
7566,1448,13.133838123767575,0.00013034199946559966,0.0819253921508789,False
7567,8778,22.15653661359784,0.00013507900075637735,0.08193302154541016,True
7571,5506,3.6816583559382745,0.00014056100189918652,0.0819253921508789,True
7572,4186,12.883520263398273,0.00013279400081955828,0.0819559097290039,True
7573,3607,5.734267476761063,0.000156711001181975,0.0819253921508789,False
7575,6985,2.156943254005607,0.00012691899974015541,0.08191776275634766,False
7577,6402,0.012551598160371763,0.0001403759997629095,0.08191776275634766,True
7581,5506,7.393891571558804,0.00012989400056540035,0.08193302154541016,True
7582,7070,3.2228952318883657,0.0001284140016650781,0.08191776275634766,False
7586,4700,9.928526615194844,0.0001276240000152029,0.08191776275634766,False
7587,3521,8.398565269412387,0.00013626200234284624,0.08193302154541016,False
7588,5526,14.173045780098409,0.00012766700092470273,0.0819253921508789,True
7589,4124,7.975499332294979,0.000130022999655921,0.0819406509399414,True
7590,1447,12.048564438510104,0.00012714200056507252,0.08191776275634766,False
7591,3364,12.108186041841309,0.00014110000120126642,0.0819406509399414,False
7592,8177,29.84810510632855,0.0001546419989608694,0.08199405670166016,False
7594,3353,6.3263644173953075,0.0001338399997621309,0.0819406509399414,False
7596,6133,10.884481434854685,0.00015184699805104174,0.0819253921508789,False
7599,6985,1.263280607982995,0.00012966899885213934,0.08191776275634766,False
7604,6536,21.720464036875367,0.00012996099758311175,0.08194828033447266,False
7608,991,9.884231337685799,0.0001347090001218021,0.0819253921508789,True
7609,867,10.0,0.00013146499986760318,0.0819559097290039,True
7610,860,17.474200871747108,0.00015924599938443862,0.0819406509399414,True
7612,6782,12.056451337328951,0.00012819800031138584,0.0819253921508789,False
7613,3663,13.42059780017239,0.0001384960014547687,0.0819406509399414,False
7614,5449,0.42092808451677466,0.0001574909983901307,0.08191776275634766,True
7620,1016,9.246543138584702,0.000132692999613937,0.0819253921508789,True
7621,867,2.0,0.00014874699991196394,0.0819253921508789,True
7622,867,21.402713893044815,0.00013289200069266371,0.0819559097290039,True
7623,3398,59.6331147315096,0.0001282680022995919,0.0819253921508789,False
7624,3398,22.493076107996355,0.00013881100312573835,0.0819253921508789,False
7626,6687,10.963481205712025,0.0001486469991505146,0.0819253921508789,False
7628,6224,42.434637446162135,0.0001432879980711732,0.08197879791259766,False
7630,6685,4.8497647577548015,0.00012823300130548887,0.0819253921508789,False
7631,7739,12.721196194764863,0.00015846899987081997,0.0819406509399414,True
7635,5506,15.14923318801373,0.000134374997287523,0.08194828033447266,True
7637,890,17.997958330306677,0.0001303610006289091,0.08193302154541016,True
7639,2820,24.47508775307412,0.00012869299825979397,0.0819253921508789,False
7643,890,8.272378613421237,0.00013645199942402542,0.0819253921508789,True
7648,8191,15.440237615160932,0.00013608600056613795,0.08193302154541016,False
7649,6985,3.974020309153997,0.00013006599692744203,0.0819253921508789,False
7650,5508,2.4552271921724915,0.0001294389985559974,0.0819253921508789,True
7651,4987,15.346807048528387,0.0001378759989165701,0.08193302154541016,False
7654,7105,2.2172811815956632,0.0001278609997825697,0.08191776275634766,False
7655,3667,34.39230414111301,0.00013433200001600198,0.08194828033447266,False
7657,5449,10.949101794998526,0.00014661100067314692,0.08193302154541016,True
7659,912,16.692955354396915,0.00015606600209139287,0.0819253921508789,True
7660,5508,3.972783699714909,0.0001301749980484601,0.0819253921508789,True
7662,8015,14.952803968432049,0.00013908899927628227,0.08193302154541016,True
7664,4700,18.02873502541754,0.00016702100037946366,0.08194828033447266,False
7665,5498,12.536260710420398,0.00016303699885611422,0.0819253921508789,True
7668,4280,18.850976810664775,0.0001369440033158753,0.0819559097290039,True
7669,6722,38.893188915054786,0.00012859300113632344,0.08193302154541016,False
7670,1472,6.084838508143922,0.000127811999846017,0.0819253921508789,False
7671,890,8.089220188635363,0.00012875999891548418,0.0819253921508789,True
7672,5463,7.62078586268628,0.00012698399950750172,0.08191776275634766,True
7679,4280,21.08572097702018,0.00013635600043926388,0.0819406509399414,True
7680,3583,11.15586056835547,0.00014958599786041304,0.08193302154541016,False
7681,8655,4.977942444682444,0.00012823100041714497,0.08191776275634766,False
7684,4124,10.104804327045134,0.00013564799883170053,0.0819406509399414,True
7687,1055,11.374859377728603,0.00014219600052456371,0.0819253921508789,True
7689,3607,5.565532788729366,0.00013259100160212256,0.0819253921508789,False
7691,3215,0.0,0.00012856300236308016,0.08191776275634766,False
7694,867,10.0,0.0001390430006722454,0.0819559097290039,True
7698,8191,19.975302159425986,0.000138031999085797,0.08193302154541016,False
7700,3607,6.154551779423101,0.000141119999170769,0.08191776275634766,False
7702,867,15.617436855803339,0.00012942199828103185,0.08191776275634766,True
7707,4700,16.003682922861866,0.0001293499990424607,0.0819406509399414,False
7708,4700,11.953578717750519,0.00013040900012128986,0.0819253921508789,False
