Test Index,Train Index,Score,Computing Time (s),Space Usage (MB),Same Class
7,4785,0.0625,7.481399734388106e-05,0.09085941314697266,False
9,10,0.04166666666666663,0.00022381500093615614,0.09087467193603516,False
13,26,0.03125,7.638399983989075e-05,0.0908823013305664,False
14,16,0.03125,7.300700235646218e-05,0.0908823013305664,False
16,636,0.04166666666666663,7.155500134103931e-05,0.09087467193603516,False
17,8744,0.0,7.278800330823287e-05,0.09090518951416016,False
18,5399,0.01041666666666663,7.22799995855894e-05,0.0908975601196289,False
22,6348,0.01041666666666663,7.770099909976125e-05,0.0908975601196289,False
24,34,0.02083333333333337,7.8242999734357e-05,0.09088993072509766,False
25,565,0.04166666666666663,7.279399869730696e-05,0.09087467193603516,False
27,5657,0.01041666666666663,8.960400009527802e-05,0.0908975601196289,False
28,2789,0.03125,7.285399988177232e-05,0.0908823013305664,False
31,2791,0.01041666666666663,7.447400275850669e-05,0.0908975601196289,False
33,1036,0.04166666666666663,7.206199734355323e-05,0.09087467193603516,False
36,4621,0.03125,7.25840000086464e-05,0.0908823013305664,True
37,1422,0.03125,7.569199806312099e-05,0.0908823013305664,True
40,636,0.04166666666666663,9.043700265465304e-05,0.09087467193603516,False
41,5586,0.02083333333333337,7.389000165858306e-05,0.09088993072509766,False
42,3337,0.02083333333333337,8.825300028547645e-05,0.09088993072509766,False
47,3095,0.04166666666666663,8.3123999502277e-05,0.09087467193603516,False
49,3015,0.03125,7.413499770336784e-05,0.0908823013305664,False
51,5399,0.03125,7.231400013552047e-05,0.0908823013305664,False
52,26,0.02083333333333337,7.253600051626563e-05,0.09088993072509766,False
53,3042,0.04166666666666663,7.255899981828406e-05,0.09087467193603516,False
56,16,0.03125,7.654299770365469e-05,0.0908823013305664,False
58,34,0.02083333333333337,7.26690013834741e-05,0.09088993072509766,False
62,1016,0.01041666666666663,7.428300159517676e-05,0.0908975601196289,False
63,16,0.03125,7.279700002982281e-05,0.0908823013305664,False
66,34,0.02083333333333337,7.711999933235347e-05,0.09093570709228516,False
68,3327,0.02083333333333337,7.25800018699374e-05,0.09088993072509766,False
69,4785,0.05208333333333337,7.38279995857738e-05,0.0908670425415039,False
70,34,0.02083333333333337,7.751200246275403e-05,0.09093570709228516,False
71,4785,0.03125,7.192399789346382e-05,0.0908823013305664,False
72,6988,0.03125,7.18099981895648e-05,0.0908823013305664,True
73,2789,0.03125,8.881499888957478e-05,0.0908823013305664,False
77,6675,0.02083333333333337,7.887800165917724e-05,0.09088993072509766,False
84,16,0.03125,7.374000051640905e-05,0.0908823013305664,False
85,636,0.04166666666666663,7.332899986067787e-05,0.09087467193603516,False
88,10,0.04166666666666663,7.72400017012842e-05,0.0909585952758789,False
89,3337,0.03125,7.221400301204994e-05,0.0908823013305664,False
91,16,0.03125,7.577799988212064e-05,0.0908823013305664,False
93,10,0.04166666666666663,7.816899960744195e-05,0.0909585952758789,False
94,3419,0.02083333333333337,8.829199941828847e-05,0.09088993072509766,False
95,16,0.03125,7.448299948009662e-05,0.0908823013305664,False
97,909,0.02083333333333337,0.00010139999722014181,0.09088993072509766,False
99,4618,0.01041666666666663,7.41399999242276e-05,0.0908975601196289,True
102,1440,0.02083333333333337,7.494300007238053e-05,0.09088993072509766,True
107,679,0.04166666666666663,7.170100070652552e-05,0.09087467193603516,False
109,1455,0.03125,7.236700184876099e-05,0.0908823013305664,True
112,8694,0.02083333333333337,7.235799785121344e-05,0.09088993072509766,False
114,6888,0.02083333333333337,7.283399827429093e-05,0.09088993072509766,False
115,7042,0.02083333333333337,7.221700070658699e-05,0.09088993072509766,True
116,1478,0.03125,7.752699821139686e-05,0.0908823013305664,True
117,6224,0.02083333333333337,7.25760000932496e-05,0.09088993072509766,True
119,34,0.02083333333333337,7.620500036864541e-05,0.09093570709228516,False
122,6090,0.04166666666666663,7.965400072862394e-05,0.09087467193603516,True
123,2716,0.07291666666666663,8.229000013670884e-05,0.0908517837524414,True
125,2896,0.03125,7.319499854929745e-05,0.0908823013305664,True
126,2733,0.0625,7.186700167949311e-05,0.09085941314697266,True
129,2766,0.05208333333333337,7.314500180655159e-05,0.0908670425415039,True
133,2896,0.04166666666666663,7.277400072780438e-05,0.09087467193603516,True
137,3380,0.04166666666666663,7.151600220822729e-05,0.09087467193603516,False
138,636,0.01041666666666663,7.107499914127402e-05,0.0908975601196289,False
139,3667,0.02083333333333337,8.077900201897137e-05,0.09088993072509766,False
140,839,0.03125,7.346799975493923e-05,0.0908823013305664,True
144,3200,0.0,7.099299909896217e-05,0.09090518951416016,False
147,6799,0.02083333333333337,7.191799886641093e-05,0.09088993072509766,False
151,636,0.01041666666666663,7.248200199683197e-05,0.0908975601196289,False
154,883,0.03125,7.202000051620416e-05,0.0908823013305664,True
155,939,0.02083333333333337,7.637399903615005e-05,0.09088993072509766,True
156,636,0.01041666666666663,7.286600157385692e-05,0.0908975601196289,False
158,636,0.01041666666666663,7.557199933216907e-05,0.0908975601196289,False
163,10,0.04166666666666663,7.851999907870777e-05,0.0909585952758789,False
164,3200,0.01041666666666663,7.982399984030053e-05,0.0908975601196289,False
166,6830,0.01041666666666663,7.206800000858493e-05,0.0908975601196289,False
167,34,0.02083333333333337,7.687000106670894e-05,0.09093570709228516,False
169,6705,0.01041666666666663,7.159700180636719e-05,0.0908975601196289,False
171,962,0.03125,7.330800144700333e-05,0.0908823013305664,True
172,115,0.02083333333333337,8.932000127970241e-05,0.09088993072509766,False
174,565,0.02083333333333337,7.803300104569644e-05,0.09088993072509766,False
175,633,0.01041666666666663,7.235399971250445e-05,0.0908975601196289,False
176,636,0.01041666666666663,7.317099880310707e-05,0.0908975601196289,False
178,3331,0.0,7.137200009310618e-05,0.09090518951416016,False
179,980,0.02083333333333337,7.215200093924068e-05,0.09088993072509766,True
181,980,0.01041666666666663,7.075400208123028e-05,0.0908975601196289,True
182,129,0.03125,7.192199700511992e-05,0.0908823013305664,False
186,3380,0.04166666666666663,7.262000144692138e-05,0.09087467193603516,False
187,636,0.01041666666666663,7.18810006219428e-05,0.0908975601196289,False
189,813,0.02083333333333337,7.233200085465796e-05,0.09088993072509766,False
190,651,0.02083333333333337,7.331100277951919e-05,0.09088993072509766,False
192,5654,0.02083333333333337,7.177000225055963e-05,0.09088993072509766,True
193,4093,0.03125,7.36639995011501e-05,0.0908823013305664,True
194,6368,0.01041666666666663,7.152300167945214e-05,0.0908975601196289,True
198,4178,0.02083333333333337,7.275300231412984e-05,0.09088993072509766,True
199,3331,0.01041666666666663,8.743500075070187e-05,0.0908975601196289,False
204,16,0.02083333333333337,7.496400212403387e-05,0.09088993072509766,False
206,7991,0.03125,7.524700049543753e-05,0.0908823013305664,True
207,847,0.02083333333333337,7.208799797808751e-05,0.09088993072509766,True
209,8026,0.05208333333333337,7.908300176495686e-05,0.0908670425415039,True
214,10,0.04166666666666663,7.914500019978732e-05,0.0909585952758789,False
215,636,0.01041666666666663,7.274699964909814e-05,0.0908975601196289,False
216,636,0.01041666666666663,7.526899935328402e-05,0.0908975601196289,False
217,636,0.01041666666666663,7.208000170066953e-05,0.0908975601196289,False
219,5414,0.02083333333333337,7.799400191288441e-05,0.09088993072509766,True
220,4311,0.02083333333333337,7.332200038945302e-05,0.09088993072509766,True
221,636,0.01041666666666663,7.438600005116314e-05,0.0908975601196289,False
223,5448,0.04166666666666663,8.131499998853542e-05,0.09087467193603516,True
224,16,0.03125,7.371500032604672e-05,0.0908823013305664,False
225,855,0.01041666666666663,7.300699871848337e-05,0.0908975601196289,True
226,6687,0.02083333333333337,7.544400068582036e-05,0.09088993072509766,False
227,34,0.02083333333333337,7.558200013590977e-05,0.09093570709228516,False
228,939,0.01041666666666663,7.367900252575055e-05,0.0908975601196289,True
231,34,0.02083333333333337,7.729500066488981e-05,0.09093570709228516,False
234,4697,0.02083333333333337,0.00012114399942220189,0.09088993072509766,False
235,5586,0.02083333333333337,7.345000267378055e-05,0.09088993072509766,True
239,5914,0.02083333333333337,7.184700007201172e-05,0.09088993072509766,False
240,883,0.01041666666666663,7.654999717487954e-05,0.0908975601196289,True
242,636,0.01041666666666663,0.00019056200108025223,0.0908975601196289,False
244,6702,0.02083333333333337,7.233199721667916e-05,0.09088993072509766,False
245,636,0.01041666666666663,7.418099994538352e-05,0.0908975601196289,False
246,5740,0.01041666666666663,7.364899647654966e-05,0.0908975601196289,False
247,5586,0.01041666666666663,7.45959987398237e-05,0.0908975601196289,True
252,1058,0.02083333333333337,7.105799886630848e-05,0.09088993072509766,True
255,4743,0.01041666666666663,7.40569994377438e-05,0.0908975601196289,False
258,2791,0.02083333333333337,7.790599920554087e-05,0.09088993072509766,False
260,636,0.01041666666666663,7.159400047385134e-05,0.0908975601196289,False
261,16,0.02083333333333337,7.426199954352342e-05,0.09088993072509766,False
263,5740,0.01041666666666663,7.157800064305775e-05,0.0908975601196289,False
267,6950,0.01041666666666663,7.092499799910001e-05,0.0908975601196289,False
270,16,0.02083333333333337,7.40590003260877e-05,0.09088993072509766,False
273,855,0.01041666666666663,7.497000115108676e-05,0.0908975601196289,True
274,636,0.01041666666666663,8.264999996754341e-05,0.0908975601196289,False
275,980,0.0,7.650399857084267e-05,0.09090518951416016,True
279,34,0.02083333333333337,7.906999962870032e-05,0.09093570709228516,False
284,636,0.01041666666666663,7.163899863371626e-05,0.0908975601196289,False
285,903,0.02083333333333337,7.170499884523451e-05,0.09088993072509766,True
287,6799,0.0,7.503500091843307e-05,0.09090518951416016,False
288,636,0.01041666666666663,7.19459967513103e-05,0.0908975601196289,False
290,636,0.01041666666666663,8.184499893104658e-05,0.0908975601196289,False
292,6939,0.01041666666666663,7.34390014258679e-05,0.0908975601196289,False
293,115,0.02083333333333337,7.278399789356627e-05,0.09088993072509766,False
294,927,0.01041666666666663,7.193000055849552e-05,0.0908975601196289,True
295,34,0.02083333333333337,7.540799924754538e-05,0.09093570709228516,False
298,6469,0.01041666666666663,7.336300041060895e-05,0.0908975601196289,True
299,10,0.03125,7.696499960729852e-05,0.09096622467041016,False
304,636,0.01041666666666663,7.251699935295619e-05,0.0908975601196289,False
305,34,0.02083333333333337,7.540500155300833e-05,0.09093570709228516,False
307,34,0.04166666666666663,7.272099901456386e-05,0.09087467193603516,False
308,7956,0.01041666666666663,7.288000051630661e-05,0.0908975601196289,True
310,34,0.02083333333333337,7.679999907850288e-05,0.09093570709228516,False
311,34,0.02083333333333337,7.487999755539931e-05,0.09093570709228516,False
313,636,0.01041666666666663,7.184399873949587e-05,0.0908975601196289,False
314,636,0.01041666666666663,8.04250012151897e-05,0.0908975601196289,False
315,34,0.02083333333333337,7.504799941671081e-05,0.09093570709228516,False
318,4289,0.02083333333333337,9.883000166155398e-05,0.09088993072509766,True
320,26,0.02083333333333337,8.260300091933459e-05,0.09088993072509766,False
322,6705,0.0,7.290400026249699e-05,0.09090518951416016,False
323,8150,0.0,7.166900104493834e-05,0.09090518951416016,False
324,34,0.02083333333333337,8.78489991009701e-05,0.09093570709228516,False
325,6725,0.02083333333333337,7.25090030755382e-05,0.09088993072509766,False
326,636,0.01041666666666663,7.271499998751096e-05,0.0908975601196289,False
327,6803,0.01041666666666663,7.197399827418849e-05,0.0908975601196289,False
328,636,0.01041666666666663,7.569499939563684e-05,0.0908975601196289,False
329,3482,0.01041666666666663,8.843500108923763e-05,0.0908975601196289,False
330,3209,0.02083333333333337,7.501800064346753e-05,0.09088993072509766,False
332,636,0.01041666666666663,7.225599983939901e-05,0.0908975601196289,False
336,847,0.02083333333333337,7.246399763971567e-05,0.09088993072509766,True
339,596,0.02083333333333337,7.594400085508823e-05,0.09088993072509766,False
340,6950,0.01041666666666663,7.19700001354795e-05,0.0908975601196289,False
341,3733,0.02083333333333337,7.122800161596388e-05,0.09088993072509766,False
342,5593,0.01041666666666663,7.270099740708247e-05,0.0908975601196289,False
343,636,0.01041666666666663,7.182500121416524e-05,0.0908975601196289,False
347,10,0.04166666666666663,7.800200182828121e-05,0.0909585952758789,True
348,6725,0.02083333333333337,7.209800241980702e-05,0.09088993072509766,True
349,6725,0.01041666666666663,7.303600068553351e-05,0.0908975601196289,True
351,42,0.03125,7.245300002978183e-05,0.0908823013305664,True
353,115,0.04166666666666663,7.207499947980978e-05,0.09087467193603516,True
354,26,0.04166666666666663,7.786399874021299e-05,0.09092044830322266,True
357,633,0.02083333333333337,9.77140007307753e-05,0.09088993072509766,False
361,4178,0.01041666666666663,7.252300201798789e-05,0.0908975601196289,False
367,4785,0.04166666666666663,7.196699880296364e-05,0.09087467193603516,False
370,5399,0.02083333333333337,7.94120023783762e-05,0.09088993072509766,False
373,565,0.02083333333333337,7.390899918391369e-05,0.09088993072509766,False
376,839,0.02083333333333337,7.252300201798789e-05,0.09088993072509766,False
378,6790,0.02083333333333337,7.217299935291521e-05,0.09088993072509766,True
380,687,0.0625,7.195500074885786e-05,0.09085941314697266,False
382,3337,0.02083333333333337,7.488499977625906e-05,0.09088993072509766,True
383,130,0.02083333333333337,7.151099998736754e-05,0.09088993072509766,True
385,847,0.04166666666666663,7.240699778776616e-05,0.09087467193603516,False
386,115,0.02083333333333337,0.00011413399988668971,0.09088993072509766,True
387,847,0.02083333333333337,8.08060030976776e-05,0.09088993072509766,False
388,16,0.03125,7.361700045294128e-05,0.0908823013305664,True
391,70,0.03125,7.279900091816671e-05,0.0908823013305664,True
392,8694,0.02083333333333337,7.947999984025955e-05,0.09088993072509766,False
394,962,0.02083333333333337,9.23549996514339e-05,0.09088993072509766,False
398,636,0.01041666666666663,7.31229993107263e-05,0.0908975601196289,False
399,2789,0.03125,9.506900096312165e-05,0.0908823013305664,False
401,3452,0.02083333333333337,7.265200110850856e-05,0.09088993072509766,True
403,26,0.03125,7.681600254727527e-05,0.0909280776977539,True
404,133,0.02083333333333337,7.263999941642396e-05,0.09088993072509766,True
406,565,0.02083333333333337,7.456000093952753e-05,0.09088993072509766,False
408,3453,0.02083333333333337,8.19630004116334e-05,0.09088993072509766,True
409,565,0.03125,7.534399992437102e-05,0.0908823013305664,False
410,115,0.02083333333333337,7.138400178519078e-05,0.09088993072509766,True
411,1440,0.03125,7.222099884529598e-05,0.0908823013305664,False
413,6255,0.02083333333333337,7.205899964901619e-05,0.09088993072509766,False
414,5948,0.04166666666666663,7.191500117187388e-05,0.09087467193603516,True
416,636,0.01041666666666663,0.00011545799861778505,0.0908975601196289,False
418,155,0.04166666666666663,7.48249985917937e-05,0.09087467193603516,True
420,7953,0.02083333333333337,7.456100138369948e-05,0.09088993072509766,False
423,34,0.02083333333333337,7.159799861256033e-05,0.09088993072509766,True
424,10,0.02083333333333337,7.759999789413996e-05,0.0909738540649414,True
426,10,0.03125,7.683999865548685e-05,0.09096622467041016,True
428,6312,0.03125,7.171399920480326e-05,0.0908823013305664,False
430,83,0.05208333333333337,7.300900324480608e-05,0.0908670425415039,True
432,6319,0.02083333333333337,7.169699892983772e-05,0.09088993072509766,False
433,83,0.05208333333333337,7.368200022028759e-05,0.0908670425415039,True
434,4082,0.0625,9.782200140762143e-05,0.09085941314697266,False
435,5631,0.0,7.37590016797185e-05,0.09090518951416016,False
439,70,0.03125,7.280100180651061e-05,0.0908823013305664,True
440,6313,0.04166666666666663,7.505499888793565e-05,0.09087467193603516,False
441,1020,0.02083333333333337,7.268800254678354e-05,0.09088993072509766,False
442,3452,0.02083333333333337,7.249000191222876e-05,0.09088993072509766,True
443,3475,0.04166666666666663,7.19720010238234e-05,0.09087467193603516,True
444,5423,0.01041666666666663,8.690800314070657e-05,0.0908975601196289,False
445,5914,0.01041666666666663,8.980999700725079e-05,0.0908975601196289,True
449,3356,0.02083333333333337,7.323600220843218e-05,0.09088993072509766,True
451,2791,0.02083333333333337,7.525999899371527e-05,0.09088993072509766,False
455,34,0.03125,7.603400081279688e-05,0.0908823013305664,True
457,7082,0.02083333333333337,7.23449993529357e-05,0.09088993072509766,False
461,129,0.02083333333333337,7.312300294870511e-05,0.09088993072509766,True
462,4178,0.02083333333333337,7.262500002980232e-05,0.09088993072509766,False
463,5789,0.02083333333333337,7.717400148976594e-05,0.09088993072509766,True
466,6950,0.01041666666666663,7.261400241986848e-05,0.0908975601196289,False
470,83,0.05208333333333337,7.453400030499324e-05,0.0908670425415039,True
471,1109,0.04166666666666663,7.238599937409163e-05,0.09087467193603516,False
472,42,0.01041666666666663,7.378900045296177e-05,0.0908975601196289,True
474,3420,0.02083333333333337,8.862799950293265e-05,0.09088993072509766,True
475,3453,0.04166666666666663,7.137799912015907e-05,0.09087467193603516,True
476,4178,0.01041666666666663,7.309599823202007e-05,0.0908975601196289,False
477,6224,0.04166666666666663,7.379699673037976e-05,0.09087467193603516,False
478,636,0.01041666666666663,7.397399895126e-05,0.0908975601196289,False
479,3337,0.02083333333333337,9.161699927062728e-05,0.09088993072509766,True
480,8747,0.02083333333333337,7.264700252562761e-05,0.09088993072509766,False
482,3561,0.04166666666666663,7.235600060084835e-05,0.09087467193603516,False
483,4178,0.02083333333333337,7.436599844368175e-05,0.09088993072509766,False
484,10,0.02083333333333337,7.772800017846748e-05,0.0909738540649414,True
485,6312,0.01041666666666663,7.284699677256867e-05,0.0908975601196289,False
486,5724,0.02083333333333337,7.432100028381683e-05,0.09088993072509766,True
489,2914,0.03125,7.339199873968028e-05,0.0908823013305664,False
490,10,0.03125,9.803899956750683e-05,0.09096622467041016,True
491,3486,0.02083333333333337,7.251399802044034e-05,0.09088993072509766,True
492,34,0.03125,7.440500121447258e-05,0.0908823013305664,True
493,5255,0.04166666666666663,7.525999899371527e-05,0.09087467193603516,False
496,2791,0.02083333333333337,8.658600199851207e-05,0.09088993072509766,False
497,7953,0.01041666666666663,0.00011031999747501686,0.0908975601196289,False
498,16,0.04166666666666663,9.230399882653728e-05,0.09087467193603516,True
504,3617,0.02083333333333337,7.896399984019808e-05,0.09088993072509766,False
512,839,0.02083333333333337,7.244899825309403e-05,0.09088993072509766,False
516,3827,0.14583333333333337,9.298399891122244e-05,0.09079837799072266,False
517,7297,0.15625,9.013100134325214e-05,0.0907907485961914,False
518,8429,0.13541666666666663,7.392300176434219e-05,0.0908060073852539,True
519,2763,0.03125,7.843400089768693e-05,0.0908823013305664,True
521,2763,0.04166666666666663,7.402099799946882e-05,0.09087467193603516,True
522,2763,0.05208333333333337,7.589099914184771e-05,0.0908670425415039,True
524,8822,0.05208333333333337,7.164499766076915e-05,0.0908670425415039,True
525,2336,0.08333333333333337,7.642200216650963e-05,0.09084415435791016,False
529,2955,0.11458333333333337,7.55949986341875e-05,0.0908212661743164,True
533,1500,0.05208333333333337,7.244100197567604e-05,0.0908670425415039,True
535,604,0.03125,7.393800115096383e-05,0.0908823013305664,False
536,2776,0.09375,9.017599950311705e-05,0.0908365249633789,True
537,1969,0.125,7.470199852832593e-05,0.09081363677978516,False
538,4875,0.09375,8.697299927007407e-05,0.0908365249633789,True
539,4143,0.04166666666666663,7.299800199689344e-05,0.09087467193603516,False
540,8457,0.11458333333333337,7.425500007229857e-05,0.0908212661743164,False
541,1615,0.13541666666666663,7.388199810520746e-05,0.0908060073852539,False
544,1212,0.0625,7.424199793604203e-05,0.09085941314697266,True
545,8457,0.13541666666666663,7.693299994571134e-05,0.0908060073852539,False
546,1565,0.11458333333333337,7.535699842264876e-05,0.0908212661743164,False
547,1478,0.05208333333333337,7.246799941640347e-05,0.0908670425415039,False
549,4174,0.04166666666666663,7.375199857051484e-05,0.09087467193603516,False
550,892,0.04166666666666663,9.378399772685952e-05,0.09087467193603516,False
551,3668,0.05208333333333337,7.20409989298787e-05,0.0908670425415039,True
552,4185,0.125,7.370300227194093e-05,0.09081363677978516,False
553,1565,0.03125,7.649400140508078e-05,0.0908823013305664,False
555,8161,0.08333333333333337,7.741199806332588e-05,0.09084415435791016,True
557,1520,0.09375,7.440499757649377e-05,0.0908365249633789,True
558,6571,0.07291666666666663,7.435500083374791e-05,0.0908517837524414,True
564,5357,0.01041666666666663,7.947600170155056e-05,0.0908975601196289,False
566,1565,0.02083333333333337,7.531599840149283e-05,0.09088993072509766,False
567,1565,0.03125,8.25809984235093e-05,0.0908823013305664,False
569,1615,0.10416666666666663,7.609699969179928e-05,0.09082889556884766,False
571,234,0.0625,7.562099926872179e-05,0.09085941314697266,False
572,197,0.07291666666666663,8.226900172303431e-05,0.0908517837524414,False
574,235,0.04166666666666663,9.200800195685588e-05,0.09087467193603516,False
576,6540,0.03125,7.922999793663621e-05,0.0908823013305664,True
577,6540,0.04166666666666663,7.832900155335665e-05,0.09087467193603516,True
578,235,0.04166666666666663,7.440700210281648e-05,0.09087467193603516,False
580,3581,0.09375,9.505699927103706e-05,0.0908365249633789,True
581,2718,0.15625,7.263699808390811e-05,0.0907907485961914,True
582,6571,0.05208333333333337,7.534999895142391e-05,0.0908670425415039,True
592,3689,0.03125,7.500500214518979e-05,0.0908823013305664,True
594,4712,0.09375,7.405400174320675e-05,0.0908365249633789,True
598,4716,0.02083333333333337,8.904000060283579e-05,0.09088993072509766,True
599,3634,0.10416666666666663,7.332799941650592e-05,0.09082889556884766,True
600,7164,0.11458333333333337,7.244900189107284e-05,0.0908212661743164,True
601,6391,0.09375,7.244100197567604e-05,0.0908365249633789,False
603,2935,0.02083333333333337,7.445500159519725e-05,0.09088993072509766,True
605,970,0.0625,7.210300100268796e-05,0.09085941314697266,False
606,1101,0.05208333333333337,7.385500066448003e-05,0.0908670425415039,True
610,2902,0.07291666666666663,7.504300083382986e-05,0.0908517837524414,True
611,3611,0.01041666666666663,7.237700265250169e-05,0.0908975601196289,True
613,1318,0.07291666666666663,7.149100201786496e-05,0.0908517837524414,True
614,2350,0.05208333333333337,7.191800250438973e-05,0.0908670425415039,False
617,583,0.0625,7.376800203928724e-05,0.09085941314697266,False
618,2350,0.03125,8.753099973546341e-05,0.0908823013305664,False
620,2955,0.07291666666666663,8.307000098284334e-05,0.0908517837524414,True
622,2553,0.09375,7.645899677299894e-05,0.0908365249633789,True
627,2602,0.05208333333333337,7.332200038945302e-05,0.0908670425415039,True
628,2602,0.03125,7.411199840134941e-05,0.0908823013305664,True
631,6391,0.08333333333333337,7.696600005147047e-05,0.09084415435791016,False
633,8822,0.0625,7.281199941644445e-05,0.09085941314697266,True
635,2369,0.11458333333333337,8.887300282367505e-05,0.0908212661743164,False
638,231,0.08333333333333337,7.580499732284807e-05,0.09084415435791016,False
639,8317,0.05208333333333337,7.66160010243766e-05,0.0908670425415039,True
640,6634,0.08333333333333337,7.338399882428348e-05,0.09084415435791016,True
641,2564,0.05208333333333337,7.336099952226505e-05,0.0908670425415039,True
643,8317,0.0625,9.591600246494636e-05,0.09085941314697266,True
646,8402,0.0625,7.229099719552323e-05,0.09085941314697266,True
647,640,0.09375,8.71560005180072e-05,0.0908365249633789,False
648,8822,0.05208333333333337,7.254799857037142e-05,0.0908670425415039,True
654,6080,0.05208333333333337,7.521099905716255e-05,0.0908670425415039,True
656,565,0.02083333333333337,7.434399958583526e-05,0.09088993072509766,False
659,1115,0.09375,7.232000280055217e-05,0.0908365249633789,True
660,8429,0.04166666666666663,7.398299931082875e-05,0.09087467193603516,True
669,2083,0.10416666666666663,8.408999929088168e-05,0.09082889556884766,False
670,7846,0.0625,7.324000034714118e-05,0.09085941314697266,False
675,234,0.17708333333333337,9.787599992705509e-05,0.0907754898071289,False
676,604,0.125,9.614600276108831e-05,0.09081363677978516,False
677,2083,0.11458333333333337,7.482200089725666e-05,0.0908212661743164,False
681,7164,0.02083333333333337,8.780400094110519e-05,0.09088993072509766,True
682,2906,0.09375,0.00017347399989375845,0.0908365249633789,True
690,3554,0.13541666666666663,7.186799848568626e-05,0.0908060073852539,True
691,2586,0.09375,7.308299973374233e-05,0.0908365249633789,True
692,4421,0.0625,7.562500104540959e-05,0.09085941314697266,False
693,2602,0.13541666666666663,7.277800250449218e-05,0.0908060073852539,True
694,8179,0.08333333333333337,7.587499931105413e-05,0.09084415435791016,True
695,2906,0.0625,7.519000064348802e-05,0.09085941314697266,True
698,2373,0.14583333333333337,7.86400014476385e-05,0.09079837799072266,False
703,3628,0.0625,7.86989985499531e-05,0.09085941314697266,True
704,7164,0.05208333333333337,7.911200009402819e-05,0.0908670425415039,True
705,1977,0.14583333333333337,7.524700049543753e-05,0.09079837799072266,False
707,10,0.0625,7.878899850766174e-05,0.0909433364868164,False
710,10,0.04166666666666663,8.167499981936999e-05,0.0909585952758789,False
711,10,0.05208333333333337,7.852599810576066e-05,0.09095096588134766,False
712,6009,0.01041666666666663,9.595599840395153e-05,0.0908975601196289,True
714,8317,0.08333333333333337,0.00020236700220266357,0.09084415435791016,True
715,2902,0.13541666666666663,7.987500066519715e-05,0.0908060073852539,True
717,1639,0.17708333333333337,7.450200064340606e-05,0.0907754898071289,False
718,5399,0.07291666666666663,7.175000064307824e-05,0.0908517837524414,False
720,291,0.10416666666666663,8.806999903754331e-05,0.09082889556884766,False
723,1977,0.11458333333333337,7.382300100289285e-05,0.0908212661743164,False
724,1545,0.09375,7.37409973226022e-05,0.0908365249633789,True
725,8424,0.0625,8.193399844458327e-05,0.09085941314697266,True
730,2666,0.0,7.471400022041053e-05,0.09090518951416016,True
731,1545,0.07291666666666663,7.46040022931993e-05,0.0908517837524414,True
732,1526,0.125,8.270999751402996e-05,0.09081363677978516,True
735,1545,0.11458333333333337,7.319100041058846e-05,0.0908212661743164,True
736,3762,0.07291666666666663,7.355400157393888e-05,0.0908517837524414,True
737,3593,0.07291666666666663,0.00010059800115413964,0.0908517837524414,True
741,782,0.04166666666666663,7.117499990272336e-05,0.09087467193603516,True
745,775,0.07291666666666663,7.4048999522347e-05,0.0908517837524414,True
746,624,0.07291666666666663,8.007399810594507e-05,0.0908517837524414,True
750,647,0.05208333333333337,8.724999861442484e-05,0.0908670425415039,True
751,2789,0.07291666666666663,7.196300066425465e-05,0.0908517837524414,False
752,529,0.0625,7.869100227253512e-05,0.09085941314697266,True
753,2800,0.10416666666666663,7.296600233530626e-05,0.09082889556884766,False
754,529,0.07291666666666663,7.547199857071973e-05,0.0908517837524414,True
759,3334,0.03125,7.18080009391997e-05,0.0908823013305664,False
760,5131,0.04166666666666663,7.329700019909069e-05,0.09087467193603516,False
761,624,0.09375,7.850399924791418e-05,0.0908365249633789,True
762,70,0.08333333333333337,7.289699715329334e-05,0.09084415435791016,False
766,8155,0.07291666666666663,7.258099867613055e-05,0.0908517837524414,True
767,624,0.0625,7.280399950104766e-05,0.09085941314697266,True
768,2800,0.08333333333333337,8.322700159624219e-05,0.09084415435791016,False
769,3153,0.07291666666666663,7.302700032596476e-05,0.0908517837524414,True
771,3050,0.07291666666666663,7.382900002994575e-05,0.0908517837524414,True
774,5278,0.07291666666666663,7.448999895132147e-05,0.0908517837524414,False
775,3042,0.0625,7.218399696284905e-05,0.09085941314697266,True
776,583,0.07291666666666663,7.262799772433937e-05,0.0908517837524414,True
778,7647,0.0625,9.045600017998368e-05,0.09085941314697266,False
779,5983,0.0625,7.56010012992192e-05,0.09085941314697266,True
780,26,0.07291666666666663,8.963100117398426e-05,0.0908975601196289,False
783,3042,0.08333333333333337,7.291400106623769e-05,0.09084415435791016,True
785,813,0.04166666666666663,7.161000030464493e-05,0.09087467193603516,True
790,529,0.07291666666666663,7.85629999882076e-05,0.0908517837524414,True
794,1440,0.0625,7.998000000952743e-05,0.09085941314697266,False
799,7082,0.04166666666666663,7.072299922583625e-05,0.09087467193603516,False
800,5960,0.05208333333333337,0.00015662899750168435,0.0908670425415039,True
802,3050,0.07291666666666663,8.364000314031728e-05,0.0908517837524414,True
803,770,0.0625,7.573699986096472e-05,0.09085941314697266,True
805,5952,0.05208333333333337,7.247199755511247e-05,0.0908670425415039,True
806,647,0.05208333333333337,7.191100303316489e-05,0.0908670425415039,True
808,770,0.08333333333333337,7.202900087577291e-05,0.09084415435791016,True
809,3096,0.09375,7.363799886661582e-05,0.0908365249633789,True
816,1455,0.08333333333333337,7.240099876071326e-05,0.09084415435791016,False
820,7786,0.07291666666666663,7.439099863404408e-05,0.0908517837524414,False
821,101,0.05208333333333337,7.576400093967095e-05,0.0908670425415039,False
823,3095,0.07291666666666663,7.441399793606251e-05,0.0908517837524414,True
824,594,0.05208333333333337,7.598199954372831e-05,0.0908670425415039,True
831,3475,0.0625,7.747600102447905e-05,0.09085941314697266,False
832,3095,0.0625,7.571700189146213e-05,0.09085941314697266,True
833,70,0.0625,7.26609978300985e-05,0.09085941314697266,False
838,2906,0.08333333333333337,9.33599985728506e-05,0.09084415435791016,False
839,3668,0.0625,7.455399827449583e-05,0.09085941314697266,False
840,3350,0.04166666666666663,0.00013419300012174062,0.09087467193603516,False
841,70,0.0625,7.252800060086884e-05,0.09085941314697266,False
842,3050,0.05208333333333337,7.3133000114467e-05,0.0908670425415039,True
844,6883,0.07291666666666663,8.393400275963359e-05,0.0908517837524414,True
852,594,0.08333333333333337,8.87040005181916e-05,0.09084415435791016,True
855,624,0.05208333333333337,7.38220005587209e-05,0.0908670425415039,True
857,636,0.01041666666666663,7.267399996635504e-05,0.0908975601196289,True
858,3380,0.04166666666666663,7.108800127753057e-05,0.09087467193603516,False
859,6279,0.0625,7.539500074926764e-05,0.09085941314697266,False
860,3078,0.0625,7.319100041058846e-05,0.09085941314697266,True
861,529,0.07291666666666663,7.559200093965046e-05,0.0908517837524414,True
862,26,0.03125,7.609899694216438e-05,0.0909280776977539,False
863,6864,0.05208333333333337,7.393799751298502e-05,0.0908670425415039,True
864,5278,0.0625,7.495099998777732e-05,0.09085941314697266,False
865,594,0.0625,7.327400089707226e-05,0.09085941314697266,True
867,5278,0.07291666666666663,8.285500007332303e-05,0.0908517837524414,False
868,8155,0.0625,7.119099973351695e-05,0.09085941314697266,True
870,1477,0.07291666666666663,7.176500002969988e-05,0.0908517837524414,False
871,583,0.07291666666666663,7.488199844374321e-05,0.0908517837524414,True
872,529,0.08333333333333337,7.532299787271768e-05,0.09084415435791016,True
873,3050,0.0625,7.334600013564341e-05,0.09085941314697266,True
876,529,0.05208333333333337,7.362999895121902e-05,0.0908670425415039,True
879,671,0.0625,7.203399945865385e-05,0.09085941314697266,True
880,529,0.0625,7.538999852840789e-05,0.09085941314697266,True
882,529,0.0625,7.402600022032857e-05,0.09085941314697266,True
883,1440,0.04166666666666663,7.089200153131969e-05,0.09087467193603516,False
886,3160,0.07291666666666663,7.44479984859936e-05,0.0908517837524414,True
892,529,0.0625,7.693299994571134e-05,0.09085941314697266,True
894,2789,0.07291666666666663,8.756099850870669e-05,0.0908517837524414,False
898,661,0.0625,7.379800081253052e-05,0.09085941314697266,True
899,7786,0.0625,7.282599835889414e-05,0.09085941314697266,False
900,7786,0.0625,7.604600250488147e-05,0.09085941314697266,False
901,3096,0.09375,7.433800055878237e-05,0.0908365249633789,True
903,594,0.05208333333333337,8.954399891081266e-05,0.0908670425415039,True
910,5131,0.07291666666666663,7.148499935283326e-05,0.0908517837524414,False
911,6883,0.05208333333333337,7.618099698447622e-05,0.0908670425415039,True
912,2789,0.03125,7.315500261029229e-05,0.0908823013305664,False
914,624,0.0625,7.302800077013671e-05,0.09085941314697266,True
917,1478,0.07291666666666663,7.206699956441298e-05,0.0908517837524414,False
921,565,0.03125,7.527100024162792e-05,0.0908823013305664,True
923,681,0.07291666666666663,7.361800089711323e-05,0.0908517837524414,True
925,7752,0.08333333333333337,7.362099859165028e-05,0.09084415435791016,False
928,3050,0.05208333333333337,7.443099821102805e-05,0.0908670425415039,True
929,7786,0.0625,7.28839986550156e-05,0.09085941314697266,False
931,70,0.07291666666666663,8.719800098333508e-05,0.0908517837524414,False
932,775,0.09375,7.133600229281001e-05,0.0908365249633789,True
934,3420,0.0625,7.138000000850298e-05,0.09085941314697266,False
936,5196,0.0625,7.222799831652083e-05,0.09085941314697266,False
942,3096,0.07291666666666663,7.329499931074679e-05,0.0908517837524414,True
944,681,0.07291666666666663,7.30459978512954e-05,0.0908517837524414,True
945,671,0.07291666666666663,7.171200195443816e-05,0.0908517837524414,True
947,5233,0.04166666666666663,7.25800018699374e-05,0.09087467193603516,False
948,5909,0.04166666666666663,7.013999857008457e-05,0.09087467193603516,False
949,7791,0.05208333333333337,7.279200144694187e-05,0.0908670425415039,False
952,647,0.05208333333333337,7.226900197565556e-05,0.0908670425415039,True
953,7786,0.0625,0.00010427500092191622,0.09085941314697266,False
954,594,0.05208333333333337,7.498199920519255e-05,0.0908670425415039,True
955,3453,0.04166666666666663,7.414700303343125e-05,0.09087467193603516,False
956,640,0.04166666666666663,7.365400233538821e-05,0.09087467193603516,True
957,5222,0.0625,7.46789992263075e-05,0.09085941314697266,False
961,6269,0.04166666666666663,7.28859995433595e-05,0.09087467193603516,False
963,1477,0.07291666666666663,7.336099952226505e-05,0.0908517837524414,False
968,2800,0.08333333333333337,7.286600157385692e-05,0.09084415435791016,False
969,813,0.08333333333333337,7.387700316030532e-05,0.09084415435791016,True
970,1478,0.07291666666666663,0.00013551500160247087,0.0908517837524414,False
971,154,0.07291666666666663,7.588399967062287e-05,0.0908517837524414,False
973,1477,0.07291666666666663,7.453500074916519e-05,0.0908517837524414,False
974,633,0.04166666666666663,8.026599971344694e-05,0.09087467193603516,True
977,154,0.0625,8.868800068739802e-05,0.09085941314697266,False
979,729,0.04166666666666663,7.328600258915685e-05,0.09087467193603516,True
981,671,0.0625,7.263100269483402e-05,0.09085941314697266,True
983,3050,0.0625,7.277400072780438e-05,0.09085941314697266,True
985,813,0.07291666666666663,7.722000009380281e-05,0.0908517837524414,True
986,3078,0.09375,7.338999785133637e-05,0.0908365249633789,True
988,3038,0.07291666666666663,7.440099943778478e-05,0.0908517837524414,True
990,3050,0.07291666666666663,7.604200072819367e-05,0.0908517837524414,True
991,70,0.05208333333333337,7.35100002202671e-05,0.0908670425415039,False
992,775,0.0625,7.108700083335862e-05,0.09085941314697266,True
994,2791,0.02083333333333337,7.152299804147333e-05,0.09088993072509766,False
995,88,0.05208333333333337,7.114899926818907e-05,0.0908670425415039,False
996,2789,0.07291666666666663,7.185399954323657e-05,0.0908517837524414,False
999,594,0.05208333333333337,8.676099969306961e-05,0.0908670425415039,True
1002,760,0.04166666666666663,7.092200030456297e-05,0.09087467193603516,True
1004,7786,0.0625,7.224199725897051e-05,0.09085941314697266,False
1005,594,0.0625,7.409400132019073e-05,0.09085941314697266,True
1006,671,0.0625,7.10139975126367e-05,0.09085941314697266,True
1011,1478,0.04166666666666663,0.00010180100071011111,0.09087467193603516,False
1013,671,0.05208333333333337,7.229699986055493e-05,0.0908670425415039,True
1014,529,0.0625,8.04090013843961e-05,0.09085941314697266,True
1016,760,0.05208333333333337,7.252000068547204e-05,0.0908670425415039,True
1019,813,0.08333333333333337,7.850200199754909e-05,0.09084415435791016,True
1020,3096,0.08333333333333337,7.369499871856533e-05,0.09084415435791016,True
1022,827,0.05208333333333337,8.518899994669482e-05,0.0908670425415039,True
1026,3038,0.09375,9.001999933389015e-05,0.0908365249633789,True
1027,640,0.0625,7.256099706864916e-05,0.09085941314697266,True
1028,813,0.05208333333333337,7.286900290637277e-05,0.0908670425415039,True
1030,594,0.07291666666666663,7.296700277947821e-05,0.0908517837524414,True
1031,5131,0.07291666666666663,7.31979998818133e-05,0.0908517837524414,False
1032,640,0.08333333333333337,7.122200258891098e-05,0.09084415435791016,True
1033,624,0.08333333333333337,0.00019557499763322994,0.09084415435791016,True
1034,5222,0.0625,7.429700053762645e-05,0.09085941314697266,False
1035,813,0.09375,7.096199988154694e-05,0.0908365249633789,True
1037,529,0.07291666666666663,7.394699787255377e-05,0.0908517837524414,True
1038,7786,0.05208333333333337,7.25779973436147e-05,0.0908670425415039,False
1043,594,0.0625,7.58480018703267e-05,0.09085941314697266,True
1047,729,0.05208333333333337,7.224000000860542e-05,0.0908670425415039,True
1048,594,0.05208333333333337,7.320900112972595e-05,0.0908670425415039,True
1050,529,0.07291666666666663,7.385299977613613e-05,0.0908517837524414,True
1053,5278,0.08333333333333337,7.197199738584459e-05,0.09084415435791016,False
1057,3096,0.0625,7.309899956453592e-05,0.09085941314697266,True
1058,529,0.07291666666666663,8.485800208291039e-05,0.0908517837524414,True
1059,624,0.08333333333333337,7.824800195521675e-05,0.09084415435791016,True
1060,671,0.03125,7.14330017217435e-05,0.0908823013305664,True
1063,7262,0.08333333333333337,7.60669972805772e-05,0.09084415435791016,True
1068,1848,0.07291666666666663,7.238600301207043e-05,0.0908517837524414,True
1069,1855,0.07291666666666663,7.174100028350949e-05,0.0908517837524414,True
1070,7400,0.07291666666666663,7.91689999459777e-05,0.0908517837524414,True
1071,1849,0.07291666666666663,7.139599983929656e-05,0.0908517837524414,True
1072,1848,0.07291666666666663,8.104399967123754e-05,0.0908517837524414,True
1078,1791,0.08333333333333337,7.378999725915492e-05,0.09084415435791016,True
1080,7322,0.0625,7.749799988232553e-05,0.09085941314697266,True
1081,1790,0.08333333333333337,7.965300028445199e-05,0.09084415435791016,True
1082,1780,0.08333333333333337,8.591500227339566e-05,0.09084415435791016,True
1084,1780,0.08333333333333337,7.293200178537518e-05,0.09084415435791016,True
1085,1833,0.0625,7.385199933196418e-05,0.09085941314697266,True
1088,1822,0.0625,7.43670025258325e-05,0.09085941314697266,True
1090,1565,0.07291666666666663,7.652999920537695e-05,0.0908517837524414,True
1092,1832,0.07291666666666663,7.21180003893096e-05,0.0908517837524414,True
1093,1833,0.07291666666666663,7.197999730124138e-05,0.0908517837524414,True
1097,1565,0.13541666666666663,7.410000034724362e-05,0.0908060073852539,True
1100,7297,0.08333333333333337,7.331900269491598e-05,0.09084415435791016,True
1101,7330,0.0625,7.382499825325795e-05,0.09085941314697266,True
1103,7504,0.0625,7.774400000926107e-05,0.09085941314697266,True
1104,7510,0.0625,7.707099939580075e-05,0.09085941314697266,True
1106,7563,0.04166666666666663,9.634399975766428e-05,0.09087467193603516,True
1109,7309,0.04166666666666663,7.490000280085951e-05,0.09087467193603516,True
1111,7534,0.08333333333333337,7.801700121490285e-05,0.09084415435791016,True
1112,7293,0.04166666666666663,8.04940027592238e-05,0.09087467193603516,True
1113,7309,0.05208333333333337,8.676300058141351e-05,0.0908670425415039,True
1114,7534,0.04166666666666663,0.00011246900248806924,0.09087467193603516,True
1115,3945,0.0625,8.11140016594436e-05,0.09085941314697266,True
1117,7322,0.0625,7.76330016378779e-05,0.09085941314697266,True
1118,7322,0.0625,7.421199916279875e-05,0.09085941314697266,True
1119,7309,0.08333333333333337,7.558899960713461e-05,0.09084415435791016,True
1120,7594,0.07291666666666663,7.587800064356998e-05,0.0908517837524414,True
1122,2716,0.125,0.00010036399908130988,0.09081363677978516,False
1123,7294,0.07291666666666663,7.708900011493824e-05,0.0908517837524414,True
1126,7463,0.0625,7.333399844355881e-05,0.09085941314697266,True
1128,7460,0.05208333333333337,7.741000081296079e-05,0.0908670425415039,True
1130,7460,0.04166666666666663,9.550499817123637e-05,0.09087467193603516,True
1131,7459,0.04166666666666663,7.59230024414137e-05,0.09087467193603516,True
1139,7243,0.0625,7.669699698453769e-05,0.09085941314697266,True
1141,7244,0.05208333333333337,7.890300184953958e-05,0.0908670425415039,True
1142,7243,0.09375,9.055099872057326e-05,0.0908365249633789,True
1143,7243,0.09375,7.80830014264211e-05,0.0908365249633789,True
1144,7243,0.05208333333333337,7.573200127808377e-05,0.0908670425415039,True
1145,7244,0.0625,7.355199704761617e-05,0.09085941314697266,True
1147,7243,0.08333333333333337,7.694799933233298e-05,0.09084415435791016,True
1151,7243,0.0625,7.48249985917937e-05,0.09085941314697266,True
1153,7243,0.05208333333333337,9.964399941964075e-05,0.0908670425415039,True
1154,7319,0.08333333333333337,7.924699821160175e-05,0.09084415435791016,True
1157,7244,0.04166666666666663,7.442000060109422e-05,0.09087467193603516,True
1160,7522,0.07291666666666663,9.61520017881412e-05,0.0908517837524414,True
1164,8884,0.13541666666666663,7.378599912044592e-05,0.0908060073852539,False
1166,4033,0.07291666666666663,8.21129979158286e-05,0.0908517837524414,True
1167,7322,0.05208333333333337,7.317999916267581e-05,0.0908670425415039,True
1169,7326,0.07291666666666663,7.370499952230603e-05,0.0908517837524414,True
1171,3807,0.13541666666666663,7.434500003000721e-05,0.0908060073852539,True
1172,4024,0.08333333333333337,7.502200242015533e-05,0.09084415435791016,True
1174,7326,0.05208333333333337,8.7622000137344e-05,0.0908670425415039,True
1175,7594,0.04166666666666663,7.411099795717746e-05,0.09087467193603516,True
1176,3790,0.11458333333333337,7.47619997127913e-05,0.0908212661743164,True
1177,1659,0.10416666666666663,7.328399806283414e-05,0.09082889556884766,True
1181,7297,0.02083333333333337,7.346699931076728e-05,0.09088993072509766,True
1182,3892,0.0625,7.57609996071551e-05,0.09085941314697266,True
1183,7558,0.03125,7.523499880335294e-05,0.0908823013305664,True
1185,7243,0.0625,7.678900146856904e-05,0.09085941314697266,True
1188,7330,0.04166666666666663,7.42820011510048e-05,0.09087467193603516,True
1189,3892,0.05208333333333337,7.400899994536303e-05,0.0908670425415039,True
1192,2943,0.08333333333333337,7.523399835918099e-05,0.09084415435791016,False
1193,6556,0.08333333333333337,7.3895000241464e-05,0.09084415435791016,False
1194,7522,0.10416666666666663,7.838799865567125e-05,0.09082889556884766,True
1195,7504,0.05208333333333337,7.291400106623769e-05,0.0908670425415039,True
1196,7486,0.0625,9.239300197805278e-05,0.09085941314697266,True
1197,7460,0.05208333333333337,7.551100134151056e-05,0.0908670425415039,True
1199,7330,0.04166666666666663,9.457000123802572e-05,0.09087467193603516,True
1200,7333,0.05208333333333337,7.2821003413992e-05,0.0908670425415039,True
1201,7288,0.04166666666666663,7.659100083401427e-05,0.09087467193603516,True
1204,7302,0.04166666666666663,9.226600013789721e-05,0.09087467193603516,True
1206,7558,0.0625,7.780200030538253e-05,0.09085941314697266,True
1210,7563,0.05208333333333337,7.463200017809868e-05,0.0908670425415039,True
1211,7333,0.04166666666666663,7.39030001568608e-05,0.09087467193603516,True
1213,7293,0.04166666666666663,8.942500062403269e-05,0.09087467193603516,True
1214,7330,0.04166666666666663,7.292599912034348e-05,0.09087467193603516,True
1215,7294,0.05208333333333337,7.345800258917734e-05,0.0908670425415039,True
1216,7275,0.0625,7.587099753436632e-05,0.09085941314697266,True
1217,7504,0.0625,7.373100015684031e-05,0.09085941314697266,True
1218,7302,0.0625,7.281599755515344e-05,0.09085941314697266,True
1219,7297,0.05208333333333337,8.295499719679356e-05,0.0908670425415039,True
1221,7333,0.04166666666666663,7.284199818968773e-05,0.09087467193603516,True
1222,7333,0.04166666666666663,7.231700146803632e-05,0.09087467193603516,True
1224,7297,0.05208333333333337,9.185499948216602e-05,0.0908670425415039,True
1226,7486,0.07291666666666663,7.42009979148861e-05,0.0908517837524414,True
1227,7563,0.05208333333333337,7.363899931078777e-05,0.0908670425415039,True
1230,7330,0.05208333333333337,7.330299922614358e-05,0.0908670425415039,True
1233,7302,0.07291666666666663,7.296799958567135e-05,0.0908517837524414,True
1234,7504,0.05208333333333337,7.25860008969903e-05,0.0908670425415039,True
1236,7294,0.05208333333333337,7.236400051624514e-05,0.0908670425415039,True
1238,7294,0.05208333333333337,7.316099799936637e-05,0.0908670425415039,True
1239,7625,0.0625,7.501900108763948e-05,0.09085941314697266,True
1240,7302,0.0625,8.29029995657038e-05,0.09085941314697266,True
1241,7510,0.0625,7.826000000932254e-05,0.09085941314697266,True
1242,7297,0.0625,7.366200225078501e-05,0.09085941314697266,True
1243,7534,0.04166666666666663,7.7402000897564e-05,0.09087467193603516,True
1244,7275,0.0625,7.753299723844975e-05,0.09085941314697266,True
1248,7534,0.05208333333333337,7.320900112972595e-05,0.0908670425415039,True
1249,7326,0.05208333333333337,7.721499787294306e-05,0.0908670425415039,True
1252,1822,0.08333333333333337,7.578200165880844e-05,0.09084415435791016,True
1253,1565,0.08333333333333337,7.469599950127304e-05,0.09084415435791016,True
1255,7322,0.0625,7.472200013580732e-05,0.09085941314697266,True
1256,7594,0.0625,9.084599878406152e-05,0.09085941314697266,True
1257,7309,0.0625,7.318599818972871e-05,0.09085941314697266,True
1260,7309,0.07291666666666663,7.553000250482e-05,0.0908517837524414,True
1261,7594,0.04166666666666663,7.348700091824867e-05,0.09087467193603516,True
1262,1833,0.0625,8.0418998550158e-05,0.09085941314697266,True
1264,7309,0.05208333333333337,7.685899981879629e-05,0.0908670425415039,True
1265,7594,0.07291666666666663,7.501499931095168e-05,0.0908517837524414,True
1266,7628,0.07291666666666663,7.565000123577192e-05,0.0908517837524414,True
1268,1790,0.07291666666666663,7.392200132017024e-05,0.0908517837524414,True
1269,7326,0.0625,9.057900024345145e-05,0.09085941314697266,True
1272,7322,0.0625,7.324699981836602e-05,0.09085941314697266,True
1275,7628,0.05208333333333337,7.333199755521491e-05,0.0908670425415039,True
1277,7594,0.03125,7.418300083372742e-05,0.0908823013305664,True
1278,7322,0.05208333333333337,0.0001679840024735313,0.0908670425415039,True
1283,7326,0.05208333333333337,7.539900252595544e-05,0.0908670425415039,True
1285,4350,0.11458333333333337,8.559799971408211e-05,0.0908212661743164,True
1286,7322,0.0625,7.275900134118274e-05,0.09085941314697266,True
1287,7326,0.04166666666666663,7.471099888789468e-05,0.09087467193603516,True
1289,7322,0.05208333333333337,7.649200051673688e-05,0.0908670425415039,True
1291,327,0.08333333333333337,7.379599992418662e-05,0.09084415435791016,True
1293,483,0.0625,7.890599954407662e-05,0.09085941314697266,True
1295,4501,0.07291666666666663,7.44360004318878e-05,0.0908517837524414,True
1296,4501,0.0625,8.233399785240181e-05,0.09085941314697266,True
1298,2763,0.05208333333333337,7.622999692102894e-05,0.0908670425415039,False
1299,2943,0.08333333333333337,7.602200275869109e-05,0.09084415435791016,False
1300,4516,0.07291666666666663,7.527499838033691e-05,0.0908517837524414,True
1305,7326,0.09375,7.490500138374045e-05,0.0908365249633789,True
1307,7322,0.07291666666666663,8.324199734488502e-05,0.0908517837524414,True
1308,7596,0.0625,7.501399886677973e-05,0.09085941314697266,True
1309,7628,0.04166666666666663,8.896299914340489e-05,0.09087467193603516,True
1310,7583,0.07291666666666663,7.481600187020376e-05,0.0908517837524414,True
1311,7594,0.07291666666666663,7.41340008971747e-05,0.0908517837524414,True
1312,7326,0.0625,7.290299981832504e-05,0.09085941314697266,True
1315,7596,0.0625,7.395200009341352e-05,0.09085941314697266,True
1317,7326,0.10416666666666663,7.4052997661056e-05,0.09082889556884766,True
1318,4516,0.08333333333333337,0.0002898439997807145,0.09084415435791016,True
1320,2763,0.07291666666666663,7.459100015694275e-05,0.0908517837524414,False
1322,2763,0.05208333333333337,7.294600072782487e-05,0.0908670425415039,False
1325,2763,0.09375,7.410499893012457e-05,0.0908365249633789,False
1326,2763,0.08333333333333337,7.244800144690089e-05,0.09084415435791016,False
1327,2943,0.09375,7.998799992492422e-05,0.0908365249633789,False
1331,4516,0.0625,7.298999844351783e-05,0.09085941314697266,True
1332,2763,0.05208333333333337,8.872800026438199e-05,0.0908670425415039,False
1333,2763,0.05208333333333337,7.299600110854954e-05,0.0908670425415039,False
1335,7243,0.07291666666666663,7.635799920535646e-05,0.0908517837524414,True
1336,7319,0.08333333333333337,7.39799979783129e-05,0.09084415435791016,True
1340,7244,0.0625,7.46830010029953e-05,0.09085941314697266,True
1341,7262,0.05208333333333337,7.771099990350194e-05,0.0908670425415039,True
1342,7243,0.07291666666666663,7.747400013613515e-05,0.0908517837524414,True
1344,7463,0.09375,7.300600191229023e-05,0.0908365249633789,True
1345,6556,0.07291666666666663,7.317700146813877e-05,0.0908517837524414,False
1347,2763,0.0625,7.383800038951449e-05,0.09085941314697266,False
1353,6556,0.05208333333333337,8.723199789528735e-05,0.0908670425415039,False
1356,4516,0.05208333333333337,9.090000094147399e-05,0.0908670425415039,True
1357,2935,0.05208333333333337,7.6070999057265e-05,0.0908670425415039,False
1358,6556,0.07291666666666663,7.364699922618456e-05,0.0908517837524414,False
1359,2763,0.08333333333333337,7.760799780953676e-05,0.09084415435791016,False
1362,2943,0.07291666666666663,7.11069988028612e-05,0.0908517837524414,False
1364,2763,0.05208333333333337,7.401599941658787e-05,0.0908670425415039,False
1365,6556,0.0625,7.331599772442132e-05,0.09085941314697266,False
1366,4516,0.09375,7.470499986084178e-05,0.0908365249633789,True
1367,2935,0.0625,7.51330007915385e-05,0.09085941314697266,False
1369,2763,0.0625,7.298999844351783e-05,0.09085941314697266,False
1370,2943,0.08333333333333337,7.443200229317881e-05,0.09084415435791016,False
1371,6556,0.0625,8.445799903711304e-05,0.09085941314697266,False
1378,6556,0.04166666666666663,7.412700142594986e-05,0.09087467193603516,False
1380,2763,0.07291666666666663,8.853599865688011e-05,0.0908517837524414,False
1382,2763,0.0625,7.31149993953295e-05,0.09085941314697266,False
1385,6556,0.0625,7.443899812642485e-05,0.09085941314697266,False
1390,2763,0.05208333333333337,7.41440017009154e-05,0.0908670425415039,False
1392,2763,0.05208333333333337,9.925899939844385e-05,0.0908670425415039,False
1400,2763,0.08333333333333337,7.386899960692972e-05,0.09084415435791016,False
1401,7275,0.08333333333333337,7.344199912040494e-05,0.09084415435791016,True
1403,6556,0.08333333333333337,7.594399721710943e-05,0.09084415435791016,False
1404,2935,0.05208333333333337,7.21950018487405e-05,0.0908670425415039,False
1405,2763,0.05208333333333337,0.00010336199920857325,0.0908670425415039,False
1408,2935,0.05208333333333337,7.439100227202289e-05,0.0908670425415039,False
1410,6556,0.05208333333333337,7.304899918381125e-05,0.0908670425415039,False
1411,2763,0.0625,7.464200098183937e-05,0.09085941314697266,False
1412,6556,0.04166666666666663,7.40549985493999e-05,0.09087467193603516,False
1413,6556,0.07291666666666663,7.407999873976223e-05,0.0908517837524414,False
1415,2923,0.09375,7.565600026282482e-05,0.0908365249633789,False
1416,2923,0.09375,8.797100235824473e-05,0.0908365249633789,False
1417,7596,0.07291666666666663,8.146199979819357e-05,0.0908517837524414,True
1418,2733,0.05208333333333337,7.666199962841347e-05,0.0908670425415039,False
1420,2733,0.05208333333333337,7.23490011296235e-05,0.0908670425415039,False
1421,2733,0.05208333333333337,7.563400140497833e-05,0.0908670425415039,False
1422,2474,0.05208333333333337,7.392600309685804e-05,0.0908670425415039,True
1423,6391,0.07291666666666663,7.212799755507149e-05,0.0908517837524414,False
1428,6391,0.07291666666666663,0.0001408380012435373,0.0908517837524414,False
1429,6391,0.07291666666666663,7.299099888768978e-05,0.0908517837524414,False
1430,6391,0.07291666666666663,7.37369991838932e-05,0.0908517837524414,False
1433,6391,0.07291666666666663,7.607400038978085e-05,0.0908517837524414,False
1434,6391,0.07291666666666663,7.250799899338745e-05,0.0908517837524414,False
1435,1545,0.08333333333333337,7.540200022049248e-05,0.09084415435791016,False
1436,6391,0.08333333333333337,7.333000030484982e-05,0.09084415435791016,False
1437,1545,0.09375,7.264300074893981e-05,0.0908365249633789,False
1438,3714,0.11458333333333337,8.513500142726116e-05,0.0908212661743164,False
1442,2252,0.125,7.209899922600016e-05,0.09081363677978516,True
1444,2252,0.07291666666666663,8.820499715511687e-05,0.0908517837524414,True
1445,2384,0.08333333333333337,7.363400072790682e-05,0.09084415435791016,True
1446,2252,0.07291666666666663,7.467400064342655e-05,0.0908517837524414,True
1447,8436,0.07291666666666663,7.356800051638857e-05,0.0908517837524414,False
1449,2417,0.05208333333333337,7.622799967066385e-05,0.0908670425415039,True
1450,8436,0.08333333333333337,7.276099859154783e-05,0.09084415435791016,False
1452,2317,0.0625,7.323600220843218e-05,0.09085941314697266,True
1453,2317,0.04166666666666663,8.793500091996975e-05,0.09087467193603516,True
1454,2317,0.0625,7.895399903645739e-05,0.09085941314697266,True
1457,2733,0.02083333333333337,7.52140003896784e-05,0.09088993072509766,False
1460,2337,0.08333333333333337,8.539800182916224e-05,0.09084415435791016,True
1463,7163,0.08333333333333337,7.459900007233955e-05,0.09084415435791016,False
1464,2317,0.0625,7.239800106617622e-05,0.09085941314697266,True
1465,8417,0.07291666666666663,8.035000064410269e-05,0.0908517837524414,False
1467,8436,0.09375,8.213799810619093e-05,0.0908365249633789,False
1468,8417,0.08333333333333337,7.314700269489549e-05,0.09084415435791016,False
1469,4712,0.13541666666666663,8.63899986143224e-05,0.0908060073852539,False
1473,2317,0.05208333333333337,7.37390000722371e-05,0.0908670425415039,True
1477,8436,0.0625,0.0001001029995677527,0.09085941314697266,False
1478,8271,0.09375,7.35989997338038e-05,0.0908365249633789,False
1483,2350,0.0625,8.438999793725088e-05,0.09085941314697266,True
1485,2252,0.04166666666666663,7.931599975563586e-05,0.09087467193603516,True
1487,2335,0.11458333333333337,7.52220003050752e-05,0.0908212661743164,True
1489,8417,0.07291666666666663,7.53699969209265e-05,0.0908517837524414,False
1491,8436,0.08333333333333337,7.370599996647798e-05,0.09084415435791016,False
1493,2335,0.07291666666666663,8.300300032715313e-05,0.0908517837524414,True
1494,2317,0.05208333333333337,7.228199683595449e-05,0.0908670425415039,True
1495,8417,0.05208333333333337,7.389000165858306e-05,0.0908670425415039,False
1496,2317,0.05208333333333337,7.303099846467376e-05,0.0908670425415039,True
1497,2317,0.09375,7.468200055882335e-05,0.0908365249633789,True
1501,2317,0.0625,7.352399916271679e-05,0.09085941314697266,True
1502,7163,0.07291666666666663,7.363400072790682e-05,0.0908517837524414,False
1508,2317,0.04166666666666663,7.26509970263578e-05,0.09087467193603516,True
1509,2317,0.04166666666666663,7.527099660364911e-05,0.09087467193603516,True
1513,2317,0.05208333333333337,7.48249985917937e-05,0.0908670425415039,True
1516,2317,0.0625,7.440799890900962e-05,0.09085941314697266,True
1517,2902,0.04166666666666663,7.281000216607936e-05,0.09087467193603516,False
1519,2327,0.11458333333333337,7.945199831738137e-05,0.0908212661743164,True
1522,8417,0.07291666666666663,7.348899816861376e-05,0.0908517837524414,False
1523,2317,0.10416666666666663,7.213299977593124e-05,0.09082889556884766,True
1524,2317,0.05208333333333337,7.388199810520746e-05,0.0908670425415039,True
1527,7163,0.07291666666666663,7.257099787238985e-05,0.0908517837524414,False
1530,2317,0.10416666666666663,7.36760011932347e-05,0.09082889556884766,True
1531,2317,0.07291666666666663,7.395799912046641e-05,0.0908517837524414,True
1535,2317,0.05208333333333337,7.443099821102805e-05,0.0908670425415039,True
1537,7163,0.0625,8.902099943952635e-05,0.09085941314697266,False
1540,2340,0.0625,7.552300303359516e-05,0.09085941314697266,True
1542,2317,0.07291666666666663,7.364300108747557e-05,0.0908517837524414,True
1543,2902,0.05208333333333337,7.18020019121468e-05,0.0908670425415039,False
1545,2902,0.07291666666666663,8.058099774643779e-05,0.0908517837524414,False
1547,8417,0.0625,7.257700053742155e-05,0.09085941314697266,False
1548,7163,0.02083333333333337,7.261999780894257e-05,0.09088993072509766,False
1553,8402,0.05208333333333337,7.511199873988517e-05,0.0908670425415039,False
1554,2902,0.05208333333333337,7.502699736505747e-05,0.0908670425415039,False
1556,6571,0.04166666666666663,7.424599971272983e-05,0.09087467193603516,False
1559,4143,0.05208333333333337,7.383800038951449e-05,0.0908670425415039,False
1562,7098,0.05208333333333337,7.425199873978272e-05,0.0908670425415039,False
1563,8438,0.04166666666666663,7.368800288531929e-05,0.09087467193603516,False
1567,5448,0.04166666666666663,7.22740005585365e-05,0.09087467193603516,False
1568,7163,0.02083333333333337,7.174699931056239e-05,0.09088993072509766,False
1569,2902,0.07291666666666663,7.146300049498677e-05,0.0908517837524414,False
1572,7163,0.02083333333333337,7.294800161616877e-05,0.09088993072509766,False
1573,2902,0.05208333333333337,7.29749990568962e-05,0.0908670425415039,False
1575,2902,0.08333333333333337,7.26469988876488e-05,0.09084415435791016,False
1577,2902,0.03125,7.683000148972496e-05,0.0908823013305664,False
1579,7163,0.05208333333333337,9.147399759967811e-05,0.0908670425415039,False
1580,6571,0.03125,7.397100125672296e-05,0.0908823013305664,False
1583,2902,0.04166666666666663,7.845399886718951e-05,0.09087467193603516,False
1584,7163,0.04166666666666663,7.217199890874326e-05,0.09087467193603516,False
1586,8317,0.07291666666666663,7.349299994530156e-05,0.0908517837524414,False
1590,7163,0.05208333333333337,7.237200043164194e-05,0.0908670425415039,False
1591,7163,0.0625,7.385999924736097e-05,0.09085941314697266,False
1593,2335,0.07291666666666663,8.919199899537489e-05,0.0908517837524414,True
1594,2317,0.07291666666666663,7.629500032635406e-05,0.0908517837524414,True
1595,2336,0.08333333333333337,8.406300185015425e-05,0.09084415435791016,True
1597,2902,0.05208333333333337,7.51289990148507e-05,0.0908670425415039,False
1598,2336,0.09375,7.381800242001191e-05,0.0908365249633789,True
1599,7163,0.05208333333333337,7.287499829544686e-05,0.0908670425415039,False
1602,2417,0.125,7.62939998821821e-05,0.09081363677978516,True
1606,4270,0.10416666666666663,8.284200157504529e-05,0.09082889556884766,False
1610,8436,0.10416666666666663,7.723499948042445e-05,0.09082889556884766,False
1612,2800,0.09375,8.735599840292707e-05,0.0908365249633789,False
1616,892,0.04166666666666663,7.36740003048908e-05,0.09087467193603516,False
1620,892,0.03125,7.621799886692315e-05,0.0908823013305664,False
1622,1545,0.08333333333333337,7.696999819017947e-05,0.09084415435791016,False
1625,2789,0.05208333333333337,8.878399967215955e-05,0.0908670425415039,False
1626,5809,0.0625,7.197900049504824e-05,0.09085941314697266,False
1628,1545,0.10416666666666663,0.0002635649980220478,0.09082889556884766,False
1630,4174,0.07291666666666663,7.254400043166243e-05,0.0908517837524414,False
1631,2369,0.08333333333333337,7.236800229293294e-05,0.09084415435791016,True
1632,2288,0.15625,7.336299677263014e-05,0.0907907485961914,True
1637,4174,0.07291666666666663,7.107700002961792e-05,0.0908517837524414,False
1638,4174,0.07291666666666663,0.00014699299936182797,0.0908517837524414,False
1639,2733,0.0625,7.1111000579549e-05,0.09085941314697266,False
1641,6391,0.04166666666666663,7.31309992261231e-05,0.09087467193603516,False
1642,2733,0.0625,7.020600241958164e-05,0.09085941314697266,False
1643,2733,0.0625,7.215100049506873e-05,0.09085941314697266,False
1644,2733,0.0625,7.213999924715608e-05,0.09085941314697266,False
1646,2733,0.0625,7.124900002963841e-05,0.09085941314697266,False
1648,2733,0.0625,8.323300062329508e-05,0.09085941314697266,False
1649,2733,0.0625,7.357999857049435e-05,0.09085941314697266,False
1651,2733,0.0625,7.21930009603966e-05,0.09085941314697266,False
1654,4712,0.125,7.457500032614917e-05,0.09081363677978516,False
1656,2733,0.0625,7.277899931068532e-05,0.09085941314697266,False
1657,6391,0.04166666666666663,7.240600098157302e-05,0.09087467193603516,False
1661,1526,0.08333333333333337,7.259900303324685e-05,0.09084415435791016,False
1662,2532,0.11458333333333337,7.243499931064434e-05,0.0908212661743164,False
1663,2733,0.07291666666666663,7.32059997972101e-05,0.0908517837524414,False
1665,2733,0.0625,7.180700049502775e-05,0.09085941314697266,False
1666,2733,0.0625,7.691100108786486e-05,0.09085941314697266,False
1667,2733,0.0625,7.927299884613603e-05,0.09085941314697266,False
1668,1525,0.10416666666666663,0.00019753799642785452,0.09082889556884766,False
1670,2733,0.0625,7.195299986051396e-05,0.09085941314697266,False
1671,6391,0.0625,7.317299969145097e-05,0.09085941314697266,False
1675,2538,0.07291666666666663,7.259899939526804e-05,0.0908517837524414,False
1676,2733,0.0625,7.258899859152734e-05,0.09085941314697266,False
1679,6391,0.05208333333333337,7.189800089690834e-05,0.0908670425415039,False
1680,2733,0.0625,7.245899905683473e-05,0.09085941314697266,False
1685,1526,0.08333333333333337,7.448199903592467e-05,0.09084415435791016,False
1687,2733,0.05208333333333337,7.17470029485412e-05,0.0908670425415039,False
1688,2733,0.0625,9.380199844599701e-05,0.09085941314697266,False
1690,2733,0.05208333333333337,7.273099981830455e-05,0.0908670425415039,False
1691,6391,0.05208333333333337,7.365800047409721e-05,0.0908670425415039,False
1692,2715,0.125,7.244699736475013e-05,0.09081363677978516,False
1693,2733,0.05208333333333337,8.060699838097207e-05,0.0908670425415039,False
1694,6391,0.04166666666666663,7.209999967017211e-05,0.09087467193603516,False
1697,2532,0.11458333333333337,7.36639995011501e-05,0.0908212661743164,False
1699,6391,0.08333333333333337,8.159299977705814e-05,0.09084415435791016,False
1700,2733,0.07291666666666663,7.268400077009574e-05,0.0908517837524414,False
1701,2369,0.08333333333333337,7.154100239858963e-05,0.09084415435791016,True
1702,1527,0.09375,8.047099981922656e-05,0.0908365249633789,False
1703,6391,0.10416666666666663,7.246200038935058e-05,0.09082889556884766,False
1704,6391,0.125,7.716899926890619e-05,0.09081363677978516,False
1706,6391,0.04166666666666663,7.183900015661493e-05,0.09087467193603516,False
1709,2474,0.07291666666666663,7.495300087612122e-05,0.0908517837524414,True
1711,2446,0.10416666666666663,7.268100307555869e-05,0.09082889556884766,True
1715,2474,0.07291666666666663,9.252800009562634e-05,0.0908517837524414,True
1717,2369,0.08333333333333337,7.520000144722871e-05,0.09084415435791016,True
1718,2474,0.07291666666666663,7.415100117214024e-05,0.0908517837524414,True
1719,2474,0.07291666666666663,7.404600182780996e-05,0.0908517837524414,True
1720,2446,0.07291666666666663,0.00011374099995009601,0.0908517837524414,True
1721,2474,0.07291666666666663,7.40510004106909e-05,0.0908517837524414,True
1722,2474,0.07291666666666663,7.514399840147234e-05,0.0908517837524414,True
1723,2474,0.07291666666666663,7.469899719581008e-05,0.0908517837524414,True
1725,2446,0.11458333333333337,7.508699854952283e-05,0.0908212661743164,True
1727,6391,0.08333333333333337,7.84760013630148e-05,0.09084415435791016,False
1728,2474,0.07291666666666663,7.377700239885598e-05,0.0908517837524414,True
1734,2474,0.0625,7.35139983589761e-05,0.09085941314697266,True
1738,2474,0.07291666666666663,7.295600153156556e-05,0.0908517837524414,True
1741,2474,0.07291666666666663,7.381699833786115e-05,0.0908517837524414,True
1742,2474,0.07291666666666663,0.00011428799916757271,0.0908517837524414,True
1744,2474,0.0625,7.615799768245779e-05,0.09085941314697266,True
1745,1525,0.125,7.365700002992526e-05,0.09081363677978516,False
1747,2474,0.07291666666666663,7.353299952228554e-05,0.0908517837524414,True
1749,2474,0.07291666666666663,7.348700091824867e-05,0.0908517837524414,True
1751,1525,0.125,7.486599861294962e-05,0.09081363677978516,False
1759,2446,0.11458333333333337,7.342500248341821e-05,0.0908212661743164,True
1761,2474,0.07291666666666663,7.243700019898824e-05,0.0908517837524414,True
1762,1527,0.08333333333333337,7.246699897223152e-05,0.09084415435791016,False
1771,2474,0.07291666666666663,7.464800000889227e-05,0.0908517837524414,True
1772,2474,0.07291666666666663,7.198800085461698e-05,0.0908517837524414,True
1773,1527,0.08333333333333337,7.394799831672572e-05,0.09084415435791016,False
1774,2474,0.07291666666666663,0.00017197100169141777,0.0908517837524414,True
1777,2474,0.0625,7.388399899355136e-05,0.09085941314697266,True
1779,1558,0.02083333333333337,8.095699740806594e-05,0.09088993072509766,False
1780,3765,0.03125,9.637800030759536e-05,0.0908823013305664,False
1782,2733,0.03125,7.818400263204239e-05,0.0908823013305664,False
1785,2309,0.09375,7.772100070724264e-05,0.0908365249633789,True
1789,2474,0.07291666666666663,7.344600089709274e-05,0.0908517837524414,True
1791,2350,0.04166666666666663,7.403299969155341e-05,0.09087467193603516,True
1794,2733,0.03125,7.178799933171831e-05,0.0908823013305664,False
1795,942,0.05208333333333337,7.944100070744753e-05,0.0908670425415039,False
1797,1558,0.03125,7.151699901442043e-05,0.0908823013305664,False
1798,3765,0.02083333333333337,7.30499996279832e-05,0.09088993072509766,False
1802,42,0.04166666666666663,8.994699965114705e-05,0.09087467193603516,False
1805,7163,0.05208333333333337,9.390400009579025e-05,0.0908670425415039,False
1807,2417,0.09375,7.239900151034817e-05,0.0908365249633789,True
1810,2317,0.09375,0.00011093500143033452,0.0908365249633789,True
1813,2932,0.04166666666666663,7.415500294882804e-05,0.09087467193603516,True
1814,1491,0.0625,0.0001764839980751276,0.09085941314697266,True
1818,4890,0.02083333333333337,7.600800017826259e-05,0.09088993072509766,True
1819,4890,0.01041666666666663,7.373200060101226e-05,0.0908975601196289,True
1821,10,0.02083333333333337,8.903699927031994e-05,0.0909738540649414,False
1822,7894,0.04166666666666663,8.196599810617045e-05,0.09087467193603516,True
1823,8161,0.09375,7.3823997809086e-05,0.0908365249633789,True
1824,3634,0.0625,7.317999916267581e-05,0.09085941314697266,True
1827,4671,0.05208333333333337,7.168299998738803e-05,0.0908670425415039,True
1828,2733,0.0625,7.21280011930503e-05,0.09085941314697266,True
1834,3634,0.0625,7.311199806281365e-05,0.09085941314697266,True
1838,4795,0.03125,7.086800178512931e-05,0.0908823013305664,True
1839,1518,0.0625,7.353799810516648e-05,0.09085941314697266,True
1841,4890,0.03125,7.25069985492155e-05,0.0908823013305664,True
1847,6066,0.01041666666666663,7.162900146795437e-05,0.0908975601196289,True
1850,1491,0.05208333333333337,7.122900206013583e-05,0.0908670425415039,True
1851,4697,0.02083333333333337,7.525200271629728e-05,0.09088993072509766,True
1860,970,0.08333333333333337,7.139100125641562e-05,0.09084415435791016,False
1862,1166,0.03125,8.066599912126549e-05,0.0908823013305664,True
1863,1166,0.03125,7.099499998730607e-05,0.0908823013305664,True
1865,6634,0.05208333333333337,9.276300261262804e-05,0.0908670425415039,True
1869,1516,0.08333333333333337,7.214099969132803e-05,0.09084415435791016,True
1874,4743,0.01041666666666663,7.103300231392495e-05,0.0908975601196289,True
1875,4827,0.02083333333333337,7.118299981812015e-05,0.09088993072509766,True
1876,1283,0.02083333333333337,7.964699761942029e-05,0.09088993072509766,True
1877,4748,0.04166666666666663,7.013999857008457e-05,0.09087467193603516,True
1880,8198,0.02083333333333337,8.101899948087521e-05,0.09088993072509766,True
1882,4808,0.08333333333333337,7.314799950108863e-05,0.09084415435791016,True
1885,4748,0.01041666666666663,7.162900146795437e-05,0.0908975601196289,True
1892,3765,0.04166666666666663,7.491299766115844e-05,0.09087467193603516,True
1893,6066,0.02083333333333337,7.443499998771586e-05,0.09088993072509766,True
1895,4906,0.0625,7.580099918413907e-05,0.09085941314697266,True
1896,679,0.02083333333333337,7.457600077032112e-05,0.09088993072509766,False
1897,4824,0.01041666666666663,7.654799992451444e-05,0.0908975601196289,True
1898,4826,0.01041666666666663,7.14230009180028e-05,0.0908975601196289,True
1899,5557,0.03125,7.177600127761252e-05,0.0908823013305664,False
1900,4842,0.02083333333333337,7.13500012352597e-05,0.09088993072509766,True
1901,1393,0.02083333333333337,7.22700024198275e-05,0.09088993072509766,True
1902,4760,0.01041666666666663,7.069300045259297e-05,0.0908975601196289,True
1904,1491,0.04166666666666663,7.08779989508912e-05,0.09087467193603516,True
1905,42,0.03125,7.390400060103275e-05,0.0908823013305664,False
1909,4748,0.0,7.399900277960114e-05,0.09090518951416016,True
1914,34,0.02083333333333337,7.438799730152823e-05,0.09093570709228516,False
1915,8198,0.07291666666666663,7.652800195501186e-05,0.0908517837524414,True
1916,1490,0.04166666666666663,7.470099808415398e-05,0.09087467193603516,True
1920,687,0.02083333333333337,7.247100074891932e-05,0.09088993072509766,False
1921,3750,0.0625,7.42899974284228e-05,0.09085941314697266,True
1923,4826,0.01041666666666663,7.224900036817417e-05,0.0908975601196289,True
1924,4716,0.03125,7.339399962802418e-05,0.0908823013305664,True
1925,4826,0.02083333333333337,7.26670004951302e-05,0.09088993072509766,True
1929,4799,0.08333333333333337,8.612799865659326e-05,0.09084415435791016,True
1930,3619,0.01041666666666663,7.129599907784723e-05,0.0908975601196289,True
1931,1166,0.03125,7.445799928973429e-05,0.0908823013305664,True
1934,4824,0.02083333333333337,7.099799768184312e-05,0.09088993072509766,True
1935,8254,0.05208333333333337,8.144699677359313e-05,0.0908670425415039,True
1938,4827,0.0625,7.173299673013389e-05,0.09085941314697266,True
1939,4975,0.02083333333333337,7.147199721657671e-05,0.09088993072509766,True
1941,6066,0.02083333333333337,7.163400005083531e-05,0.09088993072509766,True
1942,6224,0.05208333333333337,8.734800212550908e-05,0.0908670425415039,False
1943,5293,0.03125,7.334000110859051e-05,0.0908823013305664,False
1945,4842,0.02083333333333337,7.252599971252494e-05,0.09088993072509766,True
1946,4827,0.03125,7.14270026946906e-05,0.0908823013305664,True
1948,5557,0.01041666666666663,7.250999988173135e-05,0.0908975601196289,False
1950,1545,0.08333333333333337,7.261599967023358e-05,0.09084415435791016,True
1951,4283,0.09375,7.136600106605329e-05,0.0908365249633789,False
1955,3668,0.05208333333333337,7.107599958544597e-05,0.0908670425415039,True
1956,4283,0.08333333333333337,7.45189972803928e-05,0.09084415435791016,False
1957,6080,0.03125,7.520099825342186e-05,0.0908823013305664,True
1964,8842,0.04166666666666663,8.148299821186811e-05,0.09087467193603516,True
1965,4827,0.01041666666666663,7.322199962800369e-05,0.0908975601196289,True
1966,4786,0.03125,7.497199840145186e-05,0.0908823013305664,True
1968,8198,0.03125,7.280399950104766e-05,0.0908823013305664,True
1971,8254,0.02083333333333337,7.145100244088098e-05,0.09088993072509766,True
1972,34,0.02083333333333337,7.448500036844052e-05,0.09093570709228516,False
1974,4671,0.04166666666666663,7.140500019886531e-05,0.09087467193603516,True
1978,3619,0.01041666666666663,7.15060014044866e-05,0.0908975601196289,True
1980,883,0.02083333333333337,8.636699931230396e-05,0.09088993072509766,False
1981,8254,0.02083333333333337,7.354199988185428e-05,0.09088993072509766,True
1982,6066,0.02083333333333337,7.325999831664376e-05,0.09088993072509766,True
1984,1491,0.04166666666666663,7.038300100248307e-05,0.09087467193603516,True
1988,8254,0.02083333333333337,7.062700024107471e-05,0.09088993072509766,True
1991,1558,0.07291666666666663,7.085600009304471e-05,0.0908517837524414,True
1992,3689,0.02083333333333337,7.135499981814064e-05,0.09088993072509766,True
1993,1212,0.04166666666666663,7.233399810502306e-05,0.09087467193603516,True
1994,6066,0.0,7.106100019882433e-05,0.09090518951416016,True
1996,8198,0.02083333333333337,7.696399916312657e-05,0.09088993072509766,True
1998,3634,0.07291666666666663,7.307499981834553e-05,0.0908517837524414,True
1999,4824,0.03125,7.795399869792163e-05,0.0908823013305664,True
2002,4975,0.0,7.15649985068012e-05,0.09090518951416016,True
2005,7894,0.07291666666666663,7.775999984005466e-05,0.0908517837524414,True
2007,1490,0.02083333333333337,7.046900282148272e-05,0.09088993072509766,True
2009,3469,0.02083333333333337,7.262000144692138e-05,0.09088993072509766,False
2010,2763,0.04166666666666663,7.446000017807819e-05,0.09087467193603516,True
2011,2763,0.03125,7.276100222952664e-05,0.0908823013305664,True
2013,3619,0.02083333333333337,9.23670013435185e-05,0.09088993072509766,True
2017,8342,0.03125,7.474499943782575e-05,0.0908823013305664,True
2020,4785,0.01041666666666663,7.440499757649377e-05,0.0908975601196289,True
2021,1518,0.03125,8.388800051761791e-05,0.0908823013305664,True
2025,70,0.04166666666666663,7.210400144685991e-05,0.09087467193603516,False
2029,4786,0.0,7.340999945881777e-05,0.09090518951416016,True
2031,1310,0.07291666666666663,7.303399979718961e-05,0.0908517837524414,True
2034,1283,0.04166666666666663,7.274300151038915e-05,0.09087467193603516,True
2035,1490,0.01041666666666663,7.392100087599829e-05,0.0908975601196289,True
2041,1490,0.04166666666666663,7.16640024620574e-05,0.09087467193603516,True
2042,4827,0.02083333333333337,7.200000254670158e-05,0.09088993072509766,True
2044,3765,0.0625,7.100600123521872e-05,0.09085941314697266,True
2053,3714,0.08333333333333337,7.703699884586968e-05,0.09084415435791016,True
2054,3750,0.09375,7.162099791457877e-05,0.0908365249633789,True
2055,1490,0.02083333333333337,7.169299715314992e-05,0.09088993072509766,True
2057,1490,0.03125,7.52140003896784e-05,0.0908823013305664,True
2061,4842,0.02083333333333337,9.717699867906049e-05,0.09088993072509766,True
2063,4748,0.05208333333333337,7.279200144694187e-05,0.0908670425415039,True
2065,1153,0.04166666666666663,7.215699952212162e-05,0.09087467193603516,True
2066,2731,0.125,7.894500231486745e-05,0.09081363677978516,True
2067,2733,0.04166666666666663,7.214399738586508e-05,0.09087467193603516,True
2068,2733,0.02083333333333337,7.254899901454337e-05,0.09088993072509766,True
2069,1527,0.07291666666666663,7.819199890946038e-05,0.0908517837524414,True
2070,6066,0.01041666666666663,7.169400123530068e-05,0.0908975601196289,True
2072,4875,0.05208333333333337,7.184399873949587e-05,0.0908670425415039,True
2075,8796,0.08333333333333337,0.00017062499682651833,0.09084415435791016,True
2078,6066,0.02083333333333337,7.314699905691668e-05,0.09088993072509766,True
2081,6080,0.07291666666666663,7.252599971252494e-05,0.0908517837524414,True
2083,3533,0.08333333333333337,9.597200187272392e-05,0.09084415435791016,True
2086,5448,0.03125,7.288699998753145e-05,0.0908823013305664,False
2089,3593,0.08333333333333337,7.223200009320863e-05,0.09084415435791016,True
2091,1411,0.07291666666666663,7.139300214475952e-05,0.0908517837524414,True
2094,8842,0.02083333333333337,7.193200144683942e-05,0.09088993072509766,True
2097,8869,0.04166666666666663,7.272899892996065e-05,0.09087467193603516,True
2099,1490,0.04166666666666663,7.13520021236036e-05,0.09087467193603516,True
2101,6066,0.02083333333333337,7.176399958552793e-05,0.09088993072509766,True
2103,6513,0.07291666666666663,7.42109987186268e-05,0.0908517837524414,True
2105,1212,0.07291666666666663,7.519499922636896e-05,0.0908517837524414,True
2106,3689,0.04166666666666663,0.00026453600003151223,0.09087467193603516,True
2107,8869,0.03125,7.153000115067698e-05,0.0908823013305664,True
2108,6066,0.02083333333333337,7.232099960674532e-05,0.09088993072509766,True
2109,8844,0.04166666666666663,7.407600060105324e-05,0.09087467193603516,True
2111,4875,0.04166666666666663,7.173799895099364e-05,0.09087467193603516,True
2116,1545,0.08333333333333337,7.84740004746709e-05,0.09084415435791016,True
2119,4827,0.03125,7.343800098169595e-05,0.0908823013305664,True
2123,6391,0.0625,7.287100015673786e-05,0.09085941314697266,False
2125,1036,0.01041666666666663,7.153100159484893e-05,0.0908975601196289,False
2127,1166,0.04166666666666663,7.151099998736754e-05,0.09087467193603516,True
2128,4842,0.02083333333333337,7.083700256771408e-05,0.09088993072509766,True
2129,1558,0.03125,7.451599958585575e-05,0.0908823013305664,True
2130,4712,0.09375,8.54579993756488e-05,0.0908365249633789,True
2131,7894,0.0625,7.377499787253328e-05,0.09085941314697266,True
2133,2731,0.07291666666666663,7.562400060123764e-05,0.0908517837524414,True
2138,1525,0.09375,7.89279984019231e-05,0.0908365249633789,True
2139,1525,0.08333333333333337,8.423500185017474e-05,0.09084415435791016,True
2140,8436,0.10416666666666663,7.206300142570399e-05,0.09082889556884766,True
2144,3593,0.09375,7.269400157383643e-05,0.0908365249633789,True
2147,2731,0.11458333333333337,9.642099757911637e-05,0.0908212661743164,True
2148,2532,0.09375,7.319500218727626e-05,0.0908365249633789,True
2149,2733,0.03125,7.658500180696137e-05,0.0908823013305664,True
2150,2417,0.09375,7.292300142580643e-05,0.0908365249633789,False
2153,6368,0.02083333333333337,7.236300007207319e-05,0.09088993072509766,False
2154,8402,0.07291666666666663,7.166399882407859e-05,0.0908517837524414,True
2156,2932,0.03125,7.177299994509667e-05,0.0908823013305664,True
2158,4808,0.03125,7.093699969118461e-05,0.0908823013305664,True
2159,6634,0.02083333333333337,7.371500032604672e-05,0.09088993072509766,True
2160,1500,0.03125,7.05700003891252e-05,0.0908823013305664,True
2162,8254,0.05208333333333337,7.198499952210113e-05,0.0908670425415039,True
2163,6605,0.0625,8.940200132201426e-05,0.09085941314697266,True
2164,4748,0.03125,9.406600293004885e-05,0.0908823013305664,True
2166,6066,0.03125,7.146599818952382e-05,0.0908823013305664,True
2167,6066,0.04166666666666663,7.501399886677973e-05,0.09087467193603516,True
2168,1500,0.03125,7.171499964897521e-05,0.0908823013305664,True
2172,1166,0.02083333333333337,7.168900265241973e-05,0.09088993072509766,True
2173,2733,0.0625,7.089299833751284e-05,0.09085941314697266,True
2174,1545,0.08333333333333337,7.426799857057631e-05,0.09084415435791016,True
2175,6571,0.13541666666666663,7.954900138429366e-05,0.0908060073852539,True
2176,4808,0.05208333333333337,7.163899863371626e-05,0.0908670425415039,True
2178,6066,0.03125,7.49769969843328e-05,0.0908823013305664,True
2179,4975,0.04166666666666663,9.376399975735694e-05,0.09087467193603516,True
2181,4185,0.08333333333333337,7.84030016802717e-05,0.09084415435791016,False
2184,4748,0.02083333333333337,7.164499766076915e-05,0.09088993072509766,True
2185,1420,0.03125,7.195500074885786e-05,0.0908823013305664,True
2186,3533,0.05208333333333337,7.485400055884384e-05,0.0908670425415039,True
2188,6634,0.02083333333333337,7.274599920492619e-05,0.09088993072509766,True
2189,2733,0.0625,7.931700019980781e-05,0.09085941314697266,True
2192,3611,0.02083333333333337,7.183900015661493e-05,0.09088993072509766,True
2193,4824,0.03125,7.301799996639602e-05,0.0908823013305664,True
2194,6634,0.04166666666666663,7.529399954364635e-05,0.09087467193603516,True
2196,1527,0.08333333333333337,8.139099736581556e-05,0.09084415435791016,True
2197,1558,0.0625,7.277400072780438e-05,0.09085941314697266,True
2198,5824,0.07291666666666663,7.196899969130754e-05,0.0908517837524414,False
2200,3765,0.04166666666666663,7.215400182758458e-05,0.09087467193603516,True
2201,34,0.02083333333333337,7.282400110852905e-05,0.09088993072509766,False
2208,4553,0.09375,7.559599907835945e-05,0.0908365249633789,True
2209,4553,0.09375,7.637000089744106e-05,0.0908365249633789,True
2210,4495,0.09375,7.719900168012828e-05,0.0908365249633789,True
2212,7210,0.08333333333333337,7.711100261076353e-05,0.09084415435791016,False
2213,4481,0.08333333333333337,8.87099995452445e-05,0.09084415435791016,True
2214,4495,0.08333333333333337,8.32840014481917e-05,0.09084415435791016,True
2216,4505,0.07291666666666663,7.449099939549342e-05,0.0908517837524414,True
2217,4505,0.09375,7.805900168023072e-05,0.0908365249633789,True
2218,4466,0.07291666666666663,7.454300066456199e-05,0.0908517837524414,True
2220,429,0.09375,7.352199827437289e-05,0.0908365249633789,True
2221,7861,0.0625,9.095000132219866e-05,0.09085941314697266,True
2222,7861,0.07291666666666663,7.752800229354762e-05,0.0908517837524414,True
2225,5436,0.0625,7.570299931103364e-05,0.09085941314697266,False
2228,4466,0.08333333333333337,8.040200191317126e-05,0.09084415435791016,True
2231,5436,0.0625,8.478400195599534e-05,0.09085941314697266,False
2233,296,0.0625,7.593299960717559e-05,0.09085941314697266,True
2234,291,0.02083333333333337,7.524399916292168e-05,0.09088993072509766,True
2238,213,0.07291666666666663,7.635099973413162e-05,0.0908517837524414,True
2239,334,0.0625,7.566799831693061e-05,0.09085941314697266,True
2242,429,0.05208333333333337,7.356100104516372e-05,0.0908670425415039,True
2245,284,0.0625,7.555499905720353e-05,0.09085941314697266,True
2247,284,0.05208333333333337,7.435199950123206e-05,0.0908670425415039,True
2248,197,0.08333333333333337,8.020700261113234e-05,0.09084415435791016,True
2249,324,0.0625,8.07370015536435e-05,0.09085941314697266,True
2250,284,0.05208333333333337,0.00010562299939920194,0.0908670425415039,True
2253,284,0.0625,7.862900019972585e-05,0.09085941314697266,True
2254,205,0.0625,7.577900032629259e-05,0.09085941314697266,True
2255,267,0.05208333333333337,9.392499850946479e-05,0.0908670425415039,True
2256,5433,0.05208333333333337,8.104600055958144e-05,0.0908670425415039,False
2259,197,0.07291666666666663,7.916100003058091e-05,0.0908517837524414,True
2262,205,0.0625,0.000101810997875873,0.09085941314697266,True
2263,205,0.05208333333333337,7.862200072850101e-05,0.0908670425415039,True
2264,284,0.0625,7.447099778801203e-05,0.09085941314697266,True
2265,284,0.0625,7.93370018072892e-05,0.09085941314697266,True
2266,197,0.04166666666666663,7.977799759828486e-05,0.09087467193603516,True
2268,197,0.07291666666666663,7.68509999033995e-05,0.0908517837524414,True
2269,231,0.05208333333333337,7.571099922643043e-05,0.0908670425415039,True
2271,197,0.0625,9.201599823427387e-05,0.09085941314697266,True
2273,6540,0.04166666666666663,7.701699723838829e-05,0.09087467193603516,False
2274,4732,0.05208333333333337,7.355200068559498e-05,0.0908670425415039,False
2275,235,0.0625,7.493300290661864e-05,0.09085941314697266,True
2276,205,0.0625,8.430799789493904e-05,0.09085941314697266,True
2279,205,0.04166666666666663,7.527100024162792e-05,0.09087467193603516,True
2280,205,0.0625,8.52169978315942e-05,0.09085941314697266,True
2281,205,0.05208333333333337,0.00010325999755878001,0.0908670425415039,True
2282,277,0.04166666666666663,7.622399789397605e-05,0.09087467193603516,True
2283,4732,0.04166666666666663,0.00010888500037253834,0.09087467193603516,False
2284,6540,0.03125,7.553899922640994e-05,0.0908823013305664,False
2286,6540,0.04166666666666663,7.632499909959733e-05,0.09087467193603516,False
2290,6540,0.04166666666666663,7.580199962831102e-05,0.09087467193603516,False
2291,6540,0.05208333333333337,7.413699859171174e-05,0.0908670425415039,False
2293,6540,0.05208333333333337,7.308299973374233e-05,0.0908670425415039,False
2302,6540,0.03125,7.472499783034436e-05,0.0908823013305664,False
2304,6540,0.02083333333333337,7.500799983972684e-05,0.09088993072509766,False
2305,6540,0.07291666666666663,7.521700172219425e-05,0.0908517837524414,False
2307,6540,0.05208333333333337,7.635899964952841e-05,0.0908670425415039,False
2308,4732,0.09375,7.504499808419496e-05,0.0908365249633789,False
2309,6540,0.02083333333333337,7.759499931125902e-05,0.09088993072509766,False
2310,6540,0.02083333333333337,7.946400000946596e-05,0.09088993072509766,False
2311,6540,0.03125,7.328200081246905e-05,0.0908823013305664,False
2316,6540,0.04166666666666663,9.092099935514852e-05,0.09087467193603516,False
2318,6540,0.03125,7.428900062222965e-05,0.0908823013305664,False
2319,4732,0.05208333333333337,0.0004033209988847375,0.0908670425415039,False
2320,6540,0.02083333333333337,7.493500015698373e-05,0.09088993072509766,False
2321,6540,0.04166666666666663,8.144599996739998e-05,0.09087467193603516,False
2322,6540,0.02083333333333337,8.602900197729468e-05,0.09088993072509766,False
2325,6540,0.03125,7.393999840132892e-05,0.0908823013305664,False
2327,6540,0.0625,8.290400000987574e-05,0.09085941314697266,False
2329,6540,0.02083333333333337,7.72400017012842e-05,0.09088993072509766,False
2330,6540,0.02083333333333337,7.333699977607466e-05,0.09088993072509766,False
2331,6540,0.0625,7.782800093991682e-05,0.09085941314697266,False
2332,6540,0.02083333333333337,7.602899859193712e-05,0.09088993072509766,False
2333,6540,0.02083333333333337,7.302700032596476e-05,0.09088993072509766,False
2334,6540,0.02083333333333337,7.246899986057542e-05,0.09088993072509766,False
2335,6540,0.05208333333333337,7.393600026261993e-05,0.0908670425415039,False
2336,6540,0.03125,7.575999916298315e-05,0.0908823013305664,False
2337,6540,0.02083333333333337,7.645100049558096e-05,0.09088993072509766,False
2339,6540,0.03125,7.338200157391839e-05,0.0908823013305664,False
2342,8267,0.03125,7.473399818991311e-05,0.0908823013305664,False
2344,6540,0.03125,7.471099888789468e-05,0.0908823013305664,False
2346,6540,0.03125,7.372499749180861e-05,0.0908823013305664,False
2347,6540,0.02083333333333337,7.347499922616407e-05,0.09088993072509766,False
2348,6540,0.02083333333333337,7.511500007240102e-05,0.09088993072509766,False
2349,6540,0.04166666666666663,7.590500172227621e-05,0.09087467193603516,False
2353,6540,0.04166666666666663,8.019699816941284e-05,0.09087467193603516,False
2354,6540,0.03125,7.703699884586968e-05,0.0908823013305664,False
2355,6540,0.0625,7.441200068569742e-05,0.09085941314697266,False
2360,6540,0.02083333333333337,7.682700015720911e-05,0.09088993072509766,False
2365,6540,0.09375,9.074700210476294e-05,0.0908365249633789,False
2366,6540,0.0625,0.0001196489974972792,0.09085941314697266,False
2367,6540,0.01041666666666663,8.348099800059572e-05,0.0908975601196289,False
2368,4732,0.03125,7.508899943786673e-05,0.0908823013305664,False
2371,6540,0.02083333333333337,8.467500083497725e-05,0.09088993072509766,False
2373,6540,0.02083333333333337,7.449000258930027e-05,0.09088993072509766,False
2376,6540,0.02083333333333337,8.006099960766733e-05,0.09088993072509766,False
2377,6540,0.03125,7.564599945908412e-05,0.0908823013305664,False
2378,6540,0.02083333333333337,7.371199899353087e-05,0.09088993072509766,False
2379,6540,0.01041666666666663,7.338199793593958e-05,0.0908975601196289,False
2381,6540,0.03125,0.00010792399916681461,0.0908823013305664,False
2383,6540,0.0625,7.421600093948655e-05,0.09085941314697266,False
2388,6540,0.05208333333333337,7.759300206089392e-05,0.0908670425415039,False
2390,6540,0.01041666666666663,7.671600178582594e-05,0.0908975601196289,False
2394,6540,0.08333333333333337,7.341899981838651e-05,0.09084415435791016,False
2398,6540,0.03125,7.334000110859051e-05,0.0908823013305664,False
2403,6540,0.03125,7.618200106662698e-05,0.0908823013305664,False
2405,6540,0.03125,7.563600229332224e-05,0.0908823013305664,False
2406,6540,0.02083333333333337,7.320499935303815e-05,0.09088993072509766,False
2409,6540,0.02083333333333337,7.330700100283138e-05,0.09088993072509766,False
2411,6540,0.02083333333333337,7.274300151038915e-05,0.09088993072509766,False
2414,6540,0.03125,8.995999814942479e-05,0.0908823013305664,False
2415,4732,0.03125,8.309300028486177e-05,0.0908823013305664,False
2416,6540,0.02083333333333337,7.505100074922666e-05,0.09088993072509766,False
2418,6540,0.05208333333333337,7.361499956459738e-05,0.0908670425415039,False
2421,6540,0.02083333333333337,7.289700079127215e-05,0.09088993072509766,False
2423,6540,0.03125,8.808100028545596e-05,0.0908823013305664,False
2424,6540,0.02083333333333337,0.00010721099897637032,0.09088993072509766,False
2429,6540,0.04166666666666663,9.365799996885471e-05,0.09087467193603516,False
2430,269,0.14583333333333337,7.666500096092932e-05,0.09079837799072266,True
2432,6540,0.03125,7.714500316069461e-05,0.0908823013305664,False
2434,6540,0.02083333333333337,7.686000026296824e-05,0.09088993072509766,False
2436,6540,0.03125,7.521699808421545e-05,0.0908823013305664,False
2437,6540,0.02083333333333337,7.561199890915304e-05,0.09088993072509766,False
2438,6540,0.03125,7.271399954333901e-05,0.0908823013305664,False
2441,6540,0.02083333333333337,7.5076000939589e-05,0.09088993072509766,False
2442,6540,0.0625,8.328699914272875e-05,0.09085941314697266,False
2445,6540,0.02083333333333337,7.72300008975435e-05,0.09088993072509766,False
2447,6540,0.03125,8.782200166024268e-05,0.0908823013305664,False
2450,6540,0.02083333333333337,8.707800225238316e-05,0.09088993072509766,False
2451,6540,0.04166666666666663,7.810799797880463e-05,0.09087467193603516,False
2453,6540,0.04166666666666663,7.343000106629916e-05,0.09087467193603516,False
2457,6540,0.02083333333333337,7.277699842234142e-05,0.09088993072509766,False
2458,6540,0.02083333333333337,7.277400072780438e-05,0.09088993072509766,False
2459,6540,0.03125,7.29569983377587e-05,0.0908823013305664,False
2460,6540,0.03125,7.395599823212251e-05,0.0908823013305664,False
2461,6540,0.11458333333333337,7.418300083372742e-05,0.0908212661743164,False
2462,6540,0.04166666666666663,7.338700015679933e-05,0.09087467193603516,False
2467,6540,0.08333333333333337,8.965599772636779e-05,0.09084415435791016,False
2468,6540,0.03125,7.339500007219613e-05,0.0908823013305664,False
2469,6540,0.04166666666666663,7.240400009322912e-05,0.09087467193603516,False
2475,6540,0.04166666666666663,7.211899719550274e-05,0.09087467193603516,False
2477,6540,0.04166666666666663,7.356899732258171e-05,0.09087467193603516,False
2482,4732,0.04166666666666663,7.293299859156832e-05,0.09087467193603516,False
2483,6540,0.02083333333333337,8.60660002217628e-05,0.09088993072509766,False
2485,4732,0.03125,8.496199734508991e-05,0.0908823013305664,False
2487,6540,0.03125,7.221499981824309e-05,0.0908823013305664,False
2489,6540,0.05208333333333337,7.89359983173199e-05,0.0908670425415039,False
2490,4732,0.03125,7.974699838086963e-05,0.0908823013305664,False
2492,6540,0.03125,7.727199772489257e-05,0.0908823013305664,False
2498,6540,0.05208333333333337,7.439399996655993e-05,0.0908670425415039,False
2499,6540,0.04166666666666663,7.668800026294775e-05,0.09087467193603516,False
2508,197,0.0625,7.79389993113e-05,0.09085941314697266,True
2510,205,0.05208333333333337,7.706299948040396e-05,0.0908670425415039,True
2511,277,0.0625,7.598400043207221e-05,0.09085941314697266,True
2512,234,0.0625,7.56190020183567e-05,0.09085941314697266,True
2514,235,0.0625,7.439600085490383e-05,0.09085941314697266,True
2518,1020,0.02083333333333337,7.109199941623956e-05,0.09088993072509766,True
2524,1511,0.02083333333333337,7.198300227173604e-05,0.09088993072509766,False
2525,4243,0.04166666666666663,7.348399958573282e-05,0.09087467193603516,True
2528,5423,0.01041666666666663,7.677299799979664e-05,0.0908975601196289,True
2529,847,0.01041666666666663,7.081600051606074e-05,0.0908975601196289,True
2530,5664,0.02083333333333337,7.155300045269541e-05,0.09088993072509766,True
2531,939,0.0,7.386099969153292e-05,0.09090518951416016,True
2537,5593,0.01041666666666663,8.586299736634828e-05,0.0908975601196289,True
2540,8226,0.01041666666666663,7.147799988160841e-05,0.0908975601196289,False
2541,3733,0.02083333333333337,7.564300176454708e-05,0.09088993072509766,False
2543,8775,0.0,7.280799763975665e-05,0.09090518951416016,True
2544,927,0.01041666666666663,6.988499808358029e-05,0.0908975601196289,True
2545,927,0.03125,7.278200064320117e-05,0.0908823013305664,True
2546,1435,0.03125,7.436600208166055e-05,0.0908823013305664,False
2547,3668,0.03125,7.251799979712814e-05,0.0908823013305664,False
2548,6705,0.02083333333333337,0.00010133400064660236,0.09088993072509766,False
2552,1553,0.04166666666666663,7.053499939502217e-05,0.09087467193603516,False
2553,596,0.02083333333333337,7.251399802044034e-05,0.09088993072509766,False
2555,1440,0.02083333333333337,7.244199878186919e-05,0.09088993072509766,False
2556,962,0.03125,7.13540030119475e-05,0.0908823013305664,True
2560,5664,0.03125,7.352099783020094e-05,0.0908823013305664,True
2561,863,0.03125,7.455499871866778e-05,0.0908823013305664,True
2563,1020,0.01041666666666663,7.623599958606064e-05,0.0908975601196289,True
2568,6743,0.01041666666666663,7.070799983921461e-05,0.0908975601196289,False
2569,863,0.04166666666666663,7.150699821067974e-05,0.09087467193603516,True
2570,3419,0.04166666666666663,0.00013710100029129535,0.09087467193603516,False
2572,863,0.02083333333333337,7.130399899324402e-05,0.09088993072509766,True
2574,6743,0.01041666666666663,7.346599886659533e-05,0.0908975601196289,False
2578,1435,0.03125,7.261800055857748e-05,0.0908823013305664,False
2580,6830,0.01041666666666663,7.967199780978262e-05,0.0908975601196289,False
2583,34,0.02083333333333337,9.28209992707707e-05,0.09093570709228516,False
2584,939,0.02083333333333337,9.280599988414906e-05,0.09088993072509766,True
2585,3469,0.02083333333333337,8.077899838099256e-05,0.09088993072509766,False
2586,4213,0.03125,7.171099787228741e-05,0.0908823013305664,True
2588,962,0.03125,7.958700007293373e-05,0.0908823013305664,True
2592,6342,0.01041666666666663,7.108399950084276e-05,0.0908975601196289,True
2593,1020,0.02083333333333337,7.108700083335862e-05,0.09088993072509766,True
2594,1511,0.02083333333333337,7.123899922589771e-05,0.09088993072509766,False
2595,6224,0.05208333333333337,7.227700189105235e-05,0.0908670425415039,False
2596,3419,0.03125,7.140500019886531e-05,0.0908823013305664,False
2598,6363,0.02083333333333337,7.15609967301134e-05,0.09088993072509766,True
2600,1558,0.05208333333333337,7.326199920498766e-05,0.0908670425415039,False
2602,4289,0.02083333333333337,7.219999679364264e-05,0.09088993072509766,True
2603,6911,0.02083333333333337,7.141999958548695e-05,0.09088993072509766,False
2604,927,0.02083333333333337,9.84779981081374e-05,0.09088993072509766,True
2606,679,0.02083333333333337,7.131500024115667e-05,0.09088993072509766,False
2611,863,0.03125,7.14109992259182e-05,0.0908823013305664,True
2612,1440,0.04166666666666663,7.070599895087071e-05,0.09087467193603516,False
2620,4259,0.0625,7.224400178529322e-05,0.09085941314697266,True
2621,1440,0.02083333333333337,7.110700244084e-05,0.09088993072509766,False
2622,3733,0.02083333333333337,7.157800064305775e-05,0.09088993072509766,False
2627,1020,0.01041666666666663,7.73250030761119e-05,0.0908975601196289,True
2628,970,0.04166666666666663,7.111599916242994e-05,0.09087467193603516,True
2630,3527,0.04166666666666663,0.00010343499889131635,0.09087467193603516,False
2632,4199,0.05208333333333337,9.41479993343819e-05,0.0908670425415039,True
2634,939,0.01041666666666663,7.214699871838093e-05,0.0908975601196289,True
2635,1511,0.02083333333333337,7.276199903571978e-05,0.09088993072509766,False
2638,2613,0.07291666666666663,7.457700121449307e-05,0.0908517837524414,True
2639,8367,0.04166666666666663,7.33600027160719e-05,0.09087467193603516,True
2641,2553,0.09375,7.366899808403105e-05,0.0908365249633789,True
2643,839,0.04166666666666663,8.186099876184016e-05,0.09087467193603516,False
2646,130,0.02083333333333337,7.182199988164939e-05,0.09088993072509766,False
2647,34,0.02083333333333337,7.489699783036485e-05,0.09093570709228516,False
2648,2346,0.02083333333333337,7.340000229305588e-05,0.09088993072509766,False
2649,6185,0.03125,7.051799912005663e-05,0.0908823013305664,True
2651,26,0.02083333333333337,7.272099901456386e-05,0.09088993072509766,False
2659,3619,0.02083333333333337,7.092600208125077e-05,0.09088993072509766,False
2660,115,0.02083333333333337,7.164499766076915e-05,0.09088993072509766,False
2662,3420,0.02083333333333337,7.106499833753332e-05,0.09088993072509766,False
2663,3619,0.02083333333333337,8.039400199777447e-05,0.09088993072509766,False
2666,8123,0.04166666666666663,7.418400127789937e-05,0.09087467193603516,False
2667,687,0.02083333333333337,7.13299996277783e-05,0.09088993072509766,False
2668,3379,0.03125,7.100000220816582e-05,0.0908823013305664,False
2669,6475,0.01041666666666663,7.422099952236749e-05,0.0908975601196289,False
2674,5493,0.03125,7.185299909906462e-05,0.0908823013305664,False
2675,83,0.02083333333333337,7.248000110848807e-05,0.09088993072509766,False
2676,6406,0.02083333333333337,7.060099960654043e-05,0.09088993072509766,False
2677,8730,0.01041666666666663,7.031299901427701e-05,0.0908975601196289,False
2679,3367,0.05208333333333337,7.992000246304087e-05,0.0908670425415039,False
2680,6725,0.01041666666666663,7.888299660407938e-05,0.0908975601196289,False
2681,2789,0.05208333333333337,7.290500070666894e-05,0.0908670425415039,False
2682,26,0.02083333333333337,7.302100129891187e-05,0.09088993072509766,False
2683,5520,0.01041666666666663,7.050400017760694e-05,0.0908975601196289,False
2686,596,0.04166666666666663,7.124699914129451e-05,0.09087467193603516,False
2687,1493,0.02083333333333337,7.628100138390437e-05,0.09088993072509766,False
2689,133,0.02083333333333337,7.25699974282179e-05,0.09088993072509766,False
2690,5357,0.03125,7.227599780890159e-05,0.0908823013305664,False
2691,5520,0.01041666666666663,7.243799700518139e-05,0.0908975601196289,False
2694,8682,0.0,8.967000030679628e-05,0.09090518951416016,False
2697,1560,0.03125,8.365599933313206e-05,0.0908823013305664,False
2698,596,0.03125,7.392900079139508e-05,0.0908823013305664,False
2699,4785,0.01041666666666663,7.348500002990477e-05,0.0908975601196289,False
2700,3367,0.02083333333333337,7.241200000862591e-05,0.09088993072509766,False
2701,6187,0.02083333333333337,8.005999916349538e-05,0.09088993072509766,True
2702,83,0.03125,8.289199831779115e-05,0.0908823013305664,False
2704,3379,0.03125,7.132400060072541e-05,0.0908823013305664,False
2705,6708,0.01041666666666663,8.244700075010769e-05,0.0908975601196289,False
2707,5457,0.02083333333333337,7.062400254653767e-05,0.09088993072509766,False
2708,3617,0.01041666666666663,7.200699837994762e-05,0.0908975601196289,False
2710,133,0.02083333333333337,7.613200068590231e-05,0.09088993072509766,False
2712,661,0.02083333333333337,7.177400038926862e-05,0.09088993072509766,False
2713,3337,0.02083333333333337,7.338900104514323e-05,0.09088993072509766,False
2714,4925,0.02083333333333337,7.290799840120599e-05,0.09088993072509766,False
2715,6406,0.01041666666666663,7.323200043174438e-05,0.0908975601196289,False
2717,604,0.02083333333333337,7.205699876067229e-05,0.09088993072509766,False
2718,583,0.04166666666666663,7.24380006431602e-05,0.09087467193603516,False
2722,839,0.03125,7.883799844421446e-05,0.0908823013305664,False
2723,4785,0.02083333333333337,7.876100062276237e-05,0.09088993072509766,False
2725,604,0.02083333333333337,7.252599971252494e-05,0.09088993072509766,False
2726,4621,0.01041666666666663,7.152800026233308e-05,0.0908975601196289,True
2727,16,0.02083333333333337,8.402900130022317e-05,0.09088993072509766,False
2729,6261,0.02083333333333337,9.085000056074932e-05,0.09088993072509766,True
2730,661,0.02083333333333337,7.472099969163537e-05,0.09088993072509766,False
2736,5631,0.01041666666666663,7.209599789348431e-05,0.0908975601196289,False
2739,6729,0.0,7.053599983919412e-05,0.09090518951416016,False
2742,3367,0.02083333333333337,7.534799806308001e-05,0.09088993072509766,False
2747,34,0.03125,7.299200296984054e-05,0.0908823013305664,False
2750,3420,0.02083333333333337,7.147900032578036e-05,0.09088993072509766,False
2751,636,0.01041666666666663,7.080200157361105e-05,0.0908975601196289,False
2753,133,0.02083333333333337,7.514399840147234e-05,0.09088993072509766,False
2755,5357,0.02083333333333337,7.184299829532392e-05,0.09088993072509766,False
2757,129,0.02083333333333337,7.290999928954989e-05,0.09088993072509766,False
2759,3733,0.01041666666666663,7.488100163755007e-05,0.0908975601196289,False
2760,565,0.04166666666666663,7.259599806275219e-05,0.09087467193603516,False
2761,1477,0.04166666666666663,7.324399848585017e-05,0.09087467193603516,True
2764,3611,0.04166666666666663,7.068299964885227e-05,0.09087467193603516,False
2768,1478,0.04166666666666663,7.438600005116314e-05,0.09087467193603516,True
2769,1511,0.04166666666666663,7.037999966996722e-05,0.09087467193603516,False
2770,6261,0.03125,7.356900096056052e-05,0.0908823013305664,True
2775,3668,0.05208333333333337,7.999900117283687e-05,0.0908670425415039,False
2776,5389,0.03125,7.88710021879524e-05,0.0908823013305664,False
2778,101,0.03125,7.25070021871943e-05,0.0908823013305664,False
2780,4743,0.01041666666666663,7.549400106654502e-05,0.0908975601196289,False
2784,839,0.02083333333333337,7.44419994589407e-05,0.09088993072509766,False
2785,133,0.01041666666666663,7.198099774541333e-05,0.0908975601196289,False
2786,3420,0.02083333333333337,7.261599967023358e-05,0.09088993072509766,False
2788,129,0.02083333333333337,8.993699884740636e-05,0.09088993072509766,False
2789,5389,0.03125,9.241299994755536e-05,0.0908823013305664,False
2790,596,0.02083333333333337,7.31170002836734e-05,0.09088993072509766,False
2791,2955,0.10416666666666663,7.447800089721568e-05,0.09082889556884766,True
2792,8409,0.03125,9.360299736727029e-05,0.0908823013305664,True
2794,6540,0.02083333333333337,7.54650027374737e-05,0.09088993072509766,True
2795,5739,0.05208333333333337,8.951799827627838e-05,0.0908670425415039,False
2796,34,0.02083333333333337,7.60650000302121e-05,0.09093570709228516,False
2797,4143,0.05208333333333337,7.231600102386437e-05,0.0908670425415039,False
2799,2932,0.02083333333333337,7.177199950092472e-05,0.09088993072509766,True
2800,3527,0.02083333333333337,7.11819993739482e-05,0.09088993072509766,True
2802,1422,0.03125,7.419699977617711e-05,0.0908823013305664,False
2805,5557,0.02083333333333337,7.424800060107373e-05,0.09088993072509766,False
2807,1518,0.04166666666666663,7.107599958544597e-05,0.09087467193603516,True
2809,5423,0.0,7.313899914151989e-05,0.09090518951416016,False
2810,1553,0.03125,7.182699846453033e-05,0.0908823013305664,True
2811,687,0.03125,7.276800170075148e-05,0.0908823013305664,False
2816,3765,0.02083333333333337,7.368300066445954e-05,0.09088993072509766,True
2818,1133,0.03125,7.236799865495414e-05,0.0908823013305664,True
2820,4827,0.04166666666666663,7.2105998697225e-05,0.09087467193603516,True
2821,4827,0.05208333333333337,9.032100206241012e-05,0.0908670425415039,True
2822,1173,0.05208333333333337,9.619400225346908e-05,0.0908670425415039,True
2823,604,0.01041666666666663,8.888899901648983e-05,0.0908975601196289,False
2825,3609,0.0,8.518499817000702e-05,0.09090518951416016,True
2826,604,0.03125,7.063799785100855e-05,0.0908823013305664,False
2827,7991,0.0,7.31390027794987e-05,0.09090518951416016,False
2830,8911,0.0,7.229399852803908e-05,0.09090518951416016,True
2831,636,0.01041666666666663,7.806599751347676e-05,0.0908975601196289,False
2833,4824,0.01041666666666663,7.173199992394075e-05,0.0908975601196289,True
2834,8670,0.0,7.135300256777555e-05,0.09090518951416016,False
2837,5849,0.02083333333333337,7.302499943762086e-05,0.09088993072509766,False
2838,636,0.01041666666666663,7.203799759736285e-05,0.0908975601196289,False
2840,939,0.01041666666666663,7.136299973353744e-05,0.0908975601196289,False
2842,6644,0.01041666666666663,7.219400140456855e-05,0.0908975601196289,True
2846,34,0.02083333333333337,7.502700100303628e-05,0.09093570709228516,False
2847,4826,0.02083333333333337,8.136800170177594e-05,0.09088993072509766,True
2848,5781,0.03125,7.564300176454708e-05,0.0908823013305664,False
2853,5664,0.02083333333333337,7.231899871840142e-05,0.09088993072509766,False
2854,1558,0.01041666666666663,7.276399992406368e-05,0.0908975601196289,True
2855,6133,0.01041666666666663,7.597900184919126e-05,0.0908975601196289,True
2857,3561,0.07291666666666663,7.310100045287982e-05,0.0908517837524414,False
2858,7133,0.02083333333333337,7.12670007487759e-05,0.09088993072509766,False
2859,927,0.03125,7.16399990778882e-05,0.0908823013305664,False
2860,6937,0.02083333333333337,7.900199852883816e-05,0.09088993072509766,False
2861,3367,0.03125,7.878099859226495e-05,0.0908823013305664,False
2862,661,0.04166666666666663,7.149700104491785e-05,0.09087467193603516,True
2863,2791,0.03125,7.07380022504367e-05,0.0908823013305664,False
2864,26,0.03125,7.830700269551016e-05,0.0909280776977539,False
2865,596,0.03125,7.09590021870099e-05,0.0908823013305664,True
2867,5593,0.02083333333333337,7.546400229330175e-05,0.09088993072509766,False
2868,34,0.03125,7.176500002969988e-05,0.0908823013305664,False
2869,6224,0.03125,7.228799950098619e-05,0.0908823013305664,False
2871,604,0.03125,7.233699943753891e-05,0.0908823013305664,True
2872,565,0.04166666666666663,7.695299791521393e-05,0.09087467193603516,True
2874,2789,0.03125,7.451500277966261e-05,0.0908823013305664,False
2875,34,0.02083333333333337,7.534700125688687e-05,0.09093570709228516,False
2876,3331,0.01041666666666663,7.219199687824585e-05,0.0908975601196289,True
2878,651,0.04166666666666663,7.360499876085669e-05,0.09087467193603516,True
2880,3469,0.04166666666666663,7.444699804182164e-05,0.09087467193603516,False
2882,3367,0.03125,7.170300159486942e-05,0.0908823013305664,False
2883,3733,0.03125,7.113299943739548e-05,0.0908823013305664,False
2885,980,0.02083333333333337,7.252000068547204e-05,0.09088993072509766,False
2890,5196,0.04166666666666663,7.392800034722313e-05,0.09087467193603516,False
2891,596,0.04166666666666663,7.621400072821416e-05,0.09087467193603516,True
2893,917,0.04166666666666663,7.049999840091914e-05,0.09087467193603516,False
2895,1058,0.03125,7.09630003257189e-05,0.0908823013305664,False
2896,3350,0.01041666666666663,7.085699689923786e-05,0.0908975601196289,False
2897,34,0.02083333333333337,7.500900028389879e-05,0.09093570709228516,False
2898,34,0.02083333333333337,7.393499981844798e-05,0.09093570709228516,False
2900,596,0.02083333333333337,7.321800148929469e-05,0.09088993072509766,True
2902,3419,0.02083333333333337,7.569100125692785e-05,0.09088993072509766,False
2904,2791,0.04166666666666663,7.422400085488334e-05,0.09087467193603516,False
2905,3617,0.02083333333333337,7.086900222930126e-05,0.09088993072509766,False
2906,34,0.02083333333333337,7.556700074928813e-05,0.09093570709228516,False
2907,6310,0.02083333333333337,7.81599992478732e-05,0.09088993072509766,False
2910,10,0.04166666666666663,7.833199924789369e-05,0.0909585952758789,False
2914,827,0.05208333333333337,7.676699897274375e-05,0.0908670425415039,True
2918,16,0.03125,7.397399895126e-05,0.0908823013305664,False
2919,604,0.01041666666666663,7.29690000298433e-05,0.0908975601196289,True
2920,855,0.03125,7.815099888830446e-05,0.0908823013305664,False
2921,3419,0.02083333333333337,7.363899931078777e-05,0.09088993072509766,False
2922,7011,0.03125,7.055400055833161e-05,0.0908823013305664,False
2924,26,0.04166666666666663,7.645499863428995e-05,0.09092044830322266,False
2925,26,0.04166666666666663,8.025200077099726e-05,0.09092044830322266,False
2926,1033,0.01041666666666663,7.17350012564566e-05,0.0908975601196289,False
2927,42,0.03125,7.19640011084266e-05,0.0908823013305664,False
2928,6702,0.03125,7.057800030452199e-05,0.0908823013305664,False
2929,565,0.02083333333333337,8.338900079252198e-05,0.09088993072509766,True
2933,10,0.03125,7.573399852844886e-05,0.09096622467041016,False
2934,3311,0.01041666666666663,7.028700201772153e-05,0.0908975601196289,True
2936,3015,0.02083333333333337,7.451200144714676e-05,0.09088993072509766,False
2937,7021,0.0,7.044400263112038e-05,0.09090518951416016,False
2939,3311,0.01041666666666663,7.025499871815555e-05,0.0908975601196289,True
2940,5399,0.02083333333333337,7.141400055843405e-05,0.09088993072509766,False
2941,2791,0.02083333333333337,7.146699863369577e-05,0.09088993072509766,False
2942,647,0.05208333333333337,7.207700036815368e-05,0.0908670425415039,True
2944,70,0.03125,7.355299749178812e-05,0.0908823013305664,False
2947,130,0.04166666666666663,7.105099939508364e-05,0.09087467193603516,False
2948,3337,0.03125,9.191199933411554e-05,0.0908823013305664,False
2949,26,0.03125,7.664000077056699e-05,0.0909280776977539,False
2950,34,0.02083333333333337,7.644299694220535e-05,0.09093570709228516,False
2952,2789,0.04166666666666663,8.097500176518224e-05,0.09087467193603516,False
2956,3617,0.01041666666666663,7.421199916279875e-05,0.0908975601196289,False
2961,4200,0.03125,7.189000098151155e-05,0.0908823013305664,True
2963,4289,0.03125,7.153700062190183e-05,0.0908823013305664,True
2964,4143,0.03125,0.00015442199946846813,0.0908823013305664,True
2965,6319,0.02083333333333337,7.184299829532392e-05,0.09088993072509766,True
2967,962,0.04166666666666663,7.42840020393487e-05,0.09087467193603516,True
2970,1500,0.02083333333333337,7.145800191210583e-05,0.09088993072509766,False
2972,4289,0.02083333333333337,7.611800174345262e-05,0.09088993072509766,True
2974,4697,0.01041666666666663,7.269699926837347e-05,0.0908975601196289,False
2975,8775,0.01041666666666663,7.206200098153204e-05,0.0908975601196289,True
2980,3628,0.0625,7.128599827410653e-05,0.09085941314697266,False
2983,1020,0.01041666666666663,7.530199945904315e-05,0.0908975601196289,True
2986,3482,0.02083333333333337,7.22740005585365e-05,0.09088993072509766,False
2987,4178,0.03125,8.98629987204913e-05,0.0908823013305664,True
2991,3628,0.0625,8.765300299273804e-05,0.09085941314697266,False
2992,3714,0.05208333333333337,7.130100129870698e-05,0.0908670425415039,False
2993,909,0.02083333333333337,7.210100011434406e-05,0.09088993072509766,True
2994,6312,0.01041666666666663,7.307600026251748e-05,0.0908975601196289,True
2996,1500,0.02083333333333337,7.285999890882522e-05,0.09088993072509766,False
2997,6313,0.01041666666666663,7.326000195462257e-05,0.0908975601196289,True
2998,34,0.02083333333333337,7.483800072805025e-05,0.09093570709228516,False
2999,1153,0.04166666666666663,7.055500100250356e-05,0.09087467193603516,False
3000,931,0.02083333333333337,7.170300159486942e-05,0.09088993072509766,True
3002,4178,0.01041666666666663,7.94080006016884e-05,0.0908975601196289,True
3003,6469,0.0,7.186299990280531e-05,0.09090518951416016,True
3004,16,0.03125,7.163100235629827e-05,0.0908823013305664,False
3005,6571,0.08333333333333337,7.360499876085669e-05,0.09084415435791016,False
3007,3609,0.02083333333333337,7.182500121416524e-05,0.09088993072509766,False
3011,6319,0.02083333333333337,7.144899791455828e-05,0.09088993072509766,True
3012,1558,0.03125,9.153599967248738e-05,0.0908823013305664,False
3013,5068,0.02083333333333337,7.159899905673228e-05,0.09088993072509766,False
3017,2766,0.08333333333333337,7.692299914197065e-05,0.09084415435791016,False
3022,636,0.01041666666666663,7.08110019331798e-05,0.0908975601196289,False
3023,5520,0.0,7.236799865495414e-05,0.09090518951416016,True
3024,8775,0.01041666666666663,7.191400072770193e-05,0.0908975601196289,True
3026,3611,0.0,7.287200060090981e-05,0.09090518951416016,False
3028,1500,0.02083333333333337,7.421600093948655e-05,0.09088993072509766,False
3029,6419,0.02083333333333337,7.315600305446424e-05,0.09088993072509766,True
3033,1318,0.03125,8.654299745103344e-05,0.0908823013305664,False
3035,6363,0.01041666666666663,7.059199924697168e-05,0.0908975601196289,True
3036,8003,0.02083333333333337,9.357700037071481e-05,0.09088993072509766,True
3037,3714,0.05208333333333337,7.241200000862591e-05,0.0908670425415039,False
3039,636,0.02083333333333337,7.568100045318715e-05,0.09088993072509766,False
3040,6312,0.02083333333333337,7.1036000008462e-05,0.09088993072509766,True
3042,2896,0.03125,7.508699854952283e-05,0.0908823013305664,False
3043,909,0.02083333333333337,7.111200102372095e-05,0.09088993072509766,True
3045,8123,0.03125,7.232500138343312e-05,0.0908823013305664,False
3048,1372,0.01041666666666663,7.352499960688874e-05,0.0908975601196289,False
3050,4231,0.03125,7.195899888756685e-05,0.0908823013305664,True
3052,1372,0.01041666666666663,7.252000068547204e-05,0.0908975601196289,False
3053,6255,0.01041666666666663,7.221600026241504e-05,0.0908975601196289,False
3054,3757,0.04166666666666663,8.315300146932714e-05,0.09087467193603516,False
3055,16,0.03125,7.589499728055671e-05,0.0908823013305664,False
3056,892,0.03125,7.56800000090152e-05,0.0908823013305664,True
3059,3609,0.02083333333333337,7.04100020811893e-05,0.09088993072509766,False
3060,6312,0.01041666666666663,7.628200182807632e-05,0.0908975601196289,True
3062,1271,0.04166666666666663,7.229100083350204e-05,0.09087467193603516,False
3064,3668,0.03125,7.042900324449874e-05,0.0908823013305664,False
3065,6369,0.01041666666666663,7.01140015735291e-05,0.0908975601196289,True
3071,4906,0.125,7.271299909916706e-05,0.09081363677978516,False
3072,1372,0.01041666666666663,7.336999988183379e-05,0.0908975601196289,False
3073,636,0.01041666666666663,8.50609976623673e-05,0.0908975601196289,False
3074,1020,0.02083333333333337,7.172800178523175e-05,0.09088993072509766,True
3075,2586,0.08333333333333337,7.238000034703873e-05,0.09084415435791016,False
3076,8424,0.05208333333333337,9.161900015897118e-05,0.0908670425415039,False
3081,6445,0.02083333333333337,8.861500100465491e-05,0.09088993072509766,True
3082,636,0.01041666666666663,8.569099736632779e-05,0.0908975601196289,False
3084,892,0.03125,7.278699922608212e-05,0.0908823013305664,True
3085,34,0.02083333333333337,8.312499994644895e-05,0.09093570709228516,False
3086,6742,0.01041666666666663,7.344899859162979e-05,0.0908975601196289,False
3087,6369,0.01041666666666663,7.63870011724066e-05,0.0908975601196289,True
3088,5868,0.03125,7.166100112954155e-05,0.0908823013305664,False
3089,3482,0.02083333333333337,7.18890005373396e-05,0.09088993072509766,False
3090,2340,0.0625,7.520000144722871e-05,0.09085941314697266,False
3091,8313,0.01041666666666663,8.982600047602318e-05,0.0908975601196289,False
3093,4174,0.04166666666666663,7.444499715347774e-05,0.09087467193603516,True
3095,2340,0.0625,7.310799992410466e-05,0.09085941314697266,False
3096,4178,0.02083333333333337,7.135800115065649e-05,0.09088993072509766,True
3099,1016,0.01041666666666663,7.050400017760694e-05,0.0908975601196289,True
3100,6363,0.01041666666666663,7.15649985068012e-05,0.0908975601196289,True
3102,3609,0.0,7.209400064311922e-05,0.09090518951416016,False
3103,6261,0.02083333333333337,7.308799831662327e-05,0.09088993072509766,False
3106,636,0.01041666666666663,7.1343998570228e-05,0.0908975601196289,False
3107,5389,0.02083333333333337,7.481400098185986e-05,0.09088993072509766,True
3108,4795,0.02083333333333337,7.221400301204994e-05,0.09088993072509766,False
3110,4174,0.02083333333333337,7.18910014256835e-05,0.09088993072509766,True
3111,7847,0.07291666666666663,7.132300015655346e-05,0.0908517837524414,True
3119,4289,0.02083333333333337,7.252700015669689e-05,0.09088993072509766,True
3120,34,0.03125,7.570799789391458e-05,0.0908823013305664,False
3122,883,0.03125,7.170699973357841e-05,0.0908823013305664,True
3124,6342,0.02083333333333337,7.246899986057542e-05,0.09088993072509766,True
3125,4174,0.05208333333333337,8.185700062313117e-05,0.0908670425415039,True
3128,4093,0.02083333333333337,7.176599683589302e-05,0.09088993072509766,True
3130,6469,0.01041666666666663,9.038600182975642e-05,0.0908975601196289,True
3133,6348,0.01041666666666663,7.232200005091727e-05,0.0908975601196289,True
3135,3327,0.01041666666666663,7.39860006433446e-05,0.0908975601196289,False
3136,4200,0.03125,7.360200106631964e-05,0.0908823013305664,True
3138,6298,0.04166666666666663,7.249000191222876e-05,0.09087467193603516,False
3139,2586,0.05208333333333337,7.201699918368831e-05,0.0908670425415039,False
3142,6369,0.01041666666666663,7.9574001574656e-05,0.0908975601196289,True
3149,5794,0.02083333333333337,7.197800005087629e-05,0.09088993072509766,False
3154,8254,0.03125,7.274899689946324e-05,0.0908823013305664,False
3155,8842,0.02083333333333337,7.185899812611751e-05,0.09088993072509766,False
3158,6366,0.01041666666666663,7.15910027793143e-05,0.0908975601196289,True
3161,1020,0.02083333333333337,8.135799726005644e-05,0.09088993072509766,True
3162,4178,0.01041666666666663,7.329299842240289e-05,0.0908975601196289,True
3163,7042,0.02083333333333337,7.086899859132245e-05,0.09088993072509766,False
3165,1545,0.08333333333333337,7.25050012988504e-05,0.09084415435791016,False
3167,6461,0.03125,7.158200241974555e-05,0.0908823013305664,True
3172,5448,0.03125,7.512199954362586e-05,0.0908823013305664,True
3176,4093,0.03125,7.302900121430866e-05,0.0908823013305664,True
3182,927,0.02083333333333337,7.203000131994486e-05,0.09088993072509766,False
3183,1493,0.02083333333333337,7.02600009390153e-05,0.09088993072509766,False
3185,636,0.01041666666666663,7.114099935279228e-05,0.0908975601196289,False
3186,34,0.02083333333333337,7.48330021451693e-05,0.09093570709228516,True
3188,6708,0.01041666666666663,8.982399958767928e-05,0.0908975601196289,True
3189,866,0.02083333333333337,6.98730000294745e-05,0.09088993072509766,False
3191,6729,0.01041666666666663,7.126000127755105e-05,0.0908975601196289,True
3192,1511,0.05208333333333337,7.26469988876488e-05,0.0908670425415039,False
3194,5399,0.02083333333333337,7.216199810500257e-05,0.09088993072509766,False
3196,34,0.02083333333333337,9.297399810748175e-05,0.09093570709228516,True
3198,26,0.02083333333333337,7.734500104561448e-05,0.09093570709228516,True
3201,4785,0.01041666666666663,8.558799891034141e-05,0.0908975601196289,False
3203,34,0.04166666666666663,7.174599886639044e-05,0.09087467193603516,True
3205,115,0.02083333333333337,7.23490011296235e-05,0.09088993072509766,True
3206,115,0.02083333333333337,7.28029990568757e-05,0.09088993072509766,True
3211,2791,0.02083333333333337,7.476499740732834e-05,0.09088993072509766,False
3212,3733,0.02083333333333337,7.166099749156274e-05,0.09088993072509766,False
3213,661,0.02083333333333337,8.731299749342725e-05,0.09088993072509766,False
3215,633,0.02083333333333337,7.216100129880942e-05,0.09088993072509766,False
3217,4785,0.02083333333333337,7.043499863357283e-05,0.09088993072509766,False
3219,115,0.02083333333333337,8.153000089805573e-05,0.09088993072509766,True
3223,4750,0.01041666666666663,7.291300062206574e-05,0.0908975601196289,False
3224,5357,0.02083333333333337,7.542599996668287e-05,0.09088993072509766,False
3226,6725,0.01041666666666663,7.232500138343312e-05,0.0908975601196289,True
3227,636,0.01041666666666663,7.215799996629357e-05,0.0908975601196289,False
3229,847,0.02083333333333337,7.159099914133549e-05,0.09088993072509766,False
3230,6725,0.02083333333333337,0.00011588900088099763,0.09088993072509766,True
3231,115,0.02083333333333337,7.292400186997838e-05,0.09088993072509766,True
3235,3209,0.02083333333333337,0.0003049040024052374,0.09088993072509766,False
3241,6406,0.02083333333333337,7.359400115092285e-05,0.09088993072509766,False
3246,4785,0.01041666666666663,7.276799806277268e-05,0.0908975601196289,False
3247,6729,0.01041666666666663,8.56180013215635e-05,0.0908975601196289,True
3249,42,0.03125,0.00011563000225578435,0.0908823013305664,True
3250,5493,0.01041666666666663,7.552899842266925e-05,0.0908975601196289,False
3251,863,0.02083333333333337,7.09470004949253e-05,0.09088993072509766,False
3252,3482,0.02083333333333337,7.17939983587712e-05,0.09088993072509766,True
3253,8763,0.01041666666666663,7.175100108725019e-05,0.0908975601196289,False
3258,6475,0.02083333333333337,7.213999924715608e-05,0.09088993072509766,False
3259,8788,0.01041666666666663,7.099499998730607e-05,0.0908975601196289,False
3264,866,0.02083333333333337,7.291200017789379e-05,0.09088993072509766,False
3265,6298,0.03125,7.255800301209092e-05,0.0908823013305664,False
3269,917,0.02083333333333337,7.26569996913895e-05,0.09088993072509766,False
3270,8788,0.01041666666666663,7.192699922597967e-05,0.0908975601196289,False
3271,42,0.03125,7.215199730126187e-05,0.0908823013305664,True
3275,4178,0.02083333333333337,7.108999852789566e-05,0.09088993072509766,False
3276,3619,0.02083333333333337,7.077900227159262e-05,0.09088993072509766,False
3278,26,0.02083333333333337,7.64680007705465e-05,0.09093570709228516,True
3282,5493,0.02083333333333337,7.163600093917921e-05,0.09088993072509766,False
3283,942,0.01041666666666663,7.36010006221477e-05,0.0908975601196289,False
3285,6964,0.02083333333333337,7.154400009312667e-05,0.09088993072509766,False
3286,26,0.02083333333333337,7.368699880316854e-05,0.09088993072509766,True
3287,6964,0.01041666666666663,8.308100223075598e-05,0.0908975601196289,False
3288,6280,0.02083333333333337,7.115100015653297e-05,0.09088993072509766,False
3289,3327,0.02083333333333337,7.198100138339214e-05,0.09088993072509766,False
3290,760,0.03125,7.230999835883267e-05,0.0908823013305664,False
3291,26,0.03125,7.651600026292726e-05,0.0909280776977539,True
3294,6280,0.02083333333333337,8.131900176522322e-05,0.09088993072509766,False
3297,5724,0.03125,7.221099804155529e-05,0.0908823013305664,True
3299,5724,0.02083333333333337,8.421700113103725e-05,0.09088993072509766,True
3301,687,0.02083333333333337,7.214899960672483e-05,0.09088993072509766,False
3303,7042,0.02083333333333337,7.201699918368831e-05,0.09088993072509766,False
3304,636,0.01041666666666663,7.975699918461032e-05,0.0908975601196289,False
3306,7021,0.02083333333333337,7.286099935299717e-05,0.09088993072509766,False
3307,1440,0.02083333333333337,7.231500057969242e-05,0.09088993072509766,False
3312,6634,0.02083333333333337,7.183400157373399e-05,0.09088993072509766,True
3313,6080,0.03125,7.306000043172389e-05,0.0908823013305664,True
3314,7164,0.07291666666666663,7.481099964934401e-05,0.0908517837524414,True
3317,1526,0.04166666666666663,7.346299753407948e-05,0.09087467193603516,True
3318,2902,0.07291666666666663,0.0001434440018783789,0.0908517837524414,True
3319,8342,0.01041666666666663,7.464200098183937e-05,0.0908975601196289,True
3322,2666,0.05208333333333337,7.41340008971747e-05,0.0908670425415039,True
3324,1525,0.05208333333333337,7.493500015698373e-05,0.0908670425415039,True
3325,4143,0.03125,7.339700096054003e-05,0.0908823013305664,False
3327,8378,0.02083333333333337,7.301100049517117e-05,0.09088993072509766,True
3329,1516,0.03125,7.30660030967556e-05,0.0908823013305664,True
3330,1525,0.05208333333333337,7.247200119309127e-05,0.0908670425415039,True
3333,6634,0.01041666666666663,7.400100002996624e-05,0.0908975601196289,True
3334,2902,0.05208333333333337,8.535199958714657e-05,0.0908670425415039,True
3336,1558,0.04166666666666663,7.530999937443994e-05,0.09087467193603516,True
3337,6391,0.05208333333333337,7.65330005378928e-05,0.0908670425415039,False
3346,8342,0.02083333333333337,7.364799967035651e-05,0.09088993072509766,True
3348,7226,0.0625,7.304300015675835e-05,0.09085941314697266,True
3352,2666,0.02083333333333337,7.462000212399289e-05,0.09088993072509766,True
3353,2579,0.03125,9.591400157660246e-05,0.0908823013305664,True
3354,7164,0.07291666666666663,9.700200098450296e-05,0.0908517837524414,True
3356,8342,0.03125,0.0001474819982831832,0.0908823013305664,True
3357,8822,0.04166666666666663,7.340799857047386e-05,0.09087467193603516,True
3358,34,0.02083333333333337,7.544199979747646e-05,0.09093570709228516,False
3360,8842,0.02083333333333337,7.548400026280433e-05,0.09088993072509766,True
3364,6391,0.0625,7.368599835899659e-05,0.09085941314697266,False
3366,1516,0.05208333333333337,7.548400026280433e-05,0.0908670425415039,True
3368,8378,0.02083333333333337,7.166999785113148e-05,0.09088993072509766,True
3370,8367,0.05208333333333337,7.348999861278571e-05,0.0908670425415039,True
3371,6080,0.02083333333333337,7.223699867608957e-05,0.09088993072509766,True
3377,16,0.03125,7.408800229313783e-05,0.0908823013305664,False
3378,8367,0.04166666666666663,7.361800089711323e-05,0.09087467193603516,True
3380,2532,0.09375,8.143299783114344e-05,0.0908365249633789,True
3381,8378,0.02083333333333337,7.343699689954519e-05,0.09088993072509766,True
3383,2586,0.09375,7.258900222950615e-05,0.0908365249633789,True
3384,3628,0.03125,7.181500041042455e-05,0.0908823013305664,True
3385,8367,0.05208333333333337,8.799900024314411e-05,0.0908670425415039,True
3387,2067,0.11458333333333337,7.539400030509569e-05,0.0908212661743164,False
3389,2733,0.02083333333333337,7.150999954319559e-05,0.09088993072509766,True
3390,7164,0.07291666666666663,7.56049994379282e-05,0.0908517837524414,True
3392,1516,0.03125,7.4052997661056e-05,0.0908823013305664,True
3393,6391,0.04166666666666663,7.34290006221272e-05,0.09087467193603516,False
3394,2586,0.08333333333333337,7.353500041062944e-05,0.09084415435791016,True
3396,8342,0.03125,7.355200068559498e-05,0.0908823013305664,True
3403,2955,0.03125,7.77870009187609e-05,0.0908823013305664,True
3405,8342,0.02083333333333337,7.26549988030456e-05,0.09088993072509766,True
3407,6391,0.03125,7.290400026249699e-05,0.0908823013305664,False
3408,8367,0.04166666666666663,8.011499812710099e-05,0.09087467193603516,True
3411,4827,0.01041666666666663,7.190700125647709e-05,0.0908975601196289,True
3416,6391,0.04166666666666663,7.189299867604859e-05,0.09087467193603516,False
3418,2766,0.02083333333333337,8.242500189226121e-05,0.09088993072509766,True
3419,8378,0.01041666666666663,7.188800009316765e-05,0.0908975601196289,True
3420,6080,0.04166666666666663,0.00020814100207644515,0.09087467193603516,True
3421,1525,0.05208333333333337,7.609800013597123e-05,0.0908670425415039,True
3422,6080,0.08333333333333337,7.324999751290306e-05,0.09084415435791016,True
3425,1525,0.09375,7.194000136223622e-05,0.0908365249633789,True
3426,1526,0.04166666666666663,7.4356998084113e-05,0.09087467193603516,True
3427,1516,0.04166666666666663,7.580899909953587e-05,0.09087467193603516,True
3429,8844,0.03125,7.270499918377027e-05,0.0908823013305664,True
3432,1526,0.05208333333333337,7.34329987608362e-05,0.0908670425415039,True
3436,8378,0.01041666666666663,7.19540003046859e-05,0.0908975601196289,True
3439,6080,0.05208333333333337,7.318200005101971e-05,0.0908670425415039,True
3440,8342,0.02083333333333337,7.939300121506676e-05,0.09088993072509766,True
3445,8342,0.03125,7.32890002836939e-05,0.0908823013305664,True
3446,1526,0.02083333333333337,8.55370017234236e-05,0.09088993072509766,True
3447,8367,0.03125,0.00011049999739043415,0.0908823013305664,True
3448,6080,0.02083333333333337,7.124000330804847e-05,0.09088993072509766,True
3450,8342,0.02083333333333337,7.330600055865943e-05,0.09088993072509766,True
3452,8822,0.08333333333333337,7.261599967023358e-05,0.09084415435791016,True
3454,8342,0.02083333333333337,7.212100172182545e-05,0.09088993072509766,True
3455,1553,0.03125,7.104300311766565e-05,0.0908823013305664,True
3459,8342,0.02083333333333337,9.124899952439591e-05,0.09088993072509766,True
3460,8378,0.02083333333333337,7.534100222983398e-05,0.09088993072509766,True
3462,8378,0.02083333333333337,7.189900134108029e-05,0.09088993072509766,True
3470,6540,0.05208333333333337,8.103800064418465e-05,0.0908670425415039,True
3472,8342,0.02083333333333337,7.479499981855042e-05,0.09088993072509766,True
3475,1525,0.05208333333333337,7.326099876081571e-05,0.0908670425415039,True
3476,2733,0.05208333333333337,7.111299782991409e-05,0.0908670425415039,True
3477,8342,0.04166666666666663,7.716999971307814e-05,0.09087467193603516,True
3478,6080,0.05208333333333337,7.292200098163448e-05,0.0908670425415039,True
3479,1527,0.01041666666666663,7.18829978723079e-05,0.0908975601196289,True
3480,1516,0.02083333333333337,7.41360017855186e-05,0.09088993072509766,True
3483,8417,0.09375,8.057400191319175e-05,0.0908365249633789,True
3485,6634,0.03125,7.194499994511716e-05,0.0908823013305664,True
3488,6634,0.02083333333333337,7.203800123534165e-05,0.09088993072509766,True
3490,8378,0.0625,7.262800136231817e-05,0.09085941314697266,True
3491,8367,0.04166666666666663,7.703200026298873e-05,0.09087467193603516,True
3492,6002,0.02083333333333337,7.444099901476875e-05,0.09088993072509766,True
3495,8725,0.04166666666666663,7.265100066433661e-05,0.09087467193603516,False
3497,2369,0.0625,8.795600297162309e-05,0.09085941314697266,False
3498,6002,0.01041666666666663,7.295599789358675e-05,0.0908975601196289,True
3501,6080,0.05208333333333337,7.43710006645415e-05,0.0908670425415039,True
3503,2733,0.03125,7.12569999450352e-05,0.0908823013305664,True
3504,8378,0.03125,8.017299842322245e-05,0.0908823013305664,True
3506,1526,0.0625,7.4048999522347e-05,0.09085941314697266,True
3510,6080,0.0,7.254199954331852e-05,0.09090518951416016,True
3511,1527,0.08333333333333337,7.220699990284629e-05,0.09084415435791016,True
3512,6066,0.03125,7.180099782999605e-05,0.0908823013305664,True
3513,8342,0.07291666666666663,7.249000191222876e-05,0.0908517837524414,True
3514,6391,0.02083333333333337,7.231400013552047e-05,0.09088993072509766,False
3517,6391,0.10416666666666663,8.082499698502943e-05,0.09082889556884766,False
3519,6080,0.05208333333333337,7.578799704788253e-05,0.0908670425415039,True
3521,2340,0.04166666666666663,7.255100354086608e-05,0.09087467193603516,False
3522,2957,0.05208333333333337,7.55099972593598e-05,0.0908670425415039,True
3529,6080,0.04166666666666663,7.482599903596565e-05,0.09087467193603516,True
3532,2061,0.08333333333333337,7.504899986088276e-05,0.09084415435791016,False
3545,2586,0.0625,7.113999890862033e-05,0.09085941314697266,True
3546,6080,0.04166666666666663,9.236999903805554e-05,0.09087467193603516,True
3548,3554,0.02083333333333337,7.355100024142303e-05,0.09088993072509766,True
3554,2538,0.09375,7.309799912036397e-05,0.0908365249633789,True
3555,8417,0.08333333333333337,7.751399971311912e-05,0.09084415435791016,True
3556,8822,0.04166666666666663,7.609900058014318e-05,0.09087467193603516,True
3557,327,0.0625,7.218800237751566e-05,0.09085941314697266,False
3565,445,0.07291666666666663,8.984699888969772e-05,0.0908517837524414,False
3569,1525,0.04166666666666663,7.299999924725853e-05,0.09087467193603516,True
3572,6080,0.04166666666666663,7.302599988179281e-05,0.09087467193603516,True
3573,2733,0.02083333333333337,7.186000220826827e-05,0.09088993072509766,True
3574,8417,0.08333333333333337,7.50600011087954e-05,0.09084415435791016,True
3575,6634,0.02083333333333337,7.227899914141744e-05,0.09088993072509766,True
3577,6634,0.01041666666666663,7.386200013570487e-05,0.0908975601196289,True
3578,2923,0.09375,7.490099960705265e-05,0.0908365249633789,True
3579,1525,0.02083333333333337,7.295099931070581e-05,0.09088993072509766,True
3581,6634,0.0,7.437600288540125e-05,0.09090518951416016,True
3585,2538,0.10416666666666663,7.307100167963654e-05,0.09082889556884766,True
3586,8417,0.09375,9.157100066659041e-05,0.0908365249633789,True
3587,7294,0.08333333333333337,7.184000060078688e-05,0.09084415435791016,False
3588,1516,0.04166666666666663,7.169799937400967e-05,0.09087467193603516,True
3590,6080,0.05208333333333337,7.397399895126e-05,0.0908670425415039,True
3598,1525,0.02083333333333337,7.203200220828876e-05,0.09088993072509766,True
3599,1516,0.05208333333333337,7.264300074893981e-05,0.0908670425415039,True
3600,6080,0.01041666666666663,7.271499998751096e-05,0.0908975601196289,True
3601,2923,0.07291666666666663,9.231399963027798e-05,0.0908517837524414,True
3602,8822,0.05208333333333337,7.105299664544873e-05,0.0908670425415039,True
3604,1526,0.04166666666666663,7.281800208147615e-05,0.09087467193603516,True
3607,1525,0.09375,7.383900083368644e-05,0.0908365249633789,True
3608,1525,0.11458333333333337,7.636000009370036e-05,0.0908212661743164,True
3609,6080,0.04166666666666663,7.325300248339772e-05,0.09087467193603516,True
3610,5982,0.05208333333333337,7.196499791461974e-05,0.0908670425415039,False
3613,1527,0.05208333333333337,7.149500015657395e-05,0.0908670425415039,True
3615,3078,0.0625,7.683399962843396e-05,0.09085941314697266,False
3619,2906,0.09375,0.00015192799764918163,0.0908365249633789,True
3620,6391,0.04166666666666663,8.330200216732919e-05,0.09087467193603516,False
3625,6080,0.04166666666666663,7.416199878207408e-05,0.09087467193603516,True
3626,1527,0.02083333333333337,7.271600043168291e-05,0.09088993072509766,True
3629,8822,0.0625,7.233900032588281e-05,0.09085941314697266,True
3632,5664,0.01041666666666663,7.33519991626963e-05,0.0908975601196289,False
3633,2943,0.08333333333333337,8.419699952355586e-05,0.09084415435791016,False
3634,4531,0.08333333333333337,9.462299931328744e-05,0.09084415435791016,True
3636,4495,0.0625,7.487799666705541e-05,0.09085941314697266,True
3637,2763,0.05208333333333337,0.00010432400085846893,0.0908670425415039,False
3641,2763,0.05208333333333337,7.59879985707812e-05,0.0908670425415039,False
3642,4495,0.0625,7.977499990374781e-05,0.09085941314697266,True
3645,2935,0.0625,7.314599861274473e-05,0.09085941314697266,False
3646,4505,0.05208333333333337,9.953600238077343e-05,0.0908670425415039,True
3647,2935,0.07291666666666663,7.392499901470728e-05,0.0908517837524414,False
3648,2935,0.04166666666666663,7.239399928948842e-05,0.09087467193603516,False
3649,483,0.0625,7.492599979741499e-05,0.09085941314697266,True
3651,2763,0.05208333333333337,8.389499998884276e-05,0.0908670425415039,False
3652,2763,0.0625,7.310100045287982e-05,0.09085941314697266,False
3654,483,0.05208333333333337,8.109100235742517e-05,0.0908670425415039,True
3656,4495,0.05208333333333337,7.650900079170242e-05,0.0908670425415039,True
3657,4501,0.05208333333333337,7.600499884574674e-05,0.0908670425415039,True
3658,2763,0.0625,7.376199937425554e-05,0.09085941314697266,False
3660,4501,0.08333333333333337,7.440399713232182e-05,0.09084415435791016,True
3661,6556,0.05208333333333337,7.39110000722576e-05,0.0908670425415039,False
3664,6556,0.05208333333333337,7.666199962841347e-05,0.0908670425415039,False
3665,483,0.07291666666666663,7.619999814778566e-05,0.0908517837524414,True
3670,4531,0.09375,7.308600106625818e-05,0.0908365249633789,True
3671,4531,0.0625,7.62939998821821e-05,0.09085941314697266,True
3672,2763,0.07291666666666663,7.35869980417192e-05,0.0908517837524414,False
3673,4501,0.0625,7.668200123589486e-05,0.09085941314697266,True
3676,4495,0.0625,7.695999738643877e-05,0.09085941314697266,True
3677,2943,0.07291666666666663,8.593100210418925e-05,0.0908517837524414,False
3678,2763,0.08333333333333337,7.689799895160832e-05,0.09084415435791016,False
3679,2763,0.04166666666666663,9.075799971469678e-05,0.09087467193603516,False
3688,2935,0.07291666666666663,0.00012125899957027286,0.0908517837524414,False
3690,4505,0.07291666666666663,7.50559993321076e-05,0.0908517837524414,True
3695,4531,0.05208333333333337,7.441200068569742e-05,0.0908670425415039,True
3696,4531,0.08333333333333337,7.379900125670247e-05,0.09084415435791016,True
3698,4495,0.07291666666666663,7.565700070699677e-05,0.0908517837524414,True
3700,2763,0.05208333333333337,7.401800030493177e-05,0.0908670425415039,False
3701,2935,0.07291666666666663,7.379700036835857e-05,0.0908517837524414,False
3702,2763,0.0625,7.748499774606898e-05,0.09085941314697266,False
3703,4505,0.07291666666666663,7.446399831678718e-05,0.0908517837524414,True
3704,6556,0.05208333333333337,7.589600136270747e-05,0.0908670425415039,False
3705,2763,0.07291666666666663,7.35850007913541e-05,0.0908517837524414,False
3706,7249,0.10416666666666663,7.534399992437102e-05,0.09082889556884766,True
3709,4531,0.0625,7.553300019935705e-05,0.09085941314697266,True
3710,2943,0.0625,7.480999920517206e-05,0.09085941314697266,False
3711,483,0.08333333333333337,7.467599789379165e-05,0.09084415435791016,True
3715,4495,0.05208333333333337,7.48330021451693e-05,0.0908670425415039,True
3716,4501,0.07291666666666663,7.371900210273452e-05,0.0908517837524414,True
3718,2791,0.10416666666666663,7.256000026245601e-05,0.09082889556884766,False
3722,429,0.05208333333333337,7.318300049519166e-05,0.0908670425415039,True
3723,327,0.03125,9.2045000201324e-05,0.0908823013305664,True
3724,291,0.04166666666666663,7.447399912052788e-05,0.09087467193603516,True
3725,334,0.05208333333333337,7.323899990296923e-05,0.0908670425415039,True
3726,291,0.05208333333333337,7.691100108786486e-05,0.0908670425415039,True
3727,327,0.03125,7.177700172178447e-05,0.0908823013305664,True
3731,5553,0.11458333333333337,7.72319981479086e-05,0.0908212661743164,False
3732,335,0.04166666666666663,7.51369989302475e-05,0.09087467193603516,True
3737,334,0.04166666666666663,7.458400068571791e-05,0.09087467193603516,True
3740,335,0.04166666666666663,7.809599992469884e-05,0.09087467193603516,True
3748,327,0.03125,7.406599979731254e-05,0.0908823013305664,True
3750,324,0.0625,8.735799929127097e-05,0.09085941314697266,True
3752,213,0.04166666666666663,8.183200043276884e-05,0.09087467193603516,True
3753,324,0.04166666666666663,7.774799814797007e-05,0.09087467193603516,True
3754,324,0.0625,7.79309993959032e-05,0.09085941314697266,True
3757,327,0.05208333333333337,9.353300265502185e-05,0.0908670425415039,True
3759,213,0.08333333333333337,7.710000136285089e-05,0.09084415435791016,True
3761,327,0.05208333333333337,0.0002582419983809814,0.0908670425415039,True
3762,213,0.07291666666666663,7.709900091867894e-05,0.0908517837524414,True
3766,327,0.03125,7.31089967302978e-05,0.0908823013305664,True
3768,327,0.05208333333333337,7.345899939537048e-05,0.0908670425415039,True
3773,327,0.03125,7.224599903565831e-05,0.0908823013305664,True
3774,445,0.05208333333333337,7.404300049529411e-05,0.0908670425415039,True
3775,291,0.03125,7.67739984439686e-05,0.0908823013305664,True
3776,451,0.07291666666666663,7.336300041060895e-05,0.0908517837524414,True
3778,291,0.0625,7.69219986977987e-05,0.09085941314697266,True
3781,451,0.03125,7.63770003686659e-05,0.0908823013305664,True
3782,370,0.04166666666666663,7.350400119321421e-05,0.09087467193603516,True
3784,334,0.05208333333333337,7.414499850710854e-05,0.0908670425415039,True
3785,327,0.03125,7.314499816857278e-05,0.0908823013305664,True
3787,2862,0.07291666666666663,7.995000123628415e-05,0.0908517837524414,False
3788,334,0.08333333333333337,7.370799721684307e-05,0.09084415435791016,True
3790,327,0.05208333333333337,8.38310006656684e-05,0.0908670425415039,True
3799,291,0.02083333333333337,7.543800165876746e-05,0.09088993072509766,True
3806,327,0.05208333333333337,7.221699706860818e-05,0.0908670425415039,True
3810,483,0.09375,7.387000005110167e-05,0.0908365249633789,True
3814,4466,0.0625,7.64640026318375e-05,0.09085941314697266,True
3816,327,0.07291666666666663,0.0002205220007454045,0.0908517837524414,True
3818,291,0.0625,9.105600111070089e-05,0.09085941314697266,True
3820,2943,0.0625,7.345300036831759e-05,0.09085941314697266,False
3824,483,0.07291666666666663,7.556600030511618e-05,0.0908517837524414,True
3825,2943,0.0625,7.190399992396124e-05,0.09085941314697266,False
3831,448,0.07291666666666663,7.31959989934694e-05,0.0908517837524414,True
3836,448,0.05208333333333337,8.162300218828022e-05,0.0908670425415039,True
3837,327,0.04166666666666663,7.554200055892579e-05,0.09087467193603516,True
3838,483,0.05208333333333337,7.796300269546919e-05,0.0908670425415039,True
3840,4495,0.08333333333333337,7.572100003017113e-05,0.09084415435791016,True
3841,6556,0.0625,7.574399933218956e-05,0.09085941314697266,False
3842,4501,0.07291666666666663,7.94180014054291e-05,0.0908517837524414,True
3843,429,0.08333333333333337,7.312999878195114e-05,0.09084415435791016,True
3846,2935,0.0625,7.221300256787799e-05,0.09085941314697266,False
3847,483,0.0625,8.655500278109685e-05,0.09085941314697266,True
3848,448,0.08333333333333337,8.45180002215784e-05,0.09084415435791016,True
3850,370,0.08333333333333337,7.292800000868738e-05,0.09084415435791016,True
3852,483,0.04166666666666663,7.571600144729018e-05,0.09087467193603516,True
3853,483,0.0625,7.510599971283227e-05,0.09085941314697266,True
3855,291,0.08333333333333337,8.260799950221553e-05,0.09084415435791016,True
3858,2943,0.08333333333333337,8.802999946055934e-05,0.09084415435791016,False
3859,4501,0.04166666666666663,7.363600161625072e-05,0.09087467193603516,True
3860,2943,0.07291666666666663,7.851900227251463e-05,0.0908517837524414,False
3862,483,0.07291666666666663,7.456899766111746e-05,0.0908517837524414,True
3863,2935,0.05208333333333337,7.341200034716167e-05,0.0908670425415039,False
3866,4501,0.0625,7.421899863402359e-05,0.09085941314697266,True
3869,2935,0.07291666666666663,7.197599916253239e-05,0.0908517837524414,False
3871,4495,0.07291666666666663,7.401000038953498e-05,0.0908517837524414,True
3872,4501,0.0625,7.432700294884853e-05,0.09085941314697266,True
3873,4909,0.05208333333333337,7.341500167967752e-05,0.0908670425415039,False
3874,483,0.07291666666666663,7.524499960709363e-05,0.0908517837524414,True
3875,4505,0.08333333333333337,7.498000195482746e-05,0.09084415435791016,True
3876,2763,0.07291666666666663,7.202200140454806e-05,0.0908517837524414,False
3879,2763,0.03125,7.253300282172859e-05,0.0908823013305664,False
3880,2943,0.05208333333333337,7.21950018487405e-05,0.0908670425415039,False
3881,4531,0.04166666666666663,7.306000043172389e-05,0.09087467193603516,True
3882,4516,0.07291666666666663,7.2671002271818e-05,0.0908517837524414,True
3883,4516,0.07291666666666663,9.202000001096167e-05,0.0908517837524414,True
3884,2763,0.0625,7.444500079145655e-05,0.09085941314697266,False
3888,2935,0.08333333333333337,7.997099964995869e-05,0.09084415435791016,False
3889,2935,0.05208333333333337,7.282600199687295e-05,0.0908670425415039,False
3895,445,0.05208333333333337,7.47560006857384e-05,0.0908670425415039,True
3896,434,0.08333333333333337,7.413899948005565e-05,0.09084415435791016,True
3897,448,0.05208333333333337,7.937800182844512e-05,0.0908670425415039,True
3899,291,0.07291666666666663,7.697299952269532e-05,0.0908517837524414,True
3904,334,0.09375,7.51369989302475e-05,0.0908365249633789,True
3905,429,0.08333333333333337,8.322299981955439e-05,0.09084415435791016,True
3906,327,0.08333333333333337,7.24359997548163e-05,0.09084415435791016,True
3907,327,0.07291666666666663,7.213400022010319e-05,0.0908517837524414,True
3911,327,0.07291666666666663,9.169899931293912e-05,0.0908517837524414,True
3916,451,0.05208333333333337,7.326800187001936e-05,0.0908670425415039,True
3920,2763,0.07291666666666663,7.230700066429563e-05,0.0908517837524414,False
3922,448,0.05208333333333337,8.147799962898716e-05,0.0908670425415039,True
3923,4505,0.0625,7.50660001358483e-05,0.09085941314697266,True
3925,445,0.0625,7.294499664567411e-05,0.09085941314697266,True
3930,483,0.0625,7.426299998769537e-05,0.09085941314697266,True
3932,327,0.04166666666666663,7.361299867625348e-05,0.09087467193603516,True
3933,370,0.09375,7.34450004529208e-05,0.0908365249633789,True
3939,445,0.07291666666666663,7.399400055874139e-05,0.0908517837524414,True
3941,445,0.07291666666666663,8.205099948099814e-05,0.0908517837524414,True
3943,2943,0.0625,7.361800089711323e-05,0.09085941314697266,False
3946,448,0.05208333333333337,7.38099988666363e-05,0.0908670425415039,True
3950,370,0.05208333333333337,7.710800127824768e-05,0.0908670425415039,True
3953,291,0.05208333333333337,7.804299821145833e-05,0.0908670425415039,True
3958,291,0.05208333333333337,7.697000182815827e-05,0.0908670425415039,True
3959,327,0.04166666666666663,7.511500007240102e-05,0.09087467193603516,True
3960,291,0.05208333333333337,7.388299854937941e-05,0.0908670425415039,True
3961,451,0.05208333333333337,7.332099994528107e-05,0.0908670425415039,True
3963,370,0.05208333333333337,7.403299969155341e-05,0.0908670425415039,True
3964,448,0.0625,8.763999721850269e-05,0.09085941314697266,True
3966,445,0.04166666666666663,8.302000060211867e-05,0.09087467193603516,True
3967,327,0.05208333333333337,0.00036531600198941305,0.0908670425415039,True
3970,434,0.0625,8.774799789534882e-05,0.09085941314697266,True
3972,445,0.04166666666666663,7.18139999662526e-05,0.09087467193603516,True
3974,327,0.0625,7.263500083354302e-05,0.09085941314697266,True
3975,448,0.0625,7.501399886677973e-05,0.09085941314697266,True
3977,2763,0.07291666666666663,8.275200161733665e-05,0.0908517837524414,False
3981,483,0.07291666666666663,7.37510017643217e-05,0.0908517837524414,True
3984,6556,0.04166666666666663,7.387799996649846e-05,0.09087467193603516,False
3985,4516,0.08333333333333337,7.466299939551391e-05,0.09084415435791016,True
3986,2943,0.0625,7.045899837976322e-05,0.09085941314697266,False
3989,327,0.04166666666666663,0.00015630000052624382,0.09087467193603516,True
3990,451,0.05208333333333337,7.349699808401056e-05,0.0908670425415039,True
3991,296,0.0625,7.605900100315921e-05,0.09085941314697266,True
3993,324,0.07291666666666663,7.904499943833798e-05,0.0908517837524414,True
3994,291,0.04166666666666663,7.809199814801104e-05,0.09087467193603516,True
3996,327,0.05208333333333337,7.24359997548163e-05,0.0908670425415039,True
3997,327,0.04166666666666663,7.298499986063689e-05,0.09087467193603516,True
4000,34,0.02083333333333337,8.180999793694355e-05,0.09093570709228516,False
4002,7982,0.01041666666666663,0.00011412399908294901,0.0908975601196289,False
4003,6981,0.02083333333333337,7.130000085453503e-05,0.09088993072509766,True
4005,596,0.03125,9.662799857323989e-05,0.0908823013305664,False
4006,3420,0.02083333333333337,7.318800271605141e-05,0.09088993072509766,False
4008,3334,0.03125,8.403900210396387e-05,0.0908823013305664,False
4010,34,0.02083333333333337,7.670299964956939e-05,0.09093570709228516,False
4013,26,0.02083333333333337,7.896999886725098e-05,0.09093570709228516,False
4014,70,0.04166666666666663,7.151899990276434e-05,0.09087467193603516,False
4016,3733,0.02083333333333337,7.16579997970257e-05,0.09088993072509766,False
4019,883,0.02083333333333337,7.378199734375812e-05,0.09088993072509766,False
4020,34,0.02083333333333337,7.746799747110344e-05,0.09093570709228516,False
4021,34,0.04166666666666663,7.731000005151145e-05,0.09087467193603516,False
4023,3337,0.02083333333333337,7.693299994571134e-05,0.09088993072509766,False
4024,3733,0.02083333333333337,7.125300180632621e-05,0.09088993072509766,False
4025,6830,0.01041666666666663,7.100699804141186e-05,0.0908975601196289,False
4026,565,0.03125,0.00011646299753920175,0.0908823013305664,False
4027,3337,0.03125,7.584799823234789e-05,0.0908823013305664,False
4028,34,0.02083333333333337,7.581199679407291e-05,0.09093570709228516,False
4029,661,0.04166666666666663,7.649100007256493e-05,0.09087467193603516,False
4031,70,0.04166666666666663,7.501300206058659e-05,0.09087467193603516,False
4032,565,0.03125,7.271299909916706e-05,0.0908823013305664,False
4034,34,0.02083333333333337,7.569700028398074e-05,0.09093570709228516,False
4037,1422,0.03125,7.163900227169506e-05,0.0908823013305664,True
4039,679,0.03125,8.004700066521764e-05,0.0908823013305664,False
4042,26,0.03125,7.618599920533597e-05,0.0909280776977539,False
4044,8098,0.01041666666666663,7.087800258887e-05,0.0908975601196289,False
4046,7982,0.01041666666666663,7.058299888740294e-05,0.0908975601196289,False
4049,26,0.03125,7.547600034740753e-05,0.0909280776977539,False
4050,679,0.04166666666666663,7.176199869718403e-05,0.09087467193603516,False
4051,6312,0.01041666666666663,7.192600241978653e-05,0.0908975601196289,False
4053,3327,0.03125,7.144200208131224e-05,0.0908823013305664,False
4055,26,0.05208333333333337,7.883299986133352e-05,0.0909128189086914,False
4056,7021,0.0,8.775900278124027e-05,0.09090518951416016,True
4058,34,0.02083333333333337,7.524100146838464e-05,0.09093570709228516,False
4062,5423,0.01041666666666663,7.14980014890898e-05,0.0908975601196289,False
4063,5654,0.02083333333333337,9.363400022266433e-05,0.09088993072509766,False
4064,5399,0.02083333333333337,7.106700286385603e-05,0.09088993072509766,False
4069,3337,0.03125,7.257900142576545e-05,0.0908823013305664,False
4071,16,0.04166666666666663,7.59149988880381e-05,0.09087467193603516,False
4074,636,0.01041666666666663,7.073199958540499e-05,0.0908975601196289,False
4075,6187,0.01041666666666663,7.299100252566859e-05,0.0908975601196289,True
4077,636,0.02083333333333337,7.137300053727813e-05,0.09088993072509766,False
4084,6803,0.01041666666666663,7.748400093987584e-05,0.0908975601196289,False
4085,7098,0.03125,8.518600225215778e-05,0.0908823013305664,True
4086,6862,0.04166666666666663,7.398900197586045e-05,0.09087467193603516,False
4087,8683,0.01041666666666663,9.176800085697323e-05,0.0908975601196289,False
4088,565,0.03125,7.160599852795713e-05,0.0908823013305664,False
4091,1036,0.01041666666666663,7.062499935273081e-05,0.0908975601196289,False
4092,3311,0.01041666666666663,9.344000136479735e-05,0.0908975601196289,False
4095,7768,0.05208333333333337,7.243700019898824e-05,0.0908670425415039,False
4096,2791,0.02083333333333337,7.374199776677415e-05,0.09088993072509766,False
4097,3311,0.01041666666666663,7.439399996655993e-05,0.0908975601196289,False
4098,6167,0.03125,7.454400110873394e-05,0.0908823013305664,True
4099,633,0.01041666666666663,7.329400250455365e-05,0.0908975601196289,False
4100,6704,0.02083333333333337,7.109000216587447e-05,0.09088993072509766,False
4101,3175,0.01041666666666663,7.081600051606074e-05,0.0908975601196289,False
4103,6809,0.01041666666666663,7.190199903561734e-05,0.0908975601196289,False
4104,16,0.03125,7.238900070660748e-05,0.0908823013305664,False
4106,3337,0.02083333333333337,7.11799984856043e-05,0.09088993072509766,False
4107,34,0.02083333333333337,7.994199768290855e-05,0.09093570709228516,False
4108,5357,0.02083333333333337,8.830400111037306e-05,0.09088993072509766,False
4110,6937,0.01041666666666663,8.813800013740547e-05,0.0908975601196289,True
4114,3617,0.0,8.172100206138566e-05,0.09090518951416016,False
4116,26,0.02083333333333337,7.24260025890544e-05,0.09088993072509766,False
4117,6261,0.01041666666666663,7.573499897262082e-05,0.0908975601196289,True
4118,3288,0.01041666666666663,7.014099901425652e-05,0.0908975601196289,False
4119,6939,0.01041666666666663,7.21910000720527e-05,0.0908975601196289,True
4122,2791,0.02083333333333337,8.199999865610152e-05,0.09088993072509766,False
4125,565,0.03125,7.923899829620495e-05,0.0908823013305664,False
4128,565,0.04166666666666663,7.277999975485727e-05,0.09087467193603516,False
4129,4618,0.01041666666666663,7.508500129915774e-05,0.0908975601196289,True
4131,6981,0.01041666666666663,7.047799954307266e-05,0.0908975601196289,True
4132,3327,0.01041666666666663,7.175100108725019e-05,0.0908975601196289,False
4133,3379,0.02083333333333337,7.219799954327755e-05,0.09088993072509766,False
4134,5586,0.01041666666666663,7.135100167943165e-05,0.0908975601196289,False
4135,3319,0.0,7.233300129882991e-05,0.09090518951416016,False
4136,1051,0.01041666666666663,6.985400250414386e-05,0.0908975601196289,False
4141,34,0.02083333333333337,7.871200068620965e-05,0.09093570709228516,False
4142,3453,0.02083333333333337,7.094600005075336e-05,0.09088993072509766,False
4145,6187,0.01041666666666663,7.115100015653297e-05,0.0908975601196289,True
4150,6269,0.04166666666666663,7.244600055855699e-05,0.09087467193603516,True
4151,7042,0.02083333333333337,7.079399802023545e-05,0.09088993072509766,True
4157,42,0.03125,7.119099973351695e-05,0.0908823013305664,False
4159,636,0.01041666666666663,7.454400110873394e-05,0.0908975601196289,False
4160,34,0.02083333333333337,7.974999971338548e-05,0.09093570709228516,False
4161,16,0.03125,7.256599928950891e-05,0.0908823013305664,False
4162,34,0.01041666666666663,7.607199950143695e-05,0.0909433364868164,False
4167,6996,0.01041666666666663,7.573599941679277e-05,0.0908975601196289,True
4169,6981,0.01041666666666663,7.133200051612221e-05,0.0908975601196289,True
4170,34,0.02083333333333337,7.580000237794593e-05,0.09093570709228516,False
4172,839,0.03125,0.00011417499990784563,0.0908823013305664,False
4173,34,0.02083333333333337,7.675700180698186e-05,0.09093570709228516,False
4174,34,0.02083333333333337,7.475500024156645e-05,0.09093570709228516,False
4175,4621,0.03125,7.960699804243632e-05,0.0908823013305664,True
4176,1422,0.02083333333333337,7.139800072764046e-05,0.09088993072509766,True
4177,6255,0.03125,7.11920001776889e-05,0.0908823013305664,True
4178,6312,0.01041666666666663,7.061199721647426e-05,0.0908975601196289,False
4183,5168,0.01041666666666663,7.02540019119624e-05,0.0908975601196289,False
4187,604,0.01041666666666663,7.139999797800556e-05,0.0908975601196289,False
4188,5448,0.01041666666666663,8.010000237845816e-05,0.0908975601196289,False
4189,6675,0.02083333333333337,7.22010008757934e-05,0.09088993072509766,False
4194,604,0.01041666666666663,7.320900112972595e-05,0.0908975601196289,False
4195,1422,0.02083333333333337,7.144499977584928e-05,0.09088993072509766,True
4196,3617,0.01041666666666663,7.26569996913895e-05,0.0908975601196289,False
4200,6981,0.01041666666666663,7.04849990142975e-05,0.0908975601196289,True
4201,5586,0.0,7.762599852867424e-05,0.09090518951416016,False
4204,3619,0.02083333333333337,8.357000115211122e-05,0.09088993072509766,False
4206,34,0.02083333333333337,8.227100261137821e-05,0.09093570709228516,False
4207,4618,0.01041666666666663,7.294600072782487e-05,0.0908975601196289,True
4210,2791,0.01041666666666663,7.216700032586232e-05,0.0908975601196289,False
4211,34,0.03125,7.160300083342008e-05,0.0908823013305664,False
4212,34,0.02083333333333337,7.756400009384379e-05,0.09093570709228516,False
4213,34,0.02083333333333337,8.870500096236356e-05,0.09093570709228516,False
4215,6261,0.01041666666666663,7.146499774535187e-05,0.0908975601196289,True
4216,4618,0.01041666666666663,7.360499876085669e-05,0.0908975601196289,True
4220,5586,0.01041666666666663,7.225599983939901e-05,0.0908975601196289,False
4221,7982,0.01041666666666663,8.262899791589007e-05,0.0908975601196289,False
4222,34,0.02083333333333337,7.548899884568527e-05,0.09093570709228516,False
4228,175,0.03125,7.165100032580085e-05,0.0908823013305664,False
4230,604,0.01041666666666663,7.176800136221573e-05,0.0908975601196289,False
4231,26,0.02083333333333337,8.7314001575578e-05,0.09088993072509766,False
4234,6703,0.02083333333333337,7.185100184869952e-05,0.09088993072509766,False
4235,3226,0.01041666666666663,7.178699888754636e-05,0.0908975601196289,False
4236,2716,0.04166666666666663,8.106400127871893e-05,0.09087467193603516,True
4239,1490,0.01041666666666663,7.093600288499147e-05,0.0908975601196289,True
4240,2902,0.09375,9.774700083653443e-05,0.0908365249633789,True
4241,5457,0.01041666666666663,7.07990002410952e-05,0.0908975601196289,False
4247,1109,0.01041666666666663,7.198399907792918e-05,0.0908975601196289,True
4249,3750,0.07291666666666663,7.255200034705922e-05,0.0908517837524414,True
4250,4786,0.01041666666666663,7.156799983931705e-05,0.0908975601196289,True
4251,4796,0.01041666666666663,7.065800309646875e-05,0.0908975601196289,True
4254,8844,0.03125,8.055600119405426e-05,0.0908823013305664,True
4256,4808,0.03125,7.276399992406368e-05,0.0908823013305664,True
4257,4748,0.0,8.586700278101489e-05,0.09090518951416016,True
4259,1393,0.0,7.119099973351695e-05,0.09090518951416016,True
4261,5789,0.03125,8.266500299214385e-05,0.0908823013305664,False
4262,16,0.02083333333333337,7.592999827465974e-05,0.09088993072509766,False
4265,1393,0.01041666666666663,9.228599810739979e-05,0.0908975601196289,True
4267,6580,0.08333333333333337,7.329400250455365e-05,0.09084415435791016,True
4268,8796,0.07291666666666663,9.763099660631269e-05,0.0908517837524414,True
4270,3634,0.09375,7.200099935289472e-05,0.0908365249633789,True
4272,3750,0.08333333333333337,7.54530010453891e-05,0.09084415435791016,True
4274,1173,0.01041666666666663,9.43630002439022e-05,0.0908975601196289,True
4276,1101,0.01041666666666663,7.346900019911118e-05,0.0908975601196289,True
4277,34,0.02083333333333337,7.44379976822529e-05,0.09093570709228516,False
4279,4748,0.01041666666666663,8.252599945990369e-05,0.0908975601196289,True
4280,1223,0.01041666666666663,7.159400047385134e-05,0.0908975601196289,True
4281,2731,0.09375,9.576600132277235e-05,0.0908365249633789,True
4283,6507,0.10416666666666663,7.442399873980321e-05,0.09082889556884766,True
4288,1212,0.01041666666666663,7.140399975469336e-05,0.0908975601196289,True
4290,1518,0.03125,8.182799865608104e-05,0.0908823013305664,True
4291,6066,0.09375,7.037700197543018e-05,0.0908365249633789,True
4292,2932,0.01041666666666663,7.284900129889138e-05,0.0908975601196289,True
4293,2896,0.02083333333333337,8.590200013713911e-05,0.09088993072509766,True
4295,8844,0.05208333333333337,7.345400081248954e-05,0.0908670425415039,True
4297,6066,0.01041666666666663,7.088100028340705e-05,0.0908975601196289,True
4298,6138,0.01041666666666663,7.164099952206016e-05,0.0908975601196289,True
4303,7042,0.01041666666666663,7.890499909990467e-05,0.0908975601196289,False
4304,2766,0.02083333333333337,7.12710025254637e-05,0.09088993072509766,True
4305,6391,0.08333333333333337,7.144800110836513e-05,0.09084415435791016,False
4307,1299,0.01041666666666663,7.812499825377017e-05,0.0908975601196289,True
4309,1212,0.01041666666666663,7.169499804149382e-05,0.0908975601196289,True
4310,8911,0.01041666666666663,7.269900015671737e-05,0.0908975601196289,True
4314,4795,0.01041666666666663,7.439800174324773e-05,0.0908975601196289,True
4319,1212,0.02083333333333337,7.077999907778576e-05,0.09088993072509766,True
4325,1393,0.01041666666666663,7.144800110836513e-05,0.0908975601196289,True
4328,636,0.01041666666666663,7.02559991623275e-05,0.0908975601196289,False
4330,16,0.03125,8.241799878305756e-05,0.0908823013305664,False
4332,8402,0.04166666666666663,9.860499994829297e-05,0.09087467193603516,True
4333,4785,0.02083333333333337,7.16419999662321e-05,0.09088993072509766,True
4335,8254,0.03125,7.667200043215416e-05,0.0908823013305664,True
4336,4827,0.01041666666666663,0.00010967600246658549,0.0908975601196289,True
4339,6066,0.01041666666666663,7.215000005089678e-05,0.0908975601196289,True
4349,3757,0.05208333333333337,7.333499888773076e-05,0.0908670425415039,True
4350,2932,0.01041666666666663,8.504799916408956e-05,0.0908975601196289,True
4351,4842,0.02083333333333337,8.488999810651876e-05,0.09088993072509766,True
4353,4795,0.01041666666666663,7.214799916255288e-05,0.0908975601196289,True
4357,2766,0.02083333333333337,7.248499969136901e-05,0.09088993072509766,True
4358,6090,0.08333333333333337,7.191899931058288e-05,0.09084415435791016,True
4359,1393,0.0,7.49930004531052e-05,0.09090518951416016,True
4360,2766,0.02083333333333337,7.161000030464493e-05,0.09088993072509766,True
4361,1315,0.05208333333333337,7.029100015643053e-05,0.0908670425415039,True
4366,1109,0.01041666666666663,7.384199852822348e-05,0.0908975601196289,True
4368,1393,0.01041666666666663,7.052499859128147e-05,0.0908975601196289,True
4371,1151,0.01041666666666663,7.093499880284071e-05,0.0908975601196289,True
4372,4842,0.02083333333333337,0.00020371000209706835,0.09088993072509766,True
4373,6634,0.02083333333333337,7.279099736479111e-05,0.09088993072509766,True
4376,1393,0.02083333333333337,7.06509999872651e-05,0.09088993072509766,True
4377,1393,0.01041666666666663,7.613699926878326e-05,0.0908975601196289,True
4379,6066,0.01041666666666663,7.231699783005752e-05,0.0908975601196289,True
4380,1101,0.01041666666666663,7.17189977876842e-05,0.0908975601196289,True
4382,6109,0.02083333333333337,7.907200051704422e-05,0.09088993072509766,True
4383,4795,0.03125,7.08579973434098e-05,0.0908823013305664,True
4384,2733,0.0625,7.040099808364175e-05,0.09085941314697266,True
4385,2715,0.07291666666666663,7.39679999242071e-05,0.0908517837524414,True
4386,6005,0.13541666666666663,7.311999797821045e-05,0.0908060073852539,True
4387,6066,0.03125,7.38279995857738e-05,0.0908823013305664,True
4390,4776,0.02083333333333337,7.296200055861846e-05,0.09088993072509766,True
4393,42,0.02083333333333337,7.153800106607378e-05,0.09088993072509766,False
4394,1393,0.01041666666666663,7.068400009302422e-05,0.0908975601196289,True
4395,6080,0.0,0.00010891800047829747,0.09090518951416016,True
4397,8842,0.01041666666666663,8.461000106763095e-05,0.0908975601196289,True
4398,4795,0.01041666666666663,7.169899981818162e-05,0.0908975601196289,True
4402,2733,0.04166666666666663,7.256599928950891e-05,0.09087467193603516,True
4405,1112,0.02083333333333337,7.21160031389445e-05,0.09088993072509766,True
4406,2409,0.10416666666666663,7.346200072788633e-05,0.09082889556884766,False
4409,4827,0.0,8.560299829696305e-05,0.09090518951416016,True
4411,1393,0.01041666666666663,7.063600060064346e-05,0.0908975601196289,True
4413,2538,0.09375,7.508999988203868e-05,0.0908365249633789,True
4415,3667,0.01041666666666663,7.201100015663542e-05,0.0908975601196289,True
4417,2716,0.05208333333333337,7.105599797796458e-05,0.0908670425415039,True
4419,34,0.02083333333333337,7.55299988668412e-05,0.09093570709228516,False
4421,1133,0.01041666666666663,0.00010669899711501785,0.0908975601196289,True
4423,2640,0.10416666666666663,8.125500244204886e-05,0.09082889556884766,True
4426,4795,0.01041666666666663,7.151400131988339e-05,0.0908975601196289,True
4427,1372,0.02083333333333337,8.04129995231051e-05,0.09088993072509766,True
4429,1268,0.04166666666666663,7.248900146805681e-05,0.09087467193603516,True
4430,1500,0.03125,7.212299897219054e-05,0.0908823013305664,True
4431,8378,0.02083333333333337,7.314600225072354e-05,0.09088993072509766,True
4433,8342,0.02083333333333337,7.324200123548508e-05,0.09088993072509766,True
4435,6043,0.02083333333333337,7.187099981820211e-05,0.09088993072509766,True
4437,3750,0.07291666666666663,7.169599848566577e-05,0.0908517837524414,True
4439,1393,0.01041666666666663,7.490700227208436e-05,0.0908975601196289,True
4440,1393,0.01041666666666663,8.009999874047935e-05,0.0908975601196289,True
4441,8342,0.02083333333333337,7.252200157381594e-05,0.09088993072509766,True
4443,4827,0.0,0.00011098200047854334,0.09090518951416016,True
4445,3527,0.02083333333333337,7.142799950088374e-05,0.09088993072509766,True
4446,1372,0.01041666666666663,7.268999979714863e-05,0.0908975601196289,True
4450,6042,0.0625,7.112299863365479e-05,0.09085941314697266,True
4453,6591,0.08333333333333337,8.250000246334821e-05,0.09084415435791016,True
4454,2932,0.04166666666666663,7.179900057963096e-05,0.09087467193603516,True
4455,5557,0.02083333333333337,0.00010795299749588594,0.09088993072509766,False
4457,2763,0.02083333333333337,8.133599840220995e-05,0.09088993072509766,True
4461,8911,0.01041666666666663,7.461100176442415e-05,0.0908975601196289,True
4462,115,0.03125,7.464700320269912e-05,0.0908823013305664,False
4463,2763,0.03125,7.90169979154598e-05,0.0908823013305664,True
4466,636,0.04166666666666663,7.155400089686736e-05,0.09087467193603516,False
4468,636,0.04166666666666663,7.510400246246718e-05,0.09087467193603516,False
4471,604,0.02083333333333337,7.248299880302511e-05,0.09088993072509766,False
4472,2763,0.02083333333333337,7.440999979735352e-05,0.09088993072509766,True
4477,34,0.02083333333333337,7.705499956500717e-05,0.09088993072509766,False
4478,8775,0.03125,7.105999975465238e-05,0.0908823013305664,False
4479,2763,0.03125,7.558899960713461e-05,0.0908823013305664,True
4481,2791,0.04166666666666663,8.443800106761046e-05,0.09087467193603516,True
4483,1153,0.05208333333333337,7.069099956424907e-05,0.0908670425415039,True
4484,6540,0.02083333333333337,7.1880996983964e-05,0.09088993072509766,True
4487,16,0.02083333333333337,9.122299888986163e-05,0.09088993072509766,False
4488,2061,0.0625,7.286999971256591e-05,0.09085941314697266,False
4489,5631,0.03125,7.203000131994486e-05,0.0908823013305664,False
4491,1223,0.04166666666666663,7.10949971107766e-05,0.09087467193603516,True
4492,2763,0.03125,7.233400174300186e-05,0.0908823013305664,True
4495,2763,0.02083333333333337,0.00013953899906482548,0.09088993072509766,True
4496,6505,0.02083333333333337,8.552800136385486e-05,0.09088993072509766,True
4497,2763,0.03125,7.318099960684776e-05,0.0908823013305664,True
4498,2763,0.03125,7.489899871870875e-05,0.0908823013305664,True
4499,2763,0.03125,7.37490008759778e-05,0.0908823013305664,True
4500,2763,0.03125,7.291699876077473e-05,0.0908823013305664,True
4501,2763,0.03125,7.363799886661582e-05,0.0908823013305664,True
4502,2791,0.04166666666666663,7.236099918372929e-05,0.09087467193603516,True
4503,6556,0.03125,7.470299897249788e-05,0.0908823013305664,True
4505,2763,0.03125,7.276600081240758e-05,0.0908823013305664,True
4506,2763,0.02083333333333337,0.00018598099995870143,0.09088993072509766,True
4509,2763,0.02083333333333337,7.518200072809123e-05,0.09088993072509766,True
4510,4785,0.03125,9.605300147086382e-05,0.0908823013305664,True
4513,6556,0.02083333333333337,9.146199954557233e-05,0.09088993072509766,True
4514,2763,0.02083333333333337,7.66220000514295e-05,0.09088993072509766,True
4515,2763,0.04166666666666663,7.387500227196142e-05,0.09087467193603516,True
4516,2763,0.03125,7.326400009333156e-05,0.0908823013305664,True
4517,2763,0.04166666666666663,8.718499884707853e-05,0.09087467193603516,True
4520,3367,0.0625,0.00024142099937307648,0.09085941314697266,False
4521,10,0.05208333333333337,7.859600009396672e-05,0.09095096588134766,False
4522,2763,0.02083333333333337,7.401399852824397e-05,0.09088993072509766,True
4523,2763,0.04166666666666663,7.237300087581389e-05,0.09087467193603516,True
4526,596,0.04166666666666663,7.186500079114921e-05,0.09087467193603516,False
4528,34,0.02083333333333337,7.372999971266836e-05,0.09088993072509766,False
4529,6540,0.01041666666666663,7.20390016795136e-05,0.0908975601196289,True
4531,2763,0.02083333333333337,7.313799869734794e-05,0.09088993072509766,True
4533,4785,0.03125,8.309199984068982e-05,0.0908823013305664,True
4534,2763,0.01041666666666663,8.624099791632034e-05,0.0908975601196289,True
4535,3689,0.03125,7.061100041028112e-05,0.0908823013305664,True
4536,2763,0.02083333333333337,7.251699935295619e-05,0.09088993072509766,True
4537,2763,0.03125,7.786499918438494e-05,0.0908823013305664,True
4539,2763,0.03125,7.25860008969903e-05,0.0908823013305664,True
4543,4785,0.02083333333333337,7.368200022028759e-05,0.09088993072509766,True
4544,2763,0.02083333333333337,7.461100176442415e-05,0.09088993072509766,True
4545,2763,0.02083333333333337,7.326099876081571e-05,0.09088993072509766,True
4548,2763,0.03125,7.241500134114176e-05,0.0908823013305664,True
4550,2763,0.04166666666666663,7.205500151030719e-05,0.09087467193603516,True
4552,4785,0.03125,7.510299838031642e-05,0.0908823013305664,True
4553,636,0.03125,7.167899821070023e-05,0.0908823013305664,False
4554,3015,0.03125,7.31979998818133e-05,0.0908823013305664,True
4556,2763,0.02083333333333337,7.1726997703081e-05,0.09088993072509766,True
4557,2763,0.02083333333333337,7.487699986086227e-05,0.09088993072509766,True
4558,2763,0.02083333333333337,7.334899783018045e-05,0.09088993072509766,True
4559,2763,0.02083333333333337,7.641599950147793e-05,0.09088993072509766,True
4561,4199,0.0625,7.325000115088187e-05,0.09085941314697266,False
4563,2935,0.02083333333333337,7.469900083378889e-05,0.09088993072509766,True
4564,2763,0.03125,7.603100311825983e-05,0.0908823013305664,True
4565,2763,0.03125,8.909200187190436e-05,0.0908823013305664,True
4567,2763,0.03125,7.364300108747557e-05,0.0908823013305664,True
4569,8911,0.02083333333333337,7.148499935283326e-05,0.09088993072509766,True
4574,6687,0.01041666666666663,8.004600022104569e-05,0.0908975601196289,False
4576,2763,0.02083333333333337,7.416600055876188e-05,0.09088993072509766,True
4579,6725,0.02083333333333337,7.442000060109422e-05,0.09088993072509766,False
4580,7028,0.03125,9.139699977822602e-05,0.0908823013305664,False
4583,8911,0.02083333333333337,7.306499901460484e-05,0.09088993072509766,True
4586,8911,0.05208333333333337,7.050199928926304e-05,0.0908670425415039,True
4587,10,0.04166666666666663,7.646499943803065e-05,0.0909585952758789,False
4589,1298,0.08333333333333337,9.042999954544939e-05,0.09084415435791016,True
4592,115,0.04166666666666663,7.851199916331097e-05,0.09087467193603516,False
4593,1109,0.03125,7.233599899336696e-05,0.0908823013305664,True
4595,8911,0.02083333333333337,7.204199937405065e-05,0.09088993072509766,True
4596,6540,0.01041666666666663,7.252300201798789e-05,0.0908975601196289,True
4602,6540,0.01041666666666663,7.434899816871621e-05,0.0908975601196289,True
4604,5357,0.04166666666666663,7.115100015653297e-05,0.09087467193603516,False
4607,3601,0.03125,7.25819991203025e-05,0.0908823013305664,True
4612,3379,0.04166666666666663,7.234599979710765e-05,0.09087467193603516,False
4614,3113,0.03125,7.207499947980978e-05,0.0908823013305664,False
4615,6725,0.02083333333333337,7.038100011413917e-05,0.09088993072509766,False
4616,6540,0.02083333333333337,7.218300015665591e-05,0.09088993072509766,True
4617,1109,0.03125,7.838599776732735e-05,0.0908823013305664,True
4618,115,0.03125,7.49020000512246e-05,0.0908823013305664,False
4619,636,0.01041666666666663,8.071800039033405e-05,0.0908975601196289,False
4622,636,0.01041666666666663,7.001400081207976e-05,0.0908975601196289,False
4623,2914,0.02083333333333337,7.228300091810524e-05,0.09088993072509766,True
4624,3356,0.02083333333333337,7.150700184865855e-05,0.09088993072509766,False
4625,6540,0.02083333333333337,7.89480000094045e-05,0.09088993072509766,True
4626,6540,0.02083333333333337,8.170500223059207e-05,0.09088993072509766,True
4627,6540,0.04166666666666663,8.076400263234973e-05,0.09087467193603516,True
4628,8911,0.02083333333333337,7.158399967011064e-05,0.09088993072509766,True
4629,3337,0.02083333333333337,8.037500083446503e-05,0.09088993072509766,False
4630,6540,0.01041666666666663,7.682399882469326e-05,0.0908975601196289,True
4632,8911,0.02083333333333337,7.156400170060806e-05,0.09088993072509766,True
4634,8911,0.02083333333333337,9.183099973597564e-05,0.09088993072509766,True
4635,8911,0.02083333333333337,9.374400178785436e-05,0.09088993072509766,True
4639,6540,0.02083333333333337,8.532900028512813e-05,0.09088993072509766,True
4641,6540,0.01041666666666663,7.467199975508265e-05,0.0908975601196289,True
4642,6540,0.01041666666666663,7.255200034705922e-05,0.0908975601196289,True
4643,1223,0.02083333333333337,7.415700019919313e-05,0.09088993072509766,True
4648,4750,0.03125,7.214200013549998e-05,0.0908823013305664,True
4649,3379,0.04166666666666663,7.17350012564566e-05,0.09087467193603516,False
4651,5258,0.03125,7.126600030460395e-05,0.0908823013305664,False
4653,6540,0.0,7.335000191233121e-05,0.09090518951416016,True
4655,6540,0.02083333333333337,8.11159989098087e-05,0.09088993072509766,True
4657,1223,0.04166666666666663,7.23550001566764e-05,0.09087467193603516,True
4659,115,0.02083333333333337,7.106599878170528e-05,0.09088993072509766,False
4662,8911,0.02083333333333337,7.506899783038534e-05,0.09088993072509766,True
4663,6540,0.01041666666666663,7.471200297004543e-05,0.0908975601196289,True
4664,6540,0.01041666666666663,7.630299660377204e-05,0.0908975601196289,True
4666,115,0.03125,7.09529995219782e-05,0.0908823013305664,False
4667,5631,0.01041666666666663,7.11250031599775e-05,0.0908975601196289,False
4669,604,0.02083333333333337,7.221800115075894e-05,0.09088993072509766,False
4671,115,0.03125,7.155799903557636e-05,0.0908823013305664,False
4672,636,0.01041666666666663,7.193099736468866e-05,0.0908975601196289,False
4675,6540,0.01041666666666663,8.200100273825228e-05,0.0908975601196289,True
4679,6540,0.01041666666666663,7.31210020603612e-05,0.0908975601196289,True
4681,6540,0.03125,9.230300202034414e-05,0.0908823013305664,True
4682,636,0.01041666666666663,7.887299943831749e-05,0.0908975601196289,False
4683,6540,0.01041666666666663,8.19730012153741e-05,0.0908975601196289,True
4686,6540,0.01041666666666663,7.705300231464207e-05,0.0908975601196289,True
4687,596,0.04166666666666663,7.184000060078688e-05,0.09087467193603516,False
4688,8911,0.02083333333333337,8.209400039049797e-05,0.09088993072509766,True
4689,596,0.04166666666666663,7.944800017867237e-05,0.09087467193603516,False
4690,8663,0.01041666666666663,7.674899825360626e-05,0.0908975601196289,False
4692,115,0.03125,7.294800161616877e-05,0.0908823013305664,False
4693,3015,0.03125,9.476699779042974e-05,0.0908823013305664,True
4697,3469,0.02083333333333337,7.528399873990566e-05,0.09088993072509766,False
4699,3337,0.02083333333333337,8.113500007311814e-05,0.09088993072509766,False
4700,6540,0.01041666666666663,7.113500032573938e-05,0.0908975601196289,True
4701,604,0.02083333333333337,7.740499859210104e-05,0.09088993072509766,False
4702,6738,0.02083333333333337,7.078500129864551e-05,0.09088993072509766,False
4704,6540,0.01041666666666663,7.262700091814622e-05,0.0908975601196289,True
4705,6540,0.02083333333333337,7.515799734392203e-05,0.09088993072509766,True
4706,6540,0.01041666666666663,8.44449969008565e-05,0.0908975601196289,True
4707,6540,0.02083333333333337,7.28939994587563e-05,0.09088993072509766,True
4708,6725,0.02083333333333337,7.241800267365761e-05,0.09088993072509766,False
4709,596,0.04166666666666663,7.069900311762467e-05,0.09087467193603516,False
4711,115,0.02083333333333337,7.57509988034144e-05,0.09088993072509766,False
4716,687,0.03125,8.21129979158286e-05,0.0908823013305664,False
4717,1298,0.0625,7.053300214465708e-05,0.09085941314697266,True
4718,1520,0.04166666666666663,7.462899884558283e-05,0.09087467193603516,True
4722,115,0.03125,7.15629976184573e-05,0.0908823013305664,False
4724,6540,0.01041666666666663,7.391599865513854e-05,0.0908975601196289,True
4726,34,0.02083333333333337,7.1189999289345e-05,0.09088993072509766,False
4728,7853,0.08333333333333337,7.897099931142293e-05,0.09084415435791016,True
4730,7861,0.09375,7.500200081267394e-05,0.0908365249633789,True
4731,273,0.09375,8.787900151219219e-05,0.0908365249633789,True
4732,231,0.0625,7.447199823218398e-05,0.09085941314697266,True
4734,219,0.05208333333333337,7.471899880329147e-05,0.0908670425415039,True
4735,219,0.0625,7.790199742885306e-05,0.09085941314697266,True
4736,234,0.05208333333333337,9.579899779055268e-05,0.0908670425415039,True
4738,231,0.05208333333333337,7.611099863424897e-05,0.0908670425415039,True
4740,5368,0.07291666666666663,8.499700197717175e-05,0.0908517837524414,False
4741,235,0.10416666666666663,7.71569975768216e-05,0.09082889556884766,True
4742,7861,0.05208333333333337,7.606000144733116e-05,0.0908670425415039,True
4744,7861,0.07291666666666663,7.356499918387271e-05,0.0908517837524414,True
4746,197,0.08333333333333337,7.800900129950605e-05,0.09084415435791016,True
4748,231,0.07291666666666663,9.145500007434748e-05,0.0908517837524414,True
4750,231,0.08333333333333337,8.730300032766536e-05,0.09084415435791016,True
4751,7861,0.0625,8.850299855112098e-05,0.09085941314697266,True
4753,3010,0.11458333333333337,7.468299736501649e-05,0.0908212661743164,False
4755,7210,0.09375,7.753300087642856e-05,0.0908365249633789,False
4757,5696,0.09375,7.539600119343959e-05,0.0908365249633789,False
4760,4501,0.07291666666666663,7.345700214500539e-05,0.0908517837524414,True
4762,7210,0.09375,7.962500239955261e-05,0.0908365249633789,False
4763,334,0.08333333333333337,7.439399996655993e-05,0.09084415435791016,True
4766,284,0.05208333333333337,7.774699770379812e-05,0.0908670425415039,True
4768,213,0.08333333333333337,7.616899893037044e-05,0.09084415435791016,True
4771,511,0.08333333333333337,7.363799886661582e-05,0.09084415435791016,True
4774,511,0.08333333333333337,7.556100172223523e-05,0.09084415435791016,True
4775,7861,0.0625,7.47459998819977e-05,0.09085941314697266,True
4777,5433,0.11458333333333337,7.681500210310332e-05,0.0908212661743164,False
4778,4917,0.11458333333333337,7.981499948073179e-05,0.0908212661743164,False
4780,7861,0.07291666666666663,7.393600026261993e-05,0.0908517837524414,True
4781,445,0.08333333333333337,7.391899998765439e-05,0.09084415435791016,True
4782,258,0.10416666666666663,0.00013264299923321232,0.09082889556884766,True
4788,4466,0.07291666666666663,7.579900193377398e-05,0.0908517837524414,True
4790,7210,0.07291666666666663,7.946999903651886e-05,0.0908517837524414,False
4791,4800,0.13541666666666663,7.354299668804742e-05,0.0908060073852539,False
4792,4443,0.10416666666666663,7.51269981265068e-05,0.09082889556884766,True
4794,2753,0.11458333333333337,7.46850018913392e-05,0.0908212661743164,False
4795,4466,0.10416666666666663,8.191600136342458e-05,0.09082889556884766,True
4796,7210,0.11458333333333337,7.87069984653499e-05,0.0908212661743164,False
4797,511,0.10416666666666663,0.0001587329970789142,0.09082889556884766,True
4800,7861,0.07291666666666663,8.91780000529252e-05,0.0908517837524414,True
4803,291,0.08333333333333337,7.676500172237866e-05,0.09084415435791016,True
4807,4435,0.14583333333333337,7.579500015708618e-05,0.09079837799072266,True
4808,2955,0.09375,7.217099846457131e-05,0.0908365249633789,False
4810,7861,0.08333333333333337,7.819200254743919e-05,0.09084415435791016,True
4812,296,0.07291666666666663,8.855400301399641e-05,0.0908517837524414,True
4817,5433,0.07291666666666663,0.0001033689986797981,0.0908517837524414,False
4818,335,0.05208333333333337,7.86279997555539e-05,0.0908670425415039,True
4819,296,0.0625,7.639000250492245e-05,0.09085941314697266,True
4820,7861,0.0625,7.461700079147704e-05,0.09085941314697266,True
4825,296,0.09375,7.395799912046641e-05,0.0908365249633789,True
4828,291,0.07291666666666663,7.411800106638111e-05,0.0908517837524414,True
4829,335,0.0625,8.491400149068795e-05,0.09085941314697266,True
4832,511,0.09375,7.524800093960948e-05,0.0908365249633789,True
4835,296,0.05208333333333337,8.889500168152153e-05,0.0908670425415039,True
4838,213,0.0625,9.451100049773231e-05,0.09085941314697266,True
4839,7853,0.0625,7.685200034757145e-05,0.09085941314697266,True
4840,284,0.07291666666666663,7.47640006011352e-05,0.0908517837524414,True
4841,213,0.05208333333333337,7.695000022067688e-05,0.0908670425415039,True
4844,284,0.05208333333333337,8.97310019354336e-05,0.0908670425415039,True
4848,213,0.04166666666666663,7.752900273771957e-05,0.09087467193603516,True
4850,324,0.0625,7.489199924748391e-05,0.09085941314697266,True
4855,213,0.04166666666666663,7.935100074973889e-05,0.09087467193603516,True
4858,324,0.04166666666666663,7.46850018913392e-05,0.09087467193603516,True
4861,284,0.05208333333333337,7.440500121447258e-05,0.0908670425415039,True
4863,5465,0.04166666666666663,7.626300066476688e-05,0.09087467193603516,False
4865,213,0.05208333333333337,7.780200030538253e-05,0.0908670425415039,True
4866,213,0.04166666666666663,7.706000178586692e-05,0.09087467193603516,True
4869,213,0.0625,8.338900079252198e-05,0.09085941314697266,True
4871,324,0.0625,7.5305000791559e-05,0.09085941314697266,True
4874,324,0.0625,7.543600077042356e-05,0.09085941314697266,True
4876,213,0.05208333333333337,7.634899884578772e-05,0.0908670425415039,True
4877,284,0.05208333333333337,7.509200077038258e-05,0.0908670425415039,True
4881,324,0.0625,7.411100159515627e-05,0.09085941314697266,True
4882,213,0.03125,7.693500083405524e-05,0.0908823013305664,True
4884,213,0.05208333333333337,7.560200174339116e-05,0.0908670425415039,True
4886,284,0.03125,7.759700019960292e-05,0.0908823013305664,True
4889,213,0.0625,7.688899859203957e-05,0.09085941314697266,True
4892,335,0.05208333333333337,7.49890023143962e-05,0.0908670425415039,True
4895,335,0.05208333333333337,7.598299998790026e-05,0.0908670425415039,True
4896,7853,0.08333333333333337,9.634399975766428e-05,0.09084415435791016,True
4897,327,0.02083333333333337,7.222799831652083e-05,0.09088993072509766,True
4900,324,0.05208333333333337,7.605700011481531e-05,0.0908670425415039,True
4901,324,0.05208333333333337,7.562400060123764e-05,0.0908670425415039,True
4902,291,0.0625,7.356000060099177e-05,0.09085941314697266,True
4903,327,0.03125,7.410900070681237e-05,0.0908823013305664,True
4904,327,0.04166666666666663,7.595400165882893e-05,0.09087467193603516,True
4907,335,0.04166666666666663,7.266800093930215e-05,0.09087467193603516,True
4909,327,0.03125,7.180499960668385e-05,0.0908823013305664,True
4910,291,0.03125,7.542100138380192e-05,0.0908823013305664,True
4913,445,0.03125,7.364300108747557e-05,0.0908823013305664,True
4914,291,0.04166666666666663,7.413699859171174e-05,0.09087467193603516,True
4918,429,0.04166666666666663,9.649499770603143e-05,0.09087467193603516,True
4923,324,0.0625,7.42170013836585e-05,0.09085941314697266,True
4924,213,0.05208333333333337,9.144999785348773e-05,0.0908670425415039,True
4925,324,0.03125,7.696099783061072e-05,0.0908823013305664,True
4929,213,0.0625,7.635400106664747e-05,0.09085941314697266,True
4930,324,0.05208333333333337,7.66160010243766e-05,0.0908670425415039,True
4931,5696,0.03125,9.45959982345812e-05,0.0908823013305664,False
4933,327,0.05208333333333337,9.465599941904657e-05,0.0908670425415039,True
4935,296,0.05208333333333337,7.443100184900686e-05,0.0908670425415039,True
4937,291,0.0625,7.654000000911765e-05,0.09085941314697266,True
4939,327,0.04166666666666663,7.575199924758635e-05,0.09087467193603516,True
4942,327,0.0625,7.4356998084113e-05,0.09085941314697266,True
4946,335,0.03125,7.461600034730509e-05,0.0908823013305664,True
4948,324,0.0625,0.00010044599912362173,0.09085941314697266,True
4956,324,0.0625,0.00011762099893530831,0.09085941314697266,True
4958,429,0.03125,0.0001034540000546258,0.0908823013305664,True
4959,291,0.03125,0.00013642199701280333,0.0908823013305664,True
4961,335,0.0625,7.376799840130843e-05,0.09085941314697266,True
4963,327,0.05208333333333337,7.326199920498766e-05,0.0908670425415039,True
4964,327,0.05208333333333337,7.549599831691012e-05,0.0908670425415039,True
4965,296,0.05208333333333337,7.392399857053533e-05,0.0908670425415039,True
4967,335,0.03125,7.658899994567037e-05,0.0908823013305664,True
4970,327,0.05208333333333337,7.418700261041522e-05,0.0908670425415039,True
4971,327,0.07291666666666663,7.222499698400497e-05,0.0908517837524414,True
4972,327,0.03125,7.303500024136156e-05,0.0908823013305664,True
4973,324,0.0625,7.631799962837249e-05,0.09085941314697266,True
4974,324,0.0625,7.51330007915385e-05,0.09085941314697266,True
4976,327,0.04166666666666663,7.243700019898824e-05,0.09087467193603516,True
4977,213,0.04166666666666663,7.632600318174809e-05,0.09087467193603516,True
4981,335,0.04166666666666663,7.695100066484883e-05,0.09087467193603516,True
4982,335,0.04166666666666663,7.894099690020084e-05,0.09087467193603516,True
4984,324,0.04166666666666663,7.593899863422848e-05,0.09087467193603516,True
4985,324,0.05208333333333337,8.386400077142753e-05,0.0908670425415039,True
4986,213,0.05208333333333337,7.784500121488236e-05,0.0908670425415039,True
4987,258,0.09375,7.479799751308747e-05,0.0908365249633789,True
4989,296,0.05208333333333337,7.517300036852248e-05,0.0908670425415039,True
4990,327,0.04166666666666663,7.301000005099922e-05,0.09087467193603516,True
4991,324,0.0625,7.532000017818063e-05,0.09085941314697266,True
4993,324,0.07291666666666663,9.363500066683628e-05,0.0908517837524414,True
4997,335,0.05208333333333337,7.628499952261336e-05,0.0908670425415039,True
4998,327,0.07291666666666663,8.975099990493618e-05,0.0908517837524414,True
4999,324,0.0625,7.505000030505471e-05,0.09085941314697266,True
5002,213,0.04166666666666663,7.963399912114255e-05,0.09087467193603516,True
5004,213,0.0625,9.433699960936792e-05,0.09085941314697266,True
5005,324,0.05208333333333337,7.706500036874786e-05,0.0908670425415039,True
5006,324,0.05208333333333337,8.516000161762349e-05,0.0908670425415039,True
5007,213,0.04166666666666663,8.53019992064219e-05,0.09087467193603516,True
5008,370,0.08333333333333337,7.627900049556047e-05,0.09084415435791016,True
5011,324,0.05208333333333337,7.481099964934401e-05,0.0908670425415039,True
5014,335,0.05208333333333337,7.398999878205359e-05,0.0908670425415039,True
5017,324,0.05208333333333337,7.406700024148449e-05,0.0908670425415039,True
5021,7861,0.09375,9.464299728279002e-05,0.0908365249633789,True
5023,327,0.04166666666666663,7.146800271584652e-05,0.09087467193603516,True
5026,4426,0.09375,8.819399954518303e-05,0.0908365249633789,True
5031,3628,0.04166666666666663,7.584899867651984e-05,0.09087467193603516,False
5033,5068,0.01041666666666663,7.20370007911697e-05,0.0908975601196289,False
5036,6319,0.01041666666666663,7.12629989720881e-05,0.0908975601196289,True
5039,1500,0.02083333333333337,6.972000119276345e-05,0.09088993072509766,False
5040,6319,0.02083333333333337,7.179900057963096e-05,0.09088993072509766,True
5041,3714,0.08333333333333337,8.549099948140793e-05,0.09084415435791016,False
5042,3628,0.03125,7.85650008765515e-05,0.0908823013305664,False
5043,6319,0.01041666666666663,7.090299914125353e-05,0.0908975601196289,True
5048,3628,0.03125,7.223600186989643e-05,0.0908823013305664,False
5050,3714,0.04166666666666663,7.22619988664519e-05,0.09087467193603516,False
5053,1033,0.02083333333333337,7.204400026239455e-05,0.09088993072509766,True
5056,4231,0.02083333333333337,8.100099876173772e-05,0.09088993072509766,True
5058,1500,0.03125,7.304099926841445e-05,0.0908823013305664,False
5059,6369,0.01041666666666663,7.176900180638768e-05,0.0908975601196289,True
5060,4231,0.02083333333333337,0.00012762099868268706,0.09088993072509766,True
5061,4174,0.02083333333333337,0.00010321000081603415,0.09088993072509766,True
5062,1500,0.02083333333333337,7.627000013599172e-05,0.09088993072509766,False
5063,909,0.03125,7.687600009376183e-05,0.0908823013305664,True
5064,6348,0.01041666666666663,7.126199852791615e-05,0.0908975601196289,True
5065,34,0.02083333333333337,7.769500007270835e-05,0.09093570709228516,False
5066,1500,0.03125,0.00011145199823658913,0.0908823013305664,False
5067,4231,0.02083333333333337,7.352900138357654e-05,0.09088993072509766,True
5069,16,0.03125,7.548800203949213e-05,0.0908823013305664,False
5070,6319,0.01041666666666663,7.0960999437375e-05,0.0908975601196289,True
5072,6319,0.01041666666666663,9.02659994608257e-05,0.0908975601196289,True
5074,3628,0.03125,7.473200093954802e-05,0.0908823013305664,False
5075,6366,0.01041666666666663,7.283800005097874e-05,0.0908975601196289,True
5076,4311,0.02083333333333337,7.155799903557636e-05,0.09088993072509766,True
5081,1500,0.02083333333333337,7.406099757645279e-05,0.09088993072509766,False
5082,636,0.01041666666666663,7.027700121398084e-05,0.0908975601196289,False
5085,6319,0.02083333333333337,0.00010424100037198514,0.09088993072509766,True
5086,1500,0.03125,7.007999738561921e-05,0.0908823013305664,False
5087,34,0.02083333333333337,7.542099774582312e-05,0.09093570709228516,False
5088,651,0.02083333333333337,7.08739971742034e-05,0.09088993072509766,False
5089,2902,0.07291666666666663,8.576099935453385e-05,0.0908517837524414,False
5090,6312,0.02083333333333337,7.155399725888856e-05,0.09088993072509766,True
5093,5389,0.02083333333333337,7.1497997851111e-05,0.09088993072509766,True
5094,3668,0.02083333333333337,7.317199924727902e-05,0.09088993072509766,False
5097,3628,0.02083333333333337,7.245999950100668e-05,0.09088993072509766,False
5100,6475,0.03125,7.146200005081482e-05,0.0908823013305664,True
5102,6368,0.02083333333333337,7.123199975467287e-05,0.09088993072509766,True
5104,6369,0.02083333333333337,7.271899812621996e-05,0.09088993072509766,True
5105,3714,0.07291666666666663,7.044099766062573e-05,0.0908517837524414,False
5106,651,0.02083333333333337,7.293100134120323e-05,0.09088993072509766,False
5107,970,0.04166666666666663,7.146699863369577e-05,0.09087467193603516,True
5108,1553,0.02083333333333337,7.21079995855689e-05,0.09088993072509766,False
5111,636,0.01041666666666663,8.529900151188485e-05,0.0908975601196289,False
5112,3628,0.02083333333333337,7.204000212368555e-05,0.09088993072509766,False
5113,6319,0.01041666666666663,9.875099931377918e-05,0.0908975601196289,True
5114,6348,0.01041666666666663,0.0002862620021915063,0.0908975601196289,True
5115,636,0.01041666666666663,7.09590021870099e-05,0.0908975601196289,False
5117,34,0.02083333333333337,7.804000051692128e-05,0.09093570709228516,False
5119,1036,0.01041666666666663,7.279800047399476e-05,0.0908975601196289,True
5121,1500,0.03125,7.314200047403574e-05,0.0908823013305664,False
5127,4174,0.03125,7.245800225064158e-05,0.0908823013305664,True
5128,3628,0.07291666666666663,7.081299918354489e-05,0.0908517837524414,False
5132,1271,0.04166666666666663,7.16620015737135e-05,0.09087467193603516,False
5133,6369,0.01041666666666663,7.062399890855886e-05,0.0908975601196289,True
5134,1500,0.02083333333333337,7.265200110850856e-05,0.09088993072509766,False
5135,1500,0.03125,7.086899859132245e-05,0.0908823013305664,False
5136,6319,0.01041666666666663,7.097900015651248e-05,0.0908975601196289,True
5140,4200,0.04166666666666663,7.204199937405065e-05,0.09087467193603516,True
5141,4712,0.08333333333333337,7.282799924723804e-05,0.09084415435791016,False
5142,6312,0.02083333333333337,7.15770001988858e-05,0.09088993072509766,True
5143,8317,0.08333333333333337,7.532299787271768e-05,0.09084415435791016,False
5146,3689,0.02083333333333337,8.4455001342576e-05,0.09088993072509766,False
5149,1500,0.03125,7.168199954321608e-05,0.0908823013305664,False
5152,6342,0.01041666666666663,8.18980006442871e-05,0.0908975601196289,True
5153,3628,0.02083333333333337,8.313299986184575e-05,0.09088993072509766,False
5155,3714,0.0625,7.093199747032486e-05,0.09085941314697266,False
5157,1033,0.02083333333333337,7.053499939502217e-05,0.09088993072509766,True
5158,892,0.03125,0.00010632200064719655,0.0908823013305664,True
5160,3714,0.08333333333333337,7.426499723806046e-05,0.09084415435791016,False
5162,3628,0.03125,7.158000153140165e-05,0.0908823013305664,False
5166,6319,0.02083333333333337,9.30559981497936e-05,0.09088993072509766,True
5172,3628,0.04166666666666663,7.051499778754078e-05,0.09087467193603516,False
5174,34,0.02083333333333337,8.522599819116294e-05,0.09093570709228516,False
5176,1033,0.01041666666666663,7.613200068590231e-05,0.0908975601196289,True
5177,7011,0.05208333333333337,7.419400208164006e-05,0.0908670425415039,False
5180,7791,0.05208333333333337,7.487200127798133e-05,0.0908670425415039,True
5182,3628,0.0625,0.0001579750023665838,0.09085941314697266,False
5183,3628,0.03125,7.197300146799535e-05,0.0908823013305664,False
5185,6319,0.01041666666666663,7.049399937386625e-05,0.0908975601196289,True
5186,7991,0.01041666666666663,7.201900007203221e-05,0.0908975601196289,True
5188,6312,0.02083333333333337,9.39820019993931e-05,0.09088993072509766,True
5189,3628,0.05208333333333337,9.389800106873736e-05,0.0908670425415039,False
5195,679,0.02083333333333337,7.203100176411681e-05,0.09088993072509766,False
5197,34,0.02083333333333337,0.000101577999885194,0.09093570709228516,False
5198,6342,0.02083333333333337,7.166700015659444e-05,0.09088993072509766,True
5201,3612,0.03125,7.172400000854395e-05,0.0908823013305664,False
5204,6312,0.02083333333333337,7.298699711100198e-05,0.09088993072509766,True
5212,3609,0.0,7.997899956535548e-05,0.09090518951416016,False
5216,4311,0.02083333333333337,7.273500159499235e-05,0.09088993072509766,True
5217,6445,0.03125,7.110799924703315e-05,0.0908823013305664,True
5218,1500,0.04166666666666663,7.166599971242249e-05,0.09087467193603516,False
5221,5389,0.02083333333333337,7.236099918372929e-05,0.09088993072509766,True
5222,6445,0.02083333333333337,8.388200149056502e-05,0.09088993072509766,True
5223,3628,0.04166666666666663,8.27999974717386e-05,0.09087467193603516,False
5224,3628,0.03125,7.039299816824496e-05,0.0908823013305664,False
5227,34,0.02083333333333337,7.489899871870875e-05,0.09093570709228516,False
5228,3628,0.04166666666666663,7.271800132002681e-05,0.09087467193603516,False
5229,6312,0.01041666666666663,7.158699736464769e-05,0.0908975601196289,True
5233,2800,0.05208333333333337,7.319100041058846e-05,0.0908670425415039,True
5234,3598,0.02083333333333337,7.679299960727803e-05,0.09088993072509766,True
5235,8417,0.04166666666666663,7.160599852795713e-05,0.09087467193603516,True
5236,2666,0.03125,0.00010743599705165252,0.0908823013305664,True
5242,3619,0.02083333333333337,7.137400098145008e-05,0.09088993072509766,False
5243,6212,0.03125,7.71429986343719e-05,0.0908823013305664,False
5245,7028,0.03125,7.459100015694275e-05,0.0908823013305664,False
5246,3380,0.03125,7.068400009302422e-05,0.0908823013305664,True
5247,903,0.02083333333333337,7.309300053748302e-05,0.09088993072509766,False
5248,3337,0.03125,7.377300062216818e-05,0.0908823013305664,True
5251,3380,0.03125,7.101600203895941e-05,0.0908823013305664,True
5255,6280,0.02083333333333337,7.241000275826082e-05,0.09088993072509766,False
5256,4826,0.02083333333333337,7.085800098138861e-05,0.09088993072509766,False
5257,3420,0.02083333333333337,8.215900015784428e-05,0.09088993072509766,True
5259,839,0.03125,8.675299977767281e-05,0.0908823013305664,False
5261,1511,0.03125,7.093200110830367e-05,0.0908823013305664,False
5264,529,0.0625,7.328699939535e-05,0.09085941314697266,False
5265,6950,0.02083333333333337,7.117399945855141e-05,0.09088993072509766,False
5267,924,0.04166666666666663,7.1343998570228e-05,0.09087467193603516,False
5269,2789,0.05208333333333337,7.169200034695677e-05,0.0908670425415039,False
5274,10,0.0625,7.550599912065081e-05,0.0909433364868164,False
5275,3400,0.04166666666666663,7.152200123528019e-05,0.09087467193603516,False
5276,782,0.05208333333333337,7.220900079119019e-05,0.0908670425415039,True
5277,1422,0.04166666666666663,7.285399988177232e-05,0.09087467193603516,False
5280,640,0.04166666666666663,7.145400013541803e-05,0.09087467193603516,True
5281,4311,0.05208333333333337,7.193999772425741e-05,0.0908670425415039,False
5282,34,0.02083333333333337,8.362099833902903e-05,0.09093570709228516,False
5283,2741,0.04166666666666663,7.127600110834464e-05,0.09087467193603516,False
5284,594,0.05208333333333337,7.205800284282304e-05,0.0908670425415039,True
5287,624,0.05208333333333337,7.28900013200473e-05,0.0908670425415039,True
5289,6716,0.03125,7.086700134095736e-05,0.0908823013305664,False
5291,10,0.03125,8.613599857199006e-05,0.09096622467041016,False
5292,5933,0.03125,7.132299651857466e-05,0.0908823013305664,False
5297,760,0.04166666666666663,8.435400013695471e-05,0.09087467193603516,True
5298,565,0.04166666666666663,7.209600153146312e-05,0.09087467193603516,True
5300,5493,0.05208333333333337,7.103999814717099e-05,0.0908670425415039,False
5301,7786,0.0625,7.57690031605307e-05,0.09085941314697266,False
5304,3400,0.04166666666666663,7.453400030499324e-05,0.09087467193603516,False
5306,770,0.0625,7.590799941681325e-05,0.09085941314697266,True
5309,34,0.04166666666666663,0.0001064710013451986,0.09087467193603516,False
5311,671,0.0625,7.378199734375812e-05,0.09085941314697266,True
5313,3561,0.0625,7.23329976608511e-05,0.09085941314697266,False
5314,2800,0.08333333333333337,7.370100138359703e-05,0.09084415435791016,False
5315,770,0.05208333333333337,7.246799941640347e-05,0.0908670425415039,True
5316,7752,0.08333333333333337,7.273899973370135e-05,0.09084415435791016,False
5318,3334,0.04166666666666663,9.638799747335725e-05,0.09087467193603516,False
5319,5231,0.05208333333333337,7.22700024198275e-05,0.0908670425415039,False
5321,681,0.05208333333333337,8.359300045412965e-05,0.0908670425415039,True
5322,7010,0.05208333333333337,7.890400229371153e-05,0.0908670425415039,False
5323,7133,0.01041666666666663,7.074799941619858e-05,0.0908975601196289,False
5324,3733,0.02083333333333337,7.285199899342842e-05,0.09088993072509766,False
5325,8155,0.04166666666666663,7.417599772452377e-05,0.09087467193603516,True
5326,640,0.04166666666666663,8.02690010459628e-05,0.09087467193603516,True
5328,5291,0.0625,7.511600051657297e-05,0.09085941314697266,False
5329,7786,0.0625,7.373800326604396e-05,0.09085941314697266,False
5331,26,0.0625,7.943199670989998e-05,0.09090518951416016,False
5335,34,0.02083333333333337,7.667899990337901e-05,0.09093570709228516,False
5338,5255,0.0625,7.146300049498677e-05,0.09085941314697266,False
5339,681,0.05208333333333337,7.293499947991222e-05,0.0908670425415039,True
5345,3334,0.05208333333333337,7.215300138341263e-05,0.0908670425415039,False
5347,681,0.05208333333333337,7.190099859144539e-05,0.0908670425415039,True
5348,10,0.05208333333333337,7.583400292787701e-05,0.09095096588134766,False
5350,5255,0.05208333333333337,7.309699867619202e-05,0.0908670425415039,False
5352,70,0.04166666666666663,9.277600111090578e-05,0.09087467193603516,False
5353,3160,0.0625,7.220900079119019e-05,0.09085941314697266,True
5355,3612,0.08333333333333337,7.73940009821672e-05,0.09084415435791016,False
5356,583,0.08333333333333337,7.291400106623769e-05,0.09084415435791016,True
5360,3078,0.07291666666666663,7.198199818958528e-05,0.0908517837524414,True
5361,2789,0.07291666666666663,7.66180019127205e-05,0.0908517837524414,False
5363,3050,0.07291666666666663,7.347399878199212e-05,0.0908517837524414,True
5365,647,0.04166666666666663,7.200300024123862e-05,0.09087467193603516,True
5371,3078,0.08333333333333337,8.117100151139311e-05,0.09084415435791016,True
5372,640,0.04166666666666663,8.9948000095319e-05,0.09087467193603516,True
5373,88,0.05208333333333337,7.187099981820211e-05,0.0908670425415039,False
5376,529,0.0625,7.357800132012926e-05,0.09085941314697266,True
5377,3334,0.03125,7.121200178517029e-05,0.0908823013305664,False
5378,3334,0.05208333333333337,7.276199903571978e-05,0.0908670425415039,False
5379,1440,0.04166666666666663,7.860799814807251e-05,0.09087467193603516,False
5384,26,0.02083333333333337,7.286900290637277e-05,0.09088993072509766,False
5387,5448,0.02083333333333337,7.251499846461229e-05,0.09088993072509766,False
5388,6274,0.05208333333333337,9.614000009605661e-05,0.0908670425415039,True
5397,34,0.02083333333333337,7.571400055894628e-05,0.09093570709228516,False
5398,26,0.04166666666666663,7.724299939582124e-05,0.09092044830322266,False
5402,8683,0.01041666666666663,7.142399772419594e-05,0.0908975601196289,False
5403,3256,0.01041666666666663,7.069300045259297e-05,0.0908975601196289,False
5404,6803,0.01041666666666663,7.112800085451454e-05,0.0908975601196289,False
5405,34,0.02083333333333337,7.698400077060796e-05,0.09093570709228516,False
5406,6187,0.01041666666666663,7.050899876048788e-05,0.0908975601196289,True
5407,34,0.04166666666666663,7.136999920476228e-05,0.09087467193603516,False
5413,2791,0.02083333333333337,7.069999992381781e-05,0.09088993072509766,False
5414,636,0.01041666666666663,8.37359984871e-05,0.0908975601196289,False
5418,1422,0.03125,8.430199886788614e-05,0.0908823013305664,True
5421,565,0.03125,7.121900125639513e-05,0.0908823013305664,False
5424,7982,0.01041666666666663,7.096799890859984e-05,0.0908975601196289,False
5425,3327,0.02083333333333337,7.157200161600485e-05,0.09088993072509766,False
5427,6261,0.02083333333333337,8.147900007315911e-05,0.09088993072509766,True
5430,7028,0.02083333333333337,7.109400030458346e-05,0.09088993072509766,True
5432,3175,0.01041666666666663,7.033200017758645e-05,0.0908975601196289,False
5434,5654,0.01041666666666663,7.48370002838783e-05,0.0908975601196289,False
5436,3120,0.04166666666666663,7.505700341425836e-05,0.09087467193603516,False
5438,2791,0.02083333333333337,0.0001094979998015333,0.09088993072509766,False
5440,8683,0.01041666666666663,7.21889991837088e-05,0.0908975601196289,False
5441,34,0.02083333333333337,8.357199840247631e-05,0.09093570709228516,False
5445,8683,0.01041666666666663,8.077899838099256e-05,0.0908975601196289,False
5455,8165,0.02083333333333337,7.330799780902453e-05,0.09088993072509766,False
5457,5414,0.02083333333333337,7.160700261010788e-05,0.09088993072509766,False
5458,1033,0.0625,7.121200178517029e-05,0.09085941314697266,False
5460,8165,0.03125,7.590799941681325e-05,0.0908823013305664,False
5464,892,0.08333333333333337,7.543199899373576e-05,0.09084415435791016,False
5466,2763,0.08333333333333337,7.186299990280531e-05,0.09084415435791016,False
5469,5721,0.07291666666666663,7.21989999874495e-05,0.0908517837524414,False
5472,1271,0.0625,7.34229979570955e-05,0.09085941314697266,False
5473,4785,0.0625,7.11029970261734e-05,0.09085941314697266,False
5474,892,0.05208333333333337,7.19459967513103e-05,0.0908670425415039,False
5477,3668,0.0625,7.254999945871532e-05,0.09085941314697266,False
5481,8251,0.02083333333333337,7.168299998738803e-05,0.09088993072509766,False
5482,2763,0.11458333333333337,7.69319995015394e-05,0.0908212661743164,False
5484,2800,0.08333333333333337,7.215900041046552e-05,0.09084415435791016,False
5485,8165,0.04166666666666663,7.21789983799681e-05,0.09087467193603516,False
5486,2800,0.10416666666666663,8.291999984066933e-05,0.09082889556884766,False
5487,8869,0.0625,7.114500112948008e-05,0.09085941314697266,False
5488,5047,0.05208333333333337,7.209400064311922e-05,0.0908670425415039,True
5492,1493,0.0625,7.293800081242807e-05,0.09085941314697266,False
5493,2789,0.10416666666666663,7.230299888760783e-05,0.09082889556884766,False
5494,636,0.05208333333333337,7.559799996670336e-05,0.0908670425415039,False
5495,909,0.05208333333333337,7.617099981871434e-05,0.0908670425415039,False
5496,3015,0.05208333333333337,9.35159987420775e-05,0.0908670425415039,False
5497,1364,0.07291666666666663,7.072300286381505e-05,0.0908517837524414,False
5498,7658,0.07291666666666663,8.169899956556037e-05,0.0908517837524414,False
5499,4917,0.07291666666666663,7.073899905662984e-05,0.0908517837524414,False
5501,4785,0.0625,7.307399937417358e-05,0.09085941314697266,False
5503,3015,0.07291666666666663,7.275300231412984e-05,0.0908517837524414,False
5505,5389,0.04166666666666663,7.97119973867666e-05,0.09087467193603516,False
5506,1133,0.05208333333333337,7.177700172178447e-05,0.0908670425415039,False
5510,2791,0.08333333333333337,7.544999971287325e-05,0.09084415435791016,False
5513,2935,0.08333333333333337,7.341799937421456e-05,0.09084415435791016,False
5515,2935,0.09375,7.357100184890442e-05,0.0908365249633789,False
5517,1553,0.05208333333333337,7.266000102390535e-05,0.0908670425415039,False
5519,1411,0.02083333333333337,8.95529992703814e-05,0.09088993072509766,False
5521,892,0.0625,7.249600093928166e-05,0.09085941314697266,False
5522,6571,0.07291666666666663,7.983099931152537e-05,0.0908517837524414,False
5526,4917,0.0625,8.38249980006367e-05,0.09085941314697266,False
5527,1553,0.05208333333333337,7.175299833761528e-05,0.0908670425415039,False
5529,4917,0.07291666666666663,7.206299778772518e-05,0.0908517837524414,False
5530,3527,0.07291666666666663,7.181999899330549e-05,0.0908517837524414,False
5533,6505,0.04166666666666663,8.958600301411934e-05,0.09087467193603516,False
5535,2923,0.09375,7.352600005106069e-05,0.0908365249633789,False
5537,8158,0.07291666666666663,0.00010634499994921498,0.0908517837524414,False
5539,1553,0.05208333333333337,7.175599967013113e-05,0.0908670425415039,False
5541,4143,0.0625,7.493300290661864e-05,0.09085941314697266,False
5542,4990,0.01041666666666663,7.148299846448936e-05,0.0908975601196289,False
5543,6556,0.10416666666666663,7.332500172196887e-05,0.09082889556884766,False
5544,1133,0.05208333333333337,7.18869996489957e-05,0.0908670425415039,False
5545,370,0.125,7.272899892996065e-05,0.09081363677978516,False
5547,1500,0.05208333333333337,7.113100218703039e-05,0.0908670425415039,False
5548,352,0.09375,7.744699905742891e-05,0.0908365249633789,False
5550,7702,0.04166666666666663,7.654000000911765e-05,0.09087467193603516,False
5552,7172,0.09375,7.273499795701355e-05,0.0908365249633789,False
5554,2932,0.03125,7.290899884537794e-05,0.0908823013305664,False
5556,2763,0.11458333333333337,0.00010382599793956615,0.0908212661743164,False
5559,2935,0.08333333333333337,7.939900024211966e-05,0.09084415435791016,False
5560,7894,0.0625,7.42190022720024e-05,0.09085941314697266,False
5561,1033,0.07291666666666663,7.045899837976322e-05,0.0908517837524414,False
5565,2061,0.08333333333333337,7.522699888795614e-05,0.09084415435791016,False
5566,863,0.05208333333333337,7.110200021998025e-05,0.0908670425415039,False
5568,3733,0.02083333333333337,7.49200007703621e-05,0.09088993072509766,False
5569,3469,0.03125,7.200999971246347e-05,0.0908823013305664,False
5570,5457,0.04166666666666663,7.105400072759949e-05,0.09087467193603516,False
5571,8158,0.05208333333333337,7.318499774555676e-05,0.0908670425415039,False
5572,4890,0.03125,7.148200165829621e-05,0.0908823013305664,False
5573,8882,0.05208333333333337,7.32059997972101e-05,0.0908670425415039,False
5576,3689,0.04166666666666663,7.287799962796271e-05,0.09087467193603516,False
5579,4143,0.05208333333333337,7.137099964893423e-05,0.0908670425415039,False
5581,2791,0.11458333333333337,7.188800009316765e-05,0.0908212661743164,False
5582,4748,0.03125,8.695300130057149e-05,0.0908823013305664,False
5590,855,0.01041666666666663,7.174799975473434e-05,0.0908975601196289,False
5592,633,0.0625,7.069900311762467e-05,0.09085941314697266,False
5593,6419,0.01041666666666663,7.220000043162145e-05,0.0908975601196289,False
5594,3757,0.0625,7.243700019898824e-05,0.09085941314697266,False
5598,5131,0.0625,7.261599967023358e-05,0.09085941314697266,True
5599,4671,0.0625,8.222600081353448e-05,0.09085941314697266,False
5602,3689,0.04166666666666663,7.105099939508364e-05,0.09087467193603516,False
5604,4093,0.0625,9.07119974726811e-05,0.09085941314697266,False
5605,4786,0.05208333333333337,7.051799912005663e-05,0.0908670425415039,False
5607,1387,0.0625,7.25739992049057e-05,0.09085941314697266,False
5608,4671,0.0625,7.197100057965145e-05,0.09085941314697266,False
5610,2800,0.08333333333333337,7.151400131988339e-05,0.09084415435791016,False
5611,8882,0.05208333333333337,7.175999780884013e-05,0.0908670425415039,False
5614,4917,0.05208333333333337,7.177199950092472e-05,0.0908670425415039,False
5615,847,0.01041666666666663,7.415600339299999e-05,0.0908975601196289,True
5616,3733,0.01041666666666663,8.401700324611738e-05,0.0908975601196289,False
5623,924,0.01041666666666663,8.442800026386976e-05,0.0908975601196289,True
5626,3527,0.02083333333333337,7.352900138357654e-05,0.09088993072509766,False
5629,3209,0.01041666666666663,7.083499804139137e-05,0.0908975601196289,False
5635,883,0.01041666666666663,7.520399958593771e-05,0.0908975601196289,True
5640,6312,0.01041666666666663,7.230400296975859e-05,0.0908975601196289,True
5641,651,0.02083333333333337,7.530999937443994e-05,0.09088993072509766,False
5642,34,0.02083333333333337,8.68540009832941e-05,0.09093570709228516,False
5643,661,0.03125,7.108399950084276e-05,0.0908823013305664,False
5645,3380,0.02083333333333337,7.174699931056239e-05,0.09088993072509766,False
5646,3350,0.01041666666666663,7.143299808376469e-05,0.0908975601196289,False
5648,3565,0.03125,7.611999899381772e-05,0.0908823013305664,False
5649,679,0.02083333333333337,7.057499897200614e-05,0.09088993072509766,False
5650,6743,0.02083333333333337,7.057100083329715e-05,0.09088993072509766,False
5652,10,0.03125,7.636299778823741e-05,0.09096622467041016,False
5653,633,0.01041666666666663,7.21280011930503e-05,0.0908975601196289,False
5654,3337,0.02083333333333337,7.325000115088187e-05,0.09088993072509766,False
5655,1033,0.02083333333333337,8.472700210404582e-05,0.09088993072509766,True
5657,939,0.01041666666666663,7.531200026278384e-05,0.0908975601196289,True
5659,6363,0.0,8.377899939659983e-05,0.09090518951416016,True
5660,596,0.03125,7.176200233516283e-05,0.0908823013305664,False
5662,6363,0.01041666666666663,0.00015534600242972374,0.0908975601196289,True
5664,596,0.02083333333333337,7.138600267353468e-05,0.09088993072509766,False
5665,847,0.03125,7.18830015102867e-05,0.0908823013305664,True
5666,596,0.02083333333333337,7.25030004105065e-05,0.09088993072509766,False
5667,6950,0.01041666666666663,8.846099808579311e-05,0.0908975601196289,False
5669,3209,0.01041666666666663,8.59950014273636e-05,0.0908975601196289,False
5670,34,0.02083333333333337,9.14939992071595e-05,0.09093570709228516,False
5672,6369,0.02083333333333337,7.476900282199495e-05,0.09088993072509766,True
5675,129,0.03125,7.130300218705088e-05,0.0908823013305664,False
5676,5593,0.01041666666666663,7.171700053731911e-05,0.0908975601196289,True
5679,8763,0.01041666666666663,7.261899736477062e-05,0.0908975601196289,True
5683,855,0.01041666666666663,8.032500045374036e-05,0.0908975601196289,True
5684,6369,0.01041666666666663,7.734199971309863e-05,0.0908975601196289,True
5685,5358,0.02083333333333337,7.445699884556234e-05,0.09088993072509766,True
5688,3209,0.01041666666666663,7.782999819028191e-05,0.0908975601196289,False
5690,6369,0.0,7.037000250420533e-05,0.09090518951416016,True
5696,6319,0.01041666666666663,7.364399789366871e-05,0.0908975601196289,True
5701,8359,0.07291666666666663,8.222500036936253e-05,0.0908517837524414,False
5703,10,0.04166666666666663,7.791000098222867e-05,0.0909585952758789,False
5705,5233,0.04166666666666663,7.390600148937665e-05,0.09087467193603516,False
5707,2414,0.08333333333333337,7.316799747059122e-05,0.09084415435791016,False
5711,2049,0.11458333333333337,7.383599950117059e-05,0.0908212661743164,True
5712,2051,0.02083333333333337,7.214099969132803e-05,0.09088993072509766,True
5713,1232,0.11458333333333337,7.019599797786213e-05,0.0908212661743164,False
5714,1977,0.14583333333333337,8.086900197668001e-05,0.09079837799072266,True
5717,2036,0.09375,7.688099867664278e-05,0.0908365249633789,True
5721,2120,0.11458333333333337,7.270300193340518e-05,0.0908212661743164,True
5725,2051,0.05208333333333337,8.032099867705256e-05,0.0908670425415039,True
5726,2051,0.0625,7.194100180640817e-05,0.09085941314697266,True
5727,8367,0.11458333333333337,7.293300222954713e-05,0.0908212661743164,False
5728,2602,0.08333333333333337,7.248799738590606e-05,0.09084415435791016,False
5730,1435,0.0625,7.117299901437946e-05,0.09085941314697266,False
5732,2051,0.04166666666666663,8.64569992700126e-05,0.09087467193603516,True
5735,2120,0.11458333333333337,8.18190019344911e-05,0.0908212661743164,True
5736,2051,0.07291666666666663,7.069699859130196e-05,0.0908517837524414,True
5737,2120,0.14583333333333337,7.350700252573006e-05,0.09079837799072266,True
5740,2049,0.08333333333333337,7.276199903571978e-05,0.09084415435791016,True
5742,2041,0.11458333333333337,7.469299816875719e-05,0.0908212661743164,True
5743,4609,0.08333333333333337,7.351300155278295e-05,0.09084415435791016,True
5746,2232,0.11458333333333337,7.268800254678354e-05,0.0908212661743164,True
5747,2079,0.11458333333333337,7.293900125660002e-05,0.0908212661743164,True
5748,2036,0.08333333333333337,7.461399945896119e-05,0.09084415435791016,True
5750,2064,0.07291666666666663,7.462799840141088e-05,0.0908517837524414,True
5751,10,0.09375,7.601800098200329e-05,0.09092044830322266,False
5754,4609,0.0625,7.179000022006221e-05,0.09085941314697266,True
5756,2083,0.09375,7.641599950147793e-05,0.0908365249633789,True
5758,2064,0.04166666666666663,8.602399975643493e-05,0.09087467193603516,True
5759,2051,0.05208333333333337,7.155300045269541e-05,0.0908670425415039,True
5760,8367,0.15625,7.527799971285276e-05,0.0907907485961914,False
5761,8444,0.08333333333333337,7.131299935281277e-05,0.09084415435791016,False
5762,10,0.08333333333333337,0.00010518699855310842,0.0909280776977539,False
5767,4800,0.07291666666666663,7.279000055859797e-05,0.0908517837524414,False
5768,1968,0.07291666666666663,7.526799890911207e-05,0.0908517837524414,True
5769,16,0.07291666666666663,7.442900096066296e-05,0.0908517837524414,False
5772,10,0.08333333333333337,8.098300168057904e-05,0.0909280776977539,False
5775,4435,0.125,8.082700151135214e-05,0.09081363677978516,True
5776,2041,0.14583333333333337,7.466500028385781e-05,0.09079837799072266,True
5777,4609,0.04166666666666663,8.152800000971183e-05,0.09087467193603516,True
5778,2064,0.08333333333333337,7.08799998392351e-05,0.09084415435791016,True
5779,4609,0.09375,7.284199818968773e-05,0.0908365249633789,True
5782,604,0.0625,7.24909987184219e-05,0.09085941314697266,False
5785,8444,0.13541666666666663,7.315699986065738e-05,0.0908060073852539,False
5786,2083,0.08333333333333337,7.16520007699728e-05,0.09084415435791016,True
5787,1977,0.10416666666666663,7.379599992418662e-05,0.09082889556884766,True
5789,1977,0.125,7.577099677291699e-05,0.09081363677978516,True
5792,2036,0.11458333333333337,7.255499804159626e-05,0.0908212661743164,True
5793,2081,0.125,7.303299935301766e-05,0.09081363677978516,True
5794,2602,0.11458333333333337,0.00012567299927468412,0.0908212661743164,False
5798,2524,0.11458333333333337,7.321800148929469e-05,0.0908212661743164,False
5800,2051,0.04166666666666663,7.200899926829152e-05,0.09087467193603516,True
5805,1977,0.09375,7.247500252560712e-05,0.0908365249633789,True
5806,2243,0.0625,7.3208000685554e-05,0.09085941314697266,True
5810,2049,0.10416666666666663,8.669700036989525e-05,0.09082889556884766,True
5812,2150,0.08333333333333337,7.259899939526804e-05,0.09084415435791016,True
5813,2092,0.11458333333333337,7.550800000899471e-05,0.0908212661743164,True
5815,2067,0.125,7.322999954340048e-05,0.09081363677978516,True
5817,5643,0.14583333333333337,8.266300210379995e-05,0.09079837799072266,False
5819,5553,0.13541666666666663,8.328900003107265e-05,0.0908060073852539,False
5822,6391,0.125,0.00015179399997578003,0.09081363677978516,False
5824,291,0.09375,8.108499969239347e-05,0.0908365249633789,True
5825,334,0.0625,7.39780007279478e-05,0.09085941314697266,True
5834,370,0.05208333333333337,7.509799979743548e-05,0.0908670425415039,True
5836,327,0.07291666666666663,7.286799882422201e-05,0.0908517837524414,True
5838,213,0.0625,7.80769987613894e-05,0.09085941314697266,True
5839,335,0.05208333333333337,8.093699943856336e-05,0.0908670425415039,True
5842,213,0.08333333333333337,8.609799988334998e-05,0.09084415435791016,True
5844,6540,0.05208333333333337,7.469400225090794e-05,0.0908670425415039,False
5845,8267,0.03125,7.589300003019162e-05,0.0908823013305664,False
5853,4732,0.0625,7.481199645553716e-05,0.09085941314697266,False
5854,6540,0.04166666666666663,7.224499859148636e-05,0.09087467193603516,False
5855,6540,0.03125,7.434199869749136e-05,0.0908823013305664,False
5856,235,0.0625,7.307800115086138e-05,0.09085941314697266,True
5857,6540,0.05208333333333337,7.295500108739361e-05,0.0908670425415039,False
5858,6540,0.04166666666666663,7.556700074928813e-05,0.09087467193603516,False
5859,8267,0.03125,7.525999899371527e-05,0.0908823013305664,False
5864,6540,0.05208333333333337,9.875300020212308e-05,0.0908670425415039,False
5867,6540,0.0625,7.184599962783977e-05,0.09085941314697266,False
5875,6540,0.05208333333333337,7.288699998753145e-05,0.0908670425415039,False
5877,277,0.03125,7.541800005128607e-05,0.0908823013305664,True
5883,219,0.05208333333333337,7.493299926863983e-05,0.0908670425415039,True
5884,235,0.07291666666666663,7.456800085492432e-05,0.0908517837524414,True
5885,6540,0.0625,8.25039969640784e-05,0.09085941314697266,False
5886,6540,0.03125,7.381000250461511e-05,0.0908823013305664,False
5891,6540,0.0625,0.00010896700041485019,0.09085941314697266,False
5894,291,0.05208333333333337,7.512500087614171e-05,0.0908670425415039,True
5895,291,0.05208333333333337,7.670000195503235e-05,0.0908670425415039,True
5897,327,0.07291666666666663,7.334399924729951e-05,0.0908517837524414,True
5899,291,0.0625,7.989699952304363e-05,0.09085941314697266,True
5901,327,0.05208333333333337,7.642700074939057e-05,0.0908670425415039,True
5906,370,0.0625,7.342100070673041e-05,0.09085941314697266,True
5910,445,0.07291666666666663,8.123599764076062e-05,0.0908517837524414,True
5911,445,0.0625,7.426199954352342e-05,0.09085941314697266,True
5912,4501,0.0625,7.581499812658876e-05,0.09085941314697266,True
5914,451,0.07291666666666663,7.447700045304373e-05,0.0908517837524414,True
5915,4531,0.07291666666666663,7.291599831660278e-05,0.0908517837524414,True
5916,4489,0.1875,7.772400203975849e-05,0.09076786041259766,True
5918,291,0.04166666666666663,7.482599903596565e-05,0.09087467193603516,True
5919,327,0.05208333333333337,7.770900265313685e-05,0.0908670425415039,True
5924,327,0.04166666666666663,7.194399950094521e-05,0.09087467193603516,True
5925,451,0.07291666666666663,8.183899990399368e-05,0.0908517837524414,True
5926,451,0.07291666666666663,7.34450004529208e-05,0.0908517837524414,True
5927,291,0.07291666666666663,8.370800060220063e-05,0.0908517837524414,True
5929,451,0.07291666666666663,7.46120022085961e-05,0.0908517837524414,True
5930,327,0.04166666666666663,7.330800144700333e-05,0.09087467193603516,True
5932,445,0.05208333333333337,7.200199979706667e-05,0.0908670425415039,True
5933,445,0.0625,7.43469972803723e-05,0.09085941314697266,True
5934,335,0.03125,7.508500129915774e-05,0.0908823013305664,True
5938,352,0.07291666666666663,7.349199950112961e-05,0.0908517837524414,True
5939,273,0.0625,7.445599840139039e-05,0.09085941314697266,True
5943,291,0.0625,7.402399933198467e-05,0.09085941314697266,True
5944,429,0.07291666666666663,7.288200140465051e-05,0.0908517837524414,True
5947,8267,0.04166666666666663,8.923199857235886e-05,0.09087467193603516,False
5949,352,0.0625,0.00011369499770808034,0.09085941314697266,True
5950,327,0.05208333333333337,7.293800081242807e-05,0.0908670425415039,True
5952,197,0.09375,7.871299749240279e-05,0.0908365249633789,True
5953,445,0.03125,7.216200174298137e-05,0.0908823013305664,True
5955,197,0.05208333333333337,7.701999857090414e-05,0.0908670425415039,True
5957,327,0.03125,7.288300184882246e-05,0.0908823013305664,True
5960,205,0.11458333333333337,7.865699808462523e-05,0.0908212661743164,True
5961,213,0.125,8.198300201911479e-05,0.09081363677978516,True
5963,219,0.0625,7.596300201839767e-05,0.09085941314697266,True
5964,219,0.03125,8.018500011530705e-05,0.0908823013305664,True
5965,213,0.07291666666666663,7.521299994550645e-05,0.0908517837524414,True
5966,277,0.05208333333333337,7.595200077048503e-05,0.0908670425415039,True
5967,231,0.05208333333333337,7.734000246273354e-05,0.0908670425415039,True
5969,5696,0.0625,8.086999878287315e-05,0.09085941314697266,False
5971,335,0.08333333333333337,7.546399865532294e-05,0.09084415435791016,True
5972,448,0.07291666666666663,7.415100117214024e-05,0.0908517837524414,True
5973,5631,0.02083333333333337,8.938799874158576e-05,0.09088993072509766,False
5978,6540,0.03125,7.469799675163813e-05,0.0908823013305664,False
5980,6540,0.01041666666666663,7.335700138355605e-05,0.0908975601196289,False
5981,6540,0.01041666666666663,7.240199920488521e-05,0.0908975601196289,False
5982,115,0.02083333333333337,7.286699838005006e-05,0.09088993072509766,True
5985,4743,0.01041666666666663,7.060400093905628e-05,0.0908975601196289,False
5986,6540,0.01041666666666663,7.677100074943155e-05,0.0908975601196289,False
5987,6540,0.02083333333333337,8.232300024246797e-05,0.09088993072509766,False
5988,565,0.03125,7.179299791459925e-05,0.0908823013305664,False
5990,16,0.02083333333333337,7.261900100274943e-05,0.09088993072509766,True
5991,6540,0.02083333333333337,7.800700041116215e-05,0.09088993072509766,False
5994,6540,0.02083333333333337,8.485199941787869e-05,0.09088993072509766,False
5997,3379,0.02083333333333337,7.38929993531201e-05,0.09088993072509766,True
6000,6540,0.03125,7.45249999454245e-05,0.0908823013305664,False
6001,6540,0.05208333333333337,7.450900011463091e-05,0.0908670425415039,False
6004,6201,0.01041666666666663,7.238699981826358e-05,0.0908975601196289,False
6005,565,0.03125,7.210200055851601e-05,0.0908823013305664,False
6006,6540,0.05208333333333337,7.20389980415348e-05,0.0908670425415039,False
6008,6540,0.02083333333333337,9.011399743030779e-05,0.09088993072509766,False
6009,5357,0.01041666666666663,7.245300002978183e-05,0.0908975601196289,False
6010,6540,0.03125,8.805900142760947e-05,0.0908823013305664,False
6011,6540,0.01041666666666663,8.232500113081187e-05,0.0908975601196289,False
6013,3628,0.05208333333333337,0.00011002599785570055,0.0908670425415039,False
6014,775,0.04166666666666663,8.344099842361175e-05,0.09087467193603516,False
6019,8911,0.01041666666666663,7.353999899351038e-05,0.0908975601196289,False
6023,6540,0.02083333333333337,7.705399912083521e-05,0.09088993072509766,False
6024,6540,0.02083333333333337,7.445500159519725e-05,0.09088993072509766,False
6030,197,0.09375,7.973500032676384e-05,0.0908365249633789,False
6031,267,0.07291666666666663,8.975000309874304e-05,0.0908517837524414,False
6036,83,0.05208333333333337,7.274599920492619e-05,0.0908670425415039,True
6039,219,0.0625,7.468400144716725e-05,0.09085941314697266,False
6040,219,0.07291666666666663,7.336500129895285e-05,0.0908517837524414,False
6041,235,0.05208333333333337,7.375299901468679e-05,0.0908670425415039,False
6042,6540,0.04166666666666663,7.294600072782487e-05,0.09087467193603516,False
6043,197,0.0625,9.280300218961202e-05,0.09085941314697266,False
6044,3379,0.02083333333333337,9.287599823437631e-05,0.09088993072509766,True
6047,565,0.03125,8.032500045374036e-05,0.0908823013305664,False
6048,6540,0.03125,7.373500193352811e-05,0.0908823013305664,False
6049,6540,0.02083333333333337,7.403999916277826e-05,0.09088993072509766,False
6052,6540,0.03125,7.387400182778947e-05,0.0908823013305664,False
6054,6540,0.05208333333333337,7.319699943764135e-05,0.0908670425415039,False
6058,34,0.02083333333333337,7.555099728051573e-05,0.09093570709228516,True
6063,6540,0.01041666666666663,7.421600093948655e-05,0.0908975601196289,False
6065,34,0.02083333333333337,0.00011457499931566417,0.09093570709228516,True
6067,6540,0.02083333333333337,7.990700032678433e-05,0.09088993072509766,False
6068,6540,0.02083333333333337,8.478100062347949e-05,0.09088993072509766,False
6069,6540,0.02083333333333337,7.270799687830731e-05,0.09088993072509766,False
6070,115,0.03125,7.370199818979017e-05,0.0908823013305664,True
6071,6540,0.01041666666666663,7.472600191249512e-05,0.0908975601196289,False
6080,3379,0.02083333333333337,7.330500011448748e-05,0.09088993072509766,True
6081,6790,0.02083333333333337,7.161000030464493e-05,0.09088993072509766,True
6082,636,0.01041666666666663,7.547799759777263e-05,0.0908975601196289,False
6084,6279,0.04166666666666663,7.196099977591075e-05,0.09087467193603516,False
6085,6540,0.02083333333333337,7.975699918461032e-05,0.09088993072509766,False
6086,6540,0.02083333333333337,8.959999831859022e-05,0.09088993072509766,False
6087,7028,0.02083333333333337,7.535099939559586e-05,0.09088993072509766,False
6088,6540,0.01041666666666663,7.71589984651655e-05,0.0908975601196289,False
6090,565,0.03125,7.232399730128236e-05,0.0908823013305664,False
6092,16,0.02083333333333337,7.485099922632799e-05,0.09088993072509766,True
6093,6540,0.02083333333333337,7.407399971270934e-05,0.09088993072509766,False
6094,5520,0.02083333333333337,7.394199928967282e-05,0.09088993072509766,False
6099,4213,0.03125,7.269500201800838e-05,0.0908823013305664,False
6101,6540,0.02083333333333337,8.035200153244659e-05,0.09088993072509766,False
6102,6280,0.02083333333333337,7.084300159476697e-05,0.09088993072509766,False
6103,6540,0.01041666666666663,0.0001299520008615218,0.0908975601196289,False
6105,6540,0.01041666666666663,8.085699664661661e-05,0.0908975601196289,False
6108,6540,0.01041666666666663,7.190999895101413e-05,0.0908975601196289,False
6112,6540,0.01041666666666663,7.507799818995409e-05,0.0908975601196289,False
6113,6540,0.01041666666666663,7.444299990311265e-05,0.0908975601196289,False
6114,6540,0.02083333333333337,7.24219971743878e-05,0.09088993072509766,False
6116,6790,0.02083333333333337,7.141600144677795e-05,0.09088993072509766,True
6117,636,0.01041666666666663,7.159999950090423e-05,0.0908975601196289,False
6120,6725,0.01041666666666663,7.023400030448101e-05,0.0908975601196289,True
6121,34,0.02083333333333337,8.161799996742047e-05,0.09093570709228516,True
6122,6540,0.01041666666666663,7.248200199683197e-05,0.0908975601196289,False
6123,6540,0.01041666666666663,7.385400022030808e-05,0.0908975601196289,False
6128,6540,0.01041666666666663,7.2030998126138e-05,0.0908975601196289,False
6129,5399,0.02083333333333337,7.536400153185241e-05,0.09088993072509766,False
6130,6540,0.02083333333333337,7.435199950123206e-05,0.09088993072509766,False
6132,6540,0.01041666666666663,8.674399941810407e-05,0.0908975601196289,False
6133,839,0.02083333333333337,7.593600093969144e-05,0.09088993072509766,False
6135,101,0.05208333333333337,7.270599962794222e-05,0.0908670425415039,True
6136,1435,0.09375,7.37490008759778e-05,0.0908365249633789,False
6138,3452,0.02083333333333337,7.266899774549529e-05,0.09088993072509766,True
6140,583,0.04166666666666663,7.314899994526058e-05,0.09087467193603516,False
6141,3419,0.02083333333333337,7.790200106683187e-05,0.09088993072509766,True
6142,5357,0.02083333333333337,7.361799725913443e-05,0.09088993072509766,False
6143,34,0.02083333333333337,7.504699897253886e-05,0.09088993072509766,True
6144,6540,0.02083333333333337,9.843600128078833e-05,0.09088993072509766,False
6146,5914,0.01041666666666663,7.278400153154507e-05,0.0908975601196289,True
6148,6540,0.02083333333333337,7.609100066474639e-05,0.09088993072509766,False
6149,42,0.02083333333333337,7.201799962786026e-05,0.09088993072509766,True
6150,6540,0.02083333333333337,7.581600220873952e-05,0.09088993072509766,False
6154,6540,0.04166666666666663,7.93979997979477e-05,0.09087467193603516,False
6155,115,0.02083333333333337,7.143900074879639e-05,0.09088993072509766,True
6157,6540,0.02083333333333337,7.384399941656739e-05,0.09088993072509766,False
6160,10,0.04166666666666663,7.798099977662787e-05,0.0909585952758789,True
6168,6790,0.02083333333333337,7.097599882399663e-05,0.09088993072509766,True
6170,7028,0.03125,7.089999780873768e-05,0.0908823013305664,False
6171,6540,0.03125,8.107000030577183e-05,0.0908823013305664,False
6173,6540,0.01041666666666663,7.402100163744763e-05,0.0908975601196289,False
6174,4199,0.0625,8.310400153277442e-05,0.09085941314697266,False
6175,6540,0.02083333333333337,7.644099969184026e-05,0.09088993072509766,False
6179,8267,0.02083333333333337,7.60650000302121e-05,0.09088993072509766,False
6180,8267,0.02083333333333337,7.574600022053346e-05,0.09088993072509766,False
6181,760,0.03125,7.484999878215604e-05,0.0908823013305664,False
6182,6540,0.03125,7.190500036813319e-05,0.0908823013305664,False
6185,6988,0.02083333333333337,7.152000034693629e-05,0.09088993072509766,False
6188,3419,0.03125,7.500999709009193e-05,0.0908823013305664,True
6189,6540,0.03125,7.478200132027268e-05,0.0908823013305664,False
6192,5739,0.02083333333333337,7.22740005585365e-05,0.09088993072509766,True
6194,34,0.03125,7.525299952249043e-05,0.0908823013305664,True
6195,6540,0.02083333333333337,7.29060011508409e-05,0.09088993072509766,False
6198,6790,0.02083333333333337,7.03410005371552e-05,0.09088993072509766,True
6202,6540,0.01041666666666663,7.643800199730322e-05,0.0908975601196289,False
6203,6540,0.01041666666666663,7.404300049529411e-05,0.0908975601196289,False
6205,6540,0.01041666666666663,8.000700108823366e-05,0.0908975601196289,False
6206,6540,0.01041666666666663,7.508600174332969e-05,0.0908975601196289,False
6207,6540,0.03125,9.067900100490078e-05,0.0908823013305664,False
6209,6540,0.01041666666666663,7.801299943821505e-05,0.0908975601196289,False
6212,6540,0.03125,7.279700002982281e-05,0.0908823013305664,False
6215,6540,0.02083333333333337,7.481799912056886e-05,0.09088993072509766,False
6218,6540,0.02083333333333337,7.42800002626609e-05,0.09088993072509766,False
6219,34,0.03125,7.158899825299159e-05,0.0908823013305664,True
6222,8884,0.04166666666666663,0.00011225100024603307,0.09087467193603516,False
6224,6540,0.01041666666666663,7.631699918420054e-05,0.0908975601196289,False
6226,4618,0.02083333333333337,7.15749993105419e-05,0.09088993072509766,False
6233,115,0.02083333333333337,7.086500045261346e-05,0.09088993072509766,True
6235,5520,0.03125,7.089300197549164e-05,0.0908823013305664,False
6236,636,0.01041666666666663,7.024099977570586e-05,0.0908975601196289,False
6237,115,0.02083333333333337,7.111400191206485e-05,0.09088993072509766,True
6238,6540,0.01041666666666663,7.364200064330362e-05,0.0908975601196289,False
6239,6540,0.02083333333333337,7.368600199697539e-05,0.09088993072509766,False
6241,1455,0.02083333333333337,7.984600233612582e-05,0.09088993072509766,False
6243,1455,0.02083333333333337,7.162499969126657e-05,0.09088993072509766,False
6245,5586,0.02083333333333337,7.186199945863336e-05,0.09088993072509766,False
6246,6540,0.01041666666666663,7.262399958563037e-05,0.0908975601196289,False
6247,6540,0.01041666666666663,0.00014312600251287222,0.0908975601196289,False
6254,6540,0.01041666666666663,7.328799983952194e-05,0.0908975601196289,False
6256,5293,0.02083333333333337,7.225300214486197e-05,0.09088993072509766,False
6258,6540,0.01041666666666663,7.623400233569555e-05,0.0908975601196289,False
6260,5631,0.02083333333333337,0.00010580399975879118,0.09088993072509766,False
6261,636,0.01041666666666663,7.068199920468032e-05,0.0908975601196289,False
6265,6540,0.02083333333333337,7.263299994519912e-05,0.09088993072509766,False
6268,3331,0.0,7.15910027793143e-05,0.09090518951416016,False
6274,1020,0.01041666666666663,7.085999823175371e-05,0.0908975601196289,True
6275,5664,0.02083333333333337,7.439399996655993e-05,0.09088993072509766,True
6278,1558,0.04166666666666663,7.132899918360636e-05,0.09087467193603516,False
6279,3527,0.02083333333333337,7.315000038943253e-05,0.09088993072509766,False
6280,5423,0.01041666666666663,7.151299723773263e-05,0.0908975601196289,True
6281,34,0.02083333333333337,7.472700235666707e-05,0.09093570709228516,False
6283,4289,0.04166666666666663,7.099200229276903e-05,0.09087467193603516,True
6285,3469,0.02083333333333337,7.253999865497462e-05,0.09088993072509766,False
6286,3733,0.01041666666666663,8.42079971334897e-05,0.0908975601196289,False
6287,1020,0.01041666666666663,8.173899914254434e-05,0.0908975601196289,True
6289,5664,0.02083333333333337,7.561799793620594e-05,0.09088993072509766,True
6290,4289,0.02083333333333337,7.163400005083531e-05,0.09088993072509766,True
6292,5794,0.03125,7.053599983919412e-05,0.0908823013305664,False
6295,3733,0.02083333333333337,7.120700320228934e-05,0.09088993072509766,False
6296,6255,0.01041666666666663,7.04060003045015e-05,0.0908975601196289,False
6297,1511,0.02083333333333337,7.190600081230514e-05,0.09088993072509766,False
6300,3733,0.02083333333333337,7.195700163720176e-05,0.09088993072509766,False
6302,3714,0.07291666666666663,8.815100227366202e-05,0.0908517837524414,False
6304,3611,0.02083333333333337,7.128800280042924e-05,0.09088993072509766,False
6305,154,0.07291666666666663,9.188300100504421e-05,0.0908517837524414,False
6307,636,0.01041666666666663,7.787299909978174e-05,0.0908975601196289,False
6309,3733,0.02083333333333337,7.161600296967663e-05,0.09088993072509766,False
6311,636,0.01041666666666663,7.177800216595642e-05,0.0908975601196289,False
6312,8772,0.02083333333333337,7.361600000876933e-05,0.09088993072509766,True
6313,636,0.01041666666666663,8.501100091962144e-05,0.0908975601196289,False
6315,1511,0.03125,7.045799793559127e-05,0.0908823013305664,False
6319,6838,0.0,8.02489994384814e-05,0.09090518951416016,False
6320,636,0.01041666666666663,7.052500222926028e-05,0.0908975601196289,False
6321,34,0.02083333333333337,7.429499964928254e-05,0.09093570709228516,False
6322,6705,0.0,7.041700155241415e-05,0.09090518951416016,False
6323,970,0.0625,7.076300244079903e-05,0.09085941314697266,True
6326,1020,0.01041666666666663,7.174900019890629e-05,0.0908975601196289,True
6328,1020,0.01041666666666663,7.089800055837259e-05,0.0908975601196289,True
6329,3733,0.01041666666666663,7.828099842299707e-05,0.0908975601196289,False
6330,3733,0.01041666666666663,9.720399975776672e-05,0.0908975601196289,False
6331,3733,0.01041666666666663,7.139099761843681e-05,0.0908975601196289,False
6332,88,0.04166666666666663,7.283000013558194e-05,0.09087467193603516,False
6334,636,0.01041666666666663,7.090700091794133e-05,0.0908975601196289,False
6335,6950,0.01041666666666663,7.158799780881964e-05,0.0908975601196289,False
6336,636,0.01041666666666663,7.18060000508558e-05,0.0908975601196289,False
6337,1511,0.02083333333333337,7.084000026225112e-05,0.09088993072509766,False
6338,3527,0.02083333333333337,7.203800123534165e-05,0.09088993072509766,False
6339,1020,0.01041666666666663,8.858699948177673e-05,0.0908975601196289,True
6343,2666,0.03125,7.039300180622377e-05,0.0908823013305664,True
6345,2738,0.08333333333333337,7.256800017785281e-05,0.09084415435791016,True
6347,2251,0.07291666666666663,7.35039975552354e-05,0.0908517837524414,False
6350,6002,0.01041666666666663,8.24249982542824e-05,0.0908975601196289,True
6351,2252,0.03125,7.149099837988615e-05,0.0908823013305664,False
6352,4827,0.01041666666666663,7.330399967031553e-05,0.0908975601196289,True
6353,2373,0.03125,7.529600043199025e-05,0.0908823013305664,False
6356,1526,0.07291666666666663,7.260799975483678e-05,0.0908517837524414,True
6357,6513,0.125,8.259799869847484e-05,0.09081363677978516,True
6359,3566,0.14583333333333337,7.63079988246318e-05,0.09079837799072266,True
6361,34,0.02083333333333337,7.669600017834455e-05,0.09093570709228516,False
6364,636,0.01041666666666663,7.158299922593869e-05,0.0908975601196289,True
6365,6369,0.02083333333333337,7.024499791441485e-05,0.09088993072509766,False
6366,26,0.02083333333333337,7.04890007909853e-05,0.09088993072509766,False
6367,34,0.02083333333333337,7.477799954358488e-05,0.09093570709228516,False
6370,633,0.01041666666666663,9.164899893221445e-05,0.0908975601196289,True
6372,855,0.01041666666666663,7.21930009603966e-05,0.0908975601196289,False
6375,3733,0.01041666666666663,7.073599772411399e-05,0.0908975601196289,False
6376,70,0.05208333333333337,7.891800123616122e-05,0.0908670425415039,False
6377,636,0.01041666666666663,7.154299964895472e-05,0.0908975601196289,True
6379,636,0.01041666666666663,7.044399899314158e-05,0.0908975601196289,True
6384,8730,0.01041666666666663,7.767500210320577e-05,0.0908975601196289,False
6387,34,0.02083333333333337,7.756800187053159e-05,0.09093570709228516,False
6390,3015,0.02083333333333337,7.21180003893096e-05,0.09088993072509766,False
6392,3419,0.03125,7.623399869771674e-05,0.0908823013305664,False
6399,6929,0.0,7.17209986760281e-05,0.09090518951416016,False
6400,8744,0.0,7.317099880310707e-05,0.09090518951416016,False
6401,5586,0.01041666666666663,7.418200038955547e-05,0.0908975601196289,False
6402,636,0.01041666666666663,7.182299668784253e-05,0.0908975601196289,True
6403,3209,0.02083333333333337,7.252299838000908e-05,0.09088993072509766,True
6406,34,0.02083333333333337,7.487199764000252e-05,0.09093570709228516,False
6407,8730,0.0,7.530800212407485e-05,0.09090518951416016,False
6409,604,0.01041666666666663,7.202900087577291e-05,0.0908975601196289,True
6411,8730,0.0,7.105699842213653e-05,0.09090518951416016,False
6416,3609,0.01041666666666663,8.608899952378124e-05,0.0908975601196289,False
6417,16,0.03125,7.610100146848708e-05,0.0908823013305664,False
6422,8730,0.0,7.040700074867345e-05,0.09090518951416016,False
6423,1101,0.04166666666666663,9.83380014076829e-05,0.09087467193603516,False
6425,647,0.04166666666666663,7.306299812626094e-05,0.09087467193603516,True
6426,16,0.02083333333333337,7.452800127794035e-05,0.09088993072509766,False
6427,6929,0.01041666666666663,7.100799848558381e-05,0.0908975601196289,False
6429,3617,0.01041666666666663,7.12529981683474e-05,0.0908975601196289,False
6433,34,0.02083333333333337,7.609300155309029e-05,0.09093570709228516,False
6434,640,0.03125,0.00010856099834199995,0.0908823013305664,True
6436,6201,0.02083333333333337,7.224200089694932e-05,0.09088993072509766,False
6438,3350,0.03125,7.149700104491785e-05,0.0908823013305664,False
6441,3609,0.0,7.414999708998948e-05,0.09090518951416016,False
6442,4618,0.01041666666666663,7.271700087585486e-05,0.0908975601196289,True
6444,5357,0.02083333333333337,7.13359986548312e-05,0.09088993072509766,False
6446,3609,0.0,7.159099914133549e-05,0.09090518951416016,False
6447,7982,0.0,7.250199996633455e-05,0.09090518951416016,False
6448,3495,0.02083333333333337,7.106699922587723e-05,0.09088993072509766,False
6449,34,0.02083333333333337,7.431899939547293e-05,0.09093570709228516,False
6450,636,0.01041666666666663,7.067099795676768e-05,0.0908975601196289,False
6451,8744,0.0,7.963100142660551e-05,0.09090518951416016,False
6456,636,0.01041666666666663,8.062899723881856e-05,0.0908975601196289,False
6457,3609,0.0,7.276700125657953e-05,0.09090518951416016,False
6458,565,0.02083333333333337,7.199299943749793e-05,0.09088993072509766,False
6460,3311,0.01041666666666663,7.060500138322823e-05,0.0908975601196289,False
6462,636,0.01041666666666663,7.168600131990388e-05,0.0908975601196289,False
6463,34,0.02083333333333337,7.702800212427974e-05,0.09093570709228516,False
6464,6705,0.0,7.091899897204712e-05,0.09090518951416016,False
6465,34,0.02083333333333337,7.765099871903658e-05,0.09093570709228516,False
6467,34,0.02083333333333337,7.422099952236749e-05,0.09093570709228516,False
6469,34,0.02083333333333337,7.49079990782775e-05,0.09093570709228516,False
6470,8226,0.01041666666666663,7.278799967025407e-05,0.0908975601196289,False
6475,2346,0.01041666666666663,7.489900235668756e-05,0.0908975601196289,False
6480,34,0.02083333333333337,7.922799704829231e-05,0.09093570709228516,False
6482,8226,0.01041666666666663,7.063399971229956e-05,0.0908975601196289,False
6483,604,0.01041666666666663,7.124699914129451e-05,0.0908975601196289,False
6484,866,0.01041666666666663,7.240200284286402e-05,0.0908975601196289,False
6488,636,0.01041666666666663,7.458400068571791e-05,0.0908975601196289,False
6490,565,0.02083333333333337,7.244399967021309e-05,0.09088993072509766,False
6492,604,0.01041666666666663,8.25950010039378e-05,0.0908975601196289,False
6493,636,0.01041666666666663,7.051599823171273e-05,0.0908975601196289,False
6496,636,0.01041666666666663,7.028099935268983e-05,0.0908975601196289,False
6498,34,0.02083333333333337,7.737700070720166e-05,0.09093570709228516,False
6499,6319,0.04166666666666663,7.074300083331764e-05,0.09087467193603516,False
6505,7164,0.0625,7.185999857028946e-05,0.09085941314697266,True
6506,8367,0.125,7.495099998777732e-05,0.09081363677978516,True
6510,2800,0.11458333333333337,7.474700032616965e-05,0.0908212661743164,True
6511,2666,0.02083333333333337,7.237000318127684e-05,0.09088993072509766,True
6512,3714,0.05208333333333337,7.944399840198457e-05,0.0908670425415039,True
6513,604,0.02083333333333337,7.338199793593958e-05,0.09088993072509766,False
6515,2763,0.07291666666666663,8.14140003058128e-05,0.0908517837524414,True
6517,4917,0.10416666666666663,7.288499909918755e-05,0.09082889556884766,True
6519,2763,0.11458333333333337,7.53009990148712e-05,0.0908212661743164,True
6521,7294,0.09375,7.420799738611095e-05,0.0908365249633789,False
6523,6556,0.08333333333333337,7.526099943788722e-05,0.09084415435791016,True
6525,2763,0.08333333333333337,8.426700151176192e-05,0.09084415435791016,True
6527,234,0.10416666666666663,8.263500058092177e-05,0.09082889556884766,False
6529,2666,0.04166666666666663,7.068400009302422e-05,0.09087467193603516,True
6531,2597,0.0625,7.256599928950891e-05,0.09085941314697266,True
6532,7164,0.05208333333333337,7.161600296967663e-05,0.0908670425415039,True
6534,7164,0.07291666666666663,8.319799962919205e-05,0.0908517837524414,True
6535,1420,0.0625,7.431199992424808e-05,0.09085941314697266,True
6537,2648,0.04166666666666663,7.867000022088178e-05,0.09087467193603516,True
6538,7658,0.08333333333333337,7.22840013622772e-05,0.09084415435791016,False
6540,1545,0.08333333333333337,7.216399899334647e-05,0.09084415435791016,True
6542,7847,0.05208333333333337,7.733199890935794e-05,0.0908670425415039,False
6544,2800,0.09375,7.133500184863806e-05,0.0908365249633789,True
6546,6391,0.07291666666666663,7.189399912022054e-05,0.0908517837524414,False
6553,6571,0.07291666666666663,8.861600144882686e-05,0.0908517837524414,True
6554,70,0.05208333333333337,7.186400034697726e-05,0.0908670425415039,False
6555,2753,0.11458333333333337,7.457700121449307e-05,0.0908212661743164,True
6558,4785,0.05208333333333337,7.477200051653199e-05,0.0908670425415039,True
6560,8822,0.07291666666666663,7.14169982529711e-05,0.0908517837524414,True
6562,2553,0.14583333333333337,7.085399920470081e-05,0.09079837799072266,True
6563,2800,0.11458333333333337,7.461999848601408e-05,0.0908212661743164,True
6566,2716,0.11458333333333337,7.286699838005006e-05,0.0908212661743164,True
6568,4103,0.09375,7.543900210293941e-05,0.0908365249633789,False
6570,3593,0.125,7.21889991837088e-05,0.09081363677978516,True
6571,1318,0.0625,7.227500100270845e-05,0.09085941314697266,True
6572,1312,0.07291666666666663,0.00012376100130495615,0.0908517837524414,True
6573,7748,0.15625,7.58239984861575e-05,0.0907907485961914,False
6574,2648,0.11458333333333337,7.144499977584928e-05,0.0908212661743164,True
6576,2731,0.09375,8.856299973558635e-05,0.0908365249633789,True
6578,1271,0.07291666666666663,7.549899964942597e-05,0.0908517837524414,True
6579,1115,0.14583333333333337,7.333100074902177e-05,0.09079837799072266,True
6580,8123,0.05208333333333337,7.1415001002606e-05,0.0908670425415039,False
6584,4712,0.09375,7.294500028365292e-05,0.0908365249633789,True
6585,2340,0.08333333333333337,7.344699770328589e-05,0.09084415435791016,False
6587,4785,0.0625,7.204400026239455e-05,0.09085941314697266,True
6588,1558,0.07291666666666663,7.15749993105419e-05,0.0908517837524414,True
6589,1299,0.05208333333333337,0.00011223299952689558,0.0908670425415039,True
6592,1318,0.09375,7.27420010662172e-05,0.0908365249633789,True
6593,3566,0.14583333333333337,7.548800203949213e-05,0.09079837799072266,True
6599,4925,0.05208333333333337,7.166900104493834e-05,0.0908670425415039,True
6606,7717,0.16666666666666663,7.360000017797574e-05,0.09078311920166016,False
6609,1518,0.09375,7.572700269520283e-05,0.0908365249633789,True
6610,4712,0.14583333333333337,7.3054001404671e-05,0.09079837799072266,True
6611,1153,0.09375,7.073999950080179e-05,0.0908365249633789,True
6612,284,0.05208333333333337,7.707100303377956e-05,0.0908670425415039,True
6616,284,0.04166666666666663,7.45290017221123e-05,0.09087467193603516,True
6617,284,0.05208333333333337,7.66199991630856e-05,0.0908670425415039,True
6624,284,0.05208333333333337,7.541599916294217e-05,0.0908670425415039,True
6625,5465,0.07291666666666663,7.564499901491217e-05,0.0908517837524414,False
6626,213,0.04166666666666663,8.920799882616848e-05,0.09087467193603516,True
6628,324,0.05208333333333337,8.403399988310412e-05,0.0908670425415039,True
6629,324,0.0625,7.53780004743021e-05,0.09085941314697266,True
6631,5465,0.05208333333333337,7.639799878234044e-05,0.0908670425415039,False
6632,213,0.0625,7.639999967068434e-05,0.09085941314697266,True
6634,213,0.05208333333333337,7.664900113013573e-05,0.0908670425415039,True
6636,213,0.03125,7.632300184923224e-05,0.0908823013305664,True
6637,327,0.05208333333333337,7.19640011084266e-05,0.0908670425415039,True
6638,327,0.05208333333333337,7.465700036846101e-05,0.0908670425415039,True
6640,284,0.0625,7.439500041073188e-05,0.09085941314697266,True
6645,231,0.0625,8.160400102497078e-05,0.09085941314697266,True
6647,284,0.05208333333333337,7.437399835907854e-05,0.0908670425415039,True
6648,284,0.03125,7.378100053756498e-05,0.0908823013305664,True
6652,213,0.0625,7.683800140512176e-05,0.09085941314697266,True
6654,284,0.05208333333333337,7.411399928969331e-05,0.0908670425415039,True
6656,284,0.05208333333333337,7.415399886667728e-05,0.0908670425415039,True
6657,235,0.08333333333333337,8.350300049642101e-05,0.09084415435791016,True
6658,284,0.04166666666666663,7.66260018281173e-05,0.09087467193603516,True
6660,5535,0.05208333333333337,8.015599814825691e-05,0.0908670425415039,False
6661,213,0.0625,7.71429986343719e-05,0.09085941314697266,True
6663,324,0.0625,7.408500096062198e-05,0.09085941314697266,True
6664,213,0.0625,7.653200009372085e-05,0.09085941314697266,True
6666,324,0.0625,7.390799873974174e-05,0.09085941314697266,True
6667,213,0.0625,7.640500189154409e-05,0.09085941314697266,True
6668,324,0.0625,7.818100129952654e-05,0.09085941314697266,True
6670,324,0.0625,7.815700155333616e-05,0.09085941314697266,True
6671,324,0.05208333333333337,7.409799945889972e-05,0.0908670425415039,True
6673,213,0.03125,9.699599831947125e-05,0.0908823013305664,True
6674,213,0.0625,0.00010955400284728967,0.09085941314697266,True
6675,284,0.05208333333333337,7.536400153185241e-05,0.0908670425415039,True
6676,213,0.05208333333333337,7.433399878209457e-05,0.0908670425415039,True
6678,284,0.0625,7.603999983984977e-05,0.09085941314697266,True
6680,213,0.0625,7.520399958593771e-05,0.09085941314697266,True
6681,324,0.07291666666666663,7.685200034757145e-05,0.0908517837524414,True
6682,213,0.04166666666666663,7.480699787265621e-05,0.09087467193603516,True
6683,213,0.05208333333333337,7.725199975538999e-05,0.0908670425415039,True
6685,213,0.05208333333333337,8.417299977736548e-05,0.0908670425415039,True
6687,231,0.0625,7.366299905697815e-05,0.09085941314697266,True
6689,334,0.04166666666666663,7.354300032602623e-05,0.09087467193603516,True
6692,291,0.0625,7.841399929020554e-05,0.09085941314697266,True
6693,429,0.03125,7.991300299181603e-05,0.0908823013305664,True
6695,5716,0.125,8.395500117330812e-05,0.09081363677978516,False
6697,327,0.0625,9.962300100596622e-05,0.09085941314697266,True
6698,327,0.0625,9.395199958817102e-05,0.09085941314697266,True
6702,291,0.07291666666666663,8.853100007399917e-05,0.0908517837524414,True
6703,445,0.05208333333333337,7.333500252570957e-05,0.0908670425415039,True
6704,291,0.05208333333333337,7.417099914164282e-05,0.0908670425415039,True
6705,291,0.0625,7.577599899377674e-05,0.09085941314697266,True
6708,448,0.0625,7.448899850714952e-05,0.09085941314697266,True
6709,327,0.05208333333333337,7.273899973370135e-05,0.0908670425415039,True
6712,327,0.03125,7.446599920513108e-05,0.0908823013305664,True
6714,327,0.03125,0.00010194899732596241,0.0908823013305664,True
6718,327,0.0625,7.309199645533226e-05,0.09085941314697266,True
6720,334,0.0625,7.379299859167077e-05,0.09085941314697266,True
6722,291,0.05208333333333337,7.576599819003604e-05,0.0908670425415039,True
6723,451,0.05208333333333337,8.812600208329968e-05,0.0908670425415039,True
6724,352,0.0625,7.268500121426769e-05,0.09085941314697266,True
6726,327,0.04166666666666663,7.090500002959743e-05,0.09087467193603516,True
6727,451,0.03125,7.26629987184424e-05,0.0908823013305664,True
6729,451,0.03125,7.295600153156556e-05,0.0908823013305664,True
6732,445,0.05208333333333337,7.487800030503422e-05,0.0908670425415039,True
6735,429,0.07291666666666663,9.166699965135194e-05,0.0908517837524414,True
6737,445,0.07291666666666663,7.28009981685318e-05,0.0908517837524414,True
6740,370,0.0625,0.00013171099999453872,0.09085941314697266,True
6743,327,0.05208333333333337,7.318099960684776e-05,0.0908670425415039,True
6745,429,0.05208333333333337,7.380700117209926e-05,0.0908670425415039,True
6746,352,0.05208333333333337,7.260200072778389e-05,0.0908670425415039,True
6747,291,0.07291666666666663,7.807400106685236e-05,0.0908517837524414,True
6751,291,0.05208333333333337,7.527799971285276e-05,0.0908670425415039,True
6752,327,0.03125,7.267899854923598e-05,0.0908823013305664,True
6753,448,0.04166666666666663,7.453000216628425e-05,0.09087467193603516,True
6754,327,0.05208333333333337,7.173899939516559e-05,0.0908670425415039,True
6756,327,0.05208333333333337,7.198700041044503e-05,0.0908670425415039,True
6757,291,0.05208333333333337,8.043600246310234e-05,0.0908670425415039,True
6758,327,0.0625,7.584500053781085e-05,0.09085941314697266,True
6759,324,0.09375,7.570900197606534e-05,0.0908365249633789,True
6761,291,0.05208333333333337,7.914800153230317e-05,0.0908670425415039,True
6762,448,0.05208333333333337,7.419499888783321e-05,0.0908670425415039,True
6763,352,0.0625,9.020400102599524e-05,0.09085941314697266,True
6764,327,0.03125,7.355900015681982e-05,0.0908823013305664,True
6768,327,0.0625,7.209099931060337e-05,0.09085941314697266,True
6769,291,0.05208333333333337,7.593800182803534e-05,0.0908670425415039,True
6770,370,0.05208333333333337,7.431099948007613e-05,0.0908670425415039,True
6772,327,0.0625,7.39070019335486e-05,0.09085941314697266,True
6777,291,0.05208333333333337,7.421600093948655e-05,0.0908670425415039,True
6778,429,0.05208333333333337,8.106399764074013e-05,0.0908670425415039,True
6782,429,0.04166666666666663,7.781299791531637e-05,0.09087467193603516,True
6785,429,0.03125,7.20390016795136e-05,0.0908823013305664,True
6786,327,0.04166666666666663,7.134499901439995e-05,0.09087467193603516,True
6787,445,0.03125,7.35100002202671e-05,0.0908823013305664,True
6789,291,0.03125,7.374800043180585e-05,0.0908823013305664,True
6795,296,0.0625,7.418799941660836e-05,0.09085941314697266,True
6803,4495,0.04166666666666663,0.00018896799883805215,0.09087467193603516,True
6804,483,0.0625,0.00014861200179439038,0.09085941314697266,True
6806,4505,0.0625,7.546299821115099e-05,0.09085941314697266,True
6808,2906,0.09375,7.782300235703588e-05,0.0908365249633789,False
6809,7164,0.04166666666666663,7.425300282193348e-05,0.09087467193603516,False
6812,6540,0.03125,7.28189988876693e-05,0.0908823013305664,False
6813,6540,0.04166666666666663,7.369200102402829e-05,0.09087467193603516,False
6814,6540,0.03125,7.599099990329705e-05,0.0908823013305664,False
6815,6540,0.03125,7.285100218723528e-05,0.0908823013305664,False
6817,6540,0.05208333333333337,7.366200225078501e-05,0.0908670425415039,False
6819,8267,0.03125,7.848199675208889e-05,0.0908823013305664,False
6821,267,0.04166666666666663,7.617300070705824e-05,0.09087467193603516,True
6823,5910,0.03125,7.514200115110725e-05,0.0908823013305664,False
6825,6312,0.02083333333333337,7.690500206081197e-05,0.09088993072509766,True
6826,863,0.02083333333333337,7.625099897268228e-05,0.09088993072509766,True
6827,3533,0.08333333333333337,9.378399772685952e-05,0.09084415435791016,False
6829,3628,0.03125,7.241099956445396e-05,0.0908823013305664,False
6831,8914,0.04166666666666663,7.296599869732745e-05,0.09087467193603516,False
6832,3566,0.08333333333333337,7.783299952279776e-05,0.09084415435791016,False
6833,909,0.04166666666666663,7.384200216620229e-05,0.09087467193603516,True
6834,3733,0.01041666666666663,9.180500273942016e-05,0.0908975601196289,False
6835,1558,0.04166666666666663,8.152399823302403e-05,0.09087467193603516,False
6837,3668,0.05208333333333337,7.277999975485727e-05,0.0908670425415039,False
6843,4199,0.04166666666666663,7.944599929032847e-05,0.09087467193603516,True
6846,1440,0.0625,7.442299829563126e-05,0.09085941314697266,False
6847,5739,0.03125,7.350099986069836e-05,0.0908823013305664,False
6849,6366,0.01041666666666663,7.202100096037611e-05,0.0908975601196289,True
6850,34,0.02083333333333337,7.624499994562939e-05,0.09093570709228516,False
6852,7791,0.07291666666666663,7.484299931093119e-05,0.0908517837524414,True
6853,687,0.02083333333333337,7.301699952222407e-05,0.09088993072509766,False
6854,4213,0.05208333333333337,7.426100273733027e-05,0.0908670425415039,True
6855,1271,0.0625,7.290599751286209e-05,0.09085941314697266,False
6856,4178,0.02083333333333337,7.071499931043945e-05,0.09088993072509766,True
6858,4174,0.04166666666666663,7.088499842211604e-05,0.09087467193603516,True
6862,3757,0.04166666666666663,7.343600009335205e-05,0.09087467193603516,False
6865,6319,0.02083333333333337,7.030899723758921e-05,0.09088993072509766,True
6867,3733,0.01041666666666663,7.101699884515256e-05,0.0908975601196289,False
6870,3175,0.01041666666666663,7.229800030472688e-05,0.0908975601196289,False
6874,970,0.05208333333333337,7.087499761837535e-05,0.0908670425415039,True
6875,5909,0.03125,7.578199802082963e-05,0.0908823013305664,False
6879,636,0.01041666666666663,7.175399878178723e-05,0.0908975601196289,False
6882,2763,0.04166666666666663,8.285799776786007e-05,0.09087467193603516,True
6883,2763,0.04166666666666663,7.746600022073835e-05,0.09087467193603516,True
6887,3714,0.0625,8.256600267486647e-05,0.09085941314697266,True
6888,2763,0.07291666666666663,8.25930001155939e-05,0.0908517837524414,True
6890,2943,0.05208333333333337,8.777499897405505e-05,0.0908670425415039,True
6891,2935,0.05208333333333337,8.110800263239071e-05,0.0908670425415039,True
6892,2763,0.03125,7.336300041060895e-05,0.0908823013305664,True
6895,2974,0.0625,7.343999823206104e-05,0.09085941314697266,True
6897,2763,0.04166666666666663,7.546800043201074e-05,0.09087467193603516,True
6900,2763,0.04166666666666663,7.304499740712345e-05,0.09087467193603516,True
6902,2974,0.07291666666666663,9.329599924967624e-05,0.0908517837524414,True
6904,2943,0.04166666666666663,7.32730004529003e-05,0.09087467193603516,True
6905,2763,0.05208333333333337,7.297800038941205e-05,0.0908670425415039,True
6907,2763,0.03125,7.274699964909814e-05,0.0908823013305664,True
6910,2763,0.02083333333333337,8.517899914295413e-05,0.09088993072509766,True
6911,2935,0.01041666666666663,8.528699981980026e-05,0.0908975601196289,True
6912,2763,0.02083333333333337,8.514900036971085e-05,0.09088993072509766,True
6917,2763,0.02083333333333337,8.633600009488873e-05,0.09088993072509766,True
6919,2763,0.02083333333333337,7.542599996668287e-05,0.09088993072509766,True
6920,2763,0.03125,0.0003198140002496075,0.0908823013305664,True
6923,2763,0.04166666666666663,7.43000018701423e-05,0.09087467193603516,True
6925,6556,0.03125,7.277599797816947e-05,0.0908823013305664,True
6926,2763,0.03125,7.276600081240758e-05,0.0908823013305664,True
6927,2763,0.04166666666666663,7.366100180661306e-05,0.09087467193603516,True
6929,2763,0.04166666666666663,7.48999991628807e-05,0.09087467193603516,True
6931,2763,0.03125,7.300099969143048e-05,0.0908823013305664,True
6933,2935,0.02083333333333337,7.239099795697257e-05,0.09088993072509766,True
6934,2935,0.02083333333333337,7.626600199728273e-05,0.09088993072509766,True
6937,2763,0.04166666666666663,7.582599937450141e-05,0.09087467193603516,True
6939,2763,0.03125,7.536400153185241e-05,0.0908823013305664,True
6940,2935,0.02083333333333337,7.186500079114921e-05,0.09088993072509766,True
6941,2763,0.02083333333333337,8.677000005263835e-05,0.09088993072509766,True
6942,2763,0.03125,7.406400254694745e-05,0.0908823013305664,True
6946,2763,0.02083333333333337,9.330299872090109e-05,0.09088993072509766,True
6948,2943,0.04166666666666663,7.402900155284442e-05,0.09087467193603516,True
6949,2763,0.03125,7.435200313921086e-05,0.0908823013305664,True
6953,2763,0.02083333333333337,7.480000203941017e-05,0.09088993072509766,True
6954,2935,0.03125,7.217099846457131e-05,0.0908823013305664,True
6955,2763,0.03125,7.651600026292726e-05,0.0908823013305664,True
6956,2763,0.03125,7.361099778790958e-05,0.0908823013305664,True
6959,2935,0.02083333333333337,7.236999954329804e-05,0.09088993072509766,True
6960,2935,0.01041666666666663,7.409500176436268e-05,0.0908975601196289,True
6961,2763,0.03125,0.00010337599815102294,0.0908823013305664,True
6964,2943,0.04166666666666663,7.303099846467376e-05,0.09087467193603516,True
6966,2763,0.03125,7.419100074912421e-05,0.0908823013305664,True
6969,2763,0.03125,7.340799857047386e-05,0.0908823013305664,True
6970,2763,0.02083333333333337,7.214600191218778e-05,0.09088993072509766,True
6971,2763,0.02083333333333337,7.256900062202476e-05,0.09088993072509766,True
6972,2935,0.02083333333333337,7.387699952232651e-05,0.09088993072509766,True
6978,2763,0.04166666666666663,7.381800242001191e-05,0.09087467193603516,True
6979,2763,0.03125,8.398999852943234e-05,0.0908823013305664,True
6982,5933,0.04166666666666663,7.3895000241464e-05,0.09087467193603516,False
6986,8317,0.0625,7.626799924764782e-05,0.09085941314697266,True
6988,2943,0.02083333333333337,7.322899909922853e-05,0.09088993072509766,True
6991,2763,0.03125,7.258500045281835e-05,0.0908823013305664,True
6992,2763,0.04166666666666663,7.226300294860266e-05,0.09087467193603516,True
6993,2763,0.02083333333333337,7.388900121441111e-05,0.09088993072509766,True
6994,2763,0.02083333333333337,7.758999709039927e-05,0.09088993072509766,True
6995,2763,0.03125,7.31210020603612e-05,0.0908823013305664,True
6998,3634,0.07291666666666663,8.531100320396945e-05,0.0908517837524414,True
7001,2763,0.02083333333333337,7.371800165856257e-05,0.09088993072509766,True
7002,2763,0.04166666666666663,7.333000030484982e-05,0.09087467193603516,True
7003,2763,0.03125,7.579100201837718e-05,0.0908823013305664,True
7004,6556,0.03125,7.627900049556047e-05,0.0908823013305664,True
7005,2763,0.02083333333333337,9.663899982115254e-05,0.09088993072509766,True
7009,6556,0.01041666666666663,7.764600013615564e-05,0.0908975601196289,True
7010,2763,0.03125,7.387200093944557e-05,0.0908823013305664,True
7014,2763,0.02083333333333337,7.479700070689432e-05,0.09088993072509766,True
7016,2763,0.03125,7.506499969167635e-05,0.0908823013305664,True
7017,2763,0.03125,7.507299960707314e-05,0.0908823013305664,True
7018,2763,0.02083333333333337,7.224000000860542e-05,0.09088993072509766,True
7019,4917,0.0625,8.03279981482774e-05,0.09085941314697266,True
7020,2935,0.03125,7.361000098171644e-05,0.0908823013305664,True
7022,2763,0.02083333333333337,7.303500024136156e-05,0.09088993072509766,True
7024,2763,0.02083333333333337,7.469399861292914e-05,0.09088993072509766,True
7025,2763,0.03125,7.355100024142303e-05,0.0908823013305664,True
7026,2763,0.02083333333333337,7.400400136248209e-05,0.09088993072509766,True
7027,2763,0.03125,7.260100028361194e-05,0.0908823013305664,True
7028,2935,0.02083333333333337,7.343399920500815e-05,0.09088993072509766,True
7029,2763,0.01041666666666663,7.311599983950146e-05,0.0908975601196289,True
7032,2763,0.03125,7.247599933180027e-05,0.0908823013305664,True
7034,2763,0.02083333333333337,7.274699964909814e-05,0.09088993072509766,True
7038,6556,0.03125,7.32000007701572e-05,0.0908823013305664,True
7040,2935,0.02083333333333337,7.270599962794222e-05,0.09088993072509766,True
7041,2763,0.02083333333333337,7.410800026264042e-05,0.09088993072509766,True
7046,6556,0.01041666666666663,7.465499948011711e-05,0.0908975601196289,True
7049,2763,0.03125,7.704900053795427e-05,0.0908823013305664,True
7053,2763,0.01041666666666663,7.368099977611564e-05,0.0908975601196289,True
7055,6556,0.03125,7.328699939535e-05,0.0908823013305664,True
7057,2763,0.03125,8.440300007350743e-05,0.0908823013305664,True
7059,2763,0.02083333333333337,7.330800144700333e-05,0.09088993072509766,True
7061,2763,0.02083333333333337,7.316000119317323e-05,0.09088993072509766,True
7062,2763,0.02083333333333337,7.435700172209181e-05,0.09088993072509766,True
7064,2763,0.02083333333333337,7.52119995013345e-05,0.09088993072509766,True
7065,2935,0.03125,7.421899863402359e-05,0.0908823013305664,True
7067,2763,0.04166666666666663,7.527100024162792e-05,0.09087467193603516,True
7069,2763,0.03125,7.66180019127205e-05,0.0908823013305664,True
7070,2943,0.02083333333333337,7.518800339312293e-05,0.09088993072509766,True
7072,2763,0.03125,7.366200225078501e-05,0.0908823013305664,True
7073,2763,0.02083333333333337,8.5374998889165e-05,0.09088993072509766,True
7074,2763,0.03125,7.399300011456944e-05,0.0908823013305664,True
7076,6556,0.01041666666666663,7.451999772456475e-05,0.0908975601196289,True
7079,2763,0.03125,7.347800055867992e-05,0.0908823013305664,True
7081,2763,0.03125,8.092600182862952e-05,0.0908823013305664,True
7083,6556,0.01041666666666663,9.090700041269884e-05,0.0908975601196289,True
7084,2763,0.03125,7.412900231429376e-05,0.0908823013305664,True
7085,2763,0.03125,7.563899998785928e-05,0.0908823013305664,True
7086,2763,0.03125,7.387199730146676e-05,0.0908823013305664,True
7087,2763,0.02083333333333337,8.465599967166781e-05,0.09088993072509766,True
7088,6556,0.03125,7.992900282260962e-05,0.0908823013305664,True
7089,2763,0.02083333333333337,7.313799869734794e-05,0.09088993072509766,True
7090,2763,0.03125,7.283300146809779e-05,0.0908823013305664,True
7092,2935,0.03125,7.259899939526804e-05,0.0908823013305664,True
7094,2791,0.04166666666666663,8.16529973235447e-05,0.09087467193603516,False
7095,4501,0.0625,7.418200038955547e-05,0.09085941314697266,True
7096,2935,0.0625,7.147600263124332e-05,0.09085941314697266,False
7099,2791,0.09375,7.239100159495138e-05,0.0908365249633789,False
7101,4505,0.05208333333333337,7.574700066470541e-05,0.0908670425415039,True
7103,2935,0.08333333333333337,7.644700235687196e-05,0.09084415435791016,False
7104,4495,0.07291666666666663,7.466700117220171e-05,0.0908517837524414,True
7108,6556,0.08333333333333337,7.693699808442034e-05,0.09084415435791016,False
7109,2791,0.07291666666666663,7.168700176407583e-05,0.0908517837524414,False
7111,4490,0.0625,7.519700011471286e-05,0.09085941314697266,True
7113,2763,0.05208333333333337,7.305899998755194e-05,0.0908670425415039,False
7114,2791,0.07291666666666663,7.277400072780438e-05,0.0908517837524414,False
7115,2763,0.0625,7.251599890878424e-05,0.09085941314697266,False
7117,3015,0.05208333333333337,7.409099998767488e-05,0.0908670425415039,False
7120,4495,0.07291666666666663,7.91790007497184e-05,0.0908517837524414,True
7125,5586,0.0625,7.482199725927785e-05,0.09085941314697266,False
7128,291,0.07291666666666663,9.040499935508706e-05,0.0908517837524414,True
7130,434,0.07291666666666663,7.623499914188869e-05,0.0908517837524414,True
7131,445,0.08333333333333337,8.675099888932891e-05,0.09084415435791016,True
7135,4495,0.04166666666666663,7.709700003033504e-05,0.09087467193603516,True
7137,445,0.07291666666666663,8.556900138501078e-05,0.0908517837524414,True
7138,4466,0.0625,7.965999975567684e-05,0.09085941314697266,True
7139,448,0.07291666666666663,7.383800038951449e-05,0.0908517837524414,True
7140,448,0.07291666666666663,7.453599755535834e-05,0.0908517837524414,True
7141,483,0.05208333333333337,7.454200022039004e-05,0.0908670425415039,True
7142,483,0.07291666666666663,7.392100087599829e-05,0.0908517837524414,True
7143,445,0.08333333333333337,7.274299787241034e-05,0.09084415435791016,True
7144,434,0.0625,7.853900024201721e-05,0.09085941314697266,True
7145,483,0.05208333333333337,7.456399907823652e-05,0.0908670425415039,True
7148,445,0.0625,9.1966001491528e-05,0.09085941314697266,True
7150,445,0.0625,8.677599907969125e-05,0.09085941314697266,True
7151,334,0.0625,7.386899960692972e-05,0.09085941314697266,True
7154,451,0.03125,8.255699867731892e-05,0.0908823013305664,True
7157,370,0.03125,8.09580014902167e-05,0.0908823013305664,True
7160,7702,0.07291666666666663,7.3204002546845e-05,0.0908517837524414,False
7162,429,0.05208333333333337,7.247900066431612e-05,0.0908670425415039,True
7165,327,0.05208333333333337,7.220900079119019e-05,0.0908670425415039,True
7168,448,0.05208333333333337,7.439200271619484e-05,0.0908670425415039,True
7169,327,0.04166666666666663,7.56170011300128e-05,0.09087467193603516,True
7172,434,0.0625,7.378699956461787e-05,0.09085941314697266,True
7173,327,0.05208333333333337,7.473599907825701e-05,0.0908670425415039,True
7175,483,0.07291666666666663,7.444299990311265e-05,0.0908517837524414,True
7178,448,0.07291666666666663,7.507299960707314e-05,0.0908517837524414,True
7179,448,0.09375,8.153499948093668e-05,0.0908365249633789,True
7184,429,0.0625,7.363699842244387e-05,0.09085941314697266,True
7185,451,0.04166666666666663,7.832900155335665e-05,0.09087467193603516,True
7186,327,0.04166666666666663,7.403000199701637e-05,0.09087467193603516,True
7188,448,0.0625,7.409300087601878e-05,0.09085941314697266,True
7189,445,0.07291666666666663,7.439500041073188e-05,0.0908517837524414,True
7191,679,0.02083333333333337,0.00011014800111297518,0.09088993072509766,False
7192,451,0.05208333333333337,7.356200148933567e-05,0.0908670425415039,True
7194,4495,0.07291666666666663,0.00017542999921715818,0.0908517837524414,True
7196,483,0.0625,8.728399916435592e-05,0.09085941314697266,True
7202,327,0.0625,7.533100142609328e-05,0.09085941314697266,True
7203,483,0.05208333333333337,9.645300087868236e-05,0.0908670425415039,True
7205,2943,0.05208333333333337,7.19540003046859e-05,0.0908670425415039,False
7207,327,0.0625,8.570599675294943e-05,0.09085941314697266,True
7208,327,0.05208333333333337,7.274900053744204e-05,0.0908670425415039,True
7209,327,0.0625,8.659699960844591e-05,0.09085941314697266,True
7210,4505,0.0625,7.84699986979831e-05,0.09085941314697266,True
7214,291,0.08333333333333337,7.469000047422014e-05,0.09084415435791016,True
7215,445,0.03125,7.287799962796271e-05,0.0908823013305664,True
7216,451,0.0625,7.348700091824867e-05,0.09085941314697266,True
7217,483,0.07291666666666663,0.00012432999938027933,0.0908517837524414,True
7218,483,0.0625,8.350600182893686e-05,0.09085941314697266,True
7219,2935,0.04166666666666663,7.371099854935892e-05,0.09087467193603516,False
7220,6556,0.05208333333333337,7.557800199720077e-05,0.0908670425415039,False
7221,434,0.0625,7.400099639198743e-05,0.09085941314697266,True
7222,429,0.05208333333333337,7.873499998822808e-05,0.0908670425415039,True
7225,451,0.04166666666666663,7.358600123552606e-05,0.09087467193603516,True
7227,636,0.02083333333333337,7.235999873955734e-05,0.09088993072509766,False
7228,4466,0.07291666666666663,7.457799802068621e-05,0.0908517837524414,True
7231,370,0.0625,7.976599954417907e-05,0.09085941314697266,True
7233,448,0.05208333333333337,7.487699986086227e-05,0.0908670425415039,True
7235,429,0.02083333333333337,7.251900024130009e-05,0.09088993072509766,True
7237,370,0.04166666666666663,7.237500176415779e-05,0.09087467193603516,True
7240,291,0.04166666666666663,8.017900108825415e-05,0.09087467193603516,True
7241,429,0.05208333333333337,8.122999861370772e-05,0.0908670425415039,True
7246,6937,0.02083333333333337,9.041099838213995e-05,0.09088993072509766,True
7248,1299,0.04166666666666663,9.032000161823817e-05,0.09087467193603516,False
7249,4243,0.05208333333333337,0.0001143789995694533,0.0908670425415039,False
7255,4199,0.0625,7.254599768202752e-05,0.09085941314697266,False
7256,3380,0.02083333333333337,8.206400161725469e-05,0.09088993072509766,False
7257,2902,0.0625,7.310799992410466e-05,0.09085941314697266,False
7258,661,0.03125,0.00011060600081691518,0.0908823013305664,False
7261,6212,0.05208333333333337,7.19679992471356e-05,0.0908670425415039,True
7264,5293,0.03125,7.1726997703081e-05,0.0908823013305664,False
7267,2789,0.05208333333333337,7.420000110869296e-05,0.0908670425415039,False
7270,596,0.02083333333333337,7.229200127767399e-05,0.09088993072509766,False
7272,3495,0.01041666666666663,7.278799967025407e-05,0.0908975601196289,False
7274,1477,0.09375,7.737299893051386e-05,0.0908365249633789,True
7275,2791,0.01041666666666663,8.067199814831838e-05,0.0908975601196289,False
7276,596,0.02083333333333337,7.180499960668385e-05,0.09088993072509766,False
7278,760,0.03125,7.065599857014604e-05,0.0908823013305664,False
7282,2789,0.0625,7.239700062200427e-05,0.09085941314697266,False
7284,3419,0.04166666666666663,0.00011919200187548995,0.09087467193603516,False
7288,16,0.03125,7.376899884548038e-05,0.0908823013305664,False
7289,5910,0.04166666666666663,7.117800123523921e-05,0.09087467193603516,False
7290,6366,0.02083333333333337,7.175900100264698e-05,0.09088993072509766,False
7291,6830,0.02083333333333337,7.13379995431751e-05,0.09088993072509766,False
7292,6201,0.02083333333333337,7.154500053729862e-05,0.09088993072509766,True
7295,3400,0.04166666666666663,8.860699745127931e-05,0.09087467193603516,False
7296,34,0.02083333333333337,7.451000055880286e-05,0.09093570709228516,False
7297,6932,0.04166666666666663,7.390199971268885e-05,0.09087467193603516,True
7299,2791,0.01041666666666663,7.167200237745419e-05,0.0908975601196289,False
7300,4243,0.0625,9.957599831977859e-05,0.09085941314697266,False
7304,4199,0.0625,9.252800009562634e-05,0.09085941314697266,False
7306,26,0.03125,9.523599874228239e-05,0.0909280776977539,False
7307,5910,0.05208333333333337,7.240299964905716e-05,0.0908670425415039,False
7308,3337,0.02083333333333337,9.77809977484867e-05,0.09088993072509766,False
7310,681,0.07291666666666663,7.282699880306609e-05,0.0908517837524414,False
7311,2731,0.09375,9.945900092134252e-05,0.0908365249633789,False
7313,3762,0.02083333333333337,7.232099960674532e-05,0.09088993072509766,False
7314,34,0.03125,7.356499918387271e-05,0.0908823013305664,False
7315,596,0.02083333333333337,8.122099825413898e-05,0.09088993072509766,False
7316,3668,0.02083333333333337,7.487399852834642e-05,0.09088993072509766,False
7318,3471,0.03125,7.171300239861012e-05,0.0908823013305664,False
7320,3337,0.02083333333333337,7.222699787234887e-05,0.09088993072509766,False
7322,129,0.05208333333333337,7.229300172184594e-05,0.0908670425415039,False
7324,1440,0.02083333333333337,7.245300002978183e-05,0.09088993072509766,True
7326,636,0.01041666666666663,8.572899969294667e-05,0.0908975601196289,False
7327,6996,0.01041666666666663,7.216099766083062e-05,0.0908975601196289,True
7328,661,0.02083333333333337,7.406200165860355e-05,0.09088993072509766,False
7329,6996,0.01041666666666663,7.316899791476317e-05,0.0908975601196289,True
7332,1016,0.02083333333333337,7.129000005079433e-05,0.09088993072509766,False
7333,6319,0.02083333333333337,7.304900282179005e-05,0.09088993072509766,False
7334,26,0.04166666666666663,7.582699981867336e-05,0.09092044830322266,False
7335,863,0.02083333333333337,7.27259975974448e-05,0.09088993072509766,False
7337,661,0.03125,7.136099884519354e-05,0.0908823013305664,False
7339,636,0.01041666666666663,7.448599717463367e-05,0.0908975601196289,False
7341,5657,0.01041666666666663,7.077800182742067e-05,0.0908975601196289,False
7342,4143,0.05208333333333337,7.418899986078031e-05,0.0908670425415039,False
7344,1271,0.08333333333333337,7.354099943768233e-05,0.09084415435791016,False
7345,6185,0.02083333333333337,7.472199649782851e-05,0.09088993072509766,True
7350,7028,0.01041666666666663,7.184800051618367e-05,0.0908975601196289,False
7351,26,0.03125,8.413000250584446e-05,0.0909280776977539,True
7352,6261,0.02083333333333337,8.320000051753595e-05,0.09088993072509766,False
7357,115,0.02083333333333337,7.249599730130285e-05,0.09088993072509766,True
7359,565,0.02083333333333337,7.520099825342186e-05,0.09088993072509766,False
7360,10,0.04166666666666663,7.720400026300922e-05,0.0909585952758789,True
7361,8683,0.02083333333333337,7.147600263124332e-05,0.09088993072509766,False
7363,565,0.02083333333333337,7.265000022016466e-05,0.09088993072509766,False
7365,16,0.02083333333333337,7.315800030482933e-05,0.09088993072509766,True
7366,1422,0.03125,7.317200288525783e-05,0.0908823013305664,False
7367,5631,0.02083333333333337,7.457100218744017e-05,0.09088993072509766,False
7369,565,0.02083333333333337,7.346100028371438e-05,0.09088993072509766,False
7371,7082,0.02083333333333337,7.326100239879452e-05,0.09088993072509766,False
7372,6261,0.02083333333333337,7.220699990284629e-05,0.09088993072509766,False
7377,839,0.02083333333333337,7.48169986763969e-05,0.09088993072509766,False
7379,16,0.03125,0.00015813400023034774,0.0908823013305664,True
7380,34,0.02083333333333337,7.509699935326353e-05,0.09093570709228516,True
7385,604,0.02083333333333337,7.171500328695402e-05,0.09088993072509766,False
7386,651,0.02083333333333337,7.176999861258082e-05,0.09088993072509766,False
7389,2791,0.02083333333333337,7.153200203902088e-05,0.09088993072509766,False
7390,6261,0.01041666666666663,7.466800161637366e-05,0.0908975601196289,False
7391,565,0.02083333333333337,7.224400178529322e-05,0.09088993072509766,True
7396,3256,0.0,7.099000140442513e-05,0.09090518951416016,True
7398,5952,0.04166666666666663,9.097599831875414e-05,0.09087467193603516,True
7399,661,0.02083333333333337,7.116199776646681e-05,0.09088993072509766,True
7404,604,0.01041666666666663,7.086299956426956e-05,0.0908975601196289,True
7406,604,0.05208333333333337,7.086299956426956e-05,0.0908670425415039,True
7408,3327,0.01041666666666663,7.921499855001457e-05,0.0908975601196289,True
7410,2791,0.03125,7.287499829544686e-05,0.0908823013305664,False
7412,604,0.01041666666666663,8.277999950223602e-05,0.0908975601196289,True
7414,604,0.03125,7.068299964885227e-05,0.0908823013305664,True
7422,596,0.03125,7.12590008333791e-05,0.0908823013305664,True
7424,34,0.03125,7.82289971539285e-05,0.0908823013305664,False
7427,42,0.04166666666666663,8.159500066540204e-05,0.09087467193603516,False
7429,42,0.03125,0.00019019599858438596,0.0908823013305664,False
7430,70,0.04166666666666663,7.499699859181419e-05,0.09087467193603516,False
7431,855,0.03125,7.2105998697225e-05,0.0908823013305664,False
7432,129,0.04166666666666663,7.594300041091628e-05,0.09087467193603516,False
7433,115,0.02083333333333337,7.387799996649846e-05,0.09088993072509766,False
7434,565,0.02083333333333337,8.1105998106068e-05,0.09088993072509766,True
7435,647,0.05208333333333337,8.157900083460845e-05,0.0908670425415039,True
7438,16,0.04166666666666663,7.515399920521304e-05,0.09087467193603516,False
7441,679,0.03125,7.102100062184036e-05,0.0908823013305664,True
7442,1493,0.02083333333333337,7.218900282168761e-05,0.09088993072509766,False
7444,5520,0.02083333333333337,7.601600009365939e-05,0.09088993072509766,False
7446,5969,0.04166666666666663,7.210400144685991e-05,0.09087467193603516,True
7447,16,0.04166666666666663,7.309500142582692e-05,0.09087467193603516,False
7449,129,0.03125,7.264799933182076e-05,0.0908823013305664,False
7450,604,0.01041666666666663,7.222299973363988e-05,0.0908975601196289,True
7451,4743,0.02083333333333337,7.182899935287423e-05,0.09088993072509766,False
7453,42,0.03125,7.068099876050837e-05,0.0908823013305664,False
7457,980,0.02083333333333337,7.28129998606164e-05,0.09088993072509766,False
7462,6876,0.03125,7.201300104497932e-05,0.0908823013305664,True
7464,671,0.03125,7.239299884531647e-05,0.0908823013305664,True
7468,26,0.03125,7.558599827461876e-05,0.0909280776977539,False
7469,155,0.03125,7.950999861350283e-05,0.0908823013305664,False
7471,1478,0.04166666666666663,7.11880020389799e-05,0.09087467193603516,False
7477,129,0.03125,7.060799907776527e-05,0.0908823013305664,False
7478,594,0.04166666666666663,7.175100108725019e-05,0.09087467193603516,True
7482,6803,0.01041666666666663,7.510099749197252e-05,0.0908975601196289,True
7483,155,0.02083333333333337,7.066300167934969e-05,0.09088993072509766,False
7486,3420,0.03125,7.193800047389232e-05,0.0908823013305664,False
7487,6312,0.02083333333333337,7.217099846457131e-05,0.09088993072509766,False
7488,596,0.03125,7.091699808370322e-05,0.0908823013305664,True
7489,604,0.01041666666666663,7.185199865489267e-05,0.0908975601196289,True
7492,3319,0.0,7.136700151022524e-05,0.09090518951416016,True
7494,6803,0.01041666666666663,7.264400119311176e-05,0.0908975601196289,True
7495,636,0.01041666666666663,7.338599971262738e-05,0.0908975601196289,True
7496,999,0.03125,8.105400047497824e-05,0.0908823013305664,False
7501,3420,0.02083333333333337,7.335000191233121e-05,0.09088993072509766,False
7502,2791,0.01041666666666663,8.034900019993074e-05,0.0908975601196289,False
7503,6937,0.01041666666666663,7.318300049519166e-05,0.0908975601196289,False
7504,636,0.01041666666666663,8.909999814932235e-05,0.0908975601196289,True
7506,2914,0.02083333333333337,7.407200246234424e-05,0.09088993072509766,False
7507,3319,0.0,7.070400170050561e-05,0.09090518951416016,True
7508,636,0.01041666666666663,7.160200038924813e-05,0.0908975601196289,True
7513,636,0.01041666666666663,8.018200242077e-05,0.0908975601196289,True
7514,3617,0.0,7.464800000889227e-05,0.09090518951416016,False
7515,596,0.04166666666666663,7.111399827408604e-05,0.09087467193603516,True
7517,565,0.02083333333333337,7.185400318121538e-05,0.09088993072509766,True
7523,636,0.01041666666666663,7.150399687816389e-05,0.0908975601196289,False
7524,565,0.03125,7.394300337182358e-05,0.0908823013305664,False
7526,6255,0.02083333333333337,7.224200089694932e-05,0.09088993072509766,False
7527,6981,0.01041666666666663,7.291500151040964e-05,0.0908975601196289,False
7529,636,0.01041666666666663,7.154400009312667e-05,0.0908975601196289,False
7531,1493,0.02083333333333337,7.270899732247926e-05,0.09088993072509766,False
7534,5740,0.04166666666666663,7.056500180624425e-05,0.09087467193603516,False
7535,636,0.01041666666666663,7.316299888771027e-05,0.0908975601196289,False
7536,1019,0.01041666666666663,7.236300007207319e-05,0.0908975601196289,True
7538,6703,0.01041666666666663,7.162000110838562e-05,0.0908975601196289,False
7540,6743,0.01041666666666663,7.551400267402641e-05,0.0908975601196289,False
7542,942,0.03125,7.765400005155243e-05,0.0908823013305664,True
7544,34,0.02083333333333337,7.380100214504637e-05,0.09088993072509766,False
7545,962,0.03125,7.00939999660477e-05,0.0908823013305664,True
7551,939,0.02083333333333337,7.114199979696423e-05,0.09088993072509766,True
7552,3667,0.02083333333333337,7.991899838089012e-05,0.09088993072509766,False
7553,939,0.01041666666666663,9.788299939827994e-05,0.0908975601196289,True
7556,1020,0.03125,7.872200148995034e-05,0.0908823013305664,True
7557,6743,0.01041666666666663,7.137200009310618e-05,0.0908975601196289,False
7558,3226,0.0,7.259799895109609e-05,0.09090518951416016,False
7559,3256,0.0,7.158899825299159e-05,0.09090518951416016,False
7561,883,0.01041666666666663,7.181299952208064e-05,0.0908975601196289,True
7563,6743,0.01041666666666663,7.055000241962261e-05,0.0908975601196289,False
7564,8150,0.0,7.15790010872297e-05,0.09090518951416016,False
7567,596,0.02083333333333337,7.146799907786772e-05,0.09088993072509766,False
7568,6697,0.01041666666666663,7.674900189158507e-05,0.0908975601196289,False
7569,7717,0.02083333333333337,7.085499964887276e-05,0.09088993072509766,True
7575,927,0.0,7.333600296988152e-05,0.09090518951416016,True
7576,5457,0.02083333333333337,7.085700053721666e-05,0.09088993072509766,True
7580,3469,0.03125,7.237200043164194e-05,0.0908823013305664,False
7581,6743,0.01041666666666663,7.971299783093855e-05,0.0908975601196289,False
7584,6475,0.03125,7.163900227169506e-05,0.0908823013305664,True
7587,34,0.02083333333333337,7.45310026104562e-05,0.09093570709228516,False
7591,5673,0.01041666666666663,7.182300032582134e-05,0.0908975601196289,True
7596,4748,0.03125,7.65309996495489e-05,0.0908823013305664,False
7600,892,0.04166666666666663,7.169799937400967e-05,0.09087467193603516,True
7601,942,0.05208333333333337,7.404500138363801e-05,0.0908670425415039,True
7602,939,0.01041666666666663,7.190199903561734e-05,0.0908975601196289,True
7603,3452,0.02083333333333337,7.102600284270011e-05,0.09088993072509766,False
7605,5399,0.02083333333333337,7.194700083346106e-05,0.09088993072509766,True
7606,1440,0.04166666666666663,7.25090030755382e-05,0.09087467193603516,False
7608,3495,0.02083333333333337,9.801900159800425e-05,0.09088993072509766,False
7611,839,0.02083333333333337,7.123600153136067e-05,0.09088993072509766,True
7613,129,0.03125,7.069000275805593e-05,0.0908823013305664,False
7617,636,0.01041666666666663,7.161000030464493e-05,0.0908975601196289,False
7619,4700,0.0,7.522599844378419e-05,0.09090518951416016,False
7620,636,0.02083333333333337,0.00010092899901792407,0.09088993072509766,False
7622,1493,0.02083333333333337,7.053199806250632e-05,0.09088993072509766,False
7623,1478,0.05208333333333337,7.939699935377575e-05,0.0908670425415039,False
7624,4990,0.04166666666666663,7.186799848568626e-05,0.09087467193603516,False
7625,3689,0.04166666666666663,7.050199928926304e-05,0.09087467193603516,False
7627,3452,0.03125,9.028400017996319e-05,0.0908823013305664,False
7628,5933,0.04166666666666663,9.798500104807317e-05,0.09087467193603516,False
7629,70,0.04166666666666663,7.082999945851043e-05,0.09087467193603516,False
7634,6838,0.0,7.602999903610907e-05,0.09090518951416016,False
7635,3469,0.02083333333333337,7.311599983950146e-05,0.09088993072509766,False
7636,10,0.04166666666666663,7.620700125698932e-05,0.0909585952758789,False
7639,115,0.02083333333333337,7.144600022002123e-05,0.09088993072509766,False
7643,903,0.02083333333333337,7.13319968781434e-05,0.09088993072509766,True
7645,839,0.02083333333333337,7.224299770314246e-05,0.09088993072509766,True
7647,6799,0.01041666666666663,8.294999861391261e-05,0.0908975601196289,False
7650,839,0.01041666666666663,7.35850007913541e-05,0.0908975601196289,True
7651,2932,0.03125,7.276299947989173e-05,0.0908823013305664,False
7653,3565,0.03125,7.144199844333343e-05,0.0908823013305664,False
7655,1020,0.05208333333333337,7.337100032600574e-05,0.0908670425415039,True
7657,1051,0.01041666666666663,7.262399958563037e-05,0.0908975601196289,True
7659,6687,0.02083333333333337,8.488900130032562e-05,0.09088993072509766,False
7661,679,0.03125,7.371699757641181e-05,0.0908823013305664,False
7662,892,0.04166666666666663,7.206399823189713e-05,0.09087467193603516,True
7663,1560,0.01041666666666663,6.99459997122176e-05,0.0908975601196289,False
7664,8150,0.0,7.091199950082228e-05,0.09090518951416016,False
7668,3714,0.04166666666666663,7.407600060105324e-05,0.09087467193603516,False
7669,3714,0.05208333333333337,7.068999912007712e-05,0.0908670425415039,False
7670,6702,0.02083333333333337,7.255400123540312e-05,0.09088993072509766,False
7673,130,0.02083333333333337,7.495899990317412e-05,0.09088993072509766,False
7674,903,0.02083333333333337,7.176200233516283e-05,0.09088993072509766,True
7675,6799,0.0,7.234599979710765e-05,0.09090518951416016,False
7677,847,0.02083333333333337,0.00010291600119671784,0.09088993072509766,True
7679,1500,0.02083333333333337,7.162100155255757e-05,0.09088993072509766,False
7680,962,0.01041666666666663,7.309300053748302e-05,0.0908975601196289,True
7683,10,0.02083333333333337,8.109499685815535e-05,0.0909738540649414,False
7684,863,0.02083333333333337,7.147399810492061e-05,0.09088993072509766,True
7685,1553,0.04166666666666663,9.20409984246362e-05,0.09087467193603516,False
7687,847,0.02083333333333337,7.136199928936549e-05,0.09088993072509766,True
7690,3609,0.01041666666666663,7.176500002969988e-05,0.0908975601196289,False
7693,866,0.0,7.313399692066014e-05,0.09090518951416016,True
7694,6799,0.0,7.24159981473349e-05,0.09090518951416016,False
7695,6729,0.01041666666666663,7.178799933171831e-05,0.0908975601196289,False
7699,7042,0.03125,7.209300019894727e-05,0.0908823013305664,False
7700,88,0.03125,7.09409978298936e-05,0.0908823013305664,False
7701,42,0.02083333333333337,8.109900227282196e-05,0.09088993072509766,False
7704,927,0.01041666666666663,7.030699998722412e-05,0.0908975601196289,True
7710,636,0.01041666666666663,7.814399941707961e-05,0.0908975601196289,False
