Test Index,Train Index,Score,Computing Time (s),Space Usage (MB),Same Class
0,104,0.01526717557251911,0.00010146200293092988,0.16746044158935547,True
1,66,0.01526717557251911,9.652700100559741e-05,0.16746044158935547,True
2,103,0.03816793893129766,9.571699774824083e-05,0.16743755340576172,True
3,148,0.08396946564885499,0.00010436700176796876,0.16739177703857422,True
4,15,0.022900763358778664,0.000114539001515368,0.16745281219482422,True
5,186,0.03053435114503822,9.901399971568026e-05,0.16744518280029297,False
6,181,0.06870229007633588,9.733700062497519e-05,0.16740703582763672,False
7,157,0.01526717557251911,0.00010528400162002072,0.16746044158935547,True
8,128,0.01526717557251911,0.00013031200069235638,0.16746044158935547,True
9,148,0.022900763358778664,0.00010148599903914146,0.16745281219482422,True
10,16,0.04580152671755722,0.00010051400022348389,0.16742992401123047,True
11,86,0.01526717557251911,0.00012053099999320693,0.16746044158935547,True
12,130,0.03816793893129766,0.0001301119991694577,0.16743755340576172,True
13,122,0.007633587786259555,0.00010101199950440787,0.16746807098388672,True
14,191,0.03816793893129766,0.00010372399992775172,0.16743755340576172,True
15,194,0.0,9.752799815032631e-05,0.16747570037841797,True
16,79,0.007633587786259555,0.00010039100016001612,0.16746807098388672,True
17,140,0.01526717557251911,9.936299829860218e-05,0.16746044158935547,True
18,155,0.03053435114503822,0.00011954900037380867,0.16744518280029297,True
19,107,0.0,0.00011510799959069118,0.16747570037841797,True
20,24,0.01526717557251911,0.00013733999730902724,0.16746044158935547,True
21,49,0.03816793893129766,9.823700020206161e-05,0.16743755340576172,True
22,114,0.007633587786259555,9.63809980021324e-05,0.16746807098388672,True
23,19,0.01526717557251911,0.00010126699999091215,0.16746044158935547,True
24,13,0.0992366412213741,0.0001027409998641815,0.16737651824951172,True
25,70,0.0,9.563399726175703e-05,0.16747570037841797,True
26,155,0.007633587786259555,0.00010078700142912567,0.16746807098388672,True
27,110,0.05343511450381677,0.00010550099977990612,0.16742229461669922,True
28,133,0.01526717557251911,0.0001107320022128988,0.16746044158935547,False
29,29,0.09160305343511455,0.00010307200136594474,0.16738414764404297,True
30,35,0.03816793893129766,0.0001006519996735733,0.16743755340576172,True
31,196,0.022900763358778664,0.00010758300049928948,0.16745281219482422,True
32,82,0.007633587786259555,9.796399899641983e-05,0.16746807098388672,True
33,62,0.07633587786259544,0.00010021100024459884,0.16739940643310547,True
34,172,0.022900763358778664,0.00010037199899670668,0.16745281219482422,True
35,114,0.007633587786259555,9.67779997154139e-05,0.16746807098388672,True
36,138,0.01526717557251911,0.0001906669967866037,0.16746044158935547,True
37,18,0.01526717557251911,0.00010495599781279452,0.16746044158935547,True
38,37,0.01526717557251911,0.00010814299821504392,0.16746044158935547,True
39,124,0.03053435114503822,0.00010113499956787564,0.16744518280029297,True
40,132,0.05343511450381677,0.00011231900134589523,0.16742229461669922,True
41,20,0.05343511450381677,0.0001071539991244208,0.16742229461669922,True
42,169,0.0,9.116199726122431e-05,0.16747570037841797,True
43,156,0.007633587786259555,9.265599874197505e-05,0.16746807098388672,True
44,199,0.0992366412213741,9.497700011706911e-05,0.16737651824951172,True
45,73,0.022900763358778664,9.464899994782172e-05,0.16745281219482422,True
46,19,0.022900763358778664,9.503000183030963e-05,0.16745281219482422,True
47,93,0.08396946564885499,9.87210005405359e-05,0.16739177703857422,True
48,143,0.03053435114503822,9.48429988056887e-05,0.16744518280029297,True
49,46,0.01526717557251911,9.621600111131556e-05,0.16746044158935547,True
50,56,0.0,0.00010115000259247608,0.16747570037841797,True
51,23,0.007633587786259555,0.00011281999832135625,0.16746807098388672,True
52,19,0.03053435114503822,9.76999981503468e-05,0.16744518280029297,True
53,23,0.007633587786259555,9.489500007475726e-05,0.16746807098388672,True
54,180,0.03053435114503822,0.00011583900050027296,0.16744518280029297,True
55,127,0.022900763358778664,0.00010803300028783269,0.16745281219482422,False
56,71,0.06106870229007633,9.606999810785055e-05,0.16741466522216797,True
57,155,0.022900763358778664,0.00011302900020382367,0.16745281219482422,True
58,79,0.05343511450381677,9.51429974520579e-05,0.16742229461669922,True
59,70,0.01526717557251911,9.069199950317852e-05,0.16746044158935547,True
60,62,0.06870229007633588,9.838500045589171e-05,0.16740703582763672,True
61,43,0.06106870229007633,0.00010003999705077149,0.16741466522216797,False
62,73,0.01526717557251911,9.56840012804605e-05,0.16746044158935547,True
63,182,0.06870229007633588,9.16579992917832e-05,0.16740703582763672,True
64,185,0.0,9.568699897499755e-05,0.16747570037841797,True
65,17,0.01526717557251911,9.457099804421887e-05,0.16746044158935547,True
66,139,0.022900763358778664,9.545600187266245e-05,0.16745281219482422,True
67,56,0.06106870229007633,9.588800094206817e-05,0.16741466522216797,False
68,182,0.03816793893129766,0.0001026760000968352,0.16743755340576172,True
69,101,0.03816793893129766,9.693299944046885e-05,0.16743755340576172,True
70,79,0.04580152671755722,9.622799916542135e-05,0.16742992401123047,True
71,169,0.01526717557251911,0.0001005810008791741,0.16746044158935547,True
72,15,0.01526717557251911,9.636100003262982e-05,0.16746044158935547,True
73,101,0.04580152671755722,9.658700219006278e-05,0.16742992401123047,True
74,12,0.03816793893129766,9.634600064600818e-05,0.16743755340576172,False
75,72,0.007633587786259555,9.567300003254786e-05,0.16746807098388672,True
76,68,0.022900763358778664,9.901600060402416e-05,0.16745281219482422,True
77,97,0.01526717557251911,9.279400183004327e-05,0.16746044158935547,True
78,27,0.007633587786259555,9.471300290897489e-05,0.16746807098388672,True
79,179,0.01526717557251911,9.28819972614292e-05,0.16746044158935547,True
80,168,0.007633587786259555,9.18829973670654e-05,0.16746807098388672,True
81,37,0.01526717557251911,9.407499965163879e-05,0.16746044158935547,True
82,170,0.04580152671755722,9.379499897477217e-05,0.16742992401123047,True
83,114,0.01526717557251911,9.379599941894412e-05,0.16746044158935547,True
84,22,0.06870229007633588,9.82510027824901e-05,0.16740703582763672,True
85,169,0.007633587786259555,9.192599827656522e-05,0.16746807098388672,True
86,136,0.10687022900763354,9.932200191542506e-05,0.16736888885498047,True
87,198,0.05343511450381677,0.0001091129997803364,0.16742229461669922,True
88,169,0.022900763358778664,0.00012149800022598356,0.16745281219482422,True
89,178,0.007633587786259555,9.596699965186417e-05,0.16746807098388672,True
90,80,0.01526717557251911,9.857700206339359e-05,0.16746044158935547,True
91,12,0.01526717557251911,9.71669978753198e-05,0.16746044158935547,False
92,68,0.01526717557251911,0.00010309199933544733,0.16746044158935547,True
93,174,0.007633587786259555,9.557799785397947e-05,0.16746807098388672,True
94,149,0.022900763358778664,9.455200051888824e-05,0.16745281219482422,True
95,105,0.022900763358778664,9.910700100590475e-05,0.16745281219482422,True
96,65,0.0,9.214799865731038e-05,0.16747570037841797,True
97,136,0.08396946564885499,0.00010874699728447013,0.16739177703857422,True
98,81,0.03053435114503822,0.00021000699780415744,0.16744518280029297,True
99,165,0.0,0.00010229599865851924,0.16747570037841797,True
100,155,0.007633587786259555,9.783100176719017e-05,0.16746807098388672,True
101,24,0.022900763358778664,9.460900037083775e-05,0.16745281219482422,False
102,28,0.01526717557251911,0.00010748799832072109,0.16746044158935547,True
103,59,0.007633587786259555,9.458500062464736e-05,0.16746807098388672,True
104,20,0.03816793893129766,9.796499944059178e-05,0.16743755340576172,True
105,24,0.01526717557251911,9.289499939768575e-05,0.16746044158935547,False
106,70,0.007633587786259555,9.198900079354644e-05,0.16746807098388672,True
107,27,0.03816793893129766,9.524900087853894e-05,0.16743755340576172,True
108,162,0.04580152671755722,9.519299783278257e-05,0.16742992401123047,True
109,126,0.08396946564885499,9.512399992672727e-05,0.16739177703857422,True
110,138,0.022900763358778664,9.293400216847658e-05,0.16745281219482422,True
111,95,0.0,9.345799844595604e-05,0.16747570037841797,True
112,195,0.05343511450381677,9.823199798120186e-05,0.16742229461669922,True
113,112,0.06106870229007633,9.498000144958496e-05,0.16741466522216797,True
114,27,0.08396946564885499,9.80199984041974e-05,0.16739177703857422,True
115,12,0.01526717557251911,9.681400115368888e-05,0.16746044158935547,True
116,27,0.03816793893129766,0.0001046110010065604,0.16743755340576172,True
117,87,0.01526717557251911,9.730700185173191e-05,0.16746044158935547,True
118,19,0.022900763358778664,0.00010078299965243787,0.16745281219482422,True
119,61,0.01526717557251911,9.500200030743144e-05,0.16746044158935547,True
120,70,0.01526717557251911,9.30579990381375e-05,0.16746044158935547,True
121,120,0.022900763358778664,9.367499660584144e-05,0.16745281219482422,True
122,146,0.01526717557251911,9.412199869984761e-05,0.16746044158935547,True
123,139,0.06106870229007633,9.775200305739418e-05,0.16741466522216797,False
124,76,0.01526717557251911,0.00010847999874386005,0.16746044158935547,True
125,94,0.03053435114503822,9.943999975803308e-05,0.16744518280029297,True
126,56,0.022900763358778664,9.615700037102215e-05,0.16745281219482422,True
127,121,0.007633587786259555,9.661099829827435e-05,0.16746807098388672,True
128,65,0.03053435114503822,9.461899753659964e-05,0.16744518280029297,True
129,98,0.1145038167938931,9.999800022342242e-05,0.16736125946044922,True
130,56,0.01526717557251911,9.734599734656513e-05,0.16746044158935547,True
131,183,0.0,0.00010201799886999652,0.16747570037841797,True
132,114,0.007633587786259555,0.00018182300118496642,0.16746807098388672,True
133,24,0.06870229007633588,9.208499977830797e-05,0.16740703582763672,False
134,79,0.03053435114503822,9.518200022284873e-05,0.16744518280029297,True
135,63,0.022900763358778664,9.66280022112187e-05,0.16745281219482422,False
136,102,0.007633587786259555,0.0001021190000756178,0.16746807098388672,True
137,154,0.0,9.751000106916763e-05,0.16747570037841797,True
138,180,0.01526717557251911,9.341799886897206e-05,0.16746044158935547,True
139,49,0.1145038167938931,0.0001046920006047003,0.16736125946044922,True
140,109,0.0,9.227299960912205e-05,0.16747570037841797,True
141,29,0.04580152671755722,9.945500278263353e-05,0.16742992401123047,True
142,28,0.01526717557251911,9.745699935592711e-05,0.16746044158935547,True
143,147,0.03053435114503822,9.477600178797729e-05,0.16744518280029297,True
144,37,0.007633587786259555,9.326899817097001e-05,0.16746807098388672,True
145,165,0.06106870229007633,0.00010037399988505058,0.16741466522216797,True
146,193,0.03053435114503822,9.586699889041483e-05,0.16744518280029297,True
147,41,0.03053435114503822,9.703999967314303e-05,0.16744518280029297,False
148,83,0.022900763358778664,9.700800001155585e-05,0.16745281219482422,True
149,97,0.0,9.547199806547724e-05,0.16747570037841797,True
150,53,0.007633587786259555,9.427199984202161e-05,0.16746807098388672,True
151,0,0.03053435114503822,0.00010745399777079001,0.16752910614013672,True
152,121,0.022900763358778664,0.00010058899715659209,0.16745281219482422,True
153,138,0.03053435114503822,9.506499918643385e-05,0.16744518280029297,True
154,111,0.03053435114503822,9.618300100555643e-05,0.16744518280029297,False
155,198,0.04580152671755722,9.814300210564397e-05,0.16742992401123047,True
156,86,0.022900763358778664,0.00011296999946353026,0.16745281219482422,True
157,133,0.007633587786259555,9.44519997574389e-05,0.16746807098388672,True
158,0,0.01526717557251911,0.00010843199925147928,0.16754436492919922,True
159,152,0.022900763358778664,9.675600085756741e-05,0.16745281219482422,True
160,29,0.03053435114503822,0.00010061499779112637,0.16744518280029297,True
161,2,0.007633587786259555,0.00010672099961084314,0.16751384735107422,True
162,169,0.01526717557251911,9.228699855157174e-05,0.16746044158935547,True
163,158,0.007633587786259555,0.00010688700058381073,0.16746807098388672,True
164,19,0.03053435114503822,9.408000187249854e-05,0.16744518280029297,True
165,56,0.01526717557251911,0.00011172000085934997,0.16746044158935547,True
166,141,0.06870229007633588,9.750500248628668e-05,0.16740703582763672,True
167,87,0.01526717557251911,9.730400051921606e-05,0.16746044158935547,True
168,36,0.10687022900763354,0.00013657399904332124,0.16736888885498047,True
169,6,0.03816793893129766,9.492800018051639e-05,0.16743755340576172,True
170,81,0.0,0.00010971600204356946,0.16747570037841797,True
171,80,0.007633587786259555,0.0001867159990069922,0.16746807098388672,True
172,155,0.03816793893129766,9.844100350164808e-05,0.16743755340576172,True
173,157,0.07633587786259544,0.00011482899935799651,0.16739940643310547,True
174,32,0.022900763358778664,0.0001070159996743314,0.16745281219482422,True
175,79,0.06106870229007633,0.00011552199794095941,0.16741466522216797,True
176,133,0.05343511450381677,9.366099766339175e-05,0.16742229461669922,True
177,63,0.007633587786259555,9.247699927072972e-05,0.16746807098388672,True
178,184,0.022900763358778664,9.373899956699461e-05,0.16745281219482422,True
179,56,0.01526717557251911,9.718699948280118e-05,0.16746044158935547,True
180,198,0.0992366412213741,9.819100159802474e-05,0.16737651824951172,True
181,45,0.01526717557251911,0.00011117399844806641,0.16746044158935547,False
182,83,0.022900763358778664,9.810800111154094e-05,0.16745281219482422,True
183,77,0.022900763358778664,9.509299707133323e-05,0.16745281219482422,True
184,160,0.01526717557251911,9.330900138593279e-05,0.16746044158935547,True
185,193,0.06106870229007633,0.00012278599751880392,0.16741466522216797,True
186,52,0.022900763358778664,9.778999810805544e-05,0.16745281219482422,True
187,2,0.01526717557251911,9.864499952527694e-05,0.16750621795654297,True
188,130,0.06870229007633588,9.759499880601652e-05,0.16740703582763672,True
189,125,0.007633587786259555,9.535299977869727e-05,0.16746807098388672,True
190,191,0.03816793893129766,9.914100155583583e-05,0.16743755340576172,True
191,2,0.0,9.829899863689207e-05,0.16752147674560547,True
192,43,0.05343511450381677,9.777200102689676e-05,0.16742229461669922,False
193,19,0.01526717557251911,0.00010909599950537086,0.16746044158935547,True
194,65,0.022900763358778664,9.301899990532547e-05,0.16745281219482422,False
195,76,0.06870229007633588,9.707099889055826e-05,0.16740703582763672,False
196,48,0.03816793893129766,0.00011889099914696999,0.16743755340576172,True
197,51,0.1145038167938931,9.35219977691304e-05,0.16736125946044922,False
198,121,0.022900763358778664,0.00011599199933698401,0.16745281219482422,True
199,83,0.022900763358778664,0.00010835700231837109,0.16745281219482422,True
200,111,0.04580152671755722,0.00011556999743334018,0.16742992401123047,False
201,68,0.007633587786259555,9.566400331095792e-05,0.16746807098388672,True
202,183,0.01526717557251911,9.340299948235042e-05,0.16746044158935547,True
203,70,0.0,0.0001283169985981658,0.16747570037841797,True
204,48,0.022900763358778664,9.892299931379966e-05,0.16745281219482422,True
205,24,0.007633587786259555,9.39900019147899e-05,0.16746807098388672,True
206,32,0.022900763358778664,9.439600034966134e-05,0.16745281219482422,True
207,172,0.007633587786259555,9.846200191532262e-05,0.16746807098388672,True
208,30,0.0,9.609100015950389e-05,0.16747570037841797,True
209,63,0.0,9.262899766326882e-05,0.16747570037841797,True
210,113,0.007633587786259555,9.459499779040925e-05,0.16746807098388672,True
211,71,0.06106870229007633,0.00011465499846963212,0.16741466522216797,True
212,137,0.01526717557251911,9.610599954612553e-05,0.16746044158935547,True
213,80,0.01526717557251911,9.389700062456541e-05,0.16746044158935547,False
214,174,0.007633587786259555,9.332300032838248e-05,0.16746807098388672,True
215,99,0.09160305343511455,9.812999996938743e-05,0.16738414764404297,True
216,6,0.0,9.296099960920401e-05,0.16747570037841797,True
217,45,0.0,9.292200047639199e-05,0.16747570037841797,True
218,104,0.022900763358778664,9.474600301473401e-05,0.16745281219482422,True
219,197,0.08396946564885499,0.00010244599980069324,0.16739177703857422,True
220,86,0.022900763358778664,9.857700206339359e-05,0.16745281219482422,True
221,38,0.022900763358778664,9.971899999072775e-05,0.16745281219482422,True
222,122,0.022900763358778664,9.55360010266304e-05,0.16745281219482422,True
223,45,0.007633587786259555,9.485599730396643e-05,0.16746807098388672,True
224,182,0.007633587786259555,9.372800195706077e-05,0.16746807098388672,True
225,73,0.01526717557251911,9.881399819278158e-05,0.16746044158935547,True
226,97,0.01526717557251911,9.776400111149997e-05,0.16746044158935547,True
227,34,0.022900763358778664,9.66260013228748e-05,0.16745281219482422,True
228,170,0.04580152671755722,9.825400047702715e-05,0.16742992401123047,True
229,104,0.01526717557251911,9.324500206275843e-05,0.16746044158935547,True
230,66,0.01526717557251911,0.00010228400060441345,0.16746044158935547,True
231,121,0.03816793893129766,9.899100041366182e-05,0.16743755340576172,True
232,121,0.04580152671755722,9.912099994835444e-05,0.16742992401123047,True
233,5,0.007633587786259555,9.699400106910616e-05,0.16746807098388672,True
234,0,0.04580152671755722,9.90290027402807e-05,0.16751384735107422,True
235,149,0.01526717557251911,9.465999755775556e-05,0.16746044158935547,True
236,30,0.0,9.31370013859123e-05,0.16747570037841797,True
237,27,0.01526717557251911,0.00010315699910279363,0.16746044158935547,True
238,64,0.09160305343511455,9.743899863678962e-05,0.16738414764404297,True
239,143,0.04580152671755722,9.632500223233365e-05,0.16742992401123047,True
240,137,0.022900763358778664,9.502600005362183e-05,0.16745281219482422,True
241,89,0.022900763358778664,9.211500218953006e-05,0.16745281219482422,True
242,183,0.01526717557251911,9.565399886923842e-05,0.16746044158935547,True
243,139,0.0,0.00010896999810938723,0.16747570037841797,True
244,182,0.0,9.348299863631837e-05,0.16747570037841797,True
245,37,0.07633587786259544,9.374399814987555e-05,0.16739940643310547,False
246,9,0.007633587786259555,9.510699965176173e-05,0.16746807098388672,True
247,198,0.07633587786259544,9.621000208426267e-05,0.16739940643310547,True
248,34,0.06870229007633588,9.450400102650747e-05,0.16740703582763672,False
249,56,0.022900763358778664,9.65530016401317e-05,0.16745281219482422,True
250,158,0.09160305343511455,0.00010153600305784494,0.16738414764404297,True
251,91,0.007633587786259555,9.570300244376995e-05,0.16746807098388672,True
252,69,0.03816793893129766,0.00010868000026675873,0.16743755340576172,True
253,0,0.0992366412213741,9.827600297285244e-05,0.16746044158935547,False
254,191,0.05343511450381677,9.633700028643943e-05,0.16742229461669922,True
255,164,0.07633587786259544,9.379399853060022e-05,0.16739940643310547,False
256,146,0.022900763358778664,0.00010077299884869717,0.16745281219482422,False
257,16,0.03816793893129766,9.56049989326857e-05,0.16743755340576172,True
258,169,0.007633587786259555,0.00010946499969577417,0.16746807098388672,True
259,65,0.06870229007633588,9.403800140717067e-05,0.16740703582763672,False
260,8,0.007633587786259555,0.00011209299918846227,0.16746807098388672,True
261,3,0.03816793893129766,9.698199937702157e-05,0.16743755340576172,True
262,193,0.01526717557251911,9.734199920785613e-05,0.16746044158935547,True
263,196,0.07633587786259544,0.00010587100041448139,0.16739940643310547,True
264,73,0.07633587786259544,9.454500104766339e-05,0.16739940643310547,True
265,121,0.04580152671755722,9.612600115360692e-05,0.16742992401123047,True
266,155,0.01526717557251911,9.817099999054335e-05,0.16746044158935547,True
267,56,0.03053435114503822,9.594000221113674e-05,0.16744518280029297,True
268,43,0.01526717557251911,9.58339987846557e-05,0.16746044158935547,True
269,170,0.022900763358778664,9.621300341677852e-05,0.16745281219482422,True
270,188,0.022900763358778664,0.00010099000064656138,0.16745281219482422,True
271,119,0.05343511450381677,0.000117405998025788,0.16742229461669922,True
272,174,0.06106870229007633,9.660499927122146e-05,0.16741466522216797,False
273,11,0.01526717557251911,9.630500062485225e-05,0.16746044158935547,True
274,108,0.007633587786259555,9.64539976848755e-05,0.16746807098388672,True
275,116,0.03053435114503822,9.232500087819062e-05,0.16744518280029297,True
276,117,0.05343511450381677,0.00011653399997157976,0.16742229461669922,True
277,155,0.01526717557251911,9.721400056150742e-05,0.16746044158935547,True
278,86,0.01526717557251911,0.00011211400124011561,0.16746044158935547,True
279,20,0.06106870229007633,0.00013421599942375906,0.16741466522216797,True
280,2,0.022900763358778664,9.928300278261304e-05,0.16749858856201172,True
281,100,0.03816793893129766,9.425199823454022e-05,0.16743755340576172,True
282,96,0.07633587786259544,0.00010063700028695166,0.16739940643310547,True
283,35,0.01526717557251911,0.0001094959989131894,0.16746044158935547,True
284,127,0.0,9.497199789620936e-05,0.16747570037841797,True
285,157,0.06106870229007633,0.00011895300121977925,0.16741466522216797,True
286,28,0.022900763358778664,0.00010059299893327989,0.16745281219482422,True
287,139,0.007633587786259555,9.513500117463991e-05,0.16746807098388672,True
288,98,0.06106870229007633,0.00010454800212755799,0.16741466522216797,True
289,1,0.01526717557251911,0.00010236299931420945,0.16746044158935547,True
290,126,0.1145038167938931,0.00011060300312237814,0.16736125946044922,True
291,198,0.04580152671755722,0.00010422499690321274,0.16742992401123047,True
292,183,0.0,0.00019846200302708894,0.16747570037841797,True
293,103,0.03053435114503822,9.63950005825609e-05,0.16744518280029297,True
294,63,0.007633587786259555,0.00010146299973712303,0.16746807098388672,True
295,27,0.007633587786259555,9.55399991653394e-05,0.16746807098388672,True
296,20,0.03053435114503822,9.963599950424396e-05,0.16744518280029297,True
297,63,0.01526717557251911,9.216900070896372e-05,0.16746044158935547,True
298,11,0.022900763358778664,9.299099838244729e-05,0.16745281219482422,True
299,127,0.007633587786259555,9.241499719792046e-05,0.16746807098388672,True
300,30,0.0,9.622300058254041e-05,0.16747570037841797,True
301,96,0.04580152671755722,0.00011163899762323126,0.16742992401123047,True
302,25,0.0992366412213741,0.00010765999832074158,0.16737651824951172,True
303,126,0.06870229007633588,0.00010028299948316999,0.16740703582763672,True
304,107,0.007633587786259555,0.00010019500041380525,0.16746807098388672,True
305,8,0.007633587786259555,0.00010276800094288774,0.16746807098388672,True
306,79,0.022900763358778664,0.00010049699994851835,0.16745281219482422,True
307,53,0.01526717557251911,9.564699939801358e-05,0.16746044158935547,True
308,87,0.03053435114503822,0.00010458399992785417,0.16744518280029297,True
309,86,0.05343511450381677,9.462600064580329e-05,0.16742229461669922,True
310,72,0.03053435114503822,0.00010799099982250482,0.16744518280029297,True
311,30,0.022900763358778664,9.842900180956349e-05,0.16745281219482422,True
312,43,0.03816793893129766,9.486999988439493e-05,0.16743755340576172,False
313,38,0.04580152671755722,0.00010233200009679422,0.16742992401123047,True
314,160,0.022900763358778664,9.454500104766339e-05,0.16745281219482422,True
315,27,0.0,9.691399827715941e-05,0.16747570037841797,True
316,140,0.007633587786259555,0.00010032199861598201,0.16746807098388672,True
317,62,0.05343511450381677,0.00010006299999076873,0.16742229461669922,True
318,65,0.01526717557251911,9.181700079352595e-05,0.16746044158935547,True
319,62,0.03816793893129766,9.897500058286823e-05,0.16743755340576172,True
320,24,0.03053435114503822,9.564200081513263e-05,0.16744518280029297,False
321,79,0.01526717557251911,9.858900011749938e-05,0.16746044158935547,True
322,169,0.0,0.0001039080016198568,0.16747570037841797,True
323,63,0.0,9.304099876317196e-05,0.16747570037841797,True
324,83,0.03053435114503822,9.62349986366462e-05,0.16744518280029297,True
325,23,0.007633587786259555,9.625999882700853e-05,0.16746807098388672,True
326,48,0.01526717557251911,0.00010028999895439483,0.16746044158935547,True
327,170,0.04580152671755722,9.703400064609013e-05,0.16742992401123047,True
328,71,0.04580152671755722,0.00011546400128281675,0.16742992401123047,True
329,179,0.01526717557251911,9.55379982769955e-05,0.16746044158935547,True
330,95,0.022900763358778664,9.357599992654286e-05,0.16745281219482422,True
331,170,0.05343511450381677,9.640900316298939e-05,0.16742229461669922,True
332,112,0.05343511450381677,9.772199700819328e-05,0.16742229461669922,True
333,5,0.0,9.735500134411268e-05,0.16747570037841797,True
334,0,0.08396946564885499,9.629600026528351e-05,0.16747570037841797,False
335,61,0.022900763358778664,9.472099918639287e-05,0.16745281219482422,True
336,97,0.01526717557251911,0.00010131499948329292,0.16746044158935547,True
337,176,0.022900763358778664,9.059099829755723e-05,0.16745281219482422,True
338,16,0.05343511450381677,9.39029996516183e-05,0.16742229461669922,True
339,37,0.022900763358778664,9.593600043444894e-05,0.16745281219482422,True
340,112,0.06870229007633588,9.523499829811044e-05,0.16740703582763672,True
341,22,0.05343511450381677,9.900800068862736e-05,0.16742229461669922,True
342,155,0.03816793893129766,9.743199916556478e-05,0.16743755340576172,True
343,28,0.01526717557251911,0.00011668499791994691,0.16746044158935547,True
344,98,0.0992366412213741,0.00010096500045619905,0.16737651824951172,True
345,73,0.03816793893129766,9.662899901741184e-05,0.16743755340576172,False
346,113,0.03053435114503822,9.490000229561701e-05,0.16744518280029297,True
347,16,0.10687022900763354,9.443599992664531e-05,0.16736888885498047,False
348,37,0.007633587786259555,9.769099779077806e-05,0.16746807098388672,True
349,0,0.007633587786259555,9.679299910203554e-05,0.16755199432373047,True
350,86,0.03816793893129766,0.00010721500075305812,0.16743755340576172,True
351,24,0.01526717557251911,9.314899944001809e-05,0.16746044158935547,False
352,2,0.01526717557251911,9.667099948273972e-05,0.16750621795654297,False
353,198,0.08396946564885499,9.959800081560388e-05,0.16739177703857422,True
354,189,0.0,9.393599975737743e-05,0.16747570037841797,True
355,54,0.007633587786259555,0.00010048400145024061,0.16746807098388672,True
356,116,0.03053435114503822,9.31270005821716e-05,0.16744518280029297,True
357,124,0.022900763358778664,9.534099808661267e-05,0.16745281219482422,True
358,75,0.01526717557251911,9.465100083616562e-05,0.16746044158935547,True
359,169,0.01526717557251911,9.106699872063473e-05,0.16746044158935547,True
360,152,0.01526717557251911,9.653400047682226e-05,0.16746044158935547,True
361,156,0.01526717557251911,0.00013460500122164376,0.16746044158935547,True
362,18,0.01526717557251911,9.853499796008691e-05,0.16746044158935547,True
363,190,0.01526717557251911,9.529399903840385e-05,0.16746044158935547,True
364,19,0.01526717557251911,9.800100087886676e-05,0.16746044158935547,True
365,110,0.03053435114503822,9.916700219037011e-05,0.16744518280029297,True
366,158,0.022900763358778664,0.00010768799984361976,0.16745281219482422,True
367,21,0.06106870229007633,9.493000106886029e-05,0.16741466522216797,False
368,71,0.03053435114503822,0.0001010249980026856,0.16744518280029297,True
369,71,0.04580152671755722,9.81720004347153e-05,0.16742992401123047,True
370,138,0.01526717557251911,9.434300227439962e-05,0.16746044158935547,True
371,76,0.0,9.495500125922263e-05,0.16747570037841797,True
372,105,0.03053435114503822,0.00010097900303662755,0.16744518280029297,True
373,155,0.03816793893129766,9.683099779067561e-05,0.16743755340576172,True
374,182,0.04580152671755722,9.109200254897587e-05,0.16742992401123047,True
375,102,0.007633587786259555,9.735700223245658e-05,0.16746807098388672,True
376,172,0.022900763358778664,9.461599984206259e-05,0.16745281219482422,True
377,126,0.04580152671755722,9.371199848828837e-05,0.16742992401123047,True
378,155,0.01526717557251911,0.00010609899982227944,0.16746044158935547,True
379,37,0.01526717557251911,9.507900176686235e-05,0.16746044158935547,True
380,130,0.09160305343511455,0.00012157899982412346,0.16738414764404297,True
381,183,0.0,9.593600043444894e-05,0.16747570037841797,True
382,15,0.01526717557251911,9.630299973650835e-05,0.16746044158935547,True
383,175,0.03816793893129766,9.348800085717812e-05,0.16743755340576172,True
384,109,0.0,0.00010426899825688452,0.16747570037841797,True
385,160,0.01526717557251911,0.0001056769979186356,0.16746044158935547,True
386,110,0.09160305343511455,0.00010572099927230738,0.16738414764404297,True
387,24,0.01526717557251911,9.640200005378574e-05,0.16746044158935547,True
388,76,0.0,9.779399988474324e-05,0.16747570037841797,True
389,79,0.07633587786259544,0.00010115099939866923,0.16739940643310547,True
390,41,0.01526717557251911,9.372799831908196e-05,0.16746044158935547,True
391,74,0.03053435114503822,9.970300015993416e-05,0.16744518280029297,True
392,152,0.007633587786259555,9.60750003287103e-05,0.16746807098388672,True
393,37,0.01526717557251911,9.64539976848755e-05,0.16746044158935547,True
394,198,0.08396946564885499,9.869700079434551e-05,0.16739177703857422,True
395,168,0.007633587786259555,9.216699982061982e-05,0.16746807098388672,True
396,137,0.007633587786259555,9.890799992717803e-05,0.16746807098388672,True
397,0,0.06106870229007633,9.661900185164995e-05,0.16749858856201172,False
398,11,0.01526717557251911,9.305699859396555e-05,0.16746044158935547,True
399,45,0.01526717557251911,9.520400271867402e-05,0.16746044158935547,True
400,37,0.03053435114503822,9.313400005339645e-05,0.16744518280029297,True
401,76,0.06870229007633588,9.39170022320468e-05,0.16740703582763672,False
402,132,0.007633587786259555,9.772400153451599e-05,0.16746807098388672,True
403,114,0.007633587786259555,9.503399996901862e-05,0.16746807098388672,True
404,97,0.01526717557251911,9.517900252831168e-05,0.16746044158935547,True
405,24,0.0,0.00020510200192802586,0.16747570037841797,True
406,140,0.007633587786259555,9.277800199924968e-05,0.16746807098388672,False
407,37,0.007633587786259555,0.00010942600056296214,0.16746807098388672,True
408,55,0.05343511450381677,9.150500045507215e-05,0.16742229461669922,True
409,4,0.05343511450381677,0.00011052899935748428,0.16742229461669922,True
410,56,0.022900763358778664,9.792800119612366e-05,0.16745281219482422,True
411,132,0.022900763358778664,9.76430019363761e-05,0.16745281219482422,True
412,57,0.03816793893129766,0.00010511400250834413,0.16743755340576172,True
413,85,0.01526717557251911,9.977399895433336e-05,0.16746044158935547,True
414,187,0.03816793893129766,0.00010218500028713606,0.16743755340576172,True
415,85,0.01526717557251911,0.00010729199857451022,0.16746044158935547,True
416,65,0.01526717557251911,9.399500049767084e-05,0.16746044158935547,True
417,28,0.01526717557251911,9.791599950403906e-05,0.16746044158935547,True
418,175,0.022900763358778664,9.601499914424494e-05,0.16745281219482422,True
419,63,0.007633587786259555,9.318399679614231e-05,0.16746807098388672,True
420,174,0.03816793893129766,0.0001061630027834326,0.16743755340576172,True
421,41,0.01526717557251911,9.397100075148046e-05,0.16746044158935547,True
422,190,0.0,9.513800250715576e-05,0.16747570037841797,True
423,70,0.03053435114503822,9.18930018087849e-05,0.16744518280029297,False
424,170,0.06106870229007633,9.66340012382716e-05,0.16741466522216797,True
425,90,0.03816793893129766,0.00012537200018414296,0.16743755340576172,False
426,198,0.06870229007633588,9.757899897522293e-05,0.16740703582763672,True
427,112,0.06106870229007633,9.679799768491648e-05,0.16741466522216797,True
428,92,0.09160305343511455,9.499499719822779e-05,0.16738414764404297,False
429,45,0.01526717557251911,9.538900121697225e-05,0.16746044158935547,True
430,103,0.03053435114503822,9.735700223245658e-05,0.16744518280029297,True
431,155,0.022900763358778664,9.983299969462678e-05,0.16745281219482422,True
432,23,0.0,9.597200187272392e-05,0.16747570037841797,True
433,4,0.03816793893129766,9.867300104815513e-05,0.16743755340576172,True
434,186,0.007633587786259555,0.00010111900337506086,0.16746807098388672,True
435,187,0.007633587786259555,9.846299872151576e-05,0.16746807098388672,True
436,53,0.01526717557251911,9.789900286705233e-05,0.16746044158935547,True
437,38,0.03053435114503822,0.00010044199734693393,0.16744518280029297,True
438,0,0.0,9.614300142857246e-05,0.16755962371826172,True
439,121,0.022900763358778664,0.00010743399980128743,0.16745281219482422,True
440,109,0.01526717557251911,0.00011107699901913293,0.16746044158935547,True
441,111,0.03053435114503822,0.00019539700224413536,0.16744518280029297,True
442,24,0.007633587786259555,0.00010157400174648501,0.16746807098388672,False
443,79,0.05343511450381677,9.424100062460639e-05,0.16742229461669922,True
444,24,0.022900763358778664,9.32059992919676e-05,0.16745281219482422,True
445,115,0.007633587786259555,9.469399810768664e-05,0.16746807098388672,False
446,87,0.01526717557251911,9.629199848859571e-05,0.16746044158935547,True
447,29,0.05343511450381677,9.732200123835355e-05,0.16742229461669922,True
448,63,0.0,9.315500210504979e-05,0.16747570037841797,True
449,134,0.06106870229007633,9.183400106849149e-05,0.16741466522216797,True
450,98,0.10687022900763354,0.00010193300113314763,0.16736888885498047,True
451,21,0.022900763358778664,9.83200006885454e-05,0.16745281219482422,True
452,97,0.01526717557251911,0.00011986200115643442,0.16746044158935547,True
453,97,0.022900763358778664,9.502499960944988e-05,0.16745281219482422,True
454,193,0.07633587786259544,9.756199870025739e-05,0.16739940643310547,False
455,197,0.06106870229007633,0.00011080200056312606,0.16741466522216797,True
456,23,0.007633587786259555,9.473499812884256e-05,0.16746807098388672,True
457,174,0.0,9.247299749404192e-05,0.16747570037841797,True
458,37,0.07633587786259544,9.617499745218083e-05,0.16739940643310547,True
459,141,0.05343511450381677,0.00010865200238185935,0.16742229461669922,True
460,116,0.01526717557251911,9.287200009566732e-05,0.16746044158935547,True
461,174,0.0,0.00010566399942035787,0.16747570037841797,True
462,77,0.03053435114503822,9.282799874199554e-05,0.16744518280029297,True
463,83,0.007633587786259555,0.00010170799941988662,0.16746807098388672,True
464,20,0.01526717557251911,9.880399738904089e-05,0.16746044158935547,True
465,118,0.06870229007633588,9.39799974730704e-05,0.16740703582763672,False
466,24,0.007633587786259555,0.00010238999675493687,0.16746807098388672,True
467,56,0.007633587786259555,9.574599971529096e-05,0.16746807098388672,True
468,71,0.03053435114503822,9.678599963081069e-05,0.16744518280029297,True
469,198,0.04580152671755722,0.00010117199781234376,0.16742992401123047,True
470,82,0.0,9.458400018047541e-05,0.16747570037841797,True
471,132,0.022900763358778664,9.661899821367115e-05,0.16745281219482422,True
472,31,0.0992366412213741,9.363999924971722e-05,0.16737651824951172,True
473,83,0.03053435114503822,0.0001004879995889496,0.16744518280029297,True
474,18,0.03816793893129766,9.591599882696755e-05,0.16743755340576172,True
475,69,0.01526717557251911,9.532400144962594e-05,0.16746044158935547,True
476,110,0.03053435114503822,0.00010921399734797888,0.16744518280029297,True
477,189,0.0,0.00010012900020228699,0.16747570037841797,True
478,63,0.007633587786259555,9.540899918647483e-05,0.16746807098388672,True
479,107,0.0,0.00010130300142918713,0.16747570037841797,True
480,52,0.06106870229007633,9.982000119634904e-05,0.16741466522216797,True
481,127,0.03053435114503822,9.805999798118137e-05,0.16744518280029297,True
482,134,0.0,9.61520017881412e-05,0.16747570037841797,True
483,6,0.022900763358778664,0.0001033569969877135,0.16745281219482422,True
484,193,0.06870229007633588,0.00021961099992040545,0.16740703582763672,True
485,187,0.01526717557251911,9.842200233833864e-05,0.16746044158935547,True
486,62,0.03816793893129766,0.00010271100109093823,0.16743755340576172,True
487,9,0.007633587786259555,0.00019716300084837712,0.16746807098388672,True
488,30,0.0,9.926799975801259e-05,0.16747570037841797,True
489,76,0.04580152671755722,0.00010198699965258129,0.16742992401123047,False
490,97,0.03816793893129766,9.494200276094489e-05,0.16743755340576172,True
491,87,0.022900763358778664,9.644899910199456e-05,0.16745281219482422,True
492,103,0.03816793893129766,0.0001798350021999795,0.16743755340576172,True
493,19,0.03053435114503822,0.00010157499855267815,0.16744518280029297,True
494,104,0.022900763358778664,9.329099702881649e-05,0.16745281219482422,True
495,146,0.03053435114503822,9.346300066681579e-05,0.16744518280029297,False
496,10,0.01526717557251911,9.511600001133047e-05,0.16746044158935547,True
497,113,0.022900763358778664,9.33700030145701e-05,0.16745281219482422,True
498,79,0.022900763358778664,9.683400276117027e-05,0.16745281219482422,True
499,182,0.03053435114503822,9.46889995248057e-05,0.16744518280029297,True
500,61,0.007633587786259555,9.521700121695176e-05,0.16746807098388672,True
501,46,0.03053435114503822,9.170599878416397e-05,0.16744518280029297,True
502,61,0.01526717557251911,9.597000098438002e-05,0.16746044158935547,True
503,2,0.01526717557251911,0.00011371900109224953,0.16750621795654297,True
504,79,0.05343511450381677,9.481600136496127e-05,0.16742229461669922,True
505,87,0.03053435114503822,9.63160018727649e-05,0.16744518280029297,True
506,196,0.03053435114503822,9.663099990575574e-05,0.16744518280029297,True
507,2,0.007633587786259555,9.836599929258227e-05,0.16751384735107422,True
508,186,0.01526717557251911,9.366899757878855e-05,0.16746044158935547,False
509,137,0.01526717557251911,0.0001147539987869095,0.16746044158935547,True
510,11,0.03816793893129766,9.846699686022475e-05,0.16743755340576172,True
511,39,0.022900763358778664,0.000101349000033224,0.16745281219482422,True
512,30,0.0,9.681300070951693e-05,0.16747570037841797,True
513,24,0.022900763358778664,9.391600178787485e-05,0.16745281219482422,False
514,172,0.007633587786259555,0.00015127500228118151,0.16746807098388672,True
515,69,0.03053435114503822,0.0001258410011359956,0.16744518280029297,True
516,103,0.01526717557251911,0.00010424900028738193,0.16746044158935547,True
517,170,0.06870229007633588,0.00010340800145058893,0.16740703582763672,True
518,138,0.0,9.814800068852492e-05,0.16747570037841797,True
519,31,0.07633587786259544,0.00011221200111322105,0.16739940643310547,True
520,179,0.01526717557251911,9.52990012592636e-05,0.16746044158935547,True
521,146,0.03816793893129766,9.839999984251335e-05,0.16743755340576172,False
522,182,0.022900763358778664,9.200500062434003e-05,0.16745281219482422,True
523,20,0.05343511450381677,9.770500037120655e-05,0.16742229461669922,True
524,127,0.007633587786259555,9.564500214764848e-05,0.16746807098388672,True
525,161,0.01526717557251911,0.00011156999971717596,0.16746044158935547,True
526,54,0.01526717557251911,0.00010883499999181367,0.16746044158935547,False
527,152,0.0,9.436199979973026e-05,0.16747570037841797,True
528,32,0.04580152671755722,0.00010286000178894028,0.16742992401123047,True
529,195,0.0992366412213741,0.00010005899821408093,0.16737651824951172,True
530,11,0.007633587786259555,9.633399895392358e-05,0.16746807098388672,True
531,79,0.05343511450381677,0.00010328099961043335,0.16742229461669922,True
532,123,0.022900763358778664,9.507299910183065e-05,0.16745281219482422,True
533,183,0.007633587786259555,0.00010157100041396916,0.16746807098388672,True
534,5,0.01526717557251911,9.734199920785613e-05,0.16746044158935547,True
535,53,0.01526717557251911,9.395999950356781e-05,0.16746044158935547,True
536,154,0.0,9.637700350140221e-05,0.16747570037841797,True
537,155,0.03053435114503822,9.671099905972369e-05,0.16744518280029297,True
538,76,0.03816793893129766,9.418400077265687e-05,0.16743755340576172,False
539,183,0.0,0.00010078299965243787,0.16747570037841797,True
540,17,0.022900763358778664,9.375400259159505e-05,0.16745281219482422,True
541,158,0.06106870229007633,0.00012557800073409453,0.16741466522216797,True
542,193,0.06870229007633588,0.00011325599916744977,0.16740703582763672,True
543,43,0.03816793893129766,9.533999764244072e-05,0.16743755340576172,False
544,90,0.04580152671755722,9.410300117451698e-05,0.16742992401123047,True
545,104,0.01526717557251911,0.00011341999925207347,0.16746044158935547,True
546,38,0.007633587786259555,9.76270021055825e-05,0.16746807098388672,True
547,53,0.022900763358778664,0.000103367001429433,0.16745281219482422,True
548,95,0.0,9.252199743059464e-05,0.16747570037841797,True
549,51,0.03816793893129766,9.441300062462687e-05,0.16743755340576172,True
550,139,0.01526717557251911,0.0001023439981509,0.16746044158935547,True
551,119,0.03053435114503822,0.00010248499893350527,0.16744518280029297,True
552,126,0.10687022900763354,0.00010296099935658276,0.16736888885498047,True
553,148,0.06870229007633588,9.751100151333958e-05,0.16740703582763672,True
554,126,0.06106870229007633,9.365400183014572e-05,0.16741466522216797,True
555,69,0.022900763358778664,0.0001051640028890688,0.16745281219482422,True
556,159,0.022900763358778664,0.00010352599929319695,0.16745281219482422,True
557,144,0.03053435114503822,0.00010109400318469852,0.16744518280029297,True
558,77,0.01526717557251911,9.441899965167977e-05,0.16746044158935547,True
559,60,0.01526717557251911,9.47580010688398e-05,0.16746044158935547,True
560,148,0.05343511450381677,9.669300197856501e-05,0.16742229461669922,False
561,80,0.022900763358778664,9.329800013802014e-05,0.16745281219482422,True
562,86,0.007633587786259555,9.51630026975181e-05,0.16746807098388672,True
563,149,0.022900763358778664,9.435399988433346e-05,0.16745281219482422,False
564,144,0.05343511450381677,9.52279988268856e-05,0.16742229461669922,True
565,65,0.022900763358778664,9.218099876306951e-05,0.16745281219482422,False
566,54,0.007633587786259555,9.413800216862e-05,0.16746807098388672,True
567,196,0.06870229007633588,9.974299973691814e-05,0.16740703582763672,True
568,105,0.03816793893129766,0.00010106400077347644,0.16743755340576172,True
569,53,0.007633587786259555,9.423599840374663e-05,0.16746807098388672,True
570,152,0.007633587786259555,9.481999950367026e-05,0.16746807098388672,True
571,2,0.007633587786259555,0.00010019899855251424,0.16751384735107422,True
572,76,0.01526717557251911,9.890699948300608e-05,0.16746044158935547,True
573,156,0.09160305343511455,9.360799958813004e-05,0.16738414764404297,True
574,58,0.03053435114503822,0.0001047609985107556,0.16744518280029297,True
575,28,0.03053435114503822,9.634600064600818e-05,0.16744518280029297,True
576,83,0.03816793893129766,0.00012032299855491146,0.16743755340576172,True
577,121,0.01526717557251911,0.00010582699906080961,0.16746044158935547,True
578,65,0.007633587786259555,9.235600009560585e-05,0.16746807098388672,True
579,139,0.03053435114503822,9.811700147110969e-05,0.16744518280029297,True
580,48,0.07633587786259544,9.760600005392917e-05,0.16739940643310547,True
581,149,0.01526717557251911,0.00011383300079614855,0.16746044158935547,True
582,11,0.03053435114503822,9.350099935545586e-05,0.16744518280029297,True
583,110,0.07633587786259544,9.718900037114508e-05,0.16739940643310547,True
584,103,0.03053435114503822,9.849500202108175e-05,0.16744518280029297,True
585,76,0.007633587786259555,9.322200276074e-05,0.16746807098388672,True
586,172,0.007633587786259555,9.240200233762152e-05,0.16746807098388672,True
587,81,0.0,9.536400102660991e-05,0.16747570037841797,True
588,44,0.03053435114503822,0.00010028200267697684,0.16744518280029297,True
589,104,0.007633587786259555,9.473099999013357e-05,0.16746807098388672,True
590,61,0.01526717557251911,0.00011393900058465078,0.16746044158935547,True
591,11,0.03053435114503822,9.346499791718088e-05,0.16744518280029297,True
592,22,0.09160305343511455,9.942999895429239e-05,0.16738414764404297,True
593,12,0.01526717557251911,9.276100172428414e-05,0.16746044158935547,True
594,149,0.01526717557251911,9.58540003921371e-05,0.16746044158935547,True
595,107,0.007633587786259555,9.52199989114888e-05,0.16746807098388672,True
596,119,0.05343511450381677,0.00010384899724158458,0.16742229461669922,True
597,0,0.01526717557251911,9.59960016189143e-05,0.16754436492919922,True
598,49,0.022900763358778664,0.00010813100016093813,0.16745281219482422,True
599,12,0.01526717557251911,9.776899969438091e-05,0.16746044158935547,True
600,195,0.03053435114503822,9.815500015974976e-05,0.16744518280029297,True
601,63,0.0,0.00011209100193809718,0.16747570037841797,True
602,16,0.03053435114503822,0.00012619100016308948,0.16744518280029297,True
603,103,0.01526717557251911,9.688499994808808e-05,0.16746044158935547,True
604,0,0.007633587786259555,9.736699939821847e-05,0.16755199432373047,True
605,79,0.01526717557251911,9.595399751560763e-05,0.16746044158935547,True
606,107,0.022900763358778664,9.563200001139194e-05,0.16745281219482422,True
607,199,0.06870229007633588,9.410200073034503e-05,0.16740703582763672,True
608,183,0.007633587786259555,9.931199747370556e-05,0.16746807098388672,True
609,174,0.01526717557251911,0.0001008220024232287,0.16746044158935547,False
610,150,0.01526717557251911,0.00010583100083749741,0.16746044158935547,True
611,78,0.022900763358778664,9.42250007938128e-05,0.16745281219482422,True
612,81,0.04580152671755722,0.00010858699897653423,0.16742992401123047,True
613,132,0.07633587786259544,0.0001052269981300924,0.16739940643310547,True
614,166,0.007633587786259555,0.00010701899736886844,0.16746807098388672,True
615,174,0.007633587786259555,9.466700066695921e-05,0.16746807098388672,True
616,103,0.03816793893129766,9.614400187274441e-05,0.16743755340576172,True
617,127,0.007633587786259555,9.208100163959898e-05,0.16746807098388672,True
618,122,0.022900763358778664,0.00010556500274105929,0.16745281219482422,True
619,121,0.022900763358778664,9.675099863670766e-05,0.16745281219482422,True
620,160,0.022900763358778664,0.0001030530002026353,0.16745281219482422,True
621,67,0.06870229007633588,0.00011518999963300303,0.16740703582763672,True
622,137,0.01526717557251911,9.996600056183524e-05,0.16746044158935547,True
623,20,0.04580152671755722,0.00010062799992738292,0.16742992401123047,True
624,107,0.0,9.433399827685207e-05,0.16747570037841797,True
625,174,0.01526717557251911,9.369600229547359e-05,0.16746044158935547,False
626,136,0.0992366412213741,9.451799996895716e-05,0.16737651824951172,True
627,198,0.0992366412213741,0.00010017800013883971,0.16737651824951172,True
628,65,0.0,9.42839978961274e-05,0.16747570037841797,True
629,87,0.07633587786259544,9.653400047682226e-05,0.16739940643310547,True
630,11,0.01526717557251911,9.537500227452256e-05,0.16746044158935547,True
631,95,0.0,9.339299867860973e-05,0.16747570037841797,True
632,0,0.01526717557251911,9.604500155546702e-05,0.16754436492919922,True
633,26,0.07633587786259544,0.00010134100011782721,0.16739940643310547,True
634,164,0.03816793893129766,9.402100113220513e-05,0.16743755340576172,False
635,52,0.01526717557251911,9.659200077294372e-05,0.16746044158935547,True
636,137,0.0,9.757099905982614e-05,0.16747570037841797,True
637,37,0.01526717557251911,9.637100083637051e-05,0.16746044158935547,True
638,141,0.06106870229007633,9.814900113269687e-05,0.16741466522216797,True
639,110,0.03816793893129766,0.00011046399959013797,0.16743755340576172,True
640,86,0.0,9.53839989961125e-05,0.16747570037841797,True
641,156,0.01526717557251911,9.493300240137614e-05,0.16746044158935547,True
642,98,0.09160305343511455,0.00010203399870079011,0.16738414764404297,True
643,87,0.01526717557251911,9.669800056144595e-05,0.16746044158935547,True
644,65,0.0,9.267999848816544e-05,0.16747570037841797,True
645,76,0.04580152671755722,9.52279988268856e-05,0.16742992401123047,False
646,196,0.007633587786259555,0.00011078500028816052,0.16746807098388672,True
647,75,0.0,9.231700096279383e-05,0.16747570037841797,True
648,133,0.007633587786259555,9.699200018076226e-05,0.16746807098388672,True
649,11,0.03816793893129766,0.00011122199794044718,0.16743755340576172,True
650,119,0.03053435114503822,0.00010186899817199446,0.16744518280029297,True
651,180,0.03816793893129766,9.500799933448434e-05,0.16743755340576172,True
652,38,0.04580152671755722,9.857800250756554e-05,0.16742992401123047,True
653,76,0.007633587786259555,9.335699724033475e-05,0.16746807098388672,True
654,127,0.007633587786259555,9.15829987206962e-05,0.16746807098388672,True
655,15,0.10687022900763354,9.97320021269843e-05,0.16736888885498047,False
656,28,0.01526717557251911,9.446100011700764e-05,0.16746044158935547,True
657,137,0.03816793893129766,0.00012078399959136732,0.16743755340576172,True
658,182,0.007633587786259555,9.302900070906617e-05,0.16746807098388672,True
659,24,0.007633587786259555,9.283800318371505e-05,0.16746807098388672,False
660,11,0.07633587786259544,9.565399886923842e-05,0.16739940643310547,False
661,132,0.03053435114503822,9.605099694454111e-05,0.16744518280029297,True
662,75,0.01526717557251911,9.29710004129447e-05,0.16746044158935547,True
663,33,0.03053435114503822,0.00010011199992732145,0.16744518280029297,True
664,149,0.01526717557251911,9.407400284544565e-05,0.16746044158935547,True
665,15,0.01526717557251911,9.621099889045581e-05,0.16746044158935547,True
666,107,0.0,9.355400106869638e-05,0.16747570037841797,True
667,56,0.022900763358778664,0.00013994400069350377,0.16745281219482422,True
668,134,0.0,9.24969972402323e-05,0.16747570037841797,True
669,110,0.06106870229007633,0.0001011120002658572,0.16741466522216797,True
670,27,0.0,9.384599979966879e-05,0.16747570037841797,True
671,62,0.01526717557251911,0.00010917200052062981,0.16746044158935547,True
672,158,0.06870229007633588,0.00012164900181232952,0.16740703582763672,True
673,133,0.022900763358778664,0.00010931799988611601,0.16745281219482422,True
674,198,0.06106870229007633,0.0001134329977503512,0.16741466522216797,True
675,20,0.01526717557251911,0.00010118000136571936,0.16746044158935547,True
676,96,0.0992366412213741,9.837000106927007e-05,0.16737651824951172,True
677,125,0.03816793893129766,0.0001020419986161869,0.16743755340576172,True
678,27,0.03816793893129766,0.00010435099829919636,0.16743755340576172,True
679,1,0.007633587786259555,0.00012094499834347516,0.16746807098388672,True
680,76,0.03053435114503822,0.00010835899956873618,0.16744518280029297,False
681,175,0.04580152671755722,9.255099939764477e-05,0.16742992401123047,True
682,98,0.09160305343511455,0.0001212049974128604,0.16738414764404297,True
683,0,0.01526717557251911,0.00010437300079502165,0.16754436492919922,True
684,68,0.022900763358778664,0.00011449999874457717,0.16745281219482422,True
685,72,0.022900763358778664,0.00012636600149562582,0.16745281219482422,True
686,198,0.06870229007633588,9.923800098476931e-05,0.16740703582763672,True
687,170,0.03816793893129766,0.00011378600174793974,0.16743755340576172,True
688,23,0.0,9.971699910238385e-05,0.16747570037841797,True
689,54,0.007633587786259555,9.735400089994073e-05,0.16746807098388672,True
690,91,0.0,9.462500020163134e-05,0.16747570037841797,True
691,19,0.03053435114503822,9.340299948235042e-05,0.16744518280029297,True
692,155,0.022900763358778664,9.927399878506549e-05,0.16745281219482422,True
693,70,0.0,9.153900100500323e-05,0.16747570037841797,True
694,125,0.01526717557251911,9.656100155552849e-05,0.16746044158935547,True
695,24,0.007633587786259555,0.00010785400081658736,0.16746807098388672,True
696,110,0.04580152671755722,9.822600259212777e-05,0.16742992401123047,True
697,71,0.01526717557251911,9.803800276131369e-05,0.16746044158935547,True
698,157,0.0,9.97059978544712e-05,0.16747570037841797,True
699,56,0.03816793893129766,9.870199937722646e-05,0.16743755340576172,True
700,119,0.03816793893129766,0.00010305799878551625,0.16743755340576172,True
701,116,0.022900763358778664,9.769199823495e-05,0.16745281219482422,True
702,136,0.09160305343511455,9.394200242240913e-05,0.16738414764404297,True
703,127,0.007633587786259555,9.315499846707098e-05,0.16746807098388672,True
704,79,0.06870229007633588,0.0001012719985737931,0.16740703582763672,True
705,144,0.03053435114503822,9.487799979979172e-05,0.16744518280029297,True
706,103,0.03053435114503822,9.448000128031708e-05,0.16744518280029297,True
707,174,0.007633587786259555,9.246999979950488e-05,0.16746807098388672,True
708,28,0.022900763358778664,9.458400018047541e-05,0.16745281219482422,True
709,19,0.007633587786259555,0.00010122900130227208,0.16746807098388672,True
710,115,0.01526717557251911,9.363800199935213e-05,0.16746044158935547,False
711,191,0.04580152671755722,9.63749989750795e-05,0.16742992401123047,True
712,186,0.06106870229007633,9.389400293002836e-05,0.16741466522216797,False
713,19,0.03816793893129766,0.00015118900046218187,0.16743755340576172,True
714,61,0.01526717557251911,9.610100096324459e-05,0.16746044158935547,True
715,157,0.007633587786259555,0.00012372499986668117,0.16746807098388672,True
716,5,0.01526717557251911,0.00010256899986416101,0.16746044158935547,True
717,130,0.03053435114503822,9.859899728326127e-05,0.16744518280029297,True
718,36,0.03053435114503822,9.71730005403515e-05,0.16744518280029297,True
719,15,0.03816793893129766,9.539299935568124e-05,0.16743755340576172,True
720,64,0.07633587786259544,0.00013024500003666617,0.16739940643310547,True
721,136,0.04580152671755722,9.607800166122615e-05,0.16742992401123047,True
722,169,0.007633587786259555,9.199499982059933e-05,0.16746807098388672,True
723,155,0.03053435114503822,0.00010286700126016513,0.16744518280029297,True
724,178,0.007633587786259555,0.0003233150018786546,0.16746807098388672,True
725,69,0.03816793893129766,0.00010254299922962673,0.16743755340576172,True
726,196,0.04580152671755722,9.801900159800425e-05,0.16742992401123047,True
727,98,0.06106870229007633,0.00010637099694577046,0.16741466522216797,True
728,28,0.0,0.00010154499977943487,0.16747570037841797,True
729,198,0.07633587786259544,0.00010397200094303116,0.16739940643310547,True
730,17,0.022900763358778664,0.00010185599967371672,0.16745281219482422,True
731,65,0.01526717557251911,9.99549993139226e-05,0.16746044158935547,False
732,41,0.01526717557251911,9.736799984239042e-05,0.16746044158935547,True
733,155,0.01526717557251911,9.557099838275462e-05,0.16746044158935547,True
734,134,0.022900763358778664,9.571000191499479e-05,0.16745281219482422,True
735,120,0.022900763358778664,9.82490018941462e-05,0.16745281219482422,True
736,118,0.08396946564885499,9.454099927097559e-05,0.16739177703857422,True
737,174,0.01526717557251911,0.00011104900113423355,0.16746044158935547,True
738,48,0.03816793893129766,9.81760022114031e-05,0.16743755340576172,True
739,87,0.022900763358778664,9.729999874252826e-05,0.16745281219482422,True
740,107,0.0,9.528000009595416e-05,0.16747570037841797,True
741,15,0.01526717557251911,9.772699922905304e-05,0.16746044158935547,True
742,156,0.01526717557251911,9.45329993555788e-05,0.16746044158935547,True
743,112,0.06870229007633588,9.836299796006642e-05,0.16740703582763672,True
744,20,0.01526717557251911,0.00010077299884869717,0.16746044158935547,True
745,125,0.007633587786259555,0.00012257999696885236,0.16746807098388672,True
746,75,0.007633587786259555,9.273499745177105e-05,0.16746807098388672,True
747,20,0.03053435114503822,0.00010761299927253276,0.16744518280029297,True
748,28,0.007633587786259555,9.54750030359719e-05,0.16746807098388672,True
749,8,0.007633587786259555,9.820999912335537e-05,0.16746807098388672,True
750,28,0.022900763358778664,9.492800018051639e-05,0.16745281219482422,True
751,169,0.01526717557251911,9.495000267634168e-05,0.16746044158935547,True
752,159,0.03053435114503822,9.547800073050894e-05,0.16744518280029297,True
753,12,0.01526717557251911,9.456200132262893e-05,0.16746044158935547,False
754,53,0.022900763358778664,9.58299970079679e-05,0.16745281219482422,True
755,48,0.03053435114503822,9.72359994193539e-05,0.16744518280029297,True
756,144,0.022900763358778664,9.416900138603523e-05,0.16745281219482422,True
757,63,0.0,9.247500202036463e-05,0.16747570037841797,True
758,39,0.03053435114503822,9.373599823447876e-05,0.16744518280029297,True
759,184,0.007633587786259555,9.618200056138448e-05,0.16746807098388672,True
760,79,0.06870229007633588,0.00010241600102744997,0.16740703582763672,True
761,47,0.007633587786259555,9.446799958823249e-05,0.16746807098388672,True
762,49,0.03816793893129766,9.964399941964075e-05,0.16743755340576172,True
763,12,0.022900763358778664,9.292100003222004e-05,0.16745281219482422,False
764,121,0.03053435114503822,9.77910021902062e-05,0.16744518280029297,True
765,113,0.007633587786259555,9.460999717703089e-05,0.16746807098388672,True
766,111,0.03816793893129766,9.676699846750125e-05,0.16743755340576172,True
767,139,0.03816793893129766,9.604499791748822e-05,0.16743755340576172,True
768,9,0.007633587786259555,9.772799967322499e-05,0.16746807098388672,True
769,192,0.04580152671755722,9.873199815046974e-05,0.16742992401123047,True
770,113,0.01526717557251911,0.0001066190015990287,0.16746044158935547,True
771,60,0.0,9.378500180901028e-05,0.16747570037841797,True
772,187,0.03053435114503822,9.82429992291145e-05,0.16744518280029297,True
773,169,0.007633587786259555,0.00010084599853144027,0.16746807098388672,True
774,193,0.06106870229007633,0.00010230400221189484,0.16741466522216797,True
775,147,0.022900763358778664,9.4524999440182e-05,0.16745281219482422,True
776,130,0.05343511450381677,9.565499931341037e-05,0.16742229461669922,True
777,8,0.03816793893129766,9.891700028674677e-05,0.16743755340576172,True
778,65,0.01526717557251911,9.371300257043913e-05,0.16746044158935547,True
779,23,0.007633587786259555,9.547200170345604e-05,0.16746807098388672,True
780,68,0.01526717557251911,9.34349991439376e-05,0.16746044158935547,True
781,96,0.07633587786259544,0.00011649800217128359,0.16739940643310547,True
782,117,0.05343511450381677,0.00012134600183344446,0.16742229461669922,True
783,24,0.007633587786259555,9.920800221152604e-05,0.16746807098388672,True
784,114,0.03053435114503822,9.512099859421141e-05,0.16744518280029297,True
785,195,0.04580152671755722,0.00010130900045624003,0.16742992401123047,True
786,57,0.022900763358778664,9.40730024012737e-05,0.16745281219482422,True
787,23,0.0,9.515399869997054e-05,0.16747570037841797,True
788,177,0.03053435114503822,9.253600001102313e-05,0.16744518280029297,True
789,121,0.04580152671755722,9.693500032881275e-05,0.16742992401123047,True
790,46,0.0,9.240600047633052e-05,0.16747570037841797,True
791,133,0.01526717557251911,9.691499872133136e-05,0.16746044158935547,True
792,42,0.01526717557251911,9.231299918610603e-05,0.16746044158935547,True
793,126,0.0,9.464799950364977e-05,0.16747570037841797,True
794,155,0.007633587786259555,0.00010999699952662922,0.16746807098388672,True
795,15,0.01526717557251911,9.709799996926449e-05,0.16746044158935547,True
796,56,0.007633587786259555,9.5673996838741e-05,0.16746807098388672,True
797,117,0.04580152671755722,0.00010062300134450197,0.16742992401123047,True
798,169,0.03053435114503822,9.984999996959232e-05,0.16744518280029297,True
799,27,0.0,9.58580021688249e-05,0.16747570037841797,True
800,141,0.03816793893129766,9.753899939823896e-05,0.16743755340576172,True
801,65,0.03053435114503822,9.33619994611945e-05,0.16744518280029297,False
802,127,0.0,9.28939989535138e-05,0.16747570037841797,True
803,97,0.01526717557251911,9.352900087833405e-05,0.16746044158935547,True
804,186,0.022900763358778664,9.420800051884726e-05,0.16745281219482422,True
805,120,0.022900763358778664,9.69300017459318e-05,0.16745281219482422,True
806,184,0.01526717557251911,9.580099867889658e-05,0.16746044158935547,True
807,56,0.0,9.651099753682502e-05,0.16747570037841797,True
808,39,0.12213740458015265,9.200500062434003e-05,0.16735363006591797,False
809,95,0.007633587786259555,0.0001009719999274239,0.16746807098388672,True
810,139,0.07633587786259544,9.99549993139226e-05,0.16739940643310547,True
811,190,0.022900763358778664,9.71509980445262e-05,0.16745281219482422,True
812,97,0.007633587786259555,9.904399848892353e-05,0.16746807098388672,True
813,85,0.05343511450381677,0.00010293000013916753,0.16742229461669922,True
814,20,0.022900763358778664,0.00010030799967353232,0.16745281219482422,True
815,76,0.022900763358778664,9.647700062487274e-05,0.16745281219482422,True
816,32,0.01526717557251911,9.412600047653541e-05,0.16746044158935547,True
817,155,0.05343511450381677,9.706800119602121e-05,0.16742229461669922,True
818,48,0.07633587786259544,0.00011400400035199709,0.16739940643310547,True
819,97,0.05343511450381677,9.35200005187653e-05,0.16742229461669922,True
820,41,0.07633587786259544,9.650500214775093e-05,0.16739940643310547,False
821,95,0.007633587786259555,9.208499977830797e-05,0.16746807098388672,True
822,5,0.022900763358778664,9.539799793856218e-05,0.16745281219482422,True
823,127,0.03816793893129766,9.269099973607808e-05,0.16743755340576172,True
824,45,0.007633587786259555,0.00010734600073192269,0.16746807098388672,True
825,20,0.03816793893129766,9.867000335361809e-05,0.16743755340576172,True
826,86,0.03816793893129766,9.891800073091872e-05,0.16743755340576172,True
827,121,0.04580152671755722,9.729100202093832e-05,0.16742992401123047,True
828,69,0.01526717557251911,9.654200039221905e-05,0.16746044158935547,True
829,132,0.03053435114503822,0.00011364300007699057,0.16744518280029297,True
830,185,0.0,9.63849997788202e-05,0.16747570037841797,True
831,34,0.01526717557251911,9.524800043436699e-05,0.16746044158935547,True
832,36,0.04580152671755722,0.00011293400166323408,0.16742992401123047,True
833,48,0.0992366412213741,9.97950010059867e-05,0.16737651824951172,False
834,69,0.04580152671755722,0.00013558499995269813,0.16742992401123047,True
835,177,0.03053435114503822,9.302099715569057e-05,0.16744518280029297,False
836,132,0.03816793893129766,9.837000106927007e-05,0.16743755340576172,True
837,148,0.01526717557251911,9.710699669085443e-05,0.16746044158935547,True
838,19,0.01526717557251911,0.00011713099956978112,0.16746044158935547,True
839,107,0.0,0.0001054599997587502,0.16747570037841797,True
840,15,0.03816793893129766,9.685400073067285e-05,0.16743755340576172,True
841,181,0.04580152671755722,9.269200018025003e-05,0.16742992401123047,True
842,24,0.01526717557251911,9.298599979956634e-05,0.16746044158935547,True
843,116,0.01526717557251911,9.297999713453464e-05,0.16746044158935547,True
844,112,0.06870229007633588,9.792900164029561e-05,0.16740703582763672,True
845,148,0.022900763358778664,0.00011076900045736693,0.16745281219482422,True
846,56,0.03816793893129766,9.607200263417326e-05,0.16743755340576172,True
847,3,0.022900763358778664,9.806900197872892e-05,0.16749858856201172,True
848,125,0.01526717557251911,0.0001044529999489896,0.16746044158935547,True
849,166,0.022900763358778664,9.643599696573801e-05,0.16745281219482422,True
850,40,0.022900763358778664,9.724900155561045e-05,0.16745281219482422,True
851,86,0.03053435114503822,0.00011373799861758016,0.16744518280029297,False
852,45,0.01526717557251911,0.0001053870000760071,0.16746044158935547,True
853,198,0.05343511450381677,0.0001102010028262157,0.16742229461669922,True
854,60,0.01526717557251911,9.397000030730851e-05,0.16746044158935547,False
855,129,0.007633587786259555,0.00010919299893430434,0.16746807098388672,True
856,96,0.05343511450381677,9.638999836170115e-05,0.16742229461669922,True
857,115,0.01526717557251911,0.00012561100083985366,0.16746044158935547,False
858,196,0.01526717557251911,0.0001132320030592382,0.16746044158935547,True
859,118,0.007633587786259555,9.613099973648787e-05,0.16746807098388672,True
860,76,0.01526717557251911,0.0001080879992514383,0.16746044158935547,True
861,160,0.007633587786259555,9.724499977892265e-05,0.16746807098388672,True
862,127,0.022900763358778664,0.0001035069981298875,0.16745281219482422,True
863,24,0.007633587786259555,0.0001027449980028905,0.16746807098388672,True
864,15,0.04580152671755722,9.801200212677941e-05,0.16742992401123047,True
865,115,0.03816793893129766,0.00010324300092179328,0.16743755340576172,True
866,28,0.022900763358778664,9.578400204190984e-05,0.16745281219482422,True
867,112,0.03053435114503822,9.897299969452433e-05,0.16744518280029297,True
868,101,0.022900763358778664,9.758200030773878e-05,0.16745281219482422,True
869,158,0.007633587786259555,0.00010051299977931194,0.16746807098388672,True
870,139,0.01526717557251911,9.781699918676168e-05,0.16746044158935547,True
871,76,0.01526717557251911,9.493700054008514e-05,0.16746044158935547,True
872,38,0.01526717557251911,0.00010062399815069512,0.16746044158935547,True
873,152,0.05343511450381677,0.00013235799997346476,0.16742229461669922,False
874,106,0.10687022900763354,0.00011523499779286794,0.16736888885498047,True
875,28,0.007633587786259555,0.00011805100075434893,0.16746807098388672,True
876,110,0.03053435114503822,9.721300011733547e-05,0.16744518280029297,True
877,50,0.13740458015267176,0.00010068000119645149,0.16733837127685547,False
878,27,0.01526717557251911,9.55420000536833e-05,0.16746044158935547,True
879,24,0.007633587786259555,0.00011410000297473744,0.16746807098388672,False
880,54,0.01526717557251911,9.411899736733176e-05,0.16746044158935547,True
881,63,0.0,9.657700138632208e-05,0.16747570037841797,True
882,114,0.01526717557251911,9.485599730396643e-05,0.16746044158935547,True
883,20,0.01526717557251911,0.00010045499948319048,0.16746044158935547,True
884,21,0.022900763358778664,9.605300147086382e-05,0.16745281219482422,True
885,72,0.03053435114503822,9.740899986354634e-05,0.16744518280029297,True
886,73,0.022900763358778664,0.0001035290006257128,0.16745281219482422,True
887,140,0.007633587786259555,9.677599882707e-05,0.16746807098388672,True
888,15,0.03053435114503822,9.539800157654099e-05,0.16744518280029297,True
889,24,0.03053435114503822,9.705299817142077e-05,0.16744518280029297,False
890,11,0.0,9.53900016611442e-05,0.16747570037841797,True
891,97,0.007633587786259555,9.309100278187543e-05,0.16746807098388672,True
892,136,0.12213740458015265,9.450799916521646e-05,0.16735363006591797,True
893,133,0.007633587786259555,9.348700041300617e-05,0.16746807098388672,False
894,45,0.007633587786259555,9.561600018059835e-05,0.16746807098388672,True
895,140,0.01526717557251911,9.210200005327351e-05,0.16746044158935547,False
896,36,0.06106870229007633,9.827699977904558e-05,0.16741466522216797,True
897,155,0.01526717557251911,9.888899876386859e-05,0.16746044158935547,True
898,193,0.04580152671755722,9.680899893282913e-05,0.16742992401123047,True
899,24,0.01526717557251911,9.583099745213985e-05,0.16746044158935547,False
900,87,0.007633587786259555,0.00010184399798163213,0.16746807098388672,True
901,54,0.007633587786259555,9.293200128013268e-05,0.16746807098388672,True
902,163,0.07633587786259544,0.00011671399988699704,0.16739940643310547,True
903,20,0.06106870229007633,9.910099834087305e-05,0.16741466522216797,True
904,28,0.01526717557251911,9.558199963066727e-05,0.16746044158935547,True
905,11,0.022900763358778664,9.665000106906518e-05,0.16745281219482422,True
906,4,0.03053435114503822,9.473500176682137e-05,0.16744518280029297,True
907,45,0.01526717557251911,9.41360012802761e-05,0.16746044158935547,True
908,79,0.022900763358778664,9.753400081535801e-05,0.16745281219482422,True
909,116,0.022900763358778664,9.350400068797171e-05,0.16745281219482422,True
910,50,0.13740458015267176,9.767600204213522e-05,0.16733837127685547,False
911,56,0.007633587786259555,9.527000293019228e-05,0.16746807098388672,True
912,4,0.03053435114503822,9.462399975745939e-05,0.16744518280029297,True
913,15,0.022900763358778664,0.00010319400098524056,0.16745281219482422,True
914,120,0.03816793893129766,0.00011024100240319967,0.16743755340576172,True
915,43,0.022900763358778664,9.63909988058731e-05,0.16745281219482422,True
916,45,0.007633587786259555,0.00010303800081601366,0.16746807098388672,True
917,42,0.01526717557251911,0.00011026100037270226,0.16746044158935547,True
918,159,0.06870229007633588,9.582600250723772e-05,0.16740703582763672,True
919,198,0.03053435114503822,0.00011170799916726537,0.16744518280029297,True
920,107,0.007633587786259555,0.0001096539999707602,0.16746807098388672,True
921,68,0.022900763358778664,9.783199857338332e-05,0.16745281219482422,True
922,6,0.022900763358778664,0.00010175200077355839,0.16745281219482422,True
923,157,0.03816793893129766,9.95030022750143e-05,0.16743755340576172,True
924,149,0.01526717557251911,9.41379985306412e-05,0.16746044158935547,True
925,56,0.022900763358778664,9.617899922886863e-05,0.16745281219482422,True
926,180,0.01526717557251911,9.59940007305704e-05,0.16746044158935547,True
927,80,0.007633587786259555,9.20470010896679e-05,0.16746807098388672,True
928,54,0.04580152671755722,9.30640017031692e-05,0.16742992401123047,False
929,184,0.01526717557251911,9.561000115354545e-05,0.16746044158935547,True
930,155,0.03053435114503822,0.00012474799950723536,0.16744518280029297,True
931,79,0.06870229007633588,9.580899859429337e-05,0.16740703582763672,True
932,3,0.01526717557251911,9.967799996957183e-05,0.16750621795654297,True
933,57,0.03053435114503822,9.476100240135565e-05,0.16744518280029297,True
934,107,0.007633587786259555,9.649200001149438e-05,0.16746807098388672,True
935,148,0.022900763358778664,9.717000284581445e-05,0.16745281219482422,True
936,102,0.01526717557251911,0.00010334499893360771,0.16746044158935547,True
937,198,0.0992366412213741,9.773799683898687e-05,0.16737651824951172,True
938,155,0.03816793893129766,9.632100045564584e-05,0.16743755340576172,True
939,17,0.022900763358778664,0.00010113700045621954,0.16745281219482422,True
940,37,0.0,0.00010369799929321744,0.16747570037841797,True
941,157,0.0,0.00010466100138728507,0.16747570037841797,True
942,26,0.10687022900763354,9.81800003501121e-05,0.16736888885498047,False
943,5,0.05343511450381677,9.674100147094578e-05,0.16742229461669922,True
944,2,0.0,9.856800170382485e-05,0.16752147674560547,True
945,27,0.03053435114503822,0.000101270001323428,0.16744518280029297,True
946,15,0.06870229007633588,9.73189999058377e-05,0.16740703582763672,True
947,58,0.1145038167938931,0.00022291899949777871,0.16736125946044922,False
948,169,0.01526717557251911,0.0001063230010913685,0.16746044158935547,True
949,143,0.05343511450381677,9.572100316290744e-05,0.16742229461669922,True
950,141,0.04580152671755722,9.796599988476373e-05,0.16742992401123047,True
951,10,0.10687022900763354,9.447699994780123e-05,0.16736888885498047,False
952,146,0.04580152671755722,9.470199802308343e-05,0.16742992401123047,True
953,87,0.007633587786259555,9.600500197848305e-05,0.16746807098388672,True
954,37,0.007633587786259555,9.567500092089176e-05,0.16746807098388672,True
955,63,0.007633587786259555,9.31229988054838e-05,0.16746807098388672,True
956,15,0.01526717557251911,0.00010279600246576592,0.16746044158935547,True
957,41,0.01526717557251911,0.00010443100109114312,0.16746044158935547,False
958,152,0.01526717557251911,0.00011264999920967966,0.16746044158935547,True
959,180,0.007633587786259555,9.504299669060856e-05,0.16746807098388672,True
960,20,0.08396946564885499,9.918199793901294e-05,0.16739177703857422,True
961,155,0.01526717557251911,0.00010498600022401661,0.16746044158935547,True
962,134,0.04580152671755722,9.473600221099332e-05,0.16742992401123047,True
963,164,0.07633587786259544,0.00010090700016007759,0.16739940643310547,False
964,178,0.0,0.00010059099804493599,0.16747570037841797,True
965,144,0.022900763358778664,9.295900235883892e-05,0.16745281219482422,True
966,114,0.007633587786259555,9.585999941918999e-05,0.16746807098388672,True
967,76,0.06870229007633588,9.560599937685765e-05,0.16740703582763672,False
968,155,0.022900763358778664,9.713100007502362e-05,0.16745281219482422,True
969,196,0.01526717557251911,0.00010429000030853786,0.16746044158935547,True
970,20,0.01526717557251911,9.97039969661273e-05,0.16746044158935547,True
971,186,0.09160305343511455,9.512399992672727e-05,0.16738414764404297,False
972,198,0.06106870229007633,0.00011753699800465256,0.16741466522216797,True
973,70,0.0,9.135300206253305e-05,0.16747570037841797,True
974,72,0.007633587786259555,9.637599941925146e-05,0.16746807098388672,True
975,77,0.03053435114503822,9.295700147049502e-05,0.16744518280029297,True
976,153,0.022900763358778664,0.0001043800002662465,0.16745281219482422,True
977,15,0.022900763358778664,9.759800013853237e-05,0.16745281219482422,True
978,70,0.007633587786259555,9.426099859410897e-05,0.16746807098388672,True
979,107,0.0,0.00011225500202272087,0.16747570037841797,True
980,143,0.03816793893129766,9.542599946144037e-05,0.16743755340576172,True
981,83,0.03053435114503822,9.447599950362928e-05,0.16744518280029297,True
982,11,0.04580152671755722,0.0001019789997371845,0.16742992401123047,True
983,134,0.007633587786259555,9.87210005405359e-05,0.16746807098388672,True
984,37,0.03053435114503822,9.394099834025837e-05,0.16744518280029297,True
985,197,0.06106870229007633,0.00010005599688156508,0.16741466522216797,True
986,20,0.0,0.00010028999895439483,0.16747570037841797,True
987,104,0.01526717557251911,9.721199967316352e-05,0.16746044158935547,True
988,174,0.0,9.262900130124763e-05,0.16747570037841797,True
989,182,0.03053435114503822,9.213199882651679e-05,0.16744518280029297,True
990,111,0.03053435114503822,9.606100138626061e-05,0.16744518280029297,False
991,138,0.007633587786259555,9.228300041286275e-05,0.16746807098388672,True
992,24,0.022900763358778664,9.267800123780034e-05,0.16745281219482422,False
993,112,0.04580152671755722,9.749200035003014e-05,0.16742992401123047,True
994,37,0.01526717557251911,9.775499711395241e-05,0.16746044158935547,True
995,19,0.022900763358778664,9.39109995670151e-05,0.16745281219482422,True
996,80,0.06870229007633588,0.00010331199882784858,0.16740703582763672,False
997,103,0.03053435114503822,9.666400001151487e-05,0.16744518280029297,True
998,41,0.07633587786259544,9.426199903828092e-05,0.16739940643310547,True
999,54,0.007633587786259555,9.407099787495099e-05,0.16746807098388672,True
1000,170,0.022900763358778664,9.470100121689029e-05,0.16745281219482422,True
1001,75,0.022900763358778664,9.140499969362281e-05,0.16745281219482422,True
1002,34,0.01526717557251911,9.47680018725805e-05,0.16746044158935547,False
1003,156,0.022900763358778664,9.459400098421611e-05,0.16745281219482422,True
1004,125,0.0992366412213741,9.708700235933065e-05,0.16737651824951172,False
1005,56,0.007633587786259555,9.75520015344955e-05,0.16746807098388672,True
1006,73,0.06106870229007633,9.460300134378485e-05,0.16741466522216797,False
1007,186,0.03053435114503822,9.344400314148515e-05,0.16744518280029297,True
1008,169,0.0,9.095000132219866e-05,0.16747570037841797,True
1009,84,0.007633587786259555,0.00010565599950496107,0.16746807098388672,True
1010,141,0.10687022900763354,9.724100164021365e-05,0.16736888885498047,True
1011,6,0.022900763358778664,0.00012779100143234245,0.16749858856201172,True
1012,55,0.007633587786259555,9.465100083616562e-05,0.16746807098388672,True
1013,126,0.06106870229007633,9.545400098431855e-05,0.16741466522216797,True
1014,173,0.007633587786259555,9.535100252833217e-05,0.16746807098388672,True
1015,136,0.07633587786259544,9.558100282447413e-05,0.16739940643310547,True
1016,95,0.0,9.341699842480011e-05,0.16747570037841797,True
1017,46,0.022900763358778664,9.576400043442845e-05,0.16745281219482422,True
1018,5,0.007633587786259555,0.00010784600090119056,0.16746807098388672,True
1019,182,0.06106870229007633,0.0002536950014473405,0.16741466522216797,True
1020,16,0.04580152671755722,9.928299914463423e-05,0.16742992401123047,True
1021,159,0.01526717557251911,9.777400191524066e-05,0.16746044158935547,True
1022,112,0.08396946564885499,9.474400212639011e-05,0.16739177703857422,True
1023,5,0.007633587786259555,9.492300159763545e-05,0.16746807098388672,True
1024,11,0.01526717557251911,9.645300087868236e-05,0.16746044158935547,True
1025,175,0.03816793893129766,9.477099956711754e-05,0.16743755340576172,True
1026,163,0.09160305343511455,0.00010118900172528811,0.16738414764404297,True
1027,108,0.01526717557251911,9.4907998573035e-05,0.16746044158935547,True
1028,87,0.022900763358778664,9.839300037128851e-05,0.16745281219482422,True
1029,53,0.022900763358778664,9.484600013820454e-05,0.16745281219482422,True
1030,165,0.06106870229007633,0.00010070700227515772,0.16741466522216797,True
1031,160,0.007633587786259555,0.00010234699948341586,0.16746807098388672,True
1032,4,0.05343511450381677,9.818999751587398e-05,0.16746807098388672,True
1033,155,0.06870229007633588,9.555699944030493e-05,0.16740703582763672,False
1034,20,0.007633587786259555,9.975200009648688e-05,0.16746807098388672,True
1035,20,0.022900763358778664,0.00010019699766417034,0.16745281219482422,True
1036,103,0.01526717557251911,9.529100134386681e-05,0.16746044158935547,True
1037,139,0.07633587786259544,0.00010302599912392907,0.16739940643310547,True
1038,126,0.06106870229007633,0.00010924399975920096,0.16741466522216797,True
1039,43,0.05343511450381677,9.705299817142077e-05,0.16742229461669922,False
1040,126,0.03053435114503822,9.78700009000022e-05,0.16744518280029297,True
1041,70,0.0,9.25070016819518e-05,0.16747570037841797,True
1042,5,0.1145038167938931,9.9409997346811e-05,0.16736125946044922,False
1043,84,0.03816793893129766,0.00010062599903903902,0.16743755340576172,True
1044,76,0.007633587786259555,0.00016536600014660507,0.16746807098388672,True
1045,11,0.022900763358778664,0.00010727500193752348,0.16745281219482422,True
1046,46,0.01526717557251911,0.0001523890023236163,0.16746044158935547,True
1047,94,0.03816793893129766,0.00012149699978181161,0.16743755340576172,True
1048,109,0.022900763358778664,0.0001530599984107539,0.16745281219482422,True
1049,172,0.022900763358778664,9.334000060334802e-05,0.16745281219482422,True
1050,53,0.01526717557251911,9.577799937687814e-05,0.16746044158935547,True
1051,87,0.08396946564885499,9.672800297266804e-05,0.16739177703857422,True
1052,169,0.01526717557251911,9.197299732477404e-05,0.16746044158935547,True
1053,76,0.022900763358778664,9.527299698675051e-05,0.16745281219482422,False
1054,172,0.007633587786259555,9.33599985728506e-05,0.16746807098388672,True
1055,34,0.007633587786259555,0.00010016400119639002,0.16746807098388672,True
1056,169,0.03816793893129766,9.93430003290996e-05,0.16743755340576172,True
1057,191,0.05343511450381677,9.655499889049679e-05,0.16742229461669922,True
1058,169,0.01526717557251911,0.00010056999963126145,0.16746044158935547,True
1059,173,0.0,9.490400043432601e-05,0.16747570037841797,True
1060,15,0.007633587786259555,9.821999992709607e-05,0.16746807098388672,True
1061,101,0.03053435114503822,0.00011004699990735389,0.16744518280029297,True
1062,2,0.0,0.00010435700096422806,0.16752147674560547,True
1063,83,0.03816793893129766,9.602899808669463e-05,0.16743755340576172,True
1064,175,0.06870229007633588,9.657599730417132e-05,0.16740703582763672,True
1065,196,0.03053435114503822,0.00010076000035041943,0.16744518280029297,True
1066,44,0.03816793893129766,9.808100003283471e-05,0.16743755340576172,True
1067,159,0.03053435114503822,9.847500041360036e-05,0.16744518280029297,True
1068,2,0.04580152671755722,9.924700134433806e-05,0.16747570037841797,False
1069,31,0.1145038167938931,9.176399908028543e-05,0.16736125946044922,True
1070,34,0.007633587786259555,0.00010505499813007191,0.16746807098388672,True
1071,23,0.0,9.481300003244542e-05,0.16747570037841797,True
1072,94,0.022900763358778664,0.00010148600267712027,0.16745281219482422,True
1073,182,0.022900763358778664,0.00021139700038474984,0.16745281219482422,True
1074,60,0.007633587786259555,9.613799920771271e-05,0.16746807098388672,True
1075,170,0.05343511450381677,9.536700235912576e-05,0.16742229461669922,True
1076,93,0.07633587786259544,9.793999925022945e-05,0.16739940643310547,True
1077,159,0.03816793893129766,0.00010168299922952428,0.16743755340576172,True
1078,43,0.007633587786259555,9.77119998424314e-05,0.16746807098388672,True
1079,24,0.01526717557251911,9.289200170314871e-05,0.16746044158935547,True
1080,41,0.03053435114503822,9.443099770578556e-05,0.16744518280029297,True
1081,65,0.0,9.634299931349233e-05,0.16747570037841797,True
1082,13,0.10687022900763354,9.454899918637238e-05,0.16736888885498047,True
1083,112,0.03816793893129766,9.698600115370937e-05,0.16743755340576172,True
1084,174,0.01526717557251911,9.595699884812348e-05,0.16746044158935547,True
1085,120,0.022900763358778664,9.699200018076226e-05,0.16745281219482422,True
1086,34,0.022900763358778664,9.618799958843738e-05,0.16745281219482422,False
1087,103,0.03053435114503822,9.40549980441574e-05,0.16744518280029297,False
1088,78,0.007633587786259555,9.265700282412581e-05,0.16746807098388672,True
1089,79,0.01526717557251911,0.00011944399739149958,0.16746044158935547,True
1090,53,0.01526717557251911,9.439699715585448e-05,0.16746044158935547,True
1091,170,0.022900763358778664,9.976399815059267e-05,0.16745281219482422,True
1092,81,0.007633587786259555,9.797000166145153e-05,0.16746807098388672,True
1093,25,0.1145038167938931,0.00010201599798165262,0.16736125946044922,False
1094,14,0.1145038167938931,9.938899893313646e-05,0.16736125946044922,False
1095,99,0.1145038167938931,0.00010027600001194514,0.16736125946044922,True
1096,198,0.06870229007633588,9.842999861575663e-05,0.16740703582763672,True
1097,69,0.01526717557251911,9.759100066730753e-05,0.16746044158935547,True
1098,42,0.06106870229007633,9.241600128007121e-05,0.16741466522216797,True
1099,6,0.022900763358778664,0.0001026600002660416,0.16745281219482422,True
1100,98,0.04580152671755722,0.00010186600047745742,0.16742992401123047,True
1101,171,0.022900763358778664,9.504299669060856e-05,0.16745281219482422,True
1102,144,0.01526717557251911,9.35200005187653e-05,0.16746044158935547,True
1103,71,0.06106870229007633,0.00011171599908266217,0.16741466522216797,True
1104,169,0.007633587786259555,9.931300155585632e-05,0.16746807098388672,True
1105,86,0.007633587786259555,9.576799857313745e-05,0.16746807098388672,True
1106,89,0.01526717557251911,9.256500197807327e-05,0.16746044158935547,True
1107,182,0.022900763358778664,9.122000119532458e-05,0.16745281219482422,True
1108,126,0.0992366412213741,9.282999963033944e-05,0.16737651824951172,True
1109,79,0.04580152671755722,9.914199836202897e-05,0.16742992401123047,True
1110,92,0.09160305343511455,9.752000187290832e-05,0.16738414764404297,False
1111,127,0.007633587786259555,9.216000034939498e-05,0.16746807098388672,True
1112,130,0.01526717557251911,0.00011352299770805985,0.16746044158935547,True
1113,130,0.03816793893129766,9.799899999052286e-05,0.16743755340576172,True
1114,165,0.06870229007633588,0.0001001919990812894,0.16740703582763672,True
1115,45,0.01526717557251911,9.503099863650277e-05,0.16746044158935547,True
1116,38,0.10687022900763354,9.882299855235033e-05,0.16736888885498047,True
1117,100,0.07633587786259544,9.492599929217249e-05,0.16739940643310547,True
1118,96,0.03053435114503822,9.784200301510282e-05,0.16744518280029297,True
1119,24,0.007633587786259555,9.281400343752466e-05,0.16746807098388672,True
1120,102,0.007633587786259555,9.614000009605661e-05,0.16746807098388672,True
1121,19,0.022900763358778664,0.00010331399971619248,0.16745281219482422,True
1122,118,0.0,9.940900054061785e-05,0.16747570037841797,True
1123,117,0.05343511450381677,0.00011267000081716105,0.16742229461669922,True
1124,139,0.03053435114503822,9.637200128054246e-05,0.16744518280029297,True
1125,8,0.07633587786259544,0.00010606700016069226,0.16739940643310547,True
1126,190,0.022900763358778664,0.00010819799717864953,0.16745281219482422,True
1127,27,0.0,9.626699829823337e-05,0.16747570037841797,True
1128,67,0.04580152671755722,0.00011393300155759789,0.16742992401123047,True
1129,180,0.007633587786259555,9.853600204223767e-05,0.16746807098388672,True
1130,63,0.007633587786259555,9.379399853060022e-05,0.16746807098388672,True
1131,116,0.03053435114503822,0.00010941599975922145,0.16744518280029297,True
1132,104,0.01526717557251911,9.798700193641707e-05,0.16746044158935547,True
1133,156,0.01526717557251911,9.347599916509353e-05,0.16746044158935547,True
1134,11,0.04580152671755722,9.357999806525186e-05,0.16742992401123047,True
1135,97,0.007633587786259555,9.636600225348957e-05,0.16746807098388672,True
1136,170,0.05343511450381677,9.665999823482707e-05,0.16742229461669922,True
1137,53,0.01526717557251911,0.00011560799975995906,0.16746044158935547,True
1138,76,0.06870229007633588,9.4295999588212e-05,0.16740703582763672,True
1139,185,0.007633587786259555,9.632900037104264e-05,0.16746807098388672,True
1140,191,0.05343511450381677,0.00012098699880880304,0.16742229461669922,True
1141,41,0.01526717557251911,0.00010582500181044452,0.16746044158935547,True
1142,24,0.03816793893129766,9.624199810787104e-05,0.16743755340576172,False
1143,7,0.0,9.456499901716597e-05,0.16747570037841797,True
1144,115,0.01526717557251911,9.463599781156518e-05,0.16746044158935547,True
1145,18,0.022900763358778664,9.5856001280481e-05,0.16745281219482422,True
1146,8,0.01526717557251911,9.841000064625405e-05,0.16746044158935547,True
1147,102,0.007633587786259555,9.564200081513263e-05,0.16746807098388672,True
1148,169,0.0,9.340299948235042e-05,0.16747570037841797,True
1149,56,0.022900763358778664,9.62310004979372e-05,0.16745281219482422,True
1150,31,0.0992366412213741,9.537299774819985e-05,0.16737651824951172,True
1151,126,0.06870229007633588,0.00011094200090155937,0.16740703582763672,True
1152,56,0.04580152671755722,9.665499965194613e-05,0.16742992401123047,True
1153,9,0.01526717557251911,9.851199865806848e-05,0.16746044158935547,True
1154,61,0.01526717557251911,0.00013064399900031276,0.16746044158935547,True
1155,23,0.007633587786259555,9.462199886911549e-05,0.16746807098388672,True
1156,79,0.03053435114503822,9.593399954610504e-05,0.16744518280029297,True
1157,16,0.007633587786259555,9.536699872114696e-05,0.16746807098388672,True
1158,20,0.03053435114503822,9.850800051935948e-05,0.16744518280029297,True
1159,56,0.06106870229007633,0.00010788000145112164,0.16741466522216797,False
1160,12,0.01526717557251911,0.0001102070018532686,0.16746044158935547,False
1161,53,0.022900763358778664,9.669399878475815e-05,0.16745281219482422,True
1162,170,0.05343511450381677,0.00011911099863937125,0.16742229461669922,True
1163,56,0.007633587786259555,0.00012599800174939446,0.16746807098388672,True
1164,114,0.01526717557251911,9.18119985726662e-05,0.16746044158935547,True
1165,15,0.03053435114503822,9.687200144981034e-05,0.16744518280029297,True
1166,41,0.007633587786259555,9.930400119628757e-05,0.16746807098388672,True
1167,51,0.03053435114503822,9.659499846748076e-05,0.16744518280029297,True
1168,79,0.06870229007633588,9.678900096332654e-05,0.16740703582763672,True
1169,188,0.06870229007633588,0.00010665800073184073,0.16740703582763672,True
1170,11,0.01526717557251911,9.66139996307902e-05,0.16746044158935547,True
1171,5,0.022900763358778664,0.0001082460003090091,0.16745281219482422,True
1172,71,0.04580152671755722,0.00010219500109087676,0.16742992401123047,True
1173,114,0.01526717557251911,9.555500218993984e-05,0.16746044158935547,True
1174,71,0.07633587786259544,9.71730005403515e-05,0.16739940643310547,True
1175,23,0.0,9.870700159808621e-05,0.16747570037841797,True
1176,118,0.05343511450381677,0.0001013510009215679,0.16742229461669922,False
1177,187,0.007633587786259555,0.00011692800035234541,0.16746807098388672,True
1178,136,0.08396946564885499,9.483200119575486e-05,0.16739177703857422,True
1179,102,0.007633587786259555,0.00010231299893348478,0.16746807098388672,True
1180,122,0.022900763358778664,9.607800166122615e-05,0.16745281219482422,True
1181,52,0.10687022900763354,9.722899994812906e-05,0.16736888885498047,True
1182,54,0.007633587786259555,0.00010317600026610307,0.16746807098388672,True
1183,1,0.05343511450381677,0.00010417999874334782,0.16742229461669922,True
1184,61,0.0,9.580799815012142e-05,0.16747570037841797,True
1185,121,0.01526717557251911,9.554099960951135e-05,0.16746044158935547,True
1186,115,0.01526717557251911,9.772900011739694e-05,0.16746044158935547,True
1187,49,0.022900763358778664,9.908200081554241e-05,0.16745281219482422,True
1188,126,0.05343511450381677,9.282400060328655e-05,0.16742229461669922,True
1189,116,0.03053435114503822,0.00010186500003328547,0.16744518280029297,True
1190,148,0.03053435114503822,0.0001005769991024863,0.16744518280029297,True
1191,132,0.007633587786259555,9.838299956754781e-05,0.16746807098388672,True
1192,36,0.03816793893129766,0.0001151569995272439,0.16743755340576172,True
1193,64,0.06106870229007633,9.627899999031797e-05,0.16741466522216797,True
1194,137,0.022900763358778664,9.514599878457375e-05,0.16745281219482422,True
1195,19,0.022900763358778664,9.557999874232337e-05,0.16745281219482422,True
1196,10,0.10687022900763354,9.682399831945077e-05,0.16736888885498047,False
1197,174,0.01526717557251911,9.281999882659875e-05,0.16746044158935547,True
1198,110,0.05343511450381677,9.873200178844854e-05,0.16742229461669922,True
1199,19,0.01526717557251911,9.66890002018772e-05,0.16746044158935547,True
1200,79,0.01526717557251911,9.500600208411925e-05,0.16746044158935547,True
1201,160,0.007633587786259555,9.337799929198809e-05,0.16746807098388672,True
1202,155,0.01526717557251911,9.701999806566164e-05,0.16746044158935547,True
1203,86,0.03053435114503822,9.631099965190515e-05,0.16744518280029297,True
1204,178,0.007633587786259555,9.2202997620916e-05,0.16746807098388672,True
1205,156,0.007633587786259555,0.00011208100113435648,0.16746807098388672,True
1206,40,0.03053435114503822,9.55500036070589e-05,0.16744518280029297,True
1207,34,0.01526717557251911,9.447800039197318e-05,0.16746044158935547,True
1208,189,0.007633587786259555,9.566200242261402e-05,0.16746807098388672,True
1209,170,0.03816793893129766,9.758699889061972e-05,0.16743755340576172,True
1210,124,0.007633587786259555,0.00010431800183141604,0.16746807098388672,True
1211,20,0.01526717557251911,9.859200145001523e-05,0.16746044158935547,True
1212,198,0.03053435114503822,0.00010037699757958762,0.16744518280029297,True
1213,98,0.04580152671755722,0.00010084799941978417,0.16742992401123047,True
1214,87,0.022900763358778664,9.660599971539341e-05,0.16745281219482422,True
1215,86,0.01526717557251911,9.778399908100255e-05,0.16746044158935547,True
1216,101,0.09160305343511455,9.767600204213522e-05,0.16738414764404297,True
1217,34,0.007633587786259555,9.24359992495738e-05,0.16746807098388672,True
1218,82,0.06870229007633588,9.652299922890961e-05,0.16740703582763672,True
1219,147,0.01526717557251911,9.69500033534132e-05,0.16746044158935547,True
1220,79,0.05343511450381677,9.756900180946104e-05,0.16742229461669922,True
1221,152,0.06870229007633588,0.00010048100011772476,0.16740703582763672,False
1222,155,0.05343511450381677,9.693700121715665e-05,0.16742229461669922,True
1223,36,0.06106870229007633,9.832300202106126e-05,0.16741466522216797,True
1224,51,0.022900763358778664,9.39860001381021e-05,0.16745281219482422,True
1225,61,0.01526717557251911,9.634299931349233e-05,0.16746044158935547,True
1226,52,0.06870229007633588,0.00011054299829993397,0.16740703582763672,True
1227,53,0.007633587786259555,9.502399916527793e-05,0.16746807098388672,True
1228,187,0.01526717557251911,9.949899686034769e-05,0.16746044158935547,True
1229,164,0.06870229007633588,9.30499991227407e-05,0.16740703582763672,False
1230,34,0.01526717557251911,9.445700197829865e-05,0.16746044158935547,True
1231,19,0.01526717557251911,9.433699960936792e-05,0.16746044158935547,True
1232,126,0.04580152671755722,9.473600221099332e-05,0.16742992401123047,True
1233,81,0.007633587786259555,9.402999785379507e-05,0.16746807098388672,True
1234,139,0.0,9.556899749441072e-05,0.16747570037841797,True
1235,189,0.007633587786259555,9.655000030761585e-05,0.16746807098388672,True
1236,198,0.06870229007633588,9.927100109052844e-05,0.16740703582763672,True
1237,65,0.007633587786259555,9.567000233801082e-05,0.16746807098388672,True
1238,71,0.03053435114503822,0.00011337899923091754,0.16744518280029297,True
1239,76,0.022900763358778664,9.521299944026396e-05,0.16745281219482422,True
1240,143,0.03053435114503822,9.517299986327998e-05,0.16744518280029297,True
1241,158,0.007633587786259555,0.00010091999865835533,0.16746807098388672,True
1242,119,0.04580152671755722,0.00010715700045693666,0.16742992401123047,True
1243,12,0.03816793893129766,9.563500134390779e-05,0.16743755340576172,False
1244,21,0.06870229007633588,0.0001243639999302104,0.16740703582763672,False
1245,130,0.06106870229007633,9.852600123849697e-05,0.16741466522216797,True
1246,157,0.022900763358778664,0.00010121800005435944,0.16745281219482422,True
1247,121,0.03053435114503822,9.730099918670021e-05,0.16744518280029297,True
1248,130,0.07633587786259544,9.939599840436131e-05,0.16739940643310547,True
1249,187,0.03053435114503822,0.00023035699996398762,0.16744518280029297,True
1250,127,0.01526717557251911,9.675399996922351e-05,0.16746044158935547,False
1251,12,0.0,9.431500075152144e-05,0.16747570037841797,True
1252,71,0.022900763358778664,9.807300011743791e-05,0.16745281219482422,True
1253,130,0.03053435114503822,9.907400090014562e-05,0.16744518280029297,True
1254,43,0.01526717557251911,9.353900168207474e-05,0.16746044158935547,True
1255,79,0.03053435114503822,9.508799848845229e-05,0.16744518280029297,True
1256,169,0.0,9.378300092066638e-05,0.16747570037841797,True
1257,95,0.0,0.0001038310001604259,0.16747570037841797,True
1258,170,0.05343511450381677,9.9634999060072e-05,0.16742229461669922,True
1259,138,0.01526717557251911,9.449700155528262e-05,0.16746044158935547,True
1260,1,0.03816793893129766,9.858400153461844e-05,0.16743755340576172,True
1261,132,0.022900763358778664,0.00010040999768534675,0.16745281219482422,True
1262,170,0.022900763358778664,0.00010088599810842425,0.16745281219482422,True
1263,159,0.022900763358778664,9.683399912319146e-05,0.16745281219482422,True
1264,95,0.007633587786259555,0.00010315800318494439,0.16746807098388672,True
1265,37,0.01526717557251911,0.0001245280000148341,0.16746044158935547,True
1266,179,0.022900763358778664,9.647100159781985e-05,0.16745281219482422,True
1267,20,0.01526717557251911,9.919200238073245e-05,0.16746044158935547,True
1268,121,0.022900763358778664,0.0001045280005200766,0.16745281219482422,True
1269,126,0.07633587786259544,9.866600157693028e-05,0.16739940643310547,True
1270,34,0.007633587786259555,9.395799861522391e-05,0.16746807098388672,True
1271,139,0.03816793893129766,9.620700075174682e-05,0.16743755340576172,True
1272,53,0.022900763358778664,0.00010511499931453727,0.16745281219482422,False
1273,153,0.03053435114503822,9.786699956748635e-05,0.16744518280029297,True
1274,159,0.022900763358778664,0.00010226499944110401,0.16745281219482422,True
1275,19,0.03053435114503822,9.989200043492019e-05,0.16744518280029297,True
1276,27,0.007633587786259555,9.991800106945448e-05,0.16746807098388672,True
1277,34,0.01526717557251911,0.00010129399743163958,0.16746044158935547,False
1278,24,0.0,0.00010911999925156124,0.16747570037841797,True
1279,15,0.07633587786259544,9.50030007516034e-05,0.16739940643310547,True
1280,24,0.007633587786259555,0.00010424699939903803,0.16746807098388672,True
1281,132,0.07633587786259544,9.737000073073432e-05,0.16739940643310547,True
1282,65,0.007633587786259555,9.889300054055639e-05,0.16746807098388672,True
1283,147,0.007633587786259555,9.536499783280306e-05,0.16746807098388672,True
1284,15,0.01526717557251911,0.00011249800081714056,0.16746044158935547,True
1285,195,0.06870229007633588,9.961199975805357e-05,0.16740703582763672,True
1286,54,0.05343511450381677,9.325400242232718e-05,0.16742229461669922,True
1287,185,0.007633587786259555,9.917999705066904e-05,0.16746807098388672,True
1288,87,0.01526717557251911,9.83200006885454e-05,0.16746044158935547,True
1289,170,0.06106870229007633,9.484399924986064e-05,0.16741466522216797,True
1290,121,0.022900763358778664,9.718499859445728e-05,0.16745281219482422,True
1291,140,0.007633587786259555,9.234399840352125e-05,0.16746807098388672,False
1292,127,0.04580152671755722,9.356000009574927e-05,0.16742992401123047,True
1293,21,0.03816793893129766,9.458500062464736e-05,0.16743755340576172,True
1294,121,0.01526717557251911,0.0001108169999497477,0.16746044158935547,True
1295,138,0.007633587786259555,0.00010572200335445814,0.16746807098388672,True
1296,19,0.03053435114503822,9.315100032836199e-05,0.16744518280029297,True
1297,86,0.022900763358778664,9.557000157656148e-05,0.16745281219482422,True
1298,159,0.03053435114503822,9.669800056144595e-05,0.16744518280029297,True
1299,2,0.007633587786259555,9.824100197874941e-05,0.16751384735107422,True
1300,16,0.03053435114503822,0.00010565600314293988,0.16744518280029297,True
1301,77,0.007633587786259555,9.293600305682048e-05,0.16746807098388672,True
1302,52,0.04580152671755722,9.683400276117027e-05,0.16742992401123047,True
1303,152,0.01526717557251911,9.645699901739135e-05,0.16746044158935547,True
1304,20,0.08396946564885499,9.84029975370504e-05,0.16739177703857422,False
1305,28,0.03053435114503822,9.880699872155674e-05,0.16744518280029297,True
1306,182,0.03053435114503822,9.28919980651699e-05,0.16744518280029297,True
1307,121,0.01526717557251911,9.736100037116557e-05,0.16746044158935547,True
1308,112,0.08396946564885499,0.00011612700109253637,0.16739177703857422,True
1309,186,0.01526717557251911,9.403700096299872e-05,0.16746044158935547,True
1310,136,0.08396946564885499,9.844300075201318e-05,0.16739177703857422,True
1311,2,0.03816793893129766,0.00010005800140788779,0.16748332977294922,False
1312,26,0.03053435114503822,9.87129969871603e-05,0.16744518280029297,True
1313,120,0.022900763358778664,9.493399920756929e-05,0.16745281219482422,True
1314,166,0.022900763358778664,0.00010756000119727105,0.16745281219482422,True
1315,79,0.08396946564885499,9.758099986356683e-05,0.16739177703857422,True
1316,117,0.04580152671755722,0.00010235700028715655,0.16742992401123047,True
1317,18,0.022900763358778664,9.612600115360692e-05,0.16745281219482422,True
1318,76,0.06106870229007633,0.00011932699999306351,0.16741466522216797,False
1319,24,0.01526717557251911,9.477399726165459e-05,0.16746044158935547,True
1320,121,0.01526717557251911,9.847500041360036e-05,0.16746044158935547,True
1321,107,0.03053435114503822,9.790600233827718e-05,0.16744518280029297,True
1322,6,0.03053435114503822,0.00010426100197946653,0.16744518280029297,True
1323,113,0.03053435114503822,9.452000085730106e-05,0.16744518280029297,True
1324,38,0.0,9.765800132299773e-05,0.16747570037841797,True
1325,152,0.022900763358778664,9.794499783311039e-05,0.16745281219482422,True
1326,38,0.03053435114503822,0.00012132700067013502,0.16744518280029297,True
1327,24,0.007633587786259555,9.797099846764468e-05,0.16746807098388672,False
1328,69,0.022900763358778664,9.5856001280481e-05,0.16745281219482422,True
1329,37,0.022900763358778664,9.49870009208098e-05,0.16745281219482422,True
1330,6,0.03053435114503822,9.296200005337596e-05,0.16744518280029297,True
1331,117,0.07633587786259544,0.0001013590008369647,0.16739940643310547,True
1332,81,0.007633587786259555,9.625099846743979e-05,0.16746807098388672,True
1333,5,0.0,9.867599874269217e-05,0.16747570037841797,True
1334,17,0.01526717557251911,0.00010503000157768838,0.16746044158935547,True
1335,179,0.0,9.606800085748546e-05,0.16747570037841797,True
1336,120,0.01526717557251911,9.581400081515312e-05,0.16746044158935547,True
1337,2,0.03053435114503822,9.896800111164339e-05,0.16749095916748047,True
1338,175,0.06106870229007633,0.00010264299999107607,0.16741466522216797,True
1339,115,0.007633587786259555,9.633300214773044e-05,0.16746807098388672,True
1340,138,0.022900763358778664,9.18240002647508e-05,0.16745281219482422,True
1341,22,0.06106870229007633,0.0001022889991872944,0.16741466522216797,True
1342,160,0.01526717557251911,9.393800064572133e-05,0.16746044158935547,True
1343,61,0.01526717557251911,0.00010791599925141782,0.16746044158935547,True
1344,43,0.007633587786259555,9.542199768475257e-05,0.16746807098388672,True
1345,20,0.06106870229007633,0.00010543100142967887,0.16741466522216797,True
1346,28,0.022900763358778664,9.488800060353242e-05,0.16745281219482422,True
1347,121,0.01526717557251911,9.568500172463246e-05,0.16746044158935547,True
1348,133,0.007633587786259555,0.00029591500060632825,0.16746807098388672,True
1349,170,0.04580152671755722,9.613200018065982e-05,0.16742992401123047,True
1350,158,0.04580152671755722,9.906100240186788e-05,0.16742992401123047,True
1351,196,0.05343511450381677,9.77790004981216e-05,0.16742229461669922,True
1352,169,0.0,9.098300142795779e-05,0.16747570037841797,True
1353,12,0.05343511450381677,9.687100100563839e-05,0.16742229461669922,False
1354,102,0.007633587786259555,9.514199700788595e-05,0.16746807098388672,True
1355,166,0.007633587786259555,0.0001667200012889225,0.16746807098388672,True
1356,3,0.007633587786259555,0.00010180999743170105,0.16751384735107422,True
1357,157,0.007633587786259555,0.00012865000098827295,0.16746807098388672,True
1358,24,0.01526717557251911,9.388900070916861e-05,0.16746044158935547,False
1359,39,0.007633587786259555,9.419599882676266e-05,0.16746807098388672,True
1360,147,0.03816793893129766,9.557800149195828e-05,0.16743755340576172,True
1361,25,0.10687022900763354,9.804900037124753e-05,0.16736888885498047,False
1362,69,0.022900763358778664,9.664699973654933e-05,0.16745281219482422,True
1363,120,0.06106870229007633,9.695300104795024e-05,0.16741466522216797,True
1364,137,0.022900763358778664,9.994500214816071e-05,0.16745281219482422,True
1365,75,0.03053435114503822,0.00010254899825667962,0.16744518280029297,False
1366,164,0.06106870229007633,9.327000225312077e-05,0.16741466522216797,False
1367,86,0.05343511450381677,9.463999958825298e-05,0.16742229461669922,True
1368,101,0.04580152671755722,0.00012167400200269185,0.16742992401123047,True
1369,133,0.05343511450381677,0.00011348000043653883,0.16742229461669922,False
1370,79,0.022900763358778664,0.0001111940000555478,0.16745281219482422,True
1371,164,0.04580152671755722,0.00011901100151590072,0.16742992401123047,False
1372,152,0.03053435114503822,0.00011821500083897263,0.16744518280029297,True
1373,110,0.03053435114503822,0.00010655799997039139,0.16744518280029297,True
1374,156,0.022900763358778664,9.80990007519722e-05,0.16745281219482422,True
1375,147,0.022900763358778664,0.0001007959981507156,0.16745281219482422,True
1376,170,0.04580152671755722,9.564200081513263e-05,0.16742992401123047,True
1377,98,0.10687022900763354,0.00010613199992803857,0.16736888885498047,True
1378,169,0.01526717557251911,0.00011684099808917381,0.16746044158935547,True
1379,130,0.09160305343511455,0.0001095650004572235,0.16738414764404297,True
1380,190,0.007633587786259555,9.725900235935114e-05,0.16746807098388672,True
1381,134,0.022900763358778664,9.207900075125508e-05,0.16745281219482422,True
1382,67,0.03053435114503822,0.00010269700214848854,0.16744518280029297,True
1383,20,0.03053435114503822,0.00010124500113306567,0.16744518280029297,True
1384,122,0.022900763358778664,0.0001069939971785061,0.16745281219482422,True
1385,119,0.03816793893129766,0.00010354799815104343,0.16743755340576172,True
1386,136,0.08396946564885499,9.511000098427758e-05,0.16739177703857422,True
1387,180,0.01526717557251911,9.481899905949831e-05,0.16746044158935547,True
1388,97,0.007633587786259555,0.00011639200238278136,0.16746807098388672,True
1389,54,0.022900763358778664,9.308500011684373e-05,0.16745281219482422,False
1390,79,0.07633587786259544,9.70859982771799e-05,0.16739940643310547,True
1391,45,0.01526717557251911,0.00010753599781310186,0.16746044158935547,True
1392,72,0.007633587786259555,0.00010914000085904263,0.16746807098388672,True
1393,12,0.03053435114503822,9.876000331132673e-05,0.16744518280029297,False
1394,87,0.03816793893129766,9.664700337452814e-05,0.16743755340576172,True
1395,169,0.01526717557251911,9.53739981923718e-05,0.16746044158935547,True
1396,120,0.03816793893129766,9.582699931343086e-05,0.16743755340576172,True
1397,19,0.03053435114503822,9.465699986321852e-05,0.16744518280029297,True
1398,83,0.03053435114503822,9.556499935570173e-05,0.16744518280029297,True
1399,24,0.007633587786259555,9.457899795961566e-05,0.16746807098388672,True
1400,186,0.01526717557251911,0.00010531699808780104,0.16746044158935547,True
1401,107,0.022900763358778664,9.73170026554726e-05,0.16745281219482422,True
1402,24,0.01526717557251911,9.523199696559459e-05,0.16746044158935547,False
1403,85,0.05343511450381677,9.729000157676637e-05,0.16742229461669922,True
1404,170,0.03053435114503822,0.00010826700236066245,0.16744518280029297,True
1405,147,0.022900763358778664,9.416600005351938e-05,0.16745281219482422,True
1406,16,0.10687022900763354,9.424300151295029e-05,0.16736888885498047,False
1407,41,0.022900763358778664,9.418599802302197e-05,0.16745281219482422,True
1408,24,0.0,0.00010170400128117763,0.16747570037841797,True
1409,37,0.022900763358778664,9.459200009587221e-05,0.16745281219482422,True
1410,97,0.05343511450381677,9.318599768448621e-05,0.16742229461669922,True
1411,42,0.17557251908396942,9.330299872090109e-05,0.16730022430419922,False
1412,81,0.01526717557251911,9.643900193623267e-05,0.16746044158935547,True
1413,170,0.04580152671755722,9.542499901726842e-05,0.16742992401123047,True
1414,61,0.01526717557251911,9.456000043428503e-05,0.16746044158935547,True
1415,86,0.01526717557251911,9.491099990555085e-05,0.16746044158935547,True
1416,142,0.007633587786259555,9.672500164015219e-05,0.16746807098388672,True
1417,36,0.06106870229007633,9.86359991657082e-05,0.16741466522216797,True
1418,195,0.04580152671755722,9.987700104829855e-05,0.16742992401123047,True
1419,9,0.06870229007633588,9.572400085744448e-05,0.16740703582763672,True
1420,37,0.01526717557251911,9.478199717705138e-05,0.16746044158935547,True
1421,69,0.05343511450381677,0.0001122760004363954,0.16742229461669922,True
1422,155,0.007633587786259555,9.543000123812817e-05,0.16746807098388672,True
1423,10,0.022900763358778664,0.00010815499990712851,0.16745281219482422,True
1424,96,0.10687022900763354,9.799300096346997e-05,0.16736888885498047,False
1425,170,0.03053435114503822,9.729399971547537e-05,0.16744518280029297,True
1426,56,0.01526717557251911,0.0001040660026774276,0.16746044158935547,True
1427,98,0.08396946564885499,0.00010133500109077431,0.16739177703857422,True
1428,103,0.06106870229007633,9.508299990557134e-05,0.16741466522216797,True
1429,107,0.01526717557251911,9.400500130141154e-05,0.16746044158935547,True
1430,24,0.007633587786259555,9.291999958804809e-05,0.16746807098388672,True
1431,80,0.007633587786259555,9.476099876337685e-05,0.16746807098388672,True
1432,147,0.007633587786259555,0.00010074099918710999,0.16746807098388672,True
1433,116,0.007633587786259555,9.302599937655032e-05,0.16746807098388672,True
1434,80,0.022900763358778664,9.42250007938128e-05,0.16745281219482422,False
1435,172,0.007633587786259555,9.311900066677481e-05,0.16746807098388672,True
1436,141,0.01526717557251911,0.0001153880002675578,0.16746044158935547,True
1437,86,0.01526717557251911,9.583099745213985e-05,0.16746044158935547,True
1438,11,0.022900763358778664,0.00010221899719908834,0.16745281219482422,True
1439,41,0.03053435114503822,0.00010363200271967798,0.16744518280029297,True
1440,187,0.022900763358778664,9.697099812910892e-05,0.16745281219482422,True
1441,196,0.09160305343511455,0.00010076000035041943,0.16738414764404297,True
1442,55,0.01526717557251911,0.00010188400119659491,0.16746044158935547,True
1443,63,0.03816793893129766,0.0001048459998855833,0.16743755340576172,True
1444,56,0.01526717557251911,9.882700032903813e-05,0.16746044158935547,True
1445,6,0.01526717557251911,9.337300070910715e-05,0.16746044158935547,True
1446,147,0.03816793893129766,9.486599810770713e-05,0.16743755340576172,True
1447,20,0.0992366412213741,0.00010059700070996769,0.16737651824951172,True
1448,19,0.04580152671755722,9.518400111119263e-05,0.16742992401123047,True
1449,0,0.0,0.00010700200073188171,0.16755962371826172,True
1450,38,0.03053435114503822,0.0001056080000125803,0.16744518280029297,True
1451,37,0.01526717557251911,0.00010086299880640581,0.16746044158935547,True
1452,69,0.04580152671755722,9.760899774846621e-05,0.16742992401123047,True
1453,104,0.0,9.49870009208098e-05,0.16747570037841797,True
1454,80,0.007633587786259555,9.784800204215571e-05,0.16746807098388672,False
1455,60,0.007633587786259555,9.495799895375967e-05,0.16746807098388672,True
1456,198,0.06870229007633588,0.0001074739993782714,0.16740703582763672,True
1457,198,0.06870229007633588,0.00010012499842559919,0.16740703582763672,True
1458,148,0.01526717557251911,0.00011245600035181269,0.16746044158935547,True
1459,20,0.06106870229007633,0.00010398799713584594,0.16741466522216797,True
1460,121,0.01526717557251911,9.900900113279931e-05,0.16746044158935547,True
1461,130,0.05343511450381677,0.00010714300151448697,0.16742229461669922,True
1462,70,0.0,9.226300244336016e-05,0.16747570037841797,True
1463,56,0.007633587786259555,9.717699867906049e-05,0.16746807098388672,True
1464,112,0.06870229007633588,0.00010022000060416758,0.16740703582763672,True
1465,69,0.01526717557251911,9.84819998848252e-05,0.16746044158935547,True
1466,120,0.03053435114503822,0.00010250299965264276,0.16744518280029297,True
1467,0,0.06870229007633588,9.73940004769247e-05,0.16749095916748047,False
1468,129,0.007633587786259555,0.00010116800331161357,0.16746807098388672,True
1469,81,0.06870229007633588,0.00010381700121797621,0.16740703582763672,False
1470,186,0.05343511450381677,0.00011440999878686853,0.16742229461669922,True
1471,168,0.08396946564885499,9.270699956687167e-05,0.16739177703857422,True
1472,170,0.06106870229007633,9.589000183041207e-05,0.16741466522216797,True
1473,121,0.01526717557251911,0.00010372600081609562,0.16746044158935547,True
1474,180,0.01526717557251911,0.00010087100235978141,0.16746044158935547,True
1475,80,0.01526717557251911,9.624299855204299e-05,0.16746044158935547,True
1476,197,0.10687022900763354,0.00010116500197909772,0.16736888885498047,True
1477,116,0.007633587786259555,9.57670017669443e-05,0.16746807098388672,True
1478,37,0.01526717557251911,9.479099753662013e-05,0.16746044158935547,True
1479,7,0.007633587786259555,0.00010341099914512597,0.16746807098388672,True
1480,18,0.022900763358778664,9.557799785397947e-05,0.16745281219482422,True
1481,86,0.01526717557251911,9.689899889053777e-05,0.16746044158935547,True
1482,24,0.007633587786259555,9.657299960963428e-05,0.16746807098388672,True
1483,41,0.01526717557251911,9.370099724037573e-05,0.16746044158935547,True
1484,12,0.007633587786259555,9.355400106869638e-05,0.16746807098388672,False
1485,11,0.022900763358778664,9.638600022299215e-05,0.16745281219482422,True
1486,40,0.06870229007633588,9.94140027614776e-05,0.16740703582763672,True
1487,45,0.007633587786259555,9.558699821354821e-05,0.16746807098388672,True
1488,75,0.007633587786259555,0.00010264099910273217,0.16746807098388672,False
1489,28,0.007633587786259555,9.744199996930547e-05,0.16746807098388672,True
1490,36,0.06870229007633588,0.00010151999958907254,0.16740703582763672,True
1491,70,0.01526717557251911,9.254099859390408e-05,0.16746044158935547,True
1492,20,0.01526717557251911,0.0001125859998865053,0.16746044158935547,True
1493,87,0.07633587786259544,0.00011691599866026081,0.16739940643310547,True
1494,148,0.022900763358778664,0.0001006540005619172,0.16745281219482422,True
1495,198,0.07633587786259544,9.972100087907165e-05,0.16739940643310547,True
1496,80,0.03053435114503822,9.380900155520067e-05,0.16744518280029297,False
1497,53,0.022900763358778664,9.825400047702715e-05,0.16745281219482422,True
1498,34,0.007633587786259555,9.422199946129695e-05,0.16746807098388672,True
1499,115,0.01526717557251911,9.413800216862e-05,0.16746044158935547,True
1500,177,0.03053435114503822,9.21259997994639e-05,0.16744518280029297,True
1501,152,0.03053435114503822,9.548500020173378e-05,0.16744518280029297,True
1502,87,0.01526717557251911,9.717200009617954e-05,0.16746044158935547,True
1503,15,0.03053435114503822,9.594899893272668e-05,0.16744518280029297,True
1504,5,0.022900763358778664,0.00010381700121797621,0.16745281219482422,True
1505,12,0.01526717557251911,0.00010077800106955692,0.16746044158935547,False
1506,148,0.007633587786259555,9.742199836182408e-05,0.16746807098388672,True
1507,147,0.022900763358778664,9.594199946150184e-05,0.16745281219482422,True
1508,111,0.03053435114503822,0.0001009679981507361,0.16744518280029297,False
1509,95,0.022900763358778664,0.00010198399832006544,0.16745281219482422,True
1510,32,0.007633587786259555,9.519800005364232e-05,0.16746807098388672,True
1511,87,0.007633587786259555,9.58580021688249e-05,0.16746807098388672,True
1512,163,0.09160305343511455,0.00010985699918819591,0.16738414764404297,True
1513,115,0.01526717557251911,9.270199734601192e-05,0.16746044158935547,True
1514,127,0.007633587786259555,9.379599941894412e-05,0.16746807098388672,True
1515,96,0.05343511450381677,9.992400009650737e-05,0.16742229461669922,True
1516,160,0.01526717557251911,9.451799996895716e-05,0.16746044158935547,True
1517,29,0.08396946564885499,9.738699736772105e-05,0.16739177703857422,True
1518,169,0.007633587786259555,0.00010261799980071373,0.16746807098388672,True
1519,53,0.007633587786259555,0.00010426399967400357,0.16746807098388672,True
1520,130,0.03053435114503822,9.767400115379132e-05,0.16744518280029297,True
1521,179,0.01526717557251911,9.58299970079679e-05,0.16746044158935547,True
1522,86,0.01526717557251911,9.933399996953085e-05,0.16746044158935547,True
1523,3,0.03053435114503822,9.891700028674677e-05,0.16749095916748047,False
1524,168,0.022900763358778664,9.348900130135007e-05,0.16745281219482422,True
1525,47,0.022900763358778664,9.416899774805643e-05,0.16745281219482422,True
1526,56,0.01526717557251911,9.521899846731685e-05,0.16746044158935547,True
1527,189,0.0,9.528800001135096e-05,0.16747570037841797,True
1528,16,0.01526717557251911,9.577400123816915e-05,0.16746044158935547,True
1529,34,0.007633587786259555,9.328599844593555e-05,0.16746807098388672,True
1530,5,0.01526717557251911,9.442000009585172e-05,0.16746044158935547,True
1531,198,0.06870229007633588,0.00010060799831990153,0.16740703582763672,True
1532,98,0.03816793893129766,0.00010094199751620181,0.16743755340576172,True
1533,127,0.01526717557251911,9.680200309958309e-05,0.16746044158935547,True
1534,169,0.0,9.369100007461384e-05,0.16747570037841797,True
1535,80,0.007633587786259555,0.00010824100172612816,0.16746807098388672,True
1536,119,0.07633587786259544,0.00010027699681813829,0.16739940643310547,True
1537,152,0.06106870229007633,0.00012690099902101792,0.16741466522216797,False
1538,12,0.007633587786259555,0.00010618099986459129,0.16746807098388672,False
1539,20,0.022900763358778664,9.875099931377918e-05,0.16745281219482422,True
1540,177,0.03053435114503822,9.185499948216602e-05,0.16744518280029297,True
1541,44,0.01526717557251911,0.0001011320018733386,0.16746044158935547,True
1542,79,0.03816793893129766,9.402299838257022e-05,0.16743755340576172,True
1543,37,0.01526717557251911,9.412399958819151e-05,0.16746044158935547,True
1544,149,0.01526717557251911,9.61439982347656e-05,0.16746044158935547,True
1545,160,0.06106870229007633,9.470100121689029e-05,0.16741466522216797,False
1546,15,0.022900763358778664,9.662099910201505e-05,0.16745281219482422,True
1547,174,0.007633587786259555,0.00012532299660961144,0.16746807098388672,True
1548,182,0.06870229007633588,0.00010683899745345116,0.16740703582763672,False
1549,190,0.01526717557251911,9.918399882735685e-05,0.16746044158935547,True
1550,99,0.12213740458015265,0.00011226399874431081,0.16735363006591797,True
1551,117,0.04580152671755722,0.00010566099808784202,0.16742992401123047,True
1552,79,0.06870229007633588,0.00011663999976008199,0.16740703582763672,True
1553,80,0.007633587786259555,9.310500172432512e-05,0.16746807098388672,False
1554,2,0.022900763358778664,9.717899956740439e-05,0.16749858856201172,True
1555,76,0.01526717557251911,9.348799721919931e-05,0.16746044158935547,True
1556,16,0.04580152671755722,9.719399895402603e-05,0.16742992401123047,True
1557,103,0.03053435114503822,9.587499880581163e-05,0.16744518280029297,True
1558,86,0.01526717557251911,0.0001035979985317681,0.16746044158935547,True
1559,170,0.06870229007633588,0.00011139699927298352,0.16740703582763672,True
1560,21,0.01526717557251911,9.515099736745469e-05,0.16746044158935547,True
1561,48,0.022900763358778664,0.00010082900189445354,0.16745281219482422,True
1562,15,0.007633587786259555,9.68489985098131e-05,0.16746807098388672,True
1563,20,0.06870229007633588,9.939000301528722e-05,0.16740703582763672,True
1564,67,0.03053435114503822,0.0001012819993775338,0.16744518280029297,True
1565,1,0.022900763358778664,9.966200013877824e-05,0.16745281219482422,True
1566,115,0.01526717557251911,9.440400026505813e-05,0.16746044158935547,True
1567,186,0.03053435114503822,0.00010015099906013347,0.16744518280029297,True
1568,142,0.007633587786259555,9.97219976852648e-05,0.16746807098388672,True
1569,118,0.0,9.949199738912284e-05,0.16747570037841797,True
1570,37,0.0,0.0001231380010722205,0.16747570037841797,True
1571,24,0.04580152671755722,9.35079988266807e-05,0.16742992401123047,True
1572,5,0.05343511450381677,9.512899850960821e-05,0.16742229461669922,True
1573,42,0.05343511450381677,0.0001026559984893538,0.16742229461669922,False
1574,21,0.01526717557251911,0.00014070999895920977,0.16746044158935547,True
1575,126,0.022900763358778664,0.00011179300054209307,0.16745281219482422,True
1576,53,0.022900763358778664,0.00010545899931457825,0.16745281219482422,True
1577,9,0.01526717557251911,9.868399865808897e-05,0.16746044158935547,True
1578,146,0.03816793893129766,9.454700193600729e-05,0.16743755340576172,False
1579,37,0.0,0.0002123949998349417,0.16747570037841797,True
1580,79,0.01526717557251911,0.00010667599781299941,0.16746044158935547,True
1581,0,0.007633587786259555,0.0001001900018309243,0.16755199432373047,True
1582,182,0.007633587786259555,0.00012800399781554006,0.16746807098388672,True
1583,65,0.01526717557251911,9.429099736735225e-05,0.16746044158935547,True
1584,48,0.06870229007633588,9.741800022311509e-05,0.16740703582763672,True
1585,98,0.07633587786259544,0.00010948900307994336,0.16739940643310547,True
1586,43,0.007633587786259555,9.574299838277511e-05,0.16746807098388672,True
1587,80,0.022900763358778664,9.417499677510932e-05,0.16745281219482422,True
1588,155,0.007633587786259555,9.962999683921225e-05,0.16746807098388672,True
1589,41,0.007633587786259555,9.505799971520901e-05,0.16746807098388672,True
1590,95,0.007633587786259555,0.0002755030000116676,0.16746807098388672,False
1591,157,0.01526717557251911,9.997600136557594e-05,0.16746044158935547,True
1592,34,0.01526717557251911,9.337899973616004e-05,0.16746044158935547,True
1593,20,0.06106870229007633,9.83300014922861e-05,0.16741466522216797,True
1594,95,0.0,9.21300015761517e-05,0.16747570037841797,True
1595,96,0.03053435114503822,9.984999996959232e-05,0.16744518280029297,True
1596,53,0.03053435114503822,0.00011031400208594278,0.16744518280029297,True
1597,104,0.007633587786259555,9.45370011322666e-05,0.16746807098388672,True
1598,197,0.06870229007633588,0.0001073200000973884,0.16740703582763672,True
1599,112,0.07633587786259544,9.7154999821214e-05,0.16739940643310547,True
1600,159,0.03816793893129766,9.671400039223954e-05,0.16743755340576172,True
1601,140,0.0,9.302999751525931e-05,0.16747570037841797,True
1602,8,0.03053435114503822,9.963400225387886e-05,0.16744518280029297,True
1603,101,0.03816793893129766,9.643999874242581e-05,0.16743755340576172,True
1604,156,0.03816793893129766,0.00012300500020501204,0.16743755340576172,True
1605,77,0.007633587786259555,9.418800254934467e-05,0.16746807098388672,True
1606,28,0.01526717557251911,0.00011340700075379573,0.16746044158935547,True
1607,133,0.007633587786259555,0.00010235299851046875,0.16746807098388672,True
1608,40,0.007633587786259555,9.765600043465383e-05,0.16746807098388672,True
1609,21,0.022900763358778664,9.45270003285259e-05,0.16745281219482422,True
1610,56,0.01526717557251911,0.00012785800208803266,0.16746044158935547,True
1611,2,0.007633587786259555,9.810499977902509e-05,0.16751384735107422,True
1612,91,0.0,9.400900307809934e-05,0.16747570037841797,True
1613,155,0.01526717557251911,0.00010415400174679235,0.16746044158935547,True
1614,112,0.06106870229007633,0.00010866899901884608,0.16741466522216797,True
1615,11,0.022900763358778664,9.607600077288225e-05,0.16745281219482422,True
1616,174,0.06106870229007633,9.264400068786927e-05,0.16741466522216797,False
1617,60,0.007633587786259555,9.452599988435395e-05,0.16746807098388672,True
1618,44,0.03816793893129766,9.951500032912008e-05,0.16743755340576172,True
1619,32,0.007633587786259555,0.00011456900028861128,0.16746807098388672,True
1620,8,0.08396946564885499,0.00010192999980063178,0.16739177703857422,True
1621,198,0.05343511450381677,9.806100206333213e-05,0.16742229461669922,True
1622,121,0.022900763358778664,9.66360021266155e-05,0.16745281219482422,True
1623,11,0.01526717557251911,9.275499905925244e-05,0.16746044158935547,True
1624,48,0.01526717557251911,9.800299812923186e-05,0.16746044158935547,True
1625,127,0.0,9.247499838238582e-05,0.16747570037841797,True
1626,69,0.05343511450381677,0.00010033099897555076,0.16742229461669922,True
1627,26,0.10687022900763354,0.00011931699918932281,0.16736888885498047,True
1628,19,0.022900763358778664,0.00011108300168416463,0.16745281219482422,True
1629,60,0.0,9.481999950367026e-05,0.16747570037841797,True
1630,118,0.01526717557251911,9.390199920744635e-05,0.16746044158935547,False
1631,120,0.01526717557251911,0.00011498599997139536,0.16746044158935547,True
1632,170,0.03816793893129766,9.766799848875962e-05,0.16743755340576172,True
1633,158,0.01526717557251911,9.90330008789897e-05,0.16746044158935547,True
1634,106,0.07633587786259544,9.907599815051071e-05,0.16739940643310547,True
1635,96,0.05343511450381677,0.00010588200166239403,0.16742229461669922,True
1636,99,0.05343511450381677,9.996799781220034e-05,0.16742229461669922,True
1637,28,0.007633587786259555,0.00010978099817293696,0.16746807098388672,True
1638,60,0.0,9.651099753682502e-05,0.16747570037841797,True
1639,48,0.04580152671755722,9.88749998214189e-05,0.16742992401123047,True
1640,117,0.04580152671755722,0.00010137599747395143,0.16742992401123047,True
1641,48,0.007633587786259555,0.00011244799679843709,0.16746807098388672,True
1642,113,0.007633587786259555,9.361900083604269e-05,0.16746807098388672,True
1643,139,0.022900763358778664,0.00010397799997008406,0.16745281219482422,True
1644,98,0.08396946564885499,0.00010366199785494246,0.16739177703857422,True
1645,181,0.05343511450381677,9.643199882702902e-05,0.16742229461669922,False
1646,142,0.05343511450381677,9.788600073079579e-05,0.16742229461669922,True
1647,136,0.05343511450381677,0.00010409500100649893,0.16742229461669922,True
1648,86,0.01526717557251911,0.0001170960022136569,0.16746044158935547,True
1649,142,0.01526717557251911,9.663099990575574e-05,0.16746044158935547,True
1650,73,0.03053435114503822,0.00010154800111195073,0.16744518280029297,True
1651,53,0.03053435114503822,9.342100020148791e-05,0.16744518280029297,True
1652,24,0.007633587786259555,0.0001235130002896767,0.16746807098388672,True
1653,48,0.03053435114503822,9.761999899637885e-05,0.16744518280029297,True
1654,40,0.01526717557251911,9.596000018063933e-05,0.16746044158935547,True
1655,87,0.01526717557251911,9.720000161905773e-05,0.16746044158935547,True
1656,76,0.01526717557251911,9.660499927122146e-05,0.16746044158935547,True
1657,72,0.03816793893129766,0.00010552799722063355,0.16743755340576172,True
1658,169,0.022900763358778664,9.274699914385565e-05,0.16745281219482422,True
1659,103,0.04580152671755722,9.594900257070549e-05,0.16742992401123047,True
1660,37,0.01526717557251911,0.00010897799802478403,0.16746044158935547,True
1661,82,0.0,0.00010653400022420101,0.16747570037841797,True
1662,182,0.007633587786259555,9.359799878438935e-05,0.16746807098388672,True
1663,28,0.01526717557251911,0.0002268370008096099,0.16746044158935547,True
1664,196,0.0992366412213741,9.749599848873913e-05,0.16737651824951172,True
1665,45,0.007633587786259555,9.486499766353518e-05,0.16746807098388672,True
1666,87,0.03053435114503822,0.00010011000267695636,0.16744518280029297,True
1667,24,0.01526717557251911,9.353600034955889e-05,0.16746044158935547,True
1668,34,0.0,9.792999844648875e-05,0.16747570037841797,True
1669,24,0.007633587786259555,9.454199971514754e-05,0.16746807098388672,False
1670,93,0.05343511450381677,9.809599941945635e-05,0.16742229461669922,True
1671,120,0.03816793893129766,9.887600026559085e-05,0.16743755340576172,True
1672,24,0.007633587786259555,9.369100007461384e-05,0.16746807098388672,False
1673,56,0.01526717557251911,0.00023725000210106373,0.16746044158935547,True
1674,37,0.007633587786259555,9.716600106912665e-05,0.16746807098388672,True
1675,99,0.1145038167938931,9.748000229592435e-05,0.16736125946044922,True
1676,88,0.03816793893129766,9.763600246515125e-05,0.16743755340576172,True
1677,86,0.0,9.709499863674864e-05,0.16747570037841797,True
1678,18,0.0,0.0001244489976670593,0.16747570037841797,True
1679,130,0.09160305343511455,0.00011548799739102833,0.16738414764404297,True
1680,170,0.05343511450381677,0.00010000199836213142,0.16742229461669922,True
1681,24,0.03053435114503822,0.00010169799861614592,0.16744518280029297,True
1682,158,0.01526717557251911,0.00010185700011788867,0.16746044158935547,True
1683,103,0.03816793893129766,9.69949978752993e-05,0.16743755340576172,True
1684,114,0.01526717557251911,9.495699850958772e-05,0.16746044158935547,True
1685,165,0.07633587786259544,0.00010083400047733448,0.16739940643310547,True
1686,144,0.007633587786259555,9.30640017031692e-05,0.16746807098388672,True
1687,83,0.03816793893129766,0.00011777400140999816,0.16743755340576172,True
1688,185,0.007633587786259555,0.00011134899978060275,0.16746807098388672,True
1689,155,0.03816793893129766,0.00011357000039424747,0.16743755340576172,True
1690,87,0.08396946564885499,9.649100320530124e-05,0.16739177703857422,True
1691,37,0.007633587786259555,9.545600187266245e-05,0.16746807098388672,True
1692,86,0.03053435114503822,0.000117552001029253,0.16744518280029297,True
1693,164,0.022900763358778664,9.601399870007299e-05,0.16745281219482422,True
1694,79,0.03816793893129766,9.815900193643756e-05,0.16743755340576172,True
1695,183,0.007633587786259555,9.414500163984485e-05,0.16746807098388672,True
1696,170,0.03053435114503822,9.784900248632766e-05,0.16744518280029297,True
1697,172,0.03816793893129766,9.318900265498087e-05,0.16743755340576172,True
1698,185,0.0,9.852799848886207e-05,0.16747570037841797,True
1699,113,0.03053435114503822,9.995999789680354e-05,0.16744518280029297,True
1700,35,0.01526717557251911,0.00012057700223522261,0.16746044158935547,True
1701,172,0.007633587786259555,9.621700155548751e-05,0.16746807098388672,True
1702,121,0.03053435114503822,9.817500176723115e-05,0.16744518280029297,True
1703,34,0.007633587786259555,9.222600056091323e-05,0.16746807098388672,True
1704,70,0.01526717557251911,9.357700037071481e-05,0.16746044158935547,True
1705,24,0.01526717557251911,0.00026824999804375693,0.16746044158935547,False
1706,126,0.07633587786259544,9.457200212636963e-05,0.16739940643310547,True
1707,29,0.06870229007633588,9.81559969659429e-05,0.16740703582763672,True
1708,17,0.022900763358778664,9.72359994193539e-05,0.16745281219482422,True
1709,37,0.022900763358778664,9.733600018080324e-05,0.16745281219482422,True
1710,19,0.01526717557251911,9.655299800215289e-05,0.16746044158935547,True
1711,45,0.0,9.581500125932507e-05,0.16747570037841797,True
1712,76,0.03053435114503822,9.543800115352497e-05,0.16744518280029297,False
1713,142,0.022900763358778664,0.00010231399937765673,0.16745281219482422,True
1714,144,0.022900763358778664,9.310699897469021e-05,0.16745281219482422,True
1715,86,0.03816793893129766,0.00013831800242769532,0.16743755340576172,False
1716,157,0.022900763358778664,0.00010150199886993505,0.16745281219482422,True
1717,155,0.03053435114503822,9.720199886942282e-05,0.16744518280029297,True
1718,52,0.10687022900763354,0.00010345700138714164,0.16736888885498047,False
1719,170,0.04580152671755722,9.616299939807504e-05,0.16742992401123047,True
1720,53,0.01526717557251911,9.496100028627552e-05,0.16746044158935547,True
1721,41,0.007633587786259555,9.340699762105942e-05,0.16746807098388672,True
1722,127,0.007633587786259555,9.348299863631837e-05,0.16746807098388672,True
1723,53,0.022900763358778664,9.536800280329771e-05,0.16745281219482422,True
1724,28,0.022900763358778664,9.421000140719116e-05,0.16745281219482422,True
1725,121,0.03053435114503822,9.851100185187533e-05,0.16744518280029297,True
1726,103,0.007633587786259555,9.616899842512794e-05,0.16746807098388672,True
1727,146,0.06870229007633588,9.654400128056295e-05,0.16740703582763672,False
1728,121,0.01526717557251911,9.784700159798376e-05,0.16746044158935547,True
1729,46,0.0,9.272899842471816e-05,0.16747570037841797,True
1730,37,0.01526717557251911,9.637599941925146e-05,0.16746044158935547,True
1731,165,0.06106870229007633,9.981900075217709e-05,0.16741466522216797,True
1732,29,0.03053435114503822,0.00010512100197956897,0.16744518280029297,True
1733,70,0.0,9.282799874199554e-05,0.16747570037841797,True
1734,79,0.05343511450381677,9.691800005384721e-05,0.16742229461669922,True
1735,55,0.01526717557251911,9.245799810742028e-05,0.16746044158935547,True
1736,11,0.01526717557251911,9.354700159747154e-05,0.16746044158935547,True
1737,105,0.04580152671755722,0.00010771400047815405,0.16742992401123047,True
1738,23,0.007633587786259555,9.462900197831914e-05,0.16746807098388672,True
1739,186,0.022900763358778664,9.363900244352408e-05,0.16745281219482422,True
1740,65,0.01526717557251911,9.192799916490912e-05,0.16746044158935547,False
1741,39,0.08396946564885499,9.34409981709905e-05,0.16739177703857422,False
1742,15,0.03816793893129766,9.631899956730194e-05,0.16743755340576172,True
1743,47,0.007633587786259555,0.0001171750009234529,0.16746807098388672,True
1744,39,0.03053435114503822,9.597499956726097e-05,0.16744518280029297,True
1745,5,0.007633587786259555,9.53050002863165e-05,0.16746807098388672,True
1746,60,0.10687022900763354,9.370600309921429e-05,0.16736888885498047,False
1747,32,0.007633587786259555,9.488099749432877e-05,0.16746807098388672,True
1748,155,0.04580152671755722,0.00011963999713771045,0.16742992401123047,True
1749,175,0.03816793893129766,9.448200216866098e-05,0.16743755340576172,True
1750,34,0.01526717557251911,9.350600157631561e-05,0.16746044158935547,True
1751,21,0.06870229007633588,0.00010976499834214337,0.16740703582763672,False
1752,24,0.01526717557251911,0.00010161799946217798,0.16746044158935547,False
1753,28,0.007633587786259555,9.919500007526949e-05,0.16746807098388672,True
1754,50,0.06870229007633588,9.737700020195916e-05,0.16740703582763672,True
1755,179,0.007633587786259555,9.462099842494354e-05,0.16746807098388672,True
1756,139,0.022900763358778664,9.748999946168624e-05,0.16745281219482422,True
1757,53,0.01526717557251911,9.422799848834984e-05,0.16746044158935547,True
1758,55,0.0,9.174799924949184e-05,0.16747570037841797,True
1759,185,0.01526717557251911,9.601900092093274e-05,0.16746044158935547,True
1760,37,0.022900763358778664,9.464199683861807e-05,0.16745281219482422,True
1761,5,0.0,9.523700282443315e-05,0.16747570037841797,True
1762,71,0.04580152671755722,9.700800001155585e-05,0.16742992401123047,True
1763,70,0.0,9.20470010896679e-05,0.16747570037841797,True
1764,20,0.05343511450381677,0.00010214000212727115,0.16742229461669922,True
1765,83,0.03053435114503822,0.0001005730009637773,0.16744518280029297,True
1766,19,0.03053435114503822,9.876400145003572e-05,0.16744518280029297,True
1767,190,0.007633587786259555,9.886300176731311e-05,0.16746807098388672,True
1768,103,0.022900763358778664,0.0001003299985313788,0.16745281219482422,False
1769,111,0.03816793893129766,0.00011938600073335692,0.16743755340576172,False
1770,28,0.0,9.500600208411925e-05,0.16747570037841797,True
1771,48,0.007633587786259555,9.805100125959143e-05,0.16746807098388672,True
1772,108,0.007633587786259555,9.73919995885808e-05,0.16746807098388672,True
1773,98,0.08396946564885499,0.00012945900016347878,0.16739177703857422,True
1774,127,0.007633587786259555,9.461800073040649e-05,0.16746807098388672,True
1775,53,0.007633587786259555,0.00010207800005446188,0.16746807098388672,True
1776,169,0.007633587786259555,9.185599992633797e-05,0.16746807098388672,True
1777,119,0.05343511450381677,0.0001014400004351046,0.16742229461669922,True
1778,79,0.06106870229007633,9.567600136506371e-05,0.16741466522216797,True
1779,108,0.01526717557251911,9.726899952511303e-05,0.16746044158935547,True
1780,134,0.03816793893129766,9.333400157629512e-05,0.16743755340576172,True
1781,24,0.007633587786259555,9.308800144935958e-05,0.16746807098388672,True
1782,53,0.022900763358778664,9.494600089965388e-05,0.16745281219482422,True
1783,45,0.007633587786259555,0.00010236299931420945,0.16746807098388672,True
1784,136,0.10687022900763354,0.00010315400140825659,0.16736888885498047,True
1785,142,0.07633587786259544,0.00010191600085818209,0.16739940643310547,True
1786,149,0.022900763358778664,0.0001002609969873447,0.16745281219482422,True
1787,80,0.007633587786259555,9.773100100574084e-05,0.16746807098388672,True
1788,109,0.06870229007633588,9.790799958864227e-05,0.16740703582763672,False
1789,83,0.06106870229007633,9.696299821371213e-05,0.16741466522216797,True
1790,36,0.06106870229007633,9.862099977908656e-05,0.16741466522216797,True
1791,147,0.022900763358778664,9.927399878506549e-05,0.16745281219482422,True
1792,28,0.0,9.927800056175329e-05,0.16747570037841797,True
1793,19,0.03053435114503822,0.00010081900109071285,0.16744518280029297,True
1794,56,0.022900763358778664,9.88669999060221e-05,0.16745281219482422,True
1795,196,0.007633587786259555,9.852600123849697e-05,0.16746807098388672,True
1796,179,0.007633587786259555,9.435900210519321e-05,0.16746807098388672,True
1797,65,0.022900763358778664,9.633700028643943e-05,0.16745281219482422,False
1798,89,0.01526717557251911,0.00010209899846813641,0.16746044158935547,True
1799,56,0.04580152671755722,0.00010095900142914616,0.16742992401123047,True
1800,31,0.06870229007633588,9.529599992674775e-05,0.16740703582763672,True
1801,155,0.03816793893129766,9.666000187280588e-05,0.16743755340576172,True
1802,172,0.05343511450381677,9.408500045537949e-05,0.16742229461669922,True
1803,147,0.05343511450381677,0.00010382600157754496,0.16742229461669922,True
1804,155,0.022900763358778664,9.643800149206072e-05,0.16745281219482422,True
1805,185,0.007633587786259555,0.00011470699973870069,0.16746807098388672,True
1806,37,0.01526717557251911,0.00011864099724334665,0.16746044158935547,True
1807,117,0.09160305343511455,0.00010263100193697028,0.16738414764404297,True
1808,15,0.01526717557251911,0.00010023600043496117,0.16746044158935547,True
1809,16,0.03053435114503822,9.71730005403515e-05,0.16744518280029297,True
1810,20,0.10687022900763354,0.00010164400009671226,0.16736888885498047,True
1811,109,0.03053435114503822,9.388199759996496e-05,0.16744518280029297,False
1812,63,0.022900763358778664,9.811899872147478e-05,0.16745281219482422,True
1813,95,0.0,9.586799933458678e-05,0.16747570037841797,True
1814,171,0.007633587786259555,0.00010136399941984564,0.16746807098388672,True
1815,22,0.07633587786259544,9.928999861585908e-05,0.16739940643310547,True
1816,111,0.06106870229007633,9.792499986360781e-05,0.16741466522216797,False
1817,2,0.04580152671755722,9.925500125973485e-05,0.16747570037841797,True
1818,144,0.007633587786259555,9.415800013812259e-05,0.16746807098388672,True
1819,190,0.007633587786259555,9.741300164023414e-05,0.16746807098388672,True
1820,15,0.01526717557251911,0.00010377700164099224,0.16746044158935547,True
1821,182,0.03816793893129766,9.179199696518481e-05,0.16743755340576172,True
1822,59,0.007633587786259555,9.89420004771091e-05,0.16746807098388672,True
1823,69,0.06106870229007633,9.64800019573886e-05,0.16741466522216797,True
1824,107,0.0,9.57750016823411e-05,0.16747570037841797,True
1825,72,0.022900763358778664,0.0001147580005635973,0.16745281219482422,True
1826,85,0.05343511450381677,9.603899889043532e-05,0.16742229461669922,True
1827,67,0.04580152671755722,9.973700070986524e-05,0.16742992401123047,True
1828,37,0.05343511450381677,9.373599823447876e-05,0.16742229461669922,False
1829,41,0.022900763358778664,9.47560001804959e-05,0.16745281219482422,False
1830,135,0.01526717557251911,9.712999963085167e-05,0.16746044158935547,True
1831,126,0.05343511450381677,9.697299901745282e-05,0.16742229461669922,True
1832,108,0.01526717557251911,9.67699998000171e-05,0.16746044158935547,True
1833,189,0.0,9.529199815005995e-05,0.16747570037841797,True
1834,9,0.07633587786259544,9.419799971510656e-05,0.16739940643310547,False
1835,118,0.07633587786259544,9.742899783304892e-05,0.16739940643310547,True
1836,115,0.03053435114503822,0.00011015999916708097,0.16744518280029297,False
1837,11,0.03816793893129766,9.528200098429807e-05,0.16743755340576172,True
1838,63,0.0,9.239899736712687e-05,0.16747570037841797,True
1839,13,0.1145038167938931,9.495000267634168e-05,0.16736125946044922,True
1840,153,0.05343511450381677,9.711500024423003e-05,0.16742229461669922,True
1841,163,0.06106870229007633,0.0001009619991236832,0.16741466522216797,True
1842,41,0.05343511450381677,9.499000225332566e-05,0.16742229461669922,False
1843,103,0.03053435114503822,0.00010753800233942457,0.16744518280029297,True
1844,121,0.03053435114503822,0.0001118239997595083,0.16744518280029297,True
1845,56,0.022900763358778664,9.618799958843738e-05,0.16745281219482422,True
1846,12,0.022900763358778664,9.341099939774722e-05,0.16745281219482422,True
1847,55,0.01526717557251911,9.18180012376979e-05,0.16746044158935547,True
1848,5,0.03053435114503822,9.401599891134538e-05,0.16744518280029297,True
1849,111,0.03816793893129766,9.669800056144595e-05,0.16743755340576172,False
1850,168,0.1145038167938931,9.108300218940713e-05,0.16736125946044922,True
1851,169,0.007633587786259555,9.56290023168549e-05,0.16746807098388672,True
1852,80,0.007633587786259555,9.324900020146742e-05,0.16746807098388672,True
1853,160,0.01526717557251911,9.343800047645345e-05,0.16746044158935547,True
1854,15,0.022900763358778664,9.831400166149251e-05,0.16745281219482422,True
1855,198,0.08396946564885499,0.00010038599793915637,0.16739177703857422,True
1856,193,0.06870229007633588,9.749399760039523e-05,0.16740703582763672,True
1857,170,0.05343511450381677,9.648599734646268e-05,0.16742229461669922,True
1858,80,0.03053435114503822,9.389799743075855e-05,0.16744518280029297,False
1859,80,0.03816793893129766,9.254799806512892e-05,0.16743755340576172,False
1860,30,0.0,9.434499952476472e-05,0.16747570037841797,True
1861,65,0.007633587786259555,9.28819972614292e-05,0.16746807098388672,True
1862,186,0.05343511450381677,9.647499973652884e-05,0.16742229461669922,False
1863,156,0.01526717557251911,0.00016543899982934818,0.16746044158935547,True
1864,24,0.007633587786259555,9.306699939770624e-05,0.16746807098388672,True
1865,72,0.03816793893129766,9.700599912321195e-05,0.16743755340576172,True
1866,176,0.01526717557251911,9.50659996306058e-05,0.16746044158935547,True
1867,2,0.03816793893129766,9.930500164045952e-05,0.16748332977294922,False
1868,121,0.01526717557251911,9.807699825614691e-05,0.16746044158935547,True
1869,168,0.0,9.25880012800917e-05,0.16747570037841797,True
1870,85,0.022900763358778664,0.00013370599845075049,0.16745281219482422,True
1871,15,0.022900763358778664,9.556099757901393e-05,0.16745281219482422,True
1872,5,0.022900763358778664,9.418500121682882e-05,0.16745281219482422,True
1873,112,0.06106870229007633,0.00011024899868061766,0.16741466522216797,True
1874,0,0.022900763358778664,0.00014134100274532102,0.16753673553466797,True
1875,24,0.007633587786259555,9.479600339545868e-05,0.16746807098388672,True
1876,107,0.12213740458015265,9.554699863656424e-05,0.16735363006591797,False
1877,63,0.007633587786259555,0.00011271400217083283,0.16746807098388672,True
1878,37,0.007633587786259555,9.356900045531802e-05,0.16746807098388672,True
1879,113,0.007633587786259555,9.219200001098216e-05,0.16746807098388672,True
1880,0,0.07633587786259544,0.0001000239972199779,0.16748332977294922,False
1881,77,0.03816793893129766,9.513700206298381e-05,0.16743755340576172,True
1882,19,0.007633587786259555,9.697099812910892e-05,0.16746807098388672,True
1883,152,0.022900763358778664,9.572300041327253e-05,0.16745281219482422,True
1884,169,0.022900763358778664,9.283799954573624e-05,0.16745281219482422,True
1885,86,0.0,9.579800098435953e-05,0.16747570037841797,True
1886,16,0.04580152671755722,9.707699791761115e-05,0.16742992401123047,True
1887,130,0.03053435114503822,9.89620020845905e-05,0.16744518280029297,True
1888,12,0.007633587786259555,9.687599958851933e-05,0.16746807098388672,True
1889,87,0.007633587786259555,9.663899982115254e-05,0.16746807098388672,True
1890,136,0.08396946564885499,9.598900214768946e-05,0.16739177703857422,True
1891,176,0.01526717557251911,9.332300032838248e-05,0.16746044158935547,True
1892,138,0.01526717557251911,0.00010238400136586279,0.16746044158935547,True
1893,189,0.007633587786259555,9.985399810830131e-05,0.16746807098388672,True
1894,66,0.01526717557251911,0.00010666000162018463,0.16746044158935547,True
1895,73,0.03053435114503822,0.00011246099893469363,0.16744518280029297,False
1896,37,0.03816793893129766,9.527300062472932e-05,0.16743755340576172,True
1897,79,0.007633587786259555,0.00013875399963581003,0.16746807098388672,True
1898,76,0.03053435114503822,0.00010788899817271158,0.16744518280029297,True
1899,80,0.007633587786259555,9.252900053979829e-05,0.16746807098388672,False
1900,5,0.01526717557251911,0.00010009099787566811,0.16746044158935547,True
1901,48,0.04580152671755722,0.00010889099939959124,0.16742992401123047,True
1902,16,0.01526717557251911,9.657099872129038e-05,0.16746044158935547,True
1903,80,0.01526717557251911,9.466000119573437e-05,0.16746044158935547,True
1904,17,0.007633587786259555,0.000154081000800943,0.16746807098388672,True
1905,3,0.01526717557251911,0.00011476200234028511,0.16750621795654297,True
1906,167,0.0,9.472800229559653e-05,0.16747570037841797,True
1907,137,0.01526717557251911,9.518700244370848e-05,0.16746044158935547,True
1908,22,0.09160305343511455,0.00010009700054069981,0.16738414764404297,True
1909,178,0.007633587786259555,9.609200060367584e-05,0.16746807098388672,True
1910,155,0.01526717557251911,9.898400094243698e-05,0.16746044158935547,True
1911,20,0.007633587786259555,0.00010062799992738292,0.16746807098388672,True
1912,46,0.022900763358778664,9.675800174591132e-05,0.16745281219482422,True
1913,126,0.07633587786259544,0.00010818499868037179,0.16739940643310547,True
1914,76,0.04580152671755722,9.649200001149438e-05,0.16742992401123047,False
1915,38,0.01526717557251911,9.894699905999005e-05,0.16746044158935547,True
1916,178,0.01526717557251911,9.488099749432877e-05,0.16746044158935547,True
1917,2,0.01526717557251911,9.864899766398594e-05,0.16750621795654297,True
1918,37,0.022900763358778664,9.43730010476429e-05,0.16745281219482422,True
1919,56,0.01526717557251911,0.00010540600123931654,0.16746044158935547,True
1920,114,0.0,0.00010701499923015945,0.16747570037841797,True
1921,174,0.007633587786259555,9.447300180909224e-05,0.16746807098388672,True
1922,189,0.01526717557251911,0.00010032600039266981,0.16746044158935547,True
1923,56,0.01526717557251911,9.590799891157076e-05,0.16746044158935547,True
1924,174,0.0,9.327500083600171e-05,0.16747570037841797,True
1925,24,0.03053435114503822,9.693900210550055e-05,0.16744518280029297,True
1926,37,0.022900763358778664,9.76390001596883e-05,0.16745281219482422,True
1927,180,0.022900763358778664,9.631899956730194e-05,0.16745281219482422,True
1928,126,0.03053435114503822,9.439299901714548e-05,0.16744518280029297,True
1929,85,0.09160305343511455,9.484600013820454e-05,0.16738414764404297,True
1930,139,0.007633587786259555,9.585299994796515e-05,0.16746807098388672,True
1931,176,0.007633587786259555,9.594600123818964e-05,0.16746807098388672,True
1932,124,0.007633587786259555,9.915500049828552e-05,0.16746807098388672,True
1933,96,0.07633587786259544,0.00010983999891323037,0.16739940643310547,True
1934,60,0.0,9.359400064568035e-05,0.16747570037841797,True
1935,58,0.06870229007633588,0.00010470599954714999,0.16740703582763672,True
1936,160,0.007633587786259555,9.456999760004692e-05,0.16746807098388672,True
1937,121,0.007633587786259555,9.911099914461374e-05,0.16746807098388672,True
1938,27,0.03053435114503822,9.535999924992211e-05,0.16744518280029297,True
1939,132,0.022900763358778664,9.801700070966035e-05,0.16745281219482422,True
1940,20,0.04580152671755722,9.945599958882667e-05,0.16742992401123047,True
1941,30,0.03053435114503822,9.533800039207563e-05,0.16744518280029297,True
1942,101,0.10687022900763354,9.568899986334145e-05,0.16736888885498047,False
1943,142,0.007633587786259555,0.00010487100007594563,0.16746807098388672,True
1944,155,0.007633587786259555,9.788000170374289e-05,0.16746807098388672,True
1945,12,0.022900763358778664,9.96449998638127e-05,0.16745281219482422,False
1946,19,0.05343511450381677,0.00010761099838418886,0.16742229461669922,True
1947,80,0.007633587786259555,9.27500004763715e-05,0.16746807098388672,True
1948,126,0.05343511450381677,0.00011206799899809994,0.16742229461669922,True
1949,45,0.01526717557251911,9.74040012806654e-05,0.16746044158935547,True
1950,144,0.022900763358778664,0.00012546099969767965,0.16745281219482422,True
1951,11,0.03053435114503822,9.332599802291952e-05,0.16744518280029297,True
1952,116,0.03053435114503822,9.368100290885195e-05,0.16744518280029297,True
1953,65,0.007633587786259555,9.355600195704028e-05,0.16746807098388672,True
1954,100,0.06106870229007633,0.00012245999823790044,0.16741466522216797,True
1955,13,0.1297709923664122,9.850700007518753e-05,0.16734600067138672,True
1956,175,0.03053435114503822,9.392399806529284e-05,0.16744518280029297,True
1957,65,0.01526717557251911,0.00010843100244528614,0.16746044158935547,True
1958,94,0.04580152671755722,0.00010406900037196465,0.16742992401123047,True
1959,24,0.007633587786259555,9.433800005353987e-05,0.16746807098388672,True
1960,62,0.06106870229007633,9.944200064637698e-05,0.16741466522216797,True
1961,41,0.007633587786259555,0.00010001200280385092,0.16746807098388672,True
1962,27,0.007633587786259555,0.00010070599819300696,0.16746807098388672,True
1963,56,0.007633587786259555,9.645200043451041e-05,0.16746807098388672,True
1964,137,0.022900763358778664,9.465899711358361e-05,0.16745281219482422,True
1965,138,0.007633587786259555,9.394600056111813e-05,0.16746807098388672,True
1966,144,0.01526717557251911,9.834400043473579e-05,0.16746044158935547,True
1967,104,0.01526717557251911,9.73919995885808e-05,0.16746044158935547,True
1968,77,0.007633587786259555,9.526199937681668e-05,0.16746807098388672,True
1969,128,0.007633587786259555,9.487799979979172e-05,0.16746807098388672,True
1970,188,0.03816793893129766,0.0001118200016207993,0.16743755340576172,True
1971,155,0.01526717557251911,9.767200026544742e-05,0.16746044158935547,True
1972,32,0.0,9.432700244360603e-05,0.16747570037841797,True
1973,15,0.022900763358778664,9.576000229571946e-05,0.16745281219482422,True
1974,169,0.007633587786259555,9.551699986332096e-05,0.16746807098388672,True
1975,113,0.022900763358778664,9.301899990532547e-05,0.16745281219482422,True
1976,53,0.01526717557251911,0.00010796599963214248,0.16746044158935547,True
1977,165,0.06870229007633588,9.971299732569605e-05,0.16740703582763672,True
1978,112,0.04580152671755722,9.68530002865009e-05,0.16742992401123047,True
1979,65,0.01526717557251911,0.00010663200009730645,0.16746044158935547,False
1980,28,0.06870229007633588,9.722499817144126e-05,0.16740703582763672,True
1981,122,0.022900763358778664,9.782300185179338e-05,0.16745281219482422,True
1982,0,0.0,9.967200094251893e-05,0.16755962371826172,True
1983,165,0.09160305343511455,0.00011133799853269011,0.16738414764404297,True
1984,20,0.022900763358778664,0.00010566899800323881,0.16745281219482422,True
1985,114,0.01526717557251911,9.339299867860973e-05,0.16746044158935547,True
1986,62,0.022900763358778664,0.0001005749982141424,0.16745281219482422,True
1987,82,0.10687022900763354,9.565999789629132e-05,0.16736888885498047,False
1988,46,0.03053435114503822,9.307599975727499e-05,0.16744518280029297,True
1989,50,0.09160305343511455,9.796700032893568e-05,0.16738414764404297,True
1990,53,0.01526717557251911,0.00010224499783362262,0.16746044158935547,True
1991,64,0.08396946564885499,9.894699905999005e-05,0.16739177703857422,True
1992,24,0.022900763358778664,9.265500193578191e-05,0.16745281219482422,False
1993,26,0.09160305343511455,9.668399798101746e-05,0.16738414764404297,True
1994,130,0.03816793893129766,9.796599988476373e-05,0.16743755340576172,True
1995,155,0.03816793893129766,9.50700014072936e-05,0.16743755340576172,True
1996,158,0.01526717557251911,0.00010861799819394946,0.16746044158935547,True
1997,37,0.01526717557251911,0.00011906799772987142,0.16746044158935547,True
1998,130,0.09160305343511455,0.0001181070001621265,0.16738414764404297,True
1999,135,0.01526717557251911,0.00012383000284899026,0.16746044158935547,True
2000,169,0.06870229007633588,9.369099643663503e-05,0.16740703582763672,False
2001,15,0.03053435114503822,9.768400195753202e-05,0.16744518280029297,True
2002,98,0.0992366412213741,0.00010120599836227484,0.16737651824951172,True
2003,87,0.007633587786259555,9.996400331147015e-05,0.16746807098388672,True
2004,139,0.007633587786259555,9.52239970501978e-05,0.16746807098388672,True
2005,193,0.03816793893129766,9.884799874271266e-05,0.16743755340576172,True
2006,46,0.09160305343511455,9.288699948228896e-05,0.16738414764404297,True
2007,120,0.007633587786259555,9.664699973654933e-05,0.16746807098388672,True
2008,19,0.022900763358778664,0.00010307900083716959,0.16745281219482422,True
2009,112,0.06870229007633588,9.656600013840944e-05,0.16740703582763672,True
2010,164,0.06870229007633588,9.302899707108736e-05,0.16740703582763672,False
2011,59,0.03053435114503822,9.653199958847836e-05,0.16744518280029297,True
2012,12,0.022900763358778664,9.355300062452443e-05,0.16745281219482422,True
2013,15,0.03816793893129766,9.648600098444149e-05,0.16743755340576172,True
2014,173,0.01526717557251911,9.511000098427758e-05,0.16746044158935547,True
2015,178,0.007633587786259555,9.299200246459804e-05,0.16746807098388672,True
2016,148,0.007633587786259555,0.00011450699821580201,0.16746807098388672,True
2017,196,0.022900763358778664,9.82409983407706e-05,0.16745281219482422,True
2018,103,0.04580152671755722,9.813999713514931e-05,0.16742992401123047,True
2019,96,0.03053435114503822,9.861100261332467e-05,0.16744518280029297,True
2020,5,0.0,9.598899850971065e-05,0.16747570037841797,True
2021,103,0.03053435114503822,9.54570023168344e-05,0.16744518280029297,False
2022,34,0.04580152671755722,9.672300075180829e-05,0.16742992401123047,False
2023,24,0.007633587786259555,9.357700037071481e-05,0.16746807098388672,True
2024,53,0.03053435114503822,9.442999726161361e-05,0.16744518280029297,True
2025,28,0.007633587786259555,9.549500100547448e-05,0.16746807098388672,True
2026,94,0.06106870229007633,9.961200339603238e-05,0.16741466522216797,True
2027,110,0.0992366412213741,0.00012846099707530811,0.16737651824951172,True
2028,192,0.06870229007633588,0.00010248199760098942,0.16740703582763672,True
2029,191,0.03816793893129766,9.870299982139841e-05,0.16743755340576172,True
2030,63,0.0,9.266899724025279e-05,0.16747570037841797,True
2031,185,0.007633587786259555,9.885500185191631e-05,0.16746807098388672,True
2032,1,0.022900763358778664,0.0001122030007536523,0.16745281219482422,True
2033,180,0.03816793893129766,9.825000233831815e-05,0.16743755340576172,False
2034,37,0.01526717557251911,0.00012552599946502596,0.16746044158935547,True
2035,80,0.01526717557251911,9.175900049740449e-05,0.16746044158935547,True
2036,37,0.03816793893129766,9.567700180923566e-05,0.16743755340576172,True
2037,137,0.007633587786259555,9.712499740999192e-05,0.16746807098388672,True
2038,174,0.01526717557251911,0.0001078610002878122,0.16746044158935547,False
2039,155,0.022900763358778664,9.687300189398229e-05,0.16745281219482422,True
2040,11,0.01526717557251911,9.489600051892921e-05,0.16746044158935547,True
2041,116,0.022900763358778664,9.453000166104175e-05,0.16745281219482422,True
2042,6,0.022900763358778664,9.897999916574918e-05,0.16745281219482422,True
2043,24,0.03053435114503822,9.481799861532636e-05,0.16744518280029297,False
2044,158,0.06106870229007633,9.940900054061785e-05,0.16741466522216797,True
2045,37,0.022900763358778664,0.00014205100160324946,0.16745281219482422,True
2046,76,0.007633587786259555,9.632100045564584e-05,0.16746807098388672,True
2047,129,0.007633587786259555,0.00012141200204496272,0.16746807098388672,True
2048,69,0.022900763358778664,9.657800183049403e-05,0.16745281219482422,True
2049,122,0.007633587786259555,9.527699876343831e-05,0.16746807098388672,True
