Test Index,Train Index,Score,Computing Time (s),Space Usage (MB),Same Class
0,1,2.8331942670525043,0.00016209300156333484,0.1509876251220703,True
1,10,6.906750114350837,0.00011260700193815865,0.1510944366455078,True
2,10,7.9236987124606895,0.00011606300176936202,0.1510944366455078,True
3,10,8.863806451412465,0.00011752800128306262,0.1511249542236328,True
4,30,7.261889369033183,0.0001240150013472885,0.1510791778564453,True
5,9,10.838310186373839,0.00011279500176897272,0.1511249542236328,True
6,10,10.18968171831832,0.00011421300223446451,0.1511402130126953,True
7,9,11.640188446800217,0.0001159390012617223,0.15114784240722656,True
8,4,6.320785852473877,0.00011496200022520497,0.15110206604003906,True
9,24,10.533459276186266,0.00012614200022653677,0.1512165069580078,True
10,24,8.72418733776844,0.00011626100240391679,0.15114784240722656,True
11,2,6.167438768381203,0.00012318600056460127,0.1510334014892578,True
12,19,3.1250700301531436,0.0001072449995263014,0.1509723663330078,True
13,12,6.264226638056826,0.000111343997559743,0.15108680725097656,True
14,4,7.678411428432227,0.00011120699855382554,0.15104103088378906,True
15,3,7.265963201061426,0.0001205000007757917,0.15113258361816406,True
16,4,6.473944417727907,0.00011068200183217414,0.1510791778564453,True
17,13,1.832792821680247,0.00010604400085867383,0.1509876251220703,True
18,17,2.3954177283842615,0.00010641799963195808,0.1509571075439453,True
19,14,1.9684689706636376,0.00010281700087944046,0.15093421936035156,True
20,1,2.5889888502952205,0.00010805300189531408,0.15096473693847656,True
21,18,3.2209600097324516,0.00010810299863805994,0.1510028839111328,True
22,18,2.489308663946963,0.00010996900164172985,0.15096473693847656,True
23,18,2.3134014239985095,0.00010391899922979064,0.15096473693847656,True
24,18,4.351875536847298,0.00010485799793968908,0.1509723663330078,True
25,19,4.323981823661875,0.0001073079984053038,0.1509723663330078,True
26,14,4.62497423656279,0.00010856500011868775,0.1510486602783203,True
27,13,3.0072830313384173,0.00010543199823587202,0.1509876251220703,True
28,20,3.743253264622494,0.00010586099961074069,0.1510028839111328,True
29,0,3.9705321884449223,0.00010884199946303852,0.1509723663330078,True
30,20,4.144523048194876,0.00014114499936113134,0.1509876251220703,True
31,20,6.510577652420219,0.00011604100291151553,0.1510028839111328,True
32,16,3.760326888903568,0.00010691699935705401,0.1510334014892578,True
33,14,4.610308466916605,0.00010701700011850335,0.15101051330566406,True
34,16,3.2522747707960518,0.00011599899880820885,0.15101051330566406,True
35,18,5.250162090024874,0.00010852400009753183,0.15102577209472656,True
36,16,3.1200098567506607,0.00010580900197965093,0.1509876251220703,True
37,13,4.660171740693563,0.00011655799971777014,0.1510181427001953,True
38,13,4.634491017991962,0.00011561399878701195,0.15102577209472656,True
39,13,3.101044125600961,0.00010623300113365985,0.15099525451660156,True
40,21,4.309026043938746,0.00010710399874369614,0.1510028839111328,True
41,21,3.120841699219144,0.00010887700045714155,0.1510028839111328,True
42,14,5.011785000209132,0.00011287599772913381,0.15104103088378906,True
43,22,3.5632224733004265,0.00010453999857418239,0.1509723663330078,True
44,31,3.8208187044453643,0.00010776300041470677,0.15101051330566406,True
45,26,2.4167182984474476,0.00017690700042294338,0.15105628967285156,True
46,26,3.2431583124318846,0.00012767299995175563,0.1510334014892578,True
47,26,3.9050313579266462,0.00011939600153709762,0.1510639190673828,True
48,26,4.110275790353941,0.00011888000153703615,0.15105628967285156,True
49,26,4.238977474015662,0.00011068200183217414,0.1510334014892578,True
50,38,4.830260154322426,0.00014506200022879057,0.1510944366455078,True
51,23,4.257937113076525,0.00011007799912476912,0.15104103088378906,True
52,38,3.0102078527848395,0.00010765899787656963,0.15099525451660156,True
53,35,6.292863350837282,0.00012651500219362788,0.15111732482910156,True
54,29,4.74368329281477,0.00011484599963296205,0.1511402130126953,True
55,27,4.577286962631522,0.00011196899868082255,0.1510791778564453,True
56,13,1.2837995752267155,0.00010539999857428484,0.15094947814941406,True
57,38,5.327540265608975,0.00011131800056318752,0.15105628967285156,True
58,29,4.885634680923694,0.00011518500105012208,0.15116310119628906,True
59,38,5.164411543593864,0.00011320699923089705,0.1510944366455078,True
60,38,5.828586291336173,0.00011948600149480626,0.1510486602783203,True
61,358,9.874068951243373,0.0001175600009446498,0.15122413635253906,False
62,30,4.302027477285963,0.00011469699893495999,0.15097999572753906,True
63,39,7.454924498399104,0.00011492100020404905,0.1511096954345703,True
64,39,5.503145229385377,0.00011656199785647914,0.1511554718017578,True
65,0,6.910253869234708,0.00013087800107314251,0.15116310119628906,True
66,10,7.791400624696135,0.00011382699813111685,0.15113258361816406,True
67,39,8.391590511460834,0.00011183499736944214,0.1511402130126953,True
68,12,8.51847806384776,0.00011997299952781759,0.15111732482910156,True
69,13,1.9271363075305996,0.00012165999942226335,0.1509418487548828,True
70,10,10.18968171831832,0.00014500499673886225,0.1511402130126953,True
71,29,8.728615728186448,0.00011491300028865226,0.15117835998535156,True
72,69,12.973379162084298,0.0001125310009228997,0.15111732482910156,True
73,49,23.47697162808468,0.00010903899965342134,0.15104103088378906,True
74,70,11.513935405679387,0.00013353900067158975,0.15123939514160156,True
75,70,11.081852381575773,0.00012246800179127604,0.1512317657470703,True
76,74,11.62907015867277,0.00011878499935846776,0.1512012481689453,True
77,42,11.25577356512445,0.00011904399798368104,0.15102577209472656,True
78,51,7.10055149637868,0.000100812001619488,0.15093421936035156,True
79,40,14.029918871800072,0.00011110500054201111,0.1509876251220703,True
80,40,15.606816116755674,0.000144397999974899,0.15102577209472656,True
81,40,12.491613801300387,0.00010820600073202513,0.15101051330566406,True
82,41,13.44821300212769,0.00011080700278398581,0.15101051330566406,True
83,54,28.984373178628054,0.0001236709977092687,0.15114784240722656,True
84,40,11.647227566189013,0.00011103100041509606,0.1509876251220703,True
85,40,8.92977810626706,0.00010899399785557762,0.1509876251220703,True
86,40,7.944324762480095,0.00011050600005546585,0.15101051330566406,True
87,45,10.627814800537188,0.00011329799963277765,0.15110206604003906,True
88,45,14.052729448232526,0.00011468800221337005,0.15105628967285156,True
89,40,16.91228778435709,0.00011060599717893638,0.1510181427001953,True
90,45,9.27637746178186,0.00011563400039449334,0.15101051330566406,True
91,41,18.798646218112015,0.00011858699872391298,0.15116310119628906,True
92,46,4.169489485714518,0.00010659200052032247,0.15099525451660156,True
93,51,9.889046548995571,0.00011117400208604522,0.1509876251220703,True
94,46,9.026180449751111,0.00010672099961084314,0.15102577209472656,True
95,46,20.208016121614016,0.00011746000018320046,0.1510944366455078,True
96,46,10.368132344097337,0.00011665400234051049,0.15096473693847656,True
97,51,11.097916668673685,0.0001076340013241861,0.15097999572753906,True
98,44,30.792718852484377,0.0001294049980060663,0.15114784240722656,True
99,47,7.752200666735486,0.00010705699969548732,0.15097999572753906,True
100,47,9.195941373979247,0.00011613800234044902,0.15102577209472656,True
101,47,14.344516645384465,0.00011154100138810463,0.1509723663330078,True
102,41,7.622049211117237,0.00010651200136635453,0.1509723663330078,True
103,48,18.29299317231482,0.00011982999785686843,0.1511096954345703,True
104,48,18.124011351016634,0.00011851599992951378,0.15107154846191406,True
105,49,23.2313156842256,0.00011222900138818659,0.1510639190673828,True
106,51,7.276278748820852,0.00010983299944200553,0.1509571075439453,True
107,42,26.880532663576336,0.00011720200200215913,0.15113258361816406,True
108,40,19.369921177433174,0.00013135299741406925,0.15110206604003906,True
109,41,19.076662361673943,0.00013108100029057823,0.15107154846191406,True
110,50,20.852040152005163,0.00011524699948495254,0.15107154846191406,True
111,50,17.10684558048063,0.00010988600115524605,0.1510791778564453,True
112,49,17.02008985689729,0.00012260199946467765,0.15107154846191406,True
113,51,18.85543119802557,0.0001131349999923259,0.15108680725097656,True
114,51,17.205912313533595,0.00011576500037335791,0.15110206604003906,True
115,43,22.22393393393522,0.00012281099770916626,0.15107154846191406,True
116,52,16.88158886217626,0.00011145800090162084,0.1510791778564453,True
117,55,18.764868654610034,0.00014214399925549515,0.15105628967285156,True
118,55,14.435993337954628,0.00010832100088009611,0.15104103088378906,True
119,54,15.935705161919637,0.00011602499944274314,0.15110206604003906,True
120,63,5.97551893701051,0.00010728899724199437,0.15099525451660156,True
121,54,15.105051382492308,0.00010865599688258953,0.1510334014892578,True
122,55,14.959969532946078,0.00011484399874461815,0.1511096954345703,True
123,250,22.689479548078904,0.0001160020001407247,0.15117835998535156,False
124,55,13.005932555294304,0.00010593299884931184,0.1509723663330078,True
125,54,13.86067776830615,0.00011552300202311017,0.15101051330566406,True
126,55,10.650875635977059,0.00010955399920931086,0.15101051330566406,True
127,60,17.70885450683987,0.00011829900176962838,0.15108680725097656,True
128,60,17.399245560593616,0.0001122029971156735,0.15107154846191406,True
129,42,24.075504946624616,0.00011270899994997308,0.15107154846191406,True
130,63,8.938737598948444,0.00010630600081640296,0.1510028839111328,True
131,63,20.506070792315292,0.00011868600267916918,0.15116310119628906,True
132,56,17.442967842684855,0.00011510299736983143,0.1510639190673828,True
133,58,16.905656845062055,0.00011188399730599485,0.1510181427001953,True
134,47,30.483650585647755,0.00013086900071357377,0.15116310119628906,True
135,57,25.642058204377474,0.00011825399997178465,0.15120887756347656,True
136,40,28.760718013616465,0.00011861899838550016,0.1512165069580078,True
137,58,25.89222398532813,0.00011503800124046393,0.15108680725097656,True
138,47,17.51791461611779,0.00011726999946404248,0.1510791778564453,True
139,71,2.3903099864161166,0.00011084300058428198,0.1509571075439453,True
140,58,19.534727404973896,0.00011652899775072001,0.1510334014892578,True
141,57,23.673607136336024,0.00011589800124056637,0.15111732482910156,True
142,56,17.840342978595082,0.00011343100049998611,0.15107154846191406,True
143,59,19.46456794811088,0.00011591300062718801,0.1511249542236328,True
144,59,20.571492293652735,0.00010670099800336175,0.15102577209472656,True
145,44,20.956267742884876,0.00011381100193830207,0.1511707305908203,True
146,44,20.8843280758781,0.000114922000648221,0.1511402130126953,True
147,60,17.08416578897642,0.00010673799988580868,0.15101051330566406,True
148,60,21.887001794793772,0.00011913499838556163,0.15105628967285156,True
149,64,7.209697546321975,0.00011261399777140468,0.15110206604003906,True
150,61,6.901860198948809,0.00011614299728535116,0.1511249542236328,True
151,41,9.095519567508324,0.000105850998807,0.15096473693847656,True
152,76,8.755177354174359,0.00012109499948564917,0.1511402130126953,True
153,72,12.243409942141104,0.00011480399916763417,0.15116310119628906,True
154,74,12.37155634929818,0.0001266879989998415,0.15114784240722656,True
155,66,6.86106028103806,0.00011225700291106477,0.15107154846191406,True
156,49,15.75784058667359,0.00012605000301846303,0.15105628967285156,True
157,66,6.755584207091079,0.00011811699732788838,0.15116310119628906,True
158,68,11.539622420664717,0.00011469799937913194,0.1511096954345703,True
159,68,13.448762197522743,0.00011613899914664216,0.1511249542236328,True
160,68,10.723639039157192,0.00013283799853525124,0.15116310119628906,True
161,74,7.949774447354754,0.00012046000119880773,0.15116310119628906,True
162,71,9.126224601551494,0.00010742900121840648,0.1510028839111328,True
163,65,8.983464390959142,0.00011662899851216935,0.1511859893798828,True
164,65,7.045800057309051,0.00012007900295429863,0.15114784240722656,True
165,61,7.3042807326828845,0.00011101999916718341,0.1511096954345703,True
166,65,12.311860689900868,0.00011530000119819306,0.1511707305908203,True
167,49,24.467212080886895,0.00011982100113527849,0.1510486602783203,True
168,68,7.6365974818834195,0.00011681199976010248,0.15108680725097656,True
169,76,10.557259847637662,0.00011202200039406307,0.1510791778564453,True
170,66,10.03897724340582,0.00011652700050035492,0.1512012481689453,True
171,70,11.314942011484082,0.00012168400280643255,0.15122413635253906,True
172,62,11.645024427235963,0.00011704500138876028,0.1511554718017578,True
173,41,23.070323439854043,0.00011689000166370533,0.15111732482910156,True
174,68,8.654103356200743,0.00011249000090174377,0.15110206604003906,True
175,68,12.093467475203608,0.00012089600204490125,0.15110206604003906,True
176,68,9.425108865573698,0.0001115869999921415,0.1511249542236328,True
177,74,16.468535950463377,0.00014449599984800443,0.15125465393066406,True
178,68,19.96306475966558,0.00012037800115649588,0.15128517150878906,True
179,68,13.59100018716825,0.00011710699982359074,0.15120887756347656,True
180,63,8.031518077822675,0.00010625399954733439,0.1509876251220703,True
181,66,12.258185757718733,0.00011489999815239571,0.1511554718017578,True
182,50,16.680226235330146,0.00011092299973824993,0.15108680725097656,True
183,61,7.358420425173835,0.00012776000221492723,0.1511096954345703,True
184,421,18.2140435105752,0.00013132899766787887,0.1512622833251953,False
185,75,10.321499589895684,0.00011394399916753173,0.1511554718017578,True
186,62,12.347051186041835,0.00012986600268050097,0.15120887756347656,True
187,68,14.527513740561567,0.00012332899859757163,0.1512470245361328,True
188,74,9.214279514604959,0.00011396099944249727,0.15114784240722656,True
189,51,5.814953701199496,0.00010538800052017905,0.1509723663330078,True
190,49,20.04615718696921,0.00010965900219161995,0.1510181427001953,True
191,78,8.718846199692162,0.00011558200276340358,0.15116310119628906,True
192,421,18.646757075319588,0.00012739600060740486,0.1512775421142578,False
193,66,12.69414982436132,0.0001165489993582014,0.15116310119628906,True
194,77,8.737813911014657,0.00011323600119794719,0.15114784240722656,True
195,79,11.667241240041873,0.00012743899787892587,0.1511249542236328,True
196,71,7.221136708338574,0.00010899699918809347,0.15101051330566406,True
197,79,11.787744715517995,0.00011627699859673157,0.1511859893798828,True
198,70,11.308530865731639,0.00011685600111377425,0.1512165069580078,True
199,70,10.1738480669834,0.0001251479989150539,0.1512165069580078,True
200,72,10.147409733230944,0.00011574800009839237,0.15119361877441406,True
201,70,14.214945298455834,0.00011875100244651549,0.15123939514160156,True
202,75,12.413987167421169,0.0001334689986833837,0.1512012481689453,True
203,42,12.110066517172015,0.00011029300003428943,0.1510181427001953,True
204,219,23.85462872280355,0.00013706699974136427,0.15116310119628906,False
205,42,12.641284057743633,0.00011069399988627993,0.15104103088378906,True
206,40,15.78011497663868,0.00012495699775172397,0.15105628967285156,True
207,42,10.196928037539795,0.00010814500274136662,0.1510028839111328,True
208,42,13.717557472077033,0.00010595499770715833,0.1510334014892578,True
209,42,14.575940401331595,0.00010660599946277216,0.15101051330566406,True
210,83,10.920750280310596,0.0001181900006486103,0.1511859893798828,True
211,86,5.057459378733638,0.00011384499885025434,0.1511554718017578,True
212,82,3.003421433654487,0.00011229700248804875,0.1510486602783203,True
213,88,2.8765497488617013,0.00011848000212921761,0.1511249542236328,True
214,89,2.2861192216899546,0.00011703099880833179,0.15107154846191406,True
215,84,4.840561048200629,0.00011969499973929487,0.15111732482910156,True
216,84,3.7882810643891593,0.00011201099914615043,0.15107154846191406,True
217,82,5.981915283615556,0.0001204129985126201,0.15116310119628906,True
218,83,2.9587173932856783,0.00011641200035228394,0.1510334014892578,True
219,89,3.2836606308759393,0.00013048199980403297,0.15111732482910156,True
220,115,4.168945577155012,0.0001351669998257421,0.1511402130126953,True
221,88,4.690305844238237,0.00011348399857524782,0.15110206604003906,True
222,81,3.599144928767173,0.00010821799878613092,0.1510639190673828,True
223,81,2.075693149710034,0.00011119000191683881,0.1510944366455078,True
224,86,5.5678722005803305,0.00011373600136721507,0.1511402130126953,True
225,95,3.3510451207867993,0.00011899799937964417,0.15119361877441406,True
226,86,5.197401458160832,0.000115380000352161,0.15116310119628906,True
227,82,2.9609576387456036,0.00010823000047821552,0.1510639190673828,True
228,86,5.9857717186815105,0.0001257030016859062,0.15119361877441406,True
229,84,4.991280202334687,0.0001226009990205057,0.15120887756347656,True
230,112,7.138132196813619,0.00012075300037395209,0.15119361877441406,True
231,112,6.106072247159951,0.0001201209997816477,0.1512165069580078,True
232,89,2.054069366512081,0.00013054200098849833,0.15102577209472656,True
233,81,2.7262382419843187,0.00011356399772921577,0.1510334014892578,True
234,81,4.060772569940855,0.00011340899800416082,0.1510791778564453,True
235,84,2.4456923202216605,0.00011433500185376033,0.1511096954345703,True
236,87,3.1741322763796993,0.0001165450012194924,0.1511707305908203,True
237,86,4.241404586645231,0.00011774299855460413,0.15114784240722656,True
238,88,5.399004902015533,0.00012218700067023747,0.1511554718017578,True
239,89,1.677284923927584,0.00011509099931572564,0.1510639190673828,True
240,84,2.98374280368155,0.00012021899965475313,0.15114784240722656,True
241,84,3.104180110832772,0.00011897399963345379,0.1511096954345703,True
242,82,3.4699413937703487,0.00012556099682115018,0.1510639190673828,True
243,89,2.1578825120742304,0.00011946700033149682,0.15111732482910156,True
244,84,2.725906693823807,0.00011184899994987063,0.1510791778564453,True
245,96,5.421965762309742,0.00012575400251080282,0.1511402130126953,True
246,105,7.016141701030544,0.00011968599937972613,0.15117835998535156,True
247,105,4.549448291356232,0.00011619200085988268,0.15116310119628906,True
248,101,8.285417977919753,0.00012304400297580287,0.15113258361816406,True
249,96,2.38968544497414,0.00012020799840684049,0.15110206604003906,True
250,96,4.911020149177595,0.00012458299897843972,0.1511554718017578,True
251,96,3.9713181925669687,0.00011973299842793494,0.1511554718017578,True
252,98,9.07351115266108,0.0001385529976687394,0.1511249542236328,True
253,115,9.50380678600711,0.00012114100172766484,0.1512470245361328,True
254,97,9.70263910451487,0.000120984001114266,0.1512012481689453,True
255,105,6.816882915917122,0.00011755100058508106,0.15117835998535156,True
256,104,6.370727918139298,0.00011341400022502057,0.1510944366455078,True
257,80,8.918543531339237,0.00014560099953087047,0.1512775421142578,True
258,99,10.832783166987973,0.00012363700079731643,0.15116310119628906,True
259,98,11.868737885492273,0.0001221370002895128,0.1511707305908203,True
260,205,11.76470596307734,0.00012497700299718417,0.1512928009033203,False
261,102,1.4125148121727749,0.00011511000047903508,0.1510791778564453,True
262,91,6.034914629558206,0.000119727999845054,0.1510486602783203,True
263,102,2.8078345949985613,0.00011518000246724114,0.1510791778564453,True
264,103,4.202070525887157,0.00012048099961248226,0.1512317657470703,True
265,103,2.595081527478216,0.000119423999421997,0.15117835998535156,True
266,93,9.64672369426911,0.0001136030005000066,0.1511707305908203,True
267,86,10.818574886028294,0.0001170859977719374,0.15120887756347656,True
268,91,9.789371601771363,0.00011490700126159936,0.15117835998535156,True
269,101,10.206305255789813,0.00012284300100873224,0.1511859893798828,True
270,105,2.9997455391225123,0.00011075099973822944,0.1511096954345703,True
271,97,10.653990015471447,0.00011911500041605905,0.15123939514160156,True
272,101,13.731039388269183,0.0001183460008178372,0.1511859893798828,True
273,108,10.235435720139467,0.00011678699956974015,0.1511859893798828,True
274,101,12.685555308414182,0.00011931699918932281,0.1511859893798828,True
275,94,9.698616362248902,0.00012819599942304194,0.15117835998535156,True
276,92,7.246209086529437,0.00014146700050332583,0.1511249542236328,True
277,92,8.369685846914429,0.00011625899787759408,0.15108680725097656,True
278,112,12.91980279702818,0.00012147999950684607,0.1512775421142578,True
279,257,7.775316937428002,0.00013004599895793945,0.15131568908691406,False
280,85,12.737693366673053,0.00012571399929584004,0.1510639190673828,True
281,380,9.38349499343296,0.00012178199904155917,0.15131568908691406,False
282,88,6.540461262164528,0.0001176330006273929,0.15119361877441406,True
283,107,4.701156360993115,0.0001092530001187697,0.1510791778564453,True
284,107,4.2448264343336195,0.00010920999920926988,0.15107154846191406,True
285,85,5.397280417034093,0.00010963699969579466,0.1510486602783203,True
286,104,5.85411823554059,0.00011537699901964515,0.15108680725097656,True
287,104,6.700471545794307,0.00012772400077665225,0.1511249542236328,True
288,113,7.131718241268446,0.0001147579969256185,0.1512012481689453,True
289,109,8.383305701822405,0.00011099800030933693,0.1510486602783203,True
290,104,9.547992803857698,0.00012728799993055873,0.15111732482910156,True
291,80,5.430270516957938,0.00011263099804637022,0.15108680725097656,True
292,104,6.920282276154077,0.00011261999679845758,0.15110206604003906,True
293,109,3.539085284976237,0.00011316199743305333,0.1510486602783203,True
294,115,3.6991510871462885,0.0001180159997602459,0.1510639190673828,True
295,106,2.6716654454272546,0.00011059100143029355,0.15105628967285156,True
296,88,3.455274835073435,0.00013423199925455265,0.15111732482910156,True
297,88,4.092305169178395,0.0001159330022346694,0.15113258361816406,True
298,80,3.9468751324080484,0.0001190939983644057,0.15113258361816406,True
299,104,4.1519220976249995,0.0001156270009232685,0.15105628967285156,True
300,119,3.5910274385569148,0.0001281099976040423,0.1511096954345703,True
301,113,5.04735793645762,0.00011237800208618864,0.1510334014892578,True
302,115,2.7877874029371448,0.0001193429998238571,0.15113258361816406,True
303,85,7.043391008561147,0.00011325300147291273,0.1511402130126953,True
304,85,2.9940331053865057,0.00010747499982244335,0.1510486602783203,True
305,119,3.773636420118766,0.00011126399840577506,0.1511096954345703,True
306,119,5.420287929347269,0.00011401699885027483,0.1511554718017578,True
307,116,6.718572012089917,0.00011457300206529908,0.1510944366455078,True
308,113,11.036078391326672,0.00011873699986608699,0.15111732482910156,True
309,117,10.475916489073427,0.00011449899830040522,0.1511402130126953,True
310,111,4.399586495133338,0.00011425000047893263,0.1511096954345703,True
311,115,5.583380321877147,0.00011174000246683136,0.15108680725097656,True
312,112,4.44041310486935,0.00010930899952654727,0.15104103088378906,True
313,111,5.332148397019539,0.00011304900181130506,0.15110206604003906,True
314,80,5.172251796484424,0.00011478099986561574,0.15116310119628906,True
315,114,6.2711762520516094,0.0001139209998655133,0.15113258361816406,True
316,111,11.564830133372075,0.00011629300206550397,0.15117835998535156,True
317,118,20.738447326213212,0.0001290439977310598,0.1512470245361328,True
318,82,4.20481256281289,0.00011393300155759789,0.15111732482910156,True
319,114,5.338043215484146,0.00011864100088132545,0.1511096954345703,True
320,81,3.8432689417742796,0.00011618300050031394,0.15111732482910156,True
321,89,2.3345400241580028,0.000286279999272665,0.1510944366455078,True
322,106,4.85098232108731,0.0001129160009440966,0.15107154846191406,True
323,84,3.9515159085465386,0.00011744800212909468,0.1511402130126953,True
324,86,4.859926973087351,0.00011572700168471783,0.1511402130126953,True
325,90,3.191635595200696,0.00011318499673507176,0.15108680725097656,True
326,89,2.036808255834609,0.00011696300134644844,0.15110206604003906,True
327,89,1.5965856471005875,0.00011258400263614021,0.15105628967285156,True
328,84,2.2135831818981706,0.00011760299821617082,0.1510944366455078,True
329,90,4.035315417492435,0.00011946499944315292,0.15111732482910156,True
330,115,3.007342168940471,0.00011493700003484264,0.15108680725097656,True
331,112,3.1703509019830305,0.0001239320008608047,0.15107154846191406,True
332,86,4.080344784926334,0.00012281700037419796,0.15113258361816406,True
333,84,3.8558672116566606,0.00011721700138878077,0.15113258361816406,True
334,84,4.037750959647855,0.00013320400103111751,0.15119361877441406,True
335,84,4.115407001803424,0.0001168529997812584,0.1511554718017578,True
336,84,3.2111933948735736,0.00012349899770924821,0.15114784240722656,True
337,84,4.140222909674287,0.0001314270011789631,0.1511859893798828,True
338,81,4.235782310726304,0.00012322199836489744,0.1511707305908203,True
339,106,5.271046161949803,0.00012257100024726242,0.1512012481689453,True
340,82,3.7235303911156827,0.00012083699766662903,0.15114784240722656,True
341,82,2.9359787859746427,0.00013354899783735164,0.1511402130126953,True
342,81,3.0545839725057586,0.00011264999920967966,0.15104103088378906,True
343,89,3.522905171717526,0.00011054599963244982,0.15110206604003906,True
344,90,2.86087829712984,0.00011641200035228394,0.15111732482910156,True
345,88,3.4505558769505043,0.00013409699749900028,0.1510639190673828,True
346,159,10.773488766607127,0.00011632899986580014,0.1510639190673828,True
347,121,12.749648933335587,0.0001210549999086652,0.15113258361816406,True
348,122,9.752874529897559,0.00011526299931574613,0.15110206604003906,True
349,122,16.605886755833847,0.00013289300113683566,0.15105628967285156,True
350,122,14.487077812111133,0.00011705200085998513,0.15110206604003906,True
351,156,12.706190830033124,0.00011425699995015748,0.1510791778564453,True
352,396,17.19095280468215,0.00011981599891441874,0.1512317657470703,False
353,121,16.321582970846716,0.0001170029972854536,0.15114784240722656,True
354,122,15.22386700024411,0.0001286510014324449,0.1511096954345703,True
355,156,10.40082437655892,0.00011316699965391308,0.15104103088378906,True
356,156,16.65652166508786,0.00014419900253415108,0.1510639190673828,True
357,159,10.905977106536607,0.00011219000225537457,0.15102577209472656,True
358,151,16.255784431624193,0.00011173400343977846,0.1511249542236328,True
359,159,12.004509152835402,0.00011106400052085519,0.1510639190673828,True
360,151,20.818824363459388,0.00012573399726534262,0.1511707305908203,True
361,151,19.598340251963513,0.0001115869999921415,0.15113258361816406,True
362,156,20.422085037725058,0.00011790899952757172,0.15116310119628906,True
363,243,14.693949150162167,0.0001180200015369337,0.15119361877441406,False
364,62,15.364045497258946,0.0001242889993591234,0.1511554718017578,False
365,122,15.12255128012941,0.00011905800056410953,0.1511859893798828,True
366,142,12.955156776935441,0.00012386000162223354,0.1510639190673828,True
367,45,18.61627613577748,0.00013143199976184405,0.15125465393066406,False
368,76,19.045950911337357,0.00012234499808982946,0.15128517150878906,False
369,274,13.638170102170774,0.00011638000069069676,0.15120887756347656,False
370,122,7.895630790396666,0.00011259700113441795,0.1510791778564453,True
371,122,10.910700313965943,0.00010844999997061677,0.1510334014892578,True
372,123,9.758266054145146,0.0001228139990416821,0.1512470245361328,True
373,275,13.887680586800368,0.00011044799975934438,0.15114784240722656,False
374,152,24.383193627164637,0.00011469200035207905,0.15113258361816406,True
375,122,14.050452530331524,0.00012724199768854305,0.1511402130126953,True
376,66,18.31225176201538,0.0001264849997824058,0.1512165069580078,False
377,5,16.924725747321776,0.00012507199789979495,0.15120887756347656,False
378,128,15.66575009758826,0.00011742499918909743,0.1511402130126953,True
379,218,24.456552144651603,0.00011603399980231188,0.1512012481689453,False
380,137,23.77226400098157,0.0001368810007988941,0.15117835998535156,True
381,62,16.069914030368018,0.0001343100011581555,0.1512928009033203,False
382,136,28.601224892670295,0.00011094699948444031,0.1510944366455078,True
383,137,22.979057265177616,0.00011507700037327595,0.1511402130126953,True
384,134,16.51572241186466,0.00013592599862022325,0.1512775421142578,True
385,136,25.739392716049444,0.00011385499965399504,0.1511249542236328,True
386,136,21.943186233705006,0.00011909499880857766,0.1511249542236328,True
387,131,19.77547476927206,0.00011841800005640835,0.1510944366455078,True
388,206,23.693341292000852,0.0001136030005000066,0.15116310119628906,False
389,141,24.21961490372103,0.00010991100134560838,0.1510944366455078,True
390,130,31.665482272398624,0.00011872799950651824,0.1511707305908203,True
391,131,20.720937380109234,0.00011628200081759132,0.15116310119628906,True
392,217,20.386050061121825,0.00011583500236156397,0.15119361877441406,False
393,129,19.4662643511174,0.00011423600153648295,0.15113258361816406,True
394,128,22.112205121993906,0.00012721399980364367,0.15111732482910156,True
395,52,27.74821200136422,0.00011720800102921203,0.1512012481689453,False
396,125,22.81239397501239,0.00011138999980175868,0.1510944366455078,True
397,127,21.611758273621987,0.0001499840000178665,0.1511249542236328,True
398,142,22.525780295012165,0.00011575900134630501,0.15111732482910156,True
399,136,26.413753146659634,0.00011169000208610669,0.15107154846191406,True
400,136,26.17411802988071,0.00011397500202292576,0.1510944366455078,True
401,135,21.862528529787063,0.00011539499973878264,0.1511554718017578,True
402,127,21.08864423989197,0.00011328400069032796,0.1511096954345703,True
403,140,22.736083300765,0.00011482799891382456,0.15108680725097656,True
404,121,12.961304810671372,0.0001137489998654928,0.15111732482910156,True
405,137,20.13789526276333,0.0001160689971584361,0.15108680725097656,True
406,131,26.193525395027446,0.00012310700185480528,0.15117835998535156,True
407,140,27.309732529557813,0.00011398500282666646,0.1511554718017578,True
408,129,21.471587220037677,0.00011343600272084586,0.1511096954345703,True
409,129,21.88400638489689,0.00011801099753938615,0.15110206604003906,True
410,248,23.675414153309937,0.00011464300041552633,0.1511707305908203,False
411,217,28.043177650867626,0.00011497000014060177,0.1511402130126953,False
412,255,21.589895664671765,0.0001251479989150539,0.1512165069580078,False
413,128,18.586972156968436,0.00011434899715823121,0.1511402130126953,True
414,212,25.434244104334567,0.00011410299703129567,0.15116310119628906,False
415,206,25.742828204418252,0.00011648099825833924,0.15120887756347656,False
416,135,20.015198181120674,0.00012050099758198485,0.1510944366455078,True
417,132,24.2887527275075,0.00012101799802621827,0.1511249542236328,True
418,140,21.96164118080787,0.00011160000212839805,0.1511096954345703,True
419,140,29.96695647411669,0.0001137670005846303,0.15114784240722656,True
420,154,13.696715437601924,0.00011171699952683412,0.15108680725097656,True
421,143,24.40684425126849,0.00011799799904110841,0.1512165069580078,True
422,152,13.264792467326645,0.00011354500020388514,0.15113258361816406,True
423,142,11.507760105680012,0.00013403200136963278,0.1510334014892578,True
424,155,10.724333443434348,0.000110041000880301,0.1510486602783203,True
425,154,22.142436321134127,0.00012001499999314547,0.1511859893798828,True
426,155,13.280237075716954,0.00011324399747536518,0.1511402130126953,True
427,147,19.99280713515182,0.00011607099804678,0.1511707305908203,True
428,139,15.188923152111958,0.00014241000098991208,0.15116310119628906,True
429,125,13.217428240885287,0.00010735300020314753,0.15102577209472656,True
430,155,15.230452763807698,0.00011548399925231934,0.1510639190673828,True
431,139,10.271301671681881,0.00011154700041515753,0.1510944366455078,True
432,155,14.913489455320638,0.00010872100028791465,0.1510791778564453,True
433,125,13.285998069213255,0.00012142100240453146,0.1510791778564453,True
434,152,23.067375004823425,0.00012533900007838383,0.1510791778564453,True
435,150,19.161497889323474,0.0001122030007536523,0.15107154846191406,True
436,154,26.395016136708385,0.00012202300058561377,0.1512165069580078,True
437,142,15.436050666950067,0.0001132300021708943,0.1510944366455078,True
438,154,19.60972109321454,0.00011143200026708655,0.15110206604003906,True
439,139,10.101799747431857,0.00011284699940006249,0.1511096954345703,True
440,142,15.93727900201494,0.00013063799997325987,0.1510791778564453,True
441,146,23.46183395137283,0.00012006700126221403,0.1511707305908203,True
442,272,27.702678266973702,0.0001218310026160907,0.1512317657470703,False
443,143,26.217970084611192,0.00011890599853359163,0.15126991271972656,True
444,268,22.21082759672143,0.00012060199878760614,0.15125465393066406,False
445,272,31.83154312711207,0.00011769299817387946,0.15122413635253906,False
446,155,19.913144989805595,0.00011096999878645875,0.15110206604003906,True
447,139,9.812438358307963,0.00011895300121977925,0.1510944366455078,True
448,156,13.061194307635619,0.00011538100079633296,0.1510944366455078,True
449,159,10.59833982847648,0.00012494999828049913,0.1510334014892578,True
450,159,13.449814476699608,0.00012193799921078607,0.1511402130126953,True
451,157,8.672099748908234,0.00011016300049959682,0.1510028839111328,True
452,158,12.402064695055413,0.00022233400159166194,0.15102577209472656,True
453,157,6.790900498825284,0.00010680999912437983,0.15102577209472656,True
454,158,10.000347749329238,0.00010542100062593818,0.15097999572753906,True
455,139,12.655031700294867,0.00011119000191683881,0.15110206604003906,True
456,158,14.389590331446561,0.0001094129984267056,0.1510181427001953,True
457,159,8.41556022681701,0.00010871899939957075,0.1510639190673828,True
458,159,10.604870966772728,0.0001076420012395829,0.1510486602783203,True
459,266,15.13658821661371,0.00011701400217134506,0.1511707305908203,False
460,156,12.071246639977003,0.00012653899830183946,0.15107154846191406,True
461,156,11.913511993936657,0.00010881500202231109,0.1510639190673828,True
462,156,16.73664215205744,0.00013676800153916702,0.1510944366455078,True
463,122,14.971046007534389,0.00011233499753871001,0.15113258361816406,True
464,122,13.229043991054105,0.00010990200098603964,0.1510791778564453,True
465,122,16.022701018182527,0.00012161500126239844,0.1510944366455078,True
466,122,14.62769069281397,0.00013528600175050087,0.15113258361816406,True
467,122,11.214050960331068,0.0002970039968204219,0.1510639190673828,True
468,122,14.545435577606561,0.00011547499889275059,0.15110206604003906,True
469,157,22.377392529664238,0.00012367800081847236,0.1512012481689453,True
470,159,17.915055004128583,0.00011428499783505686,0.15111732482910156,True
471,156,13.370772030498296,0.00011730600090231746,0.1511096954345703,True
472,156,13.524827916936875,0.00012201500067021698,0.1511096954345703,True
473,156,10.762584738479289,0.00010923299851128832,0.1510639190673828,True
474,156,11.792150323476447,0.00011318399992887862,0.1511096954345703,True
475,206,15.683901007963128,0.00023866900301072747,0.1511402130126953,False
476,156,10.736404110430417,0.00010670099800336175,0.15102577209472656,True
477,191,3.4563675448488853,0.00011431699749664403,0.15105628967285156,True
478,197,6.09109460906983,0.00012436299948603846,0.1510639190673828,True
479,196,10.279258509157634,0.00010906099851126783,0.15102577209472656,True
480,195,7.014761074150114,0.0001214989970321767,0.15114784240722656,True
481,195,7.487959314154497,0.00011036000068997964,0.15108680725097656,True
482,191,6.11592144770266,0.00011354599701007828,0.15114784240722656,True
483,188,9.471272300058663,0.00011301999984425493,0.15113258361816406,True
484,195,7.523684577612285,0.00011079700198024511,0.1510944366455078,True
485,195,6.482042631761927,0.00011081999764428474,0.15111732482910156,True
486,195,6.546868776550644,0.00011283400090178475,0.15108680725097656,True
487,162,6.402189578663541,0.00013400899842963554,0.1510181427001953,True
488,160,6.03741697418714,0.00011846299821627326,0.1511249542236328,True
489,197,9.94446936207835,0.00011016399730578996,0.15108680725097656,True
490,161,4.5751647956388934,0.00011355899914633483,0.15108680725097656,True
491,161,5.789004377255852,0.00011409100261516869,0.1511096954345703,True
492,164,6.648487490788441,0.00011911899855476804,0.1511249542236328,True
493,164,8.411343602369099,0.00014434400145546533,0.1511249542236328,True
494,165,13.927538700997015,0.00011999200069112703,0.1512012481689453,True
495,165,8.178898099609492,0.00012126400179113261,0.1511707305908203,True
496,165,3.4355582191858898,0.00011602599988691509,0.1510639190673828,True
497,167,11.368744663286408,0.00011255900244577788,0.15110206604003906,True
498,182,12.375391150944077,0.0001132829966081772,0.15110206604003906,True
499,261,11.191038003258987,0.00012644100206671283,0.1512928009033203,False
500,450,12.547708725232877,0.0001241649988514837,0.15133094787597656,False
501,186,7.36263565237938,0.00011107699901913293,0.1511249542236328,True
502,167,9.781286557545748,0.00010722800288931467,0.15105628967285156,True
503,181,8.709745070702672,0.00011002100291079842,0.15104103088378906,True
504,190,10.70063334640927,0.00011196199920959771,0.15111732482910156,True
505,175,9.060169108840665,0.00011161099973833188,0.1511249542236328,True
506,196,11.870610088669512,0.00010754300092230551,0.15102577209472656,True
507,188,9.069410261693342,0.00011495999933686107,0.15108680725097656,True
508,173,11.175634182392573,0.00011112799984402955,0.15111732482910156,True
509,172,8.939888329666905,0.00011802699737017974,0.1511096954345703,True
510,175,7.817075298137175,0.00010856099834199995,0.1510334014892578,True
511,198,10.477013752375806,0.0001316519992542453,0.1510944366455078,True
512,196,16.4813978771839,0.00011503800124046393,0.15113258361816406,True
513,179,13.9648388875404,0.00010969100185320713,0.1510791778564453,True
514,192,7.593951416117754,0.00011188600183231756,0.1511096954345703,True
515,181,13.389835048794211,0.00010711000140872784,0.15104103088378906,True
516,188,9.647461155559132,0.00011161899965372868,0.1511096954345703,True
517,163,7.661509136951755,0.00010793099863803945,0.1510334014892578,True
518,173,13.544495162182168,0.00011699199967551976,0.15114784240722656,True
519,193,14.83850733018428,0.00011081199772888795,0.1511096954345703,True
520,183,13.453574651999912,0.00012381600026856177,0.15111732482910156,True
521,190,10.898816616614273,0.00012513000183389522,0.15104103088378906,True
522,169,13.519364445729817,0.00011288799942121841,0.15111732482910156,True
523,182,9.628439737431073,0.00010974799806717783,0.1510639190673828,True
524,169,11.06944708935273,0.00010934599777101539,0.15105628967285156,True
525,183,9.253700906064061,0.0003500540005916264,0.15104103088378906,True
526,197,8.479377450015376,0.0001129020020016469,0.15113258361816406,True
527,174,9.207276282466589,0.00011708899910445325,0.1510639190673828,True
528,183,7.606353436276251,0.00011843299944302998,0.1510486602783203,True
529,190,14.163180679990411,0.000114771999506047,0.15110206604003906,True
530,194,13.432128144303682,0.00011642599929473363,0.15116310119628906,True
531,175,13.880841994484037,0.0001149099989561364,0.1511554718017578,True
532,194,9.825284135802276,0.00011364600140950643,0.1511554718017578,True
533,183,10.613732410466634,0.0001185549990623258,0.1510791778564453,True
534,173,10.029193828107053,0.0001246329993591644,0.1511707305908203,True
535,165,12.967052588155886,0.00013089099957142025,0.1512012481689453,True
536,165,15.059305159339495,0.00013169500016374514,0.15122413635253906,True
537,188,7.519155315699127,0.00013227900126366876,0.1510181427001953,True
538,165,15.242245357692498,0.00011664100020425394,0.1511859893798828,True
539,190,12.920602421224816,0.0001280190008401405,0.1511402130126953,True
540,190,11.664380645949365,0.00011444700066931546,0.15113258361816406,True
541,188,10.456078518200432,0.00011467399963294156,0.15111732482910156,True
542,175,16.107606732540493,0.00011470499885035679,0.15114784240722656,True
543,188,9.387137737525395,0.00011167900083819404,0.1511249542236328,True
544,184,12.121383837552592,0.00011247200018260628,0.1511402130126953,True
545,184,18.2503542222895,0.00011644199912552722,0.15117835998535156,True
546,164,9.077922900947895,0.00011783800073317252,0.1511859893798828,True
547,185,4.377883334622307,0.00010721199942054227,0.1510334014892578,True
548,188,10.154689575875375,0.00011157800327055156,0.1510944366455078,True
549,188,5.847212707557103,0.00010964299872284755,0.1510181427001953,True
550,184,10.951062659140101,0.00013097199916956015,0.15108680725097656,True
551,184,10.006703769518447,0.00011689100210787728,0.1510639190673828,True
552,199,6.799155149027547,0.0001113640028052032,0.1510791778564453,True
553,190,6.849132152328414,0.00011481699766591191,0.15113258361816406,True
554,186,6.75931242474435,0.0001068760029738769,0.15099525451660156,True
555,191,7.003169480865715,0.0001449510018574074,0.1510791778564453,True
556,162,3.57272370961383,0.00011727799937943928,0.1510181427001953,True
557,191,6.7912131510080895,0.00010930999997071922,0.15107154846191406,True
558,161,9.56446659794941,0.00011487099982332438,0.15116310119628906,True
559,185,6.607394469952415,0.0001092570018954575,0.1510639190673828,True
560,188,6.87174971236991,0.00010976799967465922,0.15108680725097656,True
561,191,4.527364033115542,0.00010470100096426904,0.15097999572753906,True
562,188,4.624283416570153,0.00011682300100801513,0.15104103088378906,True
563,163,5.051890741840466,0.00010822400145116262,0.1510181427001953,True
564,165,7.424158464930034,0.00011312200149404816,0.1511249542236328,True
565,193,10.397119177520082,0.00011187500058440492,0.1511249542236328,True
566,190,6.7266136483429815,0.00011500599794089794,0.15108680725097656,True
567,188,7.16528793084445,0.00011674699999275617,0.1511096954345703,True
568,193,6.997903475779933,0.00010593899787636474,0.15102577209472656,True
569,187,6.54648769178579,0.0001134550002461765,0.1510791778564453,True
570,187,6.702605276907084,0.00012533699919003993,0.15107154846191406,True
571,191,5.991068352029176,0.00011699700189637952,0.15111732482910156,True
572,162,9.488773557190832,0.00014420699881156906,0.1510639190673828,True
573,187,6.824312605972993,0.00011791399811045267,0.1510791778564453,True
574,197,5.117363127327764,0.00010475599992787465,0.15099525451660156,True
575,196,6.830516447108284,0.0001085760013666004,0.1509876251220703,True
576,196,6.7961631209036195,0.00010877099703066051,0.15104103088378906,True
577,193,6.601169196268179,0.0001150739990407601,0.1510028839111328,True
578,185,5.959183691876639,0.00012480200166464783,0.15108680725097656,True
579,185,4.900759606103305,0.00012118499944335781,0.15105628967285156,True
580,160,7.79886531426199,0.00010984799882862717,0.15107154846191406,True
581,160,5.623220452482679,0.00010984300024574623,0.1510486602783203,True
582,191,6.6187386198913325,0.00010798299990710802,0.15105628967285156,True
583,182,9.802724522035449,0.00011993099906248972,0.1511096954345703,True
584,191,8.824746330143608,0.00011325599916744977,0.1510944366455078,True
585,164,9.738898970741397,0.00011680799798341468,0.1511402130126953,True
586,166,6.717388032224834,0.00015374100257758982,0.15120887756347656,True
587,160,7.745393872511173,0.00011423599789850414,0.15114784240722656,True
588,191,6.179337055636584,0.00011326000094413757,0.1511096954345703,True
589,188,5.705135586998222,0.00011106400052085519,0.1510944366455078,True
590,191,6.8092251189209785,0.00011141600043629296,0.1510639190673828,True
591,191,5.164635827277297,0.00011788399933720939,0.15105628967285156,True
592,191,6.695967407678957,0.00011169299978064373,0.1511096954345703,True
593,185,5.246125223660866,0.00012216399773024023,0.1511096954345703,True
594,160,6.084777270181623,0.00013178600056562573,0.15113258361816406,True
595,195,8.164679947392095,0.00012001299910480157,0.15116310119628906,True
596,191,7.689906863104649,0.00012150399925303645,0.1511859893798828,True
597,197,9.459294288121045,0.0001147559996752534,0.15114784240722656,True
598,8,11.774452543296423,0.0001185590008390136,0.1512165069580078,False
599,185,5.453217646800647,0.00012480499935918488,0.15110206604003906,True
600,185,7.083584359754757,0.00012272499952814542,0.15111732482910156,True
601,160,4.223175951019253,0.00012123900160077028,0.15110206604003906,True
602,191,6.67404155434071,0.00011330099732731469,0.15113258361816406,True
603,195,6.824007544001198,0.00010945300164166838,0.15111732482910156,True
604,185,7.232464002516354,0.00011692499901982956,0.15116310119628906,True
605,191,5.9053556050947575,0.00010943000233964995,0.1510791778564453,True
606,195,5.82596449658686,0.00011673100016196258,0.1510944366455078,True
607,195,11.233178125325571,0.00011174199971719645,0.15111732482910156,True
608,160,6.463633711243405,0.00011396099944249727,0.15110206604003906,True
609,195,5.943733075584971,0.00011100700066890568,0.1510944366455078,True
610,195,7.228813086129063,0.00011077499948441982,0.15110206604003906,True
611,199,6.692206322605442,0.00011588499910430983,0.1511249542236328,True
612,185,6.1475975154965985,0.00013492099969880655,0.1510944366455078,True
613,235,10.622300695024311,0.00010868699973798357,0.15107154846191406,True
614,239,7.192206634181104,0.0001070910002454184,0.15104103088378906,True
615,191,10.373969458031283,0.00011930500113521703,0.1512165069580078,False
616,36,14.942490885325455,0.00012428300033207051,0.15122413635253906,False
617,237,17.749710446290464,0.00011731700215023011,0.1511402130126953,True
618,237,17.323983317317403,0.00012326400246820413,0.1511554718017578,True
619,210,13.720998297014448,0.00011788499978138134,0.1511859893798828,True
620,452,11.755697351219437,0.00012200899800518528,0.1512165069580078,False
621,209,17.737082658244173,0.00011152499791933224,0.1510791778564453,True
622,409,17.459101055080875,0.00012123399937991053,0.1512622833251953,False
623,210,6.177114226891267,0.00012080700253136456,0.15107154846191406,True
624,45,25.15473408994202,0.00011915699724340811,0.15123939514160156,False
625,224,13.403776795340551,0.00011856399942189455,0.1511554718017578,True
626,216,18.322152339703496,0.0001078020031854976,0.1510486602783203,True
627,206,14.207929491089896,0.0001133740006480366,0.15111732482910156,True
628,215,7.456239737600331,0.00011223199908272363,0.1510334014892578,True
629,237,16.90677824845996,0.0001139940031862352,0.1511249542236328,True
630,207,14.19870832294201,0.00010971199662890285,0.1510486602783203,True
631,207,12.136832183530078,0.00010979099897667766,0.15107154846191406,True
632,208,19.25322293497178,0.00011070100299548358,0.1510486602783203,True
633,209,18.080887205012846,0.00011503199857543223,0.1511096954345703,True
634,209,15.18351454621056,0.00011334800001350231,0.1511249542236328,True
635,238,13.63722421347226,0.00010939599815174006,0.1510944366455078,True
636,216,16.43596051817144,0.00010834099884959869,0.15102577209472656,True
637,252,11.982903618542805,0.00012908300050185062,0.15125465393066406,False
638,227,9.383809565721155,0.00011720299880835228,0.15113258361816406,True
639,228,7.906982066915119,0.0001272410008823499,0.15116310119628906,True
640,261,9.934326936152898,0.00011927900050068274,0.15120887756347656,False
641,227,9.17292789191539,0.00012378099927445874,0.15117835998535156,True
642,218,17.991719313719678,0.00010850300168385729,0.1510639190673828,True
643,206,14.215826054993741,0.0001125859998865053,0.15110206604003906,True
644,208,19.619140581330218,0.00011198599895578809,0.15108680725097656,True
645,218,12.908939534264572,0.00012185299783595838,0.15110206604003906,True
646,218,13.497706029495204,0.00011114800145151094,0.1510639190673828,True
647,231,20.450023638458934,0.00011817099948530085,0.1511249542236328,True
648,216,18.883381869699974,0.0001170149989775382,0.15102577209472656,True
649,222,16.485058221933787,0.00013170199963496998,0.1510944366455078,True
650,229,16.67394547426947,0.00011072500274167396,0.1510944366455078,True
651,239,14.305544034949692,0.00010965899855364114,0.1510944366455078,True
652,235,16.0419509090922,0.00011270599861745723,0.1511249542236328,True
653,234,12.264003691500866,0.00011487899973872118,0.1511096954345703,True
654,266,14.591689938625171,0.0001145349997386802,0.15116310119628906,False
655,209,18.513541336335393,0.00011097899914602749,0.15110206604003906,True
656,215,9.55521815802684,0.00010743800157797523,0.1510334014892578,True
657,235,14.893146442994233,0.0001131189965235535,0.15114784240722656,True
658,202,8.054094345320921,0.0001170290015579667,0.1511859893798828,True
659,205,10.471536543250963,0.00011874499978148378,0.1512622833251953,True
660,252,13.945993496109468,0.00012088400035281666,0.15123939514160156,False
661,260,7.748657364134026,0.00011536199963302352,0.15117835998535156,False
662,260,6.721372132285884,0.00011425200136727653,0.1511554718017578,False
663,227,0.0,0.0001049799975589849,0.1509113311767578,True
664,202,15.747871724490311,0.00011309800174785778,0.15116310119628906,True
665,213,15.835391666126235,0.00011303000064799562,0.1510486602783203,True
666,226,19.176410478588664,0.00011408099817344919,0.1510944366455078,True
667,216,13.589520093973913,0.00012120800238335505,0.15108680725097656,True
668,231,8.002752909581682,0.00010886900054174475,0.15104103088378906,True
669,231,12.482014550613327,0.00011132799772894941,0.1510944366455078,True
670,215,7.515609831510538,0.00010675800149329007,0.15102577209472656,True
671,226,14.240693853747743,0.00011045700011891313,0.1510791778564453,True
672,262,33.52599363946195,0.0001355379972665105,0.15136146545410156,False
673,226,13.283109095279467,0.00013461900016409345,0.1511707305908203,True
674,238,11.21220749433183,0.00010927800030913204,0.1510639190673828,True
675,238,10.433444145427153,0.0001233869988936931,0.1510486602783203,True
676,308,15.723363771332123,0.0001242319995071739,0.15125465393066406,False
677,215,14.728142854111104,0.00011307900058454834,0.1511096954345703,True
678,215,11.198126389570703,0.00011713300045812503,0.1510791778564453,True
679,226,7.779887211295464,0.00010970100265694782,0.15102577209472656,True
680,226,11.13327557028639,0.0001138360021286644,0.1511096954345703,True
681,226,11.078170121999781,0.00011054800052079372,0.1510944366455078,True
682,226,13.264650435016089,0.00011536000238265842,0.15108680725097656,True
683,231,9.442887110192578,0.00010559699876466766,0.1510028839111328,True
684,215,10.336482818067564,0.00012775600043823943,0.15110206604003906,True
685,231,10.152100163273522,0.0001204269974550698,0.15102577209472656,True
686,220,17.210686314794014,0.000117248000606196,0.1511249542236328,True
687,239,12.146677943250223,0.00012168999819550663,0.15113258361816406,True
688,231,11.302759453510857,0.00011353599984431639,0.15110206604003906,True
689,231,10.684694377923835,0.0001091150006686803,0.1510486602783203,True
690,233,8.52016222162196,0.00010845699944184162,0.15105628967285156,True
691,215,9.430901705745061,0.00010933099838439375,0.15107154846191406,True
692,210,7.489126788938363,0.00010803600162034854,0.15104103088378906,True
693,215,8.593513751149983,0.00012629599950741976,0.15105628967285156,True
694,210,8.496566353107497,0.00010874500003410503,0.1510334014892578,True
695,226,9.080866618317346,0.00011121699935756624,0.15108680725097656,True
696,200,12.024554287468723,0.00012179699842818081,0.1510791778564453,True
697,479,12.739973482231985,0.00011440099842729978,0.1511402130126953,False
698,220,13.847194587374894,0.00011062699923058972,0.1510791778564453,True
699,215,8.761951629034959,0.00012060600056429394,0.15107154846191406,True
700,226,12.540729847403153,0.00011027900109183975,0.1510791778564453,True
701,234,9.687221794543683,0.00011137700130348094,0.15113258361816406,True
702,235,13.04041309652828,0.00010829800157807767,0.1510486602783203,True
703,210,9.482033518201634,0.0001172459997178521,0.1510791778564453,True
704,235,7.812781012491524,0.00010739199933595955,0.1510639190673828,True
705,234,5.329405935685895,0.00010930300049949437,0.15107154846191406,True
706,479,11.866281945748778,0.00011933000132557936,0.1511707305908203,False
707,235,8.85763358250677,0.0001068579986167606,0.1510486602783203,True
708,210,8.272599726715292,0.00011650799933704548,0.15104103088378906,True
709,236,9.25050647323192,0.00011037399963242933,0.15105628967285156,True
710,238,8.378529983917904,0.00011618499775067903,0.15111732482910156,True
711,254,12.028648548179254,0.00014370400094776414,0.1512012481689453,False
712,210,7.679961828510368,0.00011499399988679215,0.15108680725097656,True
713,235,7.798913342710353,0.00013650400069309399,0.1510181427001953,True
714,235,9.767744636576836,0.0001097919994208496,0.1510181427001953,True
715,235,8.710603448701834,0.00010735700197983533,0.1509876251220703,True
716,215,11.78954560571693,0.0001096499981940724,0.15107154846191406,True
717,215,7.025505089349034,0.00010715900134528056,0.1510181427001953,True
718,226,10.936960650078806,0.0001130030032072682,0.15108680725097656,True
719,237,8.511086839600093,0.00011000000085914508,0.15108680725097656,True
720,226,12.402987758552582,0.00011405600162106566,0.1511096954345703,True
721,237,7.928985415100923,0.00012476799747673795,0.15107154846191406,True
722,235,12.818132373418726,0.00011564299711608328,0.1511096954345703,True
723,226,9.932125028790317,0.00011492100020404905,0.1510791778564453,True
724,210,9.94328979413575,0.00011095100126112811,0.15107154846191406,True
725,215,9.182402744978155,0.00011121900024591014,0.15105628967285156,True
726,215,5.778964427850054,0.00010774600013974123,0.15101051330566406,True
727,235,9.233501641912715,0.00011041099787689745,0.1510944366455078,True
728,235,11.667243529133115,0.00010912200013990514,0.15108680725097656,True
729,235,9.475811020209472,0.00011316399832139723,0.15110206604003906,True
730,238,9.070676532077254,0.00011135100066894665,0.15110206604003906,True
731,238,9.614590874340127,0.00011566200191737153,0.1510639190673828,True
732,237,8.140509814019268,0.00011447500219219364,0.1510639190673828,True
733,210,9.81487021759856,0.00013605799904325977,0.1511402130126953,True
734,239,9.104718940703162,0.00010982800085912459,0.1510639190673828,True
735,226,9.35744741140792,0.00011527100286912173,0.1511096954345703,True
736,210,7.254882033290103,0.00011360400094417855,0.15105628967285156,True
737,215,6.919728051492022,0.00011851900126202963,0.1510181427001953,True
738,236,9.51290574285415,0.00012038799832225777,0.15104103088378906,True
739,238,5.695809556123831,0.00010718300109147094,0.1510486602783203,True
740,235,10.979665566532116,0.00010892900172621012,0.1510639190673828,True
741,233,9.75645839108759,0.00012149699978181161,0.1510944366455078,True
742,389,13.820161396414072,0.0001178780003101565,0.15123939514160156,False
743,215,9.513501280992315,0.00010879199908231385,0.15108680725097656,True
744,210,10.382644323771729,0.0001386339972668793,0.15113258361816406,True
745,378,10.035971509780211,0.00012489999789977446,0.15128517150878906,False
746,210,8.710957509445038,0.00010889799887081608,0.15107154846191406,True
747,227,13.248472472851725,0.00011712599734892137,0.15120887756347656,True
748,226,14.227775078101999,0.0001217580029333476,0.15114784240722656,True
749,224,13.046771182650659,0.00011536199963302352,0.1511707305908203,True
750,210,13.66979895051265,0.00012217300172778778,0.15111732482910156,True
751,237,17.749710446290464,0.00012419099948601797,0.1511402130126953,True
752,224,17.666416766136106,0.0001271779983653687,0.15119361877441406,True
753,214,16.241683485346968,0.00011120999988634139,0.15110206604003906,True
754,210,6.076959019918028,0.0002242659975308925,0.15104103088378906,True
755,210,16.64354069852754,0.0001135929996962659,0.15111732482910156,True
756,234,11.171435202101312,0.00011406600242480636,0.15113258361816406,True
757,209,11.584452448532964,0.00012263999815331772,0.1510486602783203,True
758,233,15.194886916570516,0.00011729900143109262,0.1510791778564453,True
759,247,16.400680907525658,0.0001348529985989444,0.15139198303222656,False
760,279,4.520763734938946,0.00011432300016167574,0.1510791778564453,True
761,279,7.119185767951981,0.00011049800014006905,0.1511096954345703,True
762,240,7.096641787404938,0.00011337500109220855,0.15108680725097656,True
763,279,7.350913877314245,0.00012325900024734437,0.1511707305908203,True
764,278,5.314650436771419,0.00012278199938009493,0.15101051330566406,True
765,261,10.94876847897529,0.00011880599777214229,0.15122413635253906,True
766,254,6.3691431300954715,0.00012291200255276635,0.1510944366455078,True
767,275,4.400360481231062,0.00012163700012024492,0.1509876251220703,True
768,271,9.084670574278432,0.00011072100096498616,0.1510639190673828,True
769,273,9.375582512477955,0.00011668200022540987,0.1511249542236328,True
770,266,5.5795632411952,0.00010986399865942076,0.15102577209472656,True
771,273,8.539653819351143,0.00011166100011905655,0.1510791778564453,True
772,273,7.628342322058502,0.00010960500003420748,0.1510639190673828,True
773,273,7.2049425069544055,0.00011167299817316234,0.1510791778564453,True
774,266,7.60068841407599,0.0003095700012636371,0.15105628967285156,True
775,277,6.269499825370432,0.00010900400229729712,0.1510334014892578,True
776,255,8.69731753584196,0.00010764100079541095,0.1510639190673828,True
777,273,7.253425759072964,0.00010875000225496478,0.15107154846191406,True
778,273,7.017716810141615,0.00011825300316559151,0.1510334014892578,True
779,254,9.58259825802381,0.00011094000001321547,0.1511096954345703,True
780,276,7.875515408040991,0.00011215300037292764,0.15110206604003906,True
781,273,7.7494388187119965,0.0001106630006688647,0.15108680725097656,True
782,266,9.746705335731226,0.00011003400140907615,0.15105628967285156,True
783,276,7.424077590637671,0.00011054700007662177,0.1510791778564453,True
784,272,7.8578518387250895,0.00010830699829966761,0.1510486602783203,True
785,241,6.776513631712735,0.00013397200018516742,0.15101051330566406,True
786,266,12.047190169943086,0.00010945200119749643,0.1510791778564453,True
787,252,4.5985357618852545,0.00011829199866042472,0.1511859893798828,True
788,252,1.992306727985411,0.00010884600123972632,0.15105628967285156,True
789,272,6.5786807419992686,0.00011198999709449708,0.15108680725097656,True
790,252,6.324157567714079,0.00011058100062655285,0.1510944366455078,True
791,248,13.516062110374543,0.00025712099886732176,0.1510791778564453,True
792,248,10.900428861884924,0.00011648700092337094,0.1510639190673828,True
793,255,10.203696298746738,0.0001241329991898965,0.15110206604003906,True
794,255,14.006612313063423,0.00011642400204436854,0.15116310119628906,True
795,252,2.326807791696307,0.00011110099876532331,0.1510334014892578,True
796,241,5.85293095394159,0.00010629500320646912,0.15097999572753906,True
797,256,13.257471609019039,0.00011769400225603022,0.1511096954345703,True
798,252,4.857835834732178,0.00011732599887182005,0.15117835998535156,True
799,252,9.487998455012258,0.00011890300083905458,0.1512317657470703,True
800,273,5.655597598059325,0.00011926700244657695,0.15110206604003906,True
801,278,7.420742838419992,0.00011318300312268548,0.15105628967285156,True
802,266,6.680989141247575,0.00010844899952644482,0.15101051330566406,True
803,279,6.401234337046123,0.00011132600047858432,0.15107154846191406,True
804,261,9.197074386400766,0.0001182609994430095,0.15117835998535156,True
805,278,11.094581456950174,0.0001107380012399517,0.15107154846191406,True
806,266,6.701801601010331,0.00011140799688291736,0.15105628967285156,True
807,240,6.800259175807866,0.00012142500054324046,0.1510944366455078,True
808,273,7.047961607751308,0.0001287140003114473,0.15110206604003906,True
809,261,7.124863866644269,0.00011179400098626502,0.15113258361816406,True
810,278,5.37850185612786,0.00011029500092263333,0.1510334014892578,True
811,278,8.066277364675212,0.00011079799878643826,0.15108680725097656,True
812,266,6.894977070548847,0.00010969000140903518,0.15104103088378906,True
813,260,3.8794765822923676,0.00011024999912478961,0.1510639190673828,True
814,247,5.375658918166559,0.0001379570021526888,0.15120887756347656,True
815,253,8.557797698988592,0.0001130620003095828,0.15110206604003906,True
816,276,8.805056753980004,0.00011584299863898195,0.1511096954345703,True
817,263,6.443175731841458,0.0001263310005015228,0.15113258361816406,True
818,440,15.00504143243417,0.00012239799980306998,0.15120887756347656,False
819,266,6.288547277660936,0.00012317100117797963,0.1510181427001953,True
820,266,5.783827255079471,0.00011532300050021149,0.15102577209472656,True
821,240,7.861498338479397,0.00011142399671371095,0.15107154846191406,True
822,266,8.927963221889847,0.00010963800013996661,0.15107154846191406,True
823,277,8.258470194572642,0.00011125600212835707,0.15107154846191406,True
824,266,7.3691797400662775,0.00011473199992906302,0.1510791778564453,True
825,275,6.965899358983384,0.00011774300219258294,0.1510944366455078,True
826,253,7.751046894668817,0.00010883199865929782,0.1510486602783203,True
827,273,6.341689443278642,0.00018373000057181343,0.15107154846191406,True
828,273,7.128240633126994,0.00011018200166290626,0.1510791778564453,True
829,400,12.043918754081972,0.00012085299749742262,0.15125465393066406,False
830,272,5.700366673009853,0.00010776099952636287,0.15102577209472656,True
831,241,7.154775950724337,0.00012543800039566122,0.15104103088378906,True
832,241,5.523943815225602,0.00010884500079555437,0.1510334014892578,True
833,267,10.37847489285269,0.00011267199806752615,0.1511402130126953,True
834,255,8.144748584370085,0.00010777100033010356,0.15104103088378906,True
835,267,8.394698964723004,0.00010982899766531773,0.1510639190673828,True
836,255,7.9690288706008285,0.00011909100066986866,0.1510639190673828,True
837,271,3.8612832199122122,0.00010763600221253,0.15102577209472656,True
838,240,6.215150692717248,0.00011197099956916645,0.1511096954345703,True
839,271,4.6296373193806435,0.00010758099961094558,0.1510181427001953,True
840,271,4.390040882601434,0.00010702399958972819,0.1509876251220703,True
841,253,6.087277285411635,0.00011108100079582073,0.15101051330566406,True
842,276,3.494069663953126,0.00010683600339689292,0.1510028839111328,True
843,274,4.630727579289644,0.00010832500265678391,0.15101051330566406,True
844,275,3.809754222751549,0.00012164600047981367,0.15096473693847656,True
845,272,4.3806850800585275,0.00011954900037380867,0.1510334014892578,True
846,276,3.31113540166486,0.00012417800098774023,0.15101051330566406,True
847,274,3.8743392693436776,0.00010959199789795093,0.1510334014892578,True
848,277,6.513699154968031,0.00011598199853324331,0.1510639190673828,True
849,273,3.934496601950813,0.0001066229997377377,0.1510181427001953,True
850,261,7.699426010480086,0.00011799799904110841,0.15111732482910156,True
851,259,4.798913660870039,0.00015027000335976481,0.1511096954345703,True
852,272,7.375810033935667,0.00011669599916785955,0.15097999572753906,True
853,252,12.624122003334088,0.00011509799878695048,0.1511707305908203,True
854,276,3.707719722212859,0.00010582200047792867,0.15099525451660156,True
855,275,7.715067970038123,0.00011168799755978398,0.1510944366455078,True
856,277,3.4246414182035827,0.0001079459980246611,0.15101051330566406,True
857,273,3.1137776320198887,0.00010634000136633404,0.1510028839111328,True
858,277,5.72019932768601,0.00011611999798333272,0.15104103088378906,True
859,253,6.253346220435823,0.00010811600077431649,0.15104103088378906,True
860,240,3.0531829503988646,0.00011241899846936576,0.15104103088378906,True
861,241,11.396032941393873,0.00011102800272055902,0.15108680725097656,True
862,389,16.182994038584702,0.00011751499914680608,0.1512012481689453,False
863,244,6.585653533061389,0.0001147599978139624,0.15113258361816406,True
864,241,6.857767231801444,0.00011332799840602092,0.15097999572753906,True
865,241,8.435822655854432,0.00011084099969593808,0.1510944366455078,True
866,244,10.671111459267822,0.00011324300066917203,0.1511249542236328,True
867,256,8.452205120959727,0.00011062699923058972,0.1510944366455078,True
868,241,5.708163073020537,0.00010928700066870078,0.15107154846191406,True
869,309,21.378575579882778,0.00011136499961139634,0.1511249542236328,True
870,305,7.401710437664986,0.00012501099990913644,0.15114784240722656,True
871,318,13.332810533969912,0.00011561799692572095,0.1511859893798828,True
872,298,7.72636968213734,0.000137495000672061,0.1511402130126953,True
873,309,11.65293092765302,0.00011892999827978201,0.1512012481689453,True
874,312,9.854687714622644,0.00011434699990786612,0.1511554718017578,True
875,310,10.854091636563073,0.00013083000158076175,0.1511554718017578,True
876,291,19.683926378193803,0.00011497200102894567,0.15114784240722656,True
877,308,10.491603974985402,0.00011489199823699892,0.1511707305908203,True
878,315,10.71159722434139,0.00011358499978086911,0.1511096954345703,True
879,280,8.517505554045089,0.00010983000174746849,0.1510639190673828,True
880,319,11.42077376607223,0.00011322999853291549,0.1511554718017578,True
881,281,4.566883426824172,0.00010923499939963222,0.15104103088378906,True
882,60,57.621092916337965,0.00012410400086082518,0.15136146545410156,False
883,298,6.217780850409608,0.00012957399667357095,0.1511096954345703,True
884,298,7.532927400529787,0.00010779099829960614,0.1510486602783203,True
885,297,6.581838952527401,0.00010836299770744517,0.15108680725097656,True
886,295,8.853911047048241,0.00011233900295337662,0.1510944366455078,True
887,297,6.4267459803054745,0.00010933500016108155,0.15104103088378906,True
888,283,12.162383245111407,0.00011642800018307753,0.15107154846191406,True
889,291,17.41855027984233,0.0001221530001203064,0.15122413635253906,True
890,307,12.42951298341332,0.00011947500024689361,0.1511402130126953,True
891,286,6.13648129630513,0.0001440559972252231,0.15113258361816406,True
892,286,5.827627508162415,0.00014929000099073164,0.15108680725097656,True
893,317,6.52153856368171,0.00011021899990737438,0.1511096954345703,True
894,294,14.797092186390838,0.00028893899798276834,0.15114784240722656,True
895,297,6.215266134825411,0.00011953900320804678,0.1510639190673828,True
896,283,15.39736056219765,0.00012062600217177533,0.15111732482910156,True
897,311,7.571298999317395,0.00012175399751868099,0.15116310119628906,True
898,294,16.819531829039445,0.00012157699893577956,0.15114784240722656,True
899,318,6.3637223323814,0.00011363399971742183,0.1511249542236328,True
900,292,6.348821932665358,0.00015736900240881369,0.1510639190673828,True
901,296,8.761174854077325,0.00014171899965731427,0.1511859893798828,True
902,291,7.630043228545104,0.00013175600179238245,0.1511554718017578,True
903,296,6.058237273704133,0.00011160700159962289,0.1510944366455078,True
904,290,7.307941386010781,0.00011408700083848089,0.15110206604003906,True
905,284,7.304067377545219,0.00012183499711682089,0.1511554718017578,True
906,290,7.135994200066446,0.00012604699804796837,0.1510639190673828,True
907,297,7.071419761324193,0.00011094200090155937,0.1510639190673828,True
908,296,5.938821764990755,0.00011559799895621836,0.15114784240722656,True
909,296,8.076641058025023,0.0001236099997186102,0.1510791778564453,True
910,285,8.725022917124472,0.00011463699775049463,0.1511096954345703,True
911,301,13.131703423474988,0.00012619399785762653,0.15114784240722656,True
912,280,9.500291030407134,0.00011379399802535772,0.1511707305908203,True
913,280,10.54110432689072,0.00011597499906201847,0.15119361877441406,True
914,299,7.485524005874875,0.00011965999874519184,0.15110206604003906,True
915,292,10.401069779348923,0.0001149929994426202,0.1511554718017578,True
916,296,6.936207780174877,0.00010683200162020512,0.1510334014892578,True
917,304,9.270320498292891,0.00011019199882866815,0.1510639190673828,True
918,281,8.328607329451962,0.00011553500007721595,0.1511554718017578,True
919,303,6.425010825840437,0.00012599199908436276,0.15107154846191406,True
920,304,8.58389769700899,0.00011075700240326114,0.1510944366455078,True
921,304,9.432822288861669,0.00011054200149374083,0.1510791778564453,True
922,292,7.203793574705837,0.0001241530007973779,0.1510944366455078,True
923,302,5.696204109256286,0.00010926799950539134,0.1510791778564453,True
924,318,5.195452384251475,0.00011271999755990691,0.15110206604003906,True
925,291,14.697352871960003,0.00012326100113568828,0.15116310119628906,True
926,315,5.359292112594218,0.00012990400136914104,0.1510486602783203,True
927,315,7.5750078701536205,0.00011475100109237246,0.15110206604003906,True
928,315,9.51824762373796,0.00011073499990743585,0.15107154846191406,True
929,311,7.440920553747769,0.00011637100033112802,0.1511859893798828,True
930,317,6.512798138878704,0.000136392998683732,0.15114784240722656,True
931,297,8.037980019137473,0.0001233059992955532,0.1510639190673828,True
932,310,8.414375881710926,0.00011754099978134036,0.1511707305908203,True
933,375,8.580072346954957,0.00012161199992988259,0.15130043029785156,False
934,381,11.794517047189492,0.00013412599946605042,0.1512775421142578,False
935,290,6.424396567634172,0.00011680700117722154,0.15111732482910156,True
936,302,6.3068474038351265,0.00010820000170497224,0.15102577209472656,True
937,315,10.183117952055959,0.00011293900024611503,0.1511249542236328,True
938,316,6.042070772631693,0.0001329000006080605,0.15108680725097656,True
939,317,8.327494444907959,0.00011131400242447853,0.1510791778564453,True
940,318,5.9512791819227004,0.00010758200005511753,0.1510181427001953,True
941,313,10.309231789587024,0.00011559899940039031,0.1512012481689453,True
942,309,8.719366200118412,0.0002923949978139717,0.1511402130126953,True
943,281,4.559758765875677,0.0001098020002245903,0.1510639190673828,True
944,290,26.041339194985778,0.00011587300105020404,0.15116310119628906,True
945,309,17.556311075436625,0.00011728699973900802,0.1511402130126953,True
946,307,12.69911298065727,0.00011968099715886638,0.1511707305908203,True
947,285,9.750083332857903,0.00012651100041694008,0.15117835998535156,True
948,291,15.881351231295088,0.00011484200149425305,0.1511707305908203,True
949,309,11.738963124294301,0.0001277149967791047,0.15117835998535156,True
950,313,11.829874290041698,0.00011799200001405552,0.1512317657470703,True
951,309,10.31399692487018,0.00012086700007785112,0.15110206604003906,True
952,309,12.296261864135548,0.00011278099918854423,0.15111732482910156,True
953,316,11.1580112169383,0.00011545199959073216,0.15117835998535156,True
954,325,17.71853930883269,0.0001305960031459108,0.1512775421142578,False
955,281,10.127516786257791,0.00011560799975995906,0.1511859893798828,True
956,87,8.356059205255223,0.0001229820009029936,0.15128517150878906,False
957,105,8.603383416272166,0.00011687000005622394,0.15125465393066406,False
958,294,12.02463374909642,0.00012263400276424363,0.15123939514160156,True
959,260,50.306749325982565,0.00013995400149724446,0.1515216827392578,False
960,297,11.79644444020693,0.00011597900083870627,0.15117835998535156,True
961,300,8.141307855747664,0.00012073000107193366,0.15122413635253906,True
962,294,14.615398302562948,0.00011763399743358605,0.15122413635253906,True
963,27,8.345657363782312,0.00014583699885406531,0.1512622833251953,False
964,27,7.523537062985456,0.00012532300024759024,0.15123939514160156,False
965,105,7.353741130893797,0.00011606800035224296,0.15120887756347656,False
966,37,9.46888782169097,0.00011764800001401454,0.1512470245361328,False
967,37,9.52826777261371,0.00011868000001413748,0.1512470245361328,False
968,37,7.356267488906585,0.0001284280006075278,0.1512012481689453,False
969,281,8.434874808118561,0.0001173310010926798,0.15120887756347656,True
970,300,9.928611532917726,0.00012168499961262569,0.15126991271972656,True
971,348,10.945507271099672,0.00011688599988701753,0.15120887756347656,False
972,298,9.769899899399363,0.00011195399929420091,0.1511249542236328,True
973,37,8.751570495082639,0.00011999900016235188,0.1512622833251953,False
974,37,8.1156215652272,0.00011957500100834295,0.1512317657470703,False
975,37,7.6895218990634815,0.00012018900088150986,0.15117835998535156,False
976,37,10.060798030996768,0.00024401599876000546,0.1512317657470703,False
977,37,11.531030643876232,0.00012779099779436365,0.15123939514160156,False
978,29,8.51833875901924,0.00012317399887251668,0.1512470245361328,False
979,27,8.538520464886941,0.00011955599984503351,0.1512470245361328,False
980,95,10.757412318349989,0.00011722999988705851,0.1511859893798828,False
981,82,14.92712655491128,0.00012208299813210033,0.15128517150878906,False
982,385,8.673899448992175,0.0001301240008615423,0.1512622833251953,False
983,37,7.898602618408737,0.00011724900105036795,0.1512317657470703,False
984,37,7.505199629388835,0.00012192900248919614,0.15126991271972656,False
985,299,10.387161095915419,0.00011548699694685638,0.15117835998535156,True
986,37,9.04430922381356,0.00012397099999361672,0.15123939514160156,False
987,37,10.743699526645473,0.00012119399980292656,0.15122413635253906,False
988,111,13.467115622610832,0.00012910399891552515,0.15122413635253906,False
989,300,9.469891459083431,0.00011907800217159092,0.1512622833251953,True
990,281,8.864026720817371,0.00011564899978111498,0.15117835998535156,True
991,300,8.198877082255796,0.00012118200174882077,0.1512165069580078,True
992,86,8.233667766874158,0.00012053799946443178,0.15125465393066406,False
993,300,9.543170536272232,0.00012295099804759957,0.1512928009033203,True
994,294,12.921422619767686,0.00011815199832199141,0.1512165069580078,True
995,37,9.447471288628646,0.00011610799992922693,0.1512165069580078,False
996,300,8.65166474099078,0.00012244000026839785,0.15120887756347656,True
997,300,10.208042658076481,0.00012295699707465246,0.15122413635253906,True
998,86,13.638592613530403,0.00011858400102937594,0.15122413635253906,False
999,37,8.532023597031154,0.00011928299863939174,0.1512317657470703,False
1000,294,11.274046546065449,0.0001184940010716673,0.15120887756347656,True
1001,300,10.378840110351241,0.00012094499834347516,0.1512622833251953,True
1002,294,10.75924178332452,0.00011391400039428845,0.15114784240722656,True
1003,294,23.39341088100001,0.00011683800039463677,0.15119361877441406,True
1004,27,9.696395657480354,0.0001608889979252126,0.1512317657470703,False
1005,105,6.785624288143943,0.00013784299881081097,0.15126991271972656,False
1006,86,9.666226602430608,0.00013350399967748672,0.1513385772705078,False
1007,102,11.024333422505052,0.0001316050002060365,0.15130043029785156,False
1008,86,9.525408281647277,0.00012126000001444481,0.1512622833251953,False
1009,105,6.392072404521884,0.00012032499944325536,0.1512470245361328,False
1010,86,9.419018890170891,0.000123464000353124,0.15125465393066406,False
1011,281,9.163363725356382,0.00011552400246728212,0.1511707305908203,True
1012,90,9.491151889180331,0.0001377829976263456,0.15133094787597656,False
1013,103,13.400208065588233,0.0001216669988934882,0.15131568908691406,False
1014,105,7.327325652971788,0.00011689300299622118,0.15123939514160156,False
1015,106,10.77040122264877,0.0001201980012410786,0.15128517150878906,False
1016,373,8.562420299560776,0.00012610599878826179,0.1513080596923828,False
1017,281,9.767022204822718,0.00011980400086031295,0.1511859893798828,True
1018,300,13.418936778713356,0.0001288130006287247,0.15130043029785156,True
1019,294,10.973337066869439,0.00011821000225609168,0.15123939514160156,True
1020,27,9.668450797035764,0.0001760500017553568,0.15123939514160156,False
1021,294,12.87675654735388,0.0001137469989771489,0.1511554718017578,True
1022,300,10.931830591523815,0.00011936399823753163,0.15128517150878906,True
1023,105,9.008438044364985,0.00012100200183340348,0.15130043029785156,False
1024,102,6.76312013351191,0.000121520999528002,0.15128517150878906,False
1025,82,8.683669043305024,0.00016091399811557494,0.15125465393066406,False
1026,257,12.19898304090622,0.0001248299995495472,0.1513385772705078,False
1027,37,5.074238906863258,0.00013366100029088557,0.1511707305908203,False
1028,37,7.4023825685659,0.00012127699665143155,0.1512622833251953,False
1029,27,9.066355762698201,0.00011862800238304771,0.15122413635253906,False
1030,27,7.239523682183519,0.00011655200069071725,0.15120887756347656,False
1031,37,8.27504068060215,0.0001343160001852084,0.15125465393066406,False
1032,102,6.257209715583986,0.00012107000293326564,0.15130043029785156,False
1033,96,7.918138872070604,0.00012115700155845843,0.1512470245361328,False
1034,37,6.36964776544974,0.00011576100223464891,0.15119361877441406,False
1035,26,9.34931850210359,0.00014736699813511223,0.15125465393066406,False
1036,26,9.973525414324705,0.0001442459979443811,0.15128517150878906,False
1037,281,11.991470865906347,0.00011868699948536232,0.15120887756347656,True
1038,36,12.909308848975275,0.00012044699906255119,0.15125465393066406,False
1039,106,12.932334395553085,0.00013144200056558475,0.1512928009033203,False
1040,281,7.952405702597423,0.00011738200191757642,0.15120887756347656,True
1041,281,10.965839324087609,0.00012375900041661225,0.15119361877441406,True
1042,300,10.443436949965884,0.00013935600145487115,0.15119361877441406,True
1043,300,14.63101653032533,0.00012171900016255677,0.15120887756347656,True
1044,326,12.607810438657474,0.00014923300113878213,0.15123939514160156,False
1045,95,6.692537039343317,0.00012567399971885607,0.1512012481689453,False
1046,300,8.882895921533548,0.00012250900181243196,0.1512165069580078,True
1047,110,9.83142882939887,0.00012454900206648745,0.15125465393066406,False
1048,281,8.716004042231939,0.00011788399933720939,0.1512012481689453,True
1049,27,9.179563272276317,0.0001252250003744848,0.1512165069580078,False
1050,281,8.980633185971573,0.00013575599950854667,0.1511707305908203,True
1051,318,10.612281720254812,0.0001236850002896972,0.15116310119628906,True
1052,29,8.26329318961815,0.00011873699986608699,0.15123939514160156,False
1053,348,8.808823495671502,0.00011667500075418502,0.15120887756347656,False
1054,326,9.721321147172349,0.00012192400026833639,0.15123939514160156,False
1055,89,8.0916632901522,0.00011990100028924644,0.1512622833251953,False
1056,37,8.200533688535643,0.00012738800069200806,0.15125465393066406,False
1057,88,10.27229013891687,0.00013009300164412707,0.1512012481689453,False
1058,350,15.42656228348804,0.00012788800086127594,0.15130043029785156,False
1059,304,7.605861803524116,0.00012009700003545731,0.15120887756347656,True
1060,37,9.508536076678535,0.00012095700003555976,0.1512317657470703,False
1061,311,10.103749629437468,0.00011916500079678372,0.1512317657470703,True
1062,37,8.572469539236149,0.00012114499986637384,0.1512012481689453,False
1063,86,10.003046373964157,0.00012224300007801503,0.1512775421142578,False
1064,82,8.51238409979075,0.00011878499935846776,0.1512012481689453,False
1065,95,11.672379981531309,0.0001264910024474375,0.1512622833251953,False
1066,300,13.351152536981221,0.00013416300134849735,0.15130043029785156,True
1067,37,7.255851266829374,0.00011962999997194856,0.15123939514160156,False
1068,281,9.969474190474903,0.00014720100080012344,0.15117835998535156,True
1069,95,7.667148381507305,0.00012881800284958445,0.15119361877441406,False
1070,27,8.643717899881215,0.00013150300219422206,0.15126991271972656,False
1071,37,11.042181034033845,0.00011969000115641393,0.1512470245361328,False
1072,358,16.917596594313824,0.00012941200111526996,0.1512928009033203,False
1073,298,9.822417374280336,0.00011704999997164123,0.1511859893798828,True
1074,300,7.276648947276793,0.0001188850001199171,0.1512165069580078,True
1075,300,7.91861551789434,0.00012190900088171475,0.15123939514160156,True
1076,300,8.950986797089595,0.00012540399984573014,0.15126991271972656,True
1077,348,9.746678221388887,0.00011553899821592495,0.15120887756347656,False
1078,37,9.460875049183564,0.00011520299813128076,0.15120887756347656,False
1079,88,11.65075902476693,0.00011862300016218796,0.15125465393066406,False
1080,300,10.276932151088857,0.00012874999811174348,0.1512317657470703,True
1081,281,8.589643643895087,0.00011743100185412914,0.1512165069580078,True
1082,303,9.027674396477076,0.000124834001326235,0.1511859893798828,True
1083,300,7.450362662882231,0.00011944899961235933,0.15119361877441406,True
1084,83,13.70108658773242,0.0001388080017932225,0.15125465393066406,False
1085,318,9.715725983547793,0.00012222300210851245,0.1512317657470703,True
1086,27,10.077935289634711,0.0001193550015159417,0.15125465393066406,False
1087,37,8.622435221575074,0.0001170029972854536,0.15120887756347656,False
1088,294,9.723233358935042,0.0001216609998664353,0.15123939514160156,True
1089,294,10.370478624410115,0.00012987000081920996,0.15119361877441406,True
1090,300,8.833878146600705,0.0001338500005658716,0.15123939514160156,True
1091,300,11.786496006231005,0.00012652100122068077,0.1512165069580078,True
1092,300,12.45387745480032,0.00012017500193906017,0.1512775421142578,True
1093,281,11.007109041745888,0.00013075099923298694,0.1512012481689453,True
1094,96,7.689341400177113,0.00012919900109409355,0.1512317657470703,False
1095,87,8.398440815762383,0.00014022700270288624,0.1513233184814453,False
1096,27,10.16829188618738,0.00011710999751812778,0.1512012481689453,False
1097,27,7.955118906338976,0.0003151009987050202,0.1512012481689453,False
1098,93,10.139258091062464,0.00011901700054295361,0.1512622833251953,False
1099,27,7.41531364965915,0.00011855199772980995,0.15119361877441406,False
1100,27,8.109041772302454,0.00011825600086012855,0.15119361877441406,False
1101,27,9.027282245832636,0.00012783800048055127,0.15120887756347656,False
1102,337,6.370940407158525,0.00010991799717885442,0.1510639190673828,True
1103,343,5.318569241100515,0.000115762999485014,0.15104103088378906,True
1104,342,8.208752577574268,0.00011053200069000013,0.1510639190673828,True
1105,337,6.744746160586738,0.00010423699859529734,0.1510028839111328,True
1106,342,8.097227891579259,0.00010856900189537555,0.15105628967285156,True
1107,351,6.222865549802872,0.00011285599975963123,0.15107154846191406,True
1108,356,4.762630184131228,0.0001094250001187902,0.1510639190673828,True
1109,330,4.567096283237943,0.00011183099923073314,0.1511096954345703,True
1110,347,4.342536167879721,0.00011279400132480077,0.1510944366455078,True
1111,326,6.322012160768124,0.000125066999316914,0.1511554718017578,True
1112,325,5.842444942388514,0.00018708999778027646,0.1510944366455078,True
1113,322,2.5898057184352306,0.00010852299965335988,0.15104103088378906,True
1114,347,5.365434031862771,0.00011798400009865873,0.1512012481689453,True
1115,351,5.189166323521019,0.00011358900155755691,0.15111732482910156,True
1116,325,2.5393908103365406,0.00011207699935766868,0.1511096954345703,True
1117,326,4.610688250459353,0.00011410300066927448,0.15108680725097656,True
1118,357,4.63953112722054,0.00010633900092216209,0.1510181427001953,True
1119,320,5.15895093227299,0.00014720599938300438,0.15108680725097656,True
1120,327,4.319526143244859,0.0001196550001623109,0.15101051330566406,True
1121,324,3.892335406727848,0.00011622399688349105,0.15111732482910156,True
1122,324,4.15231023828584,0.00011109499973827042,0.15105628967285156,True
1123,348,3.3721805702936,0.00010715600001276471,0.1510334014892578,True
1124,326,2.9265797998941934,0.00010699000267777592,0.15101051330566406,True
1125,326,4.1983719388251854,0.00012117899677832611,0.15104103088378906,True
1126,346,4.22223024275279,0.00011224500121898018,0.15107154846191406,True
1127,330,7.736427286934388,0.0001442279972252436,0.1511859893798828,True
1128,336,6.642302266799089,0.00010658500104909763,0.15104103088378906,True
1129,349,3.9220668032363406,0.00011783599984482862,0.1511096954345703,True
1130,349,4.45711597031363,0.00011021699901903048,0.1510486602783203,True
1131,323,5.220881498990759,0.00011642800018307753,0.1511707305908203,True
1132,343,5.036711885290946,0.00010850399849005044,0.15107154846191406,True
1133,352,5.951329049807382,0.000111110999569064,0.15108680725097656,True
1134,354,6.6627520452860285,0.00013467100143316202,0.15105628967285156,True
1135,320,6.1981488402955724,0.0001089430006686598,0.1510334014892578,True
1136,329,3.81631493891741,0.00011072099732700735,0.15102577209472656,True
1137,329,5.7617954585381765,0.00011364400052116252,0.1511402130126953,True
1138,329,6.780091388169061,0.0001122779976867605,0.15113258361816406,True
1139,332,8.746864340283564,0.00011169699791935273,0.15108680725097656,True
1140,332,11.34064746623668,0.00010944599853246473,0.15107154846191406,True
1141,336,4.3098999425410645,0.00010785500126075931,0.15102577209472656,True
1142,334,8.081030963342679,0.00011629000073298812,0.15104103088378906,True
1143,335,6.835902941568422,0.00011675799760269001,0.1511096954345703,True
1144,322,9.28766973579308,0.00012503299876698293,0.1511096954345703,True
1145,220,18.480548523370587,0.00011410899969632737,0.15117835998535156,False
1146,220,20.259314473438934,0.00011455200001364574,0.15116310119628906,False
1147,341,5.831799293530183,0.00010891499914578162,0.15105628967285156,True
1148,341,5.658460088635302,0.00011137600085930899,0.15105628967285156,True
1149,321,3.9395583129084115,0.0001667910000833217,0.15107154846191406,True
1150,353,6.159514008071986,0.00010768300126073882,0.1510334014892578,True
1151,321,6.9264145498354734,0.00011977999747614376,0.15105628967285156,True
1152,336,5.451882228043309,0.00011579200145206414,0.15101051330566406,True
1153,337,5.051712305211199,0.00010786600250867195,0.1510486602783203,True
1154,353,4.27794901244505,0.00010799099982250482,0.1510334014892578,True
1155,337,7.055669586029095,0.0001240109995706007,0.15104103088378906,True
1156,339,5.034558756383757,0.00010963400200125761,0.1510486602783203,True
1157,341,5.0726608411027545,0.0001061469993146602,0.1510334014892578,True
1158,335,3.2684322956135747,0.00011047900261473842,0.15105628967285156,True
1159,336,2.6118990100567525,0.00010458499673404731,0.1509723663330078,True
1160,346,7.414416532820323,0.00012918499851366505,0.1510639190673828,True
1161,346,5.591293263557897,0.00010719800047809258,0.1510486602783203,True
1162,341,4.783041219114929,0.00011711700062733144,0.1509876251220703,True
1163,343,3.2903766817767655,0.00011178699787706137,0.15110206604003906,True
1164,341,6.6039743047776165,0.00011404299948480912,0.1511096954345703,True
1165,326,7.688830615330667,0.00011155899846926332,0.15110206604003906,True
1166,349,5.302062273137711,0.00011397900016163476,0.1511096954345703,True
1167,341,5.156987828000631,0.00011186900155735202,0.1510639190673828,True
1168,336,6.685434106259877,0.00010756999836303294,0.15102577209472656,True
1169,346,5.598875173521397,0.00010913599908235483,0.1510639190673828,True
1170,345,5.441137699152021,0.00013862400010111742,0.15104103088378906,True
1171,345,7.6068689230848054,0.00010816299982252531,0.1510486602783203,True
1172,344,6.174456670367493,0.0001156979997176677,0.1510486602783203,True
1173,345,5.467919134897221,0.00010611199832055718,0.15101051330566406,True
1174,339,5.0386344748490055,0.00010808899969561026,0.15101051330566406,True
1175,345,5.560300711338033,0.00011612099842750467,0.1510334014892578,True
1176,359,6.259070564325316,0.00011630500011960976,0.15111732482910156,True
1177,337,5.6240840643385575,0.00010674399891286157,0.1510181427001953,True
1178,347,4.629649328614915,0.00011420699956943281,0.15116310119628906,True
1179,327,4.132560818229016,0.00010601800022413954,0.1510028839111328,True
1180,357,4.9106000767705655,0.0001102539972634986,0.15110206604003906,True
1181,326,3.972867963337205,0.00011346499741193838,0.15108680725097656,True
1182,330,3.702253166941628,0.00011344000085955486,0.15111732482910156,True
1183,324,5.672578031910932,0.00011172200174769387,0.1510791778564453,True
1184,358,4.588821429023471,0.00010944799942080863,0.15107154846191406,True
1185,320,7.098259252291432,0.00011566199827939272,0.1510486602783203,True
1186,349,3.153569833429173,0.00010912099969573319,0.15107154846191406,True
1187,327,4.294923248763073,0.00011016600183211267,0.1510486602783203,True
1188,344,7.661488454520128,0.0001129830015997868,0.1511096954345703,True
1189,345,6.970725716349184,0.00011040199751732871,0.1510791778564453,True
1190,344,5.000741164382366,0.00011131100109196268,0.1510334014892578,True
1191,321,5.153654230327884,0.00010913699952652678,0.15102577209472656,True
1192,343,6.087936012975481,0.00010842900155694224,0.1510486602783203,True
1193,341,8.248717664466152,0.00012015299944323488,0.1510944366455078,True
1194,320,4.930119287913315,0.00011680199895636179,0.1510639190673828,True
1195,339,8.882060083572695,0.00011178999920957722,0.1510639190673828,True
1196,339,7.585440809909348,0.00011035900024580769,0.15107154846191406,True
1197,341,7.197931713507891,0.00011313100185361691,0.15107154846191406,True
1198,339,8.078579884433022,0.00011245299901929684,0.15105628967285156,True
1199,336,4.931026606402252,0.00013183700139052235,0.15102577209472656,True
1200,330,6.642623970959636,0.000110885997855803,0.1511096954345703,True
1201,359,4.398893512133253,0.00011152899969602004,0.15108680725097656,True
1202,366,3.5431659183702475,0.00011432700193836354,0.15119361877441406,True
1203,361,3.483425619174562,0.0001601310032128822,0.15107154846191406,True
1204,363,5.1755949993282115,0.00011657399954856373,0.15105628967285156,True
1205,369,4.258325318056654,0.0001087179989553988,0.15107154846191406,True
1206,379,4.49617289004679,0.00010973299868055619,0.15108680725097656,True
1207,384,5.796699684362559,0.00011498000094434246,0.15116310119628906,True
1208,361,4.848848591694796,0.00012695499754045159,0.15113258361816406,True
1209,363,5.3133787586366354,0.00012271299783606082,0.1510791778564453,True
1210,361,4.091106547036965,0.0001103650029108394,0.1510334014892578,True
1211,375,5.701352308925257,0.00012567999874590896,0.1511554718017578,True
1212,374,4.527858618177135,0.00011240299863857217,0.15113258361816406,True
1213,391,5.131995263733125,0.0001115949999075383,0.15111732482910156,True
1214,399,3.2424542626827066,0.00011513300341903232,0.15102577209472656,True
1215,361,3.939883673314108,0.00011009399895556271,0.15105628967285156,True
1216,363,4.6746948758957565,0.00011108599937870167,0.1510791778564453,True
1217,379,3.4202995795351057,0.0001131470016844105,0.1510486602783203,True
1218,366,5.6363202412216165,0.00012627400064957328,0.15119361877441406,True
1219,369,3.1520263028623483,0.0001090440018742811,0.15107154846191406,True
1220,399,4.446155478640758,0.00011217999781365506,0.1510639190673828,True
1221,365,3.655242122778352,0.00010947000191663392,0.1510486602783203,True
1222,369,3.477349001315064,0.00011446499775047414,0.15108680725097656,True
1223,361,3.72190930457972,0.00011225799971725792,0.15105628967285156,True
1224,370,5.1032811603151,0.00011170899961143732,0.15111732482910156,True
1225,379,3.8363696158442657,0.0001096499981940724,0.1510639190673828,True
1226,369,2.4554242960148374,0.0001224570005433634,0.15102577209472656,True
1227,366,4.625789358588801,0.00020371799837448634,0.1511554718017578,True
1228,370,5.143387265489961,0.00012518100265879184,0.1511249542236328,True
1229,369,4.11089603324783,0.00011437100329203531,0.1511096954345703,True
1230,363,5.532593233269402,0.00011035600255127065,0.15110206604003906,True
1231,370,3.7456652218497237,0.0001246009996975772,0.15110206604003906,True
1232,372,2.959667021384394,0.0001119799999287352,0.1510944366455078,True
1233,397,5.621184163865458,0.00011403600001358427,0.1511707305908203,True
1234,370,4.324693546901916,0.00011919999815290794,0.1511402130126953,True
1235,373,5.839478251853982,0.0001159189996542409,0.15114784240722656,True
1236,366,5.187840600156321,0.00011730800179066136,0.15122413635253906,True
1237,366,4.959275179952936,0.00012510200031101704,0.1510639190673828,True
1238,362,4.031280469728363,0.00013587500143330544,0.1510791778564453,True
1239,376,6.5653650043439225,0.00011653199908323586,0.1511402130126953,True
1240,362,6.579380071314562,0.0001137629988079425,0.1511554718017578,True
1241,370,5.992414141599267,0.00011207100033061579,0.1511402130126953,True
1242,380,6.321849862241013,0.00011765900126192719,0.15120887756347656,True
1243,390,17.05540342076393,0.00011742700007744133,0.15119361877441406,True
1244,391,12.29780021052055,0.00011372299923095852,0.1511554718017578,True
1245,390,16.449226060129146,0.00012074799815309234,0.1511859893798828,True
1246,385,4.82180734316856,0.00011279300088062882,0.15108680725097656,True
1247,369,5.728575250392713,0.0001633829997444991,0.1511402130126953,True
1248,361,6.287658324449288,0.00011390999861760065,0.1510944366455078,True
1249,392,10.471354229609577,0.00010983700121869333,0.1510791778564453,True
1250,387,3.3079642110622087,0.00011097600145149045,0.1510791778564453,True
1251,381,3.9789258926794853,0.00010845699944184162,0.1510639190673828,True
1252,369,5.234571468853601,0.0001280430005863309,0.1510944366455078,True
1253,440,17.046290749451003,0.00011551999705261551,0.1512012481689453,False
1254,440,13.750489788698701,0.0001179570026579313,0.15120887756347656,False
1255,440,13.423166259415405,0.0001281750010093674,0.15122413635253906,False
1256,440,11.72296450909292,0.00011726799857569858,0.1512012481689453,False
1257,380,2.4750838460595976,0.00011552300202311017,0.1510639190673828,True
1258,381,2.7000928446325596,0.00011728900062735192,0.15105628967285156,True
1259,381,3.8626794618744014,0.0001187230009236373,0.1511096954345703,True
1260,382,5.017044715379987,0.00011481199908303097,0.1511707305908203,True
1261,366,4.684765140361887,0.00011553699732758105,0.1511707305908203,True
1262,398,5.39542467398015,0.0001276399998459965,0.1512317657470703,True
1263,382,5.368326131735272,0.0001297960006922949,0.15123939514160156,True
1264,397,4.139207214687715,0.00011625999832176603,0.1511554718017578,True
1265,84,3.7648150040394963,0.00012113199773011729,0.15119361877441406,False
1266,383,7.5428826140051175,0.00012048700227751397,0.15120887756347656,True
1267,381,3.403123166169228,0.00012369400064926594,0.15107154846191406,True
1268,360,7.686687897569984,0.00011532500138855539,0.1511707305908203,True
1269,360,5.593527413258329,0.00014223999824025668,0.15108680725097656,True
1270,368,4.302566601212434,0.00013321300139068626,0.1512012481689453,True
1271,363,7.115298142933623,0.00011183499736944214,0.15111732482910156,True
1272,373,5.72902845818207,0.00010915300299529918,0.1510486602783203,True
1273,392,5.414260449504811,0.00010910000128205866,0.1510639190673828,True
1274,370,6.915767267089869,0.00012961600077687763,0.1511859893798828,True
1275,362,7.695997714102935,0.0001234580013260711,0.1511707305908203,True
1276,361,4.463499310452764,0.00011346300016157329,0.15110206604003906,True
1277,395,3.285997804792829,0.00010891399870160967,0.1510028839111328,True
1278,364,9.126396313805024,0.00012325400166446343,0.1510944366455078,True
1279,390,8.170079101874189,0.00010893800208577886,0.1510791778564453,True
1280,384,5.992406633233072,0.00012533300105133094,0.1511859893798828,True
1281,381,5.336269123567049,0.00011349999840604141,0.1511096954345703,True
1282,396,5.09043295796565,0.00011037500007660128,0.1510181427001953,True
1283,372,5.452346534891838,0.00011502399866003543,0.1511554718017578,True
1284,394,5.047090241510784,0.00014247199942474253,0.1511249542236328,True
1285,399,4.990402088515039,0.00011917099982383661,0.15108680725097656,True
1286,378,4.419022648434983,0.00011233199984417297,0.1510944366455078,True
1287,384,5.954400486715518,0.00012534400229924358,0.1511707305908203,True
1288,365,5.712020617814036,0.00011320300109218806,0.1511249542236328,True
1289,362,6.687669251839136,0.0001190350012620911,0.1511402130126953,True
1290,362,4.515542391661499,0.00011592800001380965,0.15113258361816406,True
1291,369,4.520318838903062,0.00011566999819478951,0.1511249542236328,True
1292,390,5.835376086453055,0.0001170149989775382,0.1510944366455078,True
1293,363,4.4328180597362,0.00011936399823753163,0.15107154846191406,True
1294,379,3.8852261529323355,0.00011076000009779818,0.1511096954345703,True
1295,395,4.221087073364869,0.00011178999920957722,0.1510486602783203,True
1296,375,6.065300974416296,0.00012799300020560622,0.1511402130126953,True
1297,401,5.110027003460724,0.00010842999836313538,0.1510486602783203,True
1298,438,8.66225887782222,0.00011582999650272541,0.1511249542236328,True
1299,423,7.302960402535684,0.00011158399865962565,0.1510944366455078,True
1300,400,6.169629375538124,0.00011271500261500478,0.15108680725097656,True
1301,401,4.8814288671619614,0.00011132600047858432,0.1510639190673828,True
1302,429,22.889352499213658,0.00011881499813171104,0.15119361877441406,True
1303,407,4.460441979088013,0.00011358199844835326,0.15105628967285156,True
1304,410,7.496719572174774,0.0001310519983235281,0.1512470245361328,True
1305,472,6.049805301919376,0.00012514300033217296,0.1510944366455078,True
1306,468,2.6023985579669406,0.00010789999942062423,0.1510334014892578,True
1307,449,15.831871694172879,0.00011524499859660864,0.15116310119628906,True
1308,468,2.453661367362794,0.00010952999946312048,0.1510334014892578,True
1309,469,3.108123895347968,0.00011401499796193093,0.15113258361816406,True
1310,440,7.534172362022947,0.00012166799933766015,0.15108680725097656,True
1311,470,4.394604454486957,0.00011318999895593151,0.15107154846191406,True
1312,472,3.357697297827894,0.00011163300223415717,0.15110206604003906,True
1313,468,3.6794872447551907,0.00011216500206501223,0.1510791778564453,True
1314,468,3.8159499944815316,0.00013091799701214768,0.1510791778564453,True
1315,441,3.586165502272842,0.00011614100003498606,0.15111732482910156,True
1316,441,5.9238028608325255,0.00011214299956918694,0.1511096954345703,True
1317,443,10.104483351280601,0.0001079360008588992,0.15104103088378906,True
1318,404,14.106611576820642,0.00012460799916880205,0.1513080596923828,False
1319,445,7.303586527840162,0.00013759400098933838,0.1513080596923828,True
1320,442,5.339479382092684,0.00011875400014105253,0.1511554718017578,True
1321,440,8.411897420933968,0.00011480700050015002,0.1510639190673828,True
1322,442,2.011679312178222,0.00011982900105067529,0.15108680725097656,True
1323,72,48.29614891152444,0.0001253219998034183,0.15133094787597656,False
1324,72,48.75196825760015,0.00013257400132715702,0.1513233184814453,False
1325,446,2.2331583303351272,0.00011867599823744968,0.15114784240722656,True
1326,448,3.0094508252128818,0.00012817000242648646,0.1511249542236328,True
1327,444,1.9142609053866264,0.00011493900092318654,0.1511554718017578,True
1328,446,0.738259224221342,0.0001100349982152693,0.1510486602783203,True
1329,468,6.869293843881107,0.0001200459992105607,0.15108680725097656,True
1330,450,1.9102254617084307,0.00011203299800399691,0.1511249542236328,True
1331,450,1.484689282188979,0.0001114330007112585,0.15110206604003906,True
1332,465,5.356932507284086,0.00014880999879096635,0.1510944366455078,True
1333,457,6.100616615303008,0.00012077499923179857,0.15113258361816406,True
1334,465,7.037804778723467,0.00011628299762378447,0.15110206604003906,True
1335,454,3.1575582599457563,0.00011312200149404816,0.1510486602783203,True
1336,454,1.418931129440904,0.00010585499694570899,0.1509876251220703,True
1337,465,4.716651403528717,0.00011592599912546575,0.15117835998535156,True
1338,455,4.637206703822948,0.0001129060001403559,0.15108680725097656,True
1339,455,6.326850039637092,0.00013221200060797855,0.1510639190673828,True
1340,465,3.7663044087032986,0.0001122719986597076,0.1510944366455078,True
1341,454,3.4754661372575155,0.00011307999739074148,0.1510639190673828,True
1342,457,1.6897163066011147,0.00011971699859714136,0.1510334014892578,True
1343,458,3.0408597919949663,0.00010659899999154732,0.1509876251220703,True
1344,470,2.7326527699190692,0.0001080210022337269,0.15104103088378906,True
1345,456,3.133712043773124,0.00011236000136705115,0.15105628967285156,True
1346,462,2.4450226594044553,0.00010906500028795563,0.1510639190673828,True
1347,460,2.031949593937754,0.00010857099914574064,0.1510334014892578,True
1348,466,11.051337154678693,0.00012106500071240589,0.1511859893798828,True
1349,466,3.8959219231177578,0.0001256120012840256,0.1511402130126953,True
1350,441,4.036778621123617,0.00011694700151565485,0.1511554718017578,True
1351,472,4.336745241979749,0.00011052199988625944,0.1510944366455078,True
1352,472,3.510165525597649,0.00011308700049994513,0.1510944366455078,True
1353,470,3.208940013791344,0.00011525199806783348,0.1510944366455078,True
1354,470,2.6804477157011513,0.00011162500231876038,0.15105628967285156,True
1355,470,3.186770751860428,0.00010893900252995081,0.1510486602783203,True
1356,470,1.5840663155613164,0.00010664199726306833,0.15099525451660156,True
1357,457,6.933953892209634,0.00012032599988742732,0.1511249542236328,True
1358,475,4.485330872179589,0.00011606500265770592,0.1510944366455078,True
1359,67,23.427519700699644,0.00013304299864103086,0.1512622833251953,False
1360,472,8.168538030222875,0.00011348699990776367,0.15111732482910156,True
1361,468,4.328596050787477,0.00010795199705171399,0.15104103088378906,True
1362,468,2.8220672769189683,0.00010582799950498156,0.15102577209472656,True
1363,470,4.0111253461561125,0.00011145399912493303,0.15105628967285156,True
1364,457,4.840167201151049,0.00012435899770935066,0.15110206604003906,True
1365,472,4.620216444064593,0.00012168399916845374,0.15113258361816406,True
1366,470,3.1610511980328977,0.00012267700003576465,0.1510944366455078,True
1367,468,1.8712374912877248,0.00010813900007633492,0.15101051330566406,True
1368,441,4.15648844606633,0.00012025399701087736,0.1511249542236328,True
1369,468,3.3520315435816053,0.00011323400030960329,0.15108680725097656,True
1370,458,2.9221101866197796,0.00010951900185318664,0.1510486602783203,True
1371,518,10.775795817657045,0.00011149800047860481,0.1511096954345703,True
1372,518,10.821227795444006,0.00011190399891347624,0.1511096954345703,True
1373,511,9.178458773253144,0.00016105200120364316,0.15116310119628906,True
1374,508,10.639402245142742,0.00011941100092371926,0.1512012481689453,True
1375,515,8.131444434206786,0.00011509799878695048,0.1511554718017578,True
1376,504,7.785693318803856,0.00014326900054584257,0.15116310119628906,True
1377,486,7.593576845179227,0.00012251899897819385,0.1510944366455078,True
1378,514,22.517994045208415,0.00012136600344092585,0.1512928009033203,True
1379,480,14.931631385941236,0.00011405600162106566,0.1511707305908203,True
1380,486,17.18320520079353,0.00013271999705466442,0.15122413635253906,True
1381,484,7.065535979534646,0.00011506000009831041,0.15105628967285156,True
1382,481,4.959816898938965,0.00011412700041546486,0.15116310119628906,True
1383,482,12.923739688341758,0.00011371600339771248,0.15111732482910156,True
1384,498,9.93565968223737,0.00012338399756117724,0.1512470245361328,True
1385,498,10.764224928864135,0.0001270380016649142,0.15125465393066406,True
1386,489,4.933913514565456,0.00011037900185328908,0.15104103088378906,True
1387,488,4.28807400943966,0.0001171670010080561,0.15101051330566406,True
1388,485,7.081325315911945,0.00011733299834304489,0.1511402130126953,True
1389,490,4.831992854330892,0.00012094100020476617,0.1510486602783203,True
1390,490,3.796051826480201,0.00010867699893424287,0.15102577209472656,True
1391,490,5.027635503537621,0.00011651000022538938,0.1510791778564453,True
1392,491,5.42326225862986,0.00011078399984398857,0.15108680725097656,True
1393,498,3.398476841632085,0.00010927399853244424,0.15104103088378906,True
1394,495,3.9744780030384215,0.00011472600090201013,0.1510181427001953,True
1395,487,3.99679103502058,0.00011336099851178005,0.1510944366455078,True
1396,503,8.834949995020745,0.00011428699872340076,0.15116310119628906,True
1397,489,4.891043598631357,0.00010958799975924194,0.1510181427001953,True
1398,486,7.441405639398413,0.00011045700011891313,0.15107154846191406,True
1399,489,7.456881005836871,0.00011272699703113176,0.15111732482910156,True
1400,517,9.25144676315762,0.00011146599717903882,0.1510486602783203,True
1401,508,6.1269152797514295,0.00011061799887102097,0.15107154846191406,True
1402,515,7.135411919363051,0.00010855099753825925,0.1510486602783203,True
1403,512,6.160382491046394,0.00011149599959026091,0.1510944366455078,True
1404,488,6.05683406798568,0.00011261599865974858,0.15105628967285156,True
1405,508,5.035645781108538,0.00012567700105137192,0.15105628967285156,True
1406,484,7.486640492308157,0.00011281199840595946,0.15111732482910156,True
1407,513,8.94115546886418,0.00021486200057552196,0.1510944366455078,True
1408,488,10.016696565116144,0.0001211199996760115,0.15111732482910156,True
1409,515,10.835769352489725,0.00011514200014062226,0.1511554718017578,True
1410,488,12.54581196162101,0.00011542599895619787,0.1511707305908203,True
1411,518,14.01129144571696,0.00011527500100783072,0.1511859893798828,True
1412,504,7.476246973135047,0.0001134509984694887,0.1511554718017578,True
1413,484,7.389265021143526,0.00011259500024607405,0.1511249542236328,True
1414,488,6.385132426869901,0.00012047500058542937,0.1510334014892578,True
1415,486,8.568605432286345,0.000110420001874445,0.15108680725097656,True
1416,498,10.634924937126005,0.0001188850001199171,0.15117835998535156,True
1417,389,29.00107279298709,0.00011928999811061658,0.15123939514160156,False
1418,389,26.406157564808854,0.00011861399980261922,0.1512317657470703,False
1419,259,45.61577453048463,0.00012508399959187955,0.1513690948486328,False
1420,262,49.78687930360099,0.00013447899982566014,0.15140724182128906,False
1421,441,51.642467351276586,0.00027434900039224885,0.15136146545410156,False
1422,389,31.41618399848324,0.00014077500236453488,0.1512928009033203,False
1423,389,26.48285916064726,0.00013927899999544024,0.15126991271972656,False
1424,389,28.95040654406606,0.00011962500138906762,0.15125465393066406,False
1425,499,29.79513982246694,0.00012014200183330104,0.15126991271972656,True
1426,389,23.535327308562604,0.00012185299783595838,0.1513080596923828,False
1427,257,42.89764202840738,0.00013950200082035735,0.1515369415283203,False
1428,481,36.838338184116694,0.000138715000502998,0.15143775939941406,True
1429,389,33.664549920896114,0.00011932099732803181,0.1512470245361328,False
1430,504,26.056211267781784,0.000145235000672983,0.1513843536376953,True
1431,501,31.76764766393918,0.0001241350000782404,0.15134620666503906,True
1432,504,30.86582128245274,0.00013173000115784816,0.1513233184814453,True
1433,504,29.76757130337239,0.00012479799988796003,0.1513538360595703,True
1434,389,30.724704858211854,0.00012281299859751016,0.1512317657470703,False
1435,504,33.31816546610128,0.0001402020025125239,0.1513843536376953,True
1436,389,30.10157593009588,0.00013659500109497458,0.15123939514160156,False
1437,389,26.238432397946703,0.00012308599980315194,0.1511859893798828,False
1438,389,25.492676132441193,0.00011606499901972711,0.15120887756347656,False
1439,389,31.87163050595647,0.00012326200157986023,0.15123939514160156,False
1440,489,31.39110448541739,0.00014100299813435413,0.1513996124267578,True
1441,389,29.681408713515385,0.00012516100105131045,0.1513080596923828,False
1442,504,26.643867510492747,0.0001351430000795517,0.15136146545410156,True
1443,389,26.735224338624377,0.00012454500028979965,0.1512317657470703,False
1444,389,32.922644537572296,0.00012777300071320496,0.15126991271972656,False
1445,389,24.77931596391929,0.00012690899893641472,0.1512012481689453,False
1446,389,26.670874274733823,0.0001260999997612089,0.1512470245361328,False
1447,389,27.768934768397912,0.00011766000170609914,0.1512317657470703,False
1448,389,27.451785201295515,0.00012504999904194847,0.1512622833251953,False
1449,389,26.10102266634652,0.00011718000314431265,0.1512317657470703,False
1450,501,35.12324881955605,0.00012373700155876577,0.15131568908691406,True
1451,389,31.366001526126272,0.00011964599980274215,0.1512317657470703,False
1452,389,33.37510934669003,0.00012278299982426688,0.15125465393066406,False
1453,389,29.680048516382325,0.00014564699813490734,0.15125465393066406,False
1454,501,35.85118099670018,0.0003556580013537314,0.15130043029785156,True
1455,499,41.72458529190414,0.00015466100012417883,0.15137672424316406,True
1456,389,28.991465423202428,0.00012110100215068087,0.1512317657470703,False
1457,389,27.8316241948178,0.00011556800018297508,0.1511859893798828,False
1458,389,25.32480839991828,0.0001164780005638022,0.15122413635253906,False
1459,389,28.851282370519826,0.00012169399997219443,0.15130043029785156,False
1460,389,26.387819367183695,0.00012092099859728478,0.1512317657470703,False
1461,389,24.310588612920334,0.0001223090002895333,0.15128517150878906,False
1462,487,46.378587735973476,0.00012514300033217296,0.1513690948486328,True
1463,389,42.885687121531504,0.00012130499817430973,0.15122413635253906,False
1464,389,45.1419413177527,0.0001546120001876261,0.1511859893798828,False
1465,504,43.51988288455339,0.00012397399768815376,0.1513538360595703,True
1466,389,42.89974712113419,0.00012647599942283705,0.15119361877441406,False
1467,259,47.04901842629857,0.00012999400132684968,0.15139198303222656,False
1468,259,46.4691605615025,0.00013648900130647235,0.1513996124267578,False
1469,262,44.33599455999744,0.0001304200013692025,0.1513843536376953,False
1470,450,26.405458127170483,0.0001218939978571143,0.15128517150878906,False
1471,259,48.66696705975375,0.00012579300164361484,0.1513385772705078,False
1472,502,49.12769922244202,0.00012864000018453225,0.1514148712158203,True
1473,259,50.62391689997023,0.0001281830009247642,0.1513538360595703,False
1474,389,28.769858709787346,0.0001205000007757917,0.15130043029785156,False
1475,389,30.695205344015204,0.00012016499749734066,0.15126991271972656,False
1476,485,36.256007629334704,0.00012606200107256882,0.15134620666503906,True
1477,389,30.126024262436122,0.00012987599984626286,0.1512775421142578,False
1478,489,30.482215334223184,0.00012860299830208533,0.1513385772705078,True
1479,496,39.82358163037338,0.0001403780006512534,0.15139198303222656,True
1480,481,30.161309209729392,0.0001267000006919261,0.15131568908691406,True
1481,504,32.79482024592365,0.00014070600082050078,0.15139198303222656,True
1482,489,35.17727956830091,0.00013448499885271303,0.1513843536376953,True
1483,389,25.209405764055873,0.0001235270028701052,0.15130043029785156,False
1484,501,35.69727525071471,0.00013441799819702283,0.1512470245361328,True
1485,259,18.23404789382098,0.00012507599967648275,0.15133094787597656,False
1486,389,25.401723328217987,0.0001224490006279666,0.15130043029785156,False
1487,389,36.00021458662612,0.00018057600027532317,0.1512622833251953,False
1488,259,45.027321589794994,0.00013177599976188503,0.1514148712158203,False
1489,259,43.165849819303396,0.00013938600022811443,0.15136146545410156,False
1490,259,47.59021632566942,0.0001346400022157468,0.15137672424316406,False
1491,389,46.151426749450614,0.0001255389979633037,0.15128517150878906,False
1492,259,44.39594641077707,0.00012216299728606828,0.1513233184814453,False
1493,496,35.49444231932021,0.0001475870012654923,0.15146827697753906,True
1494,501,41.804202667699535,0.00012496999988798052,0.1513538360595703,True
1495,489,33.0073526306398,0.0001262559999304358,0.15139198303222656,True
1496,389,29.671668767554635,0.00012005800090264529,0.15126991271972656,False
1497,389,27.31539168729384,0.00012102799882995896,0.15126991271972656,False
1498,389,27.58570116614788,0.00012495899864006788,0.1512317657470703,False
1499,389,30.017279725372592,0.00012137099838582799,0.15125465393066406,False
1500,504,27.333399870029755,0.0001437560022168327,0.15133094787597656,True
1501,389,29.621323071834713,0.00011961900236201473,0.15120887756347656,False
1502,389,29.37544190145745,0.00012409400005708449,0.1512622833251953,False
1503,389,26.51366487300046,0.00011776599785662256,0.1511859893798828,False
1504,504,30.74157836432646,0.00012944600166520104,0.1513385772705078,True
1505,389,29.495449736831233,0.00012339499880908988,0.15125465393066406,False
1506,504,33.33601563992702,0.0001262400000996422,0.15139198303222656,True
1507,389,25.56142917108605,0.00011958499817410484,0.15123939514160156,False
1508,389,30.891577076429968,0.00012558800153783523,0.15123939514160156,False
1509,460,49.101223333848345,0.00012434000018402003,0.1513233184814453,False
1510,259,32.793696995503524,0.00012452299779397435,0.1513233184814453,False
1511,498,32.41599334583936,0.0001234519986610394,0.15130043029785156,True
1512,259,35.556143670834416,0.00012752800103044137,0.15134620666503906,False
1513,498,33.72779104547921,0.00013309899804880843,0.15131568908691406,True
1514,389,27.680184751647037,0.00012400400009937584,0.15130043029785156,False
1515,389,25.26967854100362,0.00011976499808952212,0.1512622833251953,False
1516,504,33.26637526624351,0.0002262919988424983,0.1513690948486328,True
1517,389,27.098475987730964,0.00011790699863922782,0.1512165069580078,False
1518,389,25.387384003331803,0.000121513003250584,0.1512775421142578,False
1519,389,32.22457866944553,0.00011972500215051696,0.1512470245361328,False
1520,501,40.65043928945951,0.00012600400077644736,0.15134620666503906,True
1521,501,36.176292711377634,0.00013528199997381307,0.1513233184814453,True
1522,502,38.083808695489154,0.00012734699703287333,0.15136146545410156,True
1523,489,32.476730066961025,0.00012449299902073108,0.15134620666503906,True
1524,389,30.990527098236168,0.00011852899842779152,0.1512470245361328,False
1525,489,29.81118441334379,0.00013930199929745868,0.15133094787597656,True
1526,501,44.51320127798826,0.00012642000001505949,0.15137672424316406,True
1527,481,37.996024862882855,0.0001266449980903417,0.1513996124267578,True
1528,389,37.30592027568691,0.00012854500164394267,0.15130043029785156,False
1529,389,29.29197449554158,0.00011938399984501302,0.15120887756347656,False
1530,487,44.39839523201696,0.000126176997582661,0.15133094787597656,True
1531,389,45.51998590433368,0.00011649899897747673,0.15120887756347656,False
1532,389,42.11451068301832,0.00011778200132539496,0.15122413635253906,False
1533,389,25.255261766210275,0.00012066500130458735,0.1512775421142578,False
1534,501,55.642534349749155,0.0001323509968642611,0.15134620666503906,True
1535,259,51.3441912688463,0.00013961100194137543,0.15137672424316406,False
1536,259,55.160247031943015,0.00015428099868586287,0.15133094787597656,False
1537,389,49.02321022655618,0.00011997899855487049,0.1512622833251953,False
1538,389,46.265496703177696,0.00013769800352747552,0.15125465393066406,False
1539,481,38.11179066392869,0.00014698800077894703,0.15146827697753906,True
1540,481,40.94707666555135,0.00013705099991057068,0.15145301818847656,True
1541,389,47.534242000793334,0.00011783500303863548,0.15123939514160156,False
1542,389,45.08174535614625,0.0001443250002921559,0.1512317657470703,False
1543,389,49.17628619545319,0.0001229090012202505,0.15126991271972656,False
1544,259,43.58135193873887,0.00012665799658861943,0.1513690948486328,False
1545,402,48.93399692128315,0.00012665000031120144,0.1512928009033203,False
1546,481,53.169153100917626,0.00012633799997274764,0.1513385772705078,True
1547,496,54.88447017198884,0.00014660600209026597,0.1513538360595703,True
1548,259,53.9873178865864,0.00013069100168650039,0.15143775939941406,False
1549,389,44.68084383977729,0.000138182000227971,0.1513385772705078,False
1550,389,50.35050978833387,0.00013145599950803444,0.15133094787597656,False
1551,389,42.90653570188806,0.0001268479973077774,0.1512317657470703,False
1552,259,64.65339295166795,0.00012892599988845177,0.15139198303222656,False
1553,259,73.5927104142037,0.0001305190016864799,0.15142250061035156,False
1554,460,61.520812214643875,0.00012570399849209934,0.1513843536376953,False
1555,259,54.84373406885977,0.00013357700299820863,0.1513690948486328,False
1556,259,58.708209435958686,0.00012713499745586887,0.15139198303222656,False
1557,262,67.05794776595897,0.00013156700151739642,0.1514453887939453,False
1558,262,57.55814207398753,0.00012603900177055039,0.1513843536376953,False
1559,262,53.40232440129501,0.00013086399849271402,0.15139198303222656,False
1560,389,62.55275026696596,0.00012030299694743007,0.1512622833251953,False
1561,259,52.83321945870118,0.00013277299876790494,0.15139198303222656,False
1562,389,50.47667037490997,0.00012178899851278402,0.15123939514160156,False
1563,389,44.98145745629829,0.00012454099851311184,0.1513233184814453,False
1564,389,51.47169205976964,0.00012441299986676313,0.1513538360595703,False
1565,389,46.142151426542334,0.0001252089969057124,0.15130043029785156,False
1566,389,46.10922420916076,0.00012233500092406757,0.15128517150878906,False
1567,259,41.89738754367126,0.00013973499881103635,0.1513843536376953,False
1568,259,41.37825664408673,0.00012962500113644637,0.1513538360595703,False
1569,389,51.03064025033068,0.00014943600035621785,0.1513385772705078,False
1570,389,45.29040054682925,0.0001225359992531594,0.1513080596923828,False
1571,389,49.934885337680086,0.00013378000221564434,0.1513080596923828,False
1572,262,49.80526014320933,0.0001276399998459965,0.15136146545410156,False
1573,261,47.140027443218,0.00012409499686327763,0.15131568908691406,False
1574,504,50.875311091800874,0.0001380139983666595,0.15137672424316406,True
1575,504,54.842644351380294,0.00014228200234356336,0.1513843536376953,True
1576,259,32.325118144620646,0.00012449700079741888,0.1513080596923828,False
1577,389,53.76153691142548,0.00012664799942285754,0.15137672424316406,False
1578,389,55.5654430261709,0.0001239079974766355,0.1513233184814453,False
1579,389,41.44435177799748,0.0001231620008184109,0.1512928009033203,False
1580,389,46.622558023846324,0.00013041499914834276,0.1513233184814453,False
1581,504,51.63151468455905,0.0001348979967588093,0.15140724182128906,True
1582,389,51.0265936443195,0.00012502599929575808,0.15130043029785156,False
1583,389,53.39723881205715,0.00012651199722313322,0.1512470245361328,False
1584,389,58.48061643782224,0.00012110600073356181,0.1512775421142578,False
1585,389,48.08684213213949,0.00013126200065016747,0.15123939514160156,False
1586,389,46.438009262843515,0.00011699499737005681,0.15120887756347656,False
1587,389,48.905951623541306,0.00013674900037585758,0.1512470245361328,False
1588,489,64.69807701639121,0.0001257129988516681,0.1513690948486328,True
1589,259,55.54305816706983,0.00013325200052349828,0.15146827697753906,False
1590,259,58.8507673169722,0.00013264000153867528,0.15149879455566406,False
1591,259,60.20766953593322,0.00012982100088265724,0.15145301818847656,False
1592,259,58.20858812846665,0.0001456239988328889,0.15139198303222656,False
1593,262,56.45101014478899,0.00012929700096719898,0.15143775939941406,False
1594,262,57.94495492436109,0.0001291150001634378,0.15142250061035156,False
1595,453,59.90461228216299,0.0001256380019185599,0.1513385772705078,False
1596,453,43.242937473617566,0.00013223299902165309,0.15134620666503906,False
1597,259,53.0423825541304,0.0001285679973079823,0.15140724182128906,False
1598,259,73.37133866955715,0.00014239699885365553,0.1514301300048828,False
1599,453,36.82674704179521,0.00012236499969731085,0.1513080596923828,False
1600,262,65.27906221749107,0.0001288739986193832,0.15139198303222656,False
1601,389,47.741072243567025,0.00012525700003607199,0.1513080596923828,False
1602,259,43.884853456368425,0.00013431699699140154,0.15142250061035156,False
1603,259,40.99651629250111,0.00013493499864125624,0.1513996124267578,False
1604,259,50.44393622591711,0.000131128999782959,0.15143775939941406,False
1605,389,46.11125321381659,0.00014019499940332025,0.1513538360595703,False
1606,259,38.85167071174126,0.00012704499749816023,0.1513843536376953,False
1607,498,55.20268799758135,0.0001326040001004003,0.15143775939941406,True
1608,389,50.84491298452493,0.000129411000671098,0.15126991271972656,False
1609,389,54.381076582046575,0.00012262000018381514,0.15131568908691406,False
1610,389,50.004749307388195,0.00013350399967748672,0.1512928009033203,False
1611,389,51.142484716859535,0.0001295100009883754,0.15133094787597656,False
1612,262,68.11961897068619,0.0001315260014962405,0.15143775939941406,False
1613,262,61.85335716775707,0.00013355099872569554,0.15139198303222656,False
1614,259,65.35257743043339,0.00012617000174941495,0.1513690948486328,False
1615,262,57.1155686211463,0.0001363039991701953,0.1514759063720703,False
1616,259,60.191725935250574,0.0001259519995073788,0.1513843536376953,False
1617,460,68.6485895408913,0.00012905500261695124,0.1514301300048828,False
1618,453,69.03697211938297,0.00013439599933917634,0.15137672424316406,False
1619,259,64.07838337929168,0.00012816399976145476,0.1513996124267578,False
1620,453,63.303231100725284,0.00013009199756197631,0.15142250061035156,False
1621,262,65.2781973302814,0.0001288719977310393,0.15140724182128906,False
1622,389,41.68677393008795,0.00013000199760426767,0.1512317657470703,False
1623,460,70.41699201849484,0.00013120299990987405,0.1514759063720703,False
1624,259,70.20121472226839,0.0001276460025110282,0.1513996124267578,False
1625,259,64.19804743282452,0.00015084600090631284,0.1514148712158203,False
1626,259,56.95602914961831,0.00012462599988793954,0.15136146545410156,False
1627,262,55.29883164878779,0.0001357260007353034,0.1513996124267578,False
1628,389,41.43726294621923,0.00012445999891497195,0.1512775421142578,False
1629,389,50.54480564620525,0.00014527899838867597,0.1513538360595703,False
1630,389,45.79518334829283,0.00012425200111465529,0.15134620666503906,False
1631,389,53.249483490408764,0.00013410300016403198,0.15131568908691406,False
1632,259,37.92169828911646,0.0001283270030398853,0.15137672424316406,False
1633,389,44.00645292607737,0.00014038800145499408,0.1512775421142578,False
1634,389,46.63895058463316,0.00013521800065063871,0.1512622833251953,False
1635,389,43.16278679074305,0.00012117600272176787,0.1512928009033203,False
1636,259,40.64956907740758,0.0001336940003966447,0.15140724182128906,False
1637,389,51.23130308051135,0.00012557400259538554,0.1513538360595703,False
1638,259,61.59911887788077,0.00018359300156589597,0.15145301818847656,False
1639,504,48.19655399001626,0.0001367939985357225,0.1514148712158203,True
1640,389,43.13293754201112,0.00011935400107176974,0.1512470245361328,False
1641,389,42.46627118637859,0.00012116899961256422,0.1512928009033203,False
1642,259,39.622974265182464,0.00021211400235188194,0.15134620666503906,False
1643,259,36.780235300652635,0.0001246270003321115,0.15131568908691406,False
1644,504,53.531445344183155,0.00012817999959224835,0.1513690948486328,True
1645,389,52.056935795172436,0.0001249209999514278,0.15133094787597656,False
1646,389,41.06042065515767,0.0001268680025532376,0.1512775421142578,False
1647,389,44.34396561902769,0.00013380100062931888,0.15130043029785156,False
1648,389,56.09063371948278,0.00013226400187704712,0.15131568908691406,False
1649,389,50.664216350279915,0.00013318700075615197,0.15130043029785156,False
1650,259,46.196206410626296,0.0001297329981753137,0.15139198303222656,False
1651,389,50.61119103732704,0.00011907299995073117,0.1512470245361328,False
1652,259,59.29144261598086,0.0001404409995302558,0.15145301818847656,False
1653,259,59.81432521909957,0.00013361600213102065,0.1514148712158203,False
1654,259,60.63490516666895,0.000134711001010146,0.15145301818847656,False
1655,259,67.88970112558403,0.000140890999318799,0.15151405334472656,False
1656,259,56.74936238448861,0.0001610710023669526,0.1514606475830078,False
1657,262,65.1937729104056,0.0001334529988525901,0.1514148712158203,False
1658,529,28.375493068298407,0.00013307900007930584,0.15120887756347656,True
1659,529,26.75302216751209,0.0001177990016003605,0.1512470245361328,True
1660,219,24.264670935467358,0.00011879500016220845,0.1512317657470703,False
1661,558,13.857804567757647,0.0001257740004803054,0.15114784240722656,True
1662,555,11.027027436782637,0.00012029099889332429,0.15108680725097656,True
1663,528,23.456282474110733,0.00011378299677744508,0.15117835998535156,True
1664,557,7.146734904742963,0.00012114300261600874,0.1510944366455078,True
1665,558,11.205721827900081,0.00011215699851163663,0.15113258361816406,True
1666,537,25.03681700924019,0.00011662299948511645,0.15120887756347656,True
1667,558,15.11542914182053,0.00011606399857555516,0.15119361877441406,True
1668,520,28.330685982474183,0.00011893400005646981,0.15119361877441406,True
1669,522,13.685571570679812,0.00011295199874439277,0.1511249542236328,True
1670,525,16.357814696986978,0.00014176999684423208,0.15120887756347656,True
1671,558,25.011326241340605,0.00011945900041610003,0.1512012481689453,True
1672,528,16.47838845884087,0.00011944300058530644,0.15114784240722656,True
1673,557,15.60134591056553,0.00011525999798323028,0.1511859893798828,True
1674,543,16.0377254752032,0.00013100299838697538,0.1511707305908203,True
1675,549,20.45418699411378,0.0001213530013046693,0.15117835998535156,True
1676,130,39.00979493578607,0.0001274860005651135,0.15126991271972656,False
1677,558,29.817205707735106,0.00012220699863974005,0.1512012481689453,True
1678,529,23.530841870968423,0.00012056000196025707,0.1512165069580078,True
1679,551,18.841206062221598,0.00012178700126241893,0.1512928009033203,True
1680,538,5.969361850189285,0.0001108940014091786,0.15108680725097656,True
1681,68,27.92516579464028,0.00012046699703205377,0.1512622833251953,False
1682,544,24.859232346555313,0.00013017200035392307,0.15119361877441406,True
1683,548,21.632727715837802,0.00011846699999296106,0.15125465393066406,True
1684,45,36.6439500681535,0.00011852399984491058,0.1512775421142578,False
1685,557,24.148071887343132,0.0001387980009894818,0.15123939514160156,True
1686,557,13.934962951741309,0.0001170290015579667,0.15117835998535156,True
1687,536,21.46549658891906,0.00011346300016157329,0.1511554718017578,True
1688,478,21.80504910111518,0.0001258770025742706,0.1512165069580078,False
1689,423,26.9624392351022,0.00011859900041599758,0.15125465393066406,False
