Test Index,Train Index,Score,Computing Time (s),Space Usage (MB),Same Class
0,178,5.938714482576467,0.00011305500083835796,0.15111732482910156,True
1,122,8.521834958087632,0.00011498700041556731,0.1511402130126953,True
2,153,8.45829166273351,0.00012472800153773278,0.15111732482910156,True
3,43,28.826265464483708,0.00012986599904252216,0.15126991271972656,True
4,15,7.139661671027451,0.00010942899825749919,0.15107154846191406,True
5,186,13.299045734359867,0.00012920700100949034,0.1513690948486328,False
6,181,15.819835854772085,0.0001236970019817818,0.15134620666503906,False
7,158,13.498403967318016,0.00010524599929340184,0.1509876251220703,True
8,128,8.881295522338261,0.00011258700033067726,0.1511554718017578,True
9,148,8.927643749523371,0.00012580600014189258,0.1510639190673828,True
10,139,11.69329226807689,0.00011499399988679215,0.15116310119628906,True
11,86,6.8617254665691085,0.00011237199942115694,0.15113258361816406,True
12,198,12.264766408169594,0.00013612900147563778,0.15114784240722656,True
13,122,5.179038540948583,0.00011280499893473461,0.15104103088378906,True
14,191,11.49106097679025,0.00010821000250871293,0.1510791778564453,True
15,194,3.569194748771298,0.00011379900024621747,0.15116310119628906,True
16,79,3.9967910350205784,0.00012028299897792749,0.1510944366455078,True
17,167,4.338791035969482,0.00011302099665044807,0.15116310119628906,True
18,56,11.459806707965058,0.00011221599925193004,0.15113258361816406,True
19,107,4.808012927879334,0.00010580799789750017,0.1510028839111328,True
20,174,6.172346832461,0.0001134529993578326,0.15116310119628906,True
21,29,11.737728663496197,0.00011522099885041825,0.1511402130126953,True
22,34,5.373792085696399,0.00011556699973880313,0.15116310119628906,True
23,19,7.934762498634242,0.0001174870012619067,0.15116310119628906,True
24,13,39.51769688491791,0.00015273200187948532,0.1512012481689453,True
25,70,2.4561767430320374,0.00011566200191737153,0.1511859893798828,True
26,56,9.554353917011559,0.00010920100248767994,0.15107154846191406,True
27,110,17.48116560474704,0.00011296599768684246,0.1511096954345703,True
28,174,4.416640716194315,0.00011232199904043227,0.15111732482910156,True
29,64,19.992807135151825,0.00011331399946357124,0.1511707305908203,True
30,35,11.442673939055899,0.00013513200246961787,0.15125465393066406,True
31,196,9.710586774988002,0.00011074899884988554,0.15107154846191406,True
32,82,8.196145174367292,0.00011160499707330018,0.15110206604003906,True
33,188,31.501437643471046,0.0001230509988090489,0.15114784240722656,True
34,77,8.318250919108372,0.00011542699940036982,0.15116310119628906,True
35,114,3.898808383563205,0.00011371400250936858,0.1511402130126953,True
36,97,10.020286879182214,0.00012446999971871264,0.1512775421142578,True
37,18,9.74687352315454,0.00010985799963236786,0.15107154846191406,True
38,37,6.542896039426089,0.00012924600014230236,0.1511402130126953,True
39,5,9.868293431819179,0.00011723600255209021,0.1511402130126953,True
40,94,22.351191513547768,0.00011961099880863912,0.15111732482910156,True
41,20,18.559282875528712,0.00011995599925285205,0.15108680725097656,True
42,70,1.9469940680451086,0.00011629199798335321,0.1511249542236328,True
43,156,6.461681880948697,0.00014046499927644618,0.15120887756347656,True
44,17,27.68868233835606,0.00012121499821660109,0.1512622833251953,False
45,73,9.645513877593508,0.00011303300198051147,0.15113258361816406,True
46,19,10.62041640488282,0.00011328400069032796,0.15117835998535156,True
47,93,19.61513562061399,0.00012039700231980532,0.15130043029785156,True
48,159,9.238379268962369,0.00011295899821561761,0.1511554718017578,True
49,46,2.191112468163853,0.0001393570018990431,0.1512012481689453,True
50,56,5.841908693870892,0.00010940300126094371,0.15104103088378906,True
51,23,2.9123155244813854,0.00010549999933573417,0.15096473693847656,True
52,88,12.742539828913696,0.00011626000195974484,0.1511554718017578,True
53,30,3.2850254659323608,0.00010891299825743772,0.1510028839111328,True
54,180,10.206305255789813,0.00011444600022514351,0.1511859893798828,True
55,179,8.849382100988505,0.00011665800047921948,0.1512012481689453,True
56,94,24.782532478853604,0.0001168630005849991,0.15113258361816406,True
57,111,9.0255504152835,0.00011346300016157329,0.15114784240722656,True
58,173,15.305631884800167,0.00011348499901941977,0.15123939514160156,False
59,70,6.838466671408028,0.00011566000102902763,0.1511859893798828,True
60,62,15.230452763807701,0.00010987599671352655,0.1510639190673828,True
61,189,18.743229326863563,0.00011580100181163289,0.15119361877441406,True
62,149,10.53799745422523,0.00011418900248827413,0.15107154846191406,True
63,182,17.440870750549955,0.00014193699826137163,0.15120887756347656,True
64,190,5.1593192984026555,0.00011132100189570338,0.1509571075439453,True
65,76,6.79046771703756,0.00012216499817441218,0.15114784240722656,True
66,139,6.181851275728673,0.00011284100037300959,0.15105628967285156,True
67,111,15.69017683272612,0.00011517399980220944,0.1512012481689453,False
68,65,3.1530734034328436,0.00011541400090209208,0.15120887756347656,True
69,101,18.166250925514166,0.00011268800153629854,0.15110206604003906,True
70,159,18.19992603574588,0.00012547699952847324,0.1512012481689453,True
71,169,3.2925908717031698,0.00023747500017634593,0.15114784240722656,True
72,15,8.96597362833512,0.00015852800061111338,0.15104103088378906,True
73,83,14.697352871960003,0.00011303999781375751,0.15116310119628906,True
74,95,3.3556643526703427,0.00011337300020386465,0.15114784240722656,True
75,72,6.2444777928000015,0.00010644900248735212,0.15101051330566406,True
76,148,8.25739901505716,0.00011112399806734174,0.15108680725097656,True
77,178,14.477958183520789,0.00011892700058524497,0.15120887756347656,True
78,27,7.573249523767433,0.00012277099813218229,0.15108680725097656,True
79,179,9.08461146051631,0.00011638199794106185,0.1511554718017578,True
80,168,3.246407150183776,0.00012506700295489281,0.1513080596923828,True
81,37,8.948866441354195,0.00011509999967529438,0.15113258361816406,True
82,170,16.998445571340866,0.00012106999929528683,0.15117835998535156,True
83,114,9.578062145218261,0.00011875199925270863,0.1512622833251953,True
84,130,27.518390313302614,0.00011286100198049098,0.15113258361816406,True
85,169,5.675964930373007,0.00011873199764522724,0.1511554718017578,True
86,110,20.201818273259022,0.00011854799959110096,0.15125465393066406,False
87,198,18.507703564054978,0.00011199000073247589,0.15114784240722656,True
88,89,3.3435898266811455,0.00012326700016274117,0.15130043029785156,True
89,77,5.735409675477429,0.00011845100016216747,0.1511859893798828,True
90,80,4.911020149177592,0.00011977900066995062,0.1511554718017578,True
91,95,2.9819431510181724,0.00012855900058639236,0.1511707305908203,True
92,68,5.7717999092021826,0.00010541099982219748,0.1510181427001953,True
93,174,6.0554221944279485,0.00011764599912567064,0.1511249542236328,True
94,149,8.529883813478893,0.00011307699969620444,0.15114784240722656,True
95,105,14.55185593506277,0.00011085600272053853,0.15105628967285156,True
96,65,3.862544626114693,0.00011125899982289411,0.15111732482910156,True
97,136,21.744181041053416,0.00011565100066945888,0.15119361877441406,True
98,160,13.683740921819895,0.00011547800022526644,0.1512012481689453,True
99,165,13.143621663746542,0.00011502999768708833,0.1510181427001953,True
100,68,9.003488947043305,0.00012059299842803739,0.15117835998535156,True
101,53,6.099567418917117,0.00011488100062706508,0.15113258361816406,True
102,87,5.895952852289859,0.00010881699927267618,0.15105628967285156,True
103,133,7.151240234038689,0.00011416599954827689,0.15114784240722656,True
104,20,17.951451948853656,0.00011137800174765289,0.1510944366455078,True
105,12,5.992406633233072,0.00012289400183362886,0.1511859893798828,True
106,70,5.2886433656831375,0.00012797499948646873,0.15117835998535156,True
107,118,13.187078199505573,0.00013345000115805306,0.15116310119628906,True
108,155,14.729069707250813,0.00011863400141010061,0.1512622833251953,False
109,126,28.75472506935075,0.00011587799963308498,0.1511859893798828,True
110,172,6.640221377321572,0.00011498399908305146,0.15116310119628906,True
111,65,2.881692568695823,0.00015078999786055647,0.1510944366455078,True
112,195,20.247109976845177,0.00011872399772983044,0.15107154846191406,True
113,193,16.657852410770992,0.00012233800225658342,0.1512470245361328,True
114,166,27.30983326576151,0.00011874600022565573,0.15128517150878906,False
115,53,5.218125778794291,0.000143557001138106,0.15113258361816406,True
116,27,9.632553022641584,0.00011789600102929398,0.1511859893798828,True
117,87,8.92768238356264,0.00011543700020411052,0.15111732482910156,True
118,19,8.029351755351152,0.0001176249970740173,0.15114784240722656,True
119,82,6.087107186995955,0.00011380499927327037,0.15105628967285156,True
120,46,4.960685992919017,0.0001289630017708987,0.15134620666503906,True
121,120,6.54139730723911,0.00010904100054176524,0.1510791778564453,True
122,27,5.243785027819148,0.00014893600018694997,0.1511402130126953,True
123,16,16.59503053623775,0.00012363499990897253,0.15130043029785156,False
124,53,6.645759446762738,0.00012043800234096125,0.15116310119628906,True
125,94,17.42803510399001,0.00011194899707334116,0.1510944366455078,True
126,111,15.180201909315011,0.00012148600217187777,0.15113258361816406,True
127,196,6.91972805149202,0.00011480999819468707,0.1510181427001953,True
128,113,8.103341276253994,0.00011905599967576563,0.15114784240722656,True
129,25,32.95007699701808,0.00012618499749805778,0.1511859893798828,False
130,56,8.124545506995434,0.00011540599734871648,0.15107154846191406,True
131,183,2.539390810336542,0.00011518899918883108,0.1511096954345703,True
132,138,4.5266133353819855,0.00011918399832211435,0.1511402130126953,True
133,149,24.90531284516302,0.0001140630010922905,0.1511249542236328,True
134,85,12.080028397819321,0.00011807600094471127,0.15120887756347656,True
135,24,9.64072791519574,0.00011565000022528693,0.15119361877441406,True
136,102,8.986983181732723,0.00010625299910316244,0.15101051330566406,True
137,154,5.5710667160845295,0.00011688900121953338,0.15102577209472656,True
138,180,13.403798674378379,0.0001242969992745202,0.1511554718017578,True
139,64,31.97994852940482,0.00012256900299689732,0.15120887756347656,True
140,63,3.7946197749779826,0.00011172900121891871,0.15108680725097656,True
141,29,11.772492700864722,0.0001179469982162118,0.15108680725097656,True
142,28,4.546972996781442,0.00011129500126116909,0.1510944366455078,True
143,79,12.235012630697119,0.00011467100193840452,0.1511402130126953,True
144,189,9.643714770751249,0.00012687499838648364,0.15110206604003906,True
145,165,28.586127444271238,0.00011681999967549928,0.1511096954345703,True
146,193,8.400728673644034,0.00011939799878746271,0.1511707305908203,True
147,45,13.074822576808996,0.00012234000314492732,0.15128517150878906,False
148,15,9.849672213135758,0.00011757999891415238,0.1511402130126953,True
149,138,6.819440511498583,0.00011960000119870529,0.1511402130126953,True
150,76,5.491980922273077,0.00011724400246748701,0.1511096954345703,True
151,0,9.545184516656791,0.00012729100126307458,0.15126991271972656,True
152,121,10.540581144762694,0.00011118700058432296,0.1510639190673828,True
153,178,8.203146501022363,0.00012052699821651913,0.1511554718017578,True
154,27,11.246597852235794,0.00012111600153730251,0.1511554718017578,True
155,198,13.551714633019095,0.00011874900155817159,0.1511249542236328,True
156,105,14.425022826020273,0.00011544199878699146,0.15113258361816406,True
157,160,4.6824969628363124,0.0001190290022350382,0.1511249542236328,True
158,0,6.595766752385199,0.0001339049995294772,0.1512622833251953,True
159,152,6.916037739579317,0.00011643199832178652,0.15116310119628906,True
160,29,9.812438358307961,0.00012338399756117724,0.1510944366455078,True
161,2,3.2258095248017082,0.00012736300050164573,0.1510639190673828,True
162,70,6.831849763104355,0.00011536400052136742,0.15116310119628906,True
163,158,7.745613373671522,0.00011002900282619521,0.15097999572753906,True
164,19,9.398497465029225,0.00011972900028922595,0.1511096954345703,True
165,155,10.65466256804576,0.00010938900231849402,0.15107154846191406,True
166,141,21.55625683472736,0.00012804200014215894,0.1511249542236328,True
167,87,6.6291480095757755,0.00011172100130352192,0.1510334014892578,True
168,36,25.368090855924713,0.00012160799815319479,0.15125465393066406,True
169,6,9.535814424882362,0.00011610000001383014,0.1511859893798828,True
170,81,4.13960900617138,0.00011293599891359918,0.15111732482910156,True
171,127,3.843268941774284,0.0001108149990614038,0.15111732482910156,True
172,111,12.627946019271544,0.00011729899779311381,0.15117835998535156,True
173,158,26.345090217714844,0.00011088000246672891,0.15110206604003906,True
174,104,11.336622581781686,0.00011033799819415435,0.15110206604003906,True
175,159,12.605492461078965,0.00011543399887159467,0.15117835998535156,True
176,186,17.725866232109738,0.00012482899910537526,0.15142250061035156,False
177,65,3.6472814053363622,0.00011137500041513704,0.15111732482910156,True
178,87,11.481903952347412,0.00011650899978121743,0.15114784240722656,True
179,155,8.622371155852196,0.00012090000018361025,0.15108680725097656,True
180,188,29.876329882363027,0.0001149340023403056,0.15117835998535156,True
181,97,7.44228414038549,0.00011762999929487705,0.15117835998535156,True
182,83,9.759110086132461,0.00011076399823650718,0.1510486602783203,True
183,172,9.500040537908763,0.00011316199743305333,0.15116310119628906,True
184,160,3.982780838897958,0.00010969999857479706,0.15108680725097656,True
185,112,13.901215167810976,0.00011684800119837746,0.15120887756347656,True
186,121,9.694071136223366,0.00012487799904192798,0.1511249542236328,True
187,27,8.268249770510632,0.0001144560010288842,0.15117835998535156,True
188,22,24.560899160516087,0.00011141199865960516,0.1510944366455078,True
189,125,4.796844448184904,0.00010874999861698598,0.1510334014892578,True
190,191,8.955701861086538,0.00010846399891306646,0.1510639190673828,True
191,146,4.877054910241034,0.0001870500018412713,0.1511096954345703,True
192,189,15.423942350141841,0.00012156299999332987,0.15113258361816406,True
193,77,5.737151331124771,0.00010991499948431738,0.1510944366455078,True
194,12,5.796699684362567,0.00011728499885066412,0.15116310119628906,True
195,183,17.903315357903523,0.00012285599950700998,0.1512622833251953,False
196,196,10.815218655282136,0.00011256099969614297,0.15105628967285156,True
197,101,48.18535413101585,0.00012351799887255765,0.15128517150878906,True
198,52,13.151501578099147,0.00013574400145444088,0.1511096954345703,True
199,88,8.166344531653264,0.00011443599942140281,0.1511249542236328,True
200,17,13.829569124190055,0.00012047000200254843,0.15126991271972656,False
201,56,11.643805734859479,0.0001581030010129325,0.1511859893798828,True
202,102,7.809277439252877,0.00014543300130753778,0.1510639190673828,True
203,70,1.7936107221869053,0.00011483200069051236,0.1510944366455078,True
204,58,8.002752909581684,0.0001132099969254341,0.15104103088378906,True
205,174,4.456376646672283,0.00014334200022858568,0.15111732482910156,True
206,77,4.952302478864829,0.00011445299969636835,0.15117835998535156,True
207,34,5.153744923677187,0.00011668299703160301,0.15114784240722656,True
208,162,3.216644250300161,0.00011349299893481657,0.1510028839111328,True
209,194,3.3032501156355867,0.00012457799675757997,0.15116310119628906,True
210,75,3.5800695186462876,0.0001295690017286688,0.15114784240722656,True
211,124,16.348030552941452,0.00012291399980313145,0.1512470245361328,False
212,190,10.864741730183747,0.0001100350018532481,0.15104103088378906,True
213,177,4.544077116515495,0.00012050499935867265,0.1512165069580078,True
214,174,2.935978785974643,0.00011704600183293223,0.1511402130126953,True
215,136,36.1988232451473,0.0001360300011583604,0.15130043029785156,True
216,6,5.733351333013763,0.00011659699885058217,0.15110206604003906,True
217,45,5.394237029105036,0.0001268699998036027,0.1511249542236328,True
218,138,7.51141971997623,0.00021018500046920963,0.15128517150878906,True
219,22,31.255714397757586,0.00011472700134618208,0.1511707305908203,True
220,105,8.709745070702677,0.0001073970015568193,0.15104103088378906,True
221,38,14.864644271895935,0.00010970099901896901,0.1510791778564453,True
222,122,12.40973822713639,0.00011276800069026649,0.15110206604003906,True
223,61,5.618143207038314,0.00011013999755959958,0.15105628967285156,True
224,182,3.757626458504622,0.00012388600225676782,0.15122413635253906,True
225,76,9.38738063244638,0.00011440500020398758,0.1511402130126953,True
226,97,7.295909873908704,0.00011451300088083372,0.1511249542236328,True
227,178,6.155931377853463,0.00012117299775127321,0.1511402130126953,True
228,170,17.82833091474453,0.00011652399916783907,0.15120887756347656,True
229,34,6.302379178177725,0.0001163260021712631,0.15122413635253906,True
230,66,7.6779989746496415,0.0001367189979646355,0.1511707305908203,True
231,132,15.938475449506782,0.00015278600039891899,0.15113258361816406,True
232,148,20.303244268226464,0.00011366000035195611,0.15114784240722656,False
233,5,7.097254263415499,0.0001119720000133384,0.15111732482910156,True
234,0,12.143400078112613,0.00012864000018453225,0.1513233184814453,True
235,149,6.7457801709182155,0.00011806800102931447,0.15108680725097656,True
236,161,4.989256231885417,0.00011815700054285116,0.15101051330566406,True
237,118,6.9231914684836875,0.00011910700050066225,0.1511859893798828,True
238,64,26.259683200711816,0.00011529999756021425,0.15116310119628906,True
239,159,15.57872897578119,0.00011769299817387946,0.15120887756347656,True
240,137,10.43961105846781,0.00011201000233995728,0.1511096954345703,True
241,46,4.823959988903611,0.00012281700037419796,0.1512470245361328,True
242,102,8.338737643003757,0.00014720500257681124,0.1510028839111328,True
243,139,4.593594082326114,0.00011185800030943938,0.15104103088378906,True
244,168,2.843318436972752,0.00012083500041626394,0.1512622833251953,True
245,81,19.5553829499775,0.00012281400267966092,0.1513233184814453,False
246,47,5.505388674587052,0.00020831500296480954,0.1511554718017578,True
247,155,21.30382465051134,0.00011439599984441884,0.1512317657470703,False
248,79,17.271683703067715,0.00011770099808927625,0.15120887756347656,True
249,56,8.3504948775155,0.0001173249984276481,0.1510791778564453,True
250,157,26.40637276652023,0.0001156270009232685,0.15117835998535156,True
251,154,3.7432532646224925,0.00010637400191626512,0.1510028839111328,True
252,37,9.400641754381779,0.00011370900028850883,0.15113258361816406,True
253,74,31.27554023572696,0.00013442300041788258,0.15140724182128906,False
254,191,8.933405213192076,0.00011599699791986495,0.1511554718017578,True
255,164,15.662063524337738,0.00013663899881066754,0.1513385772705078,False
256,160,11.479075468361133,0.00012201500067021698,0.1513080596923828,False
257,139,7.523559839930821,0.00011305299995001405,0.15116310119628906,True
258,176,2.834655204834668,0.00011229699885006994,0.15113258361816406,True
259,155,14.924684472795773,0.0001177199992525857,0.1512012481689453,False
260,8,6.790900498825282,0.00010882099741138518,0.15102577209472656,True
261,19,11.518693249059487,0.00011870700109284371,0.15126991271972656,True
262,193,10.31241941535906,0.00012170199988759123,0.1511859893798828,True
263,36,20.464552702987497,0.00011611700028879568,0.1511554718017578,True
264,37,26.3054147501247,0.00012184099978185259,0.15134620666503906,False
265,121,18.300122028438505,0.0001106570016418118,0.1511249542236328,True
266,56,8.469541077971005,0.00011404700126149692,0.1510791778564453,True
267,18,11.194748981097456,0.00011901700054295361,0.15123939514160156,False
268,43,7.5774581016756,0.00011122499927296303,0.1510944366455078,True
269,170,10.656678786449332,0.00011758799882954918,0.15119361877441406,True
270,188,13.21742824088529,0.00010565100092208013,0.15102577209472656,True
271,20,25.21533893453004,0.00011729000107152387,0.15117835998535156,True
272,181,16.178549526350622,0.000122204000945203,0.15128517150878906,False
273,11,6.034914629558209,0.00011108600301668048,0.1510486602783203,True
274,129,6.945623938583375,0.00012523600162239745,0.1510944366455078,True
275,54,9.828470571756027,0.00011498800085973926,0.1511859893798828,True
276,20,16.983295706013482,0.0001150819989561569,0.15111732482910156,True
277,148,9.664253873040304,0.00011092999920947477,0.15110206604003906,True
278,105,15.517723204168687,0.00010987800123984925,0.15108680725097656,True
279,20,23.85842290687757,0.000117559997306671,0.15108680725097656,True
280,27,3.85118775771721,0.00011529599942150526,0.1510486602783203,True
281,100,15.831871694172866,0.0001352360013697762,0.15116310119628906,True
282,155,18.609239038379965,0.00011700799950631335,0.1512165069580078,False
283,4,10.06487967573616,0.00012642199726542458,0.15120887756347656,True
284,127,2.075693149710033,0.00011117100075352937,0.1510944366455078,True
285,20,25.685646873793132,0.00011406999692553654,0.15116310119628906,True
286,190,12.622760324867766,0.00011815600009867921,0.15110206604003906,True
287,16,6.1134234148253,0.00016609799786238,0.15108680725097656,True
288,98,21.590968931804742,0.0001492730007157661,0.15107154846191406,True
289,185,6.908201938540628,0.00010594199920888059,0.1510181427001953,True
290,126,39.69211344054742,0.00013752300219493918,0.15130043029785156,True
291,110,13.816479048206237,0.00012049200086039491,0.15113258361816406,True
292,45,5.48315685766163,0.0001084140021703206,0.1510791778564453,True
293,184,10.276551583354559,0.00012015999891445972,0.15125465393066406,False
294,140,3.47712813075266,0.0003228599998692516,0.15107154846191406,True
295,118,5.048230665861958,0.00011956500020460226,0.15110206604003906,True
296,20,13.058107443460246,0.00010574000043561682,0.15097999572753906,True
297,131,4.230503035112656,0.00011379799980204552,0.1511096954345703,True
298,90,7.424933959989281,0.0001111089986807201,0.15110206604003906,True
299,174,4.039227623608493,0.0001194949982163962,0.15113258361816406,True
300,30,2.0733582414255185,0.00010402100087958388,0.15096473693847656,True
301,196,15.299909883238021,0.00011638100113486871,0.15108680725097656,True
302,26,24.652366247740723,0.00011834899851237424,0.1511859893798828,True
303,136,17.54023423669665,0.0001157080005214084,0.15119361877441406,True
304,107,4.83019427557407,0.0001066170007106848,0.1509723663330078,True
305,8,10.730929100194913,0.00013058699914836325,0.1510181427001953,True
306,79,9.39153346771139,0.00011357499897712842,0.15113258361816406,True
307,76,7.59119361411356,0.00011985799937974662,0.1511249542236328,True
308,40,10.597677949942405,0.00012412399883032776,0.1511554718017578,True
309,191,15.688242106311758,0.0001162410007964354,0.15116310119628906,True
310,185,13.598800085454934,0.0001115080012823455,0.1510944366455078,True
311,152,8.89859864506308,0.00011629200162133202,0.1511707305908203,True
312,177,8.03572397523931,0.00011490500037325546,0.15117835998535156,True
313,38,16.30264812329954,0.00011207500210730359,0.1510944366455078,True
314,160,8.244740630404834,0.00011543200162122957,0.15114784240722656,True
315,27,7.661983301213931,0.00011123100193799473,0.15110206604003906,True
316,194,4.063840989460773,0.00011378899944247678,0.1511249542236328,True
317,188,22.812393975012387,0.00011242600157856941,0.1510944366455078,True
318,113,4.799479463604135,0.00011725699732778594,0.1511859893798828,True
319,195,10.255766834448824,0.00011199999789823778,0.1510486602783203,True
320,76,7.505411218308245,0.00011704200005624443,0.15113258361816406,True
321,85,11.529564318654968,0.000117251998744905,0.15116310119628906,True
322,169,2.3010717662481306,0.00011002300016116351,0.1510791778564453,True
323,194,2.5773886022390067,0.00011554299999261275,0.15111732482910156,True
324,120,9.34631560774765,0.00011617099880822934,0.15116310119628906,True
325,30,2.4446718096323004,0.00010850800026673824,0.1510181427001953,True
326,48,8.769707582938246,0.00011624199760262854,0.15102577209472656,True
327,193,13.59100018716825,0.00011878000077558681,0.15120887756347656,True
328,129,16.218943498857996,0.00012016800246783532,0.1511707305908203,False
329,149,7.230478951837055,0.00011316400195937604,0.1511249542236328,True
330,156,8.653666474378063,0.0001318119975621812,0.1512470245361328,True
331,193,15.086891156656202,0.00011734399959095754,0.15123939514160156,True
332,112,13.4757882970822,0.00013033000141149387,0.1512165069580078,True
333,91,3.9251437333883743,0.00010397799997008406,0.15096473693847656,True
334,186,13.20395056984132,0.00012928200158057734,0.15131568908691406,False
335,102,8.35344898926687,0.00010849399768630974,0.1510639190673828,True
336,124,5.074238906863255,0.00011475700011942536,0.1511707305908203,False
337,46,4.753034671177745,0.00011930600157938898,0.1512317657470703,True
338,139,14.9290895934747,0.00011680800162139349,0.15117835998535156,True
339,37,12.858811188052522,0.00011664599878713489,0.1512012481689453,True
340,112,11.314942011484087,0.00011560700295376591,0.15122413635253906,True
341,22,24.438800000536045,0.00011101599739049561,0.15110206604003906,True
342,111,14.005418482894955,0.00011937300223507918,0.1512012481689453,True
343,86,4.713317090916425,0.00012271900050109252,0.1510944366455078,True
344,25,24.799995180830017,0.0001168609996966552,0.1512012481689453,False
345,47,18.587966902008937,0.00012310600141063333,0.1512012481689453,False
346,194,6.02657330766631,0.00011536999954842031,0.1511707305908203,True
347,196,24.388240577285448,0.00011857400022563525,0.15123939514160156,False
348,37,3.4038685499639376,0.00010692599971662275,0.15104103088378906,True
349,0,8.720699338413562,0.00012910000077681616,0.15119361877441406,True
350,87,18.345164752921402,0.00011480200191726908,0.1511402130126953,True
351,179,7.941504602026008,0.00011491300028865226,0.15116310119628906,True
352,80,2.3896854449741394,0.00011283999992883764,0.15110206604003906,True
353,198,29.292293310190097,0.00012295100168557838,0.15116310119628906,True
354,189,8.273917448004005,0.00011477099906187505,0.1511249542236328,True
355,54,3.4794337086965936,0.00011177600026712753,0.1510944366455078,True
356,11,9.78937160177137,0.00011649699808913283,0.15117835998535156,True
357,41,6.192228898110833,0.00012923900067107752,0.1512012481689453,True
358,177,3.147138383539437,0.00012096700083930045,0.1512622833251953,True
359,156,7.895348253828329,0.0001181940024252981,0.15126991271972656,True
360,152,8.320885380287958,0.00011322100181132555,0.15110206604003906,True
361,42,6.608580749964505,0.00012294800035306253,0.1512165069580078,True
362,18,6.425010825840439,0.00012696600242634304,0.15107154846191406,True
363,137,6.865793717987846,0.00011695099965436384,0.15120887756347656,True
364,19,5.195452384251476,0.00012350399993010797,0.15110206604003906,True
365,110,8.86823886677108,0.00010927800030913204,0.1510791778564453,True
366,158,13.29355073989476,0.00010616999861667864,0.15096473693847656,True
367,21,18.46703531052116,0.000122358000226086,0.1512775421142578,False
368,71,10.763899878353694,0.00011776099927374162,0.15108680725097656,True
369,71,16.322904401632638,0.00011802500011981465,0.1511707305908203,True
370,172,8.347750671154218,0.00012893299935967661,0.15113258361816406,True
371,76,5.143387265489963,0.0002474840002832934,0.1511249542236328,True
372,87,15.674526925900736,0.00011945399819524027,0.15116310119628906,True
373,111,10.831329664762642,0.0001270829998247791,0.1511249542236328,True
374,70,12.135222352998534,0.00012702700041700155,0.1512470245361328,True
375,102,5.814436894303458,0.00011489600001368672,0.15102577209472656,True
376,77,9.1976495493322,0.00011599300341913477,0.1511554718017578,True
377,136,18.233379306830617,0.0003940540009352844,0.1512165069580078,True
378,148,8.529852402621051,0.0001192479976452887,0.1510486602783203,True
379,102,7.766603451806568,0.000110195000161184,0.1510791778564453,True
380,198,21.425656028718922,0.00012402599895722233,0.15114784240722656,True
381,183,4.509409566430444,0.00010860400288947858,0.1510334014892578,True
382,15,4.657140334600954,0.00010518199997022748,0.15099525451660156,True
383,175,17.031721227433987,0.00011683399861794896,0.1512470245361328,True
384,109,3.4162822722290076,0.00011538699982338585,0.1511249542236328,True
385,133,6.762883794305575,0.0001386500007356517,0.15122413635253906,True
386,198,24.435826046322067,0.00011387300037313253,0.15117835998535156,True
387,174,4.788366736642577,0.00011594199895625934,0.15116310119628906,True
388,76,7.033032769306465,0.00011765200179070234,0.1511554718017578,True
389,79,16.81194298093284,0.00011866500062751584,0.15125465393066406,True
390,41,5.137950058545916,0.0001698970008874312,0.15111732482910156,True
391,155,11.67310864840114,0.00013779199798591435,0.15113258361816406,True
392,152,5.966227702272185,0.00011145100143039599,0.1511249542236328,True
393,37,6.0919394302259064,0.00014247099898057058,0.15113258361816406,True
394,141,25.962796984795578,0.0001158539998868946,0.1511707305908203,True
395,168,2.304692837999347,0.00012485499973990954,0.15119361877441406,True
396,137,5.813993805177873,0.00011292300041532144,0.15110206604003906,True
397,164,18.724284970531556,0.00012098099978175014,0.15134620666503906,False
398,24,5.801908367515887,0.00011468800221337005,0.1511096954345703,True
399,45,7.06607652856098,0.00011572400035220198,0.15110206604003906,True
400,37,12.8746256977898,0.00011707399971783161,0.1511707305908203,True
401,92,12.957824146969394,0.00011798999912571162,0.15123939514160156,False
402,121,8.65069288105341,0.00011114500011899509,0.1510791778564453,True
403,114,5.7834121413630974,0.00013382000179262832,0.1511859893798828,True
404,138,4.248460787117946,0.00011151799844810739,0.15102577209472656,True
405,127,4.597623332923116,0.00011781699868151918,0.1511249542236328,True
406,54,4.872251671872094,0.0001174079989141319,0.15117835998535156,True
407,189,8.861864325751826,0.00011973300206591375,0.15114784240722656,True
408,182,17.451575486272755,0.00012025899923173711,0.15128517150878906,True
409,127,14.568416851212037,0.00012166400119895115,0.15130043029785156,False
410,155,9.342228759571476,0.00010834800195880234,0.1510791778564453,True
411,196,7.456239737600332,0.00010737300181062892,0.1510334014892578,True
412,148,14.589873301038665,0.00012114100172766484,0.15116310119628906,True
413,85,8.907793977026826,0.00010915399980149232,0.1510028839111328,True
414,190,11.420798847525356,0.00010807500075316057,0.1510486602783203,True
415,85,7.666802497799676,0.00010829999882844277,0.15107154846191406,True
416,167,4.929214288427701,0.00011525899753905833,0.15117835998535156,True
417,87,13.042865028376994,0.00011385499965399504,0.15114784240722656,True
418,51,12.434117122700622,0.00012449999849195592,0.1513690948486328,True
419,63,2.661762612334324,0.00011257100049988367,0.1510944366455078,True
420,127,10.634768168703074,0.0001261670004168991,0.1511859893798828,True
421,124,6.772575519355644,0.00012690599760389887,0.15117835998535156,True
422,185,6.624743016960549,0.00010472800204297528,0.1510028839111328,True
423,80,8.405700827462411,0.00012284699914744124,0.1511859893798828,True
424,170,17.312520421753756,0.00013321100050234236,0.15125465393066406,True
425,27,13.262041402478925,0.00011759100016206503,0.1511859893798828,False
426,145,20.801912306527857,0.00012440800128388219,0.15116310119628906,True
427,112,11.081852381575771,0.00013480200141202658,0.1512317657470703,True
428,136,31.160399805113375,0.00011511399861774407,0.1512012481689453,True
429,189,4.398893512133252,0.00011171799997100607,0.15108680725097656,True
430,196,8.048278408675266,0.00011549999908311293,0.1510334014892578,True
431,111,9.474929347588976,0.00011117399844806641,0.15111732482910156,True
432,91,3.2332093773615322,0.00010458599717821926,0.15099525451660156,True
433,4,11.627664054254545,0.00011622300007729791,0.15117835998535156,True
434,186,2.44677715405675,0.00010993400064762682,0.15107154846191406,True
435,87,7.067975019107506,0.0001112019999709446,0.1510486602783203,True
436,53,5.47018159386077,0.00011628399806795642,0.15107154846191406,True
437,38,13.74663091121824,0.00011742799688363448,0.1511096954345703,True
438,0,4.363571174029797,0.00012482000238378532,0.1512928009033203,True
439,121,8.549665578377644,0.00011242099935770966,0.15108680725097656,True
440,65,6.121638027396837,0.00022165799964568578,0.1511859893798828,True
441,155,7.439641398202964,0.0001266190010937862,0.1510944366455078,True
442,12,4.379935858496789,0.00011465699935797602,0.15114784240722656,True
443,159,19.33881675006882,0.0001141540014941711,0.1511554718017578,True
444,144,8.729091336398097,0.0001257619987882208,0.15122413635253906,True
445,174,3.0610720672079537,0.00012020899885101244,0.1510639190673828,True
446,190,8.239694156540674,0.00011826299669337459,0.15108680725097656,True
447,49,14.63328484263098,0.00011130100028822199,0.15108680725097656,True
448,63,2.848715337076295,0.00011355799870216288,0.15114784240722656,True
449,182,15.240755635553365,0.00012600399713846855,0.15134620666503906,True
450,50,28.298156135584918,0.0001167759983218275,0.1512317657470703,False
451,56,6.832328299321483,0.0001153859993792139,0.1511096954345703,True
452,178,6.387125069006206,0.00012316900028963573,0.15120887756347656,True
453,172,5.556780535366608,0.00011081399861723185,0.1510944366455078,True
454,59,27.456403795583334,0.00012422500003594905,0.1513233184814453,True
455,22,28.601224892670285,0.00011339900083839893,0.1510944366455078,True
456,152,9.024228607553791,0.00011613399692578241,0.15108680725097656,True
457,174,6.262754712915777,0.00011461899703135714,0.1511402130126953,True
458,47,20.83854631573406,0.00011773200094467029,0.1512470245361328,False
459,141,14.807327191077773,0.00011379499846952967,0.1511096954345703,True
460,54,6.627655582675295,0.00012482900274335407,0.15122413635253906,True
461,127,3.0545839725057564,0.0001353010011371225,0.15104103088378906,True
462,18,12.5732150211368,0.00011588699999265373,0.1511554718017578,True
463,83,7.630043228545099,0.00011428899961174466,0.1511554718017578,True
464,20,9.297755513725368,0.00011038600132451393,0.1509723663330078,True
465,139,21.725535576769442,0.0001143869994848501,0.1511859893798828,True
466,174,5.902693456263271,0.00012428199988789856,0.1511707305908203,True
467,56,5.23993137975688,0.00011049600288970396,0.15105628967285156,True
468,71,12.163560545877338,0.0002889540010073688,0.1510791778564453,True
469,110,14.937500855516358,0.00011427299978095107,0.15117835998535156,True
470,82,11.319904026637907,0.00011843299944302998,0.1511249542236328,True
471,121,7.909388794213481,0.00011349899796186946,0.15110206604003906,True
472,102,40.18995259215023,0.00011585999891394749,0.1512165069580078,False
473,88,9.500291030407135,0.00011277500016149133,0.1511707305908203,True
474,47,18.172371887079414,0.0001145290007116273,0.1512165069580078,True
475,69,8.01718824791344,0.00011722899944288656,0.15117835998535156,True
476,110,14.3280845409087,0.0001121280001825653,0.15110206604003906,True
477,45,5.635960316142072,0.00011296999946353026,0.15116310119628906,True
478,109,2.2434058870755704,0.00011800499851233326,0.1510791778564453,True
479,7,4.928158597880711,0.00011440100206527859,0.1510334014892578,True
480,94,16.008001044450133,0.00011129999984405003,0.15110206604003906,True
481,174,11.417616075515589,0.0001180969993583858,0.1512470245361328,True
482,134,2.955459673530536,0.0001156190010078717,0.15107154846191406,True
483,128,8.573050580635293,0.00011520100088091567,0.1511859893798828,True
484,193,15.61771628675431,0.0001306669983023312,0.1512165069580078,True
485,190,8.37555688172495,0.00023626799884368666,0.15105628967285156,True
486,29,16.11957031279609,0.00022180900123203173,0.1510486602783203,True
487,9,4.809251313175308,0.00011821900261566043,0.15114784240722656,True
488,162,4.526749362935727,0.0001082599992514588,0.15101051330566406,True
489,196,13.024921273988863,0.00012515500202425756,0.15111732482910156,True
490,97,18.2366463505315,0.00011814500248874538,0.1512165069580078,True
491,86,6.824007544001199,0.00011300099868094549,0.15111732482910156,True
492,132,15.661522469096841,0.00011223600085941143,0.15110206604003906,True
493,18,7.898377145269866,0.00011664799967547879,0.15117835998535156,True
494,104,9.382110113467547,0.00011289699978078716,0.1511402130126953,True
495,160,9.312901100946505,0.00012390899792080745,0.15120887756347656,False
496,10,6.234215532105521,0.00011274099961156026,0.1511249542236328,True
497,113,5.204451054954404,0.00012952399993082508,0.15114784240722656,True
498,79,9.162216292767322,0.0001104280017898418,0.15107154846191406,True
499,182,4.854898971695427,0.00011664199701044708,0.1512165069580078,True
500,61,6.835902941568426,0.00011057500159949996,0.1511096954345703,True
501,89,5.4652645629428465,0.00014288799866335467,0.15126991271972656,True
502,102,7.58500570418546,0.00011325000014039688,0.1511096954345703,True
503,27,2.948200949844976,0.00010644799840520136,0.15104103088378906,True
504,79,12.68864560416444,0.00011355799870216288,0.15114784240722656,True
505,191,12.967052588155891,0.00012316399806877598,0.1512012481689453,True
506,196,13.459041017231435,0.0003367850003996864,0.1510944366455078,True
507,27,5.449487714986815,0.0004642220010282472,0.15108680725097656,True
508,160,12.195088636888508,0.00012288200014154427,0.15134620666503906,False
509,142,7.096773947815887,0.00011710800026776269,0.1510944366455078,True
510,24,11.847214114498781,0.00011875400014105253,0.15117835998535156,True
511,39,3.5719032760989804,0.00012315500134718604,0.15114784240722656,True
512,30,2.049118170613788,0.00010512999870115891,0.15097999572753906,True
513,53,7.705403529679738,0.000113852001959458,0.1511554718017578,True
514,138,6.4408578754523225,0.00011626199921010993,0.1512165069580078,True
515,69,12.529318329580207,0.00011292999988654628,0.1511096954345703,True
516,196,9.658646032682455,0.00010989800284733064,0.15105628967285156,True
517,170,15.388408183109084,0.00012554199929581955,0.15117835998535156,True
518,138,4.460491102319491,0.00011497000014060177,0.1510944366455078,True
519,126,42.04833897698815,0.00012953799887327477,0.15128517150878906,True
520,179,5.786510298575532,0.0001157769984274637,0.1511554718017578,True
521,160,10.409820967068924,0.00012497699935920537,0.1512470245361328,False
522,182,6.339674999266472,0.00012175599840702489,0.1511249542236328,True
523,117,17.44296784268484,0.00011690400060615502,0.1510639190673828,True
524,127,2.7262382419843183,0.00010915800157818012,0.1510334014892578,True
525,152,8.183222067530572,0.00011912600166397169,0.15116310119628906,True
526,179,5.709503116112618,0.00011468599768704735,0.15111732482910156,True
527,152,5.993717854682594,0.0001118849977501668,0.1510791778564453,True
528,32,17.31024164983398,0.00011242499749641865,0.15114784240722656,True
529,49,26.103427303053724,0.00011566700050025247,0.15117835998535156,True
530,11,5.697887455992336,0.0001147580005635973,0.15111732482910156,True
531,79,11.32267524263777,0.00011434699990786612,0.15113258361816406,True
532,41,6.673280786218913,0.00011072100096498616,0.15108680725097656,True
533,183,4.3889530729112,0.00017223800023202784,0.15110206604003906,True
534,23,7.0761010095048285,0.00011642600293271244,0.15117835998535156,True
535,53,4.85781222254875,0.00010908500189543702,0.1510486602783203,True
536,107,5.3296533414171545,0.00010472200301592238,0.15099525451660156,True
537,111,14.330033497440908,0.00011808600174845196,0.15117835998535156,True
538,132,11.900441148563226,0.00011155399988638237,0.15111732482910156,True
539,60,4.645845143145286,0.00012100799722247757,0.15104103088378906,True
540,53,7.690162563376314,0.00012050499935867265,0.1512622833251953,True
541,98,20.956267742884876,0.00011402199743315578,0.1511707305908203,True
542,193,14.331833364273354,0.00011947299935854971,0.15120887756347656,True
543,6,12.396586566127295,0.00011785100286942907,0.15116310119628906,True
544,174,16.78004536137582,0.0001224209991050884,0.15125465393066406,True
545,104,8.446507288788657,0.00034471000253688544,0.1511096954345703,True
546,38,8.102345383720008,0.0003710769997269381,0.15104103088378906,True
547,179,7.823351706844413,0.000145313999382779,0.1511707305908203,True
548,194,1.95548633844537,0.00010893599755945615,0.15105628967285156,True
549,182,10.323083090578075,0.0001316029993176926,0.15131568908691406,True
550,139,6.784611991249036,0.00011875400014105253,0.1511402130126953,True
551,119,17.02008985689728,0.00011476900181150995,0.15107154846191406,True
552,31,35.86977443506807,0.0001177949998236727,0.15123939514160156,True
553,148,22.928418886437882,0.0001158560007752385,0.1511707305908203,True
554,126,16.77536880847419,0.00012364400026854128,0.15117835998535156,True
555,37,7.531344389711939,0.00011514700236148201,0.15117835998535156,True
556,143,9.915680618964208,0.00011797400293289684,0.1511402130126953,True
557,11,11.732236422483021,0.00011793900193879381,0.15119361877441406,True
558,3,7.222505316993221,0.00013557499914895743,0.15119361877441406,True
559,45,6.606783078745927,0.00013822199980495498,0.1511249542236328,True
560,141,12.2609810307508,0.00011136100147268735,0.15111732482910156,True
561,80,6.765789131154026,0.00011792800069088116,0.1511859893798828,True
562,86,4.023882553298917,0.00020552799833239987,0.1510944366455078,True
563,24,6.4821955363977075,0.00011761700079659931,0.1511859893798828,True
564,174,19.3737307132249,0.00014473099872702733,0.15128517150878906,True
565,150,7.694515816951175,0.000112442001409363,0.15114784240722656,True
566,127,4.758674732829657,0.00010705499880714342,0.15104103088378906,True
567,58,18.928944360451236,0.00011430900121922605,0.15117835998535156,True
568,105,20.003730313061,0.0001106389972846955,0.1511096954345703,True
569,53,5.648042700886609,0.00011302900020382367,0.15114784240722656,True
570,152,8.305919616787309,0.00012146899825893342,0.1511554718017578,True
571,2,2.714838568795389,0.00012323400005698204,0.15104103088378906,True
572,53,8.329377467816816,0.00017785499949241057,0.15110206604003906,True
573,182,9.79993543642107,0.00012102000255254097,0.15122413635253906,True
574,71,10.46256251468856,0.00011721800183295272,0.1510639190673828,True
575,137,11.45683116268721,0.00011176899715792388,0.15110206604003906,True
576,83,8.977349843336846,0.00011076699956902303,0.15113258361816406,True
577,121,8.769212530839699,0.00010774600013974123,0.15104103088378906,True
578,167,3.404430742887533,0.00011095399895566516,0.1510944366455078,True
579,139,10.807517991796075,0.00011678699956974015,0.1512165069580078,True
580,94,24.06559831986259,0.00012733100084005855,0.1512165069580078,True
581,149,9.053042882424599,0.00011099699986516498,0.15110206604003906,True
582,144,11.829818798344265,0.00011877900033141486,0.15119361877441406,True
583,110,17.38719909348874,0.00012846500248997472,0.15113258361816406,True
584,132,12.024654485487622,0.00011222499961149879,0.1511096954345703,True
585,76,4.29860940732485,0.00011187499694642611,0.1511096954345703,True
586,172,4.3576065281362,0.00011300899859634228,0.1511249542236328,True
587,81,5.799398458128895,0.0001165430003311485,0.15119361877441406,True
588,185,13.455569428774426,0.00011636600174824707,0.1511859893798828,True
589,114,6.563719502756545,0.00011777100007748231,0.15122413635253906,True
590,102,6.690622307632531,0.00010679900151444599,0.15102577209472656,True
591,90,4.151922097624997,0.00011293299758108333,0.15105628967285156,True
592,195,24.396599979347553,0.00013010000111535192,0.1512012481689453,True
593,76,5.693194828882019,0.00011907400039490312,0.15116310119628906,True
594,149,6.761371557018863,0.00011627999992924742,0.1511249542236328,True
595,107,6.308888784176291,0.00011225100024603307,0.1510639190673828,True
596,121,21.899379066668285,0.00011530600022524595,0.15117835998535156,False
597,0,7.946271475252637,0.00011640400043688715,0.1512470245361328,True
598,49,14.186784479128127,0.00011296299999230541,0.1509876251220703,True
599,53,5.97654177525318,0.0001308110004174523,0.1511249542236328,True
600,50,15.397384591511567,0.00011361599899828434,0.1510791778564453,True
601,63,3.943466627070753,0.00011607199849095196,0.1511554718017578,True
602,74,12.043918754081965,0.00015931300004012883,0.15125465393066406,False
603,71,9.886904472955726,0.00010958099665003829,0.15107154846191406,True
604,0,6.951374368318698,0.00012277399946469814,0.15133094787597656,True
605,159,6.594323296910364,0.0001110439989133738,0.15110206604003906,True
606,152,10.004771581919941,0.00014286299847299233,0.1511707305908203,True
607,199,23.74030099218659,0.00011846900088130496,0.15120887756347656,True
608,102,5.034558756383757,0.0001327070021943655,0.1510486602783203,True
609,177,2.809745743482965,0.00011311100024613552,0.15113258361816406,True
610,150,8.493823804543103,0.00011820099825854413,0.15120887756347656,True
611,78,2.5465535770823338,0.0001132159995904658,0.15113258361816406,True
612,81,12.04198754134821,0.00012405899906298146,0.15128517150878906,True
613,111,17.45755734254725,0.0001250260029337369,0.1512165069580078,False
614,111,7.774883451809288,0.00012642000001505949,0.15119361877441406,True
615,174,6.213011835827807,0.00013503800073522143,0.15113258361816406,True
616,81,13.858429622008547,0.0001395090002915822,0.1513080596923828,False
617,174,4.440761549809701,0.00011541699859662913,0.1510944366455078,True
618,122,10.963784507574744,0.0001199589969473891,0.15110206604003906,True
619,121,8.84945242772853,0.00011657799768727273,0.15108680725097656,True
620,160,8.044774903600636,0.00011614899995038286,0.1511859893798828,True
621,67,23.739905601163528,0.00011156400069012307,0.15113258361816406,True
622,87,6.2363638469558715,0.00012517499999376014,0.15110206604003906,True
623,20,18.6387189088848,0.0001332950014329981,0.15113258361816406,True
624,107,3.125070030153142,0.00010667600145097822,0.1509723663330078,True
625,76,6.419764917608663,0.00012108299779356457,0.1511554718017578,True
626,13,26.699640292426917,0.00021352399926399812,0.1512317657470703,True
627,198,26.68352633912059,0.0001278730014746543,0.1511554718017578,True
628,113,3.7744767468758953,0.00012780299948644824,0.1510944366455078,True
629,142,27.072857725792158,0.0001166219990409445,0.1512317657470703,True
630,24,3.2273262709402246,0.00010917899999185465,0.15108680725097656,True
631,95,2.737523715844952,0.00010995100092259236,0.15108680725097656,True
632,0,10.323586138381366,0.00012080899978172965,0.1512012481689453,True
633,49,23.07699398332066,0.00013192600090405904,0.15116310119628906,True
634,164,14.10661157682065,0.00012667400005739182,0.1513080596923828,False
635,52,4.982516036655618,0.00010596300126053393,0.1509876251220703,True
636,137,5.28925023290435,0.00011353500303812325,0.1511249542236328,True
637,37,6.660365504653987,0.00011314499715808779,0.15107154846191406,True
638,141,14.459199903036913,0.0001112060017476324,0.1511249542236328,True
639,110,10.985772125644218,0.00012050700024701655,0.15107154846191406,True
640,86,5.122375891123648,0.00010822599870152771,0.1510486602783203,True
641,156,7.063635071064953,0.0001273950001632329,0.15117835998535156,True
642,141,24.842855578083647,0.00011676400026772171,0.15116310119628906,False
643,137,9.636296979935535,0.00011716999870259315,0.1510791778564453,True
644,63,3.6548845221249517,0.00011323999933665618,0.15114784240722656,True
645,68,14.17876213330081,0.00011604900282691233,0.15117835998535156,False
646,121,10.771076335274307,0.0001236059979419224,0.1510944366455078,True
647,176,3.0297426215339063,0.00013432899868348613,0.1511859893798828,True
648,160,1.8712374912877252,0.00010621000183164142,0.15101051330566406,True
649,180,16.46972511911826,0.00011600299694691785,0.15119361877441406,True
650,119,17.874799813125474,0.00010827399819390848,0.15105628967285156,True
651,180,13.369163555751225,0.00011313400318613276,0.1511249542236328,True
652,38,17.9646225686478,0.0001287890008825343,0.15111732482910156,True
653,53,6.251813012921101,0.00011971299682045355,0.1511707305908203,True
654,174,4.728407394244299,0.0003432379999139812,0.1511402130126953,True
655,79,36.9893392270772,0.00013453400242724456,0.15122413635253906,True
656,28,4.779986481368485,0.00011120500130346045,0.1510944366455078,True
657,137,8.346393103008538,0.00011445500058471225,0.1511707305908203,True
658,182,6.31800425089169,0.00012378500105114654,0.15117835998535156,True
659,53,7.521010989629008,0.0001188669994007796,0.15111732482910156,True
660,183,20.62278729852167,0.00012571999832289293,0.1512775421142578,False
661,196,11.578716249333405,0.00011493399870232679,0.1510639190673828,True
662,176,4.453831066189003,0.000122200002806494,0.15116310119628906,True
663,139,11.749484998808331,0.00012145299842813984,0.1511402130126953,True
664,179,7.613930615963446,0.0001188690002891235,0.15113258361816406,True
665,15,8.217972621050134,0.00011232399992877617,0.1510791778564453,True
666,23,4.935140143320361,0.00012021200018352829,0.15099525451660156,True
667,166,12.067015164619239,0.00012316799984546378,0.15113258361816406,True
668,134,2.780868023309884,0.00012157200035289861,0.15105628967285156,True
669,110,13.654431781366508,0.00011893999908352271,0.15114784240722656,True
670,27,4.021114818383459,0.0001142170003731735,0.15105628967285156,True
671,29,10.430993078052273,0.00011481399997137487,0.1510791778564453,True
672,158,26.833726428035277,0.00011655799971777014,0.15111732482910156,True
673,160,4.40153806248184,0.000108788997749798,0.15107154846191406,True
674,62,15.033617156534419,0.00011438799992902204,0.15116310119628906,True
675,20,10.9905258689428,0.00011823299792013131,0.15097999572753906,True
676,145,23.127540138170712,0.0001366260003123898,0.15119361877441406,False
677,125,5.9436009534000895,0.00011350000204402022,0.15116310119628906,True
678,27,7.001056982633469,0.00011440800153650343,0.1511859893798828,True
679,185,11.037562223209616,0.00011160900248796679,0.1510791778564453,True
680,27,8.088665453934707,0.00012139099999330938,0.1511402130126953,True
681,51,15.16006339068248,0.0001367229997413233,0.15137672424316406,True
682,141,27.833220361736615,0.0001147700022556819,0.1512012481689453,False
683,0,4.891997406532516,0.00014700299652758986,0.15133094787597656,True
684,24,13.699610901502059,0.0001145329988503363,0.15117835998535156,False
685,185,11.662698731185559,0.00013677099923370406,0.15111732482910156,True
686,188,23.863534528714283,0.00011682699914672412,0.15114784240722656,True
687,170,15.402752365169306,0.00011872600225615315,0.1512317657470703,True
688,30,3.8257309161404844,0.00010932099758065306,0.15101051330566406,True
689,127,3.745584683004902,0.00011131700011901557,0.1511096954345703,True
690,107,3.5147560675868443,0.00012038400018354878,0.1509876251220703,True
691,19,9.127800894537716,0.00012286600031075068,0.15120887756347656,True
692,148,10.58546843501072,0.00010943099914584309,0.15104103088378906,True
693,70,1.4516063348318995,0.00012524799967650324,0.1510486602783203,True
694,125,3.9519119377986534,0.0001147619987023063,0.1510791778564453,True
695,174,4.9369168803945005,0.00011427599747548811,0.15107154846191406,True
696,141,16.589997195035664,0.00011982000069110654,0.15117835998535156,True
697,121,10.672357482734197,0.00011739500041585416,0.1510944366455078,True
698,157,7.203383607165853,0.00013389500236371532,0.15099525451660156,True
699,148,14.593733627340606,0.0001141479988291394,0.15113258361816406,True
700,119,23.797918994029942,0.00011371700020390563,0.15104103088378906,True
701,116,13.357768591286623,0.00013092999870423228,0.15116310119628906,True
702,136,23.091543282607375,0.00012327500007813796,0.15123939514160156,True
703,174,4.225811089803562,0.00012983600026927888,0.1511402130126953,True
704,159,16.246908375437897,0.00015640199853805825,0.15123939514160156,True
705,90,11.29882843595308,0.00023848199998610653,0.15111732482910156,True
706,103,12.141859242057482,0.00011960199844907038,0.1511402130126953,True
707,174,3.7713337010611085,0.00012379899999359623,0.15113258361816406,True
708,28,12.342120676951135,0.00012048200005665421,0.1511859893798828,True
709,19,8.433378371056115,0.00011776400060625747,0.1511402130126953,True
710,174,6.905626221134562,0.00015053499737405218,0.1511707305908203,True
711,137,12.256193011123703,0.00011720900147338398,0.15113258361816406,True
712,160,9.731414717670111,0.00012543900083983317,0.1513385772705078,False
713,120,13.245781837662934,0.00011812700176960789,0.15117835998535156,True
714,61,10.633115013038747,0.00010874399958993308,0.15108680725097656,True
715,158,7.73412550758266,0.00010475399903953075,0.1509723663330078,True
716,30,5.8074022620724355,0.00011219999942113645,0.1510639190673828,True
717,130,13.401899324208788,0.0001108899996324908,0.1510334014892578,True
718,36,19.543410075888588,0.00010817799920914695,0.15105628967285156,True
719,15,15.556687139050466,0.00011551699935807846,0.15119361877441406,True
720,64,25.418535962181593,0.00013148099969839677,0.15117835998535156,True
721,126,21.469824428068716,0.00011606699990807101,0.15114784240722656,True
722,169,1.8826928174260351,0.00011323299986543134,0.1510944366455078,True
723,155,9.899269110240564,0.00011328799882903695,0.1511096954345703,True
724,178,4.546792733114415,0.0001228219989570789,0.1511554718017578,True
725,37,8.32357221004628,0.00011610900037339889,0.1511707305908203,True
726,132,19.565763660175023,0.0001185549990623258,0.1511707305908203,True
727,98,23.160106396097706,0.00011372600056347437,0.15107154846191406,True
728,28,3.231547119676534,0.00011060299948439933,0.15105628967285156,True
729,130,29.578774177178502,0.00011413099855417386,0.1511402130126953,True
730,17,6.007181057155153,0.0001144660018326249,0.15110206604003906,True
731,80,6.264830957443844,0.00011350800195941702,0.15114784240722656,True
732,41,5.965505431326029,0.00011052800255129114,0.1510791778564453,True
733,111,11.048946725823647,0.00011491300028865226,0.1511096954345703,True
734,134,7.243486134326478,0.00012238899944350123,0.15123939514160156,True
735,120,9.796559391640134,0.00012903300012112595,0.15113258361816406,True
736,66,34.349158695822176,0.00011335800081724301,0.1512317657470703,False
737,174,3.6037515211635993,0.00012286900164326653,0.1511096954345703,True
738,52,9.81707308011239,0.0001278000017919112,0.15111732482910156,True
739,87,7.57457538012,0.00011968200124101713,0.1511249542236328,True
740,107,3.233655549245648,0.00011785100286942907,0.15097999572753906,True
741,15,6.486377621846066,0.00011148399789817631,0.15101051330566406,True
742,156,8.612261427667475,0.00014559600094798952,0.1511859893798828,True
743,112,12.36666285086055,0.00012637200052267872,0.1512317657470703,True
744,20,17.75460620010606,0.00010863200077437796,0.15102577209472656,True
745,125,3.3497496921210534,0.00011279899990768172,0.15101051330566406,True
746,75,3.6198662491858316,0.00011324700244585983,0.15116310119628906,True
747,20,11.976792095451145,0.00010971300071105361,0.1510334014892578,True
748,28,5.26589263150993,0.00011994499800493941,0.1511249542236328,True
749,8,8.672099748908227,0.00011012799950549379,0.1510028839111328,True
750,28,4.578015967963146,0.00011145300231873989,0.15110206604003906,True
751,182,3.906027506087562,0.0001174689969047904,0.15119361877441406,True
752,159,11.016933992319252,0.00011523300054250285,0.15116310119628906,True
753,65,3.346063724457423,0.00011479199747554958,0.15116310119628906,True
754,115,7.3230081301027905,0.00012346500079729594,0.15116310119628906,True
755,58,17.489733322757562,0.00011852700117742643,0.15111732482910156,True
756,174,11.323992245285632,0.00012226100079715252,0.15122413635253906,True
757,63,3.3996536994516617,0.00012263899770914577,0.15111732482910156,True
758,95,6.386845804441788,0.00015206200259854086,0.1512012481689453,True
759,184,6.463633711243403,0.00012333099948591553,0.15110206604003906,True
760,125,7.6007518694906695,0.00011852099851239473,0.1512470245361328,True
761,77,6.929099316136308,0.00011363700104993768,0.1511402130126953,True
762,49,15.101700115831754,0.00011294100113445893,0.1510791778564453,True
763,65,3.1523731309696212,0.00011388499842723832,0.15116310119628906,True
764,121,11.01676639310458,0.00010921899956883863,0.1510791778564453,True
765,113,4.278048509671587,0.00012293699910514988,0.15116310119628906,True
766,155,10.186793110591497,0.00011102799908258021,0.1510944366455078,True
767,139,17.144206179621968,0.00011511300181155093,0.1512012481689453,True
768,32,7.7227587217488844,0.00012522600081865676,0.15113258361816406,True
769,192,23.644815865868367,0.00010785600170493126,0.15104103088378906,True
770,113,4.641701322759866,0.00014134800221654586,0.15114784240722656,True
771,61,5.6875606772963145,0.00012576200242619962,0.15105628967285156,True
772,87,12.507339046892513,0.00012695400073425844,0.1511402130126953,True
773,169,1.2792559296090529,0.00011657900176942348,0.1510639190673828,True
774,112,14.048316688850946,0.00013003400090383366,0.1512012481689453,True
775,147,7.389265021143522,0.00018697199993766844,0.1511249542236328,True
776,130,11.153203281819195,0.00019863300258293748,0.1511096954345703,True
777,25,19.496793791120606,0.00011442300092312507,0.1510944366455078,True
778,39,5.8839711228666,0.00013050400229985826,0.15119361877441406,True
779,23,5.219870378488866,0.00014178200217429549,0.1509876251220703,True
780,68,2.034677784554892,0.00011155900210724212,0.15097999572753906,True
781,96,20.732039163333834,0.00013093500092509203,0.1511707305908203,True
782,20,25.430034172456647,0.00011691399777191691,0.15110206604003906,True
783,24,3.5515998294698328,0.0001222179998876527,0.1512012481689453,True
784,15,10.561174268907816,0.000123310001072241,0.1511554718017578,True
785,195,15.303363932391287,0.00010961800217046402,0.1510639190673828,True
786,59,12.78878620192845,0.0001178559978143312,0.15123939514160156,False
787,107,4.535197864132693,0.00010481900244485587,0.15099525451660156,True
788,177,6.5222254775649935,0.0001246979991265107,0.15125465393066406,True
789,196,21.8387823892188,0.00011404000179027207,0.1511402130126953,True
790,89,2.6438196438360384,0.00011844400069094263,0.15125465393066406,True
791,160,7.430074407468045,0.00011370799984433688,0.1511402130126953,True
792,156,5.504612340043293,0.00011904599887202494,0.1512317657470703,True
793,126,5.969361850189287,0.00011172399899805896,0.15108680725097656,True
794,56,9.962645787805847,0.00013034600124228746,0.1510639190673828,True
795,172,8.747145697993982,0.00011540800187503919,0.1511707305908203,True
796,56,7.268743425230753,0.00010844099961104803,0.15107154846191406,True
797,117,20.896943818661196,0.00010851199840544723,0.15105628967285156,True
798,168,3.7795079358744674,0.00011582599836401641,0.15119361877441406,True
799,27,1.5840663155613168,0.0001111250021494925,0.15099525451660156,True
800,141,10.293100319381223,0.00012064700058544986,0.15108680725097656,True
801,19,11.094222471423983,0.00014133900185697712,0.15122413635253906,True
802,174,2.531179429281826,0.00011545700181159191,0.1511707305908203,True
803,178,7.025584445061453,0.0001225300002261065,0.1512470245361328,True
804,186,8.714963467374805,0.0001156210018962156,0.15122413635253906,True
805,120,9.773260961279352,0.00011381600052118301,0.15114784240722656,True
806,184,6.951440587060243,0.00011035599891329184,0.1511096954345703,True
807,56,2.62265040461274,0.0001085639996745158,0.1510028839111328,True
808,74,26.661985960535876,0.00012355799844954163,0.1513080596923828,False
809,113,4.535678060182781,0.0001329929982603062,0.15114784240722656,True
810,66,23.45047241906062,0.00012591500126291066,0.1512928009033203,False
811,190,12.436596486575091,0.00011575999815249816,0.15113258361816406,True
812,97,5.079060073501083,0.00011587600238271989,0.15110206604003906,True
813,143,12.82079108533915,0.000115075999929104,0.15113258361816406,True
814,20,13.359485958751565,0.00011378799899830483,0.1510028839111328,True
815,76,6.251629092653489,0.0001119599983212538,0.1510944366455078,True
816,34,5.516594705814174,0.00011183899914612994,0.15114784240722656,True
817,155,19.71907267427631,0.00013382900215219706,0.1511249542236328,True
818,121,17.32700970204892,0.00012147400047979318,0.1512165069580078,True
819,43,18.385714751243327,0.0001271190012630541,0.1512928009033203,False
820,170,16.28101127312602,0.00012976600191905163,0.15116310119628906,True
821,140,2.61060867066024,0.00011471200195956044,0.1510944366455078,True
822,152,10.396701990014046,0.00026396099929115735,0.1512012481689453,True
823,127,8.658121662430796,0.0001327499994658865,0.1511707305908203,True
824,45,9.936069618084069,0.0001160930005426053,0.15111732482910156,True
825,158,19.4483575760722,0.00011147300028824247,0.1511249542236328,True
826,187,15.662591203878211,0.00012245000107213855,0.1511249542236328,True
827,196,9.513501280992314,0.00011683099728543311,0.15108680725097656,True
828,69,10.665933521269112,0.0001190350012620911,0.15113258361816406,True
829,132,11.626799047082288,0.0001199589969473891,0.1510791778564453,True
830,185,4.844490782550493,0.0001063859999703709,0.1509876251220703,True
831,97,7.331374742321508,0.0001191180017485749,0.1510944366455078,True
832,94,17.167977870668732,0.00011503200221341103,0.15113258361816406,True
833,198,28.55767236588049,0.00011759700282709673,0.15117835998535156,True
834,37,9.43548396478474,0.000121903998660855,0.15114784240722656,True
835,6,10.92571265610628,0.00011812400043709204,0.15126991271972656,True
836,132,11.033205276732867,0.00011827199705294333,0.1510944366455078,True
837,56,4.700323191186648,0.00010805399870150723,0.1510639190673828,True
838,19,8.648628837499889,0.00011588800043682568,0.1511554718017578,True
839,107,5.24906234264849,0.00010643300265655853,0.15096473693847656,True
840,19,11.34002030245856,0.00011815499965450726,0.15120887756347656,True
841,43,12.615468360843048,0.00012002800212940201,0.1512775421142578,False
842,144,5.804116746340036,0.00014995800302131101,0.15111732482910156,True
843,54,4.8137069399823025,0.00012428800255293027,0.15117835998535156,True
844,74,14.174124711503223,0.00013241900160210207,0.15131568908691406,False
845,111,7.838369806697449,0.00011355300011928193,0.15113258361816406,True
846,111,10.504567884635438,0.00011320099656586535,0.1511707305908203,True
847,3,5.564870494644174,0.0001188730020658113,0.15122413635253906,True
848,125,6.298040524192192,0.00010887499956879765,0.1510639190673828,True
849,166,8.700358771736969,0.00011525800073286518,0.1511402130126953,True
850,72,9.425354032842357,0.0001121239984058775,0.15110206604003906,True
851,16,11.917573990300998,0.00013322900122147985,0.15117835998535156,True
852,189,6.259070564325316,0.0001144519992521964,0.15111732482910156,True
853,155,9.608285218151355,0.00011744099901989102,0.1512165069580078,False
854,97,5.89881610033255,0.0001230609996127896,0.1512165069580078,True
855,183,4.791284676964559,0.00011371100117685273,0.1510791778564453,True
856,36,16.77842167076304,0.00011547800022526644,0.15116310119628906,True
857,174,6.530998373401701,0.00013143999967724085,0.1512165069580078,True
858,196,7.890185417999663,0.00011195200204383582,0.1510486602783203,True
859,27,5.435671220452761,0.0001106630006688647,0.1510639190673828,True
860,179,5.892086910811607,0.00012596200031111948,0.15114784240722656,True
861,160,2.4675567248703434,0.00011375000030966476,0.1510181427001953,True
862,54,6.166846240809084,0.00019435899957898073,0.15123939514160156,True
863,54,5.621462387349613,0.0001249009983439464,0.15117835998535156,True
864,83,11.979990928380637,0.00013108599887345918,0.15120887756347656,True
865,115,19.12138260646231,0.00012127900117775425,0.15120887756347656,True
866,86,5.456154453554863,0.0001098769971576985,0.1510791778564453,True
867,112,7.558768789302319,0.00011938200259464793,0.15111732482910156,True
868,101,10.565961683047478,0.00013781199959339574,0.15110206604003906,True
869,158,12.341043788441645,0.00010782000026665628,0.15104103088378906,True
870,139,6.545366069116765,0.0001102759997593239,0.15110206604003906,True
871,76,6.637684951379625,0.00011156699838466011,0.15111732482910156,True
872,38,8.63146489885654,0.00012193600196042098,0.15102577209472656,True
873,112,10.1738480669834,0.00011379699935787357,0.1512165069580078,True
874,108,27.20090109265499,0.0001260760000150185,0.1512928009033203,False
875,184,3.65376615954025,0.0001112080026359763,0.1511096954345703,True
876,110,12.618895739393578,0.0001162449989351444,0.15114784240722656,True
877,62,31.794247044356965,0.00011590199937927537,0.1512012481689453,False
878,81,3.895921923117757,0.00011100900155724958,0.1511402130126953,True
879,179,7.340833894788713,0.0001161600011982955,0.1511402130126953,True
880,116,4.613372051689806,0.000129031999676954,0.15108680725097656,True
881,63,3.7397133597636163,0.00012295399938011542,0.15117835998535156,True
882,138,6.2801060725282944,0.00011318600081722252,0.1511402130126953,True
883,20,9.392224835682121,0.00011296599768684246,0.1509876251220703,True
884,56,7.218425208619031,0.00011187800191692077,0.1510944366455078,True
885,86,9.987688036873658,0.00011629900109255686,0.15120887756347656,True
886,73,10.312913916417184,0.00011419399743317626,0.15117835998535156,True
887,109,3.6748157544926854,0.00011177600026712753,0.15108680725097656,True
888,88,8.859699165026223,0.00012041800073347986,0.15116310119628906,True
889,194,2.6591198353345,0.00011450899910414591,0.1511707305908203,True
890,11,4.441245438924336,0.00011318199904053472,0.15107154846191406,True
891,34,4.82914634054525,0.00011680900206556544,0.1511249542236328,True
892,31,38.216521101819964,0.0001306000012846198,0.1513080596923828,True
893,174,5.0028906284009365,0.00011209300282644108,0.15110206604003906,True
894,183,7.905369907317966,0.00011555399760254659,0.15110206604003906,True
895,12,6.866819755535222,0.00012316100037423894,0.1512470245361328,True
896,196,18.13418873936222,0.00011551500210771337,0.1510944366455078,True
897,148,11.048468689157113,0.000110577999294037,0.1510486602783203,True
898,193,12.352958562321493,0.00012605799929588102,0.1511402130126953,True
899,12,6.581613870388066,0.00012866199904237874,0.1512165069580078,True
900,87,4.527364033115539,0.00012149699978181161,0.15097999572753906,True
901,174,5.055812921617431,0.0001078730019798968,0.15105628967285156,True
902,198,27.348337925649012,0.00013202699847170152,0.1511859893798828,True
903,157,26.519107208243316,0.00011189200085937046,0.1511096954345703,True
904,142,10.80573246175146,0.0001146829999925103,0.15110206604003906,True
905,11,9.745958971942132,0.00011511399861774407,0.15117835998535156,True
906,4,9.913374670664407,0.0001157770020654425,0.1511859893798828,True
907,61,3.268432295613572,0.0001087160017050337,0.15105628967285156,True
908,79,10.376424404795946,0.0001135400016210042,0.15114784240722656,True
909,11,11.186168637361957,0.0001149140007328242,0.1511707305908203,True
910,25,32.929136707087665,0.00011668899969663471,0.1512165069580078,False
911,155,6.085352238818595,0.00012253899694769643,0.1510791778564453,True
912,4,7.817331263995148,0.00011401600204408169,0.1511554718017578,True
913,88,7.946152469155553,0.00010845300130313262,0.15107154846191406,True
914,120,15.682457909991967,0.00012088700168533251,0.15113258361816406,True
915,66,5.22900088552643,0.00011435700071160682,0.15107154846191406,True
916,129,5.1891663235210235,0.00011816200276371092,0.15111732482910156,True
917,156,8.565566417214498,0.00013441999908536673,0.1511859893798828,True
918,85,18.390418663895083,0.00013861500337952748,0.1512165069580078,True
919,198,15.393603890710969,0.0001101139969250653,0.15110206604003906,True
920,107,4.416387469961089,0.00010475799717823975,0.15099525451660156,True
921,111,7.795320888930925,0.00011418999929446727,0.1511096954345703,True
922,114,5.68444529157152,0.00027770000087912194,0.15122413635253906,True
923,20,20.563070678717185,0.00011123900185339153,0.1511096954345703,True
924,80,9.427920900230983,0.00012101899847039022,0.1512775421142578,False
925,68,9.2905538714541,0.00011865199849125929,0.15120887756347656,True
926,11,9.012108824778092,0.00012346899893600494,0.15120887756347656,True
927,80,4.095862672714089,0.0001111980018322356,0.1511096954345703,True
928,118,18.282829517367507,0.00011639000149443746,0.1511554718017578,False
929,72,7.2929338874121274,0.00012409099872456864,0.15113258361816406,True
930,155,9.482943977834282,0.00011589200221351348,0.1511096954345703,True
931,159,13.288443997413474,0.0001167050031654071,0.15122413635253906,True
932,3,8.569056727516928,0.0001220640006067697,0.15123939514160156,True
933,111,11.916832248933314,0.00012226399849168956,0.1511554718017578,True
934,23,6.088893428393638,0.00011216400162084028,0.15102577209472656,True
935,148,5.9411923269367515,0.00012728900037473068,0.1510334014892578,True
936,129,7.377022555123261,0.00015078599972184747,0.15110206604003906,True
937,198,24.432511532804916,0.00011865099804708734,0.1512165069580078,True
938,155,15.21171569122798,0.00011988700134679675,0.1511554718017578,True
939,17,7.997346997131291,0.00011727899982361123,0.15114784240722656,True
940,37,3.784127960418842,0.00011210400043637492,0.15102577209472656,True
941,157,6.272662542231422,0.00010450099944137037,0.15097999572753906,True
942,33,36.42235741787434,0.00015533800251432694,0.1512317657470703,False
943,5,10.235556478750423,0.00014416400154004805,0.1511707305908203,True
944,118,4.475547645725124,0.00011076199734816328,0.1510944366455078,True
945,118,7.046722066594164,0.00012815000081900507,0.15116310119628906,True
946,15,18.431011243038547,0.00011675399946398102,0.1510944366455078,True
947,58,27.574430031502807,0.00011898500088136643,0.1512317657470703,False
948,182,3.17782342936438,0.00013511599900084548,0.15122413635253906,True
949,143,12.683053100085896,0.00012489700020523742,0.1512165069580078,True
950,141,17.30395836672454,0.00011420600276323967,0.1511402130126953,True
951,10,38.15985603564082,0.0001296580012422055,0.15134620666503906,False
952,59,9.67691419395456,0.00011420800001360476,0.15114784240722656,True
953,137,3.645244728612068,0.00012064099792041816,0.1510334014892578,True
954,37,4.863723914772418,0.00012433800293365493,0.15114784240722656,True
955,65,3.7099770641205745,0.000115304999781074,0.15113258361816406,True
956,15,5.355126571365831,0.00010903499787673354,0.15102577209472656,True
957,138,7.838321252141865,0.0001235939998878166,0.15120887756347656,True
958,5,8.34770600297144,0.0001299539981118869,0.1511707305908203,True
959,180,11.613533147967859,0.0001130720011133235,0.15111732482910156,True
960,20,24.879082819651835,0.0001143810004577972,0.1511096954345703,True
961,148,9.07340923130662,0.00011801499931607395,0.1510791778564453,True
962,177,8.059161266052564,0.00014755400115973316,0.15128517150878906,True
963,164,18.54731278146879,0.0001316109992330894,0.1513843536376953,False
964,178,4.257468503756546,0.00011514400102896616,0.1511554718017578,True
965,90,7.451975728717824,0.0001264929996978026,0.1510791778564453,True
966,114,7.223559641141252,0.00012123999840696342,0.1512317657470703,True
967,102,18.15801925745345,0.000125332000607159,0.15126991271972656,False
968,148,7.348915545479472,0.00011892099792021327,0.1511249542236328,True
969,132,10.157036789780166,0.00012866399993072264,0.1511402130126953,True
970,20,9.517612729238776,0.0001132809993578121,0.15097999572753906,True
971,66,25.1595100441315,0.00012682699889410287,0.15128517150878906,False
972,141,21.450939868670712,0.00013831199976266362,0.15120887756347656,True
973,70,1.424104189272638,0.00011789500058512203,0.1510791778564453,True
974,137,5.546086239748894,0.00012479599899961613,0.1511249542236328,True
975,114,9.705157288727444,0.00011582599836401641,0.15125465393066406,True
976,71,7.489126788938357,0.00010843099880730733,0.15104103088378906,True
977,83,8.208778392794935,0.00011825200272141956,0.15110206604003906,True
978,89,3.3019793020350785,0.00012825899830204435,0.15133094787597656,True
979,107,3.1857514283189405,0.00010603500049910508,0.15099525451660156,True
980,143,11.328581763809728,0.00011555899982340634,0.1511707305908203,True
981,83,9.742445809915173,0.00011490099859656766,0.15113258361816406,True
982,127,10.148648270666742,0.00012818400136893615,0.1511096954345703,True
983,134,2.777141270004246,0.00011394000102882273,0.1511707305908203,True
984,37,11.964648015312957,0.00011473999984445982,0.15117835998535156,True
985,22,21.943186233705,0.00011204000111320056,0.1511249542236328,True
986,20,6.704038248996406,0.00010431299961055629,0.1509876251220703,True
987,104,6.060225548392494,0.00011391799853299744,0.15116310119628906,True
988,174,3.9403603840072345,0.00011370100037311204,0.15113258361816406,True
989,182,5.284773278780132,0.0001112669997382909,0.1511402130126953,True
990,59,10.288686298599426,0.00011645799895632081,0.15119361877441406,True
991,114,4.608046504474729,0.0001273359994229395,0.1512165069580078,True
992,53,6.179753998295622,0.00010972399832098745,0.15108680725097656,True
993,112,13.321976279887657,0.00011566900138859637,0.1511707305908203,True
994,102,7.110508274582835,0.00011769099728553556,0.15104103088378906,True
995,19,8.70740173726041,0.0001172600022982806,0.1511402130126953,True
996,86,14.507428932416513,0.00012631799836526625,0.1512317657470703,False
997,103,13.311355778585162,0.00011642700337688439,0.1511249542236328,True
998,152,20.181068048742556,0.0001242159996763803,0.1512165069580078,True
999,127,3.5991449287671697,0.00011400500079616904,0.1510639190673828,True
1000,170,13.867902572504669,0.00011686699872370809,0.1512165069580078,True
1001,177,7.475742568254888,0.00011599299978115596,0.15119361877441406,True
1002,5,7.574242521830082,0.00012013900050078519,0.1512012481689453,True
1003,55,7.341220728789246,0.0001460189996578265,0.1512470245361328,True
1004,125,37.06070251867625,0.00011971099957008846,0.1513080596923828,False
1005,155,10.039295667614347,0.00013047800166532397,0.15108680725097656,True
1006,47,20.83255134172298,0.00011977300164289773,0.1512165069580078,False
1007,0,16.12931332438116,0.00014012400060892105,0.15142250061035156,False
1008,70,2.1769074043578245,0.00011417400310165249,0.1511249542236328,True
1009,84,3.6757539415889657,0.00011389399878680706,0.1510639190673828,True
1010,141,34.79545499023456,0.00012239200077601708,0.1512012481689453,True
1011,6,5.531134293966219,0.0001239989978785161,0.1511859893798828,True
1012,169,1.9341166925080862,0.00011764299779315479,0.1510944366455078,True
1013,136,20.126117507320313,0.00013213700003689155,0.1513233184814453,True
1014,173,3.0931942198151434,0.00010705100066843443,0.1510791778564453,True
1015,136,25.74971499360771,0.00012699299986707047,0.1512012481689453,True
1016,63,3.4616564345917977,0.00015941899982863106,0.1510791778564453,True
1017,134,7.2772635480765855,0.00011448800069047138,0.1511859893798828,True
1018,107,3.1977619530704833,0.00010521999865886755,0.15097999572753906,True
1019,182,9.043426810700998,0.00011757900210795924,0.1512165069580078,True
1020,184,12.028561498722079,0.00013197500084061176,0.15125465393066406,False
1021,143,7.672307355913693,0.0003269119988544844,0.1511707305908203,True
1022,193,16.351548614843967,0.00011808999988716096,0.1512317657470703,True
1023,5,6.677843650610257,0.00012110300303902477,0.15116310119628906,True
1024,90,7.194966903548046,0.00011264500062679872,0.15107154846191406,True
1025,39,21.746288308860453,0.00017495499923825264,0.1512470245361328,True
1026,44,28.754873348306976,0.00014765699961571954,0.1512012481689453,False
1027,108,6.9140090995663055,0.0001121360000979621,0.1510334014892578,True
1028,86,7.327625313808152,0.00011046699728467502,0.1511096954345703,True
1029,53,7.4658460102815125,0.00011575299868127331,0.15116310119628906,True
1030,165,25.761546005803616,0.00012556099682115018,0.15110206604003906,True
1031,160,1.6127403191036556,0.00011039699893444777,0.15104103088378906,True
1032,127,13.2429098992439,0.00012001800132566132,0.1512622833251953,False
1033,62,13.280237075716942,0.0001127379982790444,0.1511402130126953,True
1034,20,8.706712675760228,0.00010287400073138997,0.15094947814941406,True
1035,20,12.384389673854418,0.00010602499969536439,0.1510181427001953,True
1036,111,10.619985129718083,0.00013504600065061823,0.1512317657470703,False
1037,139,22.281078459521623,0.00011881199679919519,0.1512165069580078,True
1038,126,30.844351288317814,0.00012629199773073196,0.15122413635253906,True
1039,21,11.574159625094904,0.00012119800157961436,0.1512622833251953,False
1040,126,7.717641443275415,0.00012747299842885695,0.15108680725097656,True
1041,176,1.348861405337536,0.0001187230009236373,0.1511249542236328,True
1042,142,27.98932049643148,0.00012844400043832138,0.15126991271972656,True
1043,16,13.314234237914626,0.00013622900223708712,0.15117835998535156,False
1044,53,4.44615547864076,0.00011069899846916087,0.1510639190673828,True
1045,11,7.090846057191058,0.00011784800153691322,0.1510791778564453,True
1046,89,3.9538796919762023,0.00011954700312344357,0.1512317657470703,True
1047,48,20.273917957465315,0.00011065800208598375,0.15108680725097656,True
1048,113,5.596919721970329,0.00011381300282664597,0.15114784240722656,True
1049,77,10.832931274808754,0.00011366900071152486,0.15114784240722656,True
1050,53,5.899754472854409,0.00011070300024584867,0.1510486602783203,True
1051,142,21.819491985587625,0.00011432300016167574,0.1512317657470703,True
1052,182,7.263698190481072,0.00011767400064854883,0.1512012481689453,True
1053,132,12.907298574611481,0.00011418799840612337,0.15111732482910156,True
1054,172,5.856062676674974,0.00011286600056337193,0.1511402130126953,True
1055,114,5.705457324031009,0.00011762799840653315,0.15120887756347656,True
1056,168,8.804124654299207,0.00012265499753993936,0.1513233184814453,True
1057,191,13.456038663104142,0.00012715100092464127,0.15111732482910156,True
1058,182,3.352748623097393,0.00011977199756074697,0.1512012481689453,True
1059,173,1.99230672798541,0.0003240449987060856,0.15105628967285156,True
1060,15,7.469041187816185,0.0002814330000546761,0.15107154846191406,True
1061,101,16.030589392615724,0.00011021600221283734,0.1510791778564453,True
1062,27,4.294952366135569,0.00012031799997203052,0.15107154846191406,True
1063,83,12.93190434837478,0.00011164799798280001,0.15116310119628906,True
1064,134,18.02400399960372,0.00011891999747604132,0.1512622833251953,True
1065,132,10.261584682666122,0.0001143749977927655,0.1511249542236328,True
1066,190,14.330761228953898,0.00012405699817463756,0.1511249542236328,True
1067,159,7.785693318803855,0.00011752900172723457,0.15116310119628906,True
1068,68,9.46959972923148,0.00011495099897729233,0.15114784240722656,False
1069,126,39.11703705555405,0.00013622599726659246,0.15136146545410156,True
1070,34,2.847899739927813,0.00010668300092220306,0.1510486602783203,True
1071,23,2.1646788191134894,0.00011640499724308029,0.1509723663330078,True
1072,94,18.60686827640912,0.00010889999975915998,0.15104103088378906,True
1073,182,3.8697106818948903,0.00012191099813207984,0.1512165069580078,True
1074,45,4.942935637760113,0.00011690999963320792,0.15114784240722656,True
1075,170,15.807783095512676,0.00011497599916765466,0.1511402130126953,True
1076,93,25.04998170582986,0.00011417199857532978,0.15117835998535156,True
1077,85,8.73819483064809,0.00011429400183260441,0.1510944366455078,True
1078,43,6.134828329147831,0.00011540899868123233,0.15105628967285156,True
1079,24,6.87311043058689,0.00012719399819616228,0.1510791778564453,True
1080,41,9.010905048125228,0.0001267040024686139,0.15119361877441406,True
1081,65,2.37395054199283,0.00011174499741173349,0.1510791778564453,True
1082,13,27.84650372297522,0.00012108200098737143,0.1513080596923828,True
1083,112,11.513935405679387,0.00011613599781412631,0.15123939514160156,True
1084,127,2.779508102116999,0.00012050299847032875,0.15108680725097656,True
1085,120,7.575007870153622,0.00011311100024613552,0.15110206604003906,True
1086,41,7.18424104144894,0.0001189499998872634,0.15120887756347656,True
1087,53,5.360756477413813,0.00012072100071236491,0.15113258361816406,True
1088,78,5.610904514571066,0.0001314509972871747,0.1511249542236328,True
1089,79,6.346041107048859,0.00011978900147369131,0.15105628967285156,True
1090,179,6.391742725244286,0.00012529300147434697,0.1511554718017578,True
1091,170,14.903260769936134,0.00013468799807014875,0.15123939514160156,True
1092,160,4.754481096759543,0.00011100399933638982,0.15111732482910156,True
1093,25,40.29281482891104,0.00013132199819665402,0.1512317657470703,False
1094,25,31.692478595098777,0.00011606199768721126,0.15117835998535156,False
1095,136,44.81737140960667,0.000117477000458166,0.1512165069580078,True
1096,141,16.23388367030294,0.0001221960010298062,0.1511402130126953,True
1097,37,7.962344587286003,0.0001087870004994329,0.1510791778564453,True
1098,182,19.00615640629382,0.0001267569969058968,0.1513690948486328,True
1099,138,5.887796879680615,0.00011812200318672694,0.15122413635253906,True
1100,192,19.79204655310518,0.00010977499914588407,0.15107154846191406,True
1101,171,7.313631472086923,0.0001164759996754583,0.1511249542236328,True
1102,90,7.172163141413365,0.00011726099910447374,0.15114784240722656,True
1103,94,21.318576325295663,0.0001174729986814782,0.15111732482910156,True
1104,169,2.292071665634483,0.00011448700024629943,0.1511249542236328,True
1105,142,8.72260728279386,0.00012594900181284174,0.1510486602783203,True
1106,169,8.048527361805737,0.00011968900071224198,0.15119361877441406,True
1107,182,4.135724781660509,0.00012206900282762945,0.15119361877441406,True
1108,136,33.166053148447816,0.00012817799870390445,0.1512622833251953,True
1109,85,12.4890144716995,0.00014388600175152533,0.15120887756347656,True
1110,129,22.902659381942204,0.00012140699982410297,0.15123939514160156,False
1111,54,4.0105285095859715,0.00011532600183272734,0.1511707305908203,True
1112,130,10.45642709150735,0.00010730600115493871,0.1510181427001953,True
1113,130,10.736404110430414,0.00010739800200099126,0.15102577209472656,True
1114,165,26.26460862493707,0.00011518900282680988,0.1511402130126953,True
1115,60,8.059195364903381,0.00016547300037927926,0.15116310119628906,True
1116,38,28.147856150187568,0.00011584900130401365,0.15114784240722656,True
1117,37,24.459281403911746,0.00012370900003588758,0.15126991271972656,False
1118,96,15.780714824839105,0.00011345899838488549,0.15114784240722656,True
1119,54,5.137625795421002,0.00011924700083909556,0.15111732482910156,True
1120,102,6.002980447961217,0.000112521000119159,0.1510334014892578,True
1121,19,11.229018049389893,0.00011784199887188151,0.15116310119628906,True
1122,146,2.6488557277094738,0.00011215100312256254,0.15102577209472656,True
1123,117,23.303765443237168,0.00010933299927273765,0.1510486602783203,True
1124,139,9.827963189462402,0.00011582499791984446,0.1511249542236328,True
1125,8,26.68273691081935,0.00011590299982344732,0.15116310119628906,True
1126,137,10.553241586755734,0.00013432900232146494,0.15119361877441406,True
1127,27,3.8506852002685346,0.00011069700121879578,0.1510639190673828,True
1128,94,13.589520093973917,0.00010974099859595299,0.15108680725097656,True
1129,180,6.7170892999486,0.00011890899986610748,0.15119361877441406,True
1130,194,1.9578927540378859,0.00010756699703051709,0.15104103088378906,True
1131,54,12.837114336339452,0.0001182449996122159,0.1512470245361328,True
1132,104,7.027985749346315,0.00011598399942158721,0.15116310119628906,True
1133,156,5.166218354415621,0.00011549400005606003,0.1511707305908203,True
1134,90,15.803954201853454,0.0001202690000354778,0.1511554718017578,True
1135,114,7.602914312341476,0.00011729499965440482,0.15120887756347656,True
1136,112,15.174056608612135,0.00011765700037358329,0.1512165069580078,True
1137,53,5.4757311404489615,0.00011749499753932469,0.1511249542236328,True
1138,43,34.21936462222681,0.00012155900185462087,0.15128517150878906,False
1139,137,6.760440540167973,0.00024174400095944293,0.15119361877441406,True
1140,87,15.94405591132869,0.00011268899834249169,0.15116310119628906,True
1141,41,5.621963234183628,0.0001152279983216431,0.15116310119628906,True
1142,122,15.060819409104699,0.00011225699927308597,0.15111732482910156,True
1143,7,3.1208416992191457,0.00010856899825739674,0.1510028839111328,True
1144,179,6.228592072924326,0.00013133500033291057,0.15111732482910156,True
1145,88,8.078623020782741,0.00011204400288988836,0.15116310119628906,True
1146,25,10.179816624545737,0.00011053499838453718,0.15104103088378906,True
1147,102,7.271962149385416,0.00011195899787708186,0.1510791778564453,True
1148,169,1.6944002565097127,0.00011806800102931447,0.15108680725097656,True
1149,155,9.092577234477842,0.00011426600030972622,0.1510791778564453,True
1150,136,35.97321284043157,0.0001193389980471693,0.15122413635253906,True
1151,31,32.22760795289954,0.0001268480009457562,0.15128517150878906,True
1152,122,18.677444411851653,0.00012231000073370524,0.15111732482910156,True
1153,47,6.813286247497292,0.00012161800259491429,0.15117835998535156,True
1154,102,9.317675995748512,0.00010666999878594652,0.15101051330566406,True
1155,152,7.69269469660966,0.00011486500079627149,0.1511707305908203,True
1156,159,7.072397748787719,0.00011821499720099382,0.15116310119628906,True
1157,139,7.471010395933805,0.00011196699779247865,0.15111732482910156,True
1158,20,10.483914349761866,0.00011455800267867744,0.15101051330566406,True
1159,71,19.29310581564288,0.0001298990027862601,0.15122413635253906,True
1160,194,3.190445983545473,0.00012452300143195316,0.1512012481689453,True
1161,76,7.06480400379842,0.00011713599815266207,0.15113258361816406,True
1162,170,12.65057332938134,0.00011778399857576005,0.1511554718017578,True
1163,56,6.4438878033778435,0.00010992099851137027,0.1510791778564453,True
1164,77,4.852038295989778,0.0001453990007576067,0.1511707305908203,True
1165,15,13.54181360579901,0.00011778200132539496,0.15119361877441406,True
1166,41,4.221360409588393,0.00011241199899814092,0.15113258361816406,True
1167,175,8.051672504983394,0.00011749600162147544,0.15122413635253906,True
1168,79,13.24380723846262,0.00014102500063017942,0.1511859893798828,True
1169,195,36.84129579103226,0.00011508700117701665,0.15116310119628906,True
1170,116,6.518500673542324,0.00011474799975985661,0.15113258361816406,True
1171,5,9.496414869774796,0.00011695899956976064,0.15117835998535156,True
1172,191,16.901903976961712,0.00011810800060629845,0.15117835998535156,False
1173,54,10.445735351989617,0.00011756699677789584,0.1512317657470703,False
1174,58,19.90029897080318,0.0001175500001409091,0.1512012481689453,True
1175,107,4.566430446997043,0.00010757499694591388,0.15101051330566406,True
1176,2,21.46290345261152,0.0001237479991686996,0.15123939514160156,False
1177,190,9.808422888710654,0.00011010200250893831,0.1510639190673828,True
1178,136,21.380916455495335,0.00011506200098665431,0.15114784240722656,True
1179,102,9.176505968303049,0.00011356500181136653,0.1510639190673828,True
1180,148,8.343916666437108,0.00011542199717951007,0.1510791778564453,True
1181,198,28.69694502258671,0.00011649400039459579,0.15119361877441406,False
1182,54,3.2450720560966544,0.00011509700198075734,0.15117835998535156,True
1183,40,16.52230912148841,0.00011208199794054963,0.15111732482910156,True
1184,60,4.610688250459354,0.00012397599857649766,0.15108680725097656,True
1185,121,9.058630846376003,0.00011107499813078903,0.1510639190673828,True
1186,53,6.9989841670396125,0.00011785900278482586,0.15123939514160156,True
1187,195,12.601347035108217,0.00010792300236062147,0.15105628967285156,True
1188,136,14.845649145501957,0.00011892399925272912,0.15113258361816406,True
1189,116,11.329421765322026,0.00011616999836405739,0.1512012481689453,True
1190,111,7.837665441210376,0.00011947800157940947,0.1511554718017578,True
1191,132,7.798913342710356,0.00010784900223370641,0.1510181427001953,True
1192,36,16.343785780510736,0.00011068800085922703,0.1511096954345703,True
1193,64,19.762928948767676,0.00011559999984456226,0.15117835998535156,True
1194,137,8.4622321452104,0.00011115300003439188,0.1511402130126953,True
1195,19,12.50828296143073,0.00011832900054287165,0.1511402130126953,True
1196,10,44.803086424029054,0.00013045599916949868,0.1513233184814453,False
1197,174,4.5706122296207585,0.00011355899914633483,0.1511096954345703,True
1198,198,14.999836169012674,0.00011690799874486402,0.1511707305908203,True
1199,19,8.60942185532395,0.000113515998236835,0.1511249542236328,True
1200,79,8.686735269235779,0.0001149199997598771,0.1510486602783203,True
1201,160,7.6900210394782675,0.0001160930005426053,0.15117835998535156,True
1202,148,16.644037501468535,0.0001225949999934528,0.15105628967285156,True
1203,105,15.03829929694294,0.0001277840019611176,0.1510791778564453,True
1204,178,3.0090862137630654,0.00011386500045773573,0.15113258361816406,True
1205,156,4.76551400560481,0.00013390400272328407,0.15117835998535156,True
1206,87,9.816738394899671,0.00011881999671459198,0.15114784240722656,True
1207,104,4.948387326111099,0.00011877499855472706,0.1511249542236328,True
1208,183,6.533347102269579,0.00012932699974044226,0.1510944366455078,True
1209,170,11.73037378708915,0.00013088899868307635,0.15120887756347656,True
1210,23,4.340113662825988,0.00011179899956914596,0.1510486602783203,True
1211,20,10.113297726779683,0.00010738299897639081,0.1510181427001953,True
1212,198,9.664275901367667,0.00011714200081769377,0.1510791778564453,True
1213,98,23.001680713990364,0.0001118200016207993,0.1510791778564453,True
1214,137,11.656484572248978,0.00011768399781431071,0.1511402130126953,True
1215,86,11.964031774385898,0.00012227399929543026,0.15111732482910156,True
1216,83,17.41855027984234,0.00011726199954864569,0.15122413635253906,True
1217,172,4.600030430469408,0.00010957199992844835,0.1510791778564453,True
1218,102,17.502648689046946,0.00011905200153705664,0.15116310119628906,True
1219,147,7.683700024416007,0.00011741900016204454,0.1511096954345703,True
1220,79,10.77761385263337,0.00012013200102956034,0.1511707305908203,True
1221,100,20.608081855789695,0.00012115699792047963,0.1512317657470703,False
1222,148,17.625390806507937,0.00011343000005581416,0.1511402130126953,True
1223,191,17.235956275806416,0.00012699099897872657,0.15123939514160156,False
1224,182,11.83813602915825,0.0003298390001873486,0.1512775421142578,True
1225,102,8.34899262543356,0.00010745899999164976,0.1510486602783203,True
1226,145,16.752912086731648,0.00011970199921051972,0.15122413635253906,False
1227,76,4.809222954386652,0.00011880999954883009,0.1511096954345703,True
1228,190,7.661509136951756,0.0001095789993996732,0.1510334014892578,True
1229,21,19.07789748398148,0.00012096499995095655,0.1512775421142578,False
1230,34,6.04477891243538,0.00011389400242478587,0.1511249542236328,True
1231,19,5.9512791819227,0.00011287500092294067,0.1510181427001953,True
1232,136,24.371243549423774,0.00012083999899914488,0.1512470245361328,True
1233,118,2.2850217998187614,0.00012958200022694655,0.1510639190673828,True
1234,139,3.892765576816294,0.00011292999988654628,0.15108680725097656,True
1235,37,4.457642613040694,0.00010814099732670002,0.15110206604003906,True
1236,198,25.03517716426544,0.0001163159977295436,0.15116310119628906,True
1237,75,3.2020345679275923,0.00011209100193809718,0.1511096954345703,True
1238,196,8.593513751149981,0.00012986600268050097,0.15105628967285156,True
1239,149,8.11847150289655,0.00011226700007682666,0.1511249542236328,True
1240,159,10.011162155960156,0.00011550400085980073,0.15114784240722656,True
1241,158,12.491613801300387,0.00010646400187397376,0.15101051330566406,True
1242,141,25.011994742725225,0.00012769000022672117,0.15119361877441406,False
1243,54,11.033151194902848,0.00011928599997190759,0.1511859893798828,True
1244,43,24.199034609790274,0.0001190430011774879,0.15123939514160156,False
1245,198,21.74433836674987,0.00011237299986532889,0.15114784240722656,True
1246,157,12.68484301676604,0.00010940500214928761,0.1510028839111328,True
1247,166,13.852748906074801,0.0001200299993797671,0.15122413635253906,False
1248,198,23.36633019569472,0.00011585999891394749,0.15116310119628906,True
1249,190,12.258429984765776,0.00011017700308002532,0.1510639190673828,True
1250,76,5.645620015498128,0.00011668700244626962,0.1511096954345703,True
1251,12,5.839960115996281,0.00011814800018328242,0.15117835998535156,True
1252,132,11.821560081008673,0.00012613100261660293,0.1510944366455078,True
1253,141,14.688345270283106,0.00012017599874525331,0.1511249542236328,True
1254,43,4.304980324321704,0.00024855800074874423,0.1511096954345703,True
1255,79,7.93999596721495,0.00011350699787726626,0.1510639190673828,True
1256,169,2.350163148332635,0.00011297500168439001,0.1511096954345703,True
1257,95,4.630992379079657,0.00012067500210832804,0.1511402130126953,True
1258,170,14.178782271803165,0.00012539599993033335,0.15123939514160156,True
1259,150,6.189098318697659,0.00016237099771387875,0.15122413635253906,True
1260,40,16.668570562634834,0.00012216100003570318,0.1512470245361328,True
1261,132,9.412157060778583,0.0001207349996548146,0.15102577209472656,True
1262,170,8.718846199692159,0.00012945400158059783,0.15116310119628906,True
1263,143,7.621920431535456,0.00011880599777214229,0.1511096954345703,True
1264,140,3.5414833526532945,0.0001325070006714668,0.15113258361816406,True
1265,102,10.094627688479525,0.00012692399832303636,0.15108680725097656,True
1266,53,7.885108842590587,0.00012079299995093606,0.15110206604003906,True
1267,20,8.938737598948443,0.00012379699910525233,0.1510028839111328,True
1268,121,9.430025003462452,0.00011398499918868765,0.1510791778564453,True
1269,136,21.3497385229516,0.00011457900109235197,0.1511707305908203,True
1270,114,6.790386842420137,0.00011663899931591004,0.15122413635253906,True
1271,139,8.695503040839313,0.0001226070016855374,0.15116310119628906,True
1272,80,8.631800363489612,0.0001236809985130094,0.1512012481689453,True
1273,135,13.497093490514363,0.0001261550023627933,0.1512470245361328,False
1274,159,9.259472088891295,0.00011891900066984817,0.1511249542236328,True
1275,120,10.19777738105671,0.0001114270016842056,0.15113258361816406,True
1276,2,4.8246601546914425,0.00011941499906242825,0.1511554718017578,True
1277,41,7.584511342135359,0.00011127300240332261,0.15111732482910156,True
1278,127,2.9923809321611934,0.00013308299821801484,0.1511096954345703,True
1279,83,13.387310585443657,0.00011698299931595102,0.1511859893798828,True
1280,24,3.9913317644625765,0.0001122069988923613,0.1511249542236328,True
1281,96,19.45093455345011,0.0001244530030817259,0.15110206604003906,True
1282,140,2.786789935694049,0.0001117510000767652,0.1511249542236328,True
1283,147,8.8746962356673,0.00011316699965391308,0.1511554718017578,True
1284,18,8.1354554145073,0.00011185399853275158,0.1510944366455078,True
1285,195,21.373305066056865,0.00012077400242560543,0.1511096954345703,True
1286,174,11.591534658988047,0.00011413100219215266,0.15119361877441406,True
1287,185,7.607029181530178,0.00010952899901894853,0.15108680725097656,True
1288,87,9.264933024882524,0.00011266100045759231,0.15107154846191406,True
1289,170,21.028136786347652,0.00011761999849113636,0.1512317657470703,True
1290,196,14.984854198883896,0.0001150819989561569,0.1511249542236328,True
1291,12,6.30584356513753,0.00018796899894368835,0.15122413635253906,True
1292,90,14.045580416232864,0.00011565699969651178,0.15120887756347656,True
1293,56,8.336379804905528,0.00012153200077591464,0.1511249542236328,True
1294,121,11.398597170514801,0.0001102759997593239,0.15111732482910156,True
1295,97,7.486053906453395,0.00013113000022713095,0.15123939514160156,True
1296,120,12.353599266925249,0.00011863899999298155,0.1511859893798828,True
1297,105,10.708412802188382,0.0001820659999793861,0.15111732482910156,True
1298,159,15.109751749343268,0.00011410899969632737,0.15117835998535156,True
1299,118,3.696394481177668,0.00011348800035193563,0.15110206604003906,True
1300,16,12.129739209939075,0.00011656599963316694,0.1511707305908203,True
1301,178,3.1591429881513053,0.00011766299940063618,0.1511554718017578,True
1302,121,14.186054583607376,0.00011470599929452874,0.15116310119628906,True
1303,23,9.418802902739163,0.0001180990002467297,0.15113258361816406,True
1304,84,18.778388568427918,0.00012327700096648186,0.1512622833251953,True
1305,137,6.475838385035266,0.00011255500066909008,0.15111732482910156,True
1306,182,10.768754577083728,0.00011920900215045549,0.15120887756347656,True
1307,121,9.546443896270146,0.0001138340012403205,0.1510639190673828,True
1308,112,13.766215420853642,0.00011426399942138232,0.1512012481689453,True
1309,173,5.331324762917109,0.00011788299889303744,0.1511859893798828,True
1310,13,34.215707972453885,0.00011941300181206316,0.15125465393066406,True
1311,103,12.602796659344973,0.00011781400098698214,0.15116310119628906,True
1312,62,12.976217580640169,0.00010896299863816239,0.1510791778564453,True
1313,120,8.138282720953356,0.0001150880016211886,0.15108680725097656,True
1314,66,8.29761386046897,0.0001200440019601956,0.1511402130126953,True
1315,159,22.977484163542876,0.00011668099978123792,0.15119361877441406,True
1316,20,22.669720365064645,0.00011019399971701205,0.15108680725097656,True
1317,18,9.661883556556452,0.00011376899783499539,0.15114784240722656,True
1318,121,14.41610504109468,0.0001170170035038609,0.1512012481689453,True
1319,174,4.6128619223928675,0.00010842999836313538,0.1510334014892578,True
1320,121,5.882036353123794,0.00010792200191644952,0.15105628967285156,True
1321,152,10.723478436540553,0.00011450699821580201,0.1511554718017578,True
1322,6,7.945420887096271,0.00012200599667266943,0.1511859893798828,True
1323,113,6.96537815596351,0.00012103599874535576,0.15117835998535156,True
1324,38,8.415560226817009,0.00012241299918969162,0.1510639190673828,True
1325,152,12.22109695242598,0.0002271490011480637,0.15111732482910156,True
1326,130,21.110968742675446,0.00012160600090282969,0.1511859893798828,True
1327,53,6.113585895402341,0.00016589900042163208,0.1510944366455078,True
1328,37,8.80899483265361,0.00012095099737052806,0.1511707305908203,True
1329,37,7.362200037748275,0.0001192679992527701,0.15116310119628906,True
1330,6,9.824149834888562,0.0001172540032712277,0.15117835998535156,True
1331,117,26.537219124897348,0.00011345899838488549,0.1510791778564453,True
1332,160,4.766230167600947,0.00011955700028920546,0.1511402130126953,True
1333,5,4.257937113076522,0.00011360200005583465,0.15104103088378906,True
1334,76,4.852884779152695,0.00011355700189596973,0.1511402130126953,True
1335,179,4.821807343168562,0.0001132910001615528,0.15108680725097656,True
1336,120,9.238758718230374,0.00011639800140983425,0.15114784240722656,True
1337,2,4.951203833624433,0.00011429499863879755,0.1510334014892578,True
1338,134,15.354389145941512,0.00013511600263882428,0.1512622833251953,True
1339,53,5.636101618431472,0.00011546400128281675,0.1510639190673828,True
1340,138,6.78538795299501,0.00011982299838564359,0.1511707305908203,True
1341,163,20.041462836039493,0.00011836499834316783,0.1510486602783203,True
1342,186,6.748336689365801,0.00013554299948737025,0.15123939514160156,False
1343,102,8.086071999721172,0.0001137629988079425,0.1510028839111328,True
1344,43,5.473581633037966,0.00011815800098702312,0.1510639190673828,True
1345,20,21.654473598684536,0.00011595800242503174,0.15111732482910156,True
1346,185,12.249917480105674,0.00011531899872352369,0.1510944366455078,True
1347,196,9.281258604744188,0.0001320329974987544,0.1510486602783203,True
1348,160,2.3450048236381487,0.00010943700181087479,0.1510028839111328,True
1349,170,13.024980986028234,0.00012417000107234344,0.1512012481689453,True
1350,158,20.941293260770216,0.00011412199819460511,0.1510486602783203,True
1351,196,16.782123643856497,0.00012432800212991424,0.15111732482910156,True
1352,70,2.877267973412079,0.0001210509981319774,0.1511249542236328,True
1353,3,14.417058559633148,0.00015973500194377266,0.15125465393066406,False
1354,102,8.568392590855645,0.00011579200145206414,0.1510944366455078,True
1355,111,6.6883398250298,0.00011988500045845285,0.15111732482910156,True
1356,172,6.570477818936296,0.00011298399840597995,0.15113258361816406,True
1357,158,8.453401489084337,0.00011083000208600424,0.15097999572753906,True
1358,179,7.51130034128765,0.00011461100075393915,0.15116310119628906,True
1359,39,5.100870467045791,0.00011064700083807111,0.15110206604003906,True
1360,159,7.59505178526746,0.00016909300029510632,0.1511249542236328,True
1361,25,22.122676732658956,0.00011796399849117734,0.15120887756347656,False
1362,37,7.023460463840777,0.00010971600204356946,0.1510639190673828,True
1363,83,26.67724051780161,0.00011802799781435169,0.15120887756347656,True
1364,137,9.443798124763555,0.0001165530011348892,0.15114784240722656,True
1365,97,21.6331266526404,0.0001250889981747605,0.15128517150878906,False
1366,164,18.533369516825104,0.00012734900155919604,0.15134620666503906,False
1367,191,14.431178044268858,0.00012324999988777563,0.1512470245361328,True
1368,120,12.001279940978142,0.00011506900045787916,0.15116310119628906,True
1369,21,12.394361010643493,0.0001217419994645752,0.15122413635253906,False
1370,79,7.636538919959883,0.00011680799798341468,0.15110206604003906,True
1371,164,16.52478956480021,0.0001887400030682329,0.1512775421142578,False
1372,152,10.346759743684466,0.00011398400238249451,0.15113258361816406,True
1373,110,14.62769069281397,0.00011198500214959495,0.15113258361816406,True
1374,182,3.943322874910218,0.00012381999840727076,0.15122413635253906,True
1375,85,9.09887441774782,0.0001513459974376019,0.15108680725097656,True
1376,112,16.28491488848721,0.00013854300050297752,0.15122413635253906,True
1377,158,31.60826462900356,0.00012682200031122193,0.1511402130126953,True
1378,89,4.291932573563207,0.00012112900003558025,0.15128517150878906,True
1379,188,24.632130298917446,0.00013086000035400502,0.1512165069580078,True
1380,190,6.775524344633001,0.0001112870013457723,0.15099525451660156,True
1381,169,5.779203416860603,0.00012263399912626483,0.1512317657470703,True
1382,94,16.009994052280398,0.00012140199760324322,0.15104103088378906,True
1383,20,14.481932735315512,0.00010743399980128743,0.15104103088378906,True
1384,56,10.513380142708268,0.00010979400030919351,0.1511096954345703,True
1385,119,23.271057479476447,0.00011399900176911615,0.1510486602783203,True
1386,126,38.48131746828459,0.00011861699749715626,0.15123939514160156,True
1387,180,10.0881246098292,0.00011915100185433403,0.1511096954345703,True
1388,97,6.802146429471404,0.000116944000183139,0.1511402130126953,True
1389,12,5.954400486715512,0.0001210409973282367,0.1511707305908203,True
1390,79,15.402044546597347,0.00011517200255184434,0.15117835998535156,True
1391,129,7.693495815286466,0.000169414997799322,0.1510944366455078,True
1392,185,5.254359722261452,0.00010642699999152683,0.15097999572753906,True
1393,194,2.877063040043225,0.0001454980010748841,0.15117835998535156,True
1394,87,14.47323441510458,0.00011608199929469265,0.1511554718017578,True
1395,169,2.9169764137363585,0.0001102759997593239,0.15108680725097656,True
1396,120,14.982262829356353,0.0001268659980269149,0.15120887756347656,True
1397,19,13.332810533969909,0.0001170779978565406,0.1511859893798828,True
1398,88,10.541104326890723,0.00011627999992924742,0.15119361877441406,True
1399,174,3.368444969043454,0.00011128800178994425,0.15104103088378906,True
1400,186,2.3010796175779693,0.00011050800094380975,0.1510486602783203,True
1401,152,10.004771581919941,0.00011498300227685831,0.1511707305908203,True
1402,149,5.712020617814034,0.00011467900185380131,0.1511249542236328,True
1403,85,16.636675771151573,0.00011699999959091656,0.15116310119628906,True
1404,72,15.092524072656833,0.00012712699754047208,0.15126991271972656,False
1405,79,7.335279030509267,0.00012527000217232853,0.1510944366455078,True
1406,86,33.555495031124494,0.00012784100181306712,0.15130043029785156,False
1407,41,7.25198389685262,0.00012740400052280165,0.15114784240722656,True
1408,24,6.418214733409289,0.00011881700265803374,0.1510791778564453,True
1409,189,8.72336929296178,0.0001252310030395165,0.1511402130126953,True
1410,43,16.276890870743866,0.00011927499872399494,0.15122413635253906,False
1411,21,54.93532982521152,0.00014380399807123467,0.1515216827392578,False
1412,81,11.05133715467868,0.00013202800255385228,0.1511859893798828,True
1413,21,21.827360570537117,0.00012925100236316212,0.15126991271972656,False
1414,61,10.186908194083326,0.0001148369992733933,0.1510791778564453,True
1415,87,5.087436778113369,0.00011077700037276372,0.15107154846191406,True
1416,137,6.388914963139641,0.00012004499876638874,0.15114784240722656,True
1417,94,16.960133088000667,0.00015263199748005718,0.1511249542236328,True
1418,195,13.264792467326648,0.0001141459979407955,0.15113258361816406,True
1419,9,14.833367981867388,0.00012037400301778689,0.1512012481689453,True
1420,37,5.602391725739054,0.00011579399870242923,0.1510944366455078,True
1421,69,7.7303510934769335,0.00012271100058569573,0.1511402130126953,True
1422,56,7.567675897716827,0.0001122819994634483,0.1510486602783203,True
1423,10,5.892161174691685,0.00011402599920984358,0.1511249542236328,True
1424,188,25.043762540212708,0.0001255209972441662,0.15117835998535156,True
1425,170,9.289290240179753,0.00011986199751845561,0.15122413635253906,True
1426,68,9.96549948418323,0.00012495400005718693,0.1511707305908203,True
1427,98,21.636274723045027,0.00012064399925293401,0.1511249542236328,True
1428,103,14.526999182136997,0.00011352299770805985,0.15117835998535156,True
1429,23,5.724259854468733,0.00011311600246699527,0.15105628967285156,True
1430,54,4.904203315910974,0.0001270869979634881,0.1511707305908203,True
1431,174,3.1658698299696044,0.00010998099969583564,0.1510639190673828,True
1432,147,7.346662654922189,0.00010994800322805531,0.15110206604003906,True
1433,116,3.3510451207867997,0.0001288109997403808,0.15119361877441406,True
1434,53,8.085632979929182,0.0001297430026170332,0.15116310119628906,True
1435,104,8.152679685721395,0.00014194200048223138,0.15119361877441406,True
1436,141,10.596559336304734,0.00011219500083825551,0.15111732482910156,True
1437,86,9.214188735829822,0.00011147900295327418,0.15108680725097656,True
1438,90,5.674610362565497,0.000117706000310136,0.1510639190673828,True
1439,124,11.587525313625134,0.00012729599984595552,0.1512012481689453,True
1440,187,11.126746027725135,0.00011161400107084773,0.1510639190673828,True
1441,36,25.837034592445928,0.00012044499817420729,0.1512470245361328,True
1442,169,2.102252102505141,0.00011633499889285304,0.15110206604003906,True
1443,182,3.6104451142329093,0.0001263450030819513,0.15125465393066406,True
1444,56,5.64276035346043,0.00011278900274191983,0.15108680725097656,True
1445,178,6.0679586671731895,0.00011408700083848089,0.15114784240722656,True
1446,125,8.339320747443992,0.00012968900045962073,0.15128517150878906,True
1447,193,18.688212042859355,0.0001255979987035971,0.1512470245361328,True
1448,15,15.278988309168557,0.00012079199950676411,0.1511554718017578,True
1449,0,1.9883582066360272,0.00013077499897917733,0.15122413635253906,True
1450,145,15.81321270115976,0.00011311599882901646,0.15111732482910156,True
1451,61,5.351594804171711,0.0001099700020859018,0.1510486602783203,True
1452,37,7.795158267490024,0.0001232840004377067,0.1512012481689453,True
1453,104,2.9304144903722267,0.00011324800289003178,0.15104103088378906,True
1454,68,5.640752562265249,0.00013143400065018795,0.15111732482910156,True
1455,61,6.433807728079954,0.00010982800085912459,0.1510639190673828,True
1456,198,21.04437864437575,0.00011525599984452128,0.1511859893798828,True
1457,141,12.532999581357657,0.00011123399963253178,0.15113258361816406,True
1458,148,6.237480681760193,0.00010795300113386475,0.1510334014892578,True
1459,20,20.098429590917277,0.00011269500100752339,0.1510944366455078,True
1460,196,7.515609831510541,0.00011690600149449892,0.15102577209472656,True
1461,110,23.622168217148154,0.00011060599717893638,0.15114784240722656,True
1462,70,1.7883876735242807,0.00010953399760182947,0.1510791778564453,True
1463,155,5.72019932768601,0.00011097600145149045,0.15104103088378906,True
1464,112,12.234377503170007,0.00012205200255266391,0.1512317657470703,True
1465,37,4.473899789763971,0.00012345699724392034,0.1510944366455078,True
1466,120,11.3434180540243,0.00011619499855441973,0.15117835998535156,True
1467,181,23.962932695074926,0.00012656100079766475,0.1513843536376953,False
1468,102,5.765480928714012,0.00010750299770734273,0.1510486602783203,True
1469,155,15.315454881946538,0.00011603299935813993,0.15122413635253906,False
1470,43,15.007143678160375,0.00011899499804712832,0.15125465393066406,True
1471,147,27.096422896274355,0.00013227500312495977,0.15125465393066406,True
1472,112,14.378607293093493,0.00011706399891409092,0.15120887756347656,True
1473,196,8.761951629034963,0.00011520000043674372,0.15107154846191406,True
1474,180,13.323033345541667,0.0001369359997624997,0.15114784240722656,True
1475,80,3.5999709560947113,0.00011724499927368015,0.15113258361816406,True
1476,188,26.24662154777182,0.00012604299990925938,0.1512317657470703,True
1477,144,4.957192338996912,0.0001148570008808747,0.15113258361816406,True
1478,102,5.534568155323566,0.00011396199988666922,0.15104103088378906,True
1479,30,4.574245050271443,0.00011335100134601817,0.15101051330566406,True
1480,15,10.211939378194579,0.0001109730001189746,0.15107154846191406,True
1481,87,6.499798637709057,0.0001249289998668246,0.1510334014892578,True
1482,24,4.440413104869347,0.00011251800242462195,0.15104103088378906,True
1483,41,4.110864901443837,0.00011280100079602562,0.15108680725097656,True
1484,194,2.8202981945555208,0.00011083199933636934,0.15108680725097656,True
1485,90,4.526679530762812,0.00011069099855376408,0.15108680725097656,True
1486,87,13.116772265521165,0.00011319500117679127,0.15114784240722656,True
1487,61,4.160034202255551,0.0001091759986593388,0.15105628967285156,True
1488,24,4.059438876567704,0.00010819300223374739,0.15107154846191406,True
1489,28,3.1535469812159937,0.00010848800229723565,0.1510486602783203,True
1490,196,17.553559808836823,0.00011428200014051981,0.1512012481689453,True
1491,70,4.6516193292304715,0.00012301999959163368,0.15116310119628906,True
1492,20,12.294633030067232,0.00010496799950487912,0.1509723663330078,True
1493,105,19.497573677473287,0.00011514400102896616,0.1511402130126953,True
1494,56,7.476789445467956,0.0001427649985998869,0.1510639190673828,True
1495,198,21.46015549510796,0.00011263899796176702,0.1511096954345703,True
1496,179,12.947512737384578,0.00011757399988709949,0.1512012481689453,True
1497,53,8.489952183214555,0.00011804300083895214,0.15110206604003906,True
1498,114,5.18602865589117,0.00012006600081804208,0.15119361877441406,True
1499,53,6.861326343129828,0.0001125149974541273,0.1511402130126953,True
1500,177,7.70579761124519,0.00011328300024615601,0.1510791778564453,True
1501,152,9.503057938090892,0.00011524799992912449,0.1511402130126953,True
1502,137,9.797959087785259,0.00011277199882897548,0.1511249542236328,True
1503,19,10.027899557634644,0.00012053200043737888,0.1511707305908203,True
1504,152,9.26508210186476,0.0001152440017904155,0.15120887756347656,True
1505,54,5.032038507149933,0.00011463299961178564,0.1511554718017578,True
1506,148,8.188848317356685,0.00011089300096500665,0.15104103088378906,True
1507,147,7.930192784487186,0.000119423999421997,0.15111732482910156,True
1508,111,10.544724557334957,0.00013634199785883538,0.1512470245361328,False
1509,113,5.058669022729992,0.00011013699986506253,0.15110206604003906,True
1510,9,7.201115135441823,0.00011938599709537812,0.15120887756347656,True
1511,87,5.601192003820456,0.00011187899872311391,0.15104103088378906,True
1512,163,29.96695647411667,0.00011368099876563065,0.15114784240722656,True
1513,179,7.2920409358580125,0.00012370200056466274,0.1511249542236328,True
1514,54,3.753090045193341,0.00012045299808960408,0.15113258361816406,True
1515,96,19.412376126659527,0.00011714400170603767,0.1511096954345703,True
1516,160,3.9277072461464897,0.0001593689994479064,0.1510791778564453,True
1517,29,23.889370204105955,0.00012571699699037708,0.15120887756347656,True
1518,70,6.007096393587346,0.00011436900240369141,0.15114784240722656,True
1519,76,5.96528763286348,0.00011448499935795553,0.15110206604003906,True
1520,130,11.753581408896805,0.00011951200212934054,0.1510791778564453,True
1521,149,7.862489435847451,0.00011118800102849491,0.15110206604003906,True
1522,86,5.9064383502316025,0.00011239499872317538,0.15105628967285156,True
1523,41,6.1696681241345726,0.00012899599823867902,0.1510791778564453,True
1524,182,4.144090738776373,0.00011458700100774877,0.15119361877441406,True
1525,171,9.51431287780728,0.0001294410030823201,0.15117835998535156,True
1526,155,5.346910840064074,0.00011011099923052825,0.15105628967285156,True
1527,183,5.552702629884216,0.00011386299956939183,0.1510639190673828,True
1528,16,10.71465553814269,0.00011434800035203807,0.15116310119628906,True
1529,138,3.450310114551508,0.00011197699859621935,0.15111732482910156,True
1530,152,7.802367223857552,0.00011431700113462284,0.15114784240722656,True
1531,198,23.007443984339037,0.00013550000221584924,0.1511554718017578,True
1532,98,16.54727243238664,0.0001250019995495677,0.1510486602783203,True
1533,174,5.741443558218873,0.00012255800174898468,0.15123939514160156,True
1534,70,2.0873693976023797,0.00011371199798304588,0.15107154846191406,True
1535,54,5.60467223467675,0.00012096699720132165,0.1511707305908203,True
1536,94,27.283331692242534,0.00012377199891489,0.1511859893798828,False
1537,112,12.58818205559034,0.00012563900236273184,0.15119361877441406,True
1538,75,2.0527478373577273,0.00011431299935793504,0.1510944366455078,True
1539,20,17.828755292754582,0.00011197700223419815,0.1510944366455078,True
1540,177,8.899401757509786,0.00012428099944372661,0.15125465393066406,True
1541,40,13.432128144303672,0.00012816399976145476,0.15116310119628906,True
1542,143,13.320184946441692,0.00012565699944389053,0.15117835998535156,True
1543,102,7.712190049848527,0.00011521000124048442,0.1510944366455078,True
1544,149,8.952065478319726,0.00012252499800524674,0.1511249542236328,True
1545,81,15.758572103041354,0.00012043600145261735,0.15131568908691406,False
1546,88,11.172829304824576,0.00012094300109311007,0.15105628967285156,True
1547,174,7.000014644418077,0.00011672799882944673,0.15116310119628906,True
1548,43,30.0321423205998,0.00013187100194045343,0.15133094787597656,False
1549,190,11.189495587906679,0.00011280599937890656,0.15108680725097656,True
1550,136,38.6660529706342,0.00011353700028848834,0.15113258361816406,True
1551,117,21.867087349419595,0.00010935500176856294,0.15102577209472656,True
1552,133,23.899961917058754,0.00012695199984591454,0.15143775939941406,False
1553,76,7.521559844426359,0.00011619900033110753,0.1512012481689453,True
1554,118,9.433105947934552,0.00011261400140938349,0.1511554718017578,True
1555,76,8.287207175336182,0.00011363999874447472,0.1511096954345703,True
1556,16,11.373790557474992,0.00011131099745398387,0.15113258361816406,True
1557,71,8.697436700596981,0.0001231580026797019,0.15107154846191406,True
1558,86,4.230328180982783,0.00011058699965360574,0.15108680725097656,True
1559,74,21.79827135527968,0.00012728900037473068,0.15130043029785156,False
1560,155,7.1237221122031045,0.00011327600077493116,0.15104103088378906,True
1561,58,12.482014550613322,0.00011342899961164221,0.1510944366455078,True
1562,15,7.56728939746078,0.00020686100106104277,0.1510639190673828,True
1563,108,16.4546404346934,0.00011525700028869323,0.15119361877441406,False
1564,67,18.51481347410494,0.00011591599832172506,0.1510639190673828,True
1565,190,10.574926213619667,0.00011401499796193093,0.15105628967285156,True
1566,179,7.661504126890287,0.00011808599811047316,0.15116310119628906,True
1567,181,15.376108399649276,0.00012423900261637755,0.15130043029785156,False
1568,87,6.593677359883462,0.0001226919994223863,0.1510791778564453,True
1569,27,6.613894881963261,0.00012163599967607297,0.1511096954345703,True
1570,37,4.755445696756322,0.00011084599827881902,0.1510791778564453,True
1571,47,18.433963665798434,0.00013374799891607836,0.1511859893798828,False
1572,5,11.453050432799046,0.00014895600179443136,0.1511859893798828,True
1573,153,15.746703834021773,0.00012087099821656011,0.1511859893798828,True
1574,122,5.378501856127862,0.00011192600140930153,0.1510334014892578,True
1575,126,11.074831932675627,0.00023851500009186566,0.15111732482910156,True
1576,17,7.052900189308825,0.00011501699918881059,0.1511859893798828,True
1577,9,9.7500817273273,0.00011976200039498508,0.15113258361816406,True
1578,160,11.993298643260209,0.00013295600001583807,0.15123939514160156,False
1579,183,6.2920906922283155,0.00011062799967476167,0.1510791778564453,True
1580,79,6.7766819183060285,0.00011030200039385818,0.15105628967285156,True
1581,0,9.184633366487905,0.00012519800293375738,0.15134620666503906,True
1582,182,3.2652342967429195,0.00011497300147311762,0.15116310119628906,True
1583,167,3.3701207827369264,0.00011345600069034845,0.1511096954345703,True
1584,58,23.812127448853243,0.00010954300159937702,0.1510791778564453,True
1585,98,24.089671309593328,0.00011280500257271342,0.15114784240722656,True
1586,43,5.217113330212079,0.00010966300033032894,0.1510486602783203,True
1587,144,10.679065591266074,0.00012916700143250637,0.1512317657470703,True
1588,155,6.665263587064203,0.00010616200233926065,0.1510181427001953,True
1589,41,6.248928548805335,0.00011892999827978201,0.15108680725097656,True
1590,80,4.627147858814583,0.00012165299995103851,0.15114784240722656,True
1591,158,9.539154492366961,0.00011366200124030001,0.15099525451660156,True
1592,34,6.38411957443847,0.0001400340006512124,0.15116310119628906,True
1593,20,21.39381061593314,0.0001179489991045557,0.15113258361816406,True
1594,95,2.889445621353648,0.00011416300185373984,0.15113258361816406,True
1595,96,20.17503874164825,0.00011897999866050668,0.1512012481689453,True
1596,53,8.058230539815955,0.00012005099779344164,0.15119361877441406,True
1597,104,3.3878696974436164,0.00011238500155741349,0.15104103088378906,True
1598,22,26.413753146659637,0.00011463700138847344,0.15107154846191406,True
1599,112,14.214945298455833,0.0001378150009259116,0.15123939514160156,True
1600,159,8.14915097240645,0.0001142859982792288,0.15117835998535156,True
1601,140,2.623375432072062,0.00011513599747559056,0.1510639190673828,True
1602,8,11.084515037272787,0.0001115100021706894,0.15105628967285156,True
1603,101,14.061561188663928,0.00011893400005646981,0.1511249542236328,True
1604,182,16.853316216591157,0.00012203300138935447,0.1512470245361328,True
1605,178,5.255714963935336,0.00011431299935793504,0.15113258361816406,True
1606,40,8.154156731164388,0.00011756700041587465,0.15114784240722656,True
1607,160,2.7520152499638293,0.00010893200305872597,0.15101051330566406,True
1608,72,8.86549569971655,0.00011616799747571349,0.15110206604003906,True
1609,56,7.331503321436989,0.00011250700117670931,0.1510791778564453,True
1610,56,3.9344966019508134,0.00011580600039451383,0.1510181427001953,True
1611,27,3.323607578911635,0.00011421100134612061,0.15107154846191406,True
1612,23,3.2209600097324516,0.00011828999777208082,0.1510028839111328,True
1613,56,12.26189124682732,0.00014416799967875704,0.1511402130126953,True
1614,112,13.22454076028113,0.00011712600098690018,0.15120887756347656,True
1615,90,10.183593003720468,0.00011829999857582152,0.15113258361816406,True
1616,181,16.435424376106685,0.00012361899644020014,0.15131568908691406,False
1617,61,6.222168390727508,0.00011881899990839884,0.15102577209472656,True
1618,105,18.314362867987974,0.00011225999696762301,0.1510944366455078,True
1619,32,5.893806487461719,0.00010857099914574064,0.1510639190673828,True
1620,38,27.240239463598144,0.00011197699859621935,0.1511402130126953,True
1621,198,13.054346327457218,0.00011172800077474676,0.1511249542236328,True
1622,196,7.128937367827855,0.0001088880017050542,0.15105628967285156,True
1623,90,7.085442115979669,0.00010952600132441148,0.15105628967285156,True
1624,48,10.270094490779575,0.00011217299834243022,0.15111732482910156,True
1625,127,5.578363296924282,0.00011893600094481371,0.1511402130126953,True
1626,69,11.505837648969292,0.00012364400026854128,0.1511707305908203,True
1627,112,28.209202061309753,0.00013756100088357925,0.1513233184814453,False
1628,53,7.9835396050143,0.00012565300130518153,0.15126991271972656,False
1629,60,3.1988872502839913,0.0001249900014954619,0.15110206604003906,True
1630,174,3.037859917356281,0.000146037000376964,0.1510791778564453,True
1631,120,7.388720721504367,0.00011658099901978858,0.15113258361816406,True
1632,170,15.267545185131409,0.00011540500054252334,0.1511707305908203,True
1633,158,9.470932742601851,0.00010682699939934537,0.1509571075439453,True
1634,106,24.167147599579184,0.00011897799777216278,0.15113258361816406,True
1635,96,17.10120162103281,0.00011713300045812503,0.1510791778564453,True
1636,99,22.109695271575447,0.00012192899885121733,0.1510944366455078,True
1637,137,4.903665206694881,0.00011805399844888598,0.15116310119628906,True
1638,183,5.8424449423885125,0.00012117200094508007,0.1510944366455078,True
1639,155,18.89754824204367,0.00012434900054358877,0.1512317657470703,False
1640,117,23.956709403712427,0.00011130999700981192,0.1510944366455078,True
1641,52,8.356705828723918,0.0001077009983418975,0.15102577209472656,True
1642,113,5.20816337210711,0.00011992200234089978,0.15116310119628906,True
1643,139,11.04077727742577,0.00011660299787763506,0.1511096954345703,True
1644,25,27.0557676159227,0.00012438900012057275,0.1512012481689453,False
1645,181,13.400208065588243,0.00014273700071498752,0.15131568908691406,False
1646,87,7.696308657098243,0.0001163140004791785,0.1510944366455078,True
1647,136,15.60134591056553,0.00012170900299679488,0.1511859893798828,True
1648,28,4.298739319662692,0.00011567800174816512,0.15107154846191406,True
1649,137,6.2147037975963375,0.00012124000204494223,0.15110206604003906,True
1650,76,5.741816598168971,0.00011897199874510989,0.15114784240722656,True
1651,53,7.687912859413886,0.00011995000022579916,0.15122413635253906,True
1652,174,5.349891089667205,0.0001111940000555478,0.15111732482910156,True
1653,48,10.713978838059019,0.00011858699872391298,0.1510028839111328,True
1654,137,8.612842617214014,0.00011892700058524497,0.15122413635253906,True
1655,87,8.326148445986671,0.00012379599866108038,0.1511096954345703,True
1656,53,7.501643237707063,0.0001148429983004462,0.1511096954345703,True
1657,185,13.904259496679265,0.00013646899969899096,0.1511554718017578,True
1658,55,8.114943451302098,0.00013505800234270282,0.15119361877441406,True
1659,132,11.51372561419332,0.00012783100100932643,0.1510944366455078,True
1660,37,7.1088429367439705,0.00011299700054223649,0.15110206604003906,True
1661,82,5.497970589302082,0.00012038600107189268,0.1510486602783203,True
1662,182,4.399052423194909,0.00012242000229889527,0.1512165069580078,True
1663,184,5.8747266757020995,0.00012087000141036697,0.1511859893798828,True
1664,52,20.134939874414243,0.00012585999866132624,0.1512622833251953,True
1665,37,6.178294925046346,0.00013161799870431423,0.1510334014892578,True
1666,87,10.85466731566741,0.00011458199878688902,0.1511249542236328,True
1667,24,4.715693716961386,0.00011621299927355722,0.1511096954345703,True
1668,34,4.722635690853398,0.0001338539987045806,0.1510944366455078,True
1669,109,4.381481109122895,0.00011989899940090254,0.1511402130126953,True
1670,93,20.48866047418864,0.00011703899872372858,0.1511859893798828,True
1671,101,16.383382369156514,0.00013072400179225951,0.15110206604003906,True
1672,70,8.099029509864824,0.00012050499935867265,0.1511707305908203,True
1673,148,4.970824877748077,0.00011308900138828903,0.1510334014892578,True
1674,189,6.184746598691541,0.00012076299753971398,0.1511096954345703,True
1675,1,40.368013865575094,0.00012728900037473068,0.1512775421142578,False
1676,83,11.836942971164802,0.00012157799937995151,0.1512165069580078,True
1677,86,4.509875500857343,0.00010994699914590456,0.1510639190673828,True
1678,18,5.329941718273538,0.00010867999662877992,0.1510639190673828,True
1679,22,30.05992659548168,0.0001131349999923259,0.1511096954345703,True
1680,112,14.19189460211581,0.00012271000014152378,0.15119361877441406,True
1681,24,4.657417462670193,0.00012947399955010042,0.1510944366455078,True
1682,158,9.821635021287824,0.00010748500062618405,0.1510028839111328,True
1683,103,13.082931117695315,0.00011473999984445982,0.1511096954345703,True
1684,114,9.01607066050873,0.00012218800111440942,0.15122413635253906,True
1685,165,31.523607357605876,0.00011896499927388504,0.15110206604003906,True
1686,24,6.491919704855943,0.00012175300071248785,0.1511859893798828,True
1687,120,7.619348665366677,0.00011250600073253736,0.15113258361816406,True
1688,40,10.476548263028612,0.00011628100037341937,0.15110206604003906,True
1689,155,17.783253691587163,0.00011042500045732595,0.15110206604003906,True
1690,81,17.13236249901562,0.0001258449992747046,0.15130043029785156,False
1691,69,7.410918448811822,0.00017791600112104788,0.1510944366455078,True
1692,105,14.266377237184109,0.0001247100008185953,0.15110206604003906,True
1693,164,6.070519930177587,0.0001174829994852189,0.1512317657470703,True
1694,143,10.835769352489725,0.00011548499969649129,0.1511554718017578,True
1695,37,4.76303717731048,0.00010851100159925409,0.15107154846191406,True
1696,170,11.397395173608345,0.00011871199967572466,0.15117835998535156,True
1697,77,9.47612076764653,0.00011425800039432943,0.1511707305908203,True
1698,185,6.02498141051354,0.00010898000255110674,0.15104103088378906,True
1699,113,5.998163308512831,0.00011092199929407798,0.1510944366455078,True
1700,19,10.000647770947724,0.00011678900045808405,0.1511554718017578,True
1701,104,5.566790221783966,0.00011559600170585327,0.1511859893798828,True
1702,121,9.334147802177018,0.00011140800052089617,0.1510639190673828,True
1703,178,4.42207002518249,0.00011900299796252511,0.15119361877441406,True
1704,89,2.985261056144345,0.00012136400255258195,0.15125465393066406,True
1705,179,5.6983245572991,0.00013275300079840235,0.1511402130126953,True
1706,136,30.206140050256433,0.00011449600060586818,0.15116310119628906,True
1707,29,23.842949329472805,0.00010879000183194876,0.1510639190673828,True
1708,76,6.8048014254350555,0.00011481099863885902,0.15114784240722656,True
1709,102,8.358732796255435,0.00011504000212880783,0.1510334014892578,True
1710,120,7.30214472888783,0.00011202799942111596,0.1510944366455078,True
1711,189,4.945251240230357,0.00012103600238333456,0.1510486602783203,True
1712,17,18.324726351082216,0.00011878599980263971,0.1512012481689453,False
1713,87,10.864306097472063,0.00011045900100725703,0.1510944366455078,True
1714,24,10.619175407118156,0.00011409899889258668,0.15117835998535156,True
1715,184,15.897747783377094,0.00011967300088144839,0.1512470245361328,False
1716,157,10.196928037539799,0.00010647799717844464,0.1510028839111328,True
1717,155,14.578913660982108,0.00011578900011954829,0.15116310119628906,True
1718,196,27.807824915218298,0.00013021400081925094,0.15123939514160156,False
1719,170,16.658750140767115,0.00011529800030984916,0.1512012481689453,True
1720,76,4.9402269634976514,0.00011486400035209954,0.1511554718017578,True
1721,41,5.758003505109477,0.00012063900067005306,0.1511707305908203,True
1722,174,4.48659571494525,0.00011713299682014622,0.1511859893798828,True
1723,53,6.550240792204995,0.00012879800124210306,0.15110206604003906,True
1724,137,5.17092380523639,0.00011663300028885715,0.15113258361816406,True
1725,121,12.78198581383824,0.00011410899969632737,0.15110206604003906,True
1726,103,7.702357457132377,0.00011400199946365319,0.15107154846191406,True
1727,66,14.418173642893052,0.00014420200022868812,0.1512622833251953,False
1728,121,8.62281139103341,0.0001095629995688796,0.15102577209472656,True
1729,46,2.8150882349905677,0.00011987100151600316,0.15120887756347656,True
1730,37,7.310793959481131,0.00012113699995097704,0.15114784240722656,True
1731,165,19.55721165065764,0.00010869200195884332,0.15105628967285156,True
1732,29,11.35989339136305,0.00011053699927288108,0.15110206604003906,True
1733,70,2.321911187995083,0.0001124439986597281,0.15113258361816406,True
1734,159,11.68599543012238,0.0001251520006917417,0.1512012481689453,True
1735,176,4.185449319053333,0.0001149300005636178,0.1512165069580078,True
1736,144,5.430270516957937,0.00011049100066884421,0.15108680725097656,True
1737,105,17.396798121233513,0.0001132789984694682,0.15110206604003906,True
1738,30,3.2522747707960518,0.0001112850004574284,0.15101051330566406,True
1739,0,15.80792253478687,0.0001381209985993337,0.15139198303222656,False
1740,116,5.105007257075196,0.00011381399963283911,0.15110206604003906,True
1741,199,21.632727715837802,0.0001185590008390136,0.15125465393066406,True
1742,15,11.76432313643447,0.00011572899893508293,0.1511859893798828,True
1743,77,5.686340647385684,0.00011300600090180524,0.1511249542236328,True
1744,95,3.0674756645803747,0.00011571099821594544,0.1511859893798828,True
1745,152,8.204431411081092,0.00013991900050314143,0.15117835998535156,True
1746,112,28.683863719411345,0.00012024700117763132,0.15128517150878906,False
1747,9,9.286598737206537,0.0001160950014309492,0.15119361877441406,True
1748,155,17.95701900062741,0.00011392200030968525,0.1511096954345703,True
1749,39,11.955458615631619,0.0001195090007968247,0.15126991271972656,True
1750,34,6.318105301603818,0.000139326999487821,0.1511859893798828,True
1751,43,23.570447525189586,0.00012914000035380013,0.1512165069580078,False
1752,179,6.412536838507923,0.00012046100164297968,0.1511859893798828,True
1753,137,4.739000234537072,0.00010995100092259236,0.1510639190673828,True
1754,50,11.520110449057377,0.00010981599916703999,0.15110206604003906,True
1755,53,8.47788436405837,0.00011838700083899312,0.1511249542236328,True
1756,139,9.5878471991491,0.0001223719991685357,0.15116310119628906,True
1757,12,7.20968096777361,0.00012432599760359153,0.1511859893798828,True
1758,55,3.6416326891825057,0.00011924499995075166,0.15114784240722656,True
1759,185,11.09864772460852,0.00012682699889410287,0.15111732482910156,True
1760,37,11.145948013565047,0.00011663700206554495,0.15119361877441406,True
1761,5,5.159083530718393,0.0001136739992944058,0.15107154846191406,True
1762,58,15.805967824954305,0.00015539499872829765,0.1511402130126953,True
1763,70,1.223074438965057,0.00014504900173051283,0.1510944366455078,True
1764,20,24.58511876651595,0.00012482300007832237,0.15113258361816406,True
1765,120,12.741650809599056,0.00014598699999623932,0.1512165069580078,True
1766,3,12.344113304995977,0.00011446999997133389,0.1512165069580078,True
1767,72,9.839251543613077,0.00017258300067624077,0.15107154846191406,True
1768,54,5.6993959820988636,0.00017594200107851066,0.1512165069580078,True
1769,27,9.271933735751956,0.00012352799967629835,0.15117835998535156,True
1770,137,5.246125223660868,0.00015261299995472655,0.1511096954345703,True
1771,48,8.956745947190036,0.00011411800005589612,0.15099525451660156,True
1772,69,7.679917670395936,0.0001109000004362315,0.15107154846191406,True
1773,25,27.646250781921513,0.00012906499978271313,0.15119361877441406,False
1774,127,4.060772569940855,0.00011814800018328242,0.1510791778564453,True
1775,53,5.470003640718308,0.00011317299868096597,0.15111732482910156,True
1776,176,3.634931899836626,0.00011067699961131439,0.15110206604003906,True
1777,158,16.923824413785617,0.00011247099973843433,0.1510486602783203,True
1778,79,28.072757758878026,0.00011745099982363172,0.1512165069580078,True
1779,102,7.758050267655714,0.00011378999988664873,0.1510639190673828,True
1780,176,4.874658580272654,0.00012133100244682282,0.1512775421142578,True
1781,24,6.0094768448671285,0.00010796299829962663,0.1510486602783203,True
1782,53,6.001463495492487,0.00011558999904082157,0.1511096954345703,True
1783,129,6.1279696984683465,0.00012454899842850864,0.1510944366455078,True
1784,101,41.69761267571869,0.00012178900215076283,0.15128517150878906,False
1785,142,24.486482171121065,0.00011078199895564467,0.15113258361816406,True
1786,133,9.531197124419947,0.00011389800056349486,0.1512317657470703,False
1787,80,5.42196576230974,0.00012607700045919046,0.1511402130126953,True
1788,149,22.67735839226775,0.00013210199904278852,0.1511707305908203,True
1789,88,14.789486820510325,0.00011484800052130595,0.15119361877441406,True
1790,96,17.906360343330146,0.00010715499956859276,0.15107154846191406,True
1791,147,8.857614003172229,0.00012222300210851245,0.15113258361816406,True
1792,28,4.727731261903224,0.00011131400242447853,0.1511249542236328,True
1793,35,13.346773824098458,0.00011758999971789308,0.15123939514160156,True
1794,148,9.504102332521674,0.00010789900261443108,0.15110206604003906,True
1795,196,5.778964427850053,0.00010576100248727016,0.15101051330566406,True
1796,53,8.101206069812415,0.00011184800314367749,0.15108680725097656,True
1797,76,6.709500124857956,0.00011850499868160114,0.15117835998535156,True
1798,176,8.338304814802648,0.00012454299940145575,0.1512775421142578,True
1799,122,19.940184386557295,0.00015715600238763727,0.15114784240722656,True
1800,31,23.530841870968434,0.00012351399709586985,0.1512165069580078,True
1801,56,10.25575568636146,0.00011845100016216747,0.1511859893798828,True
1802,19,9.124086430666935,0.00012450199938029982,0.1511859893798828,True
1803,125,10.187859761343843,0.00012572099876706488,0.15125465393066406,True
1804,148,8.411460107414051,0.0001063170020643156,0.1510486602783203,True
1805,185,6.997903475779927,0.00011372600056347437,0.15102577209472656,True
1806,102,6.6886191753020015,0.00011499999891384505,0.15107154846191406,True
1807,165,25.642058204377477,0.0001223880026373081,0.15120887756347656,True
1808,15,7.18037470293803,0.00011215900303795934,0.1510334014892578,True
1809,16,15.26851776939937,0.00012076599887222983,0.1511859893798828,True
1810,98,31.394408732488213,0.00012693000098806806,0.1511859893798828,True
1811,2,17.058070300975857,0.0001221310012624599,0.15120887756347656,False
1812,168,3.65609707105333,0.00012527999933809042,0.15125465393066406,True
1813,109,2.525831737864804,0.00011652700050035492,0.15107154846191406,True
1814,171,6.74349367262623,0.00011712899868143722,0.15110206604003906,True
1815,22,27.465764298450242,0.0001175700017483905,0.15113258361816406,True
1816,56,11.071035364466592,0.00012635500024771318,0.15120887756347656,False
1817,81,9.786552122036333,0.00012614599836524576,0.1512622833251953,True
1818,144,4.691166052203657,0.00012629000048036687,0.15105628967285156,True
1819,190,12.138309134027732,0.00012269900253158994,0.1511249542236328,True
1820,15,8.076641058025025,0.0001152219992945902,0.1510791778564453,True
1821,182,6.357566180799374,0.00012636400060728192,0.1512165069580078,True
1822,27,8.434042129803926,0.00012187099855509587,0.15113258361816406,True
1823,189,13.279046996337698,0.0001196550001623109,0.15114784240722656,True
1824,107,4.165950174250159,0.00010901600035140291,0.1510181427001953,True
1825,185,7.876462302183299,0.00011078500028816052,0.1511096954345703,True
1826,143,16.486772113652602,0.0001154609999503009,0.15119361877441406,True
1827,158,18.72640103167227,0.00013566599955083802,0.15120887756347656,False
1828,21,8.83808793556839,0.00011763599832192995,0.15125465393066406,False
1829,124,9.22471078508207,0.00011742100105038844,0.15123939514160156,False
1830,18,8.4121072873243,0.00011117299800389446,0.1511402130126953,True
1831,136,20.55915251473602,0.00011918800009880215,0.1512928009033203,True
1832,189,7.7175043400515575,0.00012890200014226139,0.15110206604003906,True
1833,189,3.290685472785205,0.00032079200173029676,0.1510791778564453,True
1834,16,37.94849225347612,0.00013859799946658313,0.1513538360595703,False
1835,149,27.967866813802523,0.00011534199802554213,0.15120887756347656,False
1836,180,13.295270236624216,0.00011661099779303186,0.15117835998535156,True
1837,116,10.588455271591362,0.00011728200115612708,0.1511554718017578,True
1838,109,2.8470992846873977,0.00011041500329156406,0.15104103088378906,True
1839,25,29.77274635519031,0.00011610199726419523,0.1512165069580078,False
1840,153,15.154912022054935,0.00011140700007672422,0.15108680725097656,True
1841,163,25.417843345151407,0.00011777899999287911,0.1510791778564453,True
1842,112,11.308530865731639,0.00011780800195992924,0.1512165069580078,True
1843,103,13.236525046350023,0.00011209199874429032,0.15114784240722656,True
1844,196,11.206756365452012,0.0001160749998234678,0.1511096954345703,True
1845,56,7.0142775611818005,0.00011518500105012208,0.1510639190673828,True
1846,76,5.303924093505987,0.00011654800255200826,0.1511096954345703,True
1847,46,4.0314026962055935,0.00012518799849203788,0.1512317657470703,True
1848,5,10.806674908373772,0.00011269800234003924,0.15116310119628906,True
1849,27,9.942270280094302,0.0001185629989777226,0.1511707305908203,True
1850,133,45.508322209036216,0.00013357199713937007,0.15146827697753906,False
1851,169,5.145512515391924,0.00011789099880843423,0.1511554718017578,True
1852,174,5.028743195826255,0.00011774100130423903,0.1511249542236328,True
1853,160,8.674648608920045,0.00013393200060818344,0.15117835998535156,True
1854,15,9.197590339315408,0.0001333820000581909,0.15108680725097656,True
1855,198,20.04805443305711,0.0001166299989563413,0.15116310119628906,True
1856,193,16.66516866054185,0.00015944599726935849,0.15120887756347656,True
1857,170,17.969230538996754,0.00012355899889371358,0.1512928009033203,True
1858,133,10.560821235462178,0.00011507900126161985,0.15123939514160156,False
1859,68,11.17490025643896,0.0001329730002908036,0.1511859893798828,False
1860,162,1.6951768241994731,0.00010487399777048267,0.15096473693847656,True
1861,70,1.9582159760894917,0.00011180200090166181,0.15107154846191406,True
1862,186,10.55689838159949,0.00012218700067023747,0.1512317657470703,False
1863,156,6.894080905496559,0.00012150600014138035,0.15120887756347656,True
1864,24,4.995522227083715,0.00011415499830036424,0.15108680725097656,True
1865,72,20.0920194600987,0.0001460390012653079,0.1510639190673828,True
1866,176,2.4747194442880636,0.00011569100024644285,0.15105628967285156,True
1867,103,12.602796659344973,0.00011455399726401083,0.15116310119628906,True
1868,121,7.7798872112954625,0.00011610499859671108,0.15102577209472656,True
1869,168,1.9196029796305107,0.00013872999988961965,0.1511707305908203,True
1870,147,6.841865970172226,0.0001360040005238261,0.15116310119628906,True
1871,120,9.674481723199223,0.00012689699724433012,0.15113258361816406,True
1872,41,8.328503558572148,0.000122204000945203,0.1511707305908203,True
1873,16,14.293162460150787,0.0001288089988520369,0.1512928009033203,False
1874,164,11.781016447639763,0.0001341319984931033,0.1513080596923828,True
1875,127,4.235782310726305,0.0001221410020662006,0.1511707305908203,True
1876,102,35.469267888663374,0.00012424099986674264,0.1512622833251953,False
1877,63,3.2281198281353474,0.00011984500088146888,0.15110206604003906,True
1878,183,5.5596838728419264,0.00011377999908290803,0.15111732482910156,True
1879,113,4.704935502198751,0.00011550799899850972,0.1511554718017578,True
1880,186,18.017417837288328,0.00011942099808948115,0.15133094787597656,False
1881,34,10.266852760814086,0.00011893299961229786,0.15125465393066406,True
1882,19,7.457764570440091,0.0001235919989994727,0.1510944366455078,True
1883,23,10.295382102307572,0.00013246100206742994,0.15113258361816406,True
1884,70,6.498839189968523,0.00011625299885054119,0.1511402130126953,True
1885,86,5.5922070210171695,0.00011117499889223836,0.1510944366455078,True
1886,139,14.771064573418588,0.0001260210010514129,0.1512165069580078,True
1887,50,17.391905876104076,0.00011234400153625757,0.15113258361816406,True
1888,53,6.890085320272269,0.00013239799955044873,0.15113258361816406,True
1889,87,7.094647122398275,0.00011034400085918605,0.1510334014892578,True
1890,136,32.31700279557126,0.00011884299965458922,0.15116310119628906,True
1891,176,5.328730152980893,0.00011629800064838491,0.15110206604003906,True
1892,172,6.7973170842120325,0.00012598099783645011,0.15117835998535156,True
1893,82,5.441137699152024,0.0001218189972860273,0.15104103088378906,True
1894,66,8.669243953596624,0.00013294699965626933,0.1511707305908203,True
1895,32,11.6597191128022,0.00011823900058516301,0.1511707305908203,False
1896,37,10.408143910660357,0.0001188040005217772,0.1511554718017578,True
1897,79,7.482371080954382,0.00012225300088175572,0.1510791778564453,True
1898,53,17.414953786474904,0.00013772300007985905,0.1512012481689453,True
1899,68,7.433925676956981,0.0001244349987246096,0.15122413635253906,True
1900,23,6.228983148467859,0.0001126690003729891,0.15107154846191406,True
1901,155,18.89754824204367,0.00012345099821686745,0.1512317657470703,False
1902,16,9.815092326765805,0.00012455500109354034,0.1511096954345703,True
1903,80,4.223501259791139,0.00011766399984480813,0.15113258361816406,True
1904,17,7.574314554641591,0.0001250869972864166,0.15113258361816406,True
1905,138,5.560221164844111,0.00011808599811047316,0.1511554718017578,True
1906,113,3.631030325809926,0.0001992840007005725,0.1511554718017578,True
1907,190,11.813694211536255,0.00011644600090221502,0.15111732482910156,True
1908,8,30.47809119997306,0.00013236999802757055,0.15116310119628906,True
1909,77,4.608112114955091,0.00011686799916788004,0.1511554718017578,True
1910,155,7.616185341320789,0.00012072200115653686,0.1510791778564453,True
1911,20,5.641192009444016,0.00010804999692481942,0.15099525451660156,True
1912,169,8.775186160919123,0.00011916699804714881,0.15125465393066406,True
1913,136,21.422341944259102,0.00011922100020456128,0.1512775421142578,True
1914,111,11.221591934596907,0.00012892300219391473,0.1511859893798828,False
1915,38,10.847748365675844,0.00011288200039416552,0.15110206604003906,True
1916,172,5.811094488461615,0.00011325599916744977,0.15116310119628906,True
1917,27,3.575027332657587,0.00010901300265686586,0.1510639190673828,True
1918,37,3.7022531669416296,0.00011144400195917115,0.15111732482910156,True
1919,56,6.042196936811779,0.00011008299770765007,0.1510791778564453,True
1920,114,5.091712443183317,0.00011774000086006708,0.15116310119628906,True
1921,24,5.236012257108526,0.0001383259987051133,0.1510791778564453,True
1922,37,6.566139557913282,0.00012192600115668029,0.1511402130126953,True
1923,56,6.12193359774008,0.00013589100126409903,0.15102577209472656,True
1924,174,1.8147518941062655,0.00011336500028846785,0.15113258361816406,True
1925,24,13.728198195693919,0.00011570399874472059,0.1511554718017578,True
1926,37,9.038514596539338,0.00011226800052099861,0.1511249542236328,True
1927,11,12.226593764289975,0.00011823000022559427,0.15114784240722656,True
1928,126,10.802209353878919,0.00012157200035289861,0.1511554718017578,True
1929,85,25.093285775850898,0.00012392500138957985,0.15128517150878906,True
1930,139,7.333840467630703,0.00010920600107056089,0.1510791778564453,True
1931,176,1.510944608143819,0.00011156099935760722,0.1511249542236328,True
1932,41,4.706706401062987,0.00011070700202253647,0.1510944366455078,True
1933,166,21.647878501195713,0.00013214499995228834,0.1512470245361328,False
1934,45,3.357245243322946,0.00012886499825981446,0.15108680725097656,True
1935,71,13.513974510517846,0.00014367200128617696,0.15122413635253906,True
1936,160,6.28770665188165,0.00011515000005601905,0.1510944366455078,True
1937,121,8.665945178114695,0.00011068999810959212,0.15107154846191406,True
1938,59,8.778426073788925,0.00013361400124267675,0.15114784240722656,True
1939,196,7.025505089349039,0.00011112400170532055,0.1510181427001953,True
1940,20,24.594447290146295,0.0001163970009656623,0.15108680725097656,True
1941,152,9.635597921366598,0.00012420100028975867,0.1511707305908203,True
1942,79,35.578672840108915,0.0001349419981124811,0.15128517150878906,True
1943,28,4.623888727314819,0.00011570399874472059,0.15111732482910156,True
1944,56,7.035158450380824,0.00011215199992875569,0.15104103088378906,True
1945,95,2.78365300535049,0.00011935600196011364,0.1512012481689453,True
1946,19,6.263723908495321,0.00012629900083993562,0.15120887756347656,True
1947,80,3.9713181925669705,0.00011241600077482872,0.1511554718017578,True
1948,136,22.40182690897443,0.00011737599925254472,0.15122413635253906,True
1949,69,6.758149250466522,0.0001168550006696023,0.15102577209472656,True
1950,90,6.833558344672403,0.00013238499741419218,0.15108680725097656,True
1951,180,9.717800760051984,0.00011510100011946633,0.15110206604003906,True
1952,116,9.73482942998487,0.00012033800157951191,0.1511707305908203,True
1953,167,4.5529099374585975,0.00011929299944313243,0.15117835998535156,True
1954,37,18.181702317706538,0.0001174120006908197,0.1512165069580078,False
1955,126,49.43894680049693,0.00012367399904178455,0.15133094787597656,True
1956,113,4.865703389451302,0.00011715200162143447,0.15116310119628906,True
1957,65,11.048962233887169,0.00011563899897737429,0.15119361877441406,True
1958,36,18.829584835898757,0.00011262199768680148,0.15113258361816406,True
1959,24,3.657747256415361,0.00011247800284763798,0.15110206604003906,True
1960,62,14.913489455320637,0.00011089499821537174,0.1510791778564453,True
1961,41,3.243158312431887,0.00010646200098562986,0.1510334014892578,True
1962,27,2.031944560195441,0.0001084079995052889,0.15105628967285156,True
1963,56,6.103840678651113,0.00011752299906220287,0.1510334014892578,True
1964,87,11.012054952730022,0.00011283599815214984,0.15107154846191406,True
1965,138,6.622471242659024,0.00013475200103130192,0.1512470245361328,True
1966,174,5.4400270259515695,0.00011396099944249727,0.15116310119628906,True
1967,104,6.040002966911075,0.00010833599662873894,0.15108680725097656,True
1968,178,7.80619176687801,0.00011814699973911047,0.1512165069580078,True
1969,128,6.428577877613563,0.00012836600217269734,0.15119361877441406,True
1970,195,15.556735398135777,0.00010852799823624082,0.15107154846191406,True
1971,56,14.749697830761365,0.00011247599832131527,0.15111732482910156,True
1972,32,6.0776604403321555,0.00011589900168473832,0.1510944366455078,True
1973,135,6.765726486574615,0.00014506400111713447,0.15108680725097656,True
1974,70,4.64792104600832,0.00012005700045847334,0.1511707305908203,True
1975,113,6.704504285549585,0.00012011100261588581,0.1512012481689453,True
1976,53,6.255155939911519,0.00011839199942187406,0.15110206604003906,True
1977,20,25.050091835014594,0.00012113499906263314,0.15114784240722656,True
1978,112,10.836909095130533,0.00011703500058501959,0.15114784240722656,True
1979,12,6.200294867871491,0.0001602079973963555,0.15114784240722656,True
1980,184,24.556686305168068,0.00012157300079707056,0.1511554718017578,True
1981,148,6.960497625204545,0.00011230199743295088,0.15104103088378906,True
1982,0,1.3928342417723034,0.00011869799709529616,0.15114784240722656,True
1983,165,25.314394189623613,0.00011956200251006521,0.15113258361816406,True
1984,20,13.90219056303783,0.00011718899986590259,0.15107154846191406,True
1985,114,8.71400211026242,0.0001259519995073788,0.15123939514160156,True
1986,62,11.51801081699771,0.00011497800005599856,0.15102577209472656,True
1987,25,31.652958344267315,0.00012883800081908703,0.15117835998535156,False
1988,168,7.870743158918003,0.0001262600017071236,0.15128517150878906,True
1989,98,25.63801388816521,0.00013364500046009198,0.1512165069580078,False
1990,53,6.969148909088602,0.00011629399887169711,0.1510791778564453,True
1991,29,21.65102126007867,0.00012639499982469715,0.1511402130126953,True
1992,109,3.883429600545391,0.00012161099948571064,0.1511859893798828,True
1993,38,24.55115034689942,0.00011794399688369595,0.15116310119628906,True
1994,38,22.96792951414695,0.0001195069999084808,0.15117835998535156,True
1995,111,8.371009203464693,0.0001166239999292884,0.15113258361816406,True
1996,157,7.617001712802562,0.00011283899948466569,0.15097999572753906,True
1997,37,9.920598782436656,0.00013130499792168848,0.15110206604003906,True
1998,36,25.434244104334553,0.00011683900083880872,0.15116310119628906,False
1999,135,9.27032049829289,0.00012455300020519644,0.1510639190673828,True
2000,121,21.446951295156275,0.00012118800077587366,0.1512622833251953,True
2001,15,7.651599084459022,0.00014854099936201237,0.1511096954345703,True
2002,25,26.565886695251223,0.0001141299981100019,0.15117835998535156,False
2003,86,9.051368815799515,0.0001264260026800912,0.1511249542236328,True
2004,139,10.636998245777571,0.00011502699999255128,0.15114784240722656,True
2005,193,13.6194240096995,0.00011784600064856932,0.1511554718017578,True
2006,46,26.476069259872183,0.00011798299965448678,0.1512928009033203,True
2007,120,5.769685588367981,0.0001146950016845949,0.1510791778564453,True
2008,19,10.500455175009062,0.00011482100308057852,0.15113258361816406,True
2009,193,15.612608138129337,0.00012120600149501115,0.1512012481689453,True
2010,181,20.90624637504903,0.00013484800001606345,0.1513233184814453,False
2011,115,6.81470079149123,0.0001222669998242054,0.15120887756347656,False
2012,179,6.878852469070183,0.0001238309996551834,0.15117835998535156,True
2013,15,9.412085998268267,0.00011183799870195799,0.1511096954345703,True
2014,173,5.262251774352176,0.00011227499999222346,0.15117835998535156,True
2015,178,6.272009819651179,0.00012674799654632807,0.15113258361816406,True
2016,56,4.076919640436178,0.00010824299897649325,0.15105628967285156,True
2017,71,10.535041556944597,0.0001128350013459567,0.1511096954345703,True
2018,103,10.338774409419564,0.00011323700164211914,0.1511402130126953,True
2019,96,15.183514546210562,0.00012179300028947182,0.1511249542236328,True
2020,5,2.199536485966467,0.00026567699751467444,0.15101051330566406,True
2021,111,9.763812277836719,0.00011628599895630032,0.15116310119628906,True
2022,5,10.826502305769106,0.00011428200014051981,0.1511554718017578,True
2023,174,4.386182841443304,0.00011774000086006708,0.15117835998535156,True
2024,73,8.270735605808342,0.00011354099842719734,0.1511249542236328,True
2025,190,7.466333555599096,0.00011297599849058315,0.15101051330566406,True
2026,94,19.13993126257318,0.00011499100219225511,0.1511096954345703,True
2027,36,27.489168148713382,0.00013412000043899752,0.1512012481689453,False
2028,192,22.263814720126096,0.00012428999980329536,0.1510791778564453,True
2029,191,11.728944869763001,0.00011902799815288745,0.15113258361816406,True
2030,109,2.7953451480462075,0.00011513100253068842,0.15108680725097656,True
2031,190,9.77637000163806,0.0001271030014322605,0.1510639190673828,True
2032,40,9.825284135802265,0.00012126399815315381,0.1511554718017578,True
2033,24,16.03166232938128,0.00012062299720128067,0.1512165069580078,False
2034,37,5.925261115582288,0.00011425900083850138,0.1511249542236328,True
2035,174,5.681684913979602,0.00011853299656650051,0.15117835998535156,True
2036,69,8.621907778895386,0.00012227799743413925,0.1510791778564453,True
2037,137,7.4076616202419565,0.00011381300282664597,0.1510944366455078,True
2038,76,4.544187614290857,0.00011707399971783161,0.15108680725097656,True
2039,148,8.837286445790696,0.00010346199997002259,0.15104103088378906,True
2040,11,7.72672478422543,0.00011076100054197013,0.1510944366455078,True
2041,90,11.880234308944798,0.00011829399954876862,0.1512317657470703,True
2042,80,7.689341400177109,0.00012590199912665412,0.1512317657470703,False
2043,179,9.211988556045645,0.00011191799785592593,0.1511249542236328,True
2044,157,23.67564665099618,0.00010629199823597446,0.15102577209472656,True
2045,37,11.404879064977576,0.00011501799963298254,0.15116310119628906,True
2046,76,5.275431904816529,0.00022771500152884983,0.1511402130126953,True
2047,183,5.306380365314542,0.00011491500117699616,0.1511096954345703,True
2048,69,10.048948076886274,0.0001282010016439017,0.15120887756347656,True
2049,122,6.676908447221362,0.00011364700185367838,0.1510639190673828,True
