Test Index,Train Index,Score,Computing Time (s),Space Usage (MB),Same Class
0,526,9.61096552957578,0.0003360370028531179,0.15181922912597656,False
1,526,12.178516302584017,0.0004138910007895902,0.1517810821533203,False
2,526,32.42144201109559,0.0003364179974596482,0.15180397033691406,False
3,526,16.637207406836072,0.00032094199923449196,0.1517810821533203,False
4,526,32.2051402175196,0.0003193080010532867,0.15178871154785156,False
5,526,5.262822744800609,0.0012046299998473842,0.1517810821533203,False
6,526,14.761978978885775,0.0003338389979035128,0.15177345275878906,False
7,526,6.585707841005584,0.00041784099812502973,0.1517505645751953,False
8,534,30.3445643762425,0.0003429159987717867,0.1517658233642578,False
9,542,0.45997338381658714,0.0003172860015183687,0.1517658233642578,False
10,542,8.591554014512296,0.0003281739991507493,0.15183448791503906,False
11,534,33.2300404480559,0.0003180389976478182,0.15175819396972656,False
12,526,8.511307351398907,0.00032600899794488214,0.15180397033691406,False
13,526,9.787148221230572,0.0003565070001059212,0.15183448791503906,False
14,526,19.670350754873493,0.0003389470002730377,0.15177345275878906,False
15,526,23.20356959334513,0.00033441100094933063,0.1517810821533203,False
16,526,30.584181693515077,0.00033626699951128103,0.1517658233642578,False
17,526,4.151346791758136,0.0003428550007811282,0.1518268585205078,False
18,526,4.184031484092918,0.0003363579999131616,0.15180397033691406,False
19,526,8.373913887103228,0.00033070599965867586,0.1517963409423828,False
20,526,7.165224131080449,0.0003309989988338202,0.1517963409423828,False
21,526,15.104815931381077,0.00035958199805463664,0.15180397033691406,False
22,526,8.461201783461153,0.00033384600101271644,0.1517963409423828,False
23,526,10.749030840045853,0.000328147998516215,0.1517810821533203,False
24,526,11.144348941209488,0.0003379039990250021,0.1518115997314453,False
25,526,12.773925631068431,0.0003270439992775209,0.1517963409423828,False
26,526,8.812040512256548,0.0003341020019433927,0.1518115997314453,False
27,526,5.475723347833993,0.0003243199971620925,0.15178871154785156,False
28,526,5.494887566604357,0.00032467699929839,0.15180397033691406,False
29,526,17.049397060201997,0.0003928699989046436,0.1517963409423828,False
30,526,8.744546764846845,0.0003299039999546949,0.1517810821533203,False
31,526,7.619671221069847,0.0003306180005893111,0.15175819396972656,False
32,526,6.45945004665373,0.00034865099951275624,0.15177345275878906,False
33,526,5.503446828247615,0.0003296450013294816,0.15180397033691406,False
34,526,5.374833445387754,0.0003217630001017824,0.15178871154785156,False
35,526,2.3370695384782074,0.0003348259997437708,0.1517658233642578,False
36,526,5.67042792649559,0.00032408200058853254,0.1518115997314453,False
37,526,5.176427481088177,0.00032577000092715025,0.15175819396972656,False
38,526,0.2622572773741787,0.00034008700095000677,0.1517963409423828,False
39,526,16.618240158408938,0.00033631400219746865,0.15180397033691406,False
40,526,4.962249860192298,0.0003297809998912271,0.1517963409423828,False
41,526,5.816632431985902,0.0003312129992991686,0.1517810821533203,False
42,526,2.963056914884733,0.0003433979982219171,0.15180397033691406,False
43,526,12.99742986438432,0.00034223200054839253,0.1517810821533203,False
44,526,3.4172268679695623,0.00032694900073693134,0.15178871154785156,False
45,526,9.407693843733345,0.0003331280022393912,0.1517963409423828,False
46,526,4.954219261380306,0.0003362460010976065,0.15183448791503906,False
47,526,5.792347304510287,0.0006282809990807436,0.1518421173095703,False
48,526,2.9217030041412366,0.000325513999996474,0.15183448791503906,False
49,526,5.261783658616187,0.0003237019991502166,0.15181922912597656,False
50,526,9.335632128348752,0.0003784649998124223,0.1518268585205078,False
51,526,5.174698030447092,0.00034448700171196833,0.1518115997314453,False
52,526,14.642704309107572,0.00034983200021088123,0.15180397033691406,False
53,526,21.11401136707773,0.00032423399898107164,0.15181922912597656,False
54,526,8.249519944895155,0.00032268399809254333,0.1517963409423828,False
55,526,6.0374161663082155,0.00032613099756417796,0.1518268585205078,False
56,526,8.518708688058723,0.00035941000169259496,0.15181922912597656,False
57,526,19.720303355439952,0.0003321980002510827,0.15181922912597656,False
58,526,11.059643266086931,0.0003438159983488731,0.15181922912597656,False
59,526,15.818234828049501,0.0003375529995537363,0.1518268585205078,False
60,526,21.067004786153944,0.0003317059999972116,0.1518268585205078,False
61,542,3.773210715993879,0.0003276679999544285,0.1518115997314453,False
62,526,16.605866093979877,0.0003243689970986452,0.1518115997314453,False
63,526,4.836111783583625,0.0003642960000433959,0.1517810821533203,False
64,526,13.186717863390435,0.00034878499718615785,0.15181922912597656,False
65,526,22.590797202731103,0.0003268830005254131,0.15180397033691406,False
66,526,14.151153936175248,0.0003381019996595569,0.15180397033691406,False
67,526,16.872589744371993,0.00034226300340378657,0.1517963409423828,False
68,526,16.502519519497984,0.0003521780017763376,0.15180397033691406,False
69,526,8.792945490126527,0.00032562199703534134,0.15178871154785156,False
70,526,14.761978978885775,0.00033838099989225157,0.15177345275878906,False
71,526,30.27318795938674,0.00032667399864294566,0.1518115997314453,False
72,202,24.19102006380039,0.00032204000308411196,0.1518421173095703,False
73,476,2.5310580587292777,0.0003323599994473625,0.15175819396972656,False
74,202,25.848606106459574,0.0003453209974395577,0.15183448791503906,False
75,201,18.66012372823733,0.0003364869990036823,0.15178871154785156,False
76,476,6.06604909598974,0.0003243749997636769,0.15184974670410156,False
77,453,1.1561355317970725,0.00032749399906606413,0.15178871154785156,False
78,453,7.910691437368849,0.00033902499853866175,0.1517963409423828,False
79,453,7.866130600032524,0.00032156800079974346,0.1517810821533203,False
80,453,0.3370870578150502,0.00033272200016654097,0.1518268585205078,False
81,453,4.338787652869028,0.0003185900022799615,0.1517810821533203,False
82,453,6.4107077271704,0.0003202970001439098,0.15184974670410156,False
83,460,0.3775896259771412,0.0003288020016043447,0.15177345275878906,False
84,257,8.563149692626334,0.0003321760013932362,0.1517200469970703,False
85,476,6.245468719757266,0.0003211209987057373,0.15172767639160156,False
86,542,1.6793266013829449,0.00034663699989323504,0.1517505645751953,False
87,453,6.831997896741143,0.000340196998877218,0.15175819396972656,False
88,453,5.911425349892808,0.00032663900128682144,0.1518115997314453,False
89,559,9.260125835838588,0.00036142599856248125,0.1517505645751953,False
90,542,7.606798159227493,0.0007034219997876789,0.1517505645751953,False
91,542,1.0514881374023446,0.00033202299891854636,0.1517658233642578,False
92,542,4.471871931617539,0.0003263119979237672,0.15178871154785156,False
93,476,1.0347292480089028,0.0003184199995303061,0.15180397033691406,False
94,453,5.71232558263932,0.0003459979998297058,0.15180397033691406,False
95,559,1.8207396770497528,0.00031857299836701714,0.1517047882080078,False
96,453,0.8060353684365482,0.00033769000219763257,0.15181922912597656,False
97,453,5.1004247725422465,0.00032993800050462596,0.15181922912597656,False
98,556,1.8601995503159938,0.0003241260019422043,0.15174293518066406,False
99,262,1.1231114692542872,0.0003203390006092377,0.1517963409423828,False
100,460,0.02609365240241779,0.00032309500238625333,0.15178871154785156,False
101,387,0.339827598831576,0.0003317580012662802,0.15174293518066406,False
102,542,0.25342618883100343,0.00032688200008124113,0.15175819396972656,False
103,476,2.794818757131708,0.0003187120018992573,0.1517353057861328,False
104,460,0.3604259933503817,0.0003212730007362552,0.15178871154785156,False
105,542,15.65885242080936,0.0003288890002295375,0.1518115997314453,False
106,453,0.606858504639995,0.00033018300018738955,0.15177345275878906,False
107,453,4.501281353059966,0.00032050200024968944,0.1518421173095703,False
108,453,9.436546589882518,0.0003173000004608184,0.1518115997314453,False
109,460,3.017993178686222,0.0003230199981771875,0.15174293518066406,False
110,252,0.6161811051900945,0.00033594300111872144,0.15175819396972656,False
111,460,0.3830994498987663,0.00032440200084238313,0.1517810821533203,False
112,453,5.451404298576764,0.00034104699807357974,0.15178871154785156,False
113,542,0.5254023150550644,0.0003244759973313194,0.1517963409423828,False
114,453,3.9840775363656533,0.00032647099942550994,0.1517963409423828,False
115,542,13.782835497068195,0.0003228249988751486,0.1517963409423828,False
116,476,0.823040283093551,0.00032489499790244736,0.1517810821533203,False
117,453,0.6758452251494157,0.0003394030027266126,0.1518421173095703,False
118,453,16.350597947470792,0.0003353440006321762,0.1518573760986328,False
119,453,15.14792669081055,0.00033894200169015676,0.15184974670410156,False
120,453,2.54835887289948,0.0003324999997857958,0.1517810821533203,False
121,542,25.630730824672238,0.0003496770004858263,0.15175819396972656,False
122,201,18.773947786238473,0.0003161469976475928,0.1517658233642578,False
123,444,8.248950704433687,0.00033671300116111524,0.15186500549316406,False
124,453,2.230347334903156,0.000345718002790818,0.1518268585205078,False
125,201,0.4908133493762179,0.0003164970003126655,0.1517505645751953,False
126,201,0.07686416174791866,0.000340575999871362,0.15177345275878906,False
127,453,6.372483998931403,0.002380563000770053,0.15184974670410156,False
128,201,4.014164910440895,0.00033227799940505065,0.15177345275878906,False
129,476,2.57614853338964,0.000367650998668978,0.15174293518066406,False
130,453,3.7721106539652394,0.00033607700243010186,0.15180397033691406,False
131,257,1.4237931571642837,0.00032436399851576425,0.1517810821533203,False
132,526,5.606547518663895,0.00033335199987050146,0.1517658233642578,False
133,257,1.051190302950778,0.0003391209975234233,0.15180397033691406,False
134,467,0.8753497284326317,0.0003120139990642201,0.15174293518066406,False
135,462,0.27940682362865177,0.00033636900116107427,0.15177345275878906,False
136,467,0.97955552034135,0.0003336570007377304,0.15183448791503906,False
137,467,0.49213944084386974,0.0003260889970988501,0.1517658233642578,False
138,503,1.176763235275991,0.00032710899904486723,0.1517353057861328,False
139,542,3.4888410327228776,0.00032508900039829314,0.1517658233642578,False
140,441,4.837884536141434,0.0003250299996579997,0.1517505645751953,False
141,476,1.341727280156861,0.00031999199927668087,0.1517963409423828,False
142,542,0.3043976893780105,0.0003291869979875628,0.15178871154785156,False
143,453,5.571521512904615,0.00033267099934164435,0.1518115997314453,False
144,453,3.3512214420511066,0.00038878299892530777,0.15183448791503906,False
145,542,9.268386624567944,0.00032295200071530417,0.15180397033691406,False
146,453,0.8656102576639544,0.00032554100107518025,0.15186500549316406,False
147,201,18.27200208982648,0.00032972700137179345,0.1518115997314453,False
148,542,8.462025782514818,0.0003236560005461797,0.1517810821533203,False
149,542,10.442317919892218,0.00032933799957390875,0.15184974670410156,False
150,542,8.519258348456294,0.0003333669992571231,0.15183448791503906,False
151,542,2.3468634928429033,0.00031651300014345907,0.1517505645751953,False
152,534,14.283012559860667,0.0003777700003411155,0.15174293518066406,False
153,460,1.069647332901237,0.00032638799893902615,0.15181922912597656,False
154,201,26.11292499158994,0.0003365949996805284,0.15181922912597656,False
155,542,5.408262587088743,0.00032636199830449186,0.1518268585205078,False
156,453,0.21183911460571436,0.0003303480007161852,0.15183448791503906,False
157,476,26.56446739814674,0.0003246119995310437,0.1518268585205078,False
158,526,36.44349224150771,0.00034188400240964256,0.15180397033691406,False
159,201,2.4313529948764483,0.00033840899777715094,0.15181922912597656,False
160,453,25.28555500078652,0.0003363520008861087,0.15183448791503906,False
161,453,7.421006554345941,0.0003316260008432437,0.1518268585205078,False
162,542,2.8458463801271456,0.00032072899921331555,0.1517353057861328,False
163,542,8.228727224964317,0.0003321650001453236,0.1518573760986328,False
164,476,2.4663303749506413,0.0003247579988965299,0.1517810821533203,False
165,476,1.057562448714144,0.00033427600283175707,0.1517963409423828,False
166,542,18.811332044728317,0.00033517700285301544,0.15181922912597656,False
167,453,3.90910684457008,0.00032205599927692674,0.1518421173095703,False
168,542,24.83287079796265,0.00033795700073824264,0.15181922912597656,False
169,201,20.42439663959151,0.00031759099874761887,0.1518115997314453,False
170,534,15.985109462070772,0.0003221910010324791,0.15174293518066406,False
171,542,34.935945784526155,0.00032757300141383894,0.1517810821533203,False
172,534,19.216046443891557,0.0003527709995978512,0.1517810821533203,False
173,542,6.645109035980255,0.0003280890014139004,0.1517505645751953,False
174,453,0.1671359636438064,0.0003389140001672786,0.15183448791503906,False
175,534,26.870445812977454,0.0003259919976699166,0.15175819396972656,False
176,531,12.18434771134085,0.0003447400013101287,0.1518421173095703,False
177,453,3.3654646428485018,0.00032366700179409236,0.1518573760986328,False
178,387,0.20859274286803992,0.0003261639976699371,0.1517810821533203,False
179,201,7.989227237047677,0.0003956360014853999,0.15184974670410156,False
180,453,4.0669021308540145,0.0003442289998929482,0.15177345275878906,False
181,542,10.113344282640451,0.0003801080019911751,0.1518573760986328,False
182,453,3.253002781297928,0.00032200300120166503,0.15186500549316406,False
183,476,1.6717824477610703,0.00033314499887637794,0.1518268585205078,False
184,531,6.615529070246713,0.0003476860001683235,0.15183448791503906,False
185,542,11.971310820725426,0.0003240669975639321,0.1518268585205078,False
186,542,1.5330956922353618,0.00035027999911108054,0.15184974670410156,False
187,542,21.204886030721923,0.00032928899963735603,0.1518421173095703,False
188,453,6.707146287803201,0.00033002900090650655,0.1518726348876953,False
189,453,1.1916707717832002,0.0003193640004610643,0.1518115997314453,False
190,257,2.1232818902869677,0.00036870599797111936,0.1517658233642578,False
191,542,11.861551905090764,0.00032476500200573355,0.1518421173095703,False
192,534,0.46006043537839586,0.0003161289969284553,0.1517505645751953,False
193,542,12.093931878612578,0.0003266729981987737,0.15183448791503906,False
194,453,5.323149528810691,0.00034444099946995266,0.15186500549316406,False
195,526,23.153054061247385,0.0003261940000811592,0.1518268585205078,False
196,453,6.481153283185746,0.00032392800130764954,0.15177345275878906,False
197,534,24.282346572287143,0.0003196519974153489,0.1517505645751953,False
198,202,4.279019942768117,0.0003318349990877323,0.1518421173095703,False
199,202,20.715609274699005,0.00032041700251284055,0.1518573760986328,False
200,440,1.0007461940582292,0.0003218950005248189,0.1518268585205078,False
201,201,9.202218845640106,0.0003320219984743744,0.15180397033691406,False
202,476,18.70545779049697,0.00033159100348711945,0.1518573760986328,False
203,453,0.7415633798018146,0.00033296300171059556,0.1517963409423828,False
204,453,1.5623738119086092,0.00032620600177324377,0.15180397033691406,False
205,257,9.093447441158983,0.000354339001205517,0.1517658233642578,False
206,453,8.822868832057875,0.00032351299887523055,0.1517810821533203,False
207,453,4.064321295414773,0.000342557999829296,0.1518115997314453,False
208,453,4.975316947020793,0.00032183299845200963,0.15180397033691406,False
209,453,0.1634215679019877,0.00032742099938332103,0.1517963409423828,False
210,526,12.204177740269841,0.00034762200084514916,0.15178871154785156,False
211,526,6.498718076761071,0.0003296029972261749,0.1518726348876953,False
212,555,0.12003130115697491,0.0003515759999572765,0.1518268585205078,False
213,526,1.394517609788826,0.00036081799771636724,0.15184974670410156,False
214,526,1.5333463260888909,0.00034687800143728964,0.15186500549316406,False
215,526,1.2880848396874036,0.00033605899807298556,0.15184974670410156,False
216,526,0.8159109190918272,0.00032734800333855674,0.1518573760986328,False
217,526,0.2810664120249289,0.00034902799961855635,0.15184974670410156,False
218,526,0.9464946453137735,0.00032613700022920966,0.1518421173095703,False
219,526,0.7024470841450423,0.0003414730017539114,0.1518573760986328,False
220,526,4.5568355635719175,0.000344426000083331,0.1518115997314453,False
221,555,0.48234341998653196,0.00032949399974313565,0.15183448791503906,False
222,526,20.916546572292656,0.0003202970001439098,0.1518115997314453,False
223,526,3.780562243306484,0.00032718800139264204,0.1518421173095703,False
224,526,4.733747163348632,0.00034295399746042676,0.15184974670410156,False
225,526,4.264513372064984,0.00034630500158527866,0.15186500549316406,False
226,526,3.9961112824918033,0.00033138000071630813,0.1518421173095703,False
227,526,2.0206572820724436,0.00036562400055117905,0.15186500549316406,False
228,542,7.114452851721282,0.00031605500043951906,0.15174293518066406,False
229,526,12.099133435847598,0.00032662500234437175,0.1518268585205078,False
230,526,3.1315882444009544,0.0003376669992576353,0.1518421173095703,False
231,526,9.161129529008743,0.00033874300061143003,0.15183448791503906,False
232,526,0.862869726035381,0.0003832100010185968,0.1518115997314453,False
233,526,8.895712218952626,0.000339280999469338,0.1518268585205078,False
234,526,14.861894874667799,0.0003336529989610426,0.15180397033691406,False
235,526,4.030911579379243,0.0003384299998288043,0.15186500549316406,False
236,526,4.172136536698034,0.0003428550007811282,0.1518115997314453,False
237,526,1.1769627217569107,0.0003294279995316174,0.1518115997314453,False
238,526,5.969189752886375,0.00033786000130930915,0.1517963409423828,False
239,526,2.1754623480849418,0.00033879799957503565,0.15181922912597656,False
240,526,2.2767737419479577,0.0003634589993453119,0.1518573760986328,False
241,526,1.3076970620999298,0.00033218899989151396,0.15181922912597656,False
242,526,3.273368911413744,0.0003413079975871369,0.15180397033691406,False
243,526,0.9318820722445427,0.0003232710005249828,0.15181922912597656,False
244,526,7.156347766731654,0.0004100070000276901,0.15181922912597656,False
245,526,1.5587989827994324,0.00032922899845289066,0.15183448791503906,False
246,526,2.8306808148805125,0.0005261059995973483,0.15184974670410156,False
247,526,4.426919163371412,0.00035192100040148944,0.1518268585205078,False
248,526,2.9139640147463135,0.0005058840033598244,0.15180397033691406,False
249,526,0.03830127239974068,0.0003350670012878254,0.15183448791503906,False
250,526,0.8173732071835804,0.0003351380000822246,0.1518573760986328,False
251,526,2.546322500369623,0.0003401810026844032,0.1518421173095703,False
252,526,4.803064055543754,0.00033296300171059556,0.15183448791503906,False
253,526,0.08335007044571263,0.0003294219968665857,0.15178871154785156,False
254,526,3.8019204687483885,0.0003252040005463641,0.15183448791503906,False
255,526,2.3217454093200462,0.0003259389995946549,0.15184974670410156,False
256,542,19.633383586508888,0.0003133099999104161,0.15174293518066406,False
257,526,8.053746248955804,0.0003302309996797703,0.1517810821533203,False
258,526,0.6789950426710423,0.0003260140001657419,0.15180397033691406,False
259,503,0.4361627842993616,0.00035379900145926513,0.1517810821533203,False
260,257,0.11294267977909181,0.00035645000025397167,0.1518268585205078,False
261,526,4.131920614755696,0.0003239799989387393,0.15183448791503906,False
262,526,4.8517255898792815,0.00032027899942477234,0.1517810821533203,False
263,542,2.6372266312048236,0.0003290839995315764,0.1518268585205078,False
264,526,1.0431616238978592,0.0003313689994683955,0.1518726348876953,False
265,559,0.265575534255551,0.0003195040007994976,0.1518115997314453,False
266,453,14.25388654352456,0.0003169209994666744,0.1517963409423828,False
267,526,13.233026601937869,0.00031921599656925537,0.15177345275878906,False
268,202,3.5522742746003297,0.0003414310012885835,0.15181922912597656,False
269,526,1.0123179305501724,0.000336002998665208,0.15180397033691406,False
270,526,0.5405269504585934,0.0003353889987920411,0.15184974670410156,False
271,526,12.519570905256472,0.0003200700011802837,0.15181922912597656,False
272,526,1.9212213900873545,0.000327189001836814,0.15178871154785156,False
273,526,9.303817878781562,0.00036960099896532483,0.1518115997314453,False
274,542,1.426170456782577,0.00032304300111718476,0.1518115997314453,False
275,526,0.3753444276752358,0.0003329920000396669,0.15181922912597656,False
276,526,3.2596797318707296,0.0003253440008847974,0.1517810821533203,False
277,526,1.2320359015564852,0.0003306399994471576,0.15183448791503906,False
278,526,2.2214058859211674,0.0003626279976742808,0.1518268585205078,False
279,536,0.032024444986859246,0.00033592300314921886,0.15183448791503906,False
280,526,10.511118187300925,0.0003213400013919454,0.1517505645751953,False
281,68,0.18385241505990502,0.0003236009979445953,0.1518726348876953,False
282,534,2.330864935431731,0.00032310599999618717,0.15184974670410156,False
283,526,15.205278342786885,0.0003675189982459415,0.1517810821533203,False
284,526,19.627843550056376,0.00031999400016502477,0.1517810821533203,False
285,526,9.61041682655671,0.000331458002619911,0.15181922912597656,False
286,542,11.881450153009439,0.0003301639990240801,0.1517353057861328,False
287,526,7.9714673651712005,0.000346827000612393,0.15175819396972656,False
288,526,4.664056727290087,0.00033539200012455694,0.1517963409423828,False
289,542,0.20470817057753976,0.00033026800156221725,0.15174293518066406,False
290,542,5.767687998844053,0.0003130049990431871,0.1517353057861328,False
291,526,4.329972034374329,0.00032828800249262713,0.15183448791503906,False
292,526,7.811893070022924,0.00032140199982677586,0.15180397033691406,False
293,526,7.12395329063671,0.0003576789968064986,0.1517963409423828,False
294,526,10.100128356295881,0.0003464619985606987,0.1518421173095703,False
295,526,8.06554440410882,0.00033558900031493977,0.1518573760986328,False
296,526,1.9442025738124915,0.0003410809986235108,0.15181922912597656,False
297,526,2.6377450753933136,0.0003284439990238752,0.15180397033691406,False
298,526,0.45427572295339935,0.0003363579999131616,0.1518115997314453,False
299,526,9.882442670316888,0.0003293269983259961,0.1518115997314453,False
300,542,2.7621488412019097,0.00032338499659090303,0.1517658233642578,False
301,526,0.12873024612143347,0.0003198449994670227,0.15178871154785156,False
302,526,4.661188141593563,0.00033819999953266233,0.15183448791503906,False
303,526,2.3381606034092695,0.00033696000173222274,0.1518421173095703,False
304,526,11.894642989034551,0.0003219639984308742,0.15180397033691406,False
305,526,1.566814893841073,0.00037436300044646487,0.15183448791503906,False
306,526,2.8696619775609324,0.0003520179998304229,0.1518115997314453,False
307,526,3.2240467596529596,0.00033003900171024725,0.1518268585205078,False
308,555,0.8479873686277157,0.0003216460027033463,0.1517963409423828,False
309,526,0.8033169834600127,0.0003305749996798113,0.15178871154785156,False
310,526,0.9370301390130606,0.00033554800029378384,0.15181922912597656,False
311,526,3.9672005903858842,0.00032908499997574836,0.15181922912597656,False
312,526,3.1035295073705225,0.00032504300179425627,0.1518421173095703,False
313,542,3.3881736813798664,0.0003193869997630827,0.15177345275878906,False
314,526,5.183870580375531,0.0003377329994691536,0.1518268585205078,False
315,526,1.6537812583971654,0.00032881299921427853,0.15180397033691406,False
316,526,2.1001714449441824,0.00032445699980598874,0.15183448791503906,False
317,555,4.455462605023365,0.00034126799801015295,0.15177345275878906,False
318,555,1.9608233887078068,0.00034702799894148484,0.15178871154785156,False
319,534,4.81157540356621,0.000384730999940075,0.1517963409423828,False
320,526,1.9823977641659134,0.00033577499925740995,0.15184974670410156,False
321,526,1.1224850093169625,0.0003472800017334521,0.1518573760986328,False
322,526,5.044676483549326,0.0003471470008662436,0.1518421173095703,False
323,526,4.335384070137474,0.0003288410007371567,0.15186500549316406,False
324,526,6.544930997178639,0.00034055699870805256,0.1518573760986328,False
325,526,1.2910157992043256,0.0003431740005908068,0.15186500549316406,False
326,526,4.0825617046198825,0.0003336080008011777,0.15186500549316406,False
327,555,1.7611901311300486,0.00032416300018667243,0.1518115997314453,False
328,526,1.5858877849988247,0.0004241719980200287,0.15184974670410156,False
329,526,2.0975544324186295,0.0003251689995522611,0.1517963409423828,False
330,526,0.6444493962591302,0.0003265730010753032,0.1518573760986328,False
331,526,0.10721161934869095,0.0003360620030434802,0.15186500549316406,False
332,526,3.1566996788851345,0.0003333970016683452,0.15186500549316406,False
333,526,2.4334229639041904,0.00032503699912922457,0.1518573760986328,False
334,526,1.4002569199212775,0.0003355389999342151,0.1518573760986328,False
335,526,1.2067827874216537,0.0003266220010118559,0.15186500549316406,False
336,526,0.5635658988508663,0.00032409200139227323,0.1518421173095703,False
337,526,0.7457982062813162,0.00036992300010751933,0.1518421173095703,False
338,526,1.5383194491441827,0.00033766100023058243,0.15184974670410156,False
339,526,3.6465610885553517,0.00033902900031534955,0.1518726348876953,False
340,542,4.095481391556843,0.000323839998600306,0.1518115997314453,False
341,526,0.5139554967172142,0.0003263770013290923,0.15184974670410156,False
342,526,5.085295814317524,0.000327228000969626,0.15184974670410156,False
343,526,3.813616711354536,0.00034101499841199256,0.1518268585205078,False
344,526,0.014098188691670899,0.00032694499896024354,0.15181922912597656,False
345,542,1.0564365776640976,0.00032885600012377836,0.15180397033691406,False
346,453,8.977032123280823,0.000316510002448922,0.15178871154785156,False
347,542,3.5007442263213218,0.00038694099930580705,0.15180397033691406,False
348,542,14.462658955059442,0.00034571099968161434,0.1517810821533203,False
349,453,16.245376833593244,0.000324867000017548,0.15186500549316406,False
350,453,22.285195600711962,0.00033305800025118515,0.15186500549316406,False
351,526,16.190801400252383,0.0003443610003159847,0.15177345275878906,False
352,534,3.7882777692712075,0.0003363579999131616,0.1517658233642578,False
353,453,0.17681351155422323,0.0006282320027821697,0.15181922912597656,False
354,542,5.759455509035204,0.0003438659987295978,0.1518421173095703,False
355,526,20.348022535335595,0.0003470369993010536,0.15181922912597656,False
356,542,11.058818018574016,0.0003285909988335334,0.15177345275878906,False
357,453,11.079001041506377,0.00033910000274772756,0.15180397033691406,False
358,453,6.59220669911574,0.00032614899828331545,0.15181922912597656,False
359,453,10.102185818612925,0.0003278969998063985,0.15180397033691406,False
360,453,7.9815450176047396,0.0003252220012655016,0.1518268585205078,False
361,526,2.975405255872925,0.00035708399809664115,0.1517963409423828,False
362,542,2.7026983230360244,0.00033839300158433616,0.15183448791503906,False
363,526,19.436506596481777,0.00033174100099131465,0.15180397033691406,False
364,453,0.16595729999511843,0.00032032399758463725,0.1518115997314453,False
365,542,17.51458580658901,0.0003238339995732531,0.15180397033691406,False
366,559,23.29716084558742,0.00032696100242901593,0.1517200469970703,False
367,542,13.135869506857306,0.00031788400156074204,0.1517658233642578,False
368,453,10.48023407963655,0.0003421180008444935,0.15180397033691406,False
369,534,21.765512203662112,0.00031870100065134466,0.1517200469970703,False
370,526,16.473528986314044,0.000316367997584166,0.1517505645751953,False
371,542,14.145820898396991,0.00032793599893921055,0.15177345275878906,False
372,526,7.5432051972096135,0.00032110999745782465,0.15178871154785156,False
373,559,31.696708414557254,0.0003281319986854214,0.1517505645751953,False
374,47,22.290653959972072,0.0007037120012682863,0.15172767639160156,False
375,453,10.083261001106244,0.00032571699921390973,0.1517963409423828,False
376,542,3.894969218556506,0.00034256700018886477,0.15180397033691406,False
377,526,18.63569678409703,0.00033143100154120475,0.15177345275878906,False
378,526,24.69957554680537,0.00032580900005996227,0.1518268585205078,False
379,559,2.8443374284521648,0.0003209569986211136,0.1517200469970703,False
380,201,5.915301650167143,0.00031700500039733015,0.1517505645751953,False
381,476,23.408319797675155,0.0003200840001227334,0.1518726348876953,False
382,453,5.430816326944084,0.00031967300310498103,0.1518115997314453,False
383,453,16.802750331024463,0.0003414839993638452,0.1518115997314453,False
384,555,26.443634049655508,0.00033540400181664154,0.1518115997314453,False
385,542,2.5192164552234395,0.00032647300031385385,0.15178871154785156,False
386,453,1.1321099359590219,0.00037510399852180853,0.1518115997314453,False
387,526,18.48150223053152,0.00031997699989005923,0.1517658233642578,False
388,542,22.249368298620666,0.0003341330011608079,0.15174293518066406,False
389,453,22.076409443780445,0.00034060500183841214,0.15184974670410156,False
390,453,13.819530815636892,0.00032810799893923104,0.15183448791503906,False
391,526,3.5091584141271746,0.0003310269967187196,0.15175819396972656,False
392,542,5.223589471726543,0.0003250010013289284,0.1517810821533203,False
393,453,7.260705768887668,0.00032357600139221177,0.1518268585205078,False
394,526,13.476695142044486,0.00035221299913246185,0.1517353057861328,False
395,542,1.6080910673492959,0.0003342260024510324,0.15177345275878906,False
396,453,23.010473183888042,0.00034089499968104064,0.15186500549316406,False
397,538,0.025262705530255225,0.0003428700001677498,0.1517353057861328,False
398,453,5.190068466344184,0.0003315459980512969,0.15181922912597656,False
399,453,0.8099829995680218,0.00032181699862121604,0.1518115997314453,False
400,453,18.13430831590086,0.0003322159973322414,0.15180397033691406,False
401,201,21.30039804054235,0.0003319870011182502,0.15175819396972656,False
402,542,2.383818491252823,0.000326659999700496,0.1517353057861328,False
403,462,1.90199156165946,0.00032404400189989246,0.1517658233642578,False
404,526,6.0132024568901095,0.00031814800240681507,0.1517658233642578,False
405,257,2.1920537234292627,0.00032743999690865166,0.15180397033691406,False
406,453,0.482884256540723,0.00032632299917167984,0.15178871154785156,False
407,257,0.6552239343100466,0.0008254989988927264,0.15177345275878906,False
408,526,21.363603252388074,0.0003194999990228098,0.15172767639160156,False
409,453,4.480980647249575,0.00033510600042063743,0.15184974670410156,False
410,542,11.446476778133114,0.00033871099731186405,0.15178871154785156,False
411,542,37.02708274043568,0.00032345400177291594,0.15177345275878906,False
412,453,12.821779251819885,0.0003303179983049631,0.15186500549316406,False
413,453,24.50010694997674,0.0003267519969085697,0.15186500549316406,False
414,542,20.11064512095905,0.00033457400058978237,0.15178871154785156,False
415,542,3.9136582262231805,0.0003168459988955874,0.15172767639160156,False
416,453,19.280196420793335,0.00035162100175512023,0.1518726348876953,False
417,453,6.48431140138859,0.000368828001228394,0.15180397033691406,False
418,531,22.341852477406547,0.00032533800185774453,0.1517353057861328,False
419,478,0.2848372329846711,0.00032285199995385483,0.1517353057861328,False
420,201,2.9522210713487214,0.0003170179988956079,0.1517200469970703,False
421,526,7.035634911499833,0.00034306699672015384,0.1517658233642578,False
422,453,7.022714578646562,0.00031705999936093576,0.15180397033691406,False
423,453,9.321221291139647,0.00033863000135170296,0.15180397033691406,False
424,453,4.601744613507689,0.00032209900018642657,0.15175819396972656,False
425,202,6.803196623645489,0.0004618339989974629,0.15178871154785156,False
426,453,3.329669039952431,0.0003187729998899158,0.1517810821533203,False
427,526,1.5734660640194802,0.0003379039990250021,0.15172767639160156,False
428,538,1.9506321520769223,0.000317429999995511,0.15174293518066406,False
429,526,22.50075437586782,0.00033327300116070546,0.15177345275878906,False
430,201,20.399800874723372,0.00033414000063203275,0.15180397033691406,False
431,526,16.5641132978324,0.00033833400084404275,0.1517505645751953,False
432,103,10.523244628376755,0.000319069000397576,0.15177345275878906,False
433,453,20.254169165963756,0.00031479000244871713,0.15183448791503906,False
434,453,1.0312829529670908,0.00032616500175208785,0.15178871154785156,False
435,453,3.007746178948091,0.00035788999957730994,0.1517963409423828,False
436,202,10.805130579859936,0.000315409000904765,0.1517963409423828,False
437,526,10.147305647387139,0.00031759500052430667,0.15177345275878906,False
438,453,9.425726213189941,0.0003344879987707827,0.1518115997314453,False
439,526,4.584545178234851,0.00032643899976392277,0.1517963409423828,False
440,559,3.679841244302408,0.00036637800076277927,0.15174293518066406,False
441,526,4.244065074818815,0.00033729899951140396,0.15171241760253906,False
442,526,2.6763855902921545,0.0003484619992377702,0.1517353057861328,False
443,559,0.6167927309765622,0.0003497770012472756,0.15183448791503906,False
444,526,10.907006596744237,0.0003244459985580761,0.1517963409423828,False
445,534,3.3966303058930443,0.00032084499980555847,0.1517200469970703,False
446,526,17.36774349890983,0.000320898001518799,0.15177345275878906,False
447,526,2.6819125351358952,0.0003447319977567531,0.1517810821533203,False
448,201,21.731881167459477,0.0003329310020490084,0.1517810821533203,False
449,453,3.5522391102171347,0.00031816599948797375,0.15178871154785156,False
450,453,10.179666821676589,0.0003326419973745942,0.1517658233642578,False
451,453,0.7534550888243714,0.00032628500048303977,0.1517963409423828,False
452,201,5.945415516118569,0.00033088000054704025,0.15177345275878906,False
453,201,2.00995101731014,0.0003216280019842088,0.1517200469970703,False
454,201,2.5084247939009083,0.0003215409997210372,0.1517505645751953,False
455,526,6.91623511116841,0.00031898700035526417,0.1517047882080078,False
456,202,1.960263878100383,0.0003397430009499658,0.1517658233642578,False
457,201,1.4585147189156693,0.0003618160008045379,0.15177345275878906,False
458,453,3.6964103422623573,0.0003334909997647628,0.1517658233642578,False
459,453,30.695318701900636,0.0003228589994250797,0.15181922912597656,False
460,453,7.985868796173484,0.000327196998114232,0.15183448791503906,False
461,526,12.268350814758103,0.00032855999961611815,0.15174293518066406,False
462,534,7.191287803498048,0.0003112820013484452,0.1516742706298828,False
463,534,7.533135628415131,0.00033199400058947504,0.1517353057861328,False
464,453,19.025271281248475,0.0003345849981997162,0.1518573760986328,False
465,453,10.255287569030585,0.000316861998726381,0.1518421173095703,False
466,453,27.690413383759616,0.0003206189976481255,0.15181922912597656,False
467,542,7.457146109501037,0.00032080199889605865,0.15177345275878906,False
468,542,21.049899847965573,0.00033316300323349424,0.1517963409423828,False
469,534,21.475986433275665,0.00033180799800902605,0.1517200469970703,False
470,453,4.933368244613952,0.00032676299815648235,0.1517810821533203,False
471,201,9.695715054960377,0.0003239700017729774,0.15174293518066406,False
472,526,7.7122696488421525,0.0003552739981387276,0.15178871154785156,False
473,526,3.784942562377979,0.0003216839977540076,0.15178871154785156,False
474,526,3.0777455501134554,0.00032556099904468283,0.15180397033691406,False
475,542,8.233294945300058,0.00033890499980770983,0.15180397033691406,False
476,526,0.05616628206798957,0.0003279670017946046,0.15178871154785156,False
477,476,26.305103671654212,0.00033668299874989316,0.15178871154785156,False
478,453,0.44034385368884954,0.00032562599881202914,0.15177345275878906,False
479,201,4.2159247650808975,0.00032176199965761043,0.1517963409423828,False
480,476,4.020934527917502,0.0003898739996657241,0.15178871154785156,False
481,526,22.23982315866175,0.000655411000479944,0.1517963409423828,False
482,453,3.2532016602763036,0.0006158680007501971,0.15186500549316406,False
483,542,22.95282722649189,0.00033108299976447597,0.1517810821533203,False
484,476,4.398631787486284,0.0003335760011395905,0.15178871154785156,False
485,526,28.234285711865912,0.0003377229986654129,0.15181922912597656,False
486,476,13.608103282847855,0.0003260490011598449,0.15178871154785156,False
487,526,21.179379914005434,0.0003291509965492878,0.1517810821533203,False
488,526,15.718002491382933,0.0003291630018793512,0.1518115997314453,False
489,526,10.985001951722762,0.00033197599987033755,0.15181922912597656,False
490,526,14.488107039741044,0.00033382000037818216,0.1517810821533203,False
491,526,13.094566007162074,0.000325438999425387,0.15181922912597656,False
492,542,23.780603028393664,0.00033061899739550427,0.15178871154785156,False
493,542,0.8170713250671948,0.00034040100217680447,0.1517353057861328,False
494,542,2.402107087071067,0.00033670300035737455,0.15177345275878906,False
495,526,18.67871531223669,0.0003529169989633374,0.15180397033691406,False
496,542,23.674824211154835,0.0003243530009058304,0.1517810821533203,False
497,476,1.8525233259710507,0.00033411599724786356,0.15177345275878906,False
498,460,2.4151052076145287,0.0003248149987484794,0.1517658233642578,False
499,534,0.5650015268014374,0.0003190520001226105,0.1517658233642578,False
500,534,0.005156279032284383,0.0003353100000822451,0.15178871154785156,False
501,526,13.716379083831455,0.0004581600005622022,0.15178871154785156,False
502,201,0.2724569858904262,0.00033260599957429804,0.1517963409423828,False
503,526,30.848759665964433,0.0003387889992154669,0.1517505645751953,False
504,559,17.358710390141876,0.0003332960004627239,0.1517658233642578,False
505,526,13.740214557893847,0.0003352900021127425,0.15177345275878906,False
506,441,7.4465066649378775,0.00031887499790173024,0.1517810821533203,False
507,534,24.77017828556752,0.00032236999686574563,0.15172767639160156,False
508,462,0.48641583728519533,0.00031513100111624226,0.15180397033691406,False
509,453,9.881387273121053,0.0003224400024919305,0.15178871154785156,False
510,526,13.572629683193863,0.00031749499976285733,0.15175819396972656,False
511,542,6.053937690508375,0.00031848800063016824,0.15177345275878906,False
512,460,2.082591128176054,0.0003917319991160184,0.15177345275878906,False
513,542,6.435148134141178,0.0003224889987905044,0.15178871154785156,False
514,526,12.67696260259802,0.00032337100128643215,0.1517810821533203,False
515,526,25.23850679163598,0.00032196700340136886,0.15178871154785156,False
516,453,15.340833983789208,0.00034347600012551993,0.15183448791503906,False
517,526,14.375167821947596,0.0003257409989601001,0.15178871154785156,False
518,526,20.815049966294822,0.0003303600024082698,0.1517963409423828,False
519,526,4.8001372449668995,0.0003496249992167577,0.1517810821533203,False
520,542,7.622296937359092,0.00034351900103501976,0.15178871154785156,False
521,542,12.930572262057469,0.00033633800194365904,0.1517810821533203,False
522,476,12.973513571616365,0.0003139120017294772,0.1517505645751953,False
523,453,21.97915509529414,0.0003568800020730123,0.1517963409423828,False
524,526,23.224402285784286,0.0003869150023092516,0.15175819396972656,False
525,526,4.823446649684874,0.0003620729985414073,0.15180397033691406,False
526,526,3.4277468360283923,0.00032702599855838344,0.1517810821533203,False
527,503,2.5265378677915304,0.00034180500006186776,0.1517810821533203,False
528,526,8.921734893542173,0.0003250010013289284,0.15180397033691406,False
529,526,10.72118789928481,0.00032041300073615275,0.15177345275878906,False
530,453,21.60105223095826,0.0003240849982830696,0.15183448791503906,False
531,453,5.527748500549684,0.00032651800211169757,0.1517963409423828,False
532,462,3.8546021735197273,0.0003313389970571734,0.15178871154785156,False
533,453,1.3912871705435865,0.00033493799855932593,0.15178871154785156,False
534,462,2.032822854542664,0.00031488199965679087,0.1518115997314453,False
535,526,29.0619372723551,0.0003393680017325096,0.1517658233642578,False
536,58,27.705115077102498,0.000376989999494981,0.1517047882080078,False
537,542,12.632706382888607,0.0003358610010764096,0.1518115997314453,False
538,58,32.07700586581621,0.0003305350001028273,0.1517353057861328,False
539,58,18.818143474905334,0.0003296840004622936,0.15168190002441406,False
540,526,20.010892306126465,0.00031992500225896947,0.15177345275878906,False
541,526,24.392749321684548,0.0003283930018369574,0.15177345275878906,False
542,526,10.810036903305075,0.0003299709969724063,0.15178871154785156,False
543,526,21.281163546929207,0.000322730000334559,0.1517810821533203,False
544,462,0.5128228081877653,0.00031309299811255187,0.15181922912597656,False
545,202,3.68575564250553,0.00033959199936361983,0.1517810821533203,False
546,526,20.29741904330748,0.000326504999975441,0.15181922912597656,False
547,526,12.882559722531976,0.0003503719999571331,0.1517658233642578,False
548,453,17.916366307612485,0.00032373599970014766,0.1518573760986328,False
549,453,6.300543304354652,0.0003333929998916574,0.15184974670410156,False
550,462,0.40890295925254594,0.0003584199985198211,0.1518115997314453,False
551,453,5.415481643390018,0.00032428300255560316,0.15180397033691406,False
552,542,15.042722225841207,0.000336074001097586,0.1518115997314453,False
553,526,11.984043224923838,0.00033010599872795865,0.1518115997314453,False
554,526,13.963127954547748,0.00032561199986957945,0.15181922912597656,False
555,526,25.6040154037196,0.00033664199872873724,0.1517810821533203,False
556,542,12.42288859540686,0.0003355939988978207,0.1517963409423828,False
557,542,13.197403254141475,0.00032463100069435313,0.1517810821533203,False
558,542,23.77055978633779,0.00031911400219541974,0.1517505645751953,False
559,453,4.250792670149965,0.00034605800101417117,0.15175819396972656,False
560,546,29.506097813345345,0.0003420609973545652,0.1517810821533203,False
561,542,26.279565192638437,0.00032239899883279577,0.1518115997314453,False
562,542,26.806273837524834,0.0003223970015824307,0.15180397033691406,False
563,526,21.728769465743397,0.0003351399973325897,0.1517810821533203,False
564,526,17.640114835347543,0.0003240630030632019,0.1517658233642578,False
565,542,20.176373241896727,0.0003255970004829578,0.1517810821533203,False
566,526,22.056464080635063,0.000330967999616405,0.1518115997314453,False
567,526,19.962912763486372,0.00033649000033619814,0.1518115997314453,False
568,526,9.657983348842908,0.00032309800008079037,0.15181922912597656,False
569,526,15.95974350183575,0.000317770001856843,0.15178871154785156,False
570,526,6.569358561422597,0.00032489699879079126,0.1518268585205078,False
571,526,12.757630919485427,0.0003287370018369984,0.15180397033691406,False
572,542,12.832953630262448,0.0003192900003341492,0.1517810821533203,False
573,201,5.083851361682625,0.0003205130014976021,0.15178871154785156,False
574,201,0.21002032681560223,0.0003275849994679447,0.15175819396972656,False
575,453,0.0031885725617405714,0.0003499750018818304,0.15178871154785156,False
576,453,2.7530906870489553,0.0003187319998687599,0.1518115997314453,False
577,453,7.4634541293729955,0.00034277699887752533,0.15180397033691406,False
578,453,0.7632508808569403,0.00032288500005961396,0.15177345275878906,False
579,526,13.242418425495728,0.00032935800118139014,0.1517810821533203,False
580,462,1.305180659273922,0.0003206750006938819,0.1517810821533203,False
581,201,1.013389384921119,0.0003224360007152427,0.15174293518066406,False
582,201,17.35214016265051,0.0003196159996150527,0.15177345275878906,False
583,453,29.928387147070755,0.0003176649988745339,0.1518115997314453,False
584,453,16.176210414388123,0.00033661000270512886,0.15178871154785156,False
585,476,35.22835697246222,0.00033151400202768855,0.15178871154785156,False
586,526,8.904372564566627,0.00033737000194378197,0.15181922912597656,False
587,526,8.126269595790564,0.0003385230011190288,0.15181922912597656,False
588,526,13.718381104609104,0.0003253310023865197,0.1518115997314453,False
589,453,14.475614469894184,0.00032699199800845236,0.1517963409423828,False
590,526,17.773710813128872,0.0003214009993826039,0.1517963409423828,False
591,476,22.897096183286138,0.0003204809981980361,0.1518115997314453,False
592,526,24.631678299924044,0.00033532500310684554,0.1517963409423828,False
593,526,22.269188832887234,0.00032896300035645254,0.15180397033691406,False
594,526,13.963687747323354,0.0003467110000201501,0.15183448791503906,False
595,526,16.17224476056282,0.0003472419994068332,0.1518115997314453,False
596,526,8.110169514295187,0.00034262500048498623,0.15184974670410156,False
597,526,11.668961777175587,0.00032699599978514016,0.15183448791503906,False
598,201,14.573505907807402,0.0003300930002296809,0.15178871154785156,False
599,526,6.776126050146894,0.00032634399758535437,0.1518268585205078,False
600,526,8.278888745366695,0.0003291369976068381,0.1518421173095703,False
601,526,9.996835976206574,0.00035440899955574423,0.15180397033691406,False
602,526,10.133205110146275,0.0003262290010752622,0.1518268585205078,False
603,476,1.7433089188661042,0.000340229002176784,0.1517963409423828,False
604,526,10.947585868125685,0.00032381300115957856,0.1518268585205078,False
605,546,21.76966527692628,0.00031963099900167435,0.1517963409423828,False
606,559,20.321216609855334,0.00033262400029343553,0.15177345275878906,False
607,526,21.091712064155388,0.0003249620021961164,0.15178871154785156,False
608,453,0.5406090086854421,0.00031784000020707026,0.1518726348876953,False
609,526,20.748637461897815,0.0003428750023886096,0.15183448791503906,False
610,476,12.7221882678193,0.0003190319985151291,0.1517963409423828,False
611,453,17.319042359536844,0.0003270170018367935,0.15186500549316406,False
612,526,14.089969720600873,0.0003234690011595376,0.15178871154785156,False
613,544,21.889968070282272,0.00032553100027143955,0.15183448791503906,False
614,542,17.484276641674057,0.0003189490016666241,0.1517810821533203,False
615,556,24.29007101011756,0.00035964099879493006,0.15178871154785156,False
616,453,25.93401448199957,0.0003289679989393335,0.15178871154785156,False
617,453,24.352952672200725,0.000335541000822559,0.15180397033691406,False
618,542,14.209605660013928,0.00031830800071475096,0.15177345275878906,False
619,526,15.8681227727187,0.0003600150012061931,0.1517963409423828,False
620,534,34.57205306633493,0.00033179599995492026,0.15174293518066406,False
621,526,5.196858902216178,0.000338103996909922,0.1517810821533203,False
622,526,4.647619317219824,0.0003251919988542795,0.1518726348876953,False
623,542,10.296073203878475,0.0003400810019229539,0.1517963409423828,False
624,542,12.327372677318856,0.00032777199885458685,0.15178871154785156,False
625,534,32.7204655609675,0.00032635800016578287,0.1517353057861328,False
626,453,6.208652055003645,0.0003183900007570628,0.15180397033691406,False
627,559,18.296014584403295,0.0003162440007145051,0.1517200469970703,False
628,542,0.5171350477689423,0.0003610099993238691,0.15181922912597656,False
629,559,23.24820514108841,0.00031980099811335094,0.1517505645751953,False
630,453,19.586756060371826,0.00033212800190085545,0.15180397033691406,False
631,453,13.58044653444977,0.00031691399999544956,0.1517810821533203,False
632,559,2.2940176374627486,0.00031349200071417727,0.1517200469970703,False
633,542,14.2515613650004,0.00032070100132841617,0.1517658233642578,False
634,559,14.656457899059939,0.00032912700044107623,0.15175819396972656,False
635,542,7.032637860154875,0.00031620499794371426,0.1517200469970703,False
636,559,10.622270630785449,0.00031534799927612767,0.15169715881347656,False
637,531,2.0115170225159202,0.0003193910015397705,0.1517810821533203,False
638,534,14.99263523176277,0.0003396720021555666,0.1517963409423828,False
639,559,10.518534964680885,0.00032153099891729653,0.1517810821533203,False
640,534,0.2991081679355729,0.0003303929988760501,0.1517353057861328,False
641,534,22.554399269848332,0.0003208640009688679,0.1517353057861328,False
642,453,24.973921938550355,0.0003579179974622093,0.1517810821533203,False
643,453,13.92596975081708,0.00032821599961607717,0.15183448791503906,False
644,201,0.7230494414628845,0.0003321290023450274,0.1517810821533203,True
645,453,1.8597470025963174,0.0003165759990224615,0.15181922912597656,False
646,526,7.357921921096796,0.00032415100213256665,0.1517200469970703,False
647,453,2.2338318075407626,0.0003187590009474661,0.15180397033691406,False
648,542,2.6368244089006883,0.00033111300217569806,0.15172767639160156,False
649,526,3.266982726883189,0.0003215990000171587,0.1517810821533203,False
650,542,21.02130517103368,0.0003196699981344864,0.1517810821533203,False
651,542,17.351276365136137,0.0003594469999370631,0.15174293518066406,False
652,559,3.877029901050339,0.0003339300019433722,0.1517963409423828,False
653,201,17.67865280059312,0.0003292459987278562,0.1517963409423828,True
654,453,7.710183314027668,0.0003443339992372785,0.1518268585205078,False
655,453,10.361254236832684,0.0003276210009062197,0.15180397033691406,False
656,526,4.49399472458059,0.0003319870011182502,0.1517810821533203,False
657,453,22.367424472510905,0.0003148640025756322,0.1517963409423828,False
658,543,2.6318901302138213,0.00034321299972361885,0.15180397033691406,False
659,476,9.988138576272888,0.0003287430008640513,0.15183448791503906,False
660,531,0.14851994491450968,0.00033129900111816823,0.15180397033691406,False
661,559,1.6198741754390227,0.00033431600240874104,0.1517963409423828,False
662,559,10.958728919566704,0.0003393789993424434,0.1517963409423828,False
663,556,13.874734838200437,0.0003254990006098524,0.1518115997314453,False
664,531,1.8140874913309024,0.00033038599940482527,0.1518268585205078,False
665,453,5.87690199679021,0.00034157399932155386,0.15174293518066406,False
666,559,1.7957399750066667,0.0003158549989166204,0.1517353057861328,False
667,538,6.049825993711907,0.00031713499993202277,0.1517505645751953,False
668,542,10.50124916832376,0.00031978300103219226,0.1517963409423828,False
669,453,12.862423486656384,0.0003254870025557466,0.1517810821533203,False
670,542,2.9968547708901347,0.00032836799800861627,0.1517505645751953,False
671,476,6.097663857832705,0.0003396110005269293,0.15174293518066406,False
672,221,0.021696048336102988,0.0003169550000166055,0.1517963409423828,True
673,542,10.27576868763713,0.0003311539985588752,0.1517658233642578,False
674,526,27.577072515506945,0.00034788700213539414,0.15175819396972656,False
675,526,24.729294885013864,0.0003282830002717674,0.15177345275878906,False
676,201,29.378150558713934,0.0003183249973517377,0.15178871154785156,True
677,559,7.097383446414064,0.00036067399923922494,0.1517200469970703,False
678,526,2.8784861612787616,0.00032838799961609766,0.1517810821533203,False
679,526,1.5629191201445565,0.00034226500065415166,0.15178871154785156,False
680,542,2.254619859825638,0.00032637600088492036,0.15175819396972656,False
681,542,3.160233019534129,0.0003220190010324586,0.15177345275878906,False
682,542,0.07349553816879961,0.00033072000223910436,0.1517505645751953,False
683,542,1.2601546560110108,0.00032098399969981983,0.15178871154785156,False
684,542,3.6391552896381647,0.00033775299743865617,0.15177345275878906,False
685,476,3.947040725996869,0.0003264920014771633,0.1517505645751953,False
686,545,3.39060411079201,0.0003560490004019812,0.1517658233642578,False
687,542,0.29193084483956966,0.00032524100242881104,0.15180397033691406,False
688,542,1.015887871308923,0.00032142399868462235,0.1517963409423828,False
689,542,5.07663061559505,0.00032041500162449665,0.15180397033691406,False
690,542,9.34773739696687,0.0003322329976072069,0.15174293518066406,False
691,542,5.863585078554419,0.0003217269986635074,0.15175819396972656,False
692,526,18.591147931027425,0.0003246669984946493,0.15181922912597656,False
693,526,15.346085074012795,0.0003192830008629244,0.15177345275878906,False
694,542,8.472679867349626,0.00033082300069509074,0.1517810821533203,False
695,559,7.002986965554065,0.0003197820005880203,0.1517505645751953,False
696,444,17.51060951250747,0.0003194479977537412,0.1518115997314453,False
697,526,16.647207077972965,0.0003276489987911191,0.15175819396972656,False
698,526,3.120523649580875,0.00032568899769103155,0.1517810821533203,False
699,538,7.246491148931183,0.00032484199982718565,0.1517810821533203,False
700,559,1.7779576240897104,0.0003229709982406348,0.15171241760253906,False
701,526,4.274681832305174,0.0003238220015191473,0.1518115997314453,False
702,526,14.524596296790214,0.0003313510023872368,0.15180397033691406,False
703,526,10.537901774505038,0.0003305329992144834,0.1517963409423828,False
704,546,23.443036815449798,0.0003391030004422646,0.1517810821533203,False
705,526,23.79444963805215,0.000338099998771213,0.1517658233642578,False
706,559,22.86033171017559,0.00033564900149940513,0.1517810821533203,False
707,556,17.637534627901736,0.00032664899845258333,0.1517658233642578,False
708,526,24.219799138629902,0.00037578100091195665,0.15177345275878906,False
709,556,16.307185162101444,0.00032674899921403266,0.1517658233642578,False
710,542,2.2823398470729614,0.00031701499756309204,0.1517658233642578,False
711,526,19.214506705847864,0.00033452700154157355,0.1517810821533203,False
712,542,0.23551486775822283,0.0003243060018576216,0.15178871154785156,False
713,526,17.9277938107519,0.0003239620018575806,0.1517810821533203,False
714,453,17.730876199345335,0.00031813600071473047,0.1517963409423828,False
715,556,16.488034803212393,0.00034915200012619607,0.1517810821533203,False
716,542,4.227475115447319,0.00035277599818073213,0.15178871154785156,False
717,526,8.8734296938199,0.0003246140004193876,0.1517963409423828,False
718,542,4.82168693795041,0.00036419599928194657,0.1517810821533203,False
719,542,3.0542207192449844,0.00032439200003864244,0.1517810821533203,False
720,542,7.339346137596056,0.0003312129992991686,0.15178871154785156,False
721,526,28.964978245185648,0.0003580650009098463,0.1517963409423828,False
722,559,19.318412353113104,0.0003261720012233127,0.1517200469970703,False
723,542,1.518085200408395,0.00036072700095246546,0.15181922912597656,False
724,538,9.797996058570783,0.0003413949998503085,0.1517963409423828,False
725,526,7.146502176394794,0.000334854001266649,0.1517963409423828,False
726,542,15.744479900196403,0.00032742099938332103,0.1517505645751953,False
727,546,32.34332171211033,0.0003184870001859963,0.1517505645751953,False
728,546,32.05390051950781,0.0003208439993613865,0.15177345275878906,False
729,526,6.41369749638924,0.0003172860015183687,0.1517505645751953,False
730,542,7.010457114259896,0.00032335699870600365,0.1517963409423828,False
731,542,5.020921078346227,0.00033824099955381826,0.1518115997314453,False
732,542,14.237817272006613,0.00033434500073781237,0.15178871154785156,False
733,526,23.397255487292178,0.0003432529993006028,0.1517658233642578,False
734,526,24.60909251670432,0.00032234199898084626,0.1517810821533203,False
735,542,8.732938487321288,0.00031959600164555013,0.15177345275878906,False
736,453,22.259751570930817,0.0003305530008219648,0.1518115997314453,False
737,559,3.990942168020501,0.00040179400093620643,0.1517505645751953,False
738,556,30.021355279345965,0.00031980899802874774,0.1517658233642578,False
739,542,0.40177114472576747,0.0003456599988567177,0.1517658233642578,False
740,559,29.724421202724276,0.00031900699832476676,0.15177345275878906,False
741,526,29.737991770469243,0.0004254910018062219,0.1517353057861328,False
742,526,15.579704329840425,0.00033752399758668616,0.1517810821533203,False
743,542,0.15676080681822313,0.0003735249993042089,0.1517810821533203,False
744,542,10.910737828980047,0.00034308500107727014,0.15180397033691406,False
745,534,25.405489154930496,0.00032326199652743526,0.1517353057861328,False
746,542,10.596178654916052,0.000321931998769287,0.1517963409423828,False
747,559,33.17880634505265,0.00033207700107595883,0.15178871154785156,False
748,542,15.662937099615911,0.0003191249998053536,0.1517658233642578,False
749,526,19.31211051674201,0.00048317999971914105,0.15178871154785156,False
750,453,16.93924251958888,0.0003173259974573739,0.15178871154785156,False
751,453,24.352952672200725,0.0003220429971406702,0.15180397033691406,False
752,542,5.012466575473589,0.00031529899933957495,0.1517505645751953,False
753,453,12.005299677579865,0.00032703399847378023,0.1518268585205078,False
754,542,19.26706183182137,0.00032102299883263186,0.15178871154785156,False
755,453,14.990771048761006,0.00037007999708293937,0.1517658233642578,False
756,453,28.69087562950828,0.00032311600079992786,0.15181922912597656,False
757,542,4.041063002682016,0.0003189719973306637,0.1517505645751953,False
758,526,22.48710931438669,0.00031810899963602424,0.1517658233642578,False
759,534,2.650888076580176,0.00033086199982790276,0.15184974670410156,False
760,526,0.41770256137702333,0.00032747200020821765,0.15181922912597656,False
761,526,3.1648588383610203,0.0003335639994475059,0.1518115997314453,False
762,526,0.8031031084915901,0.00033451299896114506,0.1518421173095703,False
763,526,0.9002978566860946,0.0003328929997223895,0.1518268585205078,False
764,556,1.8283800011023108,0.0003200959981768392,0.15177345275878906,False
765,534,0.2826340877064445,0.0003251020025345497,0.15175819396972656,False
766,526,7.1614967560349205,0.0003405639981792774,0.15184974670410156,False
767,534,10.232551750291195,0.00032366100276703946,0.1517353057861328,False
768,526,7.903481040697617,0.000319222999678459,0.1517810821533203,False
769,526,0.8421623993198555,0.00038271800076472573,0.15181922912597656,False
770,526,10.784073090123904,0.00033373499900335446,0.1518115997314453,False
771,526,0.7523637712310141,0.000332413001160603,0.1518268585205078,False
772,526,1.1812538039968423,0.000324755998008186,0.1518421173095703,False
773,526,0.6883203301902263,0.00034551300268503837,0.1518115997314453,False
774,526,6.794027018107386,0.00032213300073635764,0.15180397033691406,False
775,526,11.146936754035771,0.00032163300056708977,0.1517810821533203,False
776,526,6.792602687361562,0.0003367179997439962,0.1518115997314453,False
777,542,2.5274565127277793,0.00032713800101191737,0.15181922912597656,False
778,542,0.06390558875474994,0.0003359379988978617,0.1517963409423828,False
779,542,0.0046702332367445365,0.00032676299815648235,0.15178871154785156,False
780,526,3.9101837131936126,0.00036726699909195304,0.1518268585205078,False
781,542,8.144837265689107,0.0003441059998294804,0.15181922912597656,False
782,526,5.326326627279155,0.0003417049993004184,0.1517963409423828,False
783,542,7.2617565953597545,0.00033967700073844753,0.15181922912597656,False
784,526,0.08807525898416202,0.00032598499819869176,0.1517963409423828,False
785,542,7.661968641590983,0.0003247009990445804,0.1518115997314453,False
786,453,14.835079354922758,0.0003349010003148578,0.1517963409423828,False
787,439,0.42996150181246495,0.0003245820007578004,0.1518268585205078,False
788,528,0.8844670319316821,0.0003234799987694714,0.15177345275878906,False
789,526,0.901723949003518,0.0003388400000403635,0.15184974670410156,False
790,555,6.413006409366298,0.0003376360000402201,0.15186500549316406,False
791,542,3.5617083107619845,0.00031933799982653,0.1517810821533203,False
792,453,0.39422340571506886,0.00032208699849434197,0.1517810821533203,False
793,526,7.132087382337831,0.00031643200054531917,0.1517658233642578,False
794,453,15.475543127020064,0.0003183549997629598,0.1518115997314453,False
795,533,0.04389627822325293,0.0003228329987905454,0.1517963409423828,False
796,526,2.1720006965327325,0.00032384500082116574,0.15180397033691406,False
797,542,0.3562352738684602,0.0003340739967825357,0.1517810821533203,False
798,555,0.7160445366390008,0.0003238989993405994,0.15180397033691406,False
799,555,0.16005260652480055,0.0003300669995951466,0.15183448791503906,False
800,526,10.50968025970104,0.00032144599754246883,0.15180397033691406,False
801,545,2.4869811740848364,0.0003773039970837999,0.1518115997314453,False
802,526,5.934129913803465,0.00033632399936323054,0.1518115997314453,False
803,542,5.22957638097419,0.0003205210014129989,0.15178871154785156,False
804,544,0.010242166663643762,0.00032355999792343937,0.1518421173095703,False
805,534,0.08686623179444383,0.0003260339981352445,0.15172767639160156,False
806,526,9.035477317225475,0.00031829199724597856,0.1517810821533203,False
807,526,1.0507675554530929,0.00033009399703587405,0.1518115997314453,False
808,526,9.611263225539744,0.00032961999750114046,0.1517963409423828,False
809,556,0.3603288989179438,0.0003134360013063997,0.15177345275878906,False
810,538,0.546883760924322,0.0003178750012011733,0.1518268585205078,False
811,534,0.02467264273105324,0.0003172510005242657,0.15172767639160156,False
812,526,7.587966125275997,0.0003261460005887784,0.1518115997314453,False
813,526,1.7739639848652962,0.0003372799983480945,0.1518573760986328,False
814,526,6.025012387069593,0.00033018700196407735,0.15186500549316406,False
815,526,33.294811642670666,0.0003237819983041845,0.1517810821533203,False
816,526,14.614396962986804,0.00032602099963696674,0.1517810821533203,False
817,534,11.874110135585152,0.0003202619991498068,0.1517658233642578,False
818,529,0.4155407798929176,0.0004391740003484301,0.1517658233642578,False
819,526,7.427340717889692,0.0003301030010334216,0.1518115997314453,False
820,526,13.177109014975954,0.00033047299803001806,0.1517963409423828,False
821,526,6.981684181080949,0.0003278210024291184,0.15180397033691406,False
822,542,0.9498376724784485,0.0003265269988332875,0.1518268585205078,False
823,526,8.1401753354842,0.0003691040001285728,0.1517810821533203,False
824,526,10.007069870758759,0.00038762799886171706,0.1517810821533203,False
825,526,8.51983814072188,0.0003361349990882445,0.15175819396972656,False
826,542,9.110270778069337,0.00036183300107950345,0.15180397033691406,False
827,526,4.781096949401463,0.00034765799864544533,0.1518115997314453,False
828,542,4.679063665233173,0.0003275839990237728,0.1517810821533203,False
829,503,2.9295731520601156,0.00032103499688673764,0.1517505645751953,False
830,526,15.995786875270387,0.0003341690025990829,0.1518268585205078,False
831,542,5.287324522593456,0.0003316309994261246,0.15178871154785156,False
832,526,0.44364344580637294,0.0003234779978811275,0.15180397033691406,False
833,526,0.2591369378328512,0.0003374420011823531,0.15183448791503906,False
834,526,2.836556952088067,0.0003212179981346708,0.15181922912597656,False
835,526,12.264837448248034,0.00032203999944613315,0.1518268585205078,False
836,542,6.628783718378887,0.0003212240007997025,0.1517810821533203,False
837,526,8.854505828320445,0.00032145200020750053,0.1518115997314453,False
838,526,12.101715519105595,0.00032790600016596727,0.15180397033691406,False
839,526,7.450275556611876,0.0003243909995944705,0.15180397033691406,False
840,526,10.845168519248132,0.00032356999872718006,0.15181922912597656,False
841,526,8.734208907899964,0.00032424200253444724,0.15180397033691406,False
842,526,5.204606419562891,0.000336346998665249,0.1518115997314453,False
843,526,5.317318894322068,0.0003371149978192989,0.15180397033691406,False
844,534,8.515677072575093,0.00032994600042002276,0.1517505645751953,False
845,526,13.021030662500529,0.00035556800139602274,0.1517810821533203,False
846,526,7.592883076140898,0.00033463799991295673,0.15181922912597656,False
847,526,10.14292443268377,0.00038058100108173676,0.1517963409423828,False
848,526,19.74217996979037,0.00033157500001834705,0.15180397033691406,False
849,526,2.2300669438294882,0.000327654997818172,0.15181922912597656,False
850,531,5.574482305740155,0.0003330469990032725,0.1518115997314453,False
851,528,1.2087753006523698,0.00033544100006110966,0.1518115997314453,False
852,526,10.550823448925243,0.00032319499950972386,0.1518115997314453,False
853,526,1.7887360296148156,0.0003417799998715054,0.1517963409423828,False
854,526,5.562464656118369,0.00035348500023246743,0.15181922912597656,False
855,526,10.995194002881462,0.00034181500086560845,0.1518115997314453,False
856,526,9.892502429923756,0.00033019800321199,0.1518115997314453,False
857,526,8.524745922107027,0.0003380640009709168,0.1518421173095703,False
858,526,6.451872562028596,0.0003271550012868829,0.15181922912597656,False
859,526,16.544627117579576,0.0003453190001891926,0.15180397033691406,False
860,526,14.68382278622845,0.0003297930015833117,0.15180397033691406,False
861,526,1.3945041284965694,0.0003452710006968118,0.1517963409423828,False
862,551,3.698688815032671,0.00034406999839120544,0.15184974670410156,False
863,526,14.986164562051668,0.00032722900141379796,0.15178871154785156,False
864,542,5.197800660805365,0.0003379760019015521,0.1517658233642578,False
865,542,0.997762919792093,0.0003178570004820358,0.15177345275878906,False
866,542,9.800848128059705,0.0003245899970352184,0.15177345275878906,False
867,542,7.753224987494628,0.0003197490004822612,0.15177345275878906,False
868,526,1.3627631232253679,0.0003220799990231171,0.1518268585205078,False
869,453,9.99675750873261,0.00032071099849417806,0.1518421173095703,False
870,526,19.92105812314496,0.00046326499796123244,0.1518268585205078,False
871,526,15.40570243550552,0.00032460299917147495,0.15181922912597656,False
872,526,23.104637055175154,0.00034812399826478213,0.1517963409423828,False
873,453,28.675809377151143,0.0007814559976395685,0.15186500549316406,False
874,526,7.675432473842086,0.0003291889988759067,0.1518115997314453,False
875,453,14.55184442497548,0.0003194660021108575,0.1518268585205078,False
876,453,10.327735120694623,0.0003369650003151037,0.1518573760986328,False
877,542,24.721186497787286,0.00032060100056696683,0.15178871154785156,False
878,453,22.718878510870667,0.00032840000130818225,0.1518268585205078,False
879,526,30.95292667002328,0.0003385340023669414,0.1517810821533203,False
880,542,17.126837718839397,0.0003174419980496168,0.1517810821533203,False
881,542,17.821818064365175,0.00034407800194458105,0.1518115997314453,False
882,257,0.5027826533191373,0.0003431570003158413,0.15178871154785156,False
883,453,16.34835678538288,0.0003180169987899717,0.1517963409423828,False
884,526,21.879975003894696,0.0004916889993182849,0.15177345275878906,False
885,526,22.589478007258244,0.00033699300183798186,0.15177345275878906,False
886,453,19.469676214208587,0.00042765799662447535,0.15178871154785156,False
887,526,22.827620636637345,0.000353196999640204,0.1517658233642578,False
888,526,8.135169790979806,0.0003347929996380117,0.1518115997314453,False
889,143,4.674350761150959,0.00032575799923506565,0.15178871154785156,False
890,526,25.228577333611906,0.0003215409997210372,0.15177345275878906,False
891,526,12.580478643932116,0.0003263629987486638,0.15180397033691406,False
892,202,35.08803167175661,0.0014716549994773231,0.15183448791503906,False
893,526,24.16973910258281,0.0003226709995942656,0.15177345275878906,False
894,526,13.031885356012577,0.0004169189996900968,0.15180397033691406,False
895,453,14.839720337365508,0.0003207599984307308,0.1517963409423828,False
896,542,10.515346695456326,0.00032073699912871234,0.15177345275878906,False
897,202,26.209391852020026,0.00033449699913035147,0.1517810821533203,False
898,542,7.857608971919063,0.0003216839977540076,0.15178871154785156,False
899,526,20.427508853820868,0.0003334900029585697,0.15178871154785156,False
900,559,26.786624052163234,0.00032761599868535995,0.1517658233642578,False
901,526,17.04400259347711,0.0003648330020951107,0.15178871154785156,False
902,453,11.170131297502346,0.00032209900018642657,0.15181922912597656,False
903,542,14.396742246976673,0.0003274059999966994,0.15181922912597656,False
904,453,19.82635862462549,0.0003230170004826505,0.1518115997314453,False
905,546,19.228777159474937,0.00032014500175137073,0.1517658233642578,False
906,542,19.570493864114216,0.0003162239991070237,0.1517353057861328,False
907,526,14.99880780096433,0.0003295269998488948,0.1518115997314453,False
908,453,13.791738889472136,0.0003639780006778892,0.1517810821533203,False
909,542,22.49533854766939,0.00033380400054738857,0.1517963409423828,False
910,453,2.0821673328292087,0.0003253799986850936,0.1517658233642578,False
911,453,17.275341493692437,0.00034369700006209314,0.1517810821533203,False
912,453,9.478393629536123,0.0003203269989171531,0.1517810821533203,False
913,453,11.714392523096619,0.00033262199940509163,0.1518573760986328,False
914,526,19.912227713133642,0.00035184599983040243,0.1517963409423828,False
915,453,15.749167473522418,0.0003345689983689226,0.1518115997314453,False
916,542,17.00510196322834,0.0003333489985379856,0.15177345275878906,False
917,453,7.501319075301217,0.000330127000779612,0.1517810821533203,False
918,453,11.489193356812702,0.0003363840005476959,0.15177345275878906,False
919,453,9.10537961637343,0.00032812000063131563,0.15178871154785156,False
920,542,10.757098481952905,0.0003598199982661754,0.15180397033691406,False
921,453,12.156045456411707,0.0003254690018366091,0.1518268585205078,False
922,453,22.266680515972432,0.00033258199982810766,0.1518268585205078,False
923,453,17.524581207018283,0.0003298379997431766,0.1517810821533203,False
924,526,22.93583557465709,0.000333482999849366,0.15180397033691406,False
925,542,2.17122117536233,0.0003310799984319601,0.1518115997314453,False
926,453,22.2393444624841,0.0003214030002709478,0.1518115997314453,False
927,453,24.630065806215548,0.00033381799948983826,0.1517963409423828,False
928,536,16.753732554049527,0.0003193240008840803,0.1517353057861328,False
929,534,27.92518582068281,0.000327682002534857,0.1517810821533203,False
930,526,27.409449931805685,0.0003156689999741502,0.15175819396972656,False
931,526,26.6611450904151,0.00033313099993392825,0.15175819396972656,False
932,526,20.03622722483473,0.0003314669993415009,0.1517963409423828,False
933,526,27.246075643762982,0.0003370569975231774,0.15180397033691406,False
934,542,9.909201189472189,0.0003185090026818216,0.15178871154785156,False
935,526,20.849729000641474,0.0003744060013559647,0.1518115997314453,False
936,453,5.819285933958522,0.0003164689987897873,0.1517963409423828,False
937,534,2.1844869040908463,0.0004531289996521082,0.15175819396972656,False
938,453,24.95637269317791,0.0003241160011384636,0.15186500549316406,False
939,526,19.926266850395507,0.00032536300204810686,0.1518115997314453,False
940,526,21.058102124153127,0.0003501430001051631,0.1517963409423828,False
941,476,10.354481310043374,0.00032773099883343093,0.1517810821533203,False
942,453,23.136183007906556,0.00033277400143560953,0.15186500549316406,False
943,453,13.830304064211958,0.0003379019981366582,0.1517810821533203,False
944,542,16.15023280499529,0.0003396360007172916,0.15180397033691406,False
945,453,1.0103188645323535,0.00032142800046131015,0.1518115997314453,False
946,453,15.454033609085528,0.00033604299824219197,0.15186500549316406,False
947,542,9.99805520466534,0.00032542400003876537,0.1517505645751953,False
948,453,20.817826654731316,0.0003261009987909347,0.1518573760986328,False
949,542,13.914188340467899,0.000336947003233945,0.1518115997314453,False
950,526,7.99958953679178,0.00035373500213609077,0.15181922912597656,False
951,542,23.602003421026716,0.0003112820013484452,0.1517047882080078,False
952,453,8.096450114665707,0.00032767900120234117,0.15186500549316406,False
953,559,21.101601476820036,0.0003210360009688884,0.15175819396972656,False
954,526,3.4188485850720056,0.0003211580005881842,0.1518115997314453,False
955,526,6.954876552958678,0.0003376460008439608,0.15184974670410156,False
956,526,13.457203538591628,0.0003280810014985036,0.15181922912597656,False
957,526,3.848889267765319,0.00034894100099336356,0.1518573760986328,False
958,542,4.286410412804816,0.000384920000215061,0.15178871154785156,False
959,483,0.07621507444197662,0.0003302220029581804,0.1518573760986328,False
960,534,21.99360971324276,0.0003348399986862205,0.1517658233642578,False
961,526,9.74086244667842,0.0003385199997865129,0.15183448791503906,False
962,526,3.7365681454856405,0.00031909400058793835,0.15180397033691406,False
963,526,7.411825347536594,0.0003221199986001011,0.1517963409423828,False
964,526,4.35126459194362,0.00033128100039903075,0.1518573760986328,False
965,526,3.5837997862197764,0.00034255099672009237,0.15183448791503906,False
966,526,23.71342747580767,0.00032628900225972757,0.1518268585205078,False
967,526,9.484490833598397,0.0003316180009278469,0.1518726348876953,False
968,526,15.701943062138497,0.0003216929981135763,0.1518421173095703,False
969,526,10.881866367626651,0.00032322500192094594,0.1517963409423828,False
970,534,20.33190645054989,0.00032439799906569533,0.15178871154785156,False
971,526,5.980018660012118,0.0003308000013930723,0.1517963409423828,False
972,534,29.05309583294085,0.00032840999847394414,0.1517658233642578,False
973,526,1.880763629466534,0.0003303110024717171,0.1518115997314453,False
974,526,16.445784919043568,0.00033926400283235125,0.15178871154785156,False
975,526,2.911108491801679,0.0003362849965924397,0.15181922912597656,False
976,542,10.659878128086389,0.00033158699807245284,0.15177345275878906,False
977,526,1.172676729904257,0.0003293269983259961,0.1518421173095703,False
978,526,4.982838281767016,0.00032001799991121516,0.1517963409423828,False
979,526,4.7316178302494905,0.0003444130015850533,0.15186500549316406,False
980,534,18.80751941183371,0.0003295860005891882,0.15175819396972656,False
981,526,4.26511888668907,0.0003270859997428488,0.1518421173095703,False
982,526,9.243454085635669,0.00032785100120236166,0.15184974670410156,False
983,453,18.44937827886642,0.0003218300007574726,0.15186500549316406,False
984,534,18.70378637720185,0.00033638500099186786,0.15175819396972656,False
985,526,21.023444125376457,0.00033885100128827617,0.15181922912597656,False
986,526,18.941853017490903,0.0003246220003347844,0.15181922912597656,False
987,534,15.756402382657631,0.0003161269996780902,0.15177345275878906,False
988,542,5.487217037100315,0.00032489699879079126,0.15181922912597656,False
989,542,3.979174388693542,0.0003459309991740156,0.1517963409423828,False
990,542,11.218348934046144,0.0003315430003567599,0.15181922912597656,False
991,202,19.420138108396074,0.00032682600067346357,0.1518115997314453,False
992,526,1.9765590770395747,0.0003606320024118759,0.1518573760986328,False
993,526,0.777437969493965,0.00033442000130889937,0.1518115997314453,False
994,542,2.6204615305045547,0.00031802199737285264,0.15180397033691406,False
995,526,0.7193429030078988,0.0003231800001231022,0.15180397033691406,False
996,526,3.939876990617237,0.0003344920005474705,0.1518115997314453,False
997,542,5.471660015630292,0.00034139100171159953,0.15181922912597656,False
998,542,1.2529899715860306,0.00035133400160702877,0.15181922912597656,False
999,542,19.00603213817656,0.000318271999276476,0.15177345275878906,False
1000,542,4.126700065162211,0.0003342160016472917,0.1518268585205078,False
1001,542,1.7674622275569885,0.0003224540014343802,0.1518115997314453,False
1002,526,16.305707358547526,0.00033185899883392267,0.15181922912597656,False
1003,542,0.8432636997046217,0.00032506899879081175,0.15180397033691406,False
1004,526,10.429735130393194,0.00033724200329743326,0.15181922912597656,False
1005,526,14.187225018867185,0.00034142799995606765,0.15183448791503906,False
1006,555,14.865725323413077,0.00036784300027647987,0.1518268585205078,False
1007,555,0.2919584607339405,0.0003506600005493965,0.1518115997314453,False
1008,526,4.109114951069165,0.0003267699976277072,0.1518268585205078,False
1009,476,6.76898900484122,0.00033549100044183433,0.15184974670410156,False
1010,476,2.9076944532002447,0.0004098169993085321,0.1518268585205078,False
1011,526,11.465989932394052,0.00032199699853663333,0.15180397033691406,False
1012,542,0.4542295277943218,0.00033777300268411636,0.1518115997314453,False
1013,542,5.629767651744686,0.00036112599991611205,0.1517963409423828,False
1014,526,11.298232511301636,0.00033599199741729535,0.1518726348876953,False
1015,526,3.8638051183166713,0.0003300649987068027,0.1518268585205078,False
1016,526,1.2432183481817773,0.00033966900082305074,0.1517963409423828,False
1017,534,5.6768905240561445,0.0003223189996788278,0.15177345275878906,False
1018,526,6.009740077561532,0.0003235609983676113,0.15181922912597656,False
1019,542,2.7549745616676766,0.00032818699764902703,0.1517963409423828,False
1020,542,4.593173998533494,0.0003290149979875423,0.15180397033691406,False
1021,526,5.241648265015974,0.0003275540002505295,0.15183448791503906,False
1022,526,10.550650279089583,0.00033414399877074175,0.15184974670410156,False
1023,534,12.406336768200614,0.0005823430001328234,0.1517810821533203,False
1024,534,16.065640473877046,0.00033013199936249293,0.15181922912597656,False
1025,526,16.96217535011988,0.0003617749971454032,0.15184974670410156,False
1026,417,0.008998497333718047,0.00032162699790205806,0.1517505645751953,False
1027,526,0.3828264164082267,0.00032513400219613686,0.15184974670410156,False
1028,526,2.396764512672828,0.00032784500217530876,0.15181922912597656,False
1029,542,1.874543171120342,0.0003318510025565047,0.15180397033691406,False
1030,526,2.0377982918467996,0.0003442350025579799,0.1518421173095703,False
1031,526,1.9442214385647887,0.0003720720014825929,0.15183448791503906,False
1032,526,3.654684721701943,0.0003480420018604491,0.1518726348876953,False
1033,526,4.648334207723248,0.00033942400114028715,0.1518573760986328,False
1034,526,0.9056715630052636,0.00036633100171457045,0.15183448791503906,False
1035,526,3.036296986256289,0.000335698998242151,0.15181922912597656,False
1036,526,1.8879690396104305,0.0003239379984734114,0.15183448791503906,False
1037,202,23.4761937170516,0.00032523099798709154,0.15184974670410156,False
1038,202,17.28540559255149,0.0003187529982824344,0.15175819396972656,False
1039,526,25.654285057339237,0.0003209210008208174,0.15178871154785156,False
1040,526,13.316965867501882,0.0003249199980928097,0.1518573760986328,False
1041,526,4.177055872478361,0.0003297849980299361,0.15186500549316406,False
1042,542,0.237899720155335,0.0003800529993895907,0.1518268585205078,False
1043,555,4.755477710704756,0.0003431750010349788,0.15183448791503906,False
1044,526,1.7576227879163397,0.00033579699811525643,0.15180397033691406,False
1045,526,15.850107101547842,0.00032611699862172827,0.1518268585205078,False
1046,526,8.450959496843236,0.000417025999922771,0.15184974670410156,False
1047,526,13.404416801433925,0.000323645999742439,0.15180397033691406,False
1048,526,3.394262285649569,0.0003300380012660753,0.1518421173095703,False
1049,526,8.88125280543708,0.0003303990015410818,0.1517963409423828,False
1050,526,16.936421179098016,0.00034327800312894396,0.1518421173095703,False
1051,526,23.584106088203402,0.00034208800207125023,0.15181922912597656,False
1052,526,8.653664580059182,0.0003337260022817645,0.1518115997314453,False
1053,526,5.119685354172731,0.0003332350024720654,0.1518421173095703,False
1054,526,15.845150874617483,0.0003210279974155128,0.1518268585205078,False
1055,526,12.937253957381772,0.000329061000229558,0.15184974670410156,False
1056,526,18.630287393799417,0.0003437990017118864,0.15181922912597656,False
1057,542,5.8885946766098645,0.0003106860021944158,0.1517505645751953,False
1058,531,0.36017586154221193,0.0003233880015613977,0.15178871154785156,False
1059,526,8.354787724623247,0.00032801099951029755,0.15181922912597656,False
1060,526,23.36365546574356,0.00031943800058797933,0.1517963409423828,False
1061,534,11.3017507321392,0.000325632998283254,0.1517810821533203,False
1062,526,23.963386726000767,0.0003538689998094924,0.15183448791503906,False
1063,534,17.63564578521902,0.0003193910015397705,0.1517658233642578,False
1064,542,11.412479932735677,0.00033334199906676076,0.1517810821533203,False
1065,526,3.4791590141338737,0.00033647800228209235,0.15186500549316406,False
1066,526,8.382986267312917,0.0003714380000019446,0.1518421173095703,False
1067,526,5.051503682259391,0.000330165999912424,0.1518115997314453,False
1068,534,10.025211729936851,0.00036547799754771404,0.15180397033691406,False
1069,526,16.101279735566305,0.00033825500213424675,0.15184974670410156,False
1070,526,9.946147757013733,0.00033500900099170394,0.15184974670410156,False
1071,526,0.647720625093994,0.00034758699985104613,0.15181922912597656,False
1072,145,1.3170245872431605,0.00032777600063127466,0.15178871154785156,False
1073,526,24.97728393594903,0.00031933799982653,0.1517963409423828,False
1074,526,1.413788407899963,0.0003270540000812616,0.1518268585205078,False
1075,526,3.7471759949709966,0.00033545699989190325,0.1518421173095703,False
1076,526,1.4699009164660684,0.00033490999703644775,0.15186500549316406,False
1077,202,2.582447118680851,0.0003235139993194025,0.15178871154785156,False
1078,202,22.685923464509834,0.0003468190006969962,0.1518115997314453,False
1079,525,0.43315982998409247,0.00032508699950994924,0.15178871154785156,False
1080,526,0.050808313372419533,0.00033103599707828835,0.15186500549316406,False
1081,526,17.482486353911813,0.0003525609972712118,0.1518268585205078,False
1082,526,0.5067589972722022,0.0003260199991927948,0.1518268585205078,False
1083,526,5.977362921636105,0.0003243159990233835,0.1518421173095703,False
1084,542,1.9740892129763985,0.0003205659995728638,0.1518268585205078,False
1085,526,2.459493849616555,0.0003443339992372785,0.1518573760986328,False
1086,526,0.18641695063422148,0.00032228700001724064,0.1518115997314453,False
1087,526,5.1281417987882705,0.00033749900103430264,0.1518268585205078,False
1088,542,4.264182105513488,0.0003731840006366838,0.1518268585205078,False
1089,526,3.033996512233877,0.0003560660006769467,0.15181922912597656,False
1090,526,4.3869498338379795,0.0003245250009058509,0.1518421173095703,False
1091,542,4.2231507127221715,0.0003321210024296306,0.15177345275878906,False
1092,526,7.571834596237212,0.00033568799699423835,0.15184974670410156,False
1093,526,11.20063755652071,0.00032507099967915565,0.15183448791503906,False
1094,526,8.399580199723758,0.0003454409998084884,0.1518268585205078,False
1095,526,8.716019574170002,0.00032656199982739054,0.1518268585205078,False
1096,534,8.908286697718502,0.0003222249979444314,0.1517200469970703,False
1097,526,0.20023403736016565,0.00033456500023021363,0.1518268585205078,False
1098,526,0.8315017589655938,0.00032507300056749955,0.15183448791503906,False
1099,526,6.538763296734967,0.0003237890014133882,0.15181922912597656,False
1100,526,4.817457409796624,0.0003485569977783598,0.1517810821533203,False
1101,526,8.628801224269013,0.00037368000266724266,0.1518115997314453,False
1102,542,13.93640534471627,0.00032760400063125417,0.1517658233642578,False
1103,542,7.288178017118779,0.0003269929984526243,0.15177345275878906,False
1104,542,9.036468400100821,0.000327876001392724,0.15178871154785156,False
1105,542,0.6875022006152118,0.0003153180005028844,0.1517963409423828,False
1106,542,9.511983117525041,0.0003233259994885884,0.15175819396972656,False
1107,542,20.25753341585857,0.00032260700027109124,0.1518268585205078,False
1108,526,5.327143031735021,0.00033018699832609855,0.15178871154785156,False
1109,530,5.310320494375875,0.0003185969981132075,0.1517505645751953,False
1110,526,0.48329187940351304,0.0003327529993839562,0.15180397033691406,False
1111,453,20.50158196386415,0.0003279429984104354,0.15178871154785156,False
1112,542,8.83888953669862,0.00033447799796704203,0.15178871154785156,False
1113,542,5.039139770530639,0.0003211330003978219,0.15180397033691406,False
1114,531,1.3435100668807967,0.0003220920007152017,0.15175819396972656,False
1115,542,11.487045598217312,0.0003642759984359145,0.1518115997314453,False
1116,542,2.123972040667402,0.00040283999987877905,0.1517963409423828,False
1117,526,17.153902191729397,0.000326125998981297,0.15180397033691406,False
1118,542,5.268081818331826,0.00031529899933957495,0.15177345275878906,False
1119,542,1.4404069398573363,0.000332531999447383,0.1517963409423828,False
1120,542,4.346552869867196,0.0003224829997634515,0.15183448791503906,False
1121,542,0.5296571019604421,0.00032064200058812276,0.1518115997314453,False
1122,526,17.621266615193925,0.0003250579975428991,0.15181922912597656,False
1123,526,16.73262534103508,0.0003238659992348403,0.1517963409423828,False
1124,526,15.536191437852654,0.0003374330008227844,0.1517810821533203,False
1125,526,16.31058079488041,0.0003202250009053387,0.15180397033691406,False
1126,542,4.520181232139208,0.0003330140025354922,0.15181922912597656,False
1127,526,4.0829936426975575,0.00032607200046186335,0.15181922912597656,False
1128,542,8.532449767347135,0.0003167100003338419,0.1517810821533203,False
1129,526,8.239746125299309,0.00033886500023072585,0.1517810821533203,False
1130,542,0.9132794364016661,0.0003203920023224782,0.1517810821533203,False
1131,526,13.202990250950403,0.00033352399987052195,0.1517810821533203,False
1132,542,0.5485331016103991,0.0003268979999120347,0.15180397033691406,False
1133,526,3.5786393748271994,0.0005329140003595967,0.15180397033691406,False
1134,526,1.3236672876383437,0.000329625003359979,0.1518421173095703,False
1135,542,3.2432608672508003,0.000349994999851333,0.1517963409423828,False
1136,526,5.9726482570626,0.0003387240030860994,0.1518421173095703,False
1137,531,2.246537273977458,0.00032568700044066645,0.15177345275878906,False
1138,525,0.43232585865535,0.00033375900238752365,0.1517810821533203,False
1139,445,10.72159781067699,0.000340347000019392,0.15184974670410156,False
1140,445,12.185924091619016,0.0003430899996601511,0.1518573760986328,False
1141,542,5.670604038715831,0.00033289000202785246,0.15180397033691406,False
1142,453,7.566629345430681,0.0003166209971823264,0.1517810821533203,False
1143,542,9.006243177698597,0.00032495800041942857,0.15180397033691406,False
1144,542,0.7385200693269489,0.00031778700213180855,0.1517963409423828,False
1145,526,8.04584961754193,0.00033019099646480754,0.1517505645751953,False
1146,542,8.27325696414545,0.00032446499972138554,0.15180397033691406,False
1147,453,14.753513729177591,0.00031556600151816383,0.1517810821533203,False
1148,453,7.532921779032755,0.00032256500344374217,0.15178871154785156,False
1149,542,5.565049821314517,0.0004177150003670249,0.1517963409423828,False
1150,542,4.730003561065487,0.00032929999724728987,0.15180397033691406,False
1151,526,6.002472805238055,0.0003301489996374585,0.1517963409423828,False
1152,542,6.830721224030407,0.0003204890017514117,0.1517963409423828,False
1153,542,0.3803248018000147,0.00032307499714079313,0.1517810821533203,False
1154,542,4.118166894355053,0.00032568499955232255,0.15180397033691406,False
1155,542,3.214319639730471,0.00032058100259746425,0.1517658233642578,False
1156,542,8.82366268347653,0.0003232409981137607,0.15180397033691406,False
1157,453,4.932431605042006,0.0003283749974798411,0.1517810821533203,False
1158,542,11.743781249159799,0.0003345969998918008,0.15177345275878906,False
1159,526,8.498519291037784,0.0003428599993640091,0.15180397033691406,False
1160,445,3.8382279778935975,0.00032970100073725916,0.1518421173095703,False
1161,526,10.145690537354715,0.00032768500022939406,0.1517963409423828,False
1162,453,17.47494363450786,0.00032615300006000325,0.15178871154785156,False
1163,542,0.561203825973319,0.00032869800270418637,0.15180397033691406,False
1164,526,14.347017463411836,0.00034285800211364403,0.1517963409423828,False
1165,526,11.985731109979348,0.0003301369979453739,0.1517810821533203,False
1166,526,2.2145574669196293,0.0003464370020083152,0.1517963409423828,False
1167,542,24.191385071404035,0.00031707399830338545,0.15175819396972656,False
1168,526,7.181860322988463,0.00032258099963655695,0.1517505645751953,False
1169,526,5.735164639529566,0.00032594200092717074,0.1517963409423828,False
1170,453,17.90765306020348,0.00033004899887600914,0.15180397033691406,False
1171,453,12.718149604407001,0.00033668900141492486,0.1518268585205078,False
1172,542,8.40943877661124,0.0003226099979656283,0.15177345275878906,False
1173,542,11.551925285050139,0.00033096100014518015,0.15180397033691406,False
1174,542,8.986958230354245,0.0003311629989184439,0.15178871154785156,False
1175,542,19.680810797995118,0.0003565170009096619,0.15178871154785156,False
1176,542,20.200944305437375,0.000318271999276476,0.1517658233642578,False
1177,542,3.520825001264834,0.0003296940012660343,0.15180397033691406,False
1178,525,0.9340715939394458,0.0003245650004828349,0.15177345275878906,False
1179,542,3.6828909666247807,0.00034981200224137865,0.15181922912597656,False
1180,526,8.148590666621665,0.0003370400008861907,0.15180397033691406,False
1181,526,17.31138233225003,0.0003869880019919947,0.15180397033691406,False
1182,542,0.02174584368506771,0.00038456399852293544,0.1517963409423828,False
1183,526,12.570387659046617,0.0003344169999763835,0.15180397033691406,False
1184,445,0.004892283388852614,0.00033956200059037656,0.1518268585205078,False
1185,542,0.06474963621155716,0.00032164300137083046,0.1517963409423828,False
1186,526,9.348260357323774,0.00032574799843132496,0.15181922912597656,False
1187,542,12.80789691678673,0.0003197660007572267,0.1518115997314453,False
1188,526,7.940849603135581,0.0003180739986419212,0.15178871154785156,False
1189,542,1.3290012441073848,0.00032485799965797924,0.15180397033691406,False
1190,526,3.6813772186053306,0.00031863999902270734,0.15175819396972656,False
1191,542,4.170988120511023,0.0003243710016249679,0.15180397033691406,False
1192,542,2.9115602979020334,0.0003145020018564537,0.1517963409423828,False
1193,542,15.378988338304927,0.0003332129999762401,0.15177345275878906,False
1194,542,7.240729745471355,0.0006487190003099386,0.15178871154785156,False
1195,542,23.312086257305246,0.00032736099819885567,0.15177345275878906,False
1196,542,2.0289848342074084,0.0003218040001229383,0.15175819396972656,False
1197,542,15.3430126918212,0.00031832799868425354,0.15178871154785156,False
1198,444,8.977570362796785,0.0003389919984329026,0.1518726348876953,False
1199,542,10.03764488769178,0.00032980399919324555,0.15178871154785156,False
1200,526,1.8789270041263286,0.0003293629997642711,0.1517658233642578,False
1201,542,19.910824392267777,0.0003162930006510578,0.15178871154785156,False
1202,542,1.0445932635823567,0.00032190599813475274,0.15181922912597656,False
1203,534,29.864533924674372,0.00032137299785972573,0.1517810821533203,False
1204,526,21.63208606277056,0.0003469039984338451,0.1518268585205078,False
1205,526,21.26019365909982,0.0003313180022814777,0.15180397033691406,False
1206,534,22.828939695843125,0.00032571500196354464,0.1517963409423828,False
1207,526,27.905749677351636,0.00035229399873060174,0.15183448791503906,False
1208,526,28.202561709754484,0.00033018499743775465,0.15181922912597656,False
1209,526,31.38643719699381,0.000326466000842629,0.15183448791503906,False
1210,534,26.394884895113336,0.0003398019980522804,0.1517963409423828,False
1211,534,22.57579941391193,0.0003288529987912625,0.15177345275878906,False
1212,542,2.169078223849862,0.00033592500039958395,0.1518115997314453,False
1213,542,13.06213325619639,0.00033070800054701976,0.15183448791503906,False
1214,526,26.423806101412186,0.0003396089996385854,0.15183448791503906,False
1215,534,25.780932613958456,0.0003823019978881348,0.1518115997314453,False
1216,542,24.210341185612425,0.0003433519996178802,0.1517963409423828,False
1217,534,27.332774283567854,0.0003380369998922106,0.1517810821533203,False
1218,526,14.228123106885914,0.00033617599910940044,0.1518573760986328,False
1219,534,26.893326693503315,0.00041661199793452397,0.15177345275878906,False
1220,534,23.52393242888541,0.00032106499929795973,0.1517810821533203,False
1221,534,23.535550679701927,0.00031817200215300545,0.15175819396972656,False
1222,526,20.965617910508307,0.0003397530017537065,0.15177345275878906,False
1223,526,25.578226109897425,0.0003302270015410613,0.15180397033691406,False
1224,526,8.866125404618323,0.00033163800253532827,0.1517963409423828,False
1225,526,24.3020924839988,0.000321094998071203,0.1517963409423828,False
1226,526,24.823302618871097,0.000334202002704842,0.15180397033691406,False
1227,534,19.65978595309194,0.00036910099879605696,0.15177345275878906,False
1228,526,5.595829499320146,0.00034824799877242185,0.1517963409423828,False
1229,534,28.57165502754523,0.0003490449998935219,0.15177345275878906,False
1230,526,11.034784757429502,0.00033478199839009903,0.15181922912597656,False
1231,542,8.646860649082594,0.0003332289998070337,0.1517963409423828,False
1232,542,6.109032284042637,0.00032691500018700026,0.1517658233642578,False
1233,542,5.969618074732725,0.00032779599860077724,0.1517810821533203,False
1234,534,16.873559120995733,0.0003205739994882606,0.15175819396972656,False
1235,526,27.07672053562318,0.00033122400054708123,0.15178871154785156,False
1236,542,16.40387270542595,0.00032181699862121604,0.15183448791503906,False
1237,526,21.056284064732804,0.000324751999869477,0.15177345275878906,False
1238,526,6.03250363319672,0.00032066000130726025,0.15180397033691406,False
1239,542,3.362489621949056,0.000318883998261299,0.15181922912597656,False
1240,542,7.524839471552017,0.0003872580018651206,0.1517963409423828,False
1241,534,16.627725654337752,0.00033235299997613765,0.15177345275878906,False
1242,534,0.987558662694517,0.0003301149990875274,0.1517963409423828,False
1243,526,5.62764241747432,0.00033489799898234196,0.15183448791503906,False
1244,542,2.3684364452462283,0.0003259410004829988,0.1517658233642578,False
1245,542,13.131559186978194,0.0003233279967389535,0.15180397033691406,False
1246,526,25.29766582011316,0.0003344939977978356,0.15180397033691406,False
1247,534,20.75009193373836,0.0003305300015199464,0.15178871154785156,False
1248,526,20.668586970368473,0.0003188619994034525,0.1517810821533203,False
1249,534,19.82894261369338,0.00035304800258018076,0.15174293518066406,False
1250,556,0.18883943046201906,0.0003790419978031423,0.15178871154785156,False
1251,534,21.719504844493596,0.00033378700027242303,0.1517810821533203,False
1252,526,24.47042664948396,0.00032512800316908397,0.1518268585205078,False
1253,445,1.8567193544998952,0.00045510200288845226,0.15184974670410156,False
1254,531,2.1138274515596187,0.00032595200173091143,0.1517963409423828,False
1255,525,1.0693520855981606,0.0003469299990683794,0.1517505645751953,False
1256,529,0.9167400947333504,0.0003180050007358659,0.1518115997314453,False
1257,559,0.5113626729697893,0.00034238199805258773,0.1517963409423828,False
1258,556,19.19464478836114,0.0003749730021809228,0.15175819396972656,False
1259,542,18.94719613687444,0.00038693500027875416,0.1517963409423828,False
1260,542,1.342240432577217,0.0004084249994775746,0.15181922912597656,False
1261,534,21.004892403434447,0.00039022500277496874,0.1517810821533203,False
1262,526,16.309458056162292,0.0003754339995793998,0.15181922912597656,False
1263,526,11.402075352968634,0.00033335799889755435,0.15186500549316406,False
1264,526,16.1873764025081,0.00034583500018925406,0.15181922912597656,False
1265,526,14.963221203767407,0.00037666600110242143,0.1518421173095703,False
1266,534,11.736789294706265,0.000321588999213418,0.15181922912597656,False
1267,555,19.18001414115153,0.000332760999299353,0.1518115997314453,False
1268,526,20.455418318734004,0.00034032400071737356,0.15180397033691406,False
1269,534,25.185860275409006,0.00033661400084383786,0.15177345275878906,False
1270,542,6.408140412319307,0.00033375099883414805,0.15178871154785156,False
1271,542,19.49899066057851,0.00034934799987240694,0.15177345275878906,False
1272,526,30.51730870665451,0.000334632997692097,0.15181922912597656,False
1273,556,0.24005587692365504,0.00032394800291513093,0.15177345275878906,False
1274,534,14.359471027839424,0.0003235529984522145,0.15178871154785156,False
1275,542,1.4140902587801492,0.00034219799999846146,0.15180397033691406,False
1276,534,23.13995893961463,0.00038562400004593655,0.1517810821533203,False
1277,534,19.812980317253345,0.0003328519997012336,0.15177345275878906,False
1278,526,26.00777028041815,0.0003379080008016899,0.1518115997314453,False
1279,526,22.52113865162208,0.0003241579979658127,0.15181922912597656,False
1280,526,19.140436755904652,0.00033550800071679987,0.15183448791503906,False
1281,534,25.964318732754283,0.00032845299938344397,0.1517810821533203,False
1282,534,19.950422381133986,0.00032879100035643205,0.15180397033691406,False
1283,542,3.199210033996451,0.00039806600034353323,0.1517810821533203,False
1284,542,1.8316099029925503,0.00032886600092751905,0.15180397033691406,False
1285,526,21.32655131988377,0.0003253700015193317,0.1518268585205078,False
1286,526,28.305847770053134,0.0003366739983903244,0.15180397033691406,False
1287,526,14.20192874640236,0.0003780759980145376,0.15183448791503906,False
1288,526,11.321610360188384,0.0003230459988117218,0.15180397033691406,False
1289,542,22.9078243763348,0.000328678001096705,0.15181922912597656,False
1290,542,9.00589141390429,0.0003270739980507642,0.1517963409423828,False
1291,534,28.55699031227997,0.0003210380018572323,0.1517658233642578,False
1292,542,1.5075569721688922,0.0003284209997218568,0.1517810821533203,False
1293,526,21.857068504641298,0.0004254179984855,0.15183448791503906,False
1294,534,34.697130281307714,0.00032240300060948357,0.15175819396972656,False
1295,534,29.65989383532105,0.000321319999784464,0.15177345275878906,False
1296,201,25.91761997897512,0.0003147160023218021,0.1517047882080078,False
1297,534,14.90662751112366,0.000320905997796217,0.1517353057861328,False
1298,453,0.3720382286293977,0.0003233279967389535,0.15181922912597656,False
1299,476,20.056940434560907,0.00034278100065421313,0.15180397033691406,False
1300,476,6.704728121376385,0.00031777100230101496,0.1517810821533203,False
1301,503,13.364340942450298,0.0003329740029585082,0.1517658233642578,False
1302,542,16.877957379822895,0.0003328599996166304,0.1517658233642578,False
1303,387,4.481815078565862,0.0003528790002746973,0.1518115997314453,False
1304,534,4.338772531891907,0.0003292619985586498,0.1518115997314453,False
1305,526,26.70476310163348,0.0003361749986652285,0.15181922912597656,False
1306,526,1.4374063252191194,0.0003556850024324376,0.1518268585205078,False
1307,526,3.69330808092287,0.00034286499794689007,0.1518115997314453,False
1308,527,1.117154965966754,0.00033593700209166855,0.1517963409423828,False
1309,534,4.617728805686313,0.0003268389991717413,0.1517963409423828,False
1310,550,0.010542137982255007,0.0003304620004200842,0.1517505645751953,False
1311,534,25.886390023788696,0.0003340719995321706,0.15174293518066406,False
1312,526,15.654038750975936,0.00032284000189974904,0.1518268585205078,False
1313,557,0.15847451921649303,0.0003419009990466293,0.1518115997314453,False
1314,531,1.9292774437425306,0.0003237810014979914,0.15180397033691406,False
1315,527,0.3286316149357272,0.0003222349987481721,0.15180397033691406,False
1316,57,0.7884812819927969,0.0005714079998142552,0.15172767639160156,False
1317,542,0.5638503910096571,0.0003273090005677659,0.15178871154785156,False
1318,534,0.8644266714404426,0.00034359400160610676,0.15178871154785156,False
1319,531,1.6714526779740038,0.00032744800046202727,0.15181922912597656,False
1320,531,2.0354877547308434,0.0003409000019019004,0.15183448791503906,False
1321,534,0.13788434624909335,0.00033358500149915926,0.1517810821533203,False
1322,531,1.129033438413408,0.00033358699874952435,0.15186500549316406,False
1323,265,0.576995651925734,0.00034452599720680155,0.15180397033691406,False
1324,265,2.9898053703510747,0.0003633739979704842,0.15181922912597656,False
1325,534,0.2583205540245148,0.0003860039978462737,0.1518268585205078,False
1326,534,1.4964147969496853,0.00032087699946714565,0.15178871154785156,False
1327,534,0.995160131633765,0.0003230889997212216,0.15186500549316406,False
1328,526,0.09850933996365008,0.0003232179988117423,0.1518115997314453,False
1329,555,1.3274249483633305,0.00033376700230292045,0.15180397033691406,False
1330,536,0.06922736491141057,0.0003364670010341797,0.15183448791503906,False
1331,534,2.768133226641737,0.00032415100213256665,0.1517810821533203,False
1332,526,10.430709114927994,0.0003304210003989283,0.15183448791503906,False
1333,556,22.255152472975173,0.0003372549981577322,0.15175819396972656,False
1334,534,25.671705613815025,0.00032571300107520074,0.15175819396972656,False
1335,526,22.449288747996125,0.0003644699972937815,0.1518268585205078,False
1336,526,21.965146896764765,0.00032591999843134545,0.1518115997314453,False
1337,526,12.830328019752145,0.0003608799997891765,0.1518268585205078,False
1338,526,17.96434491316976,0.00034376400071778335,0.1517963409423828,False
1339,542,0.7893816635130584,0.0003147409988741856,0.1517810821533203,False
1340,526,24.529314199858998,0.00032720299714128487,0.15183448791503906,False
1341,526,20.253402658001093,0.0004331230011302978,0.15180397033691406,False
1342,534,8.53655958605207,0.00032432100124424323,0.15178871154785156,False
1343,526,14.244102714290227,0.0003253030008636415,0.15183448791503906,False
1344,534,9.866900198093996,0.0003229329995519947,0.15181922912597656,False
1345,526,15.4125512308411,0.00033327100027236156,0.15183448791503906,False
1346,535,0.8056719954767789,0.0003315460016892757,0.15180397033691406,False
1347,544,0.022750579098558932,0.0003234699979657307,0.1518421173095703,False
1348,534,7.987525355991905,0.0003207299996574875,0.1517353057861328,False
1349,534,10.920065872784669,0.0003405510033189785,0.1517810821533203,False
1350,59,1.5161485268794404,0.000321281000651652,0.15175819396972656,False
1351,542,4.815698604363865,0.0003183289991284255,0.15181922912597656,False
1352,526,7.75623902685801,0.0003253390023019165,0.1518268585205078,False
1353,534,8.580926675606207,0.00038738500006729737,0.1518268585205078,False
1354,534,2.1494536624718457,0.0003226230001018848,0.1518268585205078,False
1355,526,12.815972481499092,0.00033707200054777786,0.1518268585205078,False
1356,534,13.737128698160598,0.00032241700318991207,0.1517658233642578,False
1357,534,19.230525170373475,0.00032677499984856695,0.15174293518066406,False
1358,526,19.87737256366107,0.00032755700158304535,0.1518268585205078,False
1359,531,28.693690987411557,0.000321202001941856,0.15174293518066406,False
1360,526,24.984810601323662,0.0003411760008020792,0.15180397033691406,False
1361,526,5.485452826883286,0.0003807380016951356,0.15181922912597656,False
1362,534,1.239125171988358,0.0003248899993195664,0.15175819396972656,False
1363,526,9.714002186712143,0.0003331890002300497,0.15181922912597656,False
1364,534,15.122288009671665,0.0007718859997112304,0.15177345275878906,False
1365,534,13.569026680730559,0.00033712200092850253,0.15178871154785156,False
1366,534,12.729620527084197,0.0003397759974177461,0.15177345275878906,False
1367,527,1.1524450081698707,0.0003217470002709888,0.1517963409423828,False
1368,439,0.007343534610744551,0.0005022910008847248,0.15177345275878906,False
1369,178,0.4716093770981224,0.0003314950008643791,0.1518115997314453,False
1370,534,19.316980282740026,0.00032164699950953946,0.1517963409423828,False
1371,544,17.654132648405195,0.0003240120022383053,0.15180397033691406,False
1372,559,33.91052219816658,0.000326506000419613,0.15177345275878906,False
1373,556,0.318104406396154,0.0003272260000812821,0.15177345275878906,False
1374,542,18.81698183907728,0.0003573280009732116,0.1518268585205078,False
1375,556,12.867399031536214,0.00031796100302017294,0.1517658233642578,False
1376,559,21.126498347522567,0.00036242299756850116,0.15178871154785156,False
1377,556,5.505164305880238,0.0003371640013938304,0.1517810821533203,False
1378,542,2.4709404920684985,0.00032359800025005825,0.1518268585205078,False
1379,417,6.805844741416031,0.00032587500027148053,0.1517505645751953,False
1380,542,2.2650873345915947,0.00032944300255621783,0.15181922912597656,False
1381,559,2.9876796360410776,0.0003290559980086982,0.1517505645751953,False
1382,526,3.4528044410636234,0.00033548499777680263,0.15184974670410156,False
1383,559,7.1208895295195545,0.0003324710014567245,0.15180397033691406,False
1384,526,17.858562856665024,0.00032740100141381845,0.15186500549316406,False
1385,559,1.683849500543669,0.0003392220023670234,0.15180397033691406,False
1386,526,11.501347988001806,0.0003241100021114107,0.15183448791503906,False
1387,542,14.971290108624347,0.00046611799916718155,0.1518268585205078,False
1388,542,3.395662975498645,0.0003364829972269945,0.1518268585205078,False
1389,526,22.272077991575475,0.0003486300010990817,0.15181922912597656,False
1390,542,20.82498481760316,0.0003497990001051221,0.15184974670410156,False
1391,526,14.819711270769924,0.00032524099879083224,0.1518268585205078,False
1392,542,4.949691603847278,0.00033124900073744357,0.15183448791503906,False
1393,526,16.589324612694817,0.00034822199813788757,0.15183448791503906,False
1394,531,13.1377535500617,0.0003293720001238398,0.1517810821533203,False
1395,526,13.894067295665845,0.00032410000130767,0.1518268585205078,False
1396,545,0.15534096248982276,0.000337255001795711,0.1517963409423828,False
1397,526,15.639101617460344,0.00032403599834651686,0.1518115997314453,False
1398,526,13.503899216169332,0.0003236270022171084,0.1517963409423828,False
1399,542,15.218932159922968,0.0003262650025135372,0.1518268585205078,False
1400,556,8.11739783536079,0.0003184320012223907,0.15174293518066406,False
1401,559,11.656082004531505,0.0003668939971248619,0.15177345275878906,False
1402,556,14.044380971679704,0.00031895599749987014,0.15171241760253906,False
1403,542,4.826675676707559,0.000390220000554109,0.1518421173095703,False
1404,542,2.626166183578057,0.0003281319986854214,0.15181922912597656,False
1405,526,6.726861086900076,0.00033791500027291477,0.15181922912597656,False
1406,559,28.19632058068399,0.00033812500259955414,0.1518115997314453,False
1407,559,22.711941341588915,0.00034228900040034205,0.15175819396972656,False
1408,559,23.209560739941306,0.0003179769992129877,0.15175819396972656,False
1409,524,17.661718661973605,0.00032693899993319064,0.1518268585205078,False
1410,559,23.351409707512666,0.0003334950015414506,0.1517353057861328,False
1411,559,5.122705292608344,0.0003364200019859709,0.15177345275878906,False
1412,559,23.750240915400752,0.0003594410009100102,0.15177345275878906,False
1413,542,4.732798770650483,0.0003692659993248526,0.15183448791503906,False
1414,542,15.809268613333128,0.0003255560004618019,0.15181922912597656,False
1415,556,4.028212350900493,0.0003219479986000806,0.1517810821533203,False
1416,526,0.06321957538173706,0.0003227179986424744,0.1517810821533203,False
1417,531,1.3158744973611751,0.00032662499870639294,0.15184974670410156,False
1418,534,0.9007356246500079,0.0003562419988156762,0.15181922912597656,False
1419,71,0.34910801264069163,0.0003246849992137868,0.1517658233642578,False
1420,182,0.3425227180321614,0.00040620700019644573,0.1518115997314453,False
1421,559,0.11297357324957069,0.0003372529972693883,0.15180397033691406,False
1422,542,2.6187695968474642,0.0003284739977971185,0.15181922912597656,False
1423,525,0.008413305903128714,0.000334020998707274,0.1518268585205078,False
1424,559,3.5349058655020613,0.0003697540014400147,0.1518115997314453,False
1425,534,1.4461579969235063,0.0003260570010752417,0.15183448791503906,False
1426,544,0.1360847967433561,0.00032904399995459244,0.1518573760986328,False
1427,178,0.13268006145680666,0.000396321000152966,0.15184974670410156,False
1428,60,0.13552398000755161,0.0003542790000210516,0.15174293518066406,False
1429,525,2.6402716954874546,0.00032431700310553424,0.1518268585205078,False
1430,559,6.5770482477639,0.000356786997144809,0.15181922912597656,False
1431,555,1.6530347409587,0.0003236860029574018,0.15181922912597656,False
1432,58,0.6948402820280939,0.0003326740006741602,0.15181922912597656,False
1433,551,0.06944551551976763,0.0003439560023252852,0.1518421173095703,False
1434,551,0.35429714206799257,0.0003319380011816975,0.15183448791503906,False
1435,525,0.25872466411263895,0.00035352199847693555,0.1518115997314453,False
1436,525,1.1017784363229717,0.00034329800109844655,0.1518115997314453,False
1437,531,1.950707165279675,0.0003280140008428134,0.1518421173095703,False
1438,531,0.2769344330253485,0.00033007599995471537,0.15181922912597656,False
1439,145,0.25809423543024046,0.0003330939980514813,0.1517963409423828,False
1440,145,0.45482435338852056,0.0003283000005467329,0.1517963409423828,False
1441,145,0.30568132134759685,0.0003508120025799144,0.1518115997314453,False
1442,526,3.1307317288171017,0.00032817299870657735,0.15186500549316406,False
1443,559,0.18849406926638013,0.0003415589999349322,0.1518115997314453,False
1444,525,0.006410118899021086,0.0003356039997015614,0.1517810821533203,False
1445,531,0.7548871981778104,0.0003655950022221077,0.15184974670410156,False
1446,546,0.1330084251543049,0.0003288810003141407,0.1517810821533203,False
1447,525,1.8098459297283238,0.00033229800101253204,0.15181922912597656,False
1448,551,0.2520881605314446,0.00040487599835614674,0.15184974670410156,False
1449,534,0.27819866605588295,0.0003235809999750927,0.15180397033691406,False
1450,145,0.41778069353152514,0.0003337260022817645,0.15181922912597656,False
1451,559,0.20279973237672477,0.00033962100133066997,0.15178871154785156,False
1452,551,0.01835827338512197,0.0003356279994477518,0.1518421173095703,False
1453,525,0.07079895197304167,0.0004205760014883708,0.1518115997314453,False
1454,534,0.6592838129065955,0.00034957300158566795,0.1518115997314453,False
1455,145,0.18704402411640153,0.0003369289988768287,0.15183448791503906,False
1456,551,0.28875928925112637,0.00034000599771388806,0.15184974670410156,False
1457,531,0.6327311916342897,0.0003678210014186334,0.15181922912597656,False
1458,534,0.6438319059455103,0.00033513699963805266,0.15181922912597656,False
1459,58,2.029428720123315,0.0003747529990505427,0.15180397033691406,False
1460,555,0.7596440101337434,0.00033261000135098584,0.1518421173095703,False
1461,559,3.134276101645847,0.0003214639982616063,0.1517963409423828,False
1462,180,0.32700630797260716,0.00034825599868781865,0.15181922912597656,False
1463,51,0.48047869700901724,0.0003186569992976729,0.1517658233642578,False
1464,538,0.43720170533886904,0.00033083699963754043,0.15183448791503906,False
1465,524,0.05824972596747702,0.00033414800054742955,0.15183448791503906,False
1466,533,0.35753656601365824,0.0003312379994895309,0.15180397033691406,False
1467,314,0.14739789440585616,0.0006824770025559701,0.15183448791503906,False
1468,71,0.09940762398248044,0.00034312599746044725,0.1517963409423828,False
1469,294,0.10624040257852452,0.00032613099756417796,0.1518115997314453,False
1470,223,0.6836203582780958,0.0003264459992351476,0.15178871154785156,False
1471,527,0.2735547601561584,0.00032160200134967454,0.15178871154785156,False
1472,229,0.14381645344141147,0.0003262509999331087,0.1518421173095703,False
1473,159,0.05643589371794133,0.0003271650020906236,0.15183448791503906,False
1474,544,0.7820217048368643,0.00034211900128866546,0.1518421173095703,False
1475,551,3.4437230057182804,0.00032477700005983934,0.15181922912597656,False
1476,531,1.5589438260368058,0.0003281070021330379,0.1517963409423828,False
1477,534,4.496197437093197,0.00033321799855912104,0.1518421173095703,False
1478,559,1.075163604233908,0.0003379240006324835,0.1518421173095703,False
1479,531,0.6475368777713533,0.00032474500039825216,0.1518573760986328,False
1480,542,2.606401296103485,0.0003851530018437188,0.15183448791503906,False
1481,555,1.3308572598406172,0.0003610560015658848,0.1518115997314453,False
1482,145,0.3951545535827963,0.0003491359966574237,0.1517810821533203,False
1483,542,2.066195565091393,0.00033642099879216403,0.1518268585205078,False
1484,536,1.2847753298261835,0.00034121699718525633,0.1518268585205078,False
1485,530,0.14104060073611702,0.0003354779983055778,0.1518115997314453,False
1486,534,0.4332263454345271,0.0003212000010535121,0.1518115997314453,False
1487,145,0.8519026055077452,0.0003260180019424297,0.1518268585205078,False
1488,547,0.2615645161892006,0.00034174599932157435,0.1518421173095703,False
1489,56,6.885926944888432e-05,0.0003338780006743036,0.15180397033691406,False
1490,302,0.21168558515603186,0.000369782999769086,0.15181922912597656,False
1491,530,0.0724945140297197,0.00032752900006016716,0.15180397033691406,False
1492,149,0.034932325925810304,0.00035836000097333454,0.15181922912597656,False
1493,144,0.5811577004614454,0.0003350020015204791,0.1518115997314453,False
1494,534,0.6033022209522858,0.0003255519986851141,0.1518115997314453,False
1495,525,0.18826336089334786,0.00033255199741688557,0.1518115997314453,False
1496,551,2.212670575126355,0.00032786299925646745,0.15183448791503906,False
1497,551,0.674608284115644,0.0003341839983477257,0.1518268585205078,False
1498,531,0.23693463978371399,0.0003275640010542702,0.15181922912597656,False
1499,559,0.07724348552401583,0.00032041299709817395,0.1518115997314453,False
1500,551,1.2424939374443684,0.00034328499896219,0.1518421173095703,False
1501,551,0.4211793554668386,0.00035471700175548904,0.15184974670410156,False
1502,58,0.46978515262556036,0.0003449849973549135,0.15178871154785156,False
1503,58,1.5071800165791183,0.0003839249984594062,0.15180397033691406,False
1504,542,0.17019893765107597,0.0003278379990661051,0.1518115997314453,False
1505,542,0.6803367313949309,0.0003226389999326784,0.15181922912597656,False
1506,559,0.07190570470296542,0.0003371290003997274,0.15183448791503906,False
1507,559,0.17027378463534149,0.00034456600042176433,0.1518115997314453,False
1508,145,1.8078021480785988,0.00033566400088602677,0.15180397033691406,False
1509,132,0.00978831253003154,0.0003336689987918362,0.1517963409423828,False
1510,439,0.5728096682160039,0.0004374879972601775,0.1518115997314453,False
1511,145,0.014806502592507265,0.00034513599894125946,0.1517963409423828,False
1512,525,0.4241208909006703,0.0003472239986876957,0.15181922912597656,False
1513,559,1.6080598574425178,0.0003423099988140166,0.15177345275878906,False
1514,542,1.607846593303945,0.0003883970020979177,0.1518268585205078,False
1515,534,0.37478689070193616,0.00032595800075796433,0.15183448791503906,False
1516,531,0.5891280444667673,0.0003284390004409943,0.15181922912597656,False
1517,551,0.79994040105173,0.0003335189976496622,0.15184974670410156,False
1518,544,0.0016951747770936887,0.00032589799957349896,0.1518573760986328,False
1519,555,0.9892718702398118,0.0003301249998912681,0.15184974670410156,False
1520,534,0.46746568023234847,0.0003341999981785193,0.15178871154785156,False
1521,525,0.09100075311126284,0.000324179000017466,0.15183448791503906,False
1522,534,0.3469819485953522,0.0003231980008422397,0.1518268585205078,False
1523,525,0.3306780190487135,0.0003277969990449492,0.15181922912597656,False
1524,525,2.5390051714591952,0.0003446119990258012,0.1518573760986328,False
1525,551,0.31505041696767877,0.0003452909986663144,0.1518421173095703,False
1526,524,0.03855530086937112,0.0003247259992349427,0.1518268585205078,False
1527,145,1.454636927908639,0.0003306910002720542,0.1517963409423828,False
1528,534,0.21602855573179947,0.0003391719983483199,0.1518268585205078,False
1529,542,0.6408717424134096,0.00032188800105359405,0.15183448791503906,False
1530,76,0.18219842363778654,0.0003217129997210577,0.1518268585205078,False
1531,46,0.008793868179357865,0.0003351239975017961,0.1518115997314453,False
1532,520,0.6310564885780628,0.00033522399826324545,0.1518268585205078,False
1533,551,0.11328470117260805,0.00032195300082094036,0.1518421173095703,False
1534,60,0.07820171929951547,0.0003379700028744992,0.15180397033691406,False
1535,312,0.132208346063322,0.00032939700031420216,0.15183448791503906,False
1536,348,0.11827107720558724,0.0004548680008156225,0.1517963409423828,False
1537,533,0.1333769918766603,0.00034989099731319584,0.15177345275878906,False
1538,56,0.13031790495518236,0.00032108400046126917,0.15177345275878906,False
1539,158,0.9558731697925626,0.0003440120017330628,0.1518115997314453,False
1540,557,0.36773765527518243,0.0003355820008437149,0.1518573760986328,False
1541,46,0.12109628740322119,0.00032544200075790286,0.15178871154785156,False
1542,556,0.04546374860556305,0.00032884800020838156,0.15181922912597656,False
1543,46,0.08785813932183187,0.00033762499879230745,0.1518115997314453,False
1544,527,0.026136067810139205,0.00034611000228323974,0.1518573760986328,False
1545,439,0.41576414996841266,0.0003314420027891174,0.15188026428222656,False
1546,203,0.00012835787729685577,0.0004579480009851977,0.1518421173095703,False
1547,67,0.2349614868643497,0.0003398199987714179,0.15186500549316406,False
1548,167,0.07595028797509429,0.0003446480004640762,0.1518573760986328,False
1549,67,0.40900436246754457,0.0004665060005208943,0.15186500549316406,False
1550,158,0.02303526445417381,0.00033461199927842245,0.15184974670410156,False
1551,538,0.13456354266329829,0.00033005699879140593,0.15183448791503906,False
1552,226,0.05742545183721082,0.00032828199982759543,0.15184974670410156,False
1553,421,0.1312753117970718,0.0021498550013347995,0.1518726348876953,False
1554,421,0.008909931576358956,0.00032020800063037314,0.1518573760986328,False
1555,540,0.3638417641897487,0.0003377700013516005,0.15184974670410156,False
1556,160,0.002040799834235999,0.0003261199999542441,0.1518268585205078,False
1557,554,0.0069779834430446774,0.0003473129982012324,0.15183448791503906,False
1558,179,0.08672444603903966,0.0003240749974793289,0.15181922912597656,False
1559,8,0.3254053165596446,0.00033511000219732523,0.1518268585205078,False
1560,149,0.07613859248813104,0.000341867002134677,0.15180397033691406,False
1561,249,0.17926795169625945,0.00032527399889659137,0.15183448791503906,False
1562,48,0.020449143720034035,0.00033276400063186884,0.15183448791503906,False
1563,557,0.010441164132275308,0.00032900000223889947,0.15186500549316406,False
1564,417,0.17004204250804755,0.0003292699984740466,0.15183448791503906,False
1565,529,0.16297764390124303,0.00032160399860003963,0.1518573760986328,False
1566,46,0.468958527830061,0.00033235099908779375,0.15180397033691406,False
1567,437,0.07162567225290184,0.0003414630009501707,0.15184974670410156,False
1568,219,0.11572534834247006,0.000330394999764394,0.15183448791503906,False
1569,541,0.023901839262310376,0.0003237630007788539,0.15181922912597656,False
1570,59,0.15693846984147553,0.00033982300010393374,0.1518421173095703,False
1571,445,0.10655322213768981,0.00033501899815746583,0.1518421173095703,False
1572,430,0.03949566360724496,0.0003281070021330379,0.1518573760986328,False
1573,55,0.20066890787210578,0.0003284960002929438,0.1518115997314453,False
1574,542,0.14147374361585818,0.00033635299769230187,0.15180397033691406,False
1575,437,0.134585687897903,0.00037457299913512543,0.15184974670410156,False
1576,220,0.011495071802803403,0.00032249400101136416,0.1517963409423828,False
1577,57,0.022534049895089392,0.0003498599980957806,0.1518573760986328,False
1578,46,0.13617811534325594,0.00034797199987224303,0.15181922912597656,False
1579,48,0.009905686068651942,0.00032779799948912114,0.1518268585205078,False
1580,68,0.4352247525518076,0.00033566400088602677,0.1518726348876953,False
1581,55,0.029056207644952092,0.0004068710004503373,0.1518268585205078,False
1582,55,0.2299412549743991,0.000345797001500614,0.1518421173095703,False
1583,40,0.10187763612383494,0.000321777999488404,0.15177345275878906,False
1584,535,0.0031777422554211815,0.0003288219995738473,0.1518115997314453,False
1585,137,0.11538550902603362,0.00032718399961595424,0.1518421173095703,False
1586,552,0.0024869871046426656,0.0003354379987285938,0.15184974670410156,False
1587,417,0.46488652297135225,0.0003301169999758713,0.15181922912597656,False
1588,405,0.01744873452061846,0.0003243409992137458,0.15181922912597656,False
1589,130,0.05575775672101156,0.0003277949981566053,0.1518268585205078,False
1590,432,0.19455328619500423,0.0003248070024710614,0.1518421173095703,False
1591,204,0.139930787411176,0.0003230949987482745,0.1518115997314453,False
1592,308,0.055856373024279704,0.00033001499832607806,0.15184974670410156,False
1593,30,0.06381599726129412,0.00034767400211421773,0.1518573760986328,False
1594,522,0.01794725260120611,0.00032273899705614895,0.15183448791503906,False
1595,312,0.021745534124615506,0.0003283660007582512,0.1518268585205078,False
1596,131,0.054585640454132354,0.0003349739999976009,0.15181922912597656,False
1597,243,0.017246713957265146,0.0003364000003784895,0.15183448791503906,False
1598,226,0.0167975041701518,0.00033214999712072313,0.15180397033691406,False
1599,436,0.30132567177545133,0.00036582900065695867,0.15183448791503906,False
1600,266,0.0046018672104968655,0.00033606899887672625,0.15180397033691406,False
1601,549,0.6446375921628942,0.0003317059999972116,0.15184974670410156,False
1602,545,0.08471124041926092,0.0003272379981353879,0.1518726348876953,False
1603,528,0.4751887544253711,0.0003271040004619863,0.15188026428222656,False
1604,152,0.9068751009071043,0.0003280630007793661,0.15184974670410156,False
1605,417,0.021027793003103534,0.00032055700285127386,0.1518268585205078,False
1606,54,0.13515823274350247,0.00034692900226218626,0.15184974670410156,False
1607,167,0.24651161831359125,0.00033753399839042686,0.15186500549316406,False
1608,538,0.18840523078921478,0.00032268200084217824,0.15184974670410156,False
1609,545,0.09770911839587093,0.00032295200071530417,0.15183448791503906,False
1610,68,0.07365407658984635,0.0003350240003783256,0.15183448791503906,False
1611,158,0.17816848490047343,0.00034000799860223196,0.15183448791503906,False
1612,95,0.07891188745914858,0.0003212430019630119,0.1518115997314453,False
1613,249,0.07625149310976409,0.0004216760025883559,0.15181922912597656,False
1614,228,0.02867517349714932,0.00032695299887564033,0.15186500549316406,False
1615,552,0.16580034041410613,0.0003432539997447748,0.15186500549316406,False
1616,314,0.2368079175833021,0.00032158400063053705,0.1518115997314453,False
1617,91,0.03209101301155254,0.00032500200177310035,0.1517810821533203,False
1618,433,0.07472111911782114,0.00033820400130935013,0.1518421173095703,False
1619,94,0.022124825802294898,0.0003214650023437571,0.1517963409423828,False
1620,285,0.06786027470352358,0.00033639100001892075,0.1518115997314453,False
1621,70,0.020228952296505343,0.00033885499942698516,0.15186500549316406,False
1622,524,0.08922008381541113,0.00034438999864505604,0.1518268585205078,False
1623,75,0.010620361194010344,0.0003331660009280313,0.1518573760986328,False
1624,162,0.031100019743583326,0.00034022399995592423,0.15183448791503906,False
1625,124,0.06546662746699705,0.00032291699972120114,0.15180397033691406,False
1626,413,0.09926514618744042,0.0003534110001055524,0.1518726348876953,False
1627,154,0.01810603440039953,0.00032324100175173953,0.1518421173095703,False
1628,529,0.4126285744279619,0.00032441700022900477,0.15184974670410156,False
1629,438,0.3347221635675088,0.0003257060016039759,0.15181922912597656,False
1630,50,0.5065120313874477,0.0007375649984169286,0.1518115997314453,False
1631,55,0.17496340943865807,0.0003335879991936963,0.1518268585205078,False
1632,67,0.055823184659570924,0.00033812499896157533,0.15184974670410156,False
1633,157,0.31471527562516677,0.00032855999961611815,0.15186500549316406,False
1634,67,0.20787972967413892,0.00032877500052563846,0.15184974670410156,False
1635,538,0.6193687364424525,0.0003461149972281419,0.1518726348876953,False
1636,69,0.014988964455993514,0.00032579400067334063,0.1518421173095703,False
1637,520,0.10188645734293833,0.00044605500079342164,0.1518268585205078,False
1638,172,0.045576575556163734,0.000331081999320304,0.1518268585205078,False
1639,438,0.029998798327441678,0.0003303339981357567,0.15183448791503906,False
1640,48,0.0012191366171721008,0.0003480660016066395,0.15181922912597656,False
1641,544,1.0835504257262545,0.000375158000679221,0.15184974670410156,False
1642,214,0.029637052155706025,0.00032958299925667234,0.15181922912597656,False
1643,411,0.1527960892840141,0.0003560500008461531,0.15183448791503906,False
1644,68,0.06703111246733595,0.00032857200130820274,0.1518573760986328,False
1645,67,0.047011304885151484,0.0003264740007580258,0.1518726348876953,False
1646,557,0.4312948165282545,0.00037900000097579323,0.15186500549316406,False
1647,528,0.20428637485316448,0.00032530799944652244,0.15184974670410156,False
1648,149,0.08715594514620828,0.00033468699984950945,0.1518115997314453,False
1649,412,0.039423070493465884,0.0003273269976489246,0.1518115997314453,False
1650,144,0.06274989820477428,0.0003240160003770143,0.1517963409423828,False
1651,536,0.0015915022753535402,0.0003388439981790725,0.1517810821533203,False
1652,6,0.07223820409929282,0.00032954099879134446,0.15183448791503906,False
1653,348,0.009744813883552639,0.00032176000240724534,0.1518268585205078,False
1654,378,0.11919204208456052,0.0003411430006963201,0.1518573760986328,False
1655,410,0.012465811091970869,0.0003240160003770143,0.1518878936767578,False
1656,420,0.041997732686265554,0.0003476470010355115,0.1518878936767578,False
1657,125,0.17581408524199724,0.00032282200118061155,0.15183448791503906,False
1658,453,6.509829198051115,0.00032122300035553053,0.1518115997314453,False
1659,453,4.856570555699287,0.0003557249983714428,0.1518421173095703,False
1660,453,19.68263354528865,0.0003348009995534085,0.1518878936767578,False
1661,467,6.853496668388873,0.0003826020001724828,0.1518268585205078,False
1662,82,0.31787374118754075,0.0003152429999317974,0.1517505645751953,False
1663,201,7.202648929507502,0.00032464399919263087,0.15180397033691406,False
1664,467,3.6072423399603712,0.0003250330009905156,0.1518268585205078,False
1665,503,1.4233514774095122,0.00032041499798651785,0.15183448791503906,False
1666,453,3.9628607095148207,0.00031669500094722025,0.15180397033691406,False
1667,476,0.48481437043270237,0.0003587849969335366,0.1518115997314453,False
1668,453,1.1063042878572393,0.00032717000067350455,0.15180397033691406,False
1669,526,10.144351804957054,0.0003745340000023134,0.15181922912597656,True
1670,467,3.6835525741096378,0.0003701030000229366,0.1518115997314453,False
1671,453,33.106276634297934,0.00031909799872664735,0.1518268585205078,False
1672,149,10.8180379130127,0.0003439270003582351,0.15178871154785156,False
1673,469,0.593542947994215,0.00032003399974200875,0.15184974670410156,False
1674,476,3.4111928309880284,0.00032065399864222854,0.1518115997314453,False
1675,441,0.9239361083404809,0.00032375600130762905,0.1518115997314453,False
1676,453,0.6384123352540056,0.00033147999783977866,0.15181922912597656,False
1677,503,1.9753636938669379,0.000321359999361448,0.15181922912597656,False
1678,140,0.3542994681965954,0.0004026300011901185,0.15181922912597656,False
1679,246,0.021246740595046276,0.00033362299654982053,0.1518268585205078,False
1680,440,1.5379510203142295,0.0003605269994295668,0.1518268585205078,False
1681,453,1.774219773625734,0.0003404039998713415,0.15184974670410156,False
1682,467,6.783898728168723,0.000327035002555931,0.1518115997314453,False
1683,140,16.65462072053864,0.00033732500014593825,0.1517658233642578,False
1684,476,1.695271853065135,0.0003388110017112922,0.15177345275878906,False
1685,441,1.4363868396604944,0.0003322510019643232,0.1517505645751953,False
1686,461,0.9664858386602875,0.0003319259994896129,0.15181922912597656,False
1687,467,0.32996992227355015,0.00034027499714284204,0.1518268585205078,False
1688,140,0.5630972241740153,0.0003215770011593122,0.1517353057861328,False
1689,453,7.946968329849819,0.00033326300035696477,0.1517658233642578,False
