Test Index,Train Index,Score,Computing Time (s),Space Usage (MB),Same Class
0,1,5.895406321013538,0.00019266299932496622,0.15091896057128906,True
1,10,17.356467973693288,0.000172002000908833,0.15093421936035156,True
2,30,20.012772252765565,0.00017040300008375198,0.15093421936035156,True
3,10,17.780227174461736,0.00017533800200908445,0.1509265899658203,True
4,30,17.700049086332164,0.00018349499805481173,0.15094947814941406,True
5,12,25.509448454154512,0.00017382399892085232,0.1509571075439453,True
6,31,25.22714315931861,0.00017503799972473644,0.1509418487548828,True
7,31,22.206759901813253,0.00017685099737718701,0.15093421936035156,True
8,24,15.636683876891635,0.00018160900071961805,0.15093421936035156,True
9,3,28.251545698717642,0.00018317100330023095,0.1509418487548828,True
10,2,25.218030724161622,0.00017579599807504565,0.15096473693847656,True
11,2,13.764860245192118,0.00017821300207288004,0.15093421936035156,True
12,19,5.404511460266601,0.00017201399896293879,0.15091896057128906,True
13,12,14.39762635130088,0.00017958900207304396,0.15093421936035156,True
14,4,16.50676924658757,0.00017146800018963404,0.15093421936035156,True
15,39,20.003169387731518,0.0001751870004227385,0.15094947814941406,True
16,3,13.826608733192867,0.00016955099999904633,0.1509265899658203,True
17,13,2.2606422500432903,0.0001843350000854116,0.1509113311767578,True
18,14,4.1345845978298685,0.0001753310025378596,0.1509113311767578,True
19,14,3.9835704876913947,0.00017180600116262212,0.15091896057128906,True
20,1,2.711992718092632,0.0001719819993013516,0.1509113311767578,True
21,18,5.6401371269704175,0.00018027600162895396,0.15091896057128906,True
22,13,3.499605696217162,0.00018992499826708809,0.1509113311767578,True
23,18,3.1892433911423383,0.0001703449997876305,0.1509113311767578,True
24,18,6.861224709819827,0.000184168999112444,0.15091896057128906,True
25,18,5.290394156492153,0.00017011099771480076,0.1509113311767578,True
26,18,8.531270270948315,0.0001693620033620391,0.15091896057128906,True
27,16,5.102059804102628,0.00019497600078466348,0.15091896057128906,True
28,20,8.544148885666228,0.00016992900054901838,0.1509265899658203,True
29,19,6.607118067345616,0.00017798800035961904,0.15091896057128906,True
30,21,7.952565999360419,0.00017787300021154806,0.15091896057128906,True
31,14,13.419537371242894,0.00017632700109970756,0.1509265899658203,True
32,21,8.618736718868593,0.0002057429992419202,0.15091896057128906,True
33,22,9.212882594527045,0.000170824998349417,0.15091896057128906,True
34,16,6.083978195645425,0.00017933600247488357,0.15091896057128906,True
35,18,9.095027216856945,0.00019024599896511063,0.15091896057128906,True
36,16,5.734223407311005,0.00016825700004119426,0.15091896057128906,True
37,17,9.31004772201522,0.00016659800166962668,0.15091896057128906,True
38,16,8.329835996228857,0.00017063099949155003,0.15091896057128906,True
39,1,4.8471246872390354,0.0001789859998098109,0.1509113311767578,True
40,21,7.748855566916635,0.00017706200014799833,0.15091896057128906,True
41,21,4.9077635135719655,0.00018660400019143708,0.15091896057128906,True
42,31,11.719275934041855,0.00017265600035898387,0.1509265899658203,True
43,22,5.7482354392924275,0.00016793300164863467,0.15091896057128906,True
44,31,8.228371555030387,0.00016992299788398668,0.1509265899658203,True
45,26,5.945093824576645,0.0001739979998092167,0.15091896057128906,True
46,26,8.11852210575392,0.0001773330004652962,0.1509265899658203,True
47,26,9.083178400862042,0.00018447199909132905,0.1509265899658203,True
48,28,11.134480940614354,0.00016990400035865605,0.1509265899658203,True
49,28,9.00852536658415,0.00016723399676266126,0.15091896057128906,True
50,27,11.277642637184421,0.0001674800005275756,0.15091896057128906,True
51,23,6.8512211572560435,0.0001702979971014429,0.15091896057128906,True
52,24,7.852967990374728,0.00016777800192357972,0.15091896057128906,True
53,32,18.35607689689816,0.00016913400031626225,0.1509418487548828,True
54,28,13.134229809443767,0.00017021999883581884,0.1509265899658203,True
55,37,13.779996665821667,0.00017279600069741718,0.15093421936035156,True
56,13,1.4336092368436701,0.00016844499987200834,0.1509113311767578,True
57,38,10.51045996760777,0.0001780460006557405,0.15093421936035156,True
58,37,13.379158254310527,0.00018148500021197833,0.1509265899658203,True
59,38,7.92821972893254,0.0001692990008450579,0.1509113311767578,True
60,38,12.879543479338972,0.00017252599718631245,0.1509418487548828,True
61,333,34.9783806761714,0.00018175700097344816,0.15097999572753906,False
62,30,6.906605486532637,0.00017420400035916828,0.15091896057128906,True
63,12,19.51446432769935,0.00017305200162809342,0.1509418487548828,True
64,39,15.820243100237358,0.00016816800052765757,0.15093421936035156,True
65,12,19.009786934359976,0.0001819079989218153,0.15096473693847656,True
66,12,24.265253460942482,0.00017291500262217596,0.1509418487548828,True
67,32,22.975046434749206,0.00018126999930245802,0.1509571075439453,True
68,12,21.42567261048649,0.0001755599987518508,0.15094947814941406,True
69,13,2.17025879096905,0.00016793400209280662,0.1509113311767578,True
70,31,25.22714315931861,0.00016998499995679595,0.1509418487548828,True
71,8,27.791925759544288,0.0001702800000202842,0.1509418487548828,True
72,79,33.316449002050014,0.00018154999997932464,0.15097999572753906,True
73,49,33.89907004294083,0.00017853099780040793,0.1509418487548828,True
74,79,25.126594034218922,0.0001788990011846181,0.1509418487548828,True
75,74,38.15202116212219,0.00017852100063464604,0.15097999572753906,True
76,74,33.881289752509986,0.00017696900249575265,0.15097999572753906,True
77,40,21.134543752062015,0.00016977300037979148,0.1509265899658203,True
78,51,7.164292934144188,0.00016620899987174198,0.1509113311767578,True
79,40,19.135888585175294,0.00017869899966171943,0.1509265899658203,True
80,40,25.703426927533492,0.00018664199888007715,0.15094947814941406,True
81,40,15.422344779963337,0.00017201599985128269,0.15091896057128906,True
82,41,22.623402166391337,0.00017227600255864672,0.1509418487548828,True
83,59,57.86423164268328,0.00018117500076186843,0.1510028839111328,True
84,40,16.029874756792,0.0001694530001259409,0.1509265899658203,True
85,40,13.849738916109448,0.00016884800061234273,0.1509265899658203,True
86,40,10.502581169117146,0.00017064100029529072,0.1509113311767578,True
87,45,22.11301836320404,0.0001940280017151963,0.15094947814941406,True
88,45,22.646596868534065,0.00025551399812684394,0.15093421936035156,True
89,40,25.447136114188638,0.00018662000002223067,0.1509418487548828,True
90,45,17.561347898587933,0.00021246699907351285,0.15093421936035156,True
91,40,42.33773941123283,0.000197659002878936,0.1509723663330078,True
92,46,8.624355552077672,0.00022065099983592518,0.1509265899658203,True
93,51,15.485195707920129,0.000172385000041686,0.15093421936035156,True
94,46,15.604398948153646,0.0001730660005705431,0.15093421936035156,True
95,40,35.47494173861139,0.00017508900054963306,0.1509571075439453,True
96,46,12.748039637378442,0.00018745399938779883,0.15091896057128906,True
97,51,18.225923107311697,0.00018568499945104122,0.15093421936035156,True
98,44,60.99892948194541,0.00020395700266817585,0.15101051330566406,True
99,47,11.213525771430739,0.00017629500143812038,0.15091896057128906,True
100,47,12.73199656163327,0.00018460799765307456,0.15091896057128906,True
101,47,17.3375494855905,0.00017840100190369412,0.15091896057128906,True
102,41,12.426195859331045,0.00019544600218068808,0.15093421936035156,True
103,48,31.28094131990611,0.00019018500097445212,0.1509418487548828,True
104,47,28.019267092840007,0.00016947000040090643,0.1509418487548828,True
105,49,38.11322180608065,0.00018855999951483682,0.1509571075439453,True
106,51,9.776915138509272,0.0001719189967843704,0.15091896057128906,True
107,42,48.132951318018115,0.00018792099945130758,0.15097999572753906,True
108,50,31.766507425476117,0.00017104100334108807,0.1509418487548828,True
109,50,31.33420779588673,0.00018568800078355707,0.1509265899658203,True
110,50,34.451551137381024,0.00017471599858254194,0.15096473693847656,True
111,50,31.757826319867412,0.00017398099953425117,0.15096473693847656,True
112,49,28.976411823468926,0.00017527299860375933,0.15093421936035156,True
113,56,37.46229938794606,0.0001826330008043442,0.15096473693847656,True
114,56,33.847718336987896,0.00017033399853971787,0.1509418487548828,True
115,43,40.966365135786795,0.00017946899970411323,0.15097999572753906,True
116,52,32.95103140005101,0.0001822359990910627,0.15096473693847656,True
117,55,32.6425989026588,0.0001852469977166038,0.15096473693847656,True
118,55,28.094229371045984,0.00020486100038397126,0.1509571075439453,True
119,55,32.62706056838908,0.00019521400099620223,0.15096473693847656,True
120,51,8.454585249296024,0.0001795780008251313,0.1509113311767578,True
121,54,25.57573977828348,0.00017885999841382727,0.1509418487548828,True
122,55,29.865701614221827,0.00018909500067820773,0.1509418487548828,True
123,43,57.75971290029593,0.00018254099995829165,0.1510028839111328,True
124,55,21.220182217723067,0.00017781400310923345,0.1509418487548828,True
125,54,23.639814265580053,0.00017167500118375756,0.1509571075439453,True
126,55,17.46009034644444,0.00017603699961910024,0.15093421936035156,True
127,60,31.124698201482442,0.00017690599997877143,0.15094947814941406,True
128,60,32.777101393457194,0.00018604400247568265,0.15096473693847656,True
129,42,35.07984550988647,0.00017304199718637392,0.15093421936035156,True
130,51,12.439413790523723,0.00017621599909034558,0.15091896057128906,True
131,46,40.935586368500594,0.0001761069979693275,0.15096473693847656,True
132,56,28.97299130356399,0.00019670199981192127,0.1509418487548828,True
133,58,22.833018949390166,0.00017917700097314082,0.15091896057128906,True
134,58,45.40784032904738,0.0001886000027297996,0.15096473693847656,True
135,58,52.45069565262013,0.00017131999993580393,0.15096473693847656,True
136,58,53.904047332866426,0.00018514399926061742,0.1509723663330078,True
137,58,36.25217284985452,0.00017962700076168403,0.15093421936035156,True
138,58,27.93392463229083,0.00016902700008358806,0.1509265899658203,True
139,71,4.848685582326028,0.0001710639990051277,0.15091896057128906,True
140,58,28.11513288459607,0.0001817820011638105,0.15094947814941406,True
141,57,42.662752961500374,0.00017771099737728946,0.15097999572753906,True
142,56,36.06202044130635,0.00017914500131155364,0.1509723663330078,True
143,59,37.56893864051461,0.00017348699839203618,0.1509571075439453,True
144,59,37.283410184805554,0.00017994999871007167,0.1509723663330078,True
145,59,36.24566368427591,0.00017213899991475046,0.15094947814941406,True
146,59,43.590054717293555,0.0001942369999596849,0.1509571075439453,True
147,60,28.193765776332246,0.00017018599828588776,0.1509418487548828,True
148,60,30.08029025814975,0.00018203199942945503,0.15093421936035156,True
149,64,14.81058286721955,0.00017118899995693937,0.1509265899658203,True
150,64,11.633861072681988,0.00017064200073946267,0.1509265899658203,True
151,41,11.8798536429181,0.0001712220000626985,0.15091896057128906,True
152,76,23.807587989425382,0.0001713719975668937,0.1509571075439453,True
153,72,25.533871899775125,0.00017144799858215265,0.15094947814941406,True
154,74,27.056419699294207,0.0001693600024736952,0.15094947814941406,True
155,66,14.050394315010879,0.0001768300026014913,0.15093421936035156,True
156,49,27.316003599685462,0.0001902069998322986,0.15094947814941406,True
157,65,16.976822754187797,0.00016981500084511936,0.1509418487548828,True
158,76,27.193628195275483,0.000176199999259552,0.1509571075439453,True
159,68,32.40775573120335,0.00018652099970495328,0.1509723663330078,True
160,76,30.365015590462875,0.00017505099822301418,0.15094947814941406,True
161,74,25.133217716676494,0.00017637299970374443,0.1509571075439453,True
162,71,11.880460606115754,0.00018357700173510239,0.15091896057128906,True
163,75,26.135830283732638,0.00017660999947111122,0.15097999572753906,True
164,77,14.76431660209775,0.0001738419996399898,0.15093421936035156,True
165,64,18.43579123373352,0.0001710479991743341,0.1509418487548828,True
166,65,30.557525396038788,0.00017542099885758944,0.1509571075439453,True
167,49,34.794940786754324,0.00018159899991587736,0.15094947814941406,True
168,68,22.734866981851088,0.00018691399964154698,0.1509723663330078,True
169,76,24.67475078502981,0.00017459499940741807,0.15096473693847656,True
170,66,29.43469861961409,0.00022414399791159667,0.15097999572753906,True
171,76,29.169663261412804,0.00019104099919786677,0.15094947814941406,True
172,62,27.73292020360552,0.00017521100016892888,0.15096473693847656,True
173,50,37.70762262291128,0.00018207099856226705,0.1509571075439453,True
174,66,26.367688046127956,0.00017114599904743955,0.15094947814941406,True
175,68,26.565894904044207,0.00017380599820171483,0.15094947814941406,True
176,68,23.931732341436767,0.00017575300080352463,0.15094947814941406,True
177,72,40.12615049369141,0.00019025299843633547,0.15099525451660156,True
178,72,44.424968262576755,0.00018131100296159275,0.15097999572753906,True
179,72,42.348259678121565,0.0001771609968272969,0.15099525451660156,True
180,63,10.640411367607895,0.00017120500342571177,0.15091896057128906,True
181,66,30.480689466341587,0.0001795149983081501,0.15096473693847656,True
182,50,27.53453205737766,0.0001923790005093906,0.1509418487548828,True
183,77,15.673669148113081,0.0001911409999593161,0.15093421936035156,True
184,67,47.347944241679116,0.00017687199942884035,0.15097999572753906,True
185,75,24.50716986446231,0.00017320799815934151,0.1509418487548828,True
186,73,29.26126376896835,0.00017062400002032518,0.15093421936035156,True
187,72,40.19174625717791,0.0002177259993914049,0.1509876251220703,True
188,74,24.068367584559553,0.00017144599769380875,0.15094947814941406,True
189,51,6.859258693263205,0.0001830020009947475,0.1509113311767578,True
190,49,24.042903966022685,0.00017217899949173443,0.15091896057128906,True
191,78,23.324876100693444,0.00018954800179926679,0.15094947814941406,True
192,328,51.51432986901035,0.00018537299911258742,0.15099525451660156,False
193,64,27.70505373072636,0.0001846939994720742,0.1509418487548828,True
194,77,23.162643771775535,0.0002022929984377697,0.15094947814941406,True
195,79,26.128226300245885,0.00017319200196652673,0.1509723663330078,True
196,71,11.562955755585486,0.00017019400183926336,0.15091896057128906,True
197,79,27.84119715175032,0.0001745629997458309,0.15096473693847656,True
198,79,34.083400172144,0.0001841000012063887,0.1509723663330078,True
199,72,35.40983302678553,0.00017855899932328612,0.15097999572753906,True
200,72,23.539093526872698,0.00020316099835326895,0.15094947814941406,True
201,72,31.836228330856898,0.0001726279988361057,0.1509571075439453,True
202,75,31.442040057967773,0.00018753699987428263,0.15096473693847656,True
203,42,21.846508277043608,0.000181685001734877,0.1509418487548828,True
204,43,49.223077260505924,0.0001782770013960544,0.1509723663330078,True
205,40,20.0232499090996,0.00018647400065674447,0.1509418487548828,True
206,40,22.382204791561477,0.00017550999837112613,0.1509265899658203,True
207,42,19.784976954945822,0.00019912100106012076,0.15094947814941406,True
208,42,25.35017672597062,0.0001827689993660897,0.15094947814941406,True
209,40,25.542723294441156,0.00019328400230733678,0.1509418487548828,True
210,119,22.147786622535932,0.00020614200184354559,0.1509418487548828,True
211,87,10.878918259648268,0.00019003499983227812,0.15091896057128906,True
212,82,6.638921513577378,0.0001750960000208579,0.15091896057128906,True
213,84,5.327756381060219,0.00016976800179691054,0.1509113311767578,True
214,115,6.421681456621853,0.0001787959990906529,0.15091896057128906,True
215,84,8.687945276406438,0.00017910600217874162,0.15091896057128906,True
216,84,7.939579342230736,0.00017158799892058596,0.15091896057128906,True
217,84,11.572752698376332,0.00016819799930090085,0.15091896057128906,True
218,83,3.219304956242186,0.00017942700287676416,0.1509113311767578,True
219,112,7.936923730369096,0.00016856100046425126,0.15091896057128906,True
220,86,11.358623195996094,0.00018231599824503064,0.1509265899658203,True
221,88,8.382213719305394,0.00016768899877206422,0.15091896057128906,True
222,84,7.1915017896855575,0.00016601799870841205,0.1509113311767578,True
223,81,2.6145538728217432,0.00017964600192499347,0.1509113311767578,True
224,87,11.09276429490511,0.00017588899936527014,0.15093421936035156,True
225,95,10.139203532224057,0.00018634799926076084,0.1509265899658203,True
226,95,11.405943472948435,0.00017492500046500936,0.15091896057128906,True
227,84,9.00330167439009,0.00017599599959794432,0.1509265899658203,True
228,87,19.889829863758152,0.00019135900220135227,0.15094947814941406,True
229,87,18.241679344023304,0.00017595799727132544,0.15093421936035156,True
230,84,22.03884969838296,0.00018514100156608038,0.1509418487548828,True
231,81,18.189758273677572,0.0001696680010354612,0.1509265899658203,True
232,89,4.527080861954695,0.00016754500029492192,0.15091896057128906,True
233,81,4.872841137189758,0.00016737099940655753,0.15091896057128906,True
234,81,8.827312210810467,0.0001757689969963394,0.1509265899658203,True
235,82,6.246105097670414,0.00018027999976766296,0.15091896057128906,True
236,86,16.44825976477237,0.00017228500291821547,0.1509418487548828,True
237,86,17.721623849469527,0.0001912869993248023,0.1509571075439453,True
238,88,11.094611224199566,0.00016898600006243214,0.1509113311767578,True
239,89,8.733446922958064,0.00018327100042370148,0.15093421936035156,True
240,84,6.378351158919329,0.00017670500164967962,0.15091896057128906,True
241,90,7.770416942125357,0.00017609800124773756,0.1509265899658203,True
242,90,9.539392124036532,0.00016555800175410695,0.1509265899658203,True
243,89,7.442479692480673,0.00016738900012569502,0.1509265899658203,True
244,84,4.501514747855364,0.00016775499898358248,0.1509113311767578,True
245,96,12.047448153547831,0.00017241800014744513,0.15091896057128906,True
246,105,16.092116208721972,0.00017733200002112426,0.15093421936035156,True
247,105,15.566094098425623,0.0001740930019877851,0.1509418487548828,True
248,101,13.856104981135516,0.0001835610019043088,0.15091896057128906,True
249,96,8.298880585211265,0.00017518800086691044,0.15093421936035156,True
250,96,14.431732455638954,0.0001924759999383241,0.1509418487548828,True
251,102,11.196412630705147,0.0001712970006337855,0.1509265899658203,True
252,98,21.809951327204487,0.00017036799908964895,0.15094947814941406,True
253,115,23.656902129735585,0.00017701199976727366,0.1509418487548828,True
254,100,21.90115057236744,0.00018426300084684044,0.1509418487548828,True
255,105,18.696264103043177,0.0001872590000857599,0.15094947814941406,True
256,108,13.206596113720972,0.00016883699936443008,0.15093421936035156,True
257,92,12.638352189038029,0.00016839399904711172,0.1509113311767578,True
258,99,21.824276747279306,0.0001732519995130133,0.15094947814941406,True
259,99,22.87823472822602,0.00017283399938605726,0.15093421936035156,True
260,86,36.09237379399884,0.00017500800095149316,0.1509723663330078,True
261,102,4.147316492193339,0.00016743599917390384,0.15091896057128906,True
262,107,9.743683282755308,0.00016691400014678948,0.15091896057128906,True
263,102,9.05893871360213,0.00018031800209428184,0.15093421936035156,True
264,103,14.487543719240046,0.00018925599943031557,0.1509418487548828,True
265,103,13.935871769482658,0.00017755800217855722,0.15094947814941406,True
266,93,22.770192988043263,0.00017088299864553846,0.15094947814941406,True
267,91,22.359072295790266,0.00017673800175543875,0.1509418487548828,True
268,93,20.71727696981171,0.00018172899945056997,0.15093421936035156,True
269,101,17.857345828693727,0.00017892400137498043,0.1509265899658203,True
270,105,7.891332063559532,0.00016727600086596794,0.15091896057128906,True
271,95,24.441434563717333,0.00018637699758983217,0.1509418487548828,True
272,101,23.86035872868358,0.00016791500092949718,0.15093421936035156,True
273,94,21.991093712363867,0.00016816000061226077,0.1509265899658203,True
274,94,21.40975450527455,0.0001888270016934257,0.1509265899658203,True
275,94,17.40014140653404,0.00017334299991489388,0.1509418487548828,True
276,92,11.777310247874315,0.00017004999972414225,0.15091896057128906,True
277,92,12.052593593550563,0.0001714710015221499,0.1509113311767578,True
278,119,26.61959433656322,0.00019451000116532668,0.1509418487548828,True
279,374,21.23999363455379,0.00018851599816116504,0.15093421936035156,False
280,85,17.943387197356998,0.00017184099851874635,0.1509265899658203,True
281,374,24.142064164061363,0.00018138800078304484,0.15093421936035156,False
282,96,15.627346300149405,0.00017906200082506984,0.1509418487548828,True
283,107,8.766193381663282,0.0001661000023887027,0.15091896057128906,True
284,107,5.416855878206056,0.0001797600016288925,0.1509113311767578,True
285,85,14.63329893912222,0.0001716169972496573,0.1509418487548828,True
286,107,13.793136208419096,0.00019632700059446506,0.1509265899658203,True
287,104,17.901042336258644,0.00018000000272877514,0.15094947814941406,True
288,113,20.397505693764064,0.00017677600044407882,0.1509571075439453,True
289,109,13.123527373519122,0.00019452899869065732,0.15093421936035156,True
290,118,21.616773645761103,0.00017215700063388795,0.15093421936035156,True
291,80,14.55568712903081,0.00018744599947240204,0.1509418487548828,True
292,104,16.247841905542234,0.00017022600150085054,0.1509418487548828,True
293,109,6.595075430327113,0.00017601299987290986,0.15091896057128906,True
294,115,10.440983799352269,0.00017058000230463222,0.15093421936035156,True
295,115,5.130775186142586,0.00016831599714350887,0.15091896057128906,True
296,106,4.805113669686931,0.00016592300016782247,0.1509113311767578,True
297,82,9.06085515686846,0.00017770200065569952,0.15093421936035156,True
298,80,7.0856910408098015,0.00017047099754563533,0.15091896057128906,True
299,91,10.048211210247699,0.0001710680007818155,0.15093421936035156,True
300,119,5.718349394647729,0.00017560600099386647,0.1509113311767578,True
301,113,7.7414400773753975,0.00017350100097246468,0.15091896057128906,True
302,115,8.596767094747275,0.0001669730008870829,0.1509265899658203,True
303,85,12.91230183616684,0.00039625499994144775,0.1509265899658203,True
304,85,7.681809218311771,0.00017581300198799,0.1509265899658203,True
305,119,7.552791916357346,0.0001692810001259204,0.15091896057128906,True
306,89,12.222685906449538,0.00017928099987329915,0.1509418487548828,True
307,116,12.150456447362897,0.00017055700300261378,0.1509265899658203,True
308,117,20.37626179333262,0.00020229999790899456,0.1509418487548828,True
309,117,18.251276102952595,0.00016863999917404726,0.15093421936035156,True
310,111,12.744372114415777,0.00017924199710250832,0.15093421936035156,True
311,114,10.702937890487068,0.00018551399989519268,0.1509265899658203,True
312,112,7.682083896728155,0.00019007000082638115,0.15091896057128906,True
313,111,8.264862511325525,0.000185009997949237,0.15091896057128906,True
314,85,10.41643474666178,0.0001670480014581699,0.15091896057128906,True
315,114,11.355526045780113,0.00017372099682688713,0.15093421936035156,True
316,114,21.936852064822226,0.00016940599743975326,0.1509418487548828,True
317,111,36.73010759690973,0.00022393300241674297,0.15094947814941406,True
318,82,11.784318008617483,0.00017868700160761364,0.1509418487548828,True
319,114,12.921365048078476,0.00017053799820132554,0.1509265899658203,True
320,84,7.925340784865813,0.00017660299999988638,0.15091896057128906,True
321,115,6.785078097318231,0.00016689499898348004,0.1509113311767578,True
322,83,7.857543804241389,0.00017297799786319956,0.15091896057128906,True
323,84,8.503296567460318,0.0001758719990903046,0.15091896057128906,True
324,87,10.64310331738779,0.00019298099869047292,0.15091896057128906,True
325,90,7.404322019235493,0.00017893699987325817,0.15091896057128906,True
326,90,7.736948871692154,0.0001743989996612072,0.15091896057128906,True
327,89,6.764002005683324,0.0001684400012891274,0.1509265899658203,True
328,84,3.6070376357457588,0.00017468599980929866,0.1509113311767578,True
329,83,6.8779436843023385,0.0001693500016699545,0.15091896057128906,True
330,84,11.115522475027904,0.00016936099927988835,0.1509265899658203,True
331,84,6.477533630635002,0.00017033500262186863,0.15091896057128906,True
332,81,11.70030302909235,0.00018879400158766657,0.1509418487548828,True
333,84,7.770375453294946,0.00017408599887858145,0.15091896057128906,True
334,84,10.162762979436168,0.0001664869996602647,0.1509265899658203,True
335,84,9.42234720672323,0.00016845599748194218,0.15091896057128906,True
336,84,7.235066849481645,0.00023016300110612065,0.1509265899658203,True
337,84,10.523215011866817,0.00018769900270854123,0.15091896057128906,True
338,84,9.837888114964555,0.0001808929991966579,0.15093421936035156,True
339,84,10.715366627143496,0.00017573100194567814,0.1509113311767578,True
340,82,7.322719276574381,0.00016779900033725426,0.15091896057128906,True
341,82,6.219958215681697,0.00017178599955514073,0.1509265899658203,True
342,81,5.347591815615769,0.0001732339987938758,0.15091896057128906,True
343,115,11.36532555836916,0.00016655000217724591,0.1509265899658203,True
344,89,7.831582832135912,0.00020485699860728346,0.1509265899658203,True
345,88,6.301809453204408,0.00016709200281184167,0.15091896057128906,True
346,159,22.497879908573776,0.0001750250012264587,0.15094947814941406,True
347,121,41.368337692084175,0.0001873379987955559,0.15101051330566406,True
348,122,26.063763548044115,0.00017139500050689094,0.1509571075439453,True
349,122,33.969542172999795,0.00019336400146130472,0.1509723663330078,True
350,122,32.48520445540803,0.00018575599824544042,0.15096473693847656,True
351,156,32.833535519876115,0.00017422800010535866,0.15097999572753906,True
352,123,43.42259007410661,0.00017232599930139259,0.15096473693847656,True
353,121,40.3771691696079,0.00017443999968236312,0.1509876251220703,True
354,122,28.5982933880801,0.00017336599921691231,0.15094947814941406,True
355,156,19.078976032833502,0.0001740749976306688,0.15093421936035156,True
356,156,29.850847052551487,0.00017173699961858802,0.15094947814941406,True
357,159,20.84777555651519,0.00017180199938593432,0.1509418487548828,True
358,159,31.459761029857507,0.00017246700008399785,0.1509418487548828,True
359,159,21.904061616607724,0.00017444300101487897,0.1509418487548828,True
360,158,34.33035982947131,0.00018536000061430968,0.15094947814941406,True
361,156,37.92973198501653,0.00018223699953523465,0.15096473693847656,True
362,122,45.86545866121501,0.0001776569988578558,0.1509876251220703,True
363,122,43.43148364009399,0.00018296199777978472,0.1509876251220703,True
364,62,36.73877059267806,0.00023656900157220662,0.1509723663330078,False
365,129,40.291682311696086,0.0001751180025166832,0.1509723663330078,True
366,155,26.86916941814379,0.00017200100046466105,0.15096473693847656,True
367,68,47.9304389539694,0.0001890299972728826,0.1509876251220703,False
368,123,52.108976368744074,0.00017199499779962935,0.15096473693847656,True
369,276,40.979835987069784,0.00018815200019162148,0.15099525451660156,False
370,122,24.0794085394843,0.0001823029997467529,0.15096473693847656,True
371,122,16.46284426949069,0.00017759299953468144,0.1509265899658203,True
372,123,34.29754532083366,0.0001810870016925037,0.1509876251220703,True
373,275,39.28204253301215,0.00017531500270706601,0.15099525451660156,False
374,120,41.347553721720494,0.00017143399963970296,0.1509571075439453,True
375,122,34.5492495240351,0.00017280099928029813,0.1509723663330078,True
376,156,47.31395222774686,0.00018202899809693918,0.15101051330566406,True
377,128,42.53064031688612,0.0001867059982032515,0.1510028839111328,True
378,128,38.47148334484669,0.0001769480004440993,0.1509876251220703,True
379,136,44.62818964781557,0.00017617699995753355,0.1509876251220703,True
380,159,54.40916747133416,0.00018099099906976335,0.15099525451660156,True
381,134,41.73721941560639,0.00018346300203120336,0.15097999572753906,True
382,136,48.29512408021646,0.00018948300203192048,0.1509723663330078,True
383,159,44.66733648668031,0.00018635400192579255,0.1509876251220703,True
384,134,41.34142524909095,0.00017931099864654243,0.15097999572753906,True
385,136,49.061809749717256,0.0001749419971019961,0.15099525451660156,True
386,136,48.96574593467773,0.00018024400196736678,0.15097999572753906,True
387,131,37.129573838544566,0.0001796890028344933,0.15096473693847656,True
388,126,50.46026826060324,0.00019134299873257987,0.1509876251220703,True
389,140,42.42125531331157,0.00018235699826618657,0.1509571075439453,True
390,125,59.305746429920056,0.00018902699957834557,0.15094947814941406,True
391,131,43.287391201121906,0.00018017099864664488,0.15097999572753906,True
392,156,52.82351845182591,0.00017559599655214697,0.1509876251220703,True
393,129,40.74586162038963,0.00017326400120509788,0.1509876251220703,True
394,131,36.882461194273795,0.0001755539997247979,0.1509571075439453,True
395,131,59.75381696804213,0.0001772799987520557,0.15102577209472656,True
396,125,40.90901698957347,0.00017991899949265644,0.1509571075439453,True
397,127,42.088550668051155,0.00018463200103724375,0.1509876251220703,True
398,124,45.12024279635778,0.00018031999934464693,0.1509723663330078,True
399,136,41.933721063013145,0.000174406999576604,0.15096473693847656,True
400,136,44.016929371498435,0.0001748509967001155,0.15096473693847656,True
401,135,46.328924057295346,0.00017947599917533807,0.15101051330566406,True
402,124,34.345436946611926,0.000181005998456385,0.1509418487548828,True
403,140,38.18008065751331,0.00017623199892113917,0.15096473693847656,True
404,139,28.45597929713179,0.0001757360005285591,0.1509571075439453,True
405,137,30.3629037953849,0.00018333499974687584,0.1509418487548828,True
406,136,46.655329725498255,0.00017379600103595294,0.15096473693847656,True
407,137,43.43664268747308,0.00018005499805440195,0.15096473693847656,True
408,129,40.47451858092229,0.00018382199777988717,0.1509723663330078,True
409,129,41.77987446536332,0.0001959369983524084,0.1509876251220703,True
410,129,39.51567163922586,0.0001800760001060553,0.1509571075439453,True
411,129,62.55651747375286,0.00018599599934532307,0.15101051330566406,True
412,129,50.0615828697658,0.00017495100109954365,0.15097999572753906,True
413,128,47.369128078607865,0.00018554599955677986,0.1510028839111328,True
414,214,58.029876935010435,0.00018017799811786972,0.15101051330566406,False
415,127,53.44479528471873,0.00017595999815966934,0.15101051330566406,True
416,135,38.63007587147266,0.00017701300021144561,0.15096473693847656,True
417,132,48.415789031387945,0.00018825900042429566,0.1509876251220703,True
418,136,34.98446968026773,0.0001703710004221648,0.15094947814941406,True
419,137,49.47388075830288,0.00017062299957615323,0.15094947814941406,True
420,154,33.74597983065813,0.0001935639993462246,0.15097999572753906,True
421,143,37.60563786760259,0.0001717630002531223,0.15094947814941406,True
422,151,32.30861526010884,0.00017274800120503642,0.15096473693847656,True
423,142,22.349907448698833,0.0001914469976327382,0.1509571075439453,True
424,142,20.53027578063178,0.00016928200057009235,0.15093421936035156,True
425,154,53.334653772933365,0.00017849500000011176,0.1510181427001953,True
426,139,40.695250801134236,0.0001739170002110768,0.1509723663330078,True
427,154,55.033393353200736,0.00017979000040213577,0.15102577209472656,True
428,146,29.052104419261806,0.0002210159982496407,0.1509418487548828,True
429,125,21.023272026280274,0.00018202199862571433,0.15093421936035156,True
430,155,37.824225214816686,0.00018177899983129464,0.15099525451660156,True
431,155,18.34041371021956,0.00017064599887817167,0.15093421936035156,True
432,155,34.48005643173981,0.00018761399769573472,0.1509723663330078,True
433,121,31.32174848717914,0.00018744899716693908,0.1509571075439453,True
434,152,43.98154951574791,0.00017415299953427166,0.15097999572753906,True
435,150,33.76371494856504,0.00017195500186062418,0.1509571075439453,True
436,150,51.674125146287814,0.0001954020008270163,0.15097999572753906,True
437,155,28.87703265635617,0.00017679699885775335,0.1509571075439453,True
438,154,38.930198607437696,0.00017659299919614568,0.1509723663330078,True
439,139,33.03570125534009,0.0001863979996414855,0.15097999572753906,True
440,142,33.13861753325494,0.0001772840005287435,0.15097999572753906,True
441,146,52.25149064093461,0.00020019099974888377,0.1510028839111328,True
442,147,70.83273815223569,0.000198461002582917,0.15105628967285156,True
443,143,64.94887696752052,0.0001819040007831063,0.15105628967285156,True
444,5,64.39798170325298,0.0001857050010585226,0.1510486602783203,False
445,505,74.96562693272632,0.0001874920017144177,0.15104103088378906,False
446,139,41.534189578510244,0.00017886999921756797,0.1509876251220703,True
447,139,23.826000946663623,0.00017883699911180884,0.15094947814941406,True
448,156,24.751512243506347,0.00017235700215678662,0.15093421936035156,True
449,159,14.987226777680913,0.0001799990022846032,0.15091896057128906,True
450,159,26.17450974491025,0.00017351699716527946,0.1509418487548828,True
451,157,13.77355586947499,0.00017090700202970766,0.1509265899658203,True
452,157,19.355828614605098,0.00017728999955579638,0.15093421936035156,True
453,157,10.554514543658437,0.00018092800019076094,0.15091896057128906,True
454,158,14.63870555498595,0.00017023599866661243,0.1509265899658203,True
455,154,27.22273729491854,0.00017775900050764903,0.15094947814941406,True
456,158,22.117186392144234,0.00017902699983096682,0.15093421936035156,True
457,159,14.628723837999816,0.0001729039977362845,0.1509265899658203,True
458,159,17.228225139148503,0.00017124999794759788,0.15093421936035156,True
459,156,40.80542801638987,0.00017760400078259408,0.1509723663330078,True
460,156,23.00768280424278,0.00018499299767427146,0.1509418487548828,True
461,156,30.227692999030207,0.00017378200209350325,0.1509876251220703,True
462,156,34.38660478991052,0.00017290400137426332,0.15096473693847656,True
463,122,33.1318044811909,0.00018576400179881603,0.15097999572753906,True
464,122,32.85446278226352,0.0001738519968057517,0.15097999572753906,True
465,122,36.06974571458874,0.00017600499995751306,0.15097999572753906,True
466,122,29.572751023283548,0.00016977400082396343,0.1509418487548828,True
467,122,22.01918824662941,0.00017077699885703623,0.1509418487548828,True
468,122,25.146623078637656,0.00018674300008569844,0.1509418487548828,True
469,213,52.77577089328172,0.00018569399981060997,0.15101051330566406,False
470,159,35.45634399731068,0.00020016299822600558,0.15096473693847656,True
471,156,39.855828349787544,0.00018994700076291338,0.1510028839111328,True
472,156,35.4537188757756,0.0001745689987728838,0.15096473693847656,True
473,156,26.249994055709767,0.00017460199887864292,0.15097999572753906,True
474,156,28.472397946045035,0.00018264499885844998,0.15096473693847656,True
475,122,41.10506602076251,0.00017435499830753542,0.15097999572753906,True
476,156,21.605431945290587,0.00017397199917468242,0.15094947814941406,True
477,191,8.604213075922095,0.00021035999816376716,0.1509265899658203,True
478,197,13.086372974344732,0.00017377599942847155,0.1509265899658203,True
479,196,17.91423185327524,0.00017167300029541366,0.1509418487548828,True
480,195,19.5769874439091,0.00018678600099519826,0.15094947814941406,True
481,190,14.720205875184206,0.00017885599663713947,0.15091896057128906,True
482,189,20.33320238928505,0.0001817699994717259,0.1509418487548828,True
483,188,18.958194027353347,0.00018587399972602725,0.15094947814941406,True
484,195,16.46910429436094,0.0001670059973548632,0.1509265899658203,True
485,195,18.747830151557658,0.00017480899987276644,0.1509571075439453,True
486,191,17.140699611029056,0.00017305299843428656,0.15093421936035156,True
487,162,16.037700135647214,0.0001704339993011672,0.15094947814941406,True
488,160,12.353538635806125,0.00018038499911199324,0.1509265899658203,True
489,193,20.258642578293685,0.00018637500033946708,0.15093421936035156,True
490,161,12.140189784855135,0.00018709799769567326,0.15093421936035156,True
491,161,12.152705273565996,0.0001843860009103082,0.1509265899658203,True
492,164,24.064616773629783,0.0001734100005705841,0.1509723663330078,True
493,164,29.968101570947635,0.00018975199782289565,0.15097999572753906,True
494,161,33.0213236791143,0.00018268300118506886,0.1509876251220703,True
495,166,25.866502589172363,0.00018425699818180874,0.1509723663330078,True
496,165,12.023788252123996,0.00017785699674277566,0.1509418487548828,True
497,167,27.498033320483447,0.00017542999921715818,0.15096473693847656,True
498,167,24.239465332270157,0.00017333299911115319,0.1509571075439453,True
499,387,49.37984775314804,0.0001779710000846535,0.15099525451660156,False
500,448,51.074151569602904,0.00018476399782230146,0.1510639190673828,False
501,191,15.649428670103214,0.00017924100029631518,0.1509418487548828,True
502,167,20.35804541564341,0.00017068800298147835,0.1509571075439453,True
503,181,20.98091162747875,0.0001713089986878913,0.15094947814941406,True
504,190,23.876855718288542,0.00017110900080297142,0.15094947814941406,True
505,170,16.304166187659924,0.0001677170002949424,0.15091896057128906,True
506,196,19.27191044898025,0.00016892900021048263,0.15093421936035156,True
507,191,17.618539733499972,0.00016816599963931367,0.15093421936035156,True
508,183,21.570978246282728,0.0001993039986700751,0.1509418487548828,True
509,174,17.17598829447341,0.00016715300080250017,0.15091896057128906,True
510,175,13.6067283311353,0.0001829190005082637,0.1509265899658203,True
511,174,20.28452343687644,0.00017643699902691878,0.15093421936035156,True
512,171,31.12102673262622,0.00017614600074011832,0.15096473693847656,True
513,179,24.206453263663118,0.00022281000201473944,0.1509418487548828,True
514,185,16.6714828983379,0.0001665659983700607,0.1509265899658203,True
515,181,26.465967357542638,0.00017248399672098458,0.1509571075439453,True
516,191,20.99941063043596,0.00018164500215789303,0.1509571075439453,True
517,163,14.457922630708516,0.00016987199705909006,0.1509265899658203,True
518,183,25.349190696146227,0.00017210900114150718,0.1509418487548828,True
519,183,27.823937557661985,0.00017009899966069497,0.1509418487548828,True
520,163,19.860437308214355,0.00018277599883731455,0.15091896057128906,True
521,190,16.69725463906454,0.00018874300076276995,0.1509265899658203,True
522,182,26.254408700524536,0.0001845500009949319,0.15093421936035156,True
523,182,16.964422359169095,0.00017160599963972345,0.1509418487548828,True
524,181,19.084468034001343,0.00016667299860273488,0.1509265899658203,True
525,183,13.206983182797249,0.00020072600091225468,0.15091896057128906,True
526,162,16.387950664946928,0.00017638899953453802,0.1509265899658203,True
527,183,17.642381227268135,0.00016869200044311583,0.1509265899658203,True
528,183,16.683876690124087,0.00017720799951348454,0.15093421936035156,True
529,193,26.579755478085392,0.00017351499991491437,0.15094947814941406,True
530,179,24.692211674800554,0.00016714199955458753,0.15093421936035156,True
531,186,27.247818793133188,0.00017709900203044526,0.15093421936035156,True
532,183,20.339413325318997,0.00018291199739906006,0.1509265899658203,True
533,187,20.681533558113557,0.00023436100309481844,0.1509265899658203,True
534,186,22.986849089139127,0.00016990400035865605,0.15094947814941406,True
535,188,42.99890919495539,0.0001739269973768387,0.1509876251220703,True
536,195,40.47852884656814,0.00017583999942871742,0.15099525451660156,True
537,188,15.80924025999441,0.0001791930008039344,0.15093421936035156,True
538,195,43.780144821077236,0.0001839299984567333,0.1510028839111328,True
539,195,41.800441462528575,0.0002771029976429418,0.1510028839111328,True
540,195,36.627321272361584,0.00017274800120503642,0.15097999572753906,True
541,188,33.63971254247377,0.00017552000281284563,0.15099525451660156,True
542,184,31.451237665322765,0.00017194899919559248,0.1509418487548828,True
543,160,22.804185935559325,0.00016957600018940866,0.1509418487548828,True
544,184,34.8848642083638,0.00017424600082449615,0.1509876251220703,True
545,184,48.917378351747296,0.00021761999960290268,0.1510028839111328,True
546,188,31.15002804998732,0.00018284099860466085,0.15097999572753906,True
547,185,6.891412116701684,0.00017078299788408913,0.15091896057128906,True
548,188,25.564036070255618,0.00019304799934616312,0.1509723663330078,True
549,188,22.85403567368219,0.00017966200175578706,0.1509723663330078,True
550,184,30.891525282017376,0.0001789779998944141,0.15097999572753906,True
551,184,26.98997594381272,0.00017675900016911328,0.15097999572753906,True
552,199,15.04713533904077,0.00017040799866663292,0.15093421936035156,True
553,187,14.471627479168838,0.00017295900033786893,0.15093421936035156,True
554,186,9.726206736122592,0.00021247099721222185,0.15091896057128906,True
555,186,19.249839922696626,0.00017890399976749904,0.15093421936035156,True
556,162,4.996961816442161,0.00018556999930297025,0.1509113311767578,True
557,191,12.183371143265342,0.0001855629998317454,0.1509265899658203,True
558,188,16.299498344686704,0.00020980200133635662,0.1509265899658203,True
559,199,15.317482068455202,0.00016994500037981197,0.1509265899658203,True
560,188,15.876083813611253,0.00017123500219895504,0.1509418487548828,True
561,191,8.545858076324016,0.0001787999972293619,0.15093421936035156,True
562,188,8.043221503857419,0.00017693699919618666,0.15091896057128906,True
563,163,7.794250563109301,0.00016714199955458753,0.15091896057128906,True
564,191,17.20725333556665,0.0001724820031085983,0.15093421936035156,True
565,161,22.226341140976576,0.0001790020032785833,0.15093421936035156,True
566,191,13.549268902565132,0.00020297800074331462,0.1509265899658203,True
567,163,13.398142768865373,0.0001695809987722896,0.15093421936035156,True
568,193,11.942989812009493,0.0001674009981798008,0.1509265899658203,True
569,187,13.38797576880386,0.0001808259985409677,0.1509265899658203,True
570,187,11.225790238374962,0.00018149400057154708,0.15091896057128906,True
571,185,15.807313899013929,0.00017918500088853762,0.15094947814941406,True
572,162,18.990847125115042,0.00017080099860322662,0.15093421936035156,True
573,187,15.233238224809789,0.00017857200145954266,0.15093421936035156,True
574,197,9.43748163807905,0.0001809919995139353,0.1509265899658203,True
575,197,11.296158493758048,0.00017405199832865037,0.15091896057128906,True
576,196,13.0325032629392,0.0001740080006129574,0.15093421936035156,True
577,193,11.384527132077775,0.00018060999718727544,0.1509265899658203,True
578,185,12.488476510465365,0.00017007799760904163,0.1509265899658203,True
579,185,8.285373055776803,0.0001697670013527386,0.15091896057128906,True
580,160,15.46979330994157,0.0001728489987726789,0.1509418487548828,True
581,160,13.266528432031713,0.00017685199782135896,0.15093421936035156,True
582,191,11.914563293463269,0.00016853399938554503,0.15091896057128906,True
583,182,19.63539207168961,0.00017079200188163668,0.15093421936035156,True
584,191,16.560079186508464,0.000200983999093296,0.1509418487548828,True
585,182,19.966525641494727,0.00016868099919520319,0.15093421936035156,True
586,185,12.899585023329793,0.00016652599879307672,0.1509265899658203,True
587,185,14.918822506528393,0.000186036999366479,0.15093421936035156,True
588,191,14.117344589224462,0.00018108400035998784,0.15093421936035156,True
589,189,12.036723968803551,0.0001698849991953466,0.1509418487548828,True
590,191,10.400655930884472,0.00016543899982934818,0.15091896057128906,True
591,191,14.01407303522772,0.00018740100131253712,0.15093421936035156,True
592,191,16.25043123310214,0.0001688899974396918,0.15093421936035156,True
593,191,11.432893938980524,0.0001682600013737101,0.15091896057128906,True
594,185,13.134344040312513,0.00016961199798970483,0.15091896057128906,True
595,190,17.30423751144636,0.00017236199710168876,0.1509418487548828,True
596,194,16.606180294994154,0.00016875900109880604,0.15093421936035156,True
597,197,17.67811332935866,0.0001682760012045037,0.15093421936035156,True
598,196,24.665322209726526,0.00242860400248901,0.1509418487548828,True
599,186,12.228349607488084,0.0001913800006150268,0.1509265899658203,True
600,185,15.87130852434395,0.00017234599727089517,0.15094947814941406,True
601,160,12.148652823609247,0.00016984899775707163,0.15093421936035156,True
602,199,17.112079232176733,0.00017177400150103495,0.15093421936035156,True
603,195,20.723928546204768,0.000170055001945002,0.15094947814941406,True
604,185,14.829670511653848,0.00019041099949390627,0.1509418487548828,True
605,191,17.453777476605854,0.00017666699932306074,0.15096473693847656,True
606,195,15.302510361455823,0.00016969799980870448,0.15093421936035156,True
607,190,24.185846205354537,0.00017207199925906025,0.15094947814941406,True
608,160,14.262159911298417,0.00019225899814045988,0.15093421936035156,True
609,195,15.773051915017605,0.00018226300016976893,0.15094947814941406,True
610,195,17.14826284205171,0.0001757280006131623,0.1509723663330078,True
611,191,15.582389754274633,0.00018660900241229683,0.15093421936035156,True
612,185,11.637431461808125,0.00017429499712307006,0.15091896057128906,True
613,235,25.206475170463037,0.00023078300000634044,0.1509571075439453,True
614,239,18.78070391004294,0.00017042900071828626,0.15094947814941406,True
615,235,19.090284641742514,0.00018262399680679664,0.1509265899658203,True
616,370,39.93496841637662,0.00018183900101576,0.1510028839111328,False
617,217,30.473363230511552,0.00017707600272842683,0.15093421936035156,True
618,237,43.329580159313345,0.00017476100038038567,0.1509876251220703,True
619,237,38.565066644471806,0.000192324001545785,0.15097999572753906,True
620,465,35.718284832855275,0.00017442900207242928,0.15096473693847656,False
621,209,30.394675858077456,0.00019040699771721847,0.1509571075439453,True
622,446,51.538204974201896,0.00017776100139599293,0.15097999572753906,False
623,210,19.605587105803384,0.00017313999705947936,0.1509571075439453,True
624,217,57.32700809457541,0.00017714000205160119,0.15101051330566406,True
625,224,30.085533492514458,0.00017134199879365042,0.1509571075439453,True
626,216,30.938257846567392,0.00023513900305260904,0.15094947814941406,True
627,214,35.05927290083731,0.00017359900084557012,0.1509571075439453,True
628,239,20.980595486109507,0.00017306299923802726,0.15094947814941406,True
629,206,35.551005765640646,0.00018352600091020577,0.15094947814941406,True
630,207,24.18990264789178,0.00016871900152182207,0.15093421936035156,True
631,207,21.075819724030453,0.00016815100025269203,0.15093421936035156,True
632,208,38.62915147750279,0.00017787300021154806,0.1509723663330078,True
633,229,40.368633855410124,0.00017481100076111034,0.1509876251220703,True
634,211,29.017713832597106,0.00017041200044332072,0.15094947814941406,True
635,225,26.20330909447826,0.00017862200184026733,0.1509418487548828,True
636,216,31.105938985572035,0.00017279700114158913,0.15096473693847656,True
637,227,41.8034976795944,0.00017887099966173992,0.15097999572753906,True
638,227,23.539009016886702,0.00016847999722813256,0.15094947814941406,True
639,228,22.56133793043163,0.0001719840001896955,0.15094947814941406,True
640,201,35.923339818772924,0.00017246500283363275,0.1509723663330078,True
641,227,25.107172362561748,0.00019856400103890337,0.15096473693847656,True
642,218,31.14539458248514,0.00017180000213556923,0.15094947814941406,True
643,218,24.63508965737804,0.00016808399959700182,0.15093421936035156,True
644,208,34.42228849315071,0.0001734569996187929,0.1509571075439453,True
645,218,20.82725694104149,0.00016983699970296584,0.1509265899658203,True
646,218,21.848366981007082,0.00016791999951237813,0.1509265899658203,True
647,231,36.57929072011889,0.00017178200141643174,0.15096473693847656,True
648,216,30.685418161450254,0.00017272500190301798,0.1509571075439453,True
649,229,32.08874140091705,0.0001822480007831473,0.15094947814941406,True
650,229,32.020655271133165,0.00018055900000035763,0.15096473693847656,True
651,229,26.18495845719988,0.00017877099890029058,0.1509418487548828,True
652,235,31.15817995809051,0.00019466999947326258,0.1509571075439453,True
653,234,23.887782103674432,0.00018626100063556805,0.1509418487548828,True
654,238,43.41046821465504,0.00017146800018963404,0.1509571075439453,True
655,229,35.4958518139478,0.00017273900084546767,0.15094947814941406,True
656,226,16.464103042776866,0.00019052800053032115,0.15093421936035156,True
657,213,27.877291526843063,0.00017693499830784276,0.1509265899658203,True
658,202,21.279008193240735,0.00017520599794806913,0.15094947814941406,True
659,224,33.39053659653543,0.00017405700054951012,0.15096473693847656,True
660,227,34.144840950743784,0.00018924500182038173,0.1509723663330078,True
661,228,23.863546275462298,0.0001791909999155905,0.15094947814941406,True
662,228,30.502320023684405,0.00017243199908989482,0.1509571075439453,True
663,227,0.0,0.0001668779987085145,0.1509113311767578,True
664,202,32.23772815622103,0.0001709220014163293,0.1509723663330078,True
665,213,25.99003209752515,0.00016893300198717043,0.1509265899658203,True
666,223,34.32933071120727,0.00018523200196796097,0.1509571075439453,True
667,216,27.41794160607718,0.00017178699999931268,0.1509571075439453,True
668,231,18.191084391474394,0.00020794100055354647,0.15094947814941406,True
669,231,26.011320810515056,0.00018464800086803734,0.15094947814941406,True
670,226,12.829887196393232,0.0001789699999790173,0.15091896057128906,True
671,215,30.673598572281396,0.00017374899834976532,0.1509571075439453,True
672,358,87.5511159131465,0.00018553900008555502,0.1510791778564453,False
673,221,44.25527873026338,0.00017754800137481652,0.15097999572753906,True
674,238,23.382084949180616,0.00017973100329982117,0.1509571075439453,True
675,238,18.841660589484757,0.00018215800082543865,0.15093421936035156,True
676,271,36.177644014707056,0.00022774799799663015,0.1509571075439453,False
677,231,33.699023007176166,0.0001834860013332218,0.15097999572753906,True
678,231,26.853336614008494,0.0001848579995566979,0.15094947814941406,True
679,226,14.464789013894276,0.00016932800281210802,0.15093421936035156,True
680,231,25.167491195979824,0.00017177599875140004,0.15094947814941406,True
681,232,24.27291035176874,0.00017204300092998892,0.15094947814941406,True
682,231,28.89716850973194,0.00017380599820171483,0.15093421936035156,True
683,231,17.28510465607264,0.00016790399968158454,0.15093421936035156,True
684,231,24.729227077734294,0.00018117600120604038,0.1509571075439453,True
685,231,23.735082066990568,0.00019156499911332503,0.1509723663330078,True
686,220,41.48152477665226,0.00018164100038120523,0.1510028839111328,True
687,239,28.63849579215729,0.00018654099767445587,0.15096473693847656,True
688,231,27.672117027942917,0.00017016199853969738,0.1509571075439453,True
689,231,22.856844760337847,0.00017143000150099397,0.15094947814941406,True
690,233,20.662328510865912,0.00018805599756888114,0.1509418487548828,True
691,226,23.72222925198751,0.00017085599756683223,0.15096473693847656,True
692,210,22.400061091131246,0.00017482299881521612,0.1509571075439453,True
693,237,20.647735106612366,0.00016805499762995169,0.1509265899658203,True
694,237,16.26283595817995,0.00017720399773679674,0.1509265899658203,True
695,226,21.932996665946817,0.00022777599951950833,0.1509571075439453,True
696,236,23.800347689569485,0.00017404399841325358,0.15094947814941406,True
697,210,29.779261883792167,0.0001804410021577496,0.1509571075439453,True
698,220,25.816853495184986,0.0001716130027489271,0.15094947814941406,True
699,215,18.518467319905138,0.00018572000044514425,0.1509265899658203,True
700,226,27.455688625128527,0.0001722150009300094,0.1509571075439453,True
701,234,25.992456329391274,0.0001821730002120603,0.1509571075439453,True
702,235,29.075066411005473,0.00019107100160908885,0.1509723663330078,True
703,210,26.728354345500446,0.00018420200285618193,0.1509723663330078,True
704,235,20.18826897657673,0.00017823799862526357,0.1509571075439453,True
705,234,11.428808152198409,0.0001686590003373567,0.1509265899658203,True
706,479,32.30687861541271,0.00017846500122686848,0.15097999572753906,False
707,235,18.444360492317276,0.00026014800096163526,0.15093421936035156,True
708,237,19.581187329894444,0.00018442199871060438,0.15096473693847656,True
709,236,17.813840535387797,0.00017031899915309623,0.15093421936035156,True
710,239,18.630239502717508,0.0001821569967432879,0.1509418487548828,True
711,237,24.902732198160326,0.00018102800095221028,0.1509418487548828,True
712,210,20.259924733115106,0.00017161999858217314,0.15094947814941406,True
713,235,14.146669174830432,0.00016719899940653704,0.15093421936035156,True
714,235,15.589280227821028,0.000209904999792343,0.15091896057128906,True
715,235,18.968553751529853,0.00017187200137414038,0.15094947814941406,True
716,239,23.833615474198847,0.0001731369993649423,0.15094947814941406,True
717,215,17.211846304453548,0.00017001100059133023,0.15094947814941406,True
718,235,22.49417278454856,0.00017236600251635537,0.15094947814941406,True
719,210,15.80284392135473,0.00016924499868764542,0.15093421936035156,True
720,235,25.01572858429094,0.00019989700012956746,0.1509571075439453,True
721,237,16.126235293942553,0.00017081199985113926,0.15093421936035156,True
722,235,27.171029607162808,0.00017985899830819108,0.15096473693847656,True
723,226,21.596459054791502,0.000171086001500953,0.1509418487548828,True
724,210,20.435930973044552,0.0001693500016699545,0.1509418487548828,True
725,215,18.628495459836607,0.000181842999154469,0.1509418487548828,True
726,215,12.064049515439935,0.0001718239982437808,0.15093421936035156,True
727,235,25.467445864644475,0.0001711330005491618,0.1509571075439453,True
728,233,28.390666962523213,0.00017437099813832901,0.1509571075439453,True
729,226,20.507151679084984,0.00017264900088775903,0.15094947814941406,True
730,238,23.922264480829742,0.00018178300160798244,0.1509723663330078,True
731,238,15.006702275764301,0.0003139460022794083,0.15091896057128906,True
732,237,18.105935424139982,0.00017065500287571922,0.15094947814941406,True
733,237,17.41016342402043,0.00016946899995673448,0.15093421936035156,True
734,239,16.51632913575526,0.00016822299949126318,0.1509265899658203,True
735,235,14.77336679333876,0.000169751001521945,0.1509265899658203,True
736,237,16.164804946572477,0.00016811900059110485,0.1509265899658203,True
737,215,13.212531988807088,0.0001692910009296611,0.1509265899658203,True
738,236,15.822554187492884,0.00017170900173368864,0.1509265899658203,True
739,238,12.420535746460818,0.00034214900006190874,0.15093421936035156,True
740,235,25.593398115181568,0.00017283200213569216,0.15096473693847656,True
741,233,24.07743496176832,0.00017522100097266957,0.1509571075439453,True
742,233,28.524799788078568,0.00017228700016858056,0.1509418487548828,True
743,233,25.991357943396842,0.00017044500054907985,0.15093421936035156,True
744,210,23.682042028287544,0.0003654309984995052,0.1509418487548828,True
745,234,27.321778411573757,0.00017887099966173992,0.1509571075439453,True
746,237,22.40141653262909,0.00017790700076147914,0.1509571075439453,True
747,224,39.684146110594746,0.00020250099987606518,0.15099525451660156,True
748,217,37.40981124136854,0.00017740300245350227,0.15099525451660156,True
749,217,39.21407845651511,0.00017652600217843428,0.15096473693847656,True
750,217,32.69729680952648,0.00018391699995845556,0.15097999572753906,True
751,217,30.473363230511552,0.00017109200052800588,0.15093421936035156,True
752,214,39.9726699319835,0.0001757140016707126,0.1509723663330078,True
753,214,43.158054865773565,0.00017692300025373697,0.15099525451660156,True
754,215,17.787313599639884,0.00017334400035906583,0.15093421936035156,True
755,237,36.91460930137863,0.0001906690013129264,0.1509723663330078,True
756,238,32.46310007274961,0.0001702189983916469,0.15094947814941406,True
757,209,20.956977988278112,0.0001737970014801249,0.15094947814941406,True
758,233,25.82048525995478,0.00017703599951346405,0.1509418487548828,True
759,446,45.526829663008826,0.0001739170002110768,0.1509876251220703,False
760,279,10.999724598225438,0.00016922799841267988,0.1509265899658203,True
761,279,15.60915162971418,0.00016792299720691517,0.15093421936035156,True
762,260,18.33239685009904,0.00017172000298160128,0.15093421936035156,True
763,260,18.7648073397083,0.00017778999972506426,0.15093421936035156,True
764,278,14.566593477807492,0.00017551400014781393,0.1509418487548828,True
765,261,24.173033050767824,0.00017933599883690476,0.15094947814941406,True
766,273,11.766964481810728,0.00016814699847600423,0.1509265899658203,True
767,276,7.563837103086315,0.00016764099927968346,0.15091896057128906,True
768,271,13.24330955129983,0.0001664260016696062,0.15091896057128906,True
769,273,21.058376876956917,0.0001786579996405635,0.15093421936035156,True
770,266,10.110528049921571,0.0001756189994921442,0.15091896057128906,True
771,241,12.670192684421785,0.00018848300169338472,0.15091896057128906,True
772,273,17.81025156733415,0.00017116399976657704,0.15094947814941406,True
773,273,16.658433563452288,0.00016965500253718346,0.15093421936035156,True
774,267,17.069733479167308,0.00016976799815893173,0.15093421936035156,True
775,275,13.480373763871839,0.00017701800243230537,0.15093421936035156,True
776,243,16.838384218420213,0.00018344999989494681,0.15093421936035156,True
777,273,13.222768926369973,0.0001761940002324991,0.1509265899658203,True
778,273,14.752093852428095,0.0001691049983492121,0.15093421936035156,True
779,243,20.444261641800736,0.00017128600302385166,0.15093421936035156,True
780,276,17.2180446290984,0.00016951100042206235,0.1509418487548828,True
781,249,18.650236671085693,0.0001843819991336204,0.1509265899658203,True
782,266,19.79063538587613,0.00018002700016950257,0.15093421936035156,True
783,276,18.23323171725356,0.00016885500008356757,0.1509418487548828,True
784,241,14.31694945906309,0.0001747839996824041,0.15091896057128906,True
785,241,12.625676051240063,0.00018466600158717483,0.15093421936035156,True
786,266,22.787996640456395,0.00016924499868764542,0.15093421936035156,True
787,262,16.66223098927773,0.00018627299868967384,0.15094947814941406,True
788,252,5.411706123242039,0.00016868500097189099,0.15091896057128906,True
789,241,12.597621184266254,0.0002570979995653033,0.15091896057128906,True
790,252,14.114895627902703,0.00017795199892134406,0.15093421936035156,True
791,250,18.3099536642916,0.00023634500030311756,0.15091896057128906,True
792,248,18.641582653762285,0.0001723749992379453,0.1509265899658203,True
793,248,22.314448005564863,0.00017393999951309524,0.15093421936035156,True
794,266,24.21756370635692,0.00018027999976766296,0.1509418487548828,True
795,252,6.9191986541670625,0.00016867699741851538,0.1509265899658203,True
796,241,10.448431505328651,0.0001708390009298455,0.1509265899658203,True
797,248,27.580105435566495,0.00016955500177573413,0.15093421936035156,True
798,262,19.196188650951008,0.0001727720009512268,0.1509571075439453,True
799,252,25.92453983544393,0.00017134100198745728,0.1509571075439453,True
800,276,9.99452033102813,0.0001685030001681298,0.1509265899658203,True
801,278,18.428078926447505,0.00020056099674548022,0.15094947814941406,True
802,266,12.04910699220704,0.00017109300097217783,0.1509265899658203,True
803,278,14.161668591422304,0.0001751890013110824,0.1509265899658203,True
804,261,18.038269638683115,0.0001836160008679144,0.15093421936035156,True
805,278,21.854315007575984,0.00018167199959862046,0.1509418487548828,True
806,266,15.001783950411284,0.00018169000031775795,0.1509418487548828,True
807,256,21.54619682168232,0.00017508500241092406,0.15096473693847656,True
808,254,20.787465121158807,0.00017210200167028233,0.15094947814941406,True
809,259,18.64084512275584,0.00019068800247623585,0.15094947814941406,True
810,278,13.7279091207496,0.00016907799727050588,0.15093421936035156,True
811,279,20.78861808234167,0.00017131699860328808,0.15094947814941406,True
812,255,16.36990792641262,0.00017055300122592598,0.1509418487548828,True
813,260,6.9397226096932725,0.00016785600018920377,0.15091896057128906,True
814,258,13.399570251368727,0.00017669600129011087,0.1509265899658203,True
815,253,21.545891862439618,0.00019032499767490663,0.15094947814941406,True
816,277,17.961835401643754,0.0001801469989004545,0.15093421936035156,True
817,263,17.14836715884587,0.00016933200095081702,0.1509418487548828,True
818,440,42.41186163329058,0.0001751180025166832,0.15099525451660156,False
819,266,11.887878907602577,0.00016976799815893173,0.1509265899658203,True
820,266,11.166466432933044,0.00019013299970538355,0.1509265899658203,True
821,240,17.479556682616376,0.00017488799858256243,0.1509418487548828,True
822,267,17.382400782061335,0.00016765400141594,0.15093421936035156,True
823,277,19.28041474229276,0.0001825420004024636,0.15094947814941406,True
824,272,13.672636214515046,0.00017156199828605168,0.1509265899658203,True
825,276,13.160870373289042,0.00016864599820110016,0.15093421936035156,True
826,253,14.953550402085316,0.0001762409992807079,0.1509418487548828,True
827,241,18.41659545356991,0.00017547199968248606,0.15094947814941406,True
828,277,14.769841687293129,0.00017217999993590638,0.1509265899658203,True
829,269,32.74275947300635,0.0001732179989630822,0.15096473693847656,True
830,240,16.626803821287428,0.00017104400103562512,0.1509418487548828,True
831,270,13.013538697514587,0.00017204699906869791,0.1509265899658203,True
832,241,9.22012169276755,0.0001674840023042634,0.15091896057128906,True
833,267,19.70010358575162,0.0001712260018393863,0.15094947814941406,True
834,243,14.865003055556402,0.0001670279998506885,0.15091896057128906,True
835,267,15.127139971614325,0.0001731589982227888,0.15093421936035156,True
836,255,18.906515325140308,0.0001686890027485788,0.15094947814941406,True
837,271,8.556416478890874,0.00016884899741853587,0.1509265899658203,True
838,272,17.30649978593121,0.00017682599718682468,0.1509418487548828,True
839,271,8.044862114994162,0.00016665399743942544,0.15091896057128906,True
840,271,7.0048550146156146,0.00017062199913198128,0.15091896057128906,True
841,253,9.869703811403992,0.00017498800298199058,0.15091896057128906,True
842,275,8.880665890282929,0.00017475300046498887,0.15091896057128906,True
843,274,7.77411920815366,0.0001690259996394161,0.15091896057128906,True
844,275,4.5234639339459175,0.00016777000200818293,0.1509113311767578,True
845,272,15.555936552785772,0.0001847300009103492,0.15094947814941406,True
846,276,4.725865860537643,0.00017525099974591285,0.1509113311767578,True
847,276,5.892501968053759,0.0001658020009926986,0.1509113311767578,True
848,277,21.108047717833987,0.00017981799828703515,0.15096473693847656,True
849,273,11.385360482221762,0.0001767940011632163,0.15093421936035156,True
850,261,21.20395815881295,0.00017191200095112436,0.1509571075439453,True
851,259,16.389609564476487,0.0001990629971260205,0.1509418487548828,True
852,272,15.237026850447199,0.00019136500122840516,0.1509418487548828,True
853,261,30.325874084041605,0.0001719170031719841,0.1509571075439453,True
854,276,6.448322883973952,0.0001668109980528243,0.15091896057128906,True
855,274,15.62330072413012,0.00017080299949157052,0.1509418487548828,True
856,277,8.13280631477303,0.00016721999782021157,0.1509265899658203,True
857,273,9.686731832194198,0.00018503300088923424,0.15093421936035156,True
858,276,13.09822282602335,0.00016970299839158542,0.1509265899658203,True
859,253,13.234568616222754,0.00018232399816042744,0.1509418487548828,True
860,240,7.286798569958775,0.00018373899729340337,0.1509265899658203,True
861,241,18.27814332394026,0.00016883400166989304,0.1509265899658203,True
862,273,38.85404880554116,0.0002341189974686131,0.15096473693847656,True
863,240,18.329262620209004,0.00018887899932451546,0.15094947814941406,True
864,241,14.260597200290182,0.0001724780013319105,0.15093421936035156,True
865,256,20.649511075874486,0.00017158399714389816,0.1509418487548828,True
866,241,26.446150079227532,0.0001720750005915761,0.1509571075439453,True
867,256,18.54516938778123,0.00018010799976764247,0.15093421936035156,True
868,256,16.771814434885535,0.00017225199917447753,0.1509418487548828,True
869,309,36.309321959696334,0.00017159600247396156,0.1509571075439453,True
870,305,20.20039329232415,0.00017092899724957533,0.15094947814941406,True
871,305,24.369233885940748,0.0001840760014601983,0.1509418487548828,True
872,295,16.785428537490358,0.00018219899720861576,0.1509418487548828,True
873,310,25.81020259745626,0.00017124199803220108,0.1509418487548828,True
874,316,22.564930347061466,0.00017701300021144561,0.15093421936035156,True
875,284,24.252809696722124,0.0001733390017761849,0.1509571075439453,True
876,285,35.04753941867554,0.0001709909993223846,0.15094947814941406,True
877,308,24.542460825048657,0.00017183100135298446,0.1509418487548828,True
878,315,20.918696697839437,0.00017779599875211716,0.1509418487548828,True
879,293,14.818258615744076,0.0001696619983704295,0.15091896057128906,True
880,317,19.590393357120206,0.00017443499746150337,0.15091896057128906,True
881,281,10.763478218565144,0.0001752339994709473,0.15093421936035156,True
882,285,105.47096854023629,0.00018348699813941494,0.1510486602783203,True
883,297,13.94058426811147,0.0001691959987510927,0.15091896057128906,True
884,318,14.50041693883021,0.00017786399985197932,0.1509265899658203,True
885,318,12.989953076526946,0.00016999799845507368,0.15091896057128906,True
886,283,18.369073338711452,0.00017241399837075733,0.15093421936035156,True
887,297,11.325698478866268,0.00016745999892009422,0.15091896057128906,True
888,283,19.825747623332965,0.0001745549998304341,0.1509418487548828,True
889,292,43.251457412717485,0.00017598700287635438,0.1509876251220703,True
890,283,30.158575228812484,0.00017301600018981844,0.15096473693847656,True
891,286,17.636714525473447,0.00017197000124724582,0.1509418487548828,True
892,286,15.900173979729491,0.00018596100198919885,0.15094947814941406,True
893,297,16.086040857563322,0.00017291900076088496,0.15091896057128906,True
894,294,34.571943385306,0.00017458799993619323,0.15097999572753906,True
895,317,17.740110141052416,0.00018812499911291525,0.1509571075439453,True
896,283,34.02215260426741,0.0001730780022626277,0.15097999572753906,True
897,311,22.49248577929654,0.00017249099983018823,0.1509571075439453,True
898,294,40.664836002966915,0.00017772900173440576,0.15099525451660156,True
899,297,10.622770437990713,0.00017056900105671957,0.15091896057128906,True
900,292,11.63336880130021,0.00017276700236834586,0.15091896057128906,True
901,284,20.35323292671659,0.00017839100109995343,0.15096473693847656,True
902,292,16.470194439061306,0.00017856600243248977,0.15093421936035156,True
903,302,13.827275900449346,0.000170674997207243,0.1509265899658203,True
904,290,11.951102933768503,0.00017580799976713024,0.15091896057128906,True
905,290,17.23059880604477,0.00020088000019313768,0.15093421936035156,True
906,290,12.787584620892964,0.0001670969977567438,0.1509265899658203,True
907,297,12.37191417482612,0.00017201900118379854,0.1509265899658203,True
908,296,12.032468071677764,0.00016768199930083938,0.15091896057128906,True
909,296,14.386296651459299,0.00017911900067701936,0.1509265899658203,True
910,309,17.126423966809988,0.0001762669999152422,0.15091896057128906,True
911,301,25.333505505679504,0.00017199499779962935,0.15093421936035156,True
912,285,22.65253312056757,0.00018223499864689074,0.15094947814941406,True
913,284,28.01077147631252,0.00020288499945309013,0.1509571075439453,True
914,299,16.867981332676592,0.00017383000158588402,0.15093421936035156,True
915,292,24.267334867532437,0.00018112600082531571,0.1509571075439453,True
916,296,12.322319323055343,0.00016874100037966855,0.1509265899658203,True
917,304,16.673176748796447,0.00018290600200998597,0.15093421936035156,True
918,282,18.82377060078858,0.0001747310016071424,0.1509418487548828,True
919,303,15.225185982255441,0.00017171999934362248,0.1509418487548828,True
920,304,16.293468493440944,0.00018135199934476987,0.1509418487548828,True
921,304,20.998087462930858,0.00017145399760920554,0.15094947814941406,True
922,292,14.757526074125781,0.0001701869987300597,0.15093421936035156,True
923,302,15.084518963023154,0.00018560700118541718,0.15094947814941406,True
924,317,12.37402416426388,0.00016566900012549013,0.15091896057128906,True
925,309,34.52240551255354,0.00017775499873096123,0.1509723663330078,True
926,307,12.996702197101849,0.00020964499708497897,0.1509265899658203,True
927,315,15.429059826989079,0.00017645300249569118,0.1509265899658203,True
928,315,15.23439747835189,0.0001819259996409528,0.1509265899658203,True
929,311,15.927800166434956,0.00017617699995753355,0.1509265899658203,True
930,317,12.469139159761431,0.00016534999667783268,0.15091896057128906,True
931,297,11.66436991537594,0.00019322899970575236,0.15091896057128906,True
932,284,17.90695292755036,0.00018071899830829352,0.15094947814941406,True
933,312,26.55589077990094,0.00017437200222047977,0.1509418487548828,True
934,299,32.85073926646517,0.0001692730002105236,0.15096473693847656,True
935,317,14.601827976931146,0.00019002499902853742,0.15091896057128906,True
936,302,15.289063438592777,0.00017836500046541914,0.1509418487548828,True
937,315,13.934504877159018,0.0001695139981165994,0.1509113311767578,True
938,316,11.063998375334883,0.00016722099826438352,0.1509265899658203,True
939,317,18.30345032154066,0.00016821399913169444,0.15093421936035156,True
940,318,11.343023228272179,0.00017466699864598922,0.1509265899658203,True
941,313,22.27389312128316,0.00019512199651217088,0.1509418487548828,True
942,317,20.87324058039203,0.00017271999968215823,0.1509265899658203,True
943,281,14.634451635072496,0.00017046500215656124,0.1509418487548828,True
944,316,41.121520690926616,0.00017660000230534934,0.15094947814941406,True
945,284,27.735691878913787,0.00017034300253726542,0.1509265899658203,True
946,315,27.09654061916532,0.0001710050019028131,0.1509571075439453,True
947,315,26.048663940499022,0.00017763300274964422,0.1509571075439453,True
948,307,27.388872430926632,0.00017473099796916358,0.1509418487548828,True
949,310,28.942033214919103,0.0001874250010587275,0.15096473693847656,True
950,313,25.99572816887159,0.00017301800107816234,0.15094947814941406,True
951,309,22.16385202669578,0.00018558399824541993,0.1509418487548828,True
952,309,23.941483335554594,0.00017227599892066792,0.15094947814941406,True
953,316,22.93266718914176,0.00017912299881572835,0.1509418487548828,True
954,304,38.60146208867881,0.00017762000061338767,0.1509571075439453,True
955,281,29.903556512727985,0.0001953210012288764,0.15096473693847656,True
956,27,20.591062854987868,0.00017847100025392137,0.1509265899658203,False
957,318,26.212256535830168,0.00017495700012659654,0.15094947814941406,True
958,294,28.677530562303613,0.0001750049996189773,0.15096473693847656,True
959,459,121.57506516738167,0.000193848001799779,0.15110206604003906,False
960,294,31.025425755306145,0.00019721999706234783,0.1509723663330078,True
961,300,30.16562919818914,0.0001861769997049123,0.15096473693847656,True
962,294,31.58095392613858,0.00017278700033784844,0.15094947814941406,True
963,27,23.428591518373423,0.00017218100038007833,0.15094947814941406,False
964,27,21.555219414004487,0.0003416979998291936,0.15093421936035156,False
965,27,27.07567941138418,0.00017848800052888691,0.1509571075439453,False
966,281,27.277435835103976,0.0001731369993649423,0.1509571075439453,True
967,318,25.555688090518714,0.00017427999773644842,0.1509723663330078,True
968,281,26.120027602066934,0.00018148199887946248,0.1509571075439453,True
969,27,28.48693174009147,0.00020012000095448457,0.1509571075439453,False
970,27,30.015152112422246,0.00017188499987241812,0.15094947814941406,False
971,304,31.907425201414643,0.0001753289980115369,0.1509876251220703,True
972,27,28.11848891715406,0.00017215899788425304,0.1509418487548828,False
973,27,23.289182133570222,0.00017024800035869703,0.15093421936035156,False
974,27,24.886587357107132,0.000178901002072962,0.15094947814941406,False
975,27,22.41975056687392,0.0001729849973344244,0.1509418487548828,False
976,37,32.63933304587924,0.00017624999964027666,0.1509876251220703,False
977,27,27.522062117607277,0.00018157500016968697,0.1509418487548828,False
978,26,24.05597252857828,0.00017738599854055792,0.1509418487548828,False
979,281,27.71355192652776,0.00017322699932265095,0.1509723663330078,True
980,294,34.27454760529761,0.0001869650004664436,0.1509571075439453,True
981,358,43.221899478440115,0.00018601199917611666,0.15099525451660156,False
982,318,29.288086591957445,0.0001732969976728782,0.1509571075439453,True
983,318,26.649295040062068,0.00018493400057195686,0.15094947814941406,True
984,348,25.002120987086574,0.00018133200137526728,0.1509418487548828,False
985,300,27.172744938025346,0.00019435300055192783,0.1509418487548828,True
986,281,30.42863655397437,0.00017273699995712377,0.1509723663330078,True
987,37,30.795144337469,0.00017998200200963765,0.15097999572753906,False
988,294,30.91683666114512,0.00017453500186093152,0.1509876251220703,True
989,27,30.137438740281638,0.00017466599820181727,0.15094947814941406,False
990,27,24.81390738401289,0.00018856099995900877,0.1509418487548828,False
991,300,26.377957174787102,0.00018192499919678085,0.15096473693847656,True
992,27,25.353352283770995,0.0001728489987726789,0.1509265899658203,False
993,294,27.21025418183162,0.00017206399934366345,0.1509571075439453,True
994,294,28.629760886438092,0.0001742349995765835,0.15094947814941406,True
995,27,25.646200335198287,0.000186569999641506,0.15094947814941406,False
996,281,28.920477533471526,0.0001813000017136801,0.15096473693847656,True
997,300,25.930440629742883,0.0001783500010787975,0.15094947814941406,True
998,294,33.173874817009626,0.00019980800061603077,0.15096473693847656,True
999,348,30.11937696563055,0.0001688960001047235,0.1509571075439453,False
1000,296,28.631813857752718,0.00017346200183965266,0.15096473693847656,True
1001,27,28.87947917153325,0.00017224600014742464,0.1509723663330078,False
1002,294,30.51564974533295,0.00018083100076182745,0.15096473693847656,True
1003,294,47.75821336772556,0.00018821799676516093,0.15101051330566406,True
1004,36,27.62104716586442,0.00018140599786420353,0.1509418487548828,False
1005,281,29.216310189456387,0.00017286599904764444,0.1509571075439453,True
1006,102,37.17377740830238,0.0002725910017034039,0.15101051330566406,False
1007,281,35.61669607204854,0.00018858100156649016,0.1509571075439453,True
1008,303,28.809340817338864,0.00018429400006425567,0.15096473693847656,True
1009,318,26.871929162140678,0.00017918099911184981,0.1509418487548828,True
1010,305,27.057158546126146,0.00017924200074048713,0.1509571075439453,True
1011,300,25.680053779390867,0.0001702820009086281,0.1509571075439453,True
1012,90,34.39103707227834,0.0001778149999154266,0.1510181427001953,False
1013,103,40.468178698939106,0.00017885800116346218,0.1510334014892578,False
1014,29,26.903027791351146,0.00017182499868795276,0.1509418487548828,False
1015,86,34.02781849670027,0.0001807510016078595,0.15096473693847656,False
1016,318,29.830780958524,0.00016993700046441518,0.15094947814941406,True
1017,281,27.96355985542096,0.0001743969987728633,0.15094947814941406,True
1018,296,32.91602240708128,0.00017373000082443468,0.15096473693847656,True
1019,294,25.429529337498668,0.00017259499873034656,0.1509723663330078,True
1020,304,28.363900896848246,0.00018910300059360452,0.15097999572753906,True
1021,294,30.625813757021962,0.00017330999980913475,0.1509723663330078,True
1022,304,32.95313853936616,0.00018404500224278308,0.15096473693847656,True
1023,27,35.420151792234584,0.00018085299961967394,0.1509723663330078,False
1024,37,29.534916239648478,0.0001729119976516813,0.15096473693847656,False
1025,82,37.802556054654055,0.00017675800336292014,0.1510181427001953,False
1026,257,38.68549916504636,0.00017441399904782884,0.1509876251220703,False
1027,27,21.995812765583725,0.0001711549994070083,0.1509418487548828,False
1028,27,28.114683822478924,0.00017334199947072193,0.15097999572753906,False
1029,27,26.378874037558393,0.00017212500097230077,0.1509723663330078,False
1030,27,22.03586706426003,0.00017838400162872858,0.15094947814941406,False
1031,27,23.422811252360074,0.00018629899932420813,0.1509571075439453,False
1032,37,26.982989486792302,0.00018887100304709747,0.15096473693847656,False
1033,87,25.742338128207763,0.00017225200281245634,0.1509418487548828,False
1034,37,24.283596427841807,0.00016984700050670654,0.15094947814941406,False
1035,32,35.56615308776734,0.00019799199799308553,0.15096473693847656,False
1036,32,33.823001440554684,0.00018953299877466634,0.1509876251220703,False
1037,326,37.22549233471619,0.0002019139974436257,0.15097999572753906,False
1038,341,35.72197165087765,0.00017413900059182197,0.15096473693847656,False
1039,326,32.19251609615324,0.00017558900071890093,0.1509418487548828,False
1040,281,27.59795333325962,0.0001736940030241385,0.15097999572753906,True
1041,281,28.483532245552755,0.00017446299898438156,0.15097999572753906,True
1042,300,29.938895853369637,0.00017304400171269663,0.1509723663330078,True
1043,348,38.468041802158794,0.00017533400023239665,0.15096473693847656,False
1044,341,34.84469997006828,0.00023766400045133196,0.1509876251220703,False
1045,298,27.395666105923215,0.00017119499898399226,0.15094947814941406,True
1046,300,22.999783522167686,0.00017158500122604892,0.1509723663330078,True
1047,341,28.006139061681044,0.00017860599837149493,0.1509418487548828,False
1048,281,23.109669334675772,0.00017171699801110663,0.1509418487548828,True
1049,27,22.03581286823929,0.00018017799811786972,0.15093421936035156,False
1050,281,24.94744358226033,0.00017622700033825822,0.1509571075439453,True
1051,318,30.30537788340306,0.00019345300097484142,0.1509723663330078,True
1052,26,26.709842949078215,0.0002055039985862095,0.15096473693847656,False
1053,27,25.531642566540683,0.0001791039976524189,0.15096473693847656,False
1054,27,27.996274009367276,0.00018150899995816872,0.1509571075439453,False
1055,318,27.643082858824766,0.00017669800217845477,0.1509723663330078,True
1056,341,26.517494948609468,0.00017706200014799833,0.1509418487548828,False
1057,358,31.42873281846287,0.00018599000031827018,0.1509571075439453,False
1058,358,40.83133717669888,0.00017390499851899222,0.15097999572753906,False
1059,300,26.52624293744898,0.00017119000040111132,0.1509418487548828,True
1060,37,31.57840929255137,0.0001855100017564837,0.15097999572753906,False
1061,304,29.780946646603123,0.00017271799879381433,0.15094947814941406,True
1062,27,24.559652587498025,0.0001871349995781202,0.1509571075439453,False
1063,27,28.668284219481396,0.0001738600003591273,0.1509418487548828,False
1064,37,36.970427490279214,0.0001774039992596954,0.1510028839111328,False
1065,304,33.936515925226445,0.00017265499991481192,0.15096473693847656,True
1066,294,28.721321609637677,0.00016972099911072291,0.1509418487548828,True
1067,27,24.221331548452977,0.00018104199989465997,0.1509571075439453,False
1068,281,29.823422491237697,0.00017882699830806814,0.1510028839111328,True
1069,348,25.59223693126814,0.0001719050014798995,0.15093421936035156,False
1070,326,26.58273493587115,0.00017202199887833558,0.15094947814941406,False
1071,304,30.632459183001277,0.00016874699940672144,0.1509418487548828,True
1072,329,42.59174053316913,0.00017900799866765738,0.15101051330566406,False
1073,27,29.40300739554866,0.00017753300198819488,0.15094947814941406,False
1074,27,25.839127160443358,0.00017830700016929768,0.15096473693847656,False
1075,303,23.962073938605883,0.00017031699826475233,0.1509418487548828,True
1076,281,27.38328665990183,0.00017085999934352003,0.1509571075439453,True
1077,300,26.3137618247818,0.00018147799710277468,0.15094947814941406,True
1078,29,27.82225013037472,0.00017125000158557668,0.15094947814941406,False
1079,358,30.268130077021763,0.00017660199955571443,0.15097999572753906,False
1080,304,33.343338988566714,0.000171394000062719,0.1509723663330078,True
1081,348,28.51698117891581,0.0001824770006351173,0.15096473693847656,False
1082,27,26.90763760853598,0.00017273000048589893,0.1509571075439453,False
1083,29,26.419763962780465,0.00019074900046689436,0.1509571075439453,False
1084,294,30.065077418299378,0.00017366399697493762,0.1509723663330078,True
1085,318,26.641568816697177,0.00017862699678516947,0.15096473693847656,True
1086,27,25.854953153687138,0.00017608800044399686,0.1509265899658203,False
1087,300,27.89573639436124,0.00018365600044489838,0.1509571075439453,True
1088,294,29.696160324140404,0.00017350699999951757,0.1509571075439453,True
1089,294,30.646898783711688,0.00017459800073993392,0.15097999572753906,True
1090,300,26.303793843489355,0.00017058700177585706,0.1509571075439453,True
1091,341,27.858377163011657,0.000172002000908833,0.15096473693847656,False
1092,29,34.26011260004104,0.00016995099940686487,0.15096473693847656,False
1093,318,31.57853762377721,0.0001714530008030124,0.15096473693847656,True
1094,96,28.115324722407195,0.0001759389997459948,0.1509723663330078,False
1095,36,28.240309982045748,0.00017154300076072104,0.1509571075439453,False
1096,27,24.339918083655128,0.00019185499695595354,0.15093421936035156,False
1097,27,20.89154285443982,0.00017728099919622764,0.15093421936035156,False
1098,36,26.546375202450186,0.00017001499873003922,0.1509571075439453,False
1099,27,22.20116001428756,0.000178751000930788,0.1509418487548828,False
1100,27,22.73569935257481,0.0001907030018628575,0.15093421936035156,False
1101,36,22.603482847432396,0.0001698140004009474,0.1509265899658203,False
1102,342,11.510291732462045,0.00016936899919528514,0.1509265899658203,True
1103,343,12.075096845499568,0.0001736900012474507,0.15093421936035156,True
1104,342,15.958901312763562,0.000177183002961101,0.1509265899658203,True
1105,339,14.917064583377366,0.0001840959994297009,0.15093421936035156,True
1106,342,15.608345529199305,0.00017452799875172786,0.15093421936035156,True
1107,351,11.475600638308146,0.00016782799866632558,0.1509265899658203,True
1108,356,11.36621155681279,0.0001805280007829424,0.15093421936035156,True
1109,330,12.48837728880113,0.00016854800196597353,0.15093421936035156,True
1110,347,12.844352214815865,0.00016597699868725613,0.15093421936035156,True
1111,335,12.384506573585002,0.00016605600103503093,0.15091896057128906,True
1112,326,13.586574437395994,0.000165174002177082,0.1509265899658203,True
1113,339,6.26527816127153,0.0001738780010782648,0.1509113311767578,True
1114,329,11.124486222548326,0.00021397399905254133,0.1509265899658203,True
1115,340,14.193262246452996,0.00016798500291770324,0.1509265899658203,True
1116,325,6.4422543004480435,0.00018534099945100024,0.1509265899658203,True
1117,326,9.052388156887673,0.00017802000002120622,0.15091896057128906,True
1118,324,9.131184551040283,0.00016930299898376688,0.15091896057128906,True
1119,336,10.503284131961397,0.00016581700037932023,0.15091896057128906,True
1120,325,9.588572340121116,0.00017644800027483143,0.15091896057128906,True
1121,325,5.600804015917081,0.00016855200010468252,0.1509113311767578,True
1122,326,6.4740351430095835,0.00016795700139482506,0.1509113311767578,True
1123,326,6.811310246317469,0.00016672699712216854,0.15091896057128906,True
1124,326,4.061901645005974,0.0001647669996600598,0.1509113311767578,True
1125,326,6.75153180845334,0.00018095799896400422,0.15091896057128906,True
1126,346,9.822406507107326,0.00018223300139652565,0.1509265899658203,True
1127,330,25.166836056869546,0.0001809210007195361,0.1509571075439453,True
1128,336,11.102875577675105,0.00017096000010496937,0.1509265899658203,True
1129,349,8.852179621002682,0.0001727759990899358,0.15091896057128906,True
1130,349,7.535348551212331,0.0001702999979897868,0.1509265899658203,True
1131,348,9.29805859588535,0.00017243299953406677,0.1509113311767578,True
1132,343,10.371676505862169,0.00016767900160630234,0.15093421936035156,True
1133,354,12.859284830610763,0.00018312599786440842,0.15093421936035156,True
1134,354,14.148674805777564,0.00016794299881439656,0.15093421936035156,True
1135,320,10.652764439785154,0.00017110100088757463,0.15091896057128906,True
1136,329,10.34301500239715,0.00017808700067689642,0.15093421936035156,True
1137,329,14.188822695637583,0.00017088599997805431,0.1509265899658203,True
1138,329,15.173351010753574,0.0001725430010992568,0.15093421936035156,True
1139,332,22.024721104407515,0.0001737710008455906,0.15094947814941406,True
1140,332,24.99418395924523,0.00017328299873042852,0.1509571075439453,True
1141,336,9.311151213341033,0.00017053199917427264,0.1509265899658203,True
1142,334,19.93875012096739,0.00018849600019166246,0.1509418487548828,True
1143,335,14.97448574351514,0.00017628999921726063,0.15093421936035156,True
1144,322,22.964090993185273,0.00018752700270852074,0.15096473693847656,True
1145,339,48.7614503513747,0.00019469100152491592,0.1510028839111328,True
1146,336,52.61901655793999,0.00017351999849779531,0.1509876251220703,True
1147,335,14.579315571290662,0.0001791969989426434,0.15093421936035156,True
1148,335,12.10518147307428,0.00018760099919745699,0.1509265899658203,True
1149,321,5.470711825081649,0.00017989500338444486,0.1509113311767578,True
1150,353,8.096201764712333,0.00018061599985230714,0.1509113311767578,True
1151,321,11.30163778018923,0.00018604800061439164,0.15091896057128906,True
1152,320,9.671721200106964,0.00017058699813787825,0.15091896057128906,True
1153,320,10.035958676248288,0.00016604499978711829,0.1509113311767578,True
1154,353,8.87229219989358,0.00016949500059126876,0.1509265899658203,True
1155,338,11.514204330044768,0.0001794499985408038,0.15091896057128906,True
1156,320,12.585408426120372,0.0001795190000848379,0.15094947814941406,True
1157,341,12.086631043053023,0.00018697499763220549,0.15093421936035156,True
1158,335,9.9162297148846,0.00018832600107998587,0.1509265899658203,True
1159,336,3.018453845545079,0.00019699799668160267,0.1509113311767578,True
1160,346,15.954836964670218,0.00018368399832979776,0.1509418487548828,True
1161,339,11.620932973589166,0.00016790000154287554,0.1509265899658203,True
1162,341,9.792935746185185,0.0001676299980317708,0.1509265899658203,True
1163,343,10.416331395822805,0.00017961899720830843,0.15093421936035156,True
1164,341,14.007408442499226,0.00017391799701726995,0.1509265899658203,True
1165,348,16.309599209983727,0.00018963099864777178,0.1509265899658203,True
1166,343,10.540366420285935,0.00016848100131028332,0.1509265899658203,True
1167,341,9.563989610421045,0.0001671130012255162,0.1509265899658203,True
1168,336,10.843745595727412,0.00016648400196572766,0.1509113311767578,True
1169,344,12.75596505154079,0.00017854299949249253,0.1509265899658203,True
1170,345,14.439086522371708,0.00016990600124699995,0.1509418487548828,True
1171,345,17.986866000467092,0.0001709139978629537,0.1509418487548828,True
1172,335,13.290742811322717,0.00017514199862489477,0.15093421936035156,True
1173,345,6.68042066549916,0.00017353099974570796,0.1509113311767578,True
1174,346,11.400393859828895,0.00017857800048659556,0.1509265899658203,True
1175,345,9.042696224301295,0.0001660999987507239,0.15091896057128906,True
1176,345,10.09244912598751,0.00017031099923769943,0.1509113311767578,True
1177,320,10.770348003024433,0.00016978900021058507,0.1509265899658203,True
1178,347,11.91485678558403,0.00018926200209534727,0.1509265899658203,True
1179,327,7.998893254470114,0.000170366998645477,0.1509265899658203,True
1180,348,10.746947850768873,0.00019044500004383735,0.15091896057128906,True
1181,359,9.008671304505734,0.00017523700080346316,0.1509265899658203,True
1182,343,11.861754243106537,0.00018375600120634772,0.1509265899658203,True
1183,324,11.674075844815135,0.00017106099767261185,0.1509265899658203,True
1184,358,11.727995307762688,0.0001678609987720847,0.15093421936035156,True
1185,320,11.688078267183867,0.0001772130017343443,0.1509265899658203,True
1186,359,5.086020904268743,0.0001891190004243981,0.1509113311767578,True
1187,327,7.326055953001648,0.00016793599934317172,0.15091896057128906,True
1188,346,17.87519218808904,0.00017924699932336807,0.1509418487548828,True
1189,345,14.066712693238243,0.00018322599862585776,0.15093421936035156,True
1190,344,9.780447746842293,0.00017416899936506525,0.1509265899658203,True
1191,321,7.982077604103946,0.0001766380009939894,0.15091896057128906,True
1192,343,10.500915185966042,0.00016658100139466114,0.15091896057128906,True
1193,341,15.085230375237858,0.00016680800035828725,0.15091896057128906,True
1194,320,9.009282172720491,0.0001656400017964188,0.15091896057128906,True
1195,342,17.247864646159588,0.00016807300198706798,0.15093421936035156,True
1196,320,18.010236185866052,0.0001713739984552376,0.15093421936035156,True
1197,341,13.09674807617069,0.00018320399976801127,0.15093421936035156,True
1198,346,18.890116508061162,0.00017057899822248146,0.1509418487548828,True
1199,336,8.0934831466263,0.00017302199921687134,0.15091896057128906,True
1200,342,20.043605291859915,0.00017072600167011842,0.1509418487548828,True
1201,327,10.70103790530647,0.00017309100076090544,0.1509265899658203,True
1202,398,12.940102038459411,0.0001840679979068227,0.1509265899658203,True
1203,361,11.12097340850136,0.00017329399997834116,0.15094947814941406,True
1204,363,11.172145613106117,0.0001785099993867334,0.1509265899658203,True
1205,369,8.024981456788996,0.0001663349976297468,0.15091896057128906,True
1206,396,12.907549867282523,0.0001676720021350775,0.1509265899658203,True
1207,384,19.0056615012801,0.00018404400179861113,0.1509571075439453,True
1208,360,12.603360354563153,0.00018706400078372099,0.1509265899658203,True
1209,378,12.024566203090094,0.00016972099911072291,0.1509418487548828,True
1210,361,5.871894228628764,0.00017064599887817167,0.1509113311767578,True
1211,396,11.374669533750973,0.00016615800268482417,0.15091896057128906,True
1212,374,12.428374013706964,0.00018471499788574874,0.15093421936035156,True
1213,391,15.502540514941415,0.0003111540027020965,0.1509418487548828,True
1214,399,8.761146324049149,0.0001783580009941943,0.1509265899658203,True
1215,361,6.383504790973118,0.0001657130014791619,0.15091896057128906,True
1216,363,11.472700889774583,0.0001685679999354761,0.15093421936035156,True
1217,379,5.942459822231688,0.00017460299932281487,0.1509113311767578,True
1218,382,15.269713219072354,0.00017347000175504945,0.1509418487548828,True
1219,369,4.170081194609309,0.00018872700093197636,0.1509113311767578,True
1220,378,11.84607888988483,0.00017172700245282613,0.15093421936035156,True
1221,365,6.544069730263261,0.0001656300009926781,0.15091896057128906,True
1222,369,8.540828180877579,0.00020373699953779578,0.1509265899658203,True
1223,369,7.921390799702271,0.0001650119993428234,0.15091896057128906,True
1224,370,13.231446656783652,0.00018330899911234155,0.15093421936035156,True
1225,369,5.590163229662266,0.00017618499987293035,0.1509113311767578,True
1226,369,4.218405341784783,0.0001897510010167025,0.15091896057128906,True
1227,369,8.056526340443659,0.00017695800124784,0.1509113311767578,True
1228,370,11.692705294917447,0.00018356899818172678,0.1509418487548828,True
1229,369,7.7604778982450675,0.00017301800107816234,0.15091896057128906,True
1230,369,13.317867854324415,0.00016905300071812235,0.15093421936035156,True
1231,370,9.316101775081629,0.00016818199947010726,0.15093421936035156,True
1232,372,6.6505387842747945,0.0001765890010574367,0.15091896057128906,True
1233,370,12.411949792919104,0.0001742269996611867,0.1509265899658203,True
1234,370,10.75442665642057,0.00016748499911045656,0.15093421936035156,True
1235,375,13.334422358934175,0.00018196299788542092,0.1509265899658203,True
1236,363,14.046928932385256,0.00017187899720738642,0.15093421936035156,True
1237,366,12.197475958692031,0.00016891699851839803,0.15093421936035156,True
1238,370,9.634863260048583,0.00017150899657281116,0.15091896057128906,True
1239,376,16.07287606910808,0.00018909499704022892,0.15093421936035156,True
1240,362,17.809229483888345,0.00017037599900504574,0.15094947814941406,True
1241,370,12.591432290492254,0.00017599499915377237,0.1509265899658203,True
1242,374,18.818431304746962,0.00041592699926695786,0.15093421936035156,True
1243,399,32.04884072832952,0.00017000899970298633,0.15094947814941406,True
1244,377,24.230556455158865,0.0001840170007199049,0.15093421936035156,True
1245,390,28.93829396188646,0.0001716090009722393,0.1509418487548828,True
1246,385,9.443212427581056,0.00018372900012764148,0.15091896057128906,True
1247,379,12.84420716342966,0.00018134799756808206,0.15093421936035156,True
1248,379,14.051312109333534,0.0001696719991741702,0.1509265899658203,True
1249,365,19.69667777129649,0.00016879800023161806,0.15094947814941406,True
1250,387,7.6438789774524505,0.0001693010017334018,0.15091896057128906,True
1251,369,9.116827399624722,0.0001673379993007984,0.1509265899658203,True
1252,364,9.81020328637049,0.00017429000217816792,0.15091896057128906,True
1253,440,37.85855289409974,0.00017985900194616988,0.1509876251220703,False
1254,440,31.86297247722018,0.00017260700042243116,0.1509723663330078,False
1255,440,34.50030937278553,0.00018118099978892133,0.1509723663330078,False
1256,440,27.253119079895125,0.00017181299699586816,0.1509571075439453,False
1257,380,5.62591126852653,0.0001666589996602852,0.15091896057128906,True
1258,381,6.477968959105813,0.0001957120002771262,0.1509265899658203,True
1259,366,13.705409848466287,0.00016969500211416744,0.15093421936035156,True
1260,382,17.09451711655701,0.00017955200019059703,0.15094947814941406,True
1261,366,16.585862147029747,0.00041612899804022163,0.15094947814941406,True
1262,397,18.579376635249144,0.00017145200035884045,0.1509571075439453,True
1263,368,13.736742260450225,0.000191525999980513,0.1509265899658203,True
1264,397,17.197600892761432,0.00017066000145860016,0.1509571075439453,True
1265,84,10.680071260659805,0.00016694000078132376,0.15091896057128906,False
1266,383,17.26271093571289,0.00017603899686946534,0.1509265899658203,True
1267,380,9.233533087859735,0.0001672020007390529,0.1509265899658203,True
1268,396,17.96139064399319,0.00018182599887950346,0.1509418487548828,True
1269,392,13.987391999663389,0.00016747900008340366,0.1509265899658203,True
1270,382,12.696256682441538,0.00018817499949363992,0.1509265899658203,True
1271,378,14.252905167892626,0.00016697599858161993,0.1509265899658203,True
1272,373,12.453784598137425,0.00027611000041360967,0.1509265899658203,True
1273,392,10.556857500177056,0.00017124199803220108,0.1509265899658203,True
1274,390,16.125157238806548,0.00017578300321474671,0.1509418487548828,True
1275,398,19.363528839867236,0.00018613100110087544,0.15094947814941406,True
1276,361,9.84773517747089,0.0001751890013110824,0.1509265899658203,True
1277,395,3.6528514903572087,0.0002268940006615594,0.1509113311767578,True
1278,364,15.868258817915716,0.0001754850018187426,0.1509265899658203,True
1279,378,13.66470888326426,0.00018029399871011265,0.1509265899658203,True
1280,87,19.291035857225324,0.00018868400002247654,0.1509265899658203,False
1281,381,11.36375510493569,0.00019628600057330914,0.1509265899658203,True
1282,396,9.299048651302213,0.00017014499826473184,0.1509265899658203,True
1283,372,14.645673472346433,0.00017246900097234175,0.15093421936035156,True
1284,390,11.572607273477725,0.00017880299856187776,0.1509265899658203,True
1285,399,12.078228398278704,0.00018455099780112505,0.15093421936035156,True
1286,390,11.859869293805502,0.0001741560008667875,0.15093421936035156,True
1287,384,20.411407739940305,0.00017542099885758944,0.1509571075439453,True
1288,365,13.843550311351958,0.00018435099991620518,0.1509418487548828,True
1289,371,16.078681691254253,0.00023648500064155087,0.15093421936035156,True
1290,370,14.712265546329048,0.0001724780013319105,0.15093421936035156,True
1291,379,10.003384584663653,0.00016813700131024234,0.15091896057128906,True
1292,398,11.492886529493822,0.00016887499805307016,0.1509265899658203,True
1293,378,11.227024907906777,0.00017138299881480634,0.1509265899658203,True
1294,360,10.611427342114798,0.00017597199985175394,0.15093421936035156,True
1295,369,7.75799802780839,0.0001661790010984987,0.15091896057128906,True
1296,375,22.229103576152855,0.00017571300122654065,0.1509571075439453,True
1297,401,17.99856352227622,0.0001751710005919449,0.1509571075439453,True
1298,438,19.53822979082002,0.00017395800023223273,0.15094947814941406,True
1299,423,19.03396554117629,0.00016780500300228596,0.1509418487548828,True
1300,400,14.407400555918308,0.00020320099793025292,0.15093421936035156,True
1301,401,9.968261058867421,0.00020737100203405134,0.15093421936035156,True
1302,439,47.7543016904773,0.00018543099940870889,0.1510028839111328,True
1303,430,10.27266610022394,0.0002142349985660985,0.15091896057128906,True
1304,410,20.189100207770736,0.00017373599985148758,0.1509571075439453,True
1305,457,11.872156161592851,0.00017437299902667291,0.15091896057128906,True
1306,468,5.141590470731858,0.00016940099885687232,0.15091896057128906,True
1307,449,31.01587970431131,0.0001709930002107285,0.1509571075439453,True
1308,468,5.4424256916802,0.0001693600024736952,0.15091896057128906,True
1309,469,9.829386014494196,0.0001685720017121639,0.1509265899658203,True
1310,440,15.245526576927228,0.0001694249986030627,0.1509265899658203,True
1311,470,15.767319501902962,0.0001735420009936206,0.1509571075439453,True
1312,458,11.352509121478233,0.00016961599976639263,0.15093421936035156,True
1313,468,9.342756223498366,0.0001722530032566283,0.15094947814941406,True
1314,468,10.810675266750051,0.00017676699644653127,0.1509418487548828,True
1315,441,14.73367432097049,0.00018970699966303073,0.15094947814941406,True
1316,441,11.306876963163603,0.00017632299932301976,0.1509265899658203,True
1317,443,16.93926215211529,0.00018160500258090906,0.1509265899658203,True
1318,404,33.36596207286954,0.00017585699970368296,0.15096473693847656,False
1319,445,23.691582019707372,0.00018042500232695602,0.1509571075439453,True
1320,442,11.362488231750206,0.00017310800103587098,0.1509265899658203,True
1321,440,12.27726930178858,0.00016894500004127622,0.15091896057128906,True
1322,442,6.108212769617364,0.00017525700241094455,0.15091896057128906,True
1323,72,91.33585161924168,0.00018197900135419331,0.1510334014892578,False
1324,72,91.44538496550965,0.0001844119979068637,0.15105628967285156,False
1325,446,5.8975895364142765,0.0001687260009930469,0.15091896057128906,True
1326,448,7.700746819113698,0.00017525899966130964,0.1509265899658203,True
1327,444,3.911738440656209,0.000170212999364594,0.1509113311767578,True
1328,447,2.9756082490674323,0.00019712300127139315,0.1509113311767578,True
1329,468,16.977097492682887,0.00017321900304523297,0.15094947814941406,True
1330,450,5.335533082806029,0.00016720699932193384,0.15091896057128906,True
1331,450,4.552773771730404,0.00016652900012559257,0.15091896057128906,True
1332,479,12.972912357468234,0.00017663899780018255,0.1509418487548828,True
1333,457,15.805426141521092,0.00017202799790538847,0.15093421936035156,True
1334,458,15.57380580993132,0.0001717749983072281,0.15093421936035156,True
1335,454,6.6104165561650445,0.00017335399752482772,0.15091896057128906,True
1336,454,2.309459758928212,0.00017374999879393727,0.1509113311767578,True
1337,465,15.986705921560068,0.00017766599921742454,0.1509571075439453,True
1338,458,14.148767770057377,0.00016605500059085898,0.1509265899658203,True
1339,471,14.76337247918955,0.00017034300253726542,0.15093421936035156,True
1340,456,9.870797725163364,0.00017188900164910592,0.1509265899658203,True
1341,454,8.790278297989142,0.00016958799824351445,0.1509265899658203,True
1342,473,3.317136299568933,0.00019923400031984784,0.1509113311767578,True
1343,458,6.497782911479459,0.00017109200052800588,0.1509265899658203,True
1344,473,5.749651115185021,0.00017244899936486036,0.15091896057128906,True
1345,454,6.301493425449909,0.00017006000052788295,0.15091896057128906,True
1346,461,3.6599393458397693,0.0001784310006769374,0.1509113311767578,True
1347,460,4.862765784725403,0.0001687260009930469,0.15091896057128906,True
1348,466,19.618956502330228,0.00017560500054969452,0.15093421936035156,True
1349,466,11.607276463251791,0.00016843900084495544,0.15093421936035156,True
1350,441,10.739058161663259,0.00017059500169125386,0.1509265899658203,True
1351,472,12.114839973001077,0.0001660369998717215,0.1509265899658203,True
1352,469,9.48079744428889,0.0001742589993227739,0.1509265899658203,True
1353,470,8.600977998474475,0.00019127399718854576,0.1509265899658203,True
1354,469,7.04334683656795,0.00018183999782195315,0.15091896057128906,True
1355,458,5.751974036122619,0.0001662739996390883,0.1509113311767578,True
1356,470,2.8087338156068147,0.00016698599938536063,0.1509113311767578,True
1357,457,15.127696477235837,0.00016832800247357227,0.15093421936035156,True
1358,475,8.565932536796865,0.0001773309995769523,0.15091896057128906,True
1359,475,55.842883222914274,0.00018036299661616795,0.15099525451660156,True
1360,457,18.436122783537158,0.00016926600073929876,0.15093421936035156,True
1361,468,13.878598040904173,0.0001761860003171023,0.15094947814941406,True
1362,468,7.48689437712006,0.00017186499826493673,0.15093421936035156,True
1363,457,10.117570280641795,0.00017052000112016685,0.15093421936035156,True
1364,479,14.542367906038344,0.00017163899974548258,0.15091896057128906,True
1365,472,12.779587705552482,0.0001722960005281493,0.15093421936035156,True
1366,472,11.318951519551922,0.0001676599968050141,0.15093421936035156,True
1367,468,5.9724042277640645,0.00016997300190269016,0.1509265899658203,True
1368,468,14.069135482576739,0.00016882800264284015,0.15093421936035156,True
1369,468,11.323199152847994,0.00016822600082377903,0.15093421936035156,True
1370,458,5.6445780583080785,0.00018404900038149208,0.15091896057128906,True
1371,518,21.527875576124963,0.000172005999047542,0.15093421936035156,True
1372,518,21.912961864243584,0.00017236399799003266,0.1509418487548828,True
1373,511,20.580759169520974,0.00017335700249532238,0.1509418487548828,True
1374,508,29.555414693748286,0.00017584499801159836,0.15097999572753906,True
1375,486,26.12780692652896,0.0001837700001487974,0.1509418487548828,True
1376,488,16.615472522817303,0.00016753700037952513,0.15093421936035156,True
1377,486,14.62698072741358,0.0001767819994711317,0.15093421936035156,True
1378,508,57.39068412763702,0.00017672900139587,0.1510181427001953,True
1379,480,32.22782249466568,0.00017488899902673438,0.1509876251220703,True
1380,486,43.64175937115556,0.0001865720005298499,0.15097999572753906,True
1381,484,14.389483313198697,0.000169221999385627,0.15093421936035156,True
1382,481,14.906335236592312,0.00018320600065635517,0.1509418487548828,True
1383,482,24.154179927156118,0.0001775860000634566,0.1509418487548828,True
1384,498,34.474121691736855,0.00017558900071890093,0.1509876251220703,True
1385,498,36.079307859542105,0.00018715600162977353,0.1510028839111328,True
1386,489,10.101132532891894,0.00017110599947045557,0.1509265899658203,True
1387,488,10.015183756008252,0.000167042002431117,0.1509265899658203,True
1388,488,16.018756417774746,0.00016751699877204373,0.15093421936035156,True
1389,492,11.178506591112871,0.00018303599790669978,0.1509265899658203,True
1390,490,7.425308861444282,0.00016777700147940777,0.15091896057128906,True
1391,490,10.455422779722667,0.00017633500101510435,0.1509265899658203,True
1392,492,13.460063180949168,0.00016718699771445245,0.15091896057128906,True
1393,496,11.452067392255373,0.00018658900080481544,0.15093421936035156,True
1394,495,6.17242393288011,0.00016591299936408177,0.1509113311767578,True
1395,487,11.466160846728473,0.00017859200306702405,0.15093421936035156,True
1396,503,16.687400665872627,0.00018257100236951374,0.1509418487548828,True
1397,489,9.098262211521362,0.00017084800128941424,0.1509265899658203,True
1398,488,18.38272655669796,0.0001691229990683496,0.15093421936035156,True
1399,487,16.253476986523562,0.0001706810035102535,0.15093421936035156,True
1400,517,17.750074849238892,0.00017213300088769756,0.15093421936035156,True
1401,508,15.464016207012053,0.00016940400018938817,0.1509418487548828,True
1402,515,14.838135912295849,0.0001692830010142643,0.15093421936035156,True
1403,512,13.838745852532627,0.00020974200015189126,0.1509265899658203,True
1404,507,12.302906694981786,0.00016525599858141504,0.15091896057128906,True
1405,508,10.45458927508006,0.00016917399989324622,0.15091896057128906,True
1406,516,16.44342802484921,0.00016738900012569502,0.15093421936035156,True
1407,511,18.123013055230874,0.0001682860020082444,0.15091896057128906,True
1408,513,25.877575059561007,0.00017536000086693093,0.1509571075439453,True
1409,509,27.069863480217258,0.00018158800230594352,0.15094947814941406,True
1410,506,30.182246645142374,0.00018860500131268054,0.1509418487548828,True
1411,511,25.282977518846685,0.00017556300008436665,0.1509265899658203,True
1412,504,15.094630573344508,0.00021049299903097562,0.1509418487548828,True
1413,488,19.1293638875137,0.00017434300025342964,0.15094947814941406,True
1414,488,16.724815637111305,0.0001719979991321452,0.15094947814941406,True
1415,486,18.568840968730335,0.00020382100046845153,0.1509418487548828,True
1416,481,34.92463237552508,0.0001738419996399898,0.1509876251220703,True
1417,389,50.46643029438287,0.00018128700321540236,0.15097999572753906,False
1418,389,50.09975778984348,0.00018553499830886722,0.15099525451660156,False
1419,389,75.61344453588191,0.00017535699953441508,0.15101051330566406,False
1420,389,96.70622909785612,0.00018312600150238723,0.1510486602783203,False
1421,356,89.84094343303823,0.00018883200027630664,0.15099525451660156,False
1422,389,57.02475393335013,0.00019176799833076075,0.15101051330566406,False
1423,389,49.929986216821355,0.00019476300076348707,0.1510181427001953,False
1424,389,50.53793016308347,0.00017592100266483612,0.1509876251220703,False
1425,389,69.96948449298031,0.0001884400007838849,0.1510181427001953,False
1426,389,41.25948701236515,0.00019976499970653094,0.15097999572753906,False
1427,380,98.9987584262031,0.00018121800167136826,0.15105628967285156,False
1428,501,88.50301601142806,0.0001850080006988719,0.1510944366455078,True
1429,389,54.96832890909348,0.00018887899932451546,0.1509876251220703,False
1430,389,51.54157568304148,0.00017854899851954542,0.1510028839111328,False
1431,389,52.31306889611513,0.00019469000108074397,0.1509723663330078,False
1432,389,54.72270810435926,0.00017337100143777207,0.15097999572753906,False
1433,389,49.73534067908162,0.0001719089996186085,0.1509723663330078,False
1434,389,53.82912240667349,0.00018683799862628803,0.15096473693847656,False
1435,389,57.970141882854726,0.00017915900025400333,0.15097999572753906,False
1436,389,52.92388565570876,0.0001812920017982833,0.15097999572753906,False
1437,389,41.428559886761754,0.0001833079986681696,0.1509571075439453,False
1438,389,40.615907600722686,0.00017527399904793128,0.1509571075439453,False
1439,389,53.721264756521,0.00018694800019147806,0.1509571075439453,False
1440,389,58.15139758903283,0.00020007899729534984,0.1509571075439453,False
1441,389,61.427705162427415,0.0001882559990917798,0.1510334014892578,False
1442,389,54.12940920246165,0.0001768850015650969,0.15099525451660156,False
1443,389,45.5903303906625,0.00019129599968437105,0.15096473693847656,False
1444,389,55.516998024184815,0.0002061949999188073,0.1509723663330078,False
1445,389,40.20163035312335,0.00022532400180352852,0.15094947814941406,False
1446,389,47.94771549982574,0.0001738299979479052,0.1509723663330078,False
1447,389,46.49706103367373,0.0001754200020513963,0.15096473693847656,False
1448,389,47.1181475424054,0.0002064949985651765,0.1509723663330078,False
1449,389,43.033194301111976,0.00017389099957654253,0.1509723663330078,False
1450,501,70.63676064378802,0.00017892100004246458,0.15104103088378906,True
1451,389,49.231973930232,0.0001909099992190022,0.15094947814941406,False
1452,389,54.761568121480316,0.00017427200145903043,0.1509723663330078,False
1453,389,54.33433340423044,0.00017635499898460694,0.1510028839111328,False
1454,501,72.04602611947966,0.00019368400171515532,0.1510334014892578,True
1455,502,77.9662481055702,0.00019623999833129346,0.1510181427001953,True
1456,389,45.76243890251008,0.00017130199921666645,0.15096473693847656,False
1457,389,47.07471292885103,0.00017211800150107592,0.1509723663330078,False
1458,389,44.78813251976977,0.00017134200243162923,0.1509723663330078,False
1459,389,55.03030370535683,0.00017496899818070233,0.15099525451660156,False
1460,389,46.46700715629968,0.00018226199972559698,0.15097999572753906,False
1461,389,41.20428128587526,0.00017368299813824706,0.15096473693847656,False
1462,389,80.53697660489676,0.0001845459992182441,0.1510028839111328,False
1463,389,64.83423820563088,0.00017824899987317622,0.1510028839111328,False
1464,389,72.11541638508254,0.0001779509984771721,0.1510028839111328,False
1465,389,71.00040086575986,0.00021074300093459897,0.1509876251220703,False
1466,389,63.01559182178284,0.00016987200069706887,0.15094947814941406,False
1467,389,82.83273477569895,0.0001761819985404145,0.1510181427001953,False
1468,356,89.86327252977519,0.00017527499949210323,0.15099525451660156,False
1469,262,84.06408772191784,0.0001933009989443235,0.15104103088378906,False
1470,450,74.07207771614543,0.00018634799926076084,0.15107154846191406,False
1471,262,85.27191495030208,0.00018126899885828607,0.15104103088378906,False
1472,356,91.08879261721145,0.00018952299797092564,0.1510486602783203,False
1473,513,94.08113247692339,0.00017748100071912631,0.15101051330566406,True
1474,389,52.27186354374491,0.00020593000226654112,0.15099525451660156,False
1475,389,61.42699284184256,0.0001810079993447289,0.15102577209472656,False
1476,373,69.70146189921579,0.0001732439995976165,0.15097999572753906,False
1477,389,61.98243540601739,0.0001800720019673463,0.1510334014892578,False
1478,389,63.21766760597315,0.0001878789989859797,0.15099525451660156,False
1479,389,78.43894451330128,0.00018805200306815095,0.15101051330566406,False
1480,373,67.5333281331326,0.00017094700160669163,0.1509571075439453,False
1481,389,58.66906963832649,0.00017504899733467028,0.15099525451660156,False
1482,389,64.4231196335694,0.00018435400124872103,0.1509723663330078,False
1483,389,47.551892900199284,0.00017264299822272733,0.1509723663330078,False
1484,501,69.0147402068913,0.0001815859977796208,0.15104103088378906,True
1485,387,43.6120839475229,0.00039515100070275366,0.1509723663330078,False
1486,389,47.32548031507406,0.00017420199947082438,0.15097999572753906,False
1487,389,61.66951178815611,0.00019571700249798596,0.15097999572753906,False
1488,389,84.91715544469987,0.00019025100118597038,0.15097999572753906,False
1489,389,85.63663849010206,0.0001914630011015106,0.1510181427001953,False
1490,259,91.19559701561504,0.00018536700008553453,0.15102577209472656,False
1491,389,75.40454792902979,0.0001851800006988924,0.1510028839111328,False
1492,389,85.50411923418454,0.00017544199727126397,0.1510028839111328,False
1493,501,78.90500189813338,0.00018909799837274477,0.15104103088378906,True
1494,502,74.5780368829733,0.00017755199951352552,0.1510028839111328,True
1495,389,63.578075048380974,0.00017797400141716935,0.1510181427001953,False
1496,389,50.336595098876984,0.0001756450001266785,0.15097999572753906,False
1497,389,46.535346929774995,0.00017412800298188813,0.1509876251220703,False
1498,389,51.913214999031275,0.00017491899779997766,0.1510028839111328,False
1499,389,55.03089396108856,0.00018131899923901074,0.1509876251220703,False
1500,389,55.67487855644606,0.00018963999900734052,0.1510028839111328,False
1501,389,45.65208402807784,0.00017470399689045735,0.15096473693847656,False
1502,389,53.30662587724847,0.00017577800099388696,0.15099525451660156,False
1503,389,43.307171309601294,0.00017441999807488173,0.1509723663330078,False
1504,389,55.42236469164342,0.00018342800103710033,0.15097999572753906,False
1505,389,49.34430575590402,0.0002155720030714292,0.1509723663330078,False
1506,389,54.917740032349236,0.00017312300042249262,0.15097999572753906,False
1507,389,43.44624760125638,0.0001758779981173575,0.15097999572753906,False
1508,389,55.802762338574375,0.0001787389992387034,0.1509723663330078,False
1509,460,72.47881820783317,0.00017136699898401275,0.15096473693847656,False
1510,498,73.35978948336209,0.0001872469983936753,0.15101051330566406,True
1511,498,63.97219701213401,0.00018288800129084848,0.1510181427001953,True
1512,498,72.8763200982109,0.00019102200167253613,0.1510028839111328,True
1513,389,70.40054518975359,0.0001811219990486279,0.1510486602783203,False
1514,389,52.33513431081474,0.0001763159998517949,0.15099525451660156,False
1515,389,45.29705722177772,0.00019050599803449586,0.1509723663330078,False
1516,389,61.594836914851186,0.0001884540033643134,0.1510028839111328,False
1517,389,46.08879619687261,0.00017099799879360944,0.1509723663330078,False
1518,389,40.564545005325,0.00019524700110196136,0.1509571075439453,False
1519,389,58.0034991123376,0.00019076700118603185,0.15101051330566406,False
1520,389,80.86739926236183,0.0001805219981179107,0.15104103088378906,False
1521,501,76.87323340477923,0.00018287499915459193,0.1510486602783203,True
1522,389,65.78560700027887,0.0001732560012897011,0.15097999572753906,False
1523,389,59.5132492065912,0.0001753249998728279,0.15099525451660156,False
1524,389,55.99357663665878,0.00017431100059184246,0.15099525451660156,False
1525,389,52.21184120152531,0.00019800800146185793,0.1509876251220703,False
1526,502,83.43263399544425,0.00021353500051191077,0.1510334014892578,True
1527,389,74.60916316700451,0.00017759700131136924,0.15101051330566406,False
1528,389,65.5123129814171,0.00017909899906953797,0.15102577209472656,False
1529,389,47.366674984223884,0.00017411199951311573,0.1509723663330078,False
1530,389,76.87900134145428,0.0001938440000230912,0.15102577209472656,False
1531,389,73.86776230142308,0.00017784000010578893,0.1510181427001953,False
1532,389,67.97564992012457,0.00017712299813865684,0.15101051330566406,False
1533,389,47.510580776287796,0.0001747269998304546,0.1509876251220703,False
1534,501,88.76006986377692,0.00017521399786346592,0.15099525451660156,True
1535,441,100.0303487045705,0.00017732299966155551,0.15102577209472656,False
1536,441,101.11899257622018,0.00019216500004404224,0.1510791778564453,False
1537,389,76.14462146818063,0.00017266200302401558,0.1509723663330078,False
1538,389,73.3737647944556,0.00017489900346845388,0.15099525451660156,False
1539,448,80.68030279242484,0.00018850400010705926,0.15104103088378906,False
1540,448,76.32764358393507,0.00017717200171318837,0.15101051330566406,False
1541,389,77.52625703668875,0.0001744920009514317,0.1510181427001953,False
1542,389,61.67547829721103,0.00017721699987305328,0.1509723663330078,False
1543,389,71.15063836403614,0.0001770939998095855,0.1509876251220703,False
1544,389,70.19409003736718,0.00017754600048647262,0.1510028839111328,False
1545,402,77.06503222159809,0.00018367700249655172,0.1510028839111328,False
1546,481,82.91956932629716,0.00018699600332183763,0.1510181427001953,True
1547,499,89.06766046981382,0.00022329000057652593,0.1510334014892578,True
1548,481,92.15237212867314,0.00038037599733797833,0.1510334014892578,True
1549,389,69.59648683082911,0.00018661600188352168,0.1510028839111328,False
1550,389,75.62343150795449,0.00019729699852177873,0.15097999572753906,False
1551,389,65.74803999687771,0.0001826350016926881,0.15099525451660156,False
1552,389,95.22801046181013,0.00017209599900525063,0.1509723663330078,False
1553,387,114.80266471247363,0.00018686500334297307,0.15105628967285156,False
1554,387,101.0641536585217,0.00017879299775813706,0.15102577209472656,False
1555,389,92.85001714953587,0.00017523499991511926,0.15099525451660156,False
1556,389,88.40420616412862,0.0001842640012910124,0.1510028839111328,False
1557,389,90.69841997674393,0.0001732500022626482,0.15097999572753906,False
1558,389,89.37677451622837,0.00017486200158600695,0.1510028839111328,False
1559,262,97.03567682935495,0.00026866999905905686,0.15104103088378906,False
1560,389,92.0673203477004,0.0001851939996413421,0.1510028839111328,False
1561,389,91.91800733430955,0.0001747659989632666,0.15101051330566406,False
1562,389,76.29291315429826,0.00018483699750504456,0.1510028839111328,False
1563,389,65.9444469425511,0.00018093399921781383,0.1509876251220703,False
1564,389,82.83482243584221,0.00019175000124960206,0.1510181427001953,False
1565,389,68.01988829927674,0.00017979300173465163,0.1509723663330078,False
1566,389,70.81851680915062,0.00018575799913378432,0.15099525451660156,False
1567,389,66.22251034911672,0.00017609600035939366,0.1509876251220703,False
1568,262,72.55021566820655,0.00019328899725223891,0.15101051330566406,False
1569,389,79.93835169312281,0.00018879900017054752,0.15097999572753906,False
1570,389,67.77022050735562,0.00017505600044387393,0.1509876251220703,False
1571,504,90.2297395350819,0.00017944900173461065,0.1510334014892578,True
1572,257,83.43774337876943,0.00019488799807731993,0.1510028839111328,False
1573,402,80.08866150224344,0.0001846109989855904,0.15101051330566406,False
1574,402,96.61944603521505,0.00020390600184327923,0.1510334014892578,False
1575,402,91.52229189122743,0.00019523599985404871,0.15102577209472656,False
1576,259,53.11693411501197,0.00019646199871203862,0.15097999572753906,False
1577,402,88.50567221937428,0.0001885269994090777,0.15101051330566406,False
1578,389,81.0846511336974,0.00017990299966186285,0.1509723663330078,False
1579,389,60.515542133776684,0.00019211499966331758,0.1509723663330078,False
1580,389,66.2999335581844,0.00018447399997967295,0.1509723663330078,False
1581,402,85.3521618674861,0.0002352840019739233,0.15099525451660156,False
1582,389,76.50658587700035,0.00019466400044620968,0.1509723663330078,False
1583,389,81.55300806378027,0.00019648700254037976,0.15097999572753906,False
1584,389,92.67345046478682,0.00019908199828932993,0.15104103088378906,False
1585,389,73.99603251662441,0.00018906900004367344,0.15101051330566406,False
1586,389,61.27991694062909,0.00018240500139654614,0.15096473693847656,False
1587,389,74.7192524928124,0.00017442799799027853,0.1509876251220703,False
1588,389,99.0955913062335,0.0001776610006345436,0.15099525451660156,False
1589,259,96.65101881687093,0.00019254200014984235,0.15105628967285156,False
1590,389,100.125049516156,0.00018670699864742346,0.1510028839111328,False
1591,389,102.76808963077208,0.00018201799684902653,0.15097999572753906,False
1592,387,102.04882108960498,0.00018823799837264232,0.1510486602783203,False
1593,460,94.50987503226389,0.00021558500156970695,0.15104103088378906,False
1594,387,103.96808854336624,0.0001963460017577745,0.1510639190673828,False
1595,389,94.14710467150188,0.00017437399947084486,0.1509876251220703,False
1596,259,77.15529200202594,0.00017896100325742736,0.1510181427001953,False
1597,389,80.87223097892931,0.00019166199854225852,0.15101051330566406,False
1598,389,109.87944692376425,0.00017794599989429116,0.1510181427001953,False
1599,389,63.479407250140184,0.0001796040014596656,0.1509571075439453,False
1600,389,110.10128784961678,0.0001794540003174916,0.1510181427001953,False
1601,389,72.13277622288085,0.00017351099813822657,0.1509876251220703,False
1602,389,68.70707927252336,0.0001746500020090025,0.1509571075439453,False
1603,389,74.4748231169094,0.0001817619995563291,0.1509723663330078,False
1604,389,78.7398908693202,0.00019158099894411862,0.1510028839111328,False
1605,389,68.07437300709684,0.0001845639999373816,0.15097999572753906,False
1606,389,65.43981378338378,0.00021769399972981773,0.15097999572753906,False
1607,481,90.91230140797384,0.0001837010022427421,0.1510486602783203,True
1608,389,82.69707497573843,0.00017891199968289584,0.1510334014892578,False
1609,389,85.63128472903789,0.00017964099970413372,0.1510334014892578,False
1610,389,77.88643328785018,0.0001946459997270722,0.15099525451660156,False
1611,389,77.31007590150735,0.0001777969991962891,0.15101051330566406,False
1612,389,108.7476039360054,0.00019240199981140904,0.1510181427001953,False
1613,389,102.21175664034067,0.00017536299856146798,0.15099525451660156,False
1614,389,114.94059952412131,0.00018420500055071898,0.1510181427001953,False
1615,389,96.3856302715618,0.00017424599718651734,0.1510028839111328,False
1616,262,98.7670468246809,0.00018222099970444106,0.15105628967285156,False
1617,389,99.20672792472898,0.00017674400078249164,0.1510028839111328,False
1618,389,96.27095381033998,0.0001750089977576863,0.15099525451660156,False
1619,389,90.74662870734304,0.00017624400061322376,0.15097999572753906,False
1620,389,94.33704834136645,0.00023003699971013702,0.15099525451660156,False
1621,387,108.48546219368691,0.0001805379979487043,0.1510334014892578,False
1622,389,61.76748371682861,0.00018483199892216362,0.1509876251220703,False
1623,389,107.97317675454642,0.000175888002559077,0.1510181427001953,False
1624,387,114.4111333171335,0.00019809699733741581,0.1510639190673828,False
1625,389,95.2963052503315,0.00017398199997842312,0.15101051330566406,False
1626,389,89.58598806285335,0.0001784919986675959,0.15099525451660156,False
1627,389,95.01666091650227,0.00019541899746400304,0.15099525451660156,False
1628,389,63.05117920317362,0.0001836259980336763,0.1509723663330078,False
1629,389,80.27331753743358,0.00019163199976901524,0.15102577209472656,False
1630,389,68.35912589861636,0.00017718600065563805,0.15099525451660156,False
1631,389,86.60840377291544,0.00017396199837094173,0.15101051330566406,False
1632,389,57.32328762245217,0.00016879599934327416,0.1509571075439453,False
1633,389,59.552184377296925,0.00026922300094156526,0.15096473693847656,False
1634,389,64.80081364348811,0.00023482699907617643,0.15096473693847656,False
1635,389,62.12771239738207,0.00017650099835009314,0.1509723663330078,False
1636,389,67.85931415719492,0.00017984200167120434,0.1510028839111328,False
1637,389,82.22808163969805,0.0001823839993448928,0.15104103088378906,False
1638,389,88.81983037198377,0.00017521100016892888,0.1510028839111328,False
1639,402,83.4500385788625,0.0001747679998516105,0.15099525451660156,False
1640,389,65.39891240293134,0.00017500000103609636,0.1509876251220703,False
1641,389,69.93978478760738,0.0002008159972319845,0.1510334014892578,False
1642,259,71.26334012910897,0.00018072300008498132,0.1510334014892578,False
1643,259,60.85092234156022,0.00017423799727112055,0.15096473693847656,False
1644,402,85.15954232891808,0.00018658499902812764,0.15099525451660156,False
1645,389,76.52587530078719,0.000186337001650827,0.15099525451660156,False
1646,389,60.3523157186699,0.00017250299788429402,0.1509723663330078,False
1647,389,66.44242706165454,0.00017145400124718435,0.15097999572753906,False
1648,389,82.00966682675215,0.0001771160023054108,0.15099525451660156,False
1649,389,72.17430294865869,0.0001781350001692772,0.1509876251220703,False
1650,441,79.51160954375281,0.0001897430011013057,0.1510028839111328,False
1651,389,71.70581738398745,0.00017196100088767707,0.1509571075439453,False
1652,259,102.49446957365507,0.00018189600086770952,0.15105628967285156,False
1653,389,96.87937263530719,0.00017391599976690486,0.15099525451660156,False
1654,259,98.83562963287969,0.00018051699953502975,0.15104103088378906,False
1655,259,112.01602696797407,0.00020415800099726766,0.15105628967285156,False
1656,389,99.67131960283155,0.00017643399769440293,0.1510181427001953,False
1657,453,105.73752797318467,0.0001799669989850372,0.1510334014892578,False
1658,529,55.23952512532748,0.0001762409992807079,0.1510028839111328,True
1659,529,67.38717150502482,0.00017877999925985932,0.1510486602783203,True
1660,522,63.622095084498206,0.00018337200162932277,0.1510334014892578,True
1661,536,43.989225444571616,0.00018329699742025696,0.15097999572753906,True
1662,555,22.406362754515076,0.00017272699915338308,0.15094947814941406,True
1663,557,44.40045997636036,0.0001797639997676015,0.1509723663330078,True
1664,557,17.8072629220908,0.00017051999748218805,0.15094947814941406,True
1665,558,27.33684349622846,0.00017043899788404815,0.1509723663330078,True
1666,537,56.484443832751765,0.0001786639986676164,0.15102577209472656,True
1667,558,37.52716525333831,0.00018830599947250448,0.15099525451660156,True
1668,541,62.72425722030952,0.0001733390017761849,0.1509876251220703,True
1669,522,30.207721034032637,0.00018413900033920072,0.1509723663330078,True
1670,525,42.99338790603294,0.00017676999777904712,0.1510028839111328,True
1671,558,55.84802129466147,0.00019492800129228272,0.1510181427001953,True
1672,540,35.98324779196977,0.00018494400137569755,0.1509723663330078,True
1673,557,37.238692763708876,0.00017654700059210882,0.15097999572753906,True
1674,543,40.32043383783219,0.00017502599803265184,0.1509876251220703,True
1675,549,41.20124112497576,0.00017840099826571532,0.1509876251220703,True
1676,524,72.53554197942482,0.0001761579987942241,0.15101051330566406,True
1677,558,53.51755443650433,0.0001796729993657209,0.1509723663330078,True
1678,529,44.222289511550265,0.00018098500004271045,0.1509876251220703,True
1679,544,30.32051160065446,0.0001795839998521842,0.15093421936035156,True
1680,538,12.154847112323369,0.00017791500067687593,0.15091896057128906,True
1681,69,61.129157688693454,0.00017404499885742553,0.1510028839111328,False
1682,544,58.246046551657145,0.000195945001905784,0.15101051330566406,True
1683,522,51.38790382429614,0.0002018630002567079,0.15099525451660156,True
1684,506,71.92021817938561,0.0001870419982878957,0.15101051330566406,False
1685,549,36.24152491788258,0.0001689080017968081,0.1509418487548828,True
1686,557,34.71467265165364,0.000170667000929825,0.15096473693847656,True
1687,558,46.66067711604379,0.0001734629986458458,0.1509723663330078,True
1688,478,53.512234853923964,0.00017686799765215255,0.1510181427001953,False
1689,541,55.86312517124848,0.00019032100317417644,0.1509723663330078,True
