Test Index,Train Index,Score,Computing Time (s),Space Usage (MB),Same Class
0,168,2.2081241871516966,0.0003285290003987029,0.1518268585205078,False
1,99,3.33799931424117,0.00035345100332051516,0.1517505645751953,False
2,136,22.040388089814424,0.00031961300192051567,0.15180397033691406,False
3,136,7.699559269448736,0.0003228940004191827,0.15178871154785156,False
4,89,2.9992635473204814,0.00032055900010163896,0.15183448791503906,False
5,99,7.245379070759116,0.0003448509996815119,0.15181922912597656,False
6,89,0.7859649317761637,0.0003254549992561806,0.1518573760986328,False
7,42,1.6848646666696112,0.00033355200139340013,0.1517963409423828,False
8,168,1.1746556256788665,0.0005525470005522948,0.15181922912597656,False
9,89,17.94666116786729,0.00031887699879007414,0.15183448791503906,False
10,78,0.34457954898984156,0.0003423330017540138,0.1518421173095703,False
11,46,2.6207000313063276,0.0007140230009099469,0.15186500549316406,False
12,182,0.43941118872557183,0.0003281249992141966,0.1518421173095703,False
13,99,11.54552436456446,0.00033453899959567934,0.1517810821533203,False
14,89,3.163940612175381,0.0003360130031069275,0.15181922912597656,False
15,99,0.6438319059455146,0.0003438559979258571,0.1518268585205078,False
16,31,23.94602409122031,0.00032119900060934015,0.15181922912597656,False
17,99,0.7755624074584659,0.00032373600333812647,0.15177345275878906,False
18,89,6.75356907727911,0.0003331669977342244,0.15183448791503906,False
19,89,1.5713409306468407,0.000331991002894938,0.15184974670410156,False
20,99,11.888295292433464,0.00031792899972060695,0.15175819396972656,False
21,182,7.842661198459339,0.0003226039989385754,0.15183448791503906,False
22,89,7.32327804458852,0.000328909998643212,0.1518421173095703,False
23,89,16.710307873742593,0.00032299200029228814,0.15184974670410156,False
24,51,1.151474359036996,0.00032986099904519506,0.15178871154785156,False
25,126,0.49456961225226337,0.0003308220002509188,0.1518421173095703,False
26,168,3.676376335654112,0.0003379930021765176,0.1518268585205078,False
27,134,0.44397564132447087,0.00031884900090517476,0.15183448791503906,False
28,99,7.913039442873562,0.00032808800096972845,0.15180397033691406,False
29,177,0.14033374593233816,0.00033440500192227773,0.1518268585205078,False
30,168,11.284801103329954,0.0003490739982225932,0.15181922912597656,False
31,51,4.9561426273206735,0.0003501960018184036,0.15180397033691406,False
32,168,5.348840363273297,0.00034361799771431834,0.15184974670410156,False
33,177,1.4774505290605546,0.00033321200317004696,0.15178871154785156,False
34,182,2.6462074409977703,0.0003355650005687494,0.1517810821533203,False
35,89,9.423008160752772,0.0003296649992989842,0.1518421173095703,False
36,182,2.4495826598502504,0.00033056200118153356,0.15183448791503906,False
37,168,1.6006647880808345,0.0003302469995105639,0.1518268585205078,False
38,89,8.786933668445513,0.0003353419997438323,0.1518421173095703,False
39,182,3.33307870864337,0.0003363639989402145,0.1518573760986328,False
40,51,1.1482381990090715,0.00033923799855983816,0.1518115997314453,False
41,169,0.5186168589213622,0.0003211840012227185,0.15181922912597656,False
42,99,2.6447051143927354,0.0003367450008227024,0.15183448791503906,False
43,8,0.1596328056930929,0.0003315840003779158,0.15183448791503906,False
44,89,0.4248008484073438,0.00033905500094988383,0.15183448791503906,False
45,89,7.269629949590268,0.0012431849972927012,0.15183448791503906,False
46,168,2.267245804909578,0.0005626630008919165,0.15184974670410156,False
47,89,16.708038994574423,0.0003386349999345839,0.15186500549316406,False
48,136,26.55290188135134,0.00032048999855760485,0.15180397033691406,False
49,188,0.17581408524205244,0.0003258440010540653,0.15184974670410156,False
50,168,3.307243254054285,0.0003326209989609197,0.15186500549316406,False
51,89,1.5186507760294177,0.0003273590009484906,0.15184974670410156,False
52,89,11.419561350956613,0.0003698309992614668,0.1518573760986328,False
53,89,5.920271229693071,0.00033153000185848214,0.1518573760986328,False
54,168,3.649036672044403,0.00032523899790248834,0.1517963409423828,False
55,99,16.41021379624144,0.0003365100019436795,0.1518115997314453,False
56,168,5.374092399264427,0.00036670400004368275,0.1518268585205078,False
57,46,2.0233568114907,0.0003232180024497211,0.1518421173095703,False
58,126,3.764637665637662,0.00033177500154124573,0.15183448791503906,False
59,165,0.10189918780959317,0.00032608000037726015,0.15183448791503906,False
60,177,2.2914927935348715,0.0003160980013490189,0.1517963409423828,False
61,31,13.640383280709193,0.00032095800270326436,0.1518115997314453,False
62,46,10.566672898885116,0.00032720899980631657,0.15183448791503906,False
63,119,0.9588170424460145,0.00032106100115925074,0.1517810821533203,False
64,182,4.08442901480754,0.00043582699800026603,0.1518268585205078,False
65,89,11.86543217256687,0.00033295699904556386,0.1518421173095703,False
66,42,0.5292156076673677,0.0003220809994672891,0.1517963409423828,False
67,46,4.133618569951537,0.0003317560003779363,0.1518573760986328,False
68,99,1.9732927969659002,0.0003219999998691492,0.1517963409423828,False
69,168,1.8533232348144821,0.00032667400228092447,0.15181922912597656,False
70,136,14.242600067958069,0.00032168100005947053,0.1518268585205078,False
71,197,0.321884409456473,0.00035055199987255037,0.15181922912597656,False
72,46,3.645917747543052,0.0003240449987060856,0.1518421173095703,False
73,46,1.6121817500009286,0.0003375039996171836,0.15184974670410156,False
74,99,6.526976181429109,0.00038464700264739804,0.15181922912597656,False
75,177,10.511759125515582,0.00033438299942645244,0.1518115997314453,False
76,31,19.200311021877155,0.00033645800067461096,0.1518115997314453,False
77,182,11.13662701955377,0.0003348720019857865,0.1517963409423828,False
78,99,25.67170561381502,0.0003429610005696304,0.15175819396972656,False
79,99,22.742149925713342,0.0003223790008632932,0.15174293518066406,False
80,132,0.15441803234928386,0.0003713349979079794,0.1518268585205078,False
81,46,7.004446667409439,0.00035243400270701386,0.15184974670410156,False
82,177,2.3767690353625994,0.000333526997565059,0.1518573760986328,False
83,168,0.8546565318491304,0.00032142400232260115,0.15183448791503906,False
84,78,0.5037463965123834,0.0003392979997443035,0.15180397033691406,False
85,74,0.20910197702454525,0.0003300339994893875,0.15188026428222656,False
86,156,4.158309298303763,0.0003309230014565401,0.1518115997314453,False
87,46,4.15117814622252,0.0003265350023866631,0.15183448791503906,False
88,47,0.0017796645826564372,0.0003183779990649782,0.1518421173095703,False
89,168,0.2618896320497157,0.00032153900247067213,0.1518115997314453,False
90,99,10.727165136368141,0.00033142900065286085,0.1518421173095703,False
91,99,5.055051865805396,0.00033014200016623363,0.15181922912597656,False
92,89,9.099414368192896,0.0003317200025776401,0.15184974670410156,False
93,99,18.4514877858723,0.00034279600004083477,0.15181922912597656,False
94,46,16.778961145733078,0.00036065400126972236,0.15183448791503906,False
95,51,6.420123339155893,0.0003262190002715215,0.1518573760986328,False
96,31,1.2278305721370302,0.0003385380005056504,0.1518421173095703,False
97,176,5.86672906392586,0.00034266399961779825,0.1518573760986328,False
98,86,1.7433089188660862,0.00033066699688788503,0.15181922912597656,False
99,182,3.738645628420713,0.00034313799915253185,0.1518115997314453,False
100,89,3.469143334097808,0.00039918699985719286,0.15183448791503906,False
101,46,4.926334590070951,0.00033497100230306387,0.15181922912597656,False
102,51,1.6241475006149102,0.0003350789993419312,0.1518115997314453,False
103,99,2.1223249038609757,0.00032683999961591326,0.1517810821533203,False
104,70,1.0557502056154107,0.00034682399927987717,0.1518115997314453,False
105,46,5.4028707823929665,0.00033745299879228696,0.15181922912597656,False
106,193,0.01175379266756238,0.0003344849974382669,0.15180397033691406,False
107,89,13.400194538483717,0.0004539500005193986,0.1518573760986328,False
108,168,3.013453594382213,0.0003435459984757472,0.1518573760986328,False
109,51,4.067768715960625,0.00033909099875018,0.15183448791503906,False
110,89,8.416303011794724,0.00032242100132862106,0.15183448791503906,False
111,31,7.8238914928622805,0.00033224599974346347,0.15186500549316406,False
112,89,1.462897276191967,0.000320447998092277,0.1518268585205078,False
113,156,1.3839100246439955,0.00032244699832517654,0.15180397033691406,False
114,99,1.7317860363120545,0.00032757299777586013,0.15172767639160156,False
115,89,19.400246853979553,0.0003187850015820004,0.15183448791503906,False
116,99,17.446399455612717,0.00033557400092831813,0.1517505645751953,False
117,182,2.184773816046217,0.00034807200063369237,0.1518573760986328,False
118,89,2.099567489432502,0.0003285829989181366,0.1518421173095703,False
119,51,8.961979609492843,0.00033361299938405864,0.1518421173095703,False
120,144,0.23211880898715265,0.0003377779976290185,0.1518115997314453,False
121,89,10.111705405167285,0.0003229909998481162,0.1518573760986328,False
122,99,10.23563015890845,0.0003256050003983546,0.15175819396972656,False
123,182,2.3671530618477448,0.0003501409992168192,0.15186500549316406,False
124,89,4.725887159969332,0.00033549100044183433,0.1518268585205078,False
125,46,4.771925120430637,0.00032783699862193316,0.1518726348876953,False
126,156,5.392340556166076,0.000327077999827452,0.1517963409423828,False
127,168,3.4098625640812656,0.00032099400050356053,0.15183448791503906,False
128,99,2.501985408366629,0.0003259450022596866,0.15180397033691406,False
129,182,2.1700669509262127,0.00033442199855926447,0.1518115997314453,False
130,89,8.404633130343186,0.00031872699764790013,0.15181922912597656,False
131,89,0.4516325172783695,0.0007836090007913299,0.1518421173095703,False
132,168,9.76818738686569,0.00032059500153991394,0.15183448791503906,False
133,31,2.9499534547208253,0.0003299069976492319,0.1518421173095703,False
134,163,26.10639895519871,0.00033678600084385835,0.1517810821533203,False
135,99,11.869190079982324,0.0003357299974595662,0.1517505645751953,False
136,168,5.741072609197559,0.00032473500323249027,0.15181922912597656,False
137,89,11.26770587301705,0.0003307090009911917,0.15181922912597656,False
138,99,15.12142034886452,0.0003431289987929631,0.1517505645751953,False
139,39,0.014806502592506376,0.00033027799872797914,0.15180397033691406,False
140,99,4.134834467782198,0.0003456980011833366,0.1518115997314453,False
141,89,2.985670414792395,0.00033325099866488017,0.1518268585205078,False
142,182,7.269289814334812,0.00035422300061327405,0.15186500549316406,False
143,99,27.429169894559077,0.0003240980004193261,0.15172767639160156,False
144,89,17.807137051374454,0.0003217839985154569,0.15184974670410156,False
145,173,0.7652154855427149,0.0003303049998066854,0.15175819396972656,False
146,156,1.372542053580176,0.0003365090014995076,0.1518268585205078,False
147,182,2.7227696679927647,0.0003624789969762787,0.15183448791503906,False
148,46,3.4392084946456123,0.0003511830000206828,0.1518726348876953,False
149,182,12.657677432814339,0.0003477460013527889,0.1518115997314453,False
150,89,6.052326684697007,0.0003222859995730687,0.1518421173095703,False
151,99,2.7681332266417535,0.00034944700018968433,0.1518573760986328,False
152,51,8.247026541215504,0.00032176600143429823,0.1518115997314453,False
153,46,11.858458461486151,0.00031986400063033216,0.1518268585205078,False
154,89,19.897350923887757,0.00032149300022865646,0.15184974670410156,False
155,168,0.6928204345868778,0.000360786998498952,0.1518573760986328,False
156,177,5.6336438568616956,0.0003220809994672891,0.1518421173095703,False
157,165,0.27940682362862823,0.0003308000013930723,0.1517658233642578,False
158,99,0.9951601316337486,0.00036053000076208264,0.15188026428222656,False
159,99,30.03295043907247,0.00037466099820449017,0.1517353057861328,False
160,46,1.2140555486200668,0.0003246279993618373,0.15184974670410156,False
161,99,12.7296205270842,0.0003355669978191145,0.1517963409423828,False
162,119,0.17560967192446242,0.00032637999902362935,0.15181922912597656,False
163,176,1.023020350317367,0.0003452220007602591,0.15184974670410156,False
164,89,14.011759599941811,0.000322193001920823,0.1518573760986328,False
165,182,2.3978696636304875,0.00045680599941988476,0.1518268585205078,False
166,175,0.15764614411131106,0.00034369899731245823,0.15184974670410156,False
167,182,5.862200772207572,0.00031904299976304173,0.15181922912597656,False
168,168,1.6853122460552754,0.0003212219999113586,0.15181922912597656,False
169,46,9.300808537836218,0.0003378999972483143,0.1518268585205078,False
170,99,3.4533206925173743,0.00032444799944642,0.1518115997314453,False
171,99,8.852115809978462,0.0003220590006094426,0.15177345275878906,False
172,168,1.8574077056673843,0.00033387900111847557,0.1518268585205078,False
173,156,2.769877883577209,0.00032271099917124957,0.1518115997314453,False
174,99,11.501123593039152,0.0003427199990255758,0.1517810821533203,False
175,99,26.07461425134081,0.00034144799792557023,0.1517658233642578,False
176,184,0.5406090086854114,0.000359756999387173,0.1518878936767578,False
177,31,3.1205679049956885,0.0003358350004418753,0.1518268585205078,False
178,177,8.356334986303096,0.0005707849995815195,0.1517658233642578,False
179,89,2.0881085474443353,0.0003276309980719816,0.15183448791503906,False
180,168,0.9498626915440127,0.0003275849994679447,0.1518268585205078,False
181,168,6.921302569829265,0.0003238099998270627,0.15184974670410156,False
182,46,2.4089556669604235,0.0003181200008839369,0.15181922912597656,False
183,46,6.839330770008317,0.00032982400080072694,0.15186500549316406,False
184,99,7.1470864699323045,0.00034238000080222264,0.1517810821533203,False
185,156,0.1031018742109211,0.0003411449979466852,0.1518421173095703,False
186,168,6.563033995724737,0.00038003999725333415,0.1518421173095703,False
187,89,23.511299695855797,0.0003249610017519444,0.15186500549316406,False
188,182,2.662512445326783,0.0003208599991921801,0.1518115997314453,False
189,99,28.729132780872927,0.00032215100145549513,0.1517810821533203,False
190,89,7.636580561843459,0.0003194470009475481,0.15183448791503906,False
191,99,4.617728805686319,0.0003278949989180546,0.15183448791503906,False
192,99,21.091969151962026,0.00033966500268434174,0.1517658233642578,False
193,89,1.532609335899295,0.0003656170010799542,0.15186500549316406,False
194,89,10.36826337159512,0.0003337160014780238,0.15183448791503906,False
195,182,0.5607663194491579,0.0003189790004398674,0.15181922912597656,False
196,168,3.890126231283176,0.00032888599889702164,0.15181922912597656,False
197,31,0.05201508991259185,0.0003364000003784895,0.15181922912597656,False
198,46,9.354919277629506,0.00039188300070236437,0.15184974670410156,False
199,168,2.640401103228143,0.0003364300027897116,0.15183448791503906,False
200,168,1.752279911718162,0.00035689500145963393,0.1518573760986328,False
201,89,24.692419835635405,0.00033772199822124094,0.1518421173095703,False
202,168,5.021933217811849,0.0003345930017530918,0.15180397033691406,False
203,126,0.6193687364424392,0.0003451390002737753,0.1518573760986328,False
204,168,5.464188723919534,0.00035442599983070977,0.15184974670410156,False
205,99,22.537425213969897,0.00032276499769068323,0.1517810821533203,False
206,89,0.3756160450720216,0.0003662310009531211,0.15184974670410156,False
207,46,0.3031825500372065,0.0003481439998722635,0.1518726348876953,False
208,168,3.076760843214686,0.0003392630023881793,0.15183448791503906,False
209,99,5.077350713055875,0.0003372030005266424,0.15178871154785156,False
210,136,1.6477926772743459,0.0003458889987086877,0.1518268585205078,False
211,46,2.7028110163423094,0.00033630799953243695,0.15184974670410156,False
212,89,0.20955922749367062,0.00034084000071743503,0.15184974670410156,False
213,13,0.8635943579853773,0.0003366880009707529,0.1518421173095703,False
214,99,14.966069579064952,0.000335962999088224,0.15178871154785156,False
215,75,0.6879644055539558,0.0003401769972697366,0.1518421173095703,False
216,46,19.260738029133122,0.00033107699709944427,0.1518421173095703,False
217,182,5.1639336690981565,0.00032276300044031814,0.15177345275878906,False
218,182,9.66642922461945,0.0003392969993001316,0.15180397033691406,False
219,177,4.097781029219426,0.0003510819988150615,0.15183448791503906,False
220,89,4.093495613906299,0.00034071699701598845,0.15186500549316406,False
221,177,2.4797920185814206,0.0003321269978187047,0.15180397033691406,False
222,99,14.681861892584621,0.00032438999915029854,0.15175819396972656,False
223,51,4.297406734531052,0.0003588599975046236,0.15181922912597656,False
224,86,0.38456463243258554,0.0003327150006953161,0.1518726348876953,False
225,89,5.602544397192034,0.00034617699930095114,0.1518573760986328,False
226,182,1.0175885232285111,0.00033773800169001333,0.15181922912597656,False
227,46,6.794416429296632,0.00033957399864448234,0.15183448791503906,False
228,46,2.0895580357232575,0.0003446219998295419,0.15186500549316406,False
229,46,7.436214024324016,0.0003374560001248028,0.1518115997314453,False
230,99,4.900357056742164,0.00033425500078010373,0.15171241760253906,False
231,182,0.3367573866930087,0.0003414269995118957,0.1518268585205078,False
232,89,4.6642425227685465,0.0003249500005040318,0.1518573760986328,False
233,46,0.06381599726130105,0.0003417429979890585,0.1518726348876953,False
234,31,2.5604321907419116,0.0003225759974156972,0.15178871154785156,False
235,89,11.997272020411984,0.00033908600016729906,0.1518421173095703,False
236,168,0.13040085273335933,0.00033090999932028353,0.15180397033691406,False
237,99,20.528930042243452,0.0003346900011820253,0.1517810821533203,False
238,182,2.3501075285516038,0.0005064920005679596,0.15183448791503906,False
239,136,25.845819600718343,0.00032899199868552387,0.1517810821533203,False
240,46,1.0524987775231835,0.00038073899850132875,0.15184974670410156,False
241,26,0.30459390355409255,0.0003256980016885791,0.1518268585205078,False
242,89,5.5508669435059375,0.0003271730020060204,0.1518421173095703,False
243,182,5.504589764288568,0.00032665099934092723,0.1518726348876953,False
244,116,0.07891188745917077,0.00031920299807097763,0.15180397033691406,False
245,136,13.733759224069546,0.0003302529985376168,0.15180397033691406,False
246,89,6.149318602921397,0.0003287680010544136,0.1518268585205078,False
247,156,0.43628921998170256,0.0003352490020915866,0.15181922912597656,False
248,31,10.577275276100437,0.00031653900077799335,0.15178871154785156,False
249,31,13.20579052351718,0.0003507350011204835,0.1518115997314453,False
250,156,3.7494764457115934,0.0003527410008246079,0.15183448791503906,False
251,89,2.6970823502751955,0.00036316600017016754,0.1518268585205078,False
252,31,9.508706334667894,0.0003441119988565333,0.15181922912597656,False
253,99,5.6223540555863325,0.0003327769991301466,0.15181922912597656,False
254,89,4.039404208488463,0.0003381770002306439,0.15188026428222656,False
255,89,0.012465811091928458,0.00034373999733361416,0.15188026428222656,False
256,126,6.919966707217081,0.00035032899904763326,0.15184974670410156,False
257,156,3.563455271332458,0.0003320239993627183,0.1518115997314453,False
258,158,0.0830901940291966,0.0003167999966535717,0.1517505645751953,False
259,168,5.104829069260219,0.00033983100001933053,0.1518421173095703,False
260,70,0.2348906346892079,0.0003383690018381458,0.15181922912597656,False
261,99,23.025988181522656,0.0003364340009284206,0.15181922912597656,False
262,55,1.2082743998994943,0.00032533400008105673,0.15184974670410156,False
263,168,1.9316626074534753,0.00035167999885743484,0.1518421173095703,False
264,31,2.244688884379662,0.00032904599720495753,0.1517963409423828,False
265,89,0.855402660441186,0.0003338030001032166,0.1518268585205078,False
266,46,0.7009704660732865,0.0003259309996792581,0.1518573760986328,False
267,51,6.942834172823851,0.0003322140000818763,0.1518421173095703,False
268,99,0.02467264273105818,0.0003188480004610028,0.15175819396972656,False
269,156,7.022974454559744,0.00032903399915085174,0.15183448791503906,False
270,168,3.1654644588415124,0.00032742500116000883,0.1517963409423828,False
271,177,2.461224319133642,0.0003517699988151435,0.1518268585205078,False
272,99,11.736789294706236,0.0003244930012442637,0.15180397033691406,False
273,168,5.00371633270268,0.0003375039996171836,0.1518268585205078,False
274,182,1.4449309639473569,0.00034016000063274987,0.1518268585205078,False
275,46,9.067508107993788,0.00033714500023052096,0.15184974670410156,False
276,78,0.40320478912285296,0.00033583200274733827,0.15178871154785156,False
277,46,8.34004225336605,0.0003346580015204381,0.1518421173095703,False
278,182,3.484021642954687,0.0003350000006321352,0.15186500549316406,False
279,43,0.03368937425132401,0.000323535998177249,0.15180397033691406,False
280,99,24.819834519828802,0.0003524549974827096,0.1517505645751953,False
281,31,2.399716617600229,0.0003399619999981951,0.15181922912597656,False
282,168,4.265020250815738,0.00032280599771183915,0.15183448791503906,False
283,168,1.1036145573899603,0.0003304010024294257,0.15184974670410156,False
284,46,8.372969997591284,0.0003228130008210428,0.1518115997314453,False
285,168,0.9679527544122521,0.00034738500107778236,0.1518268585205078,False
286,51,5.180626981670045,0.00033237699972232804,0.15180397033691406,False
287,46,1.3070311898895426,0.00036242699934518896,0.15189552307128906,False
288,177,2.468441429355721,0.00033669300319161266,0.1518421173095703,False
289,177,3.888026721084543,0.0003628330014180392,0.15181922912597656,False
290,194,0.18849406926636902,0.00034656999923754483,0.1518421173095703,False
291,168,2.518304956555184,0.0003556140000000596,0.1518421173095703,False
292,168,0.6442359949201801,0.0003441240005486179,0.1518268585205078,False
293,182,0.8579874622781176,0.0003368500001670327,0.15183448791503906,False
294,31,0.8963351361865364,0.00034484400021028705,0.1518421173095703,False
295,99,0.014058904953619916,0.0003506639986881055,0.1517963409423828,False
296,78,1.2498149087838897,0.0003291059983894229,0.1517963409423828,False
297,126,4.453792433563969,0.0006892980018164963,0.15181922912597656,False
298,168,3.064743230753251,0.00047968099897843786,0.1517963409423828,False
299,99,12.555689624781209,0.0003260669982410036,0.15178871154785156,False
300,46,5.930724813648666,0.00032352099879062735,0.1518573760986328,False
301,182,0.07181545619482677,0.0003263100006734021,0.1518115997314453,False
302,182,3.9524662006946585,0.00032342800113838166,0.15184974670410156,False
303,186,0.5950781515150965,0.0003301560027466621,0.15183448791503906,False
304,31,14.90243652160501,0.0003479430015431717,0.1518421173095703,False
305,70,0.33105877776654324,0.00033012999847414903,0.1518421173095703,False
306,99,31.45269277338905,0.0003297750008641742,0.15174293518066406,False
307,46,0.5599082075233213,0.00032522699984838255,0.1518268585205078,False
308,177,4.221501198790364,0.0003272669964644592,0.15183448791503906,False
309,46,5.91781516304809,0.00032745399948908016,0.15183448791503906,False
310,177,1.4592958815445485,0.0003406869982427452,0.1518268585205078,False
311,89,22.457947010230953,0.0003641559997049626,0.15184974670410156,False
312,163,1.7938993561957304,0.0003371070015418809,0.1518573760986328,False
313,168,5.005410846413341,0.00033566199999768287,0.1518421173095703,False
314,99,5.541655319771575,0.0003217329976905603,0.1517810821533203,False
315,99,19.230525170373454,0.00032027899942477234,0.1517353057861328,False
316,99,0.43322634543451244,0.0003329819992359262,0.15181922912597656,False
317,177,2.406699245196805,0.0003192469994246494,0.15180397033691406,False
318,99,4.5231101064063495,0.0003199439997843001,0.1517963409423828,False
319,168,0.8512535500198481,0.00031990400020731613,0.15181922912597656,False
320,46,15.398236868007686,0.00033321199953206815,0.15183448791503906,False
321,136,30.24615916266964,0.0004935959987051319,0.1518115997314453,False
322,100,0.6728520486771998,0.0003434770005696919,0.15181922912597656,False
323,31,5.741688406422767,0.0003348719983478077,0.15181922912597656,False
324,46,5.916982115678323,0.000342823001119541,0.1518421173095703,False
325,46,4.338362540878791,0.0003383629991731141,0.15186500549316406,False
326,168,1.8797496461804144,0.0003424520000407938,0.1518421173095703,False
327,176,0.43522475255181803,0.0003325059988128487,0.15184974670410156,False
328,182,0.3005465473169693,0.0003363920004630927,0.1518421173095703,False
329,89,6.464595709420266,0.000319037997542182,0.1518421173095703,False
330,106,0.835038485013115,0.00032353900314774364,0.15180397033691406,False
331,51,1.1448142291832824,0.00036210899997968227,0.15186500549316406,False
332,134,0.06810881324553009,0.0003227199995308183,0.1518573760986328,False
333,46,1.3056390178757482,0.0003416899999137968,0.15184974670410156,False
334,99,0.5650015268014172,0.0003326619989820756,0.1517963409423828,False
335,46,5.653810152422707,0.0003407969998079352,0.15184974670410156,False
336,46,0.3071426738321037,0.00032171600105357356,0.1518268585205078,False
337,16,0.0980302978246641,0.000333103998855222,0.15186500549316406,False
338,78,0.24300807354070741,0.00033530099972267635,0.1518421173095703,False
339,89,18.53685479974922,0.00032436200126539916,0.15183448791503906,False
340,89,3.600699154696713,0.0003417469997657463,0.1518573760986328,False
341,46,1.9549846251134682,0.00034082800266332924,0.1518421173095703,False
342,168,4.140745369382813,0.00033308999991277233,0.1518115997314453,False
343,46,1.2437322494789385,0.0003244720028305892,0.15188026428222656,False
344,134,0.17496340943864652,0.00032955499773379415,0.1518268585205078,False
345,89,3.2319674304464456,0.0003152169992972631,0.15180397033691406,False
346,99,0.6294372278982756,0.0003322340016893577,0.15183448791503906,False
347,168,4.079452007529298,0.00033420499676140025,0.15186500549316406,False
348,89,21.920653677919688,0.0003316229995107278,0.15186500549316406,False
349,182,0.24425537392221486,0.00032579799881204963,0.15189552307128906,False
350,42,0.07420783617671134,0.0003422499976295512,0.15181922912597656,False
351,99,13.187337079538011,0.0003420899993216153,0.1517810821533203,False
352,99,12.861198921913367,0.00035168400063412264,0.15180397033691406,False
353,182,3.807555214233716,0.0003487210015009623,0.1518268585205078,False
354,89,3.897143171835225,0.0003747449991351459,0.15184974670410156,False
355,99,6.695551254679777,0.0003669870020530652,0.15181922912597656,False
356,168,6.522959774267136,0.0003419249987928197,0.1518268585205078,False
357,89,0.25368753204340067,0.0005662279982061591,0.1518573760986328,False
358,197,0.25280207748647854,0.00034942500133183785,0.1518268585205078,False
359,126,0.4372017053388646,0.00034503800270613283,0.1518268585205078,False
360,89,27.425002066289267,0.0003355570006533526,0.15186500549316406,False
361,106,0.4648100028632882,0.00035298900183988735,0.1517658233642578,False
362,51,5.1953881099560135,0.0003293699992354959,0.1518115997314453,False
363,168,1.9019594393888042,0.0003283629994257353,0.15186500549316406,False
364,89,2.9439149627315686,0.0003357860005053226,0.15183448791503906,False
365,51,5.664745696836704,0.0005087959980301093,0.1518421173095703,False
366,70,1.0388938278356932,0.00034587699701660313,0.1518421173095703,False
367,89,4.842784374055867,0.0003294500020274427,0.1518878936767578,False
368,89,5.541705778700759,0.0003297260009276215,0.1518573760986328,False
369,168,3.1063861286882997,0.00033833199995569885,0.15184974670410156,False
370,168,6.067365247557731,0.0003229789981560316,0.15180397033691406,False
371,89,0.3379106411013595,0.0005391999984567519,0.15183448791503906,False
372,134,2.355256926076919,0.0003424889982852619,0.15181922912597656,False
373,168,3.062750789828044,0.00032636000105412677,0.15183448791503906,False
374,119,0.046327489311408954,0.0003358850008226,0.1518115997314453,False
375,46,3.6701887694257067,0.00033644399809418246,0.1517963409423828,False
376,182,1.414943757872706,0.0003385339987289626,0.15178871154785156,False
377,169,1.0662940079922691,0.00032741899849497713,0.15186500549316406,False
378,46,0.6527491340713993,0.00032364900107495487,0.15184974670410156,False
379,46,13.750486749424198,0.00031999999919207767,0.1517963409423828,False
380,89,4.453938856669737,0.0003995119986939244,0.15184974670410156,False
381,46,1.3730848327959961,0.00034390400105621666,0.1518421173095703,False
382,46,2.4949302600350904,0.00032250599906546995,0.1518573760986328,False
383,99,1.5161118394173698,0.00032772300255601294,0.15181922912597656,False
384,136,0.9741359263805762,0.0003367790013726335,0.1518421173095703,False
385,126,1.658888003682419,0.00033934900056920014,0.15184974670410156,False
386,46,0.675945718788924,0.0003320100004202686,0.1518421173095703,False
387,99,17.403648811168395,0.00033980900116148405,0.1518115997314453,False
388,89,17.551390926535788,0.00034602500090841204,0.1518421173095703,False
389,99,22.373642942599865,0.0003375180021976121,0.1517505645751953,False
390,46,2.4362358633611194,0.0003279770025983453,0.15184974670410156,False
391,89,0.7961703125771322,0.0003281319986854214,0.15183448791503906,False
392,99,17.344393086827033,0.0003306139988126233,0.15177345275878906,False
393,99,15.659191166957132,0.00034970100023201667,0.1517658233642578,False
394,168,4.216708828304576,0.00032260900115943514,0.1518421173095703,False
395,11,0.03209101301160899,0.00047677200200269,0.1517963409423828,False
396,182,1.6536359545854538,0.0003316239999548998,0.15186500549316406,False
397,177,3.496374864685322,0.0003249480032536667,0.15186500549316406,False
398,99,4.214088779147319,0.0003307760016468819,0.15175819396972656,False
399,182,8.866217584364108,0.000324713000736665,0.15181922912597656,False
400,31,3.0276460749769427,0.000346068998624105,0.15178871154785156,False
401,182,0.8333827653640213,0.0003361290000611916,0.15183448791503906,False
402,46,8.953724904406187,0.00033014600194292143,0.15186500549316406,False
403,89,0.6741949173409267,0.00032815699887578376,0.15186500549316406,False
404,168,2.880118365111386,0.000319828002830036,0.1518268585205078,False
405,46,9.49386455327867,0.00032060300145531073,0.15183448791503906,False
406,89,5.121657949177944,0.00032553300115978345,0.1518268585205078,False
407,46,9.71863863514723,0.0003271040004619863,0.1518115997314453,False
408,97,0.03488111178498343,0.000324791999446461,0.15178871154785156,False
409,89,10.177868650653295,0.0003319489987916313,0.1518268585205078,False
410,89,1.128602915884514,0.00033530899963807315,0.1518421173095703,False
411,168,3.0355352964383115,0.000339087000611471,0.15186500549316406,False
412,51,7.597678570163602,0.0003393000006326474,0.1518573760986328,False
413,163,46.29149666121766,0.0003194739983882755,0.15174293518066406,False
414,168,0.673718228193465,0.0003317459995741956,0.1518421173095703,False
415,163,21.755317190056832,0.0003363389987498522,0.1517505645751953,False
416,126,1.6506048689648978,0.0003441620028752368,0.15180397033691406,False
417,168,0.4330046184834373,0.000344279997079866,0.15186500549316406,False
418,49,1.4730554039910615,0.00033950500073842704,0.15184974670410156,False
419,99,3.939120268173614,0.0003250800000387244,0.1518115997314453,False
420,46,13.744196008790624,0.0003337859998282511,0.15180397033691406,False
421,89,12.230248364456543,0.00033383600020897575,0.1518421173095703,False
422,51,3.054896999019661,0.0003409729979466647,0.15183448791503906,False
423,99,4.913961534427733,0.00034282200067536905,0.1518268585205078,False
424,182,4.4600789983730635,0.00032643099984852597,0.15188026428222656,False
425,89,21.52441761461283,0.0003320620016893372,0.15184974670410156,False
426,55,3.00282255035593,0.0003246240012231283,0.15183448791503906,False
427,177,2.5195915474805446,0.0003293060035503004,0.15181922912597656,False
428,55,0.2306133383432183,0.0003433009987929836,0.1518421173095703,False
429,168,1.7027429815073418,0.0003371460006746929,0.15180397033691406,False
430,46,5.474371312651883,0.0003445050024311058,0.15186500549316406,False
431,168,5.235701035241277,0.0003440180007601157,0.15183448791503906,False
432,46,6.517428476722387,0.0003237250020902138,0.15184974670410156,False
433,168,0.2373940918402866,0.0003307469996798318,0.1518268585205078,False
434,99,0.19696821885120386,0.0003261700003349688,0.1517810821533203,False
435,182,1.5187877082043144,0.0003372759965714067,0.1518421173095703,False
436,89,6.204410611193509,0.0003264210026827641,0.15183448791503906,False
437,177,5.957067199756381,0.00036839200038230047,0.15181922912597656,False
438,99,0.25832055402452136,0.0003394009982002899,0.1518268585205078,False
439,168,11.756544946632673,0.000335848999384325,0.1518268585205078,False
440,99,3.6008368344120996,0.00039355800254270434,0.15180397033691406,False
441,168,1.8119217564713352,0.0003546579973772168,0.15183448791503906,False
442,89,22.94927994099902,0.0003348990030644927,0.15184974670410156,False
443,136,9.363209855965488,0.00032769300014479086,0.15180397033691406,False
444,168,2.4175664227703066,0.00033267099934164435,0.1518268585205078,False
445,99,8.007649185141819,0.00032859899874893017,0.15178871154785156,False
446,182,4.991563468725431,0.0003256700001657009,0.15183448791503906,False
447,177,2.5883578323871603,0.0003243269966333173,0.15181922912597656,False
448,99,5.460625123574339,0.0003712450015882496,0.15181922912597656,False
449,121,0.1749609734624329,0.00034242900073877536,0.15180397033691406,False
450,39,2.3457003250094814,0.00033197199809364974,0.1517810821533203,False
451,99,8.31315954193713,0.0003942849980376195,0.15171241760253906,False
452,168,5.964654924981161,0.0003314690002298448,0.1518115997314453,False
453,89,10.277617860773645,0.0003513669980748091,0.1518421173095703,False
454,168,5.545514753612977,0.0003631170002336148,0.1518421173095703,False
455,55,1.3087374616837337,0.0007883520011091605,0.15181922912597656,False
456,89,31.272650890167355,0.00033697499748086557,0.1518421173095703,False
457,99,15.39916236624487,0.0003421639994485304,0.15181922912597656,False
458,168,0.984301298309191,0.0003727000002982095,0.15181922912597656,False
459,168,3.9356328358180974,0.00033363399779773317,0.15184974670410156,False
460,168,4.252037771220628,0.0003284680024080444,0.1518268585205078,False
461,99,19.30281148187806,0.00033207100204890594,0.1517963409423828,False
462,89,2.0181757733628274,0.00033422699925722554,0.15186500549316406,False
463,168,0.41084233138771253,0.00032343199927709065,0.15181922912597656,False
464,42,0.1595542720030778,0.00033660599729046226,0.15177345275878906,False
465,182,0.7982761820947246,0.000337341996782925,0.15183448791503906,False
466,99,16.358912813831967,0.00037134599915589206,0.1517963409423828,False
467,89,3.641408023586692,0.00033582799733267166,0.15184974670410156,False
468,46,0.8866247564324112,0.0003944000018236693,0.15184974670410156,False
469,168,3.782415979056438,0.0003371279999555554,0.1518421173095703,False
470,182,2.3938410201657945,0.0003440330001467373,0.15184974670410156,False
471,182,2.511987487796972,0.0003391940008441452,0.15181922912597656,False
472,177,1.7968142991886822,0.00033853299828479066,0.15181922912597656,False
473,46,0.7543281474112149,0.0003376420027052518,0.1518421173095703,False
474,168,6.424378798301632,0.0003421670007810462,0.1518268585205078,False
475,31,7.767054482351396,0.00032647900297888555,0.15180397033691406,False
476,156,1.0345554964090553,0.0003362099996593315,0.1518268585205078,False
477,168,2.3421197354693675,0.00032837199978530407,0.15181922912597656,False
478,99,0.27819866605588217,0.00032464199830428697,0.1517810821533203,False
479,89,9.77654851773093,0.000333178999426309,0.15183448791503906,False
480,89,1.4820845636946558,0.00033513900052639656,0.15184974670410156,False
481,46,7.246620572327089,0.0003355250009917654,0.1517963409423828,False
482,158,1.7150160673094206,0.0003381489987077657,0.1518115997314453,False
483,89,0.10259925406273851,0.00033940399953280576,0.15183448791503906,False
484,70,0.26376448556675314,0.0003480569976090919,0.1518421173095703,False
485,46,0.858940518748895,0.00032664299942553043,0.15186500549316406,False
486,126,1.9506321520769605,0.00032575799923506565,0.1517505645751953,False
487,168,10.794494548648828,0.0003415399987716228,0.15181922912597656,False
488,46,6.904462283648925,0.0003398430017114151,0.1518573760986328,False
489,46,10.56976951666104,0.0003228599998692516,0.15184974670410156,False
490,51,1.602080861973306,0.00032785300209070556,0.15183448791503906,False
491,182,1.6446596470640316,0.00034106699968106113,0.15186500549316406,False
492,46,3.7868221832313793,0.0003298939991509542,0.1518573760986328,False
493,46,1.1489060715230295,0.00035258400021120906,0.1518421173095703,False
494,46,16.298487379036246,0.00033461000202805735,0.1518268585205078,False
495,99,1.753848393418144,0.0003307759980089031,0.1517658233642578,False
496,99,21.151786203901995,0.00033872499989229254,0.15186500549316406,False
497,99,0.6033022209522869,0.00032872600058908574,0.1518268585205078,False
498,31,30.182314698576725,0.0003193949996784795,0.15180397033691406,False
499,104,0.36464313299640594,0.00032396499955211766,0.15181922912597656,False
500,51,2.6441318381448866,0.00032244899921352044,0.1518268585205078,False
501,112,0.020228952296477587,0.0003349270009493921,0.15184974670410156,False
502,46,2.2745776682084653,0.0004239010013407096,0.15184974670410156,False
503,99,20.71351691734273,0.0003260689991293475,0.15180397033691406,False
504,99,28.238723722717552,0.00032818500039866194,0.1517658233642578,False
505,89,11.41928365141743,0.00033773199902498163,0.1518878936767578,False
506,168,9.05719321772905,0.00034354899980826303,0.1518268585205078,False
507,89,25.325018786475894,0.0003389850025996566,0.15186500549316406,False
508,99,6.553209695859465,0.0003212310002709273,0.1518268585205078,False
509,182,7.66875857034978,0.000359645997377811,0.1518421173095703,False
510,89,0.741869728877333,0.0003484439985186327,0.15183448791503906,False
511,99,1.6437420355797343,0.0003620019997470081,0.15180397033691406,False
512,46,0.10647649465256848,0.0003482100000837818,0.15184974670410156,False
513,89,4.055540982990777,0.0003375550004420802,0.15184974670410156,False
514,89,11.148657134911133,0.00033180600075866096,0.1518421173095703,False
515,31,14.360321088654873,0.0003391540012671612,0.15177345275878906,False
516,168,10.00888880780073,0.0003514259988151025,0.15186500549316406,False
517,51,1.9685349823495955,0.0003422369991312735,0.1518726348876953,False
518,168,1.8040485076085417,0.0007154149971029256,0.1518268585205078,False
519,130,0.056166282068009124,0.0003325159996165894,0.1517658233642578,False
520,89,6.336005554590372,0.00032523499976377934,0.1518573760986328,False
521,99,3.9671240915621997,0.0003656879998743534,0.1518115997314453,False
522,130,0.43099260179721455,0.00033769400033634156,0.1517658233642578,False
523,156,0.13031790495520568,0.00031706200024927966,0.1517658233642578,False
524,89,5.53561859513448,0.00034822199813788757,0.15181922912597656,False
525,99,28.66797289967712,0.00033342099777655676,0.1517658233642578,False
526,89,17.066575061816508,0.00034521500128903426,0.1518421173095703,False
527,99,18.475437706452567,0.0003237839991925284,0.1517658233642578,False
528,51,1.9170524480719422,0.00032514999838895164,0.1518115997314453,False
529,156,0.04499689975638432,0.00033327699929941446,0.15178871154785156,False
530,168,4.765533256635365,0.00033258199982810766,0.15180397033691406,False
531,99,29.759977640524482,0.0003318550006952137,0.15177345275878906,False
532,99,15.732802016661372,0.000328674002957996,0.15177345275878906,False
533,89,3.8338604903910323,0.000322808999044355,0.15183448791503906,False
534,89,17.79195642502289,0.00034760199923766777,0.1518726348876953,False
535,89,12.309370527160752,0.0003430440010561142,0.1518421173095703,False
536,89,10.663370733723028,0.0003448409988777712,0.15180397033691406,False
537,182,4.964552097219695,0.0003236050033592619,0.15184974670410156,False
538,46,0.4385394285516213,0.00031840299925534055,0.1518115997314453,False
539,182,2.5855760272338557,0.0003415540013520513,0.1518421173095703,False
540,89,1.5777515392072843,0.00032215700048254803,0.1518421173095703,False
541,51,1.8217021665120825,0.0003379929985385388,0.1518268585205078,False
542,177,0.22627008932609272,0.00031916300213197246,0.15180397033691406,False
543,99,9.92300903539952,0.0003208029993402306,0.1517505645751953,False
544,46,5.718816166469537,0.0003348159989400301,0.15178871154785156,False
545,46,0.1847687796550872,0.00032039099824032746,0.15181922912597656,False
546,78,0.19676019068091932,0.0003388599980098661,0.15183448791503906,False
547,89,9.615591671021605,0.00035239100179751404,0.15184974670410156,False
548,31,2.1874525286646005,0.0003490650015010033,0.15183448791503906,False
549,137,0.050886699072776764,0.0003439780011831317,0.15183448791503906,False
550,55,1.0263954585726793,0.0003499529993860051,0.1518268585205078,False
551,51,1.0121555501746826,0.00032331799957319163,0.15178871154785156,False
552,55,0.6967888773398414,0.0003385740019439254,0.15181922912597656,False
553,31,1.3885544138784658,0.0003415259998291731,0.15177345275878906,False
554,37,0.021745843685072153,0.0003409529999771621,0.1518115997314453,False
555,31,6.881873416925255,0.00032151699997484684,0.15174293518066406,False
556,136,29.456250611881487,0.0003370240010553971,0.1518115997314453,False
557,182,0.5093448586691522,0.00035527600266505033,0.15180397033691406,False
558,89,23.511842205256173,0.0003286179999122396,0.15183448791503906,False
559,51,8.478133146778447,0.0003430219985602889,0.15181922912597656,False
560,168,0.2566970397904669,0.0003400249988771975,0.1518573760986328,False
561,99,2.330864935431726,0.0003417049993004184,0.1518268585205078,False
562,89,1.0697772964686152,0.0003265270024712663,0.1518573760986328,False
563,99,8.362795319605674,0.0003265880004619248,0.1517810821533203,False
564,163,0.5565920657230765,0.0003283039986854419,0.1517810821533203,False
565,46,1.505191254529123,0.00035164200016879477,0.15186500549316406,False
566,89,8.960083816311325,0.00034228100048494525,0.1518421173095703,False
567,46,4.972478526973518,0.0003225250002287794,0.1518421173095703,False
568,42,0.31065405289825776,0.00032845299938344397,0.1517810821533203,False
569,89,1.0800464818563285,0.00036161599928163923,0.1518573760986328,False
570,89,20.19534869344008,0.0003347689998918213,0.15184974670410156,False
571,99,15.798873417124641,0.0003299980016890913,0.15177345275878906,False
572,89,2.1666933553030674,0.0003582030003599357,0.1518573760986328,False
573,38,0.11209484384708901,0.0003436410006543156,0.1517963409423828,False
574,168,7.416857495639476,0.0003458159990259446,0.15186500549316406,False
575,182,2.510716928072952,0.0003285179991507903,0.1518115997314453,False
576,46,5.104684676571949,0.000355559001036454,0.1518573760986328,False
577,182,3.04487326958386,0.00032882300001801923,0.15183448791503906,False
578,31,2.981292698199404,0.0003322299999126699,0.1518115997314453,False
579,182,5.978370184748073,0.000328030000673607,0.1518421173095703,False
580,168,2.2351313508106756,0.0003244420004193671,0.15183448791503906,False
581,99,19.82894261369337,0.00034112199864466675,0.15178871154785156,False
582,168,2.8907320576184787,0.000321391002216842,0.15180397033691406,False
583,177,0.9253303004566078,0.00032302700128639117,0.1518421173095703,False
584,46,0.6888677512970958,0.00040684800114831887,0.15186500549316406,False
585,46,4.126596335150623,0.0003439639986027032,0.1518421173095703,False
586,89,6.520484787130499,0.00034559000050649047,0.1518421173095703,False
587,136,0.7683268777939394,0.00033064500166801736,0.15184974670410156,False
588,55,0.9427401856560351,0.00032020199796534143,0.1518115997314453,False
589,46,1.1866251622008122,0.0003411739999137353,0.15183448791503906,False
590,168,4.522593477560534,0.0003306090002297424,0.1518115997314453,False
591,46,2.236295206422284,0.00034602699815877713,0.1518115997314453,False
592,177,5.447941116854302,0.00032043499959399924,0.1518115997314453,False
593,89,9.345067217426447,0.000327993999235332,0.15183448791503906,False
594,99,20.453155261782324,0.0003275140006735455,0.1517810821533203,False
595,89,17.526769972291063,0.00032357000236515887,0.1518421173095703,False
596,51,0.9636082946031905,0.00033175699718412943,0.1518421173095703,False
597,99,1.5146709883973986,0.0003449750001891516,0.15186500549316406,False
598,51,0.9127436820144368,0.0003347189995110966,0.1518268585205078,False
599,89,4.1507652672595725,0.0003276269999332726,0.15184974670410156,False
600,168,3.44906490691929,0.0003287699983047787,0.1518268585205078,False
601,31,3.8827054328661106,0.0003370080012246035,0.1518268585205078,False
602,55,0.5587914572549693,0.0003271829991717823,0.15183448791503906,False
603,168,0.9945053096136292,0.00033550599982845597,0.1518421173095703,False
604,99,1.8078241110187268,0.0003285909988335334,0.15184974670410156,False
605,136,7.716231360934527,0.0003318679991934914,0.15183448791503906,False
606,31,28.212361515707805,0.00035148599999956787,0.15183448791503906,False
607,89,11.35491513601508,0.00033157200232381,0.1518115997314453,False
608,46,0.3269481620097707,0.0003344549986650236,0.15184974670410156,False
609,117,0.005242687193216966,0.0003219999998691492,0.15178871154785156,False
610,99,19.780502248420845,0.0003437509985815268,0.1517810821533203,False
611,193,1.5830124988810468,0.00032331400143448263,0.1518115997314453,False
612,89,17.789968686919764,0.00033704100133036263,0.1518421173095703,False
613,46,1.2646901182981907,0.00032626200118102133,0.1518573760986328,False
614,89,4.652719453060001,0.00034361600046395324,0.1518421173095703,False
615,99,15.252843479016459,0.0003315539979666937,0.1518115997314453,False
616,89,10.262694273787545,0.00034051599868689664,0.1518421173095703,False
617,99,10.122050794545576,0.00033199400058947504,0.15180397033691406,False
618,99,17.33794111403199,0.0003813620023720432,0.15174293518066406,False
619,168,0.8407549101269467,0.00034686399885686114,0.1518421173095703,False
620,31,3.1170171362391397,0.00033493199953227304,0.1518115997314453,False
621,126,2.1956971886168195,0.00032428099802928045,0.1517505645751953,False
622,168,4.160997175918396,0.0003327769991301466,0.15183448791503906,False
623,51,3.009755197925273,0.0003313390006951522,0.1518421173095703,False
624,31,12.054508864568382,0.0003293529989605304,0.15183448791503906,False
625,99,9.827604308924967,0.00034724299985100515,0.15178871154785156,False
626,168,5.770522754054241,0.00033415999860153534,0.1518268585205078,False
627,168,1.5171897802723322,0.00033281500145676546,0.15181922912597656,False
628,99,4.1965352290130085,0.00033016300221788697,0.1517963409423828,False
629,182,1.3006336157128828,0.0003396779975446407,0.1518268585205078,False
630,99,8.032224033124205,0.000329482998495223,0.1517658233642578,False
631,31,4.076539747641824,0.00031963900255504996,0.1518421173095703,False
632,99,0.2269884628874408,0.0003698959990288131,0.15186500549316406,False
633,31,1.0742445138096668,0.0003352719977556262,0.15178871154785156,False
634,168,1.4626448875623481,0.00033979700310737826,0.1518268585205078,False
635,168,8.091301027672728,0.0003343799980939366,0.15183448791503906,False
636,46,2.6762374601877923,0.00034982399665750563,0.1518726348876953,False
637,89,9.400668578357326,0.00032318699959432706,0.1518115997314453,False
638,168,2.764557839593593,0.0003371559978404548,0.1518573760986328,False
639,168,1.681974769218101,0.0003537839984346647,0.15184974670410156,False
640,156,11.106313043600522,0.00032546999864280224,0.15183448791503906,False
641,106,0.2555023364341906,0.0003382299983059056,0.1517963409423828,False
642,42,0.3144770446280347,0.00032205000024987385,0.1517658233642578,False
643,168,2.3096466920039234,0.00032421200012322515,0.1518268585205078,False
644,99,3.5492903461275844,0.00033599599919398315,0.1518115997314453,False
645,46,23.506373823278523,0.0003419800013944041,0.15181922912597656,False
646,168,5.679624459801687,0.0003255400006310083,0.15184974670410156,False
647,8,0.31471527562514723,0.00036565600021276623,0.15184974670410156,False
648,165,3.65191822972812,0.00033941799847525544,0.1517658233642578,False
649,168,3.3984591811167775,0.000331762003042968,0.1518115997314453,False
650,175,0.21511849063143984,0.00031932500132825226,0.15180397033691406,False
651,168,11.166191184356848,0.00031831199885345995,0.15178871154785156,False
652,78,0.24950459741853592,0.00036708900006487966,0.1518421173095703,False
653,46,8.09215257005053,0.00033501900179544464,0.1518421173095703,False
654,99,15.495107117637993,0.0003254129987908527,0.15178871154785156,False
655,139,25.53338845618036,0.00033793900001910515,0.15175819396972656,False
656,168,2.9578922290912715,0.0003319609968457371,0.1518726348876953,False
657,89,13.59154994025684,0.0003635159991972614,0.15186500549316406,False
658,58,0.4612834720315959,0.00034614499963936396,0.15183448791503906,False
659,89,4.571675380194947,0.0003234899995732121,0.1518268585205078,False
660,168,0.07472111911786783,0.00032311000177287497,0.15184974670410156,False
661,168,8.328551254252005,0.00033340400113957003,0.1518268585205078,False
662,38,0.2752265840678234,0.0003329840001242701,0.15181922912597656,False
663,75,1.629878510037429,0.00036033200012752786,0.15184974670410156,False
664,89,18.342128901476684,0.00032997200105455704,0.15184974670410156,False
665,168,0.2204319705767972,0.0003345969998918008,0.1518115997314453,False
666,89,7.491971377843456,0.0003321049989608582,0.15184974670410156,False
667,168,1.4335278639403128,0.00034638199940673076,0.1518268585205078,False
668,158,1.6041170557441973,0.0003217430021322798,0.15180397033691406,False
669,51,3.272192627315121,0.00034639799923752435,0.1518421173095703,False
670,99,11.032642748563086,0.0003544289975252468,0.15180397033691406,False
671,46,1.666237362817057,0.00034039899765048176,0.15183448791503906,False
672,51,0.07820171929952835,0.00033422500200686045,0.1518115997314453,False
673,99,0.18863957925384334,0.00032416500107501633,0.1517963409423828,False
674,89,4.959645220851286,0.0003435770013311412,0.15184974670410156,False
675,78,0.07036176705142339,0.00033378700027242303,0.1518421173095703,False
676,134,1.065535948593734,0.00033717699989210814,0.15183448791503906,False
677,99,24.16667539305622,0.0003413280028325971,0.1518115997314453,False
678,99,14.815544597677981,0.00033422900014556944,0.15174293518066406,False
679,177,7.072365521537705,0.00033490999703644775,0.15181922912597656,False
680,99,18.136601994774303,0.00033833399720606394,0.15177345275878906,False
681,49,0.6876049120357095,0.00032999000177369453,0.1518421173095703,False
682,182,1.7181266930557797,0.00033306199838989414,0.15186500549316406,False
683,99,1.4964147969496713,0.0003347569981997367,0.1518421173095703,False
684,89,25.723836575554742,0.00033694200101308525,0.15183448791503906,False
685,177,9.213451391990716,0.0003243200008000713,0.15183448791503906,False
686,177,0.24853903334080485,0.00032567100060987286,0.15180397033691406,False
687,78,0.42093878853667377,0.00032257500060950406,0.1518421173095703,False
688,89,6.753180965670964,0.0003349530015839264,0.1518573760986328,False
689,99,13.57119774686555,0.00036918800105922855,0.1517658233642578,False
690,89,5.324346680851278,0.0003731539982254617,0.1518421173095703,False
691,89,37.76522107342609,0.00033798799995565787,0.1518421173095703,False
692,182,6.104257856122899,0.0003443989990046248,0.1518421173095703,False
693,106,0.36628676785232983,0.00035378100074012764,0.15184974670410156,False
694,99,29.548773295729312,0.0003346880002936814,0.15178871154785156,False
695,99,6.843837192771359,0.0003535680007189512,0.1517963409423828,False
696,46,6.922997912140872,0.0003821540012722835,0.1518573760986328,False
697,168,7.172729780488581,0.00032511100289411843,0.15183448791503906,False
698,78,0.03570164052071334,0.00031568399936077185,0.1517810821533203,False
699,51,3.7869994768505535,0.0003503890002320986,0.1518115997314453,False
700,51,1.5319980384247742,0.00032636600008117966,0.1518268585205078,False
701,89,9.644151562052599,0.00034528600008343346,0.15181922912597656,False
702,156,0.1842658601620002,0.00032559000101173297,0.15181922912597656,False
703,99,8.941105252245997,0.0003222660016035661,0.1517810821533203,False
704,99,14.519038896314548,0.0003341550000186544,0.1517505645751953,False
705,46,1.8792684877955281,0.0003167729992128443,0.1518115997314453,False
706,168,2.2932236080163193,0.00038727900027879514,0.1518268585205078,False
707,99,15.82785202808813,0.00036528399868984707,0.1518115997314453,False
708,177,3.9597043446452176,0.00033068900302168913,0.15184974670410156,False
709,89,20.024707091393267,0.00032970500251394697,0.15184974670410156,False
710,99,13.18376106896629,0.00032870599898160435,0.1517658233642578,False
711,177,2.075584644682337,0.00033188699671882205,0.1517658233642578,False
712,99,7.165365381127758,0.0003443869973125402,0.15175819396972656,False
713,89,8.13938448090687,0.0003374209991306998,0.15184974670410156,False
714,156,3.686440422773444,0.00032057499993243255,0.15178871154785156,False
715,176,0.2104477920696297,0.00033522999729029834,0.15180397033691406,False
716,168,2.0858839772947846,0.00032715799898141995,0.1518268585205078,False
717,168,0.44269027675333916,0.00034377399788354523,0.1518573760986328,False
718,78,1.037147337260592,0.00031827299972064793,0.1517963409423828,False
719,156,12.913289920666642,0.00035857299735653214,0.1518115997314453,False
720,177,2.0116940906993364,0.0003251490015827585,0.1518115997314453,False
721,176,0.504608461134282,0.00034490699908928946,0.1518421173095703,False
722,163,0.12486904677592747,0.00032608600304229185,0.1517810821533203,False
723,168,1.7215933396528413,0.00035893999665859155,0.15183448791503906,False
724,46,0.7144878054832873,0.0003217269986635074,0.1518421173095703,False
725,99,22.400987590776943,0.00033874899963848293,0.15175819396972656,False
726,51,1.058788841791099,0.00043581699719652534,0.15180397033691406,False
727,177,3.0965243159426095,0.00033969200012506917,0.15184974670410156,False
728,182,8.577594669022886,0.0003352860003360547,0.15186500549316406,False
729,177,0.335198812552818,0.0003437220002524555,0.15181922912597656,False
730,89,2.598036448718034,0.0003512229995976668,0.15184974670410156,False
731,99,7.91673000200007,0.0003352899984747637,0.15181922912597656,False
732,99,17.604882459800443,0.0003276730021752883,0.15178871154785156,False
733,46,9.822180398073513,0.0003285169987066183,0.1518268585205078,False
734,126,0.14051614405077117,0.0003376790009497199,0.15181922912597656,False
735,89,13.446515620919683,0.0003315640024084132,0.15184974670410156,False
736,99,0.1378843462490824,0.0003364650001458358,0.15175819396972656,False
737,99,15.126942188230785,0.00032768300297902897,0.15178871154785156,False
738,46,7.010667517235717,0.0003587300016079098,0.1518726348876953,False
739,182,1.287463540231684,0.00035142100023222156,0.15184974670410156,False
740,89,10.733963067019886,0.0003346129997225944,0.15184974670410156,False
741,168,4.497016075997919,0.00034473699997761287,0.15183448791503906,False
742,158,0.17795035810203785,0.00033292800071649253,0.1517505645751953,False
743,168,10.511840637977585,0.0003470679985184688,0.15184974670410156,False
744,42,0.008793868179353126,0.0003627949990914203,0.15180397033691406,False
745,163,27.200772532487868,0.0003352270032337401,0.1518268585205078,False
746,197,1.9446220788898998,0.0003251939997426234,0.1517963409423828,False
747,78,0.5101871295302374,0.00034331999995629303,0.1517810821533203,False
748,168,6.274072258969227,0.0003442470006120857,0.15183448791503906,False
749,51,0.16714913834213974,0.00033212400012416765,0.1518115997314453,False
750,182,8.111241458868264,0.0003252579990657978,0.1518115997314453,False
751,151,0.06010561582154139,0.0004219050024403259,0.15181922912597656,False
752,136,22.840198614061457,0.00031858500005910173,0.15181922912597656,False
753,99,8.286827122383194,0.00033067899857996963,0.15180397033691406,False
754,89,18.03228714756456,0.00035734100310946815,0.15184974670410156,False
755,46,0.5888644158713561,0.0003318469971418381,0.15186500549316406,False
756,99,6.608430256491515,0.0003226349981559906,0.1517658233642578,False
757,31,3.1415507351935332,0.00033218099997611716,0.1517963409423828,False
758,99,4.995728407023378,0.0003331160005473066,0.15180397033691406,False
759,182,6.538567369915526,0.0003264820006734226,0.15184974670410156,False
760,99,14.692779118454963,0.00032002200168790296,0.1517658233642578,False
761,46,7.843680043439349,0.00036525699761114083,0.1518573760986328,False
762,31,0.6934596407766698,0.00032533400008105673,0.15171241760253906,False
763,99,5.47855461941214,0.00034992599830729887,0.1518421173095703,False
764,182,2.700945862586167,0.00036292299773776904,0.15184974670410156,False
765,99,1.9683920373967823,0.0003294689995527733,0.15180397033691406,False
766,168,5.501369998403803,0.00032976600050460547,0.1518421173095703,False
767,39,7.488696321085001,0.0003248940010962542,0.1518421173095703,False
768,46,7.986924250067901,0.000336797002091771,0.15186500549316406,False
769,51,1.3050157123574024,0.00033403099951101467,0.15180397033691406,False
770,99,0.46746568023235113,0.000326387002132833,0.1518115997314453,False
771,177,14.304280861797182,0.0003198100021108985,0.15181922912597656,False
772,46,1.5130701215415883,0.00033851400075946003,0.15188026428222656,False
773,126,0.6286318880222126,0.00034794999737641774,0.15186500549316406,False
774,78,1.10186385328727,0.00032360599652747624,0.15184974670410156,False
775,163,23.71075887131639,0.00031733099967823364,0.1517505645751953,False
776,168,6.00902556117434,0.00033507400075905025,0.15184974670410156,False
777,182,0.222041765498048,0.0003264639999542851,0.15183448791503906,False
778,99,1.4461579969234855,0.0003676920023281127,0.15180397033691406,False
779,89,6.337860039447719,0.00032249799915007316,0.15181922912597656,False
780,99,11.508696257968186,0.00032709899824112654,0.1517810821533203,False
781,168,4.129191400457643,0.00033031700149876997,0.1518268585205078,False
782,42,1.2685764054332367,0.00031842300086282194,0.15175819396972656,False
783,99,10.168001270419452,0.0003353339998284355,0.15180397033691406,False
784,182,5.211777955659841,0.00032902000020840205,0.15181922912597656,False
785,177,4.734221279575593,0.00031889300225884654,0.1518421173095703,False
786,89,2.5545684094907415,0.000331923998601269,0.15183448791503906,False
787,89,0.9927638231211802,0.000347894001606619,0.15184974670410156,False
788,142,0.6104679268714079,0.00035361500340513885,0.1518421173095703,False
789,182,1.9775549572349007,0.0003357999994477723,0.1518268585205078,False
790,96,0.25478259657126046,0.0003246569976909086,0.1518115997314453,False
791,99,7.747230700583018,0.0003926860008505173,0.1517963409423828,False
792,20,0.1262763408042673,0.00034108799809473567,0.1517353057861328,False
793,78,2.6985989254163343,0.00033816800350905396,0.1518573760986328,False
794,168,3.2006621187461377,0.00033679199987091124,0.1518268585205078,False
795,46,4.794421295701838,0.00033241200071643107,0.1518268585205078,False
796,89,2.2122562757828064,0.0003538589990057517,0.1518421173095703,False
797,55,2.718034688753761,0.0003238969984522555,0.15183448791503906,False
798,33,0.15482872360558986,0.00032792199999676086,0.1518421173095703,False
799,99,12.398178980983053,0.00039263399958144873,0.15177345275878906,False
800,182,2.1466295118617467,0.0003509560010570567,0.1518573760986328,False
801,89,19.169270960881562,0.00040393599920207635,0.15186500549316406,False
802,99,11.679733157332146,0.00033785000050556846,0.1517963409423828,False
803,168,6.52547588613281,0.0003238889985368587,0.1518115997314453,False
804,31,1.7284058625575707,0.00033362299654982053,0.1517963409423828,False
805,182,10.376005919451131,0.00032939300217549317,0.15178871154785156,False
806,182,6.298670899943787,0.0003465749978204258,0.1518573760986328,False
807,89,9.774559457649872,0.0003283990008640103,0.1518421173095703,False
808,78,2.848036004501097,0.00032485799965797924,0.15184974670410156,False
809,99,4.012925194325966,0.00035649200071929954,0.15180397033691406,False
810,182,1.0293636094594234,0.0003548870008671656,0.1518573760986328,False
811,177,1.4128530791515317,0.0003402539987291675,0.1518115997314453,False
812,51,15.718622536776763,0.0003220110011170618,0.1517963409423828,False
813,136,13.384008915932087,0.00033255599919357337,0.1518268585205078,False
814,176,1.8166833282325001,0.0003199400016455911,0.15183448791503906,False
815,46,1.264600532806952,0.0003395019994059112,0.15183448791503906,False
816,168,2.649736986222109,0.00032141200063051656,0.15181922912597656,False
817,182,0.7848105994491448,0.00035464599932311103,0.1518268585205078,False
818,46,2.0379080952702964,0.0003632379994087387,0.15184974670410156,False
819,31,9.460790433186538,0.0003409329983696807,0.1517963409423828,False
820,168,2.0806776372562013,0.00033033100044121966,0.15184974670410156,False
821,99,4.265500671374198,0.00036131600063527003,0.1517963409423828,False
822,89,16.591432083683628,0.00034601100196596235,0.15186500549316406,False
823,99,17.72248288575503,0.00034824599788407795,0.1517505645751953,False
824,51,0.35382481660283815,0.00032152499989024363,0.15181922912597656,False
825,176,0.8443424368539354,0.00032553100027143955,0.15178871154785156,False
826,89,1.4272719138880205,0.00034666599822230637,0.1518726348876953,False
827,46,2.332078323795912,0.000323070002195891,0.1518268585205078,False
828,31,1.967037826542116,0.0003297910006949678,0.1517963409423828,False
829,51,4.509606992564983,0.0003560069999366533,0.15181922912597656,False
830,177,4.72722683783401,0.0003238220015191473,0.15184974670410156,False
831,168,0.23772915478467382,0.00033173499832628295,0.1518421173095703,False
832,89,2.0485409387172098,0.000342786999681266,0.15186500549316406,False
833,89,12.951242934074365,0.0003233919997001067,0.15181922912597656,False
834,31,7.6437279238833025,0.00035268899955553934,0.1518115997314453,False
835,99,8.473668124144206,0.0003479430015431717,0.1517963409423828,False
836,51,5.775413556700528,0.0003309540006739553,0.1518421173095703,False
837,99,14.215442186198404,0.00034324099760851823,0.15175819396972656,False
838,89,24.715868526897793,0.00032567300149821676,0.1518421173095703,False
839,89,18.011312305293032,0.00033160100065288134,0.1518421173095703,False
840,46,1.1426553186656747,0.0003332459964440204,0.15184974670410156,False
841,31,2.577068488548953,0.0003568290012481157,0.15180397033691406,False
842,99,9.275810871907325,0.00034293499993509613,0.15178871154785156,False
843,46,2.8295718733516395,0.00032343200291506946,0.1518268585205078,False
844,182,6.359801196507519,0.00038675899850204587,0.1518726348876953,False
845,89,12.399608993891164,0.00033900299968081526,0.15184974670410156,False
846,168,0.006935239189914455,0.00031869300073594786,0.1518268585205078,False
847,99,22.60386311495259,0.0003246329979447182,0.15175819396972656,False
848,163,25.08765331102721,0.000332760999299353,0.15180397033691406,False
849,89,13.28632115156968,0.00035134400241076946,0.1518573760986328,False
850,182,5.514595813473434,0.00033736600016709417,0.1518573760986328,False
851,46,6.529966437545227,0.0003324009994685184,0.1518726348876953,False
852,46,3.792078493633227,0.0003191030009475071,0.15181922912597656,False
853,182,4.4851372218169985,0.0003484209992166143,0.1518421173095703,False
854,182,2.706044614803261,0.0003554499999154359,0.15183448791503906,False
855,89,9.244843208980527,0.0003234309988329187,0.15184974670410156,False
856,46,4.375982731045852,0.000334628999553388,0.1518878936767578,False
857,99,19.63935117197234,0.0003361199997016229,0.15178871154785156,False
858,168,1.3616465710719865,0.00032345399813493714,0.1518268585205078,False
859,136,7.02609329961841,0.0003323500022816006,0.1518421173095703,False
860,99,17.733080969115157,0.00034413899993523955,0.1517810821533203,False
861,99,1.2391251719883494,0.0003361549970577471,0.1517810821533203,False
862,89,3.2935377206900114,0.00033473399889771827,0.1518268585205078,False
863,46,0.4466571787999527,0.0003365480006323196,0.15183448791503906,False
864,89,7.511854252214789,0.0003687509997689631,0.1518573760986328,False
865,126,8.267246195521178,0.0003263809994678013,0.15178871154785156,False
866,182,4.373352747036108,0.0003804480002145283,0.1518726348876953,False
867,55,4.19230001904117,0.00031986799876904115,0.1518268585205078,False
868,168,0.21929322268363194,0.00032872000156203285,0.1518421173095703,False
869,134,0.9913355806727964,0.0003510790011205245,0.15183448791503906,False
870,156,5.328482729946259,0.0003567200001270976,0.1517963409423828,False
871,46,4.428551400415245,0.0003357009991304949,0.15184974670410156,False
872,176,0.5237731308060916,0.0003280870005255565,0.15180397033691406,False
873,182,0.6388751832955535,0.0003270050001447089,0.1518726348876953,False
874,156,5.752384283794299,0.0003508020017761737,0.15180397033691406,False
875,182,3.6936950436342357,0.0003251369998906739,0.1518573760986328,False
876,51,4.5475270321955605,0.00036373400143929757,0.1518573760986328,False
877,55,0.9206405258668298,0.0003335149995109532,0.15183448791503906,False
878,99,10.92006587278468,0.00033451699709985405,0.15177345275878906,False
879,89,3.675513517942349,0.00032252199889626354,0.15184974670410156,False
880,46,3.739025501117382,0.00032348000240745023,0.15184974670410156,False
881,99,5.823403005701923,0.00033276599788223393,0.1518115997314453,False
882,46,8.91866885605792,0.0003423749985813629,0.15184974670410156,False
883,78,0.16069142927076996,0.000333711999701336,0.1518268585205078,False
884,99,8.515677072575095,0.00032831499993335456,0.15171241760253906,False
885,42,11.636611318063672,0.0003464500005065929,0.15180397033691406,False
886,46,2.6652390668537578,0.00032196499887504615,0.15183448791503906,False
887,99,2.5290027684670555,0.00041672500083222985,0.15178871154785156,False
888,46,5.399871519478481,0.0003639610004029237,0.15186500549316406,False
889,99,2.576050494689593,0.00032670599830453284,0.1518115997314453,False
890,182,7.813937179640902,0.00038023499655537307,0.15180397033691406,False
891,168,0.2638654130147984,0.0003179000013915356,0.15180397033691406,False
892,131,0.006410118899026429,0.0003258639990235679,0.15178871154785156,False
893,99,8.079299396813088,0.00032252399978460744,0.15180397033691406,False
894,89,6.347997201487047,0.0003228620007575955,0.15181922912597656,False
895,46,0.7426395164501969,0.00031970800046110526,0.15184974670410156,False
896,168,1.3380201770625604,0.00032060199737316,0.15183448791503906,False
897,89,9.2085502022734,0.00032628699773340486,0.15183448791503906,False
898,134,0.9170118777828691,0.0003453249992162455,0.15184974670410156,False
899,89,0.20328476369043358,0.00035001300057047047,0.1518421173095703,False
900,182,5.753139773537953,0.0003316959991934709,0.15181922912597656,False
901,99,10.163118884137415,0.0003396829997655004,0.15180397033691406,False
902,168,4.165355758231044,0.0003304979982203804,0.15183448791503906,False
903,51,0.8475078047735707,0.00032643499798723496,0.1518421173095703,False
904,51,3.2119157514431436,0.0003385230011190288,0.15181922912597656,False
905,99,5.980898648792187,0.00034186599805252627,0.15178871154785156,False
906,46,0.19447678236655008,0.0003455830010352656,0.15183448791503906,False
907,51,5.870871910000986,0.00033135400008177385,0.15184974670410156,False
908,136,13.00446912971973,0.00035158100217813626,0.15180397033691406,False
909,168,0.9428231076888522,0.00034616300035850145,0.1518115997314453,False
910,113,4.266603991011898,0.00032366100276703946,0.1517963409423828,False
911,182,1.1460535683844597,0.0003323259988974314,0.1518421173095703,False
912,182,1.6760847097632734,0.0003452179989835713,0.15181922912597656,False
913,182,2.0373222037618604,0.0003373809995537158,0.1517963409423828,False
914,89,0.5734397408006515,0.0003769489994738251,0.1518573760986328,False
915,99,5.75148961693394,0.0003296670001873281,0.15177345275878906,False
916,182,0.6269415113926158,0.00033573700056876987,0.15183448791503906,False
917,163,1.3008956127846432,0.00033595499917282723,0.1517810821533203,False
918,126,26.645740793833443,0.0003458130013314076,0.15181922912597656,False
919,168,2.0103668452041177,0.0003375670021341648,0.15186500549316406,False
920,31,13.725713947660939,0.00032833500154083595,0.1518115997314453,False
921,89,0.7238594060916199,0.0003459610015852377,0.1518421173095703,False
922,46,8.192853550741177,0.00033821699980762787,0.1518268585205078,False
923,176,0.3261825625287713,0.0003351140003360342,0.15181922912597656,False
924,99,22.105158485374915,0.00033755000185919926,0.15180397033691406,False
925,99,17.740049570401755,0.00031674199999542907,0.15174293518066406,False
926,182,2.4867320506088504,0.0003301409997220617,0.15175819396972656,False
927,99,14.20188228489951,0.00034280800173291937,0.1518115997314453,False
928,31,9.841899675348447,0.00034704599966062233,0.15180397033691406,False
929,177,2.601516541818526,0.00035701099841389805,0.1518421173095703,False
930,168,3.858820884494307,0.000331923998601269,0.1518573760986328,False
931,99,16.583228374777185,0.0003273309994256124,0.15174293518066406,False
932,99,24.724307893721715,0.000358539997250773,0.15183448791503906,False
933,89,0.9107754664180163,0.0003353059983055573,0.15184974670410156,False
934,89,11.510710482495952,0.000323836000461597,0.1518115997314453,False
935,89,9.613566391093215,0.0003397469990886748,0.15184974670410156,False
936,182,4.219881566680186,0.0003320809992146678,0.1518421173095703,False
937,182,0.09189566021419182,0.00032894100149860606,0.15180397033691406,False
938,182,6.174321855177894,0.00035644999661599286,0.15184974670410156,False
939,46,1.022000397247595,0.00034237399813719094,0.15181922912597656,False
940,31,11.29874667733641,0.0003336420013511088,0.1518268585205078,False
941,70,0.4470263159423098,0.00032300599923473783,0.1518421173095703,False
942,55,1.7973917856415795,0.0003296979994047433,0.1518268585205078,False
943,168,6.919391933669232,0.0003264090009906795,0.15186500549316406,False
944,99,8.931164575356636,0.0003401710018806625,0.15178871154785156,False
945,99,19.596159672463365,0.0003256309973949101,0.1517963409423828,False
946,51,13.881153281148691,0.000330391001625685,0.1518421173095703,False
947,168,1.042070505554534,0.00034160200084443204,0.1518421173095703,False
948,45,0.19221048733169255,0.00032670399741618894,0.15184974670410156,False
949,13,45.146210053954064,0.0003243810024287086,0.15180397033691406,False
950,168,0.4111395317917186,0.0003341210031067021,0.15184974670410156,False
951,42,3.914194473441441,0.0003384609990462195,0.15184974670410156,False
952,168,8.262589601333445,0.00035740599923883565,0.1518573760986328,False
953,182,5.157527890882577,0.0003412890000618063,0.1518421173095703,False
954,89,18.19661557680017,0.00035534799826564267,0.15184974670410156,False
955,99,5.046596942065449,0.0003230879992770497,0.1518115997314453,False
956,46,2.6904663911897444,0.00036383699989528395,0.1518573760986328,False
957,168,1.9642616509243993,0.00031993700031307526,0.1518115997314453,False
958,89,11.862672001067239,0.00032237200139206834,0.15184974670410156,False
959,89,2.3977504424549636,0.0003194269993400667,0.15181922912597656,False
960,42,2.72891512282807,0.0003226790031476412,0.15180397033691406,False
961,46,7.97581877412199,0.0003418829983274918,0.1518421173095703,False
962,100,0.05391732089344714,0.00033221499688806944,0.1518268585205078,False
963,89,1.5197447206077186,0.0003392810031073168,0.15189552307128906,False
964,46,5.803020675902317,0.0003495089986245148,0.1518421173095703,False
965,168,3.39681629291492,0.00032129399914992973,0.1518268585205078,False
966,89,10.785575582321002,0.0003468830000201706,0.1518573760986328,False
967,126,10.500072326112527,0.000321015999361407,0.15181922912597656,False
968,99,16.0475336658774,0.0003286319988546893,0.1517505645751953,False
969,168,1.993943017376992,0.0003287500003352761,0.1518421173095703,False
970,55,0.20222738414362595,0.0003337720008858014,0.15180397033691406,False
971,99,3.44498618748342,0.00034268400122527964,0.15177345275878906,False
972,177,0.5425233616442213,0.0003498209989629686,0.15181922912597656,False
973,106,1.1867295651576342,0.0003275460003351327,0.15181922912597656,False
974,182,2.3862919224286543,0.00033658800020930357,0.1518115997314453,False
975,89,6.201578725401035,0.0003398629996809177,0.15186500549316406,False
976,168,7.490628992856372,0.0004757940005220007,0.15183448791503906,False
977,168,0.6135117869422544,0.00032121299955178984,0.15184974670410156,False
978,40,0.36912829451360096,0.00034579600105644204,0.1518573760986328,False
979,89,10.934591574480564,0.0003253579998272471,0.1518421173095703,False
980,136,24.840786667488796,0.000325442997564096,0.15183448791503906,False
981,46,3.10454752256706,0.0009624990016163792,0.1518421173095703,False
982,89,14.346113937447143,0.0003183619992341846,0.15181922912597656,False
983,100,0.38292672002637573,0.0003224560023227241,0.1518115997314453,False
984,99,18.13257896654548,0.0003341769988765009,0.15174293518066406,False
985,182,1.301441419045986,0.00032887999986996874,0.1518115997314453,False
986,156,2.0408504817904003,0.00034104900259990245,0.15178871154785156,False
987,168,3.292177201375708,0.0003323220007587224,0.1518421173095703,False
988,99,15.374559310652593,0.0003274850023444742,0.1518115997314453,False
989,4,0.14739789440588424,0.0003397049986233469,0.1518573760986328,False
990,89,18.473233521402676,0.00033657899984973483,0.15184974670410156,False
991,168,2.6541432428454357,0.0003372370010765735,0.1518573760986328,False
992,89,13.789461158262469,0.00035474799733492546,0.15183448791503906,False
993,46,2.799763797646534,0.00034490699908928946,0.1518878936767578,False
994,46,4.204064589490713,0.00033716100006131455,0.15183448791503906,False
995,89,6.741214920512618,0.0003346839985169936,0.15184974670410156,False
996,51,0.4696518116203805,0.0003275740018580109,0.1518573760986328,False
997,46,0.9131420981900504,0.0003267440006311517,0.15186500549316406,False
998,168,25.050920129171075,0.0003341000010550488,0.1518115997314453,False
999,46,9.296352729763242,0.0003643769996415358,0.15183448791503906,False
1000,156,7.819591583685693,0.00033336400156258605,0.1518268585205078,False
1001,38,0.0001167026188966247,0.00032207000185735524,0.15181922912597656,False
1002,46,1.379539409950894,0.00038200299968593754,0.1518726348876953,False
1003,13,0.2768370983062596,0.00034396499904687516,0.15180397033691406,False
1004,176,1.8346714031784899,0.0003283139994891826,0.1518726348876953,False
1005,182,1.2218209944749105,0.0003511340000841301,0.1518115997314453,False
1006,51,0.0007716798508710099,0.00031941800261847675,0.1517963409423828,False
1007,99,6.300250766057073,0.0003223610001441557,0.15178871154785156,False
1008,126,1.0563905882382443,0.00032514999838895164,0.15186500549316406,False
1009,182,2.175606403585249,0.000325478999002371,0.1518573760986328,False
1010,182,3.9614236108013614,0.00032224099777522497,0.15181922912597656,False
1011,99,15.056776927418591,0.00033632399936323054,0.1517658233642578,False
1012,157,1.0131386466950403,0.00032296200151904486,0.15183448791503906,False
1013,140,0.1132847011725957,0.00032084000122267753,0.15183448791503906,False
1014,165,9.635761902270788,0.0003364910007803701,0.1517505645751953,False
1015,55,0.3509970637737183,0.000330241000483511,0.15183448791503906,False
1016,31,4.684839799532924,0.00033700700078043155,0.1518268585205078,False
1017,157,0.9104404602100686,0.00033432599957450293,0.1518421173095703,False
1018,89,11.143504616377754,0.0003276390016253572,0.15183448791503906,False
1019,14,0.049285194054569104,0.0003498130026855506,0.15180397033691406,False
1020,177,11.542571166785294,0.00034460499955457635,0.1518726348876953,False
1021,136,25.35129338066652,0.0003519469973980449,0.15181922912597656,False
1022,55,0.3518760308067357,0.00034444500124664046,0.1518115997314453,False
1023,89,2.212241604399239,0.00032539700259803794,0.15186500549316406,False
1024,168,6.483721257412967,0.0003253979994042311,0.1518268585205078,False
1025,141,1.5447298353826469,0.00032015800024964847,0.15180397033691406,False
1026,78,0.22038691648005226,0.0003323299970361404,0.15181922912597656,False
1027,89,1.639564070248042,0.0003369709993421566,0.1518421173095703,False
1028,46,4.120738285078033,0.0003427420015214011,0.1518726348876953,False
1029,89,1.1741428414683241,0.0003229489993827883,0.1518421173095703,False
1030,134,1.1942163661437633,0.00033491200156277046,0.1518115997314453,False
1031,31,3.7968759210653023,0.0003782700005103834,0.15181922912597656,False
1032,99,25.161082900391985,0.0003194860000803601,0.1517658233642578,False
1033,168,3.6601309097549546,0.00037481000254047103,0.1518421173095703,False
1034,55,0.5055837589743675,0.0003740290012501646,0.1517963409423828,False
1035,177,2.9167774784156535,0.0008483530000376049,0.1518421173095703,False
1036,89,0.5646837239619771,0.00032035599724622443,0.1518421173095703,False
1037,134,2.710133149894901,0.00033205100044142455,0.15186500549316406,False
1038,176,0.6162248744815741,0.00032800500048324466,0.15184974670410156,False
1039,99,0.9875586626945332,0.00035175700031686574,0.15178871154785156,False
1040,55,0.48851049040749217,0.0003375469968887046,0.15184974670410156,False
1041,106,1.1270836662617256,0.00034220400266349316,0.15184974670410156,False
1042,182,0.9674880732548843,0.00032950599779724143,0.1518573760986328,False
1043,89,5.415402691814961,0.00032748200101195835,0.1518421173095703,False
1044,89,3.643947818751599,0.00034695900103542954,0.1518421173095703,False
1045,168,5.373502305920979,0.0003335309993417468,0.1518115997314453,False
1046,26,0.6845090335156243,0.00033219100077985786,0.15183448791503906,False
1047,51,2.776066387521169,0.0003327819977130275,0.15183448791503906,False
1048,31,1.6551723160489118,0.00032604599982732907,0.1518421173095703,False
1049,99,11.55321276065012,0.0003708140029630158,0.15174293518066406,False
1050,46,1.0436622835524787,0.0003553489987098146,0.15186500549316406,False
1051,177,3.028391316726612,0.00032430700230179355,0.15180397033691406,False
1052,110,0.3877722233976897,0.0003238139979657717,0.1518268585205078,False
1053,89,4.011454157118266,0.00032404200101154856,0.1518268585205078,False
1054,89,0.5228712117557563,0.0003359520014782902,0.15184974670410156,False
1055,89,0.33723059380426434,0.0003357090026838705,0.1518421173095703,False
1056,150,0.09460817746781913,0.0003261780002503656,0.15183448791503906,False
1057,89,0.10392047647778213,0.00033346700001857243,0.15183448791503906,False
1058,165,0.1736233760400836,0.0003315289977763314,0.15183448791503906,False
1059,136,8.137589830569718,0.0003325950019643642,0.1518268585205078,False
1060,46,1.9913168259908645,0.00032135899891727604,0.15183448791503906,False
1061,89,23.53850363437047,0.00033191699913004413,0.1518421173095703,False
1062,99,7.87374814743643,0.0003332129999762401,0.15180397033691406,False
1063,168,5.690025213658956,0.00031994500022847205,0.1518115997314453,False
1064,139,0.44458918144924553,0.0003245129992137663,0.15184974670410156,False
1065,51,7.238212041338372,0.0003291909997642506,0.15177345275878906,False
1066,182,2.510578958541984,0.00038539700108231045,0.1518268585205078,False
1067,99,20.323577171387683,0.00035595499866758473,0.15181922912597656,False
1068,46,10.023936862312553,0.00034906400105683133,0.15180397033691406,False
1069,39,0.15739231176296187,0.0003237310011172667,0.15183448791503906,False
1070,46,2.6372192783613855,0.0003331580010126345,0.1518268585205078,False
1071,89,6.3134448562847325,0.0003539379977155477,0.15184974670410156,False
1072,182,2.269506559095845,0.0003245900006731972,0.1518421173095703,False
1073,44,0.08672444603902818,0.0003295250025985297,0.1518421173095703,False
1074,182,8.928511642481809,0.0003205479988537263,0.15181922912597656,False
1075,78,0.4737454814240465,0.0003240200021537021,0.15183448791503906,False
1076,89,2.137758009187806,0.00033031899874913506,0.1518421173095703,False
1077,31,31.99323358452736,0.0003290089989604894,0.15180397033691406,False
1078,31,3.0243840081958266,0.000328906000504503,0.1517963409423828,False
1079,99,6.140322856705874,0.00032719599767006,0.15177345275878906,False
1080,46,0.7874407560506853,0.00032485399788129143,0.1518726348876953,False
1081,99,6.255123201946976,0.0003244680010539014,0.15183448791503906,False
1082,182,1.6906049066953273,0.0003351909981574863,0.15178871154785156,False
1083,177,1.1746306886862925,0.00033995900230365805,0.15181922912597656,False
1084,99,13.415902215551373,0.0003395269995962735,0.1517658233642578,False
1085,51,6.960192271556778,0.00032141200063051656,0.15181922912597656,False
1086,168,1.6581647358698461,0.00032830300187924877,0.1518726348876953,False
1087,89,2.9143798769166835,0.00034337100078118965,0.15186500549316406,False
1088,136,0.0797058495336529,0.00032910299705690704,0.1518726348876953,False
1089,99,38.17970750948876,0.00032275700141326524,0.15177345275878906,False
1090,89,10.017064317998532,0.0003460200023255311,0.1518573760986328,False
1091,55,1.966585404527919,0.000376911000785185,0.1518268585205078,False
1092,165,1.0742824634903285,0.00034368700289633125,0.15180397033691406,False
1093,75,0.09468408091697711,0.0003491160023258999,0.1518115997314453,False
1094,51,0.28427274100081945,0.0003291160028311424,0.1518268585205078,False
1095,51,1.1917996384376934,0.00033740599974407814,0.1518268585205078,False
1096,51,1.9902326336123366,0.0003259619988966733,0.1518268585205078,False
1097,31,8.847550089666651,0.00032311999893863685,0.15175819396972656,False
1098,141,0.24972091775200056,0.00037987399991834536,0.1518115997314453,False
1099,46,1.5272724384162757,0.0003289659980509896,0.15183448791503906,False
1100,51,1.3526215274141862,0.0003404670023883227,0.1518573760986328,False
1101,46,7.113340411620101,0.0003285290003987029,0.15181922912597656,False
1102,168,3.253854406728948,0.0003328970014990773,0.15181922912597656,False
1103,51,0.8619964930835096,0.00035021299845539033,0.15186500549316406,False
1104,163,0.7469847525897606,0.00034676500217756256,0.1518421173095703,False
1105,156,1.663496258922109,0.00032528399970033206,0.15183448791503906,False
1106,197,0.6235478003723642,0.0003460869993432425,0.15181922912597656,False
1107,9,0.38715481510381267,0.0003760619983950164,0.15181922912597656,False
1108,175,1.0615349832771273,0.00032795800143503584,0.15181922912597656,False
1109,136,36.143734000966575,0.00031481699988944456,0.1518115997314453,False
1110,55,0.023901839262279623,0.000316321002173936,0.15180397033691406,False
1111,46,3.727356295649116,0.0003384890005690977,0.1518268585205078,False
1112,168,1.7482823586412053,0.00033599600283196196,0.1518573760986328,False
1113,51,0.6845755717119744,0.0003360439986863639,0.1518268585205078,False
1114,134,1.3023524433206148,0.0003297749972261954,0.1518268585205078,False
1115,156,5.647863094743087,0.0003319809984532185,0.15180397033691406,False
1116,70,1.5283743643880427,0.00034986099853995256,0.15183448791503906,False
1117,99,1.3307173561208745,0.00031854100234340876,0.15172767639160156,False
1118,46,3.1505858715139254,0.00033613599953241646,0.1518573760986328,False
1119,99,8.431763027147987,0.000341488001140533,0.1517963409423828,False
1120,46,2.4888262075883887,0.0003196440011379309,0.15183448791503906,False
1121,89,30.74325394792463,0.0003285750026407186,0.1518421173095703,False
1122,99,15.753924921860303,0.0003251410016673617,0.1517963409423828,False
1123,55,0.4100116938444529,0.0003337299967824947,0.15184974670410156,False
1124,70,0.5116603904116062,0.00032352100242860615,0.1518268585205078,False
1125,177,0.6311032517332151,0.00033091200020862743,0.15181922912597656,False
1126,177,3.3911885088592584,0.00031858500005910173,0.15183448791503906,False
1127,99,8.536559586052089,0.000332907002302818,0.15181922912597656,False
1128,46,4.296833950949427,0.0003248860011808574,0.1518726348876953,False
1129,46,3.6655677457228535,0.0003419189997657668,0.15181922912597656,False
1130,99,7.649466976192059,0.0003525200008880347,0.1517963409423828,False
1131,168,5.858934345500288,0.0003191309988324065,0.1518115997314453,False
1132,168,8.93503071084551,0.00032889400245039724,0.15183448791503906,False
1133,13,0.2208498247010482,0.0003686239979288075,0.15180397033691406,False
1134,31,10.700864478762183,0.00034227300056954846,0.15178871154785156,False
1135,182,2.447898940940263,0.0003404599992791191,0.1518268585205078,False
1136,51,0.7505346346346187,0.00034669600063352846,0.1518726348876953,False
1137,89,0.004778693703755721,0.0003313180022814777,0.1518421173095703,False
1138,31,6.250812721233842,0.0003294380003353581,0.1518115997314453,False
1139,182,1.2172102330813885,0.00032985500001814216,0.1518268585205078,False
1140,177,1.7943840201141086,0.00032571900010225363,0.15181922912597656,False
1141,89,1.6107863953942854,0.0003441740009293426,0.15186500549316406,False
1142,126,17.08444553895537,0.0003289829983259551,0.1518115997314453,False
1143,46,2.5888198686920845,0.00032363900027121417,0.15186500549316406,False
1144,99,25.964318732754275,0.0003177959988533985,0.1517963409423828,False
1145,46,1.1170839240933788,0.0003332980013510678,0.15184974670410156,False
1146,42,1.2533933814072498,0.0003203050000593066,0.1517963409423828,False
1147,46,1.6531274341908073,0.00033727000118233263,0.15183448791503906,False
1148,126,0.5912167037834308,0.0003217899975425098,0.15183448791503906,False
1149,182,1.5763875073666043,0.00032338700111722574,0.15184974670410156,False
1150,134,1.535869757374769,0.00033011200139299035,0.15183448791503906,False
1151,169,0.6099818806609392,0.00033285500103374943,0.15186500549316406,False
1152,89,11.444473002189213,0.00034299799881409854,0.15184974670410156,False
1153,168,4.846372952539028,0.0003258420001657214,0.15180397033691406,False
1154,89,1.899338452906207,0.0003386610005691182,0.1518421173095703,False
1155,89,20.437620569080607,0.0003276409988757223,0.1518573760986328,False
1156,136,33.071785079108,0.00039807600114727393,0.15186500549316406,False
1157,46,4.836198901090853,0.0003291489992989227,0.15188026428222656,False
1158,55,0.6965580236242062,0.00034220000088680536,0.1518421173095703,False
1159,46,9.04670059073662,0.0003194980017724447,0.1518268585205078,False
1160,31,6.4223411471054135,0.00033071999860112555,0.1518115997314453,False
1161,126,20.714049801283615,0.0004877210012637079,0.15175819396972656,False
1162,177,3.6761814567945947,0.0003490470007818658,0.15184974670410156,False
1163,99,14.090243241270969,0.0003423890011617914,0.15171241760253906,False
1164,46,0.4650956127968442,0.00032108199957292527,0.15183448791503906,False
1165,168,0.7207281168300455,0.00032558599923504516,0.15184974670410156,False
1166,46,2.2697448081862888,0.000330012000631541,0.1518573760986328,False
1167,99,0.6592838129066223,0.00036055500095244497,0.1517963409423828,False
1168,126,22.237414568646845,0.0003390220008441247,0.15183448791503906,False
1169,182,1.2098173660274654,0.0003286079991084989,0.15180397033691406,False
1170,99,7.9344786152692635,0.00032560199906583875,0.1517658233642578,False
1171,182,4.891587609483835,0.0003393380029592663,0.1518726348876953,False
1172,89,3.7558580761399156,0.0003346619996591471,0.15181922912597656,False
1173,46,1.2789298664288822,0.00033766700289561413,0.1518726348876953,False
1174,168,4.982365952813026,0.0003343440002936404,0.15183448791503906,False
1175,89,12.453812497329778,0.00033393300327588804,0.15183448791503906,False
1176,136,18.735180679542964,0.000330663999193348,0.1518115997314453,False
1177,46,2.0284152732711505,0.0003293549998488743,0.15186500549316406,False
1178,51,0.7941878076923956,0.0003528119996190071,0.15186500549316406,False
1179,46,0.7037222598615358,0.000326047000271501,0.15184974670410156,False
1180,46,9.347907693103366,0.00034489899917389266,0.1518421173095703,False
1181,89,1.2034055941804525,0.00033493999944766983,0.15186500549316406,False
1182,168,0.9952543298037995,0.0003492169998935424,0.15183448791503906,False
1183,177,2.1206429912241376,0.0003354319997015409,0.15180397033691406,False
1184,182,6.882889204313329,0.0003256859999964945,0.1518421173095703,False
1185,168,10.468193049668457,0.00032429500060970895,0.15183448791503906,False
1186,46,9.958332422565633,0.00032969699896057136,0.1518421173095703,False
1187,55,2.23149287253851,0.0003172979995724745,0.15178871154785156,False
1188,177,0.5004837191536211,0.0003454949983279221,0.15183448791503906,False
1189,89,11.403064493945024,0.0003301479991932865,0.1518115997314453,False
1190,89,0.892482711024357,0.0003231010014133062,0.15184974670410156,False
1191,46,5.5393520373964975,0.0003309639978397172,0.15186500549316406,False
1192,51,4.187489761244663,0.00032608000037726015,0.15181922912597656,False
1193,31,0.6095137788597613,0.0006588309988728724,0.1517963409423828,False
1194,89,3.854220990067674,0.0003447839990258217,0.1518421173095703,False
1195,89,24.381116162190054,0.0003358980029588565,0.1518268585205078,False
1196,94,1.0412716910796924,0.00034097599927918054,0.15180397033691406,False
1197,99,6.569784607166325,0.0003210890026821289,0.15177345275878906,False
1198,46,0.3618221776155508,0.00033714699748088606,0.15186500549316406,False
1199,89,12.644656302160897,0.0003219960017304402,0.15184974670410156,False
1200,126,26.14008307119036,0.00034374299866613,0.1518115997314453,False
1201,136,0.44175350208898756,0.00032955300048342906,0.1518421173095703,False
1202,51,0.22550206293885822,0.0003469850016699638,0.15183448791503906,False
1203,51,1.7770892484620333,0.0003521739999996498,0.1518573760986328,False
1204,46,0.24145782134557692,0.0003383919975021854,0.1518573760986328,False
1205,157,0.1670116347221864,0.00032483999893884175,0.1517963409423828,False
1206,182,4.247313102118667,0.00035105200004181825,0.1518573760986328,False
1207,168,1.8839056318237226,0.0018382259986537974,0.15183448791503906,False
1208,46,14.264401806478986,0.0003261130004830193,0.1517963409423828,False
1209,156,9.71229967452976,0.00039978899803827517,0.15180397033691406,False
1210,89,4.092265412614907,0.00033957399864448234,0.15186500549316406,False
1211,78,0.22370669585976088,0.00031970600321074016,0.15180397033691406,False
1212,46,1.08343536747131,0.0006283559996518306,0.1518726348876953,False
1213,169,2.5655787426797474,0.00033568399885552935,0.15186500549316406,False
1214,89,5.130237419543619,0.0003414410020923242,0.15186500549316406,False
1215,182,2.7036555723984463,0.000335275999532314,0.15183448791503906,False
1216,46,3.2604238082775225,0.00032204400122282095,0.15183448791503906,False
1217,46,7.954219564764372,0.0003338960013934411,0.15184974670410156,False
1218,89,2.780716579079595,0.0003712109974003397,0.15184974670410156,False
1219,99,27.89536106860526,0.00033632199847488664,0.1517658233642578,False
1220,99,15.918995740108294,0.00033585399796720594,0.1517810821533203,False
1221,46,1.3547541559784122,0.00033202099803020246,0.15188026428222656,False
1222,51,1.5454601261335341,0.00032719800219638273,0.15181922912597656,False
1223,89,3.729353665509578,0.00032666599872754887,0.1518726348876953,False
1224,132,0.4858393868029367,0.0003360839982633479,0.15180397033691406,False
1225,89,4.767418494197699,0.0003462370004854165,0.15183448791503906,False
1226,182,1.3388684765680807,0.00032987499798764475,0.1518115997314453,False
1227,168,5.645602350037848,0.0003574390029825736,0.15181922912597656,False
1228,182,3.8958450813778,0.0003652359991974663,0.15184974670410156,False
1229,99,17.523109400303692,0.00031998700069379993,0.15178871154785156,False
1230,168,8.165570123167129,0.0003366229975654278,0.15181922912597656,False
1231,89,32.5443636369253,0.0003311420005047694,0.1518573760986328,False
1232,42,1.839161509202448,0.0003427859992370941,0.15181922912597656,False
1233,99,2.1494536624718554,0.0003336360023240559,0.1517963409423828,False
1234,156,2.125238919078754,0.0003199140010110568,0.1517963409423828,False
1235,31,15.70551200874933,0.00032277300124405883,0.1518268585205078,False
1236,168,1.3623768308140853,0.000328599002386909,0.1518268585205078,False
1237,126,0.13456354266327963,0.00033203500061063096,0.15183448791503906,False
1238,46,5.329545927616479,0.00032360199838876724,0.1518573760986328,False
1239,46,6.689752512867813,0.0006769419996999204,0.1518268585205078,False
1240,136,22.174379219209897,0.0003228109999326989,0.1518115997314453,False
1241,78,1.107602335227412,0.00035112499972456135,0.15177345275878906,False
1242,51,0.03437611759983383,0.0003250340014346875,0.15178871154785156,False
1243,89,9.986540699899976,0.0003273860020271968,0.15181922912597656,False
1244,38,1.458514718915671,0.0003286360006313771,0.1517658233642578,False
1245,89,1.5307640179721318,0.00032181099959416315,0.15181922912597656,False
1246,78,0.09545514395598786,0.000328906000504503,0.1517963409423828,False
1247,46,0.4244835514241032,0.0003258840006310493,0.15186500549316406,False
1248,168,2.8352098484596553,0.0003277489995525684,0.1518268585205078,False
1249,177,3.1746017218745948,0.00033183400228153914,0.15180397033691406,False
1250,89,3.3567975397321987,0.0003267419997428078,0.15183448791503906,False
1251,99,23.795398773595267,0.0003293720001238398,0.15180397033691406,False
1252,168,11.375448877484487,0.0003307070001028478,0.15184974670410156,False
1253,168,1.0927703758700744,0.0003374740008439403,0.1518573760986328,False
1254,99,4.648083589654039,0.00032694100082153454,0.1517505645751953,False
1255,99,24.494464823116694,0.00032121699769049883,0.1517200469970703,False
1256,126,0.188405230789229,0.00034628900175448507,0.1518573760986328,False
1257,136,0.19423856537641626,0.0003362399984325748,0.1518573760986328,False
1258,182,0.9153277282370595,0.00033785800042096525,0.15186500549316406,False
1259,182,1.0942201141685075,0.0003732129989657551,0.1518268585205078,False
1260,89,1.996327226735616,0.00041886199687724,0.15188026428222656,False
1261,46,2.8488777702132495,0.00035622300129034556,0.15186500549316406,False
1262,177,1.275375890930249,0.0003465789995971136,0.1518115997314453,False
1263,136,7.441960300395502,0.00032883799940464087,0.15181922912597656,False
1264,31,2.767274386427644,0.000323112999467412,0.15183448791503906,False
1265,89,11.108766793830767,0.00032263200046145357,0.1518268585205078,False
1266,89,16.763100771598374,0.00033462400097050704,0.1518421173095703,False
1267,51,0.8960243364901999,0.00035460399885778315,0.1518115997314453,False
1268,168,8.398388889098342,0.00032736700086388737,0.15183448791503906,False
1269,176,1.183480607177593,0.0003342689997225534,0.15184974670410156,False
1270,168,2.784821400077689,0.00035283499892102554,0.15183448791503906,False
1271,51,2.865606590608209,0.0003349539983901195,0.1518573760986328,False
1272,168,2.315970694987641,0.000404064998292597,0.15186500549316406,False
1273,51,1.7023565700144587,0.0003421260007598903,0.1518421173095703,False
1274,136,4.842584609033164,0.0003367159988556523,0.1518421173095703,False
1275,89,11.86610473209133,0.00031890999889583327,0.15181922912597656,False
1276,99,3.2567453050395168,0.00033338200228172354,0.15175819396972656,False
1277,46,1.2999932095309532,0.0003216980003344361,0.15183448791503906,False
1278,46,6.304029899901323,0.00032075700073619373,0.1518115997314453,False
1279,89,23.76400732682785,0.0003344190008647274,0.1518421173095703,False
1280,99,12.279733785361163,0.00033732099836925045,0.1518421173095703,False
1281,168,1.5472422187941817,0.00032488099895999767,0.15184974670410156,False
1282,31,0.11900034345396904,0.00032898500285227783,0.1518421173095703,False
1283,99,32.08247815892849,0.0003337359994475264,0.1517353057861328,False
1284,168,4.649323390989224,0.00034119300107704476,0.1518421173095703,False
1285,78,0.07613859248812105,0.0003235259973735083,0.15181922912597656,False
1286,99,5.199129509452338,0.0003459660001681186,0.15177345275878906,False
1287,177,1.9792150672168702,0.0003198630001861602,0.15181922912597656,False
1288,156,0.4250241309578513,0.00033601199902477674,0.15183448791503906,False
1289,177,2.4225734268788273,0.00034670800232561305,0.1518573760986328,False
1290,46,7.619853173124,0.00033981500018853694,0.15184974670410156,False
1291,46,17.624882707911553,0.00032227699921349995,0.1518421173095703,False
1292,46,1.8356154459727065,0.0005771380019723438,0.1517963409423828,False
1293,89,12.295890736148081,0.00037249500019242987,0.15181922912597656,False
1294,46,8.1906601813196,0.0003235529984522145,0.1518421173095703,False
1295,99,4.915400384603274,0.0003691240017360542,0.15174293518066406,False
1296,89,23.262797307266368,0.00032011700022849254,0.15183448791503906,False
1297,182,5.942050695167964,0.0003308279992779717,0.1518268585205078,False
1298,136,19.94649786372814,0.0003270470006100368,0.1518268585205078,False
1299,99,5.500011676767569,0.00032415500027127564,0.15178871154785156,False
1300,182,2.9090087897083947,0.00035484899854054675,0.1518573760986328,False
1301,168,9.995000913338046,0.00032370099870604463,0.15183448791503906,False
1302,168,3.5289459974079875,0.0003332859996589832,0.15183448791503906,False
1303,89,17.219374547789528,0.00033716100006131455,0.1518421173095703,False
1304,156,1.9962144049276418,0.0003333730019221548,0.15175819396972656,False
1305,46,1.9151207278107876,0.00034053800118272193,0.1518726348876953,False
1306,14,0.024249859185687228,0.0003266419989813585,0.15180397033691406,False
1307,168,6.962774095807404,0.00033602800249354914,0.1518573760986328,False
1308,182,0.41237998010258536,0.0003583709985832684,0.15188026428222656,False
1309,136,0.8088240794933501,0.00032924499828368425,0.1518268585205078,False
1310,182,1.2085579061721887,0.0003308769992145244,0.15181922912597656,False
1311,46,7.2990089389631265,0.0003310089996375609,0.15181922912597656,False
1312,46,0.4356628025595626,0.00033668700052658096,0.15183448791503906,False
1313,51,5.298673684607465,0.00033494399758637883,0.15183448791503906,False
1314,136,0.7405863133265713,0.00032270000156131573,0.1518268585205078,False
1315,136,20.242775352957977,0.00032479399669682607,0.1517963409423828,False
1316,156,0.43457850155154176,0.00031874100022832863,0.1517658233642578,False
1317,46,9.82014340591121,0.00031951299752108753,0.1518115997314453,False
1318,182,2.566442747010967,0.00032178299807128496,0.1518268585205078,False
1319,99,6.257166628717836,0.00032638799893902615,0.1518115997314453,False
1320,89,9.539551242432083,0.00033063500086427666,0.15184974670410156,False
1321,31,20.945158310746976,0.0003344569995533675,0.15181922912597656,False
1322,89,16.135024656012988,0.00032119499883265235,0.1518421173095703,False
1323,126,4.857894393456462,0.00032516599821974523,0.1518573760986328,False
1324,55,1.7053962797689053,0.00033280899879173376,0.1518268585205078,False
1325,89,11.975742801849862,0.0003212039991922211,0.15183448791503906,False
1326,177,5.375877299823728,0.0003398259977984708,0.15184974670410156,False
1327,89,5.889623113824442,0.00033609499951126054,0.1518268585205078,False
1328,126,7.30427041346376,0.00032308099980582483,0.1518115997314453,False
1329,31,6.010461976655058,0.0003316509973956272,0.15177345275878906,False
1330,99,13.571531662017836,0.00032386100065195933,0.1517810821533203,False
1331,46,0.3124697902967952,0.0003229450012440793,0.15181922912597656,False
1332,165,2.2589555660945893,0.00033840700052678585,0.15181922912597656,False
1333,89,4.4330028757326545,0.00033072599762817845,0.15186500549316406,False
1334,89,1.9073330689088976,0.00032360000113840215,0.1518421173095703,False
1335,89,17.49384675360264,0.0003425309987505898,0.15184974670410156,False
1336,89,1.3470719327504384,0.0003208419984730426,0.15184974670410156,False
1337,89,8.307891745156283,0.0003295030001027044,0.15184974670410156,False
1338,49,0.23301947017393587,0.0003285179991507903,0.15180397033691406,False
1339,89,6.974869365736936,0.00032062600075732917,0.1518421173095703,False
1340,168,0.32365323269854684,0.0003360600021551363,0.1518268585205078,False
1341,168,0.7189719516312749,0.0003419800013944041,0.15184974670410156,False
1342,44,3.6800502358387384,0.00033727200207067654,0.1517200469970703,False
1343,46,5.818337238423993,0.0003287720028311014,0.1518115997314453,False
1344,99,0.08686623179444775,0.00034447300276951864,0.1517810821533203,False
1345,186,2.711744199158467,0.0003183590015396476,0.1517963409423828,False
1346,51,3.5933471585159253,0.0003277199975855183,0.15184974670410156,False
1347,168,4.239939827323639,0.00032938499862211756,0.1518268585205078,False
1348,99,2.2744120548087725,0.00033644599898252636,0.15180397033691406,False
1349,42,1.5604733214370583,0.0003216129989596084,0.1517810821533203,False
1350,55,0.1867147334726127,0.0003221539991500322,0.15180397033691406,False
1351,46,2.798609956632518,0.00033657099993433803,0.1518573760986328,False
1352,119,1.0334179618083823,0.00032482199821970426,0.15180397033691406,False
1353,89,7.527012029827347,0.0003266100029577501,0.1518268585205078,False
1354,46,2.2161159281497333,0.00033535799957462586,0.1518421173095703,False
1355,89,1.5366097397426728,0.0003474379991530441,0.15183448791503906,False
1356,89,21.963366828823,0.00032247600029222667,0.15181922912597656,False
1357,176,0.1299020944627216,0.0003232710005249828,0.1518268585205078,False
1358,89,9.219328318811904,0.00033881600029417314,0.1518573760986328,False
1359,99,1.5248097728378909,0.0003347330020915251,0.15181922912597656,False
1360,136,7.946920780636006,0.00034571099968161434,0.1518421173095703,False
1361,78,1.7027248615725625,0.0003214009993826039,0.1518115997314453,False
1362,31,3.3108250069263434,0.00033162599720526487,0.15177345275878906,False
1363,31,15.575538222094623,0.00032831700082169846,0.1518268585205078,False
1364,89,15.591760346960783,0.00035005700192414224,0.1518726348876953,False
1365,55,1.56304078546313,0.0003381950009497814,0.1518421173095703,False
1366,99,4.3387725318919115,0.0003217710000171792,0.1517963409423828,False
1367,89,10.016696998672103,0.00047341400204459205,0.15186500549316406,False
1368,89,2.263511825261972,0.00032250200092676096,0.1518268585205078,False
1369,31,4.1433546349004065,0.0003326089972688351,0.1518268585205078,False
1370,99,25.87855106501052,0.0003240730002289638,0.15172767639160156,False
1371,168,4.318148830151841,0.0003260550001868978,0.1518115997314453,False
1372,89,24.141767280880813,0.00033632000122452155,0.15184974670410156,False
1373,182,1.0128697699443592,0.0003394939994905144,0.1518421173095703,False
1374,14,0.06919567289911299,0.0003234770010749344,0.1517810821533203,False
1375,136,43.92795142506101,0.0003180109997629188,0.1518115997314453,False
1376,177,0.28536090677540926,0.00032621599893900566,0.1518115997314453,False
1377,168,0.6885583233902111,0.0003638700000010431,0.1518268585205078,False
1378,40,0.15416059538881655,0.00036456399902817793,0.15186500549316406,False
1379,177,1.6505029031614669,0.0003331719999550842,0.1517658233642578,False
1380,182,5.209549906648391,0.0003405559982638806,0.1518421173095703,False
1381,126,0.4357514201171213,0.00033678799809422344,0.15184974670410156,False
1382,168,0.5552384449522094,0.0003216900004190393,0.1518421173095703,False
1383,51,0.004437970917962275,0.0003340759976708796,0.15180397033691406,False
1384,89,7.20556047561783,0.0003241580016037915,0.1518421173095703,False
1385,51,0.3354070888763374,0.000326623998262221,0.1518115997314453,False
1386,131,0.5476966150722191,0.000326119003148051,0.15181922912597656,False
1387,89,5.1254559272613704,0.00032640399876981974,0.1518115997314453,False
1388,51,9.037541923141262,0.0003214819989807438,0.1517963409423828,False
1389,89,12.707391072097437,0.00035154800207237713,0.15184974670410156,False
1390,99,24.473259407979413,0.00033733099917299114,0.1517353057861328,False
1391,51,3.5618524434636214,0.00032481600283063017,0.1517963409423828,False
1392,177,4.5914491257940995,0.0003326110017951578,0.1518268585205078,False
1393,99,8.680483307488675,0.0003297849980299361,0.1518115997314453,False
1394,182,5.874697187995594,0.00033253700166824274,0.1518573760986328,False
1395,157,0.21261523230333523,0.00033701299980748445,0.1518115997314453,False
1396,126,32.05275199028781,0.0003251790003560018,0.1518268585205078,False
1397,126,38.97795393111417,0.00032218599881161936,0.1517963409423828,False
1398,89,3.3906528941121223,0.0003380050002306234,0.15183448791503906,False
1399,99,9.360108126026665,0.0003344190008647274,0.1517810821533203,False
1400,99,0.6056059022735525,0.0003265450031904038,0.1518115997314453,False
1401,31,28.212361515707805,0.0004328560025896877,0.15183448791503906,False
1402,89,16.827634209491038,0.00032404000012320466,0.1518573760986328,False
1403,126,15.648315957156033,0.00032122099946718663,0.1517963409423828,False
1404,42,1.0222225958741262,0.0003492659998300951,0.1517963409423828,False
1405,136,33.46108798244326,0.00032751699836808257,0.15181922912597656,False
1406,78,1.9702083576492555,0.0003460949992586393,0.15178871154785156,False
1407,99,14.351323727431883,0.00032559000101173297,0.15181922912597656,False
1408,99,10.72345082895519,0.00035113500052830204,0.15175819396972656,False
1409,51,3.372684169602266,0.000338625002768822,0.1518268585205078,False
1410,99,7.292618871919772,0.0010015890002250671,0.15175819396972656,False
1411,13,0.16845361359056277,0.0003207789995940402,0.1518421173095703,False
1412,168,3.913047195802889,0.0003245920015615411,0.15184974670410156,False
1413,99,0.46006043537838637,0.0003163049987051636,0.15172767639160156,False
1414,46,1.478079560938255,0.0003221700026188046,0.15180397033691406,False
1415,51,8.723111102770076,0.00033140699815703556,0.15184974670410156,False
1416,182,3.9728827909141984,0.0003891180022037588,0.15184974670410156,False
1417,46,4.413694953136556,0.00032410000130767,0.1518573760986328,False
1418,156,0.43479673654758244,0.0003394429986656178,0.15178871154785156,False
1419,51,0.7182101213834073,0.00034419000076013617,0.1518421173095703,False
1420,46,13.852859458437095,0.0003243989995098673,0.15184974670410156,False
1421,31,6.310444818929907,0.00035111699980916455,0.15183448791503906,False
1422,89,5.258770856356406,0.0003393480001250282,0.15183448791503906,False
1423,99,25.08125732436634,0.0003549920002114959,0.1518726348876953,False
1424,182,1.9955575683263618,0.00035332300103618763,0.1517963409423828,False
1425,55,1.0927278522046322,0.0003240549995098263,0.1518573760986328,False
1426,99,21.071069018202028,0.00034432499887770973,0.1517505645751953,False
1427,51,1.0383959576440986,0.0007390920000034384,0.1517963409423828,False
1428,89,5.580159394106204,0.0003361899980518501,0.15183448791503906,False
1429,31,24.049622990551626,0.0003245249972678721,0.1518421173095703,False
1430,46,3.807028543928368,0.00033325899858027697,0.15183448791503906,False
1431,99,9.83415649251416,0.00032787699819891714,0.1518268585205078,False
1432,136,36.67693648120334,0.0003222410014132038,0.1518421173095703,False
1433,168,7.6280370370475765,0.0003319610004837159,0.15184974670410156,False
1434,46,1.9203075715997215,0.00032084000122267753,0.1518421173095703,False
1435,46,6.6344882302866495,0.0003189919989381451,0.15183448791503906,False
1436,168,5.677190767504413,0.0003397799991944339,0.15184974670410156,False
1437,89,20.940000720034234,0.0003365949996805284,0.1518726348876953,False
1438,168,0.7094254988826805,0.00031514100191998295,0.1517963409423828,False
1439,89,4.19359785226834,0.00032671799999661744,0.1518573760986328,False
1440,182,4.268817563177237,0.00033597600122448057,0.15183448791503906,False
1441,51,5.910448491181327,0.00034309199691051617,0.15178871154785156,False
1442,126,1.1610943033624395,0.00034529000186012127,0.15184974670410156,False
1443,45,0.43182759960977535,0.0004217249988869298,0.15184974670410156,False
1444,89,10.661248855168054,0.0004122829996049404,0.15183448791503906,False
1445,168,5.7176409353613025,0.0003327810009068344,0.1518268585205078,False
1446,99,27.324535055209893,0.0003406390023883432,0.15178871154785156,False
1447,70,0.20787972967417545,0.00032325199936167337,0.1518573760986328,False
1448,168,3.8379877357211143,0.0003357839996169787,0.15183448791503906,False
1449,99,2.8147453653917194,0.000361660000635311,0.15186500549316406,False
1450,42,1.436327238731252,0.0003487879985186737,0.15180397033691406,False
1451,168,1.3358944865422728,0.00032686200211173855,0.15183448791503906,False
1452,31,10.973173017328278,0.000325059998431243,0.1518115997314453,False
1453,168,0.994536609810126,0.00034292299824301153,0.1518115997314453,False
1454,99,10.838334971595408,0.0003507709989207797,0.1517963409423828,False
1455,177,15.195110949323265,0.0003462710010353476,0.1518268585205078,False
1456,46,3.465541283161997,0.00036043900036020204,0.15184974670410156,False
1457,182,2.3111273547022932,0.00036525500036077574,0.1518268585205078,False
1458,89,8.56785763198883,0.0003281229983258527,0.1518268585205078,False
1459,42,0.7192793962276625,0.0003221500010113232,0.15177345275878906,False
1460,168,4.691807759964462,0.00037308800165192224,0.15183448791503906,False
1461,51,2.751585754591815,0.00033473800067440607,0.1518115997314453,False
1462,119,0.6101774820777734,0.0003388500008441042,0.15181922912597656,False
1463,99,15.335190862622888,0.00033240100310649723,0.15172767639160156,False
1464,89,0.3323665449535298,0.0003447679991950281,0.15184974670410156,False
1465,99,6.063660608189355,0.0003220369981136173,0.15177345275878906,False
1466,46,14.652553864862142,0.00033356499989167787,0.15184974670410156,False
1467,99,2.6508880765801983,0.0003504589985823259,0.1518573760986328,False
1468,46,3.6588052477910225,0.00033831600012490526,0.1518421173095703,False
1469,168,3.4601724900653323,0.0003302469995105639,0.1518421173095703,False
1470,99,10.587942118519665,0.00032063199978438206,0.1517505645751953,False
1471,197,33.801208229392046,0.00034167299963883124,0.15168190002441406,False
1472,156,1.6421204783086125,0.0003415949977352284,0.15180397033691406,False
1473,182,5.346531257840226,0.0003328640013933182,0.15183448791503906,False
1474,168,1.5816503614074264,0.0003477419995761011,0.15180397033691406,False
1475,46,2.908152645654738,0.0003229309986636508,0.15184974670410156,False
1476,177,2.7777808949288314,0.00032274100158247165,0.15183448791503906,False
1477,168,4.378157601671717,0.00032209500204771757,0.1518268585205078,False
1478,89,12.34187042370094,0.00032647500120219775,0.1518268585205078,False
1479,89,0.3494698336972277,0.00033171700124512427,0.1518421173095703,False
1480,46,5.341795269038428,0.000330852999468334,0.15183448791503906,False
1481,168,1.2665025252463522,0.0003299269992567133,0.1518421173095703,False
1482,99,16.53567017687946,0.0003347710007801652,0.1517810821533203,False
1483,89,13.17755632425785,0.0003246470005251467,0.1518268585205078,False
1484,31,1.7471869256310413,0.0003618439986894373,0.1518573760986328,False
1485,168,6.676765719367637,0.0003489119990263134,0.1518268585205078,False
1486,89,4.521440281194529,0.0003627149999374524,0.15184974670410156,False
1487,51,2.1449576540620967,0.0003222900013497565,0.15183448791503906,False
1488,89,13.924928717839222,0.0003648860001703724,0.1518268585205078,False
1489,182,1.0153521326962647,0.00034398100251564756,0.1518573760986328,False
1490,182,3.9650419736809823,0.00032540499887545593,0.1518115997314453,False
1491,126,0.37522786189392576,0.0003301719989394769,0.1518573760986328,False
1492,51,0.021178261303504087,0.0003179870000167284,0.15178871154785156,False
1493,46,0.7413364360425732,0.00031951300115906633,0.15180397033691406,False
1494,89,2.1216169465532886,0.00032777200249256566,0.15186500549316406,False
1495,168,4.786570418626539,0.00032659299904480577,0.15183448791503906,False
1496,99,15.557201197074017,0.00033076200270443223,0.15183448791503906,False
1497,89,9.273172089282482,0.00031954199948813766,0.15184974670410156,False
1498,168,3.7591723232536225,0.00032857599944691174,0.15181922912597656,False
1499,89,15.105669031183197,0.0003318519993626978,0.15183448791503906,False
1500,196,0.14131864804402028,0.0003312480002932716,0.15180397033691406,False
1501,31,26.291000309970944,0.00038886600304977037,0.15178871154785156,False
1502,46,2.0153829945934945,0.0003489090013317764,0.15186500549316406,False
1503,89,1.1513750990158655,0.00032838399783940986,0.1518421173095703,False
1504,89,24.314129424108017,0.000356436001311522,0.1518573760986328,False
1505,46,3.334844302505303,0.00032040900259744376,0.1518268585205078,False
1506,89,7.426493167504162,0.00033243399957427755,0.15184974670410156,False
1507,99,29.163437580771376,0.0003254969997215085,0.1517810821533203,False
1508,89,11.474026687831682,0.0003272969988756813,0.15184974670410156,False
1509,99,0.6713681616267309,0.00032223200105363503,0.15178871154785156,False
1510,168,10.556019902448071,0.0003224800020689145,0.1518421173095703,False
1511,182,3.599698589871835,0.0003253920003771782,0.1518421173095703,False
1512,51,0.2898205780076992,0.00046423199819400907,0.1517810821533203,False
1513,99,22.828939695843147,0.00034164099997724406,0.15178871154785156,False
1514,99,11.120108383129718,0.0003425389986659866,0.15178871154785156,False
1515,182,2.129275847380697,0.00033600800088606775,0.15181922912597656,False
1516,99,2.1009049417230012,0.00032627699692966416,0.15180397033691406,False
1517,182,0.6421718970333075,0.0003523640007188078,0.1518115997314453,False
1518,157,0.5481274049253813,0.00032885800101212226,0.15180397033691406,False
1519,89,3.231727347605684,0.0003223829990020022,0.15184974670410156,False
1520,182,4.423803879893271,0.0003275179988122545,0.1518421173095703,False
1521,99,21.64367016252712,0.0003292960027465597,0.1517963409423828,False
1522,182,3.4900671595896426,0.0003371979983057827,0.1518573760986328,False
1523,99,19.551616177447166,0.00034305599911022,0.15175819396972656,False
1524,135,0.06437851694330732,0.00033067100230255164,0.15181922912597656,False
1525,46,1.2606664876432916,0.0003257330026826821,0.1518115997314453,False
1526,89,0.8483504655392409,0.0003250089976063464,0.1518573760986328,False
1527,46,6.780727275576254,0.0003186069989169482,0.1517963409423828,False
1528,46,2.7112198068129345,0.00032451000151922926,0.1518878936767578,False
1529,168,0.030902973563598835,0.00032549099705647677,0.15181922912597656,False
1530,99,34.19016883629683,0.00031598200075677596,0.1517200469970703,False
1531,168,3.3581967945198414,0.0003220530015823897,0.15184974670410156,False
1532,51,3.3387883255427226,0.00032557799931964837,0.1518115997314453,False
1533,89,11.018050085547756,0.0005439349988591857,0.15181922912597656,False
1534,106,0.8400445404248842,0.00033773800169001333,0.15183448791503906,False
1535,46,6.788226201050335,0.00031470899921259843,0.15178871154785156,False
1536,177,0.2744145256743451,0.0003643439995357767,0.15180397033691406,False
1537,168,2.3913437889286087,0.00033438500031479634,0.1518573760986328,False
1538,99,2.933708154193127,0.00032938499862211756,0.1518421173095703,False
1539,156,0.8933624255738408,0.0003358959984325338,0.15180397033691406,False
1540,90,0.43114447352652974,0.0003309659987280611,0.1517963409423828,False
1541,182,6.373064761430186,0.0003182740001648199,0.15181922912597656,False
1542,136,16.036757520058934,0.00032360000113840215,0.1517963409423828,False
1543,46,3.0409998160580045,0.0003349510006955825,0.1518421173095703,False
1544,99,2.45043635590213,0.0003412510013731662,0.1518115997314453,False
1545,126,1.2031581758841365,0.0003225029977329541,0.1517963409423828,False
1546,51,5.779871864635396,0.00034157600020989776,0.1518421173095703,False
1547,99,13.138933389388331,0.00033654499929980375,0.15178871154785156,False
1548,62,0.7313026650781076,0.00033979500221903436,0.1518115997314453,False
1549,177,3.094098272220549,0.000361742997483816,0.15181922912597656,False
1550,156,0.6651135490876783,0.00032762000046204776,0.15180397033691406,False
1551,182,3.2097355200670705,0.00034420600059092976,0.15178871154785156,False
1552,126,2.041803111217197,0.0003444009998929687,0.15186500549316406,False
1553,46,17.895153234012056,0.0003580999982659705,0.1518421173095703,False
1554,89,12.7491744744719,0.00032147299862117507,0.1518573760986328,False
1555,168,6.569881039995451,0.00032464399919263087,0.15184974670410156,False
1556,168,12.547376099149673,0.0003255339979659766,0.15186500549316406,False
1557,89,2.806705213550785,0.00032398999974248,0.1518421173095703,False
1558,182,3.963023935880088,0.00032435400135000236,0.15183448791503906,False
1559,134,0.5336098982061372,0.00033714000164764,0.15184974670410156,False
1560,99,11.877997483996994,0.0003419559980102349,0.1517505645751953,False
1561,168,1.9240890380511928,0.00032601700149825774,0.1518115997314453,False
1562,51,5.737024515410383,0.00032449799982714467,0.15180397033691406,False
1563,55,0.44632492679356517,0.00032498799919267185,0.1517963409423828,False
1564,168,1.3824653659409876,0.00032806200033519417,0.1518421173095703,False
1565,182,0.5325155551667962,0.0003362460010976065,0.1518573760986328,False
1566,99,20.31904986902029,0.00032614100200589746,0.15180397033691406,False
1567,99,7.440746728277573,0.00032190800266107544,0.15177345275878906,False
1568,182,6.022514982715009,0.0003385380005056504,0.1518421173095703,False
1569,89,22.029188898311887,0.0003225660002499353,0.1518573760986328,False
1570,89,24.68386169185206,0.0003297850016679149,0.15184974670410156,False
1571,46,0.8807284591826914,0.00034491300175432116,0.1517963409423828,False
1572,182,4.380058968533248,0.00032362800266128033,0.15183448791503906,False
1573,46,0.21502410351649814,0.0003362759998708498,0.1517810821533203,False
1574,126,0.546883760924318,0.0003566390005289577,0.15183448791503906,False
1575,55,1.4392043505025995,0.0003344120013935026,0.15184974670410156,False
1576,89,1.7227067462838193,0.00032046200067270547,0.15183448791503906,False
1577,46,8.750139942283965,0.00033042600261978805,0.15181922912597656,False
1578,31,1.8019568898080056,0.00033529700158396736,0.15180397033691406,False
1579,99,22.91936909154223,0.0003202949992555659,0.1517658233642578,False
1580,99,26.978181026839327,0.0003171280004607979,0.15177345275878906,False
1581,99,0.2405308788452133,0.0003363599971635267,0.1518421173095703,False
1582,98,0.13765056393371822,0.00035331099934410304,0.1518268585205078,False
1583,31,1.2619962788956869,0.0003374880034243688,0.1518115997314453,False
1584,51,5.453479765602388,0.0003248430002713576,0.1518268585205078,False
1585,51,4.908634109222504,0.0003244130020902958,0.15181922912597656,False
1586,99,2.598288901284805,0.0003453600002103485,0.15177345275878906,False
1587,182,1.201379652895156,0.00033439699836890213,0.15183448791503906,False
1588,168,7.901465895899733,0.0003352349995111581,0.1518421173095703,False
1589,46,4.836138422914118,0.0003490859999146778,0.15186500549316406,False
1590,99,13.64649309427579,0.0003322970005683601,0.15183448791503906,False
1591,176,0.14280698970047467,0.0003273490001447499,0.15178871154785156,False
1592,89,17.147512924733164,0.0003281620010966435,0.15184974670410156,False
1593,78,0.3740969732962469,0.000318149002850987,0.1518115997314453,False
1594,99,9.205847331767913,0.0003472759999567643,0.15180397033691406,False
1595,51,4.413872001945634,0.0003288890002295375,0.15181922912597656,False
1596,89,5.4992133310484945,0.00032599499900243245,0.1518421173095703,False
1597,168,6.869720910803096,0.0003335920009703841,0.15181922912597656,False
1598,182,0.960112601136899,0.0003232529998058453,0.15181922912597656,False
1599,177,6.105028651741833,0.0003259450022596866,0.15184974670410156,False
1600,136,3.7350061804274812,0.0003368210018379614,0.15181922912597656,False
1601,31,0.2694427993927988,0.00032681300217518583,0.15183448791503906,False
1602,176,1.1772285976341834,0.0003272139983891975,0.1518573760986328,False
1603,168,2.317998505446937,0.0003280040000390727,0.1518573760986328,False
1604,52,0.00408830405213223,0.0003275170020060614,0.1518268585205078,False
1605,89,4.904155940313643,0.0003356039997015614,0.15184974670410156,False
1606,89,3.7258766381887227,0.00033310299841105007,0.1518573760986328,False
1607,99,5.453061610968025,0.00033051300124498084,0.1518115997314453,False
1608,182,9.089648522912867,0.00032507300056749955,0.1518421173095703,False
1609,99,11.956578994206378,0.00033002900090650655,0.15175819396972656,False
1610,99,15.026224891258789,0.0003262469981564209,0.15175819396972656,False
1611,99,14.873969312534408,0.00034361600046395324,0.1517658233642578,False
1612,89,0.2719680658486965,0.00034633299947017804,0.15186500549316406,False
1613,168,1.8702310670829974,0.00032013300005928613,0.1518268585205078,False
1614,182,0.5743449631746387,0.00035700299849850126,0.1518573760986328,False
1615,99,7.925589209401255,0.0003317700029583648,0.15174293518066406,False
1616,99,12.237937165208688,0.0003430150027270429,0.1517810821533203,False
1617,51,9.856316727218868,0.00034103300276910886,0.1518268585205078,False
1618,89,13.004826749325431,0.00033119799991254695,0.1518268585205078,False
1619,168,10.92042296110948,0.0003360410009918269,0.1518268585205078,False
1620,51,0.7817823101844468,0.0003290579988970421,0.1517658233642578,False
1621,182,2.451567062497574,0.00033221499688806944,0.15183448791503906,False
1622,168,0.8095567136847706,0.00032312600160366856,0.1518115997314453,False
1623,168,5.103731293828176,0.000320138999086339,0.15180397033691406,False
1624,168,10.14285976411135,0.0003379910012881737,0.15184974670410156,False
1625,99,16.11335576964272,0.0003333309978188481,0.1518115997314453,False
1626,31,14.447432022287444,0.0003583409998100251,0.15183448791503906,False
1627,46,2.9317231201101492,0.000327654997818172,0.15184974670410156,False
1628,89,2.606476375280451,0.0003270960005465895,0.15183448791503906,False
1629,156,14.156872908996647,0.00032665700200595893,0.15178871154785156,False
1630,99,9.582505421160635,0.0003265730010753032,0.1517810821533203,False
1631,99,2.184486904090826,0.0003163700021104887,0.1517505645751953,False
1632,177,3.9608599084541254,0.0003352130006533116,0.15186500549316406,False
1633,175,0.3772011095574399,0.0003265799969085492,0.1518115997314453,False
1634,39,1.8377374425666062,0.0003390040001249872,0.1518115997314453,False
1635,89,5.458789493144508,0.00033793300099205226,0.15184974670410156,False
1636,109,0.27693443302537446,0.00033614199855946936,0.1518268585205078,False
1637,168,0.19676039587339744,0.00033266899845330045,0.1518573760986328,False
1638,182,1.9161903293776277,0.00033391499891877174,0.1518726348876953,False
1639,168,3.7658566713306527,0.00034059899917338043,0.15184974670410156,False
1640,177,2.8280983732598344,0.0003357319983479101,0.1518268585205078,False
1641,168,2.555583599823649,0.00033139700099127367,0.15183448791503906,False
1642,99,4.664193114819568,0.0003273860020271968,0.1518115997314453,False
1643,175,3.374353692696971,0.00035787800152320415,0.1518573760986328,False
1644,156,1.285193507233089,0.0003191299983882345,0.1517810821533203,False
1645,99,5.746083792247591,0.00033976899794652127,0.1518421173095703,False
1646,177,0.5836894598444076,0.00031919500179355964,0.15177345275878906,False
1647,78,0.2333347264447525,0.0003529470013745595,0.15183448791503906,False
1648,168,2.801683307372727,0.0003272760004620068,0.1518573760986328,False
1649,182,3.0631758104112947,0.00032826199822011404,0.1518573760986328,False
1650,46,1.0643520714195773,0.0003228230016247835,0.15181922912597656,False
1651,46,5.055151180443531,0.00032508900039829314,0.1518268585205078,False
1652,89,6.247105319312112,0.00033498300035716966,0.1518268585205078,False
1653,89,0.6509050708818904,0.00035128899980918504,0.1518573760986328,False
1654,182,3.439173183140994,0.000319874998240266,0.1518115997314453,False
1655,89,2.812741351191633,0.0003387060023669619,0.1518573760986328,False
1656,168,8.031647305220403,0.0003288180014351383,0.1518421173095703,False
1657,51,1.120012413352498,0.0003262249992985744,0.15183448791503906,False
1658,38,0.21141904928144584,0.00032597300014458597,0.1518268585205078,False
1659,51,1.6874004025749798,0.000322841002343921,0.15177345275878906,False
1660,31,8.365512491550712,0.00034018600126728415,0.15180397033691406,False
1661,182,14.5866335406444,0.00032835499951033853,0.1518268585205078,False
1662,104,0.3804606051874373,0.0003334259999974165,0.15183448791503906,False
1663,168,0.5500086416544434,0.0003506009998091031,0.1518573760986328,False
1664,182,5.634053571977049,0.00031950900302035734,0.15181922912597656,False
1665,46,6.876685840785356,0.0003175650017510634,0.15180397033691406,False
1666,89,9.382647531722085,0.00032486800046171993,0.15184974670410156,False
1667,46,0.4829714867068873,0.0003203939995728433,0.1518115997314453,False
1668,89,6.3993249292034164,0.00033835800059023313,0.15183448791503906,False
1669,99,1.4787642328945232,0.0003641639996203594,0.15181922912597656,False
1670,177,0.08879042361522238,0.00031547100297757424,0.1517658233642578,False
1671,89,3.421992214337237,0.00033531500230310485,0.15186500549316406,False
1672,193,0.1161981867295907,0.0003399179986445233,0.15183448791503906,False
1673,89,11.98098203002263,0.0003296750001027249,0.15186500549316406,False
1674,89,0.2203205041768257,0.0003291430002718698,0.1518421173095703,False
1675,70,2.14787538055279,0.0003228230016247835,0.1518268585205078,False
1676,168,6.433442808708008,0.00033650000113993883,0.15183448791503906,False
1677,168,4.29183587048675,0.00032279600054607727,0.15184974670410156,False
1678,46,3.2688398728566312,0.0003316750007797964,0.15186500549316406,False
1679,126,0.025262705530257556,0.0003223449966753833,0.15177345275878906,False
1680,182,0.7603149034155336,0.00033811300090746954,0.15184974670410156,False
1681,99,6.385856211185498,0.00036727100086864084,0.15178871154785156,False
1682,42,0.9962212716621508,0.0003412570004002191,0.1518115997314453,False
1683,89,20.072971218247304,0.0003360049995535519,0.15183448791503906,False
1684,89,2.491256079402234,0.0003245660009270068,0.15184974670410156,False
1685,39,0.1958511887712575,0.00032226099938270636,0.1518268585205078,False
1686,99,4.348447836105644,0.00032213099984801374,0.1517505645751953,False
1687,168,0.9625655353860338,0.00033289799830527045,0.1518573760986328,False
1688,182,6.278687639502792,0.00032668600033503026,0.15186500549316406,False
1689,51,2.3524244031384143,0.0003453700010140892,0.1518573760986328,False
1690,89,26.8943122711283,0.0003331699990667403,0.15188026428222656,False
1691,89,20.99369896981007,0.00032777399974293076,0.1518421173095703,False
1692,182,3.2356880244579287,0.00032559200190007687,0.1518268585205078,False
1693,42,2.2596623214864877,0.00032970499887596816,0.1518115997314453,False
1694,31,26.43138382906853,0.0003269100016041193,0.1517963409423828,False
1695,46,16.65591951723954,0.0003395349995116703,0.1518421173095703,False
1696,55,3.53992298764193,0.00032405399906565435,0.15180397033691406,False
1697,51,6.438119672913572,0.0004972770002495963,0.1518268585205078,False
1698,177,3.4962048522510827,0.00031867000143392943,0.15183448791503906,False
1699,99,1.4332095640959537,0.00033205900035682134,0.15178871154785156,False
1700,46,4.689565852560705,0.0003214169992133975,0.1518421173095703,False
1701,46,3.943803770937862,0.00032895700132939965,0.1518421173095703,False
1702,89,3.16741635406251,0.0003243179999117274,0.1518726348876953,False
1703,89,6.186729493659257,0.0003397840009711217,0.1518573760986328,False
1704,155,0.02089174290559015,0.00032337900120182894,0.15184974670410156,False
1705,89,18.373036957284782,0.00032088500302052125,0.1518573760986328,False
1706,51,0.5468889345710437,0.00033546100166859105,0.1518268585205078,False
1707,31,0.9836734533773706,0.0003206879991921596,0.1517810821533203,False
1708,168,6.332583614978262,0.000319759998092195,0.15181922912597656,False
1709,89,16.47132412270534,0.0003411610014154576,0.15183448791503906,False
1710,89,15.029657725752088,0.00034701399999903515,0.15186500549316406,False
1711,168,0.887481974897085,0.0003629730017564725,0.1518268585205078,False
1712,163,0.2848372329846507,0.0003434919999563135,0.1517200469970703,False
1713,51,1.4439349073684724,0.0003371940001670737,0.1518421173095703,False
1714,46,2.9995463676791445,0.0004050290008308366,0.15181922912597656,False
1715,186,1.602009298680052,0.00032203200316871516,0.1518268585205078,False
1716,55,1.881888096049181,0.0003297500006738119,0.1518115997314453,False
1717,51,4.159746302518599,0.0003441090011619963,0.15181922912597656,False
1718,89,7.078289877329482,0.0003225069995096419,0.1518421173095703,False
1719,182,7.311994729956112,0.00036055899909115396,0.15188026428222656,False
1720,46,2.3298543012737127,0.00033040400012396276,0.1518573760986328,False
1721,89,13.881407928714935,0.00032381299752159975,0.15184974670410156,False
1722,99,8.291681459129105,0.0003246629967179615,0.1517963409423828,False
1723,89,11.104529968960463,0.0003266220010118559,0.15184974670410156,False
1724,89,0.8291836521601823,0.0003286820028733928,0.15188026428222656,False
1725,89,1.9785271367380801,0.0003334969987918157,0.1518421173095703,False
1726,168,5.453246471798991,0.000340156999300234,0.15184974670410156,False
1727,99,3.8798250764648707,0.000321928000630578,0.1517658233642578,False
1728,182,0.4413591015983229,0.0003308000013930723,0.1518421173095703,False
1729,102,0.34137689954221173,0.0003244500003347639,0.15184974670410156,False
1730,31,9.904175180321012,0.0003270230008638464,0.1518115997314453,False
1731,55,0.6975171866663885,0.00032350900073652156,0.1518421173095703,False
1732,89,8.25606552696712,0.0003331500010972377,0.1518268585205078,False
1733,119,2.0015103867668813,0.0003921550014638342,0.15181922912597656,False
1734,99,20.706319445035138,0.00032048000139184296,0.1517810821533203,False
1735,193,0.01231687579041818,0.00032595000084256753,0.1518421173095703,False
1736,99,5.4658536294202795,0.0003420350003580097,0.15175819396972656,False
1737,78,0.1885570532406149,0.00031931500052451156,0.1518115997314453,False
1738,89,2.320584157342637,0.00034150699866586365,0.15184974670410156,False
1739,99,8.991697468318847,0.0003301600008853711,0.15178871154785156,False
1740,168,10.886814089593713,0.0003246339983888902,0.15183448791503906,False
1741,89,0.2856482316306739,0.00034341599894105457,0.15186500549316406,False
1742,89,11.772158054253353,0.0003527899971231818,0.15184974670410156,False
1743,168,8.947277856703991,0.0003347999991092365,0.1518268585205078,False
1744,99,4.4961974370931905,0.0003889680010615848,0.1518268585205078,False
1745,89,13.345176640522283,0.0003234779978811275,0.1518573760986328,False
1746,176,1.13091741930063,0.00033253500077989884,0.15183448791503906,False
1747,46,5.023250303343744,0.00032302700128639117,0.1518573760986328,False
1748,182,5.1716477808850385,0.00032180299967876635,0.15183448791503906,False
1749,49,2.63636408028097,0.00033396999788237736,0.1518421173095703,False
1750,168,5.3968761485106285,0.0003417529987927992,0.15183448791503906,False
1751,25,1.9602638781003776,0.0003165220005030278,0.15172767639160156,False
1752,89,16.263090333311922,0.0003313960005471017,0.15184974670410156,False
1753,182,3.2653131633844907,0.0003344270007801242,0.1518726348876953,False
1754,51,4.316247838834812,0.0003213119998690672,0.15181922912597656,False
1755,89,6.090812375966209,0.0003483059990685433,0.15183448791503906,False
1756,89,0.6292948564768608,0.0003404300005058758,0.1518726348876953,False
1757,99,17.26927275931978,0.0003351200030010659,0.15178871154785156,False
1758,20,1.4988319426637133,0.0003431350014579948,0.1518421173095703,False
1759,78,0.2512560760794855,0.00032930800080066547,0.15181922912597656,False
1760,89,9.59313992897495,0.00033126299967989326,0.1518268585205078,False
1761,89,10.273433695023073,0.00032931399982771836,0.1518726348876953,False
1762,89,5.477684622471656,0.00032477499917149544,0.1518421173095703,False
1763,119,0.787159067255871,0.00033729099959600717,0.1518421173095703,False
1764,75,0.009905686068677255,0.0003327430022181943,0.15183448791503906,False
1765,89,0.13612205930505183,0.0003349190010339953,0.1518573760986328,False
1766,89,17.54702531039065,0.00032311799805029295,0.15184974670410156,False
1767,182,8.959752893507797,0.0003342259988130536,0.1518573760986328,False
1768,99,11.546080906579844,0.0004018479994556401,0.1518115997314453,False
1769,89,13.335637189045201,0.0003284339982201345,0.1518573760986328,False
1770,182,7.659928822720502,0.0003249850014981348,0.1518268585205078,False
1771,168,8.20580421870136,0.00033194999923580326,0.15183448791503906,False
1772,89,12.031604815259882,0.000324407999869436,0.15183448791503906,False
1773,176,1.4617452381156255,0.00032011500297812745,0.1518115997314453,False
1774,89,0.22608932358114942,0.0003337069974804763,0.15183448791503906,False
1775,89,0.17659584705282327,0.00044709299982059747,0.15184974670410156,False
1776,126,1.7975706856195544,0.0004656210003304295,0.15186500549316406,False
1777,134,0.6805365922809301,0.0003201299987267703,0.1518115997314453,False
1778,136,11.494717492158461,0.0003237349992559757,0.1518421173095703,False
1779,46,2.514410420978379,0.00034614900141605176,0.15183448791503906,False
1780,20,0.9313007180728476,0.00034019600207102485,0.1517963409423828,False
1781,99,12.554751080809995,0.000335841003106907,0.15178871154785156,False
1782,89,16.993154330127737,0.0003348040008859243,0.1518421173095703,False
1783,51,4.379556125660031,0.0003238120007154066,0.1518421173095703,False
1784,169,0.13819943365541576,0.00032869999995455146,0.15181922912597656,False
1785,176,0.4309056455096396,0.0003516569995554164,0.1517963409423828,False
1786,99,6.8055498946264965,0.0003335490000608843,0.1517810821533203,False
1787,89,8.871075715053934,0.00033432399868615903,0.15184974670410156,False
1788,136,10.775200756067333,0.00034770899947034195,0.15181922912597656,False
1789,46,1.0166863883915198,0.0003267129977757577,0.15183448791503906,False
1790,182,1.395765172786355,0.00031955600206856616,0.15181922912597656,False
1791,99,32.8966661351871,0.00032058099895948544,0.15175819396972656,False
1792,182,3.6246828250220346,0.00032965799982775934,0.15184974670410156,False
1793,89,22.192978460203577,0.0003235869990021456,0.15183448791503906,False
1794,46,2.929480012879253,0.00034029900052701123,0.1518421173095703,False
1795,168,3.50834659645281,0.0003276839997852221,0.15186500549316406,False
1796,89,2.7827285964576873,0.0003296370014140848,0.1518268585205078,False
1797,89,7.63483958029326,0.00033262499709962867,0.1518573760986328,False
1798,197,0.7016499380022765,0.0003349610014993232,0.15183448791503906,False
1799,89,0.35186302118455615,0.00033392899786122143,0.15183448791503906,False
1800,186,0.5072158531627089,0.0003235559997847304,0.1518115997314453,False
1801,89,1.5741875606828444,0.0003843279991997406,0.15184974670410156,False
1802,89,23.78846415259261,0.0003369490004843101,0.15183448791503906,False
1803,99,18.217242060584216,0.0003533589988364838,0.15181922912597656,False
1804,99,22.18544422414763,0.00032519699743716046,0.1517200469970703,False
1805,168,2.6795344875686027,0.00035353999919607304,0.1518573760986328,False
1806,46,11.453749316232575,0.0003292090004833881,0.1517658233642578,False
1807,169,0.6155125251000442,0.0003211310031474568,0.1518573760986328,False
1808,168,3.390861447315018,0.0003600730015023146,0.15183448791503906,False
1809,89,20.222891352244716,0.0003292010005679913,0.1518421173095703,False
1810,55,0.3604161827896064,0.0003250879999541212,0.15183448791503906,False
1811,99,15.687992882404387,0.00034922000122605823,0.15177345275878906,False
1812,135,0.2865876469206512,0.00032580699917161837,0.15183448791503906,False
1813,136,1.1092751793151407,0.000325246001011692,0.15183448791503906,False
1814,89,8.540839578787839,0.00032052400274551474,0.15178871154785156,False
1815,168,1.1114381410016279,0.0003330590006953571,0.15181922912597656,False
1816,168,8.914054397487789,0.0003475170015008189,0.1518268585205078,False
1817,99,16.200934848660076,0.000323986001603771,0.1517658233642578,False
1818,46,3.6681072211734573,0.0003274159971624613,0.1518115997314453,False
1819,51,0.20953583727238367,0.0003322380034660455,0.1518421173095703,False
1820,89,1.6570113550921377,0.0003522949991747737,0.15183448791503906,False
1821,126,0.554626412720431,0.0003308119994471781,0.15184974670410156,False
1822,89,27.63307047841245,0.00032365699735237285,0.1518726348876953,False
1823,99,18.531673699991927,0.0003331099978822749,0.1517353057861328,False
1824,31,15.355628774370318,0.00033466899913037196,0.1518115997314453,False
1825,46,0.6226289181857396,0.00032787099917186424,0.1518421173095703,False
1826,136,16.951718987314017,0.00033719500061124563,0.15183448791503906,False
1827,168,3.5591286472982517,0.0003451530028542038,0.1518421173095703,False
1828,99,7.496705582942802,0.0003276800016465131,0.1517505645751953,False
1829,168,0.9698252279324606,0.0003439049978624098,0.15180397033691406,False
1830,89,0.07857634909989031,0.0003303559969936032,0.1518421173095703,False
1831,57,0.021246740595053826,0.00036290500065661035,0.15181922912597656,False
1832,168,4.532864475855163,0.0003509419984766282,0.1518115997314453,False
1833,89,11.230825232421296,0.00031894400308374316,0.1518421173095703,False
1834,126,4.437770879877405,0.00032512600228074007,0.15181922912597656,True
1835,184,1.393624436535454,0.0003385799973329995,0.1518115997314453,False
1836,46,1.6800147569178563,0.000323381998896366,0.15180397033691406,False
1837,89,2.4938982842257786,0.00034201599919470027,0.15183448791503906,False
1838,99,4.747612846993736,0.00033861600240925327,0.1518115997314453,False
1839,55,9.479282358074997,0.00033452900242991745,0.1518115997314453,False
1840,46,1.4875424172027323,0.0003216619988961611,0.15183448791503906,False
1841,176,1.0115921052885781,0.0003307430015411228,0.15184974670410156,False
1842,177,1.3511622453630139,0.0003477299978840165,0.1518421173095703,False
1843,46,6.144834873574439,0.0003541769983712584,0.15186500549316406,False
1844,182,2.5241520905738497,0.00032148299942491576,0.15181922912597656,False
1845,99,20.259704298001637,0.0003180329986207653,0.1517200469970703,False
1846,89,8.662079333799184,0.0003381669994269032,0.1518573760986328,False
1847,183,0.6564575735126681,0.0003264719998696819,0.1518421173095703,False
1848,168,3.566163679660164,0.0003254139992350247,0.1518573760986328,False
1849,89,22.373240935914197,0.000323836000461597,0.15184974670410156,False
1850,49,0.03917119961452631,0.00033911200080183335,0.1518421173095703,False
1851,8,0.895064702403559,0.0003424709975661244,0.15184974670410156,False
1852,99,14.909592747774921,0.0003231009977753274,0.1517658233642578,False
1853,99,0.5964014617065656,0.0003308609993837308,0.15174293518066406,False
1854,168,0.8145432758438176,0.00033276400063186884,0.15183448791503906,False
1855,168,4.139359859576231,0.0003284560007159598,0.15183448791503906,False
1856,51,0.9976355705231015,0.0003510589995130431,0.15184974670410156,False
1857,42,4.089266096318653,0.00034312400021008216,0.1517963409423828,False
1858,99,13.358175774285833,0.0003325039979245048,0.1517963409423828,False
1859,46,12.809169708757125,0.0003933529987989459,0.1518268585205078,False
1860,46,0.9280409438801627,0.0003258479991927743,0.1518726348876953,False
1861,126,2.5415184771399595,0.0003324429999338463,0.15184974670410156,False
1862,99,0.2991081679356,0.00032564600041951053,0.15175819396972656,False
1863,8,0.79493431908665,0.0003257589996792376,0.1517810821533203,False
1864,89,10.047997022945623,0.00032649900094838813,0.15180397033691406,False
1865,173,6.252948963273303,0.00032978399758576415,0.15178871154785156,False
1866,49,0.04867565418696529,0.0003482510001049377,0.15181922912597656,False
1867,46,7.2990089389631265,0.00033078500200645067,0.15181922912597656,False
1868,168,3.077391330739758,0.0003299349991721101,0.1518573760986328,False
1869,94,0.15399555527886832,0.0003441070002736524,0.15181922912597656,False
1870,163,30.121236917740394,0.00031789400236448273,0.1517200469970703,False
1871,168,5.083707076870766,0.00032032800299930386,0.1518268585205078,False
1872,182,4.667855871681695,0.00032145200020750053,0.15184974670410156,False
1873,168,8.897866160526334,0.0005348339982447214,0.15184974670410156,False
1874,99,2.301144172405719,0.0003255689989600796,0.1518115997314453,False
1875,99,9.254328638258075,0.0003201609979441855,0.1517810821533203,False
1876,168,1.3239042484693897,0.0003451269985816907,0.15180397033691406,False
1877,99,4.310027754780538,0.0003215180004190188,0.15180397033691406,False
1878,46,12.687398846242786,0.0003233149982406758,0.15178871154785156,False
1879,99,3.277893416773267,0.0003265979976276867,0.15180397033691406,False
1880,99,0.0051562790323080865,0.0003592080029193312,0.1518268585205078,False
1881,89,17.835889800852158,0.0003431679979257751,0.1518268585205078,False
1882,89,19.009598902865505,0.0003312310000183061,0.1518421173095703,False
1883,89,23.70876774364831,0.00035152200143784285,0.1518573760986328,False
1884,106,1.8659614535927318,0.0003467450005700812,0.1518421173095703,False
1885,182,7.391795651497915,0.00032850700154085644,0.1518573760986328,False
1886,75,0.4410933627140423,0.0003227199995308183,0.15181922912597656,False
1887,168,6.753948210727671,0.00033228600295842625,0.15183448791503906,False
1888,89,26.772346622571362,0.00033469099798821844,0.1518573760986328,False
1889,168,4.217003969393119,0.0003359769980306737,0.1518421173095703,False
1890,182,0.6997005164050307,0.00034865099951275624,0.15184974670410156,False
1891,139,1.028443645698502,0.00035726399801205844,0.15183448791503906,False
1892,168,2.4537971862672805,0.0003308420018584002,0.15183448791503906,False
1893,182,2.695525385661554,0.0003718640000442974,0.15183448791503906,False
1894,99,0.28263408770643283,0.00032457500128657557,0.1517658233642578,False
1895,46,11.011071666723026,0.00031936099912854843,0.1518268585205078,False
1896,99,16.153564720602468,0.0003393099977984093,0.1517658233642578,False
1897,136,12.29393709763717,0.0003264779988967348,0.15183448791503906,False
1898,46,0.843970848443675,0.0003201510007784236,0.1518421173095703,False
1899,99,12.317951778469855,0.0003273010006523691,0.15180397033691406,False
1900,89,0.4615783249815735,0.0003200589999323711,0.15184974670410156,False
1901,168,3.7658566713306527,0.00032602099963696674,0.15184974670410156,False
1902,168,12.999750536316526,0.0003375150008650962,0.1518726348876953,False
1903,99,10.74834703967977,0.00033343500035698526,0.1518268585205078,False
1904,46,0.7203277811851194,0.0003185420027875807,0.1518115997314453,False
1905,89,4.988158760784302,0.00032718800139264204,0.15183448791503906,False
1906,99,5.609523067866547,0.00048390500160166994,0.15178871154785156,False
1907,182,5.931468431369595,0.0003289160013082437,0.15183448791503906,False
1908,51,0.9375030367953414,0.00033689300107653253,0.15180397033691406,False
1909,168,1.8933430924344066,0.00032153299980564043,0.15183448791503906,False
1910,89,6.534418142842739,0.0003612469990912359,0.1518421173095703,False
1911,156,2.044837683618141,0.0003304409983684309,0.1517810821533203,False
1912,126,0.23579449837514233,0.00036498199915513396,0.1518726348876953,False
1913,194,0.4471976293571416,0.00035577500239014626,0.15184974670410156,False
1914,89,5.142646735360572,0.00032347399974241853,0.1518421173095703,False
1915,177,0.3928271712253917,0.0003246550004405435,0.15181922912597656,False
1916,89,1.5734817408341826,0.0003254309995099902,0.1518573760986328,False
1917,99,19.316980282740015,0.00034029500238830224,0.1517963409423828,False
1918,31,6.593671175219795,0.0003295899987278972,0.1518268585205078,False
1919,99,12.232952513084694,0.0003229670001019258,0.1517505645751953,False
1920,46,1.557286435136973,0.00033635699946898967,0.1518573760986328,False
1921,99,20.264979102616458,0.0003566129998944234,0.1518115997314453,False
1922,89,10.610406636091383,0.00034149299972341396,0.1518268585205078,False
1923,99,10.53906262755424,0.00032182900031330064,0.1517353057861328,False
1924,99,6.484578844512245,0.000323645999742439,0.1517963409423828,False
1925,99,11.281687552144946,0.0003257240023231134,0.15175819396972656,False
1926,46,3.4131061221532093,0.00033310499929939397,0.15184974670410156,False
1927,168,2.7861393320368677,0.0003282789984950796,0.15178871154785156,False
1928,169,1.0222807706070114,0.00036328199712443165,0.1518573760986328,False
1929,136,12.940748718331319,0.00033880600312841125,0.15181922912597656,False
1930,177,3.116772082855846,0.0003226690023439005,0.1518268585205078,False
1931,158,0.4903503495498427,0.00034369099739706144,0.1517963409423828,False
1932,89,1.5449697565516942,0.00032923499747994356,0.15184974670410156,False
1933,46,2.93285016900073,0.0003234729992982466,0.15183448791503906,False
1934,182,6.688345464457981,0.0003418140004214365,0.1518268585205078,False
1935,89,2.051967094447818,0.0003366130003996659,0.15181922912597656,False
1936,99,11.685280494886042,0.00033902100039995275,0.1517658233642578,False
1937,168,0.77912978958841,0.00032485799965797924,0.1518421173095703,False
1938,99,18.654913696765966,0.00034756899913190864,0.15177345275878906,False
1939,168,2.7264464072283516,0.0003286700011813082,0.15183448791503906,False
1940,43,0.08489861326983217,0.0003203710002708249,0.15175819396972656,False
1941,31,33.39484402892794,0.000339927999448264,0.15180397033691406,False
1942,177,38.827113503040415,0.00032375199953094125,0.15181922912597656,True
1943,156,3.118112151703471,0.0003224950014555361,0.15181922912597656,False
1944,46,0.6834423002471084,0.00033895999877131544,0.15183448791503906,False
1945,99,6.968442194843913,0.0003492560026643332,0.1518268585205078,False
1946,89,26.147980174075826,0.0003266220010118559,0.15183448791503906,False
1947,89,3.125125133206481,0.00032591600029263645,0.1518573760986328,False
1948,70,0.44069728597732194,0.00034211499951197766,0.1518573760986328,False
1949,89,0.34900999629637397,0.0003230920010537375,0.15183448791503906,False
1950,168,1.1942415180122907,0.0003189169983670581,0.1517810821533203,False
1951,168,3.1909849309561906,0.0003400410023459699,0.1518115997314453,False
1952,89,14.002218149134748,0.00035055999978794716,0.1518268585205078,False
1953,99,3.117056037502227,0.00034274900099262595,0.15180397033691406,False
1954,31,0.6937660731804387,0.0003276349998486694,0.15175819396972656,False
1955,63,0.555119730945755,0.0003237789969716687,0.15180397033691406,False
1956,99,0.34698194859534226,0.0003335679975862149,0.1517658233642578,False
1957,99,7.685738988577327,0.0003370100021129474,0.15181922912597656,False
1958,46,5.024552952759606,0.00034333499934291467,0.1518573760986328,False
1959,99,8.144077947213079,0.00032667000050423667,0.15180397033691406,False
1960,182,0.07819241563670687,0.0006632719996559899,0.1518268585205078,False
1961,99,18.92201794176473,0.00033851400075946003,0.1517810821533203,False
1962,99,9.866900198093989,0.0003267380016040988,0.15180397033691406,False
1963,46,0.9631789761906333,0.0003420850007387344,0.1518115997314453,False
1964,89,2.0334133248851174,0.00032213899976341054,0.1518421173095703,False
1965,168,1.0105925836416674,0.000341717000992503,0.1518268585205078,False
1966,46,4.286711277754833,0.00033947100018849596,0.1517963409423828,False
1967,46,6.520166742405621,0.00034296399826416746,0.15183448791503906,False
1968,168,7.769305755746771,0.0003334280008857604,0.1518115997314453,False
1969,168,0.38488344647966244,0.00031993100128602237,0.1518115997314453,False
1970,46,1.9071128600322709,0.00033494400122435763,0.15183448791503906,False
1971,168,2.303313816002685,0.00032008699781727046,0.1518115997314453,False
1972,168,3.282330234354319,0.0003222779996576719,0.15183448791503906,False
1973,168,0.3679040858537661,0.0003247109998483211,0.15180397033691406,False
1974,119,0.2136727526200417,0.00033196799995494075,0.15180397033691406,False
1975,99,4.080848398379139,0.00031943400244927034,0.15178871154785156,False
1976,89,9.918725871783849,0.000324032997014001,0.1518421173095703,False
1977,186,1.94352315296997,0.0003194620003341697,0.1518115997314453,False
1978,182,2.2221229570126724,0.0003694639999594074,0.15186500549316406,False
1979,89,1.0344527042626197,0.00033619000168982893,0.15183448791503906,False
1980,51,7.957760000277631,0.00034552700162748806,0.1518421173095703,False
1981,89,8.790879128694968,0.0003274430018791463,0.1518421173095703,False
1982,99,3.126261542790698,0.0003488340007606894,0.1518421173095703,False
1983,156,1.1920981626733393,0.0003342950003570877,0.15181922912597656,False
1984,177,0.3216450835153779,0.0003189290000591427,0.1518268585205078,False
1985,99,14.292566895565596,0.00032910500158322975,0.1517658233642578,False
1986,46,4.641880112666598,0.00032184100200538523,0.1518421173095703,False
1987,51,1.8826330794784667,0.0003267290012445301,0.15180397033691406,False
1988,102,0.09375980828338015,0.0003526359978422988,0.1518115997314453,False
1989,168,1.0495432469002992,0.0003334070024720859,0.1518268585205078,False
1990,89,1.1364806019227416,0.0003327430022181943,0.15184974670410156,False
1991,182,0.9421822511436773,0.00032901799932005815,0.1518115997314453,False
1992,31,0.20550500781618553,0.0003284290032752324,0.15180397033691406,False
1993,177,2.196536750525496,0.0003396680003788788,0.1518115997314453,False
1994,51,0.6906227636884665,0.00033172900293720886,0.15184974670410156,False
1995,168,4.951475614364597,0.0003314679997856729,0.15183448791503906,False
1996,156,0.2742833382633023,0.0003389859994058497,0.1517658233642578,False
1997,46,15.458768544546913,0.0003367769968463108,0.15183448791503906,False
1998,46,0.028228955586868665,0.0003223429994250182,0.1518573760986328,False
1999,182,0.37969350876690555,0.000324147997162072,0.15180397033691406,False
2000,182,0.5897848183905268,0.0003184850029356312,0.15180397033691406,False
2001,89,2.83440708140553,0.00033330899896100163,0.15184974670410156,False
2002,156,0.776516034484743,0.00038857999970787205,0.15178871154785156,False
2003,51,0.20486322429628956,0.00034184499963885173,0.15183448791503906,False
2004,156,0.3043353159246891,0.0003248960019845981,0.15180397033691406,False
2005,43,0.06046776205925397,0.00037245999919832684,0.1518115997314453,False
2006,94,5.1458140094418425,0.00034678100200835615,0.1518573760986328,False
2007,46,2.866847219976947,0.0003317059999972116,0.1518573760986328,False
2008,89,19.577706692838404,0.0003260199991927948,0.15184974670410156,False
2009,42,2.454191553321465,0.0003254709990869742,0.1518115997314453,False
2010,168,3.1022417319584292,0.0003427359988563694,0.15184974670410156,False
2011,99,22.622627200918767,0.0003412440019019414,0.1517658233642578,False
2012,99,31.314489228908233,0.00033946099938475527,0.1517810821533203,False
2013,46,3.725912744456309,0.00032436200126539916,0.15183448791503906,False
2014,31,7.055949028565182,0.00034212500031571835,0.1517963409423828,False
2015,168,4.038047099091514,0.00031886699798633344,0.1517963409423828,False
2016,99,10.232551750291197,0.00032759799796622247,0.1517658233642578,False
2017,46,5.612434516518107,0.0003384609990462195,0.1518573760986328,False
2018,89,17.279073307102465,0.0003290329987066798,0.1518421173095703,False
2019,168,2.2417256094067852,0.0003465049994701985,0.1518573760986328,False
2020,46,6.185437522972094,0.00034466399665689096,0.1518878936767578,False
2021,168,2.4831507081578366,0.0005569470013142563,0.15183448791503906,False
2022,89,4.896176297981015,0.00033804000122472644,0.15184974670410156,False
2023,99,16.490851838579115,0.0003571939996618312,0.15183448791503906,False
2024,46,2.9254132417866714,0.00034305299777770415,0.15186500549316406,False
2025,168,5.855594921032392,0.0003291079992777668,0.1518573760986328,False
2026,51,1.3267629919225783,0.0003228209970984608,0.15183448791503906,False
2027,182,1.3814226617556926,0.00036257300234865397,0.15180397033691406,False
2028,168,3.706192250687053,0.000325475000863662,0.15184974670410156,False
2029,89,4.430472972297025,0.0003278240001236554,0.1518268585205078,False
2030,31,0.3236716701602802,0.0003189109993400052,0.15180397033691406,False
2031,168,5.2138674980160715,0.00033340899972245097,0.1518573760986328,False
2032,182,6.982283234961173,0.00032463500247104093,0.15183448791503906,False
2033,89,1.6151512316567818,0.00033374700069543906,0.1518268585205078,False
2034,31,15.097450240323994,0.0003230599977541715,0.1518115997314453,False
2035,99,8.749705313730555,0.0003663930001494009,0.1518268585205078,False
2036,31,12.66300192866311,0.000328259000525577,0.1518115997314453,False
2037,89,1.218559564218154,0.00034340599813731387,0.15184974670410156,False
2038,46,10.687196379289006,0.0003226789995096624,0.15181922912597656,False
2039,99,17.19094958389954,0.000323378000757657,0.1517200469970703,False
2040,168,12.515041801801203,0.00034843799949157983,0.15181922912597656,False
2041,89,9.7226762998163,0.00032584499786025845,0.1518268585205078,False
2042,99,19.36678190446321,0.00033338600042043254,0.1518115997314453,False
2043,46,9.299119138918215,0.0003208599991921801,0.1518421173095703,False
2044,156,0.1998806994981237,0.00032661100340192206,0.1518268585205078,False
2045,89,20.53678935198461,0.0003193299999111332,0.1518268585205078,False
2046,46,0.7337478423649344,0.00039440900218323804,0.15181922912597656,False
2047,89,6.475853847345135,0.00034643899925868027,0.1518421173095703,False
2048,31,4.546765507155849,0.0003301130018371623,0.15180397033691406,False
2049,99,17.951960341713605,0.00034454399792593904,0.15175819396972656,False
