Test Index,Train Index,Score,Computing Time (s),Space Usage (MB),Same Class
0,14,0.0,9.589299952494912e-05,0.16747570037841797,True
1,9,0.022900763358778664,9.760100147104822e-05,0.16745281219482422,True
2,10,0.022900763358778664,9.898699863697402e-05,0.16745281219482422,True
3,1,0.007633587786259555,9.743699774844572e-05,0.16746807098388672,True
4,10,0.007633587786259555,9.504899935564026e-05,0.16746807098388672,True
5,9,0.03053435114503822,9.983100244426169e-05,0.16744518280029297,True
6,25,0.01526717557251911,9.574800060363486e-05,0.16746044158935547,True
7,22,0.022900763358778664,9.705900083645247e-05,0.16745281219482422,True
8,23,0.007633587786259555,0.00011199899745406583,0.16746807098388672,True
9,4,0.03053435114503822,9.687200144981034e-05,0.16744518280029297,True
10,8,0.01526717557251911,9.566700100549497e-05,0.16746044158935547,True
11,2,0.007633587786259555,0.00011398000060580671,0.16746807098388672,True
12,1,0.0,9.964800119632855e-05,0.16747570037841797,True
13,23,0.007633587786259555,0.0001113459984480869,0.16746807098388672,True
14,38,0.007633587786259555,9.456899715587497e-05,0.16746807098388672,True
15,4,0.01526717557251911,0.00010486899918760173,0.16746044158935547,True
16,3,0.007633587786259555,0.00010603400005493313,0.16746807098388672,True
17,1,0.0,9.977299851016141e-05,0.16747570037841797,True
18,1,0.0,9.727900032885373e-05,0.16747570037841797,True
19,1,0.0,0.00010452900096424855,0.16747570037841797,True
20,1,0.0,0.000101195000752341,0.16747570037841797,True
21,1,0.007633587786259555,9.611800123821013e-05,0.16746807098388672,True
22,13,0.0,0.00010476399984327145,0.16747570037841797,True
23,13,0.0,0.00011425599950598553,0.16747570037841797,True
24,18,0.0,9.543499982100911e-05,0.16747570037841797,True
25,1,0.0,0.0001055329994414933,0.16747570037841797,True
26,18,0.0,0.00010105800174642354,0.16747570037841797,True
27,1,0.0,9.927100109052844e-05,0.16747570037841797,True
28,15,0.0,0.00010335100159863941,0.16747570037841797,True
29,0,0.0,0.0001338519978162367,0.16755962371826172,True
30,21,0.007633587786259555,0.0001016710011754185,0.16746807098388672,True
31,1,0.01526717557251911,0.00010022400238085538,0.16746044158935547,True
32,17,0.007633587786259555,9.296099960920401e-05,0.16746807098388672,True
33,0,0.007633587786259555,0.00010689999908208847,0.16755199432373047,True
34,1,0.007633587786259555,0.00010672400094335899,0.16746807098388672,True
35,13,0.007633587786259555,9.807499736780301e-05,0.16746807098388672,True
36,1,0.007633587786259555,0.00010046200259239413,0.16746807098388672,True
37,17,0.007633587786259555,0.0001108110009226948,0.16746807098388672,True
38,13,0.007633587786259555,0.00010419200043543242,0.16746807098388672,True
39,1,0.0,9.788500028662384e-05,0.16747570037841797,True
40,13,0.007633587786259555,9.595400115358643e-05,0.16746807098388672,True
41,21,0.0,9.890399815049022e-05,0.16747570037841797,True
42,0,0.007633587786259555,0.00010324899994884618,0.16755199432373047,True
43,19,0.0,9.539500024402514e-05,0.16747570037841797,True
44,15,0.0,9.913799658534117e-05,0.16747570037841797,True
45,29,0.0,9.33579976845067e-05,0.16747570037841797,True
46,26,0.007633587786259555,9.52259979385417e-05,0.16746807098388672,True
47,26,0.007633587786259555,0.00010298099732608534,0.16746807098388672,True
48,28,0.007633587786259555,9.421999857295305e-05,0.16746807098388672,True
49,28,0.007633587786259555,9.55420000536833e-05,0.16746807098388672,True
50,27,0.0,9.56170006247703e-05,0.16747570037841797,True
51,23,0.0,9.815399971557781e-05,0.16747570037841797,True
52,23,0.0,9.416100147063844e-05,0.16747570037841797,True
53,27,0.007633587786259555,0.00010626400035107508,0.16746807098388672,True
54,26,0.007633587786259555,0.00014450500020757318,0.16746807098388672,True
55,27,0.007633587786259555,9.419499838259071e-05,0.16746807098388672,True
56,1,0.0,9.79450014710892e-05,0.16747570037841797,True
57,38,0.0,0.00010985599874402396,0.16747570037841797,True
58,27,0.007633587786259555,9.508399671176448e-05,0.16746807098388672,True
59,38,0.0,9.671500083641149e-05,0.16747570037841797,True
60,33,0.0,9.953799963113852e-05,0.16747570037841797,True
61,333,0.03816793893129766,0.00011240700041525997,0.16743755340576172,False
62,8,0.007633587786259555,9.442999726161361e-05,0.16746807098388672,True
63,0,0.01526717557251911,0.00010574000043561682,0.16754436492919922,True
64,39,0.0,9.476099876337685e-05,0.16747570037841797,True
65,1,0.007633587786259555,0.0001295549991482403,0.16746807098388672,True
66,12,0.01526717557251911,9.436500113224611e-05,0.16746044158935547,True
67,22,0.01526717557251911,0.00011356400136719458,0.16746044158935547,True
68,10,0.01526717557251911,0.00010110400035046041,0.16746044158935547,True
69,1,0.0,0.00011157599874422885,0.16747570037841797,True
70,25,0.01526717557251911,9.635400056140497e-05,0.16746044158935547,True
71,27,0.022900763358778664,0.00010130699956789613,0.16745281219482422,True
72,79,0.04580152671755722,0.0001026009995257482,0.16742992401123047,True
73,49,0.04580152671755722,9.865399988484569e-05,0.16742992401123047,True
74,79,0.022900763358778664,9.757799853105098e-05,0.16745281219482422,True
75,62,0.04580152671755722,0.00010411100083729252,0.16742992401123047,True
76,74,0.04580152671755722,0.00010255599772790447,0.16742992401123047,True
77,40,0.01526717557251911,0.00010054700032924302,0.16746044158935547,True
78,51,0.007633587786259555,0.00010105999899678864,0.16746807098388672,True
79,40,0.01526717557251911,0.00010168299922952428,0.16746044158935547,True
80,40,0.022900763358778664,0.00010286999895470217,0.16745281219482422,True
81,40,0.007633587786259555,0.00010423799903946929,0.16746807098388672,True
82,41,0.022900763358778664,0.00010260199996992014,0.16745281219482422,True
83,59,0.09160305343511455,0.00010177500007557683,0.16738414764404297,True
84,40,0.022900763358778664,0.00011377099872333929,0.16745281219482422,True
85,40,0.01526717557251911,0.00010202599878539331,0.16746044158935547,True
86,40,0.0,0.00010237199967377819,0.16747570037841797,True
87,42,0.03816793893129766,9.931100066751242e-05,0.16743755340576172,True
88,45,0.03053435114503822,0.0001028949991450645,0.16744518280029297,True
89,40,0.03816793893129766,9.993899948312901e-05,0.16743755340576172,True
90,45,0.022900763358778664,0.00010063399895443581,0.16745281219482422,True
91,71,0.05343511450381677,9.702999886940233e-05,0.16742229461669922,True
92,46,0.007633587786259555,9.71730005403515e-05,0.16746807098388672,True
93,63,0.01526717557251911,0.0001004229998216033,0.16746044158935547,True
94,46,0.01526717557251911,0.00010116200064658187,0.16746044158935547,True
95,46,0.03816793893129766,9.87089988484513e-05,0.16743755340576172,True
96,46,0.01526717557251911,9.888299973681569e-05,0.16746044158935547,True
97,41,0.01526717557251911,0.00010231799751636572,0.16746044158935547,True
98,43,0.09160305343511455,0.00010592300168354996,0.16738414764404297,True
99,47,0.007633587786259555,0.00010110800212714821,0.16746807098388672,True
100,47,0.007633587786259555,0.0011418639987823553,0.16746807098388672,True
101,47,0.022900763358778664,9.975499779102392e-05,0.16745281219482422,True
102,41,0.01526717557251911,0.00010661000123945996,0.16746044158935547,True
103,48,0.04580152671755722,9.783299901755527e-05,0.16742992401123047,True
104,47,0.04580152671755722,9.82389974524267e-05,0.16742992401123047,True
105,42,0.06870229007633588,0.00010117599958903156,0.16740703582763672,True
106,51,0.0,0.00010156899952562526,0.16747570037841797,True
107,60,0.07633587786259544,0.00011881599857588299,0.16739940643310547,True
108,49,0.04580152671755722,0.00011760800043703057,0.16742992401123047,True
109,41,0.05343511450381677,0.0001021269999910146,0.16742229461669922,True
110,50,0.03053435114503822,0.00012870299906353466,0.16744518280029297,True
111,41,0.03816793893129766,0.00011550500130397268,0.16743755340576172,True
112,49,0.03053435114503822,0.00010186099825659767,0.16744518280029297,True
113,50,0.06106870229007633,0.0001057640001818072,0.16741466522216797,True
114,56,0.03053435114503822,0.0001009640000120271,0.16744518280029297,True
115,43,0.07633587786259544,0.0001025889978336636,0.16739940643310547,True
116,44,0.05343511450381677,0.00010035099694505334,0.16742229461669922,True
117,55,0.03816793893129766,0.0009189480006170925,0.16743755340576172,True
118,55,0.04580152671755722,0.0001485860011598561,0.16742992401123047,True
119,53,0.03816793893129766,0.00010216100054094568,0.16743755340576172,True
120,51,0.0,0.0001025120000122115,0.16747570037841797,True
121,54,0.022900763358778664,0.00010326400297344662,0.16745281219482422,True
122,54,0.04580152671755722,0.00010087400005431846,0.16742992401123047,True
123,45,0.09160305343511455,0.00010085599933518097,0.16738414764404297,True
124,55,0.022900763358778664,0.00010370599920861423,0.16745281219482422,True
125,55,0.03053435114503822,0.00010082299922942184,0.16744518280029297,True
126,55,0.022900763358778664,0.00010311200094292872,0.16745281219482422,True
127,44,0.04580152671755722,0.0001789029993233271,0.16742992401123047,True
128,44,0.03816793893129766,9.94749971141573e-05,0.16743755340576172,True
129,42,0.04580152671755722,9.960000170394778e-05,0.16742992401123047,True
130,46,0.01526717557251911,9.80179975158535e-05,0.16746044158935547,True
131,49,0.06106870229007633,0.00010449299952597357,0.16741466522216797,True
132,50,0.05343511450381677,0.00011242400069022551,0.16742229461669922,True
133,58,0.03053435114503822,0.0001012760003504809,0.16744518280029297,True
134,58,0.06106870229007633,0.00010261999705107883,0.16741466522216797,True
135,58,0.07633587786259544,0.00010126900087925605,0.16739940643310547,True
136,58,0.08396946564885499,0.00010090800060424954,0.16739177703857422,True
137,58,0.06870229007633588,0.00010154199844691902,0.16740703582763672,True
138,58,0.03816793893129766,0.00010333200043532997,0.16743755340576172,True
139,63,0.007633587786259555,9.800300176721066e-05,0.16746807098388672,True
140,58,0.04580152671755722,9.951299944077618e-05,0.16742992401123047,True
141,57,0.06106870229007633,0.00010628699965309352,0.16741466522216797,True
142,56,0.04580152671755722,0.00010982300227624364,0.16742992401123047,True
143,59,0.03816793893129766,0.0001028119986585807,0.16743755340576172,True
144,59,0.05343511450381677,0.00016861399853951298,0.16742229461669922,True
145,59,0.04580152671755722,0.0001183319982374087,0.16742992401123047,True
146,44,0.06106870229007633,0.00010619200111250393,0.16741466522216797,True
147,60,0.03053435114503822,0.00010197599840466864,0.16744518280029297,True
148,60,0.03053435114503822,9.98780014924705e-05,0.16744518280029297,True
149,64,0.0,0.00010459300028742291,0.16747570037841797,True
150,64,0.007633587786259555,0.00010418300007586367,0.16746807098388672,True
151,41,0.01526717557251911,0.00010106599802384153,0.16746044158935547,True
152,62,0.01526717557251911,9.746800060383976e-05,0.16746044158935547,True
153,72,0.03816793893129766,9.676800254965201e-05,0.16743755340576172,True
154,73,0.03053435114503822,9.58480013650842e-05,0.16744518280029297,True
155,64,0.0,0.0001115949999075383,0.16747570037841797,True
156,49,0.03053435114503822,0.00010286600081599317,0.16744518280029297,True
157,65,0.01526717557251911,9.73269998212345e-05,0.16746044158935547,True
158,76,0.03816793893129766,9.734600098454393e-05,0.16743755340576172,True
159,74,0.04580152671755722,9.944300109054893e-05,0.16742992401123047,True
160,62,0.03053435114503822,9.565499931341037e-05,0.16744518280029297,True
161,73,0.03816793893129766,9.512199903838336e-05,0.16743755340576172,True
162,63,0.007633587786259555,0.00010408500020275824,0.16746807098388672,True
163,77,0.03053435114503822,9.510300151305273e-05,0.16744518280029297,True
164,78,0.007633587786259555,9.808799950405955e-05,0.16746807098388672,True
165,64,0.022900763358778664,0.00010465400191606022,0.16745281219482422,True
166,62,0.04580152671755722,9.854400195763446e-05,0.16742992401123047,True
167,49,0.04580152671755722,0.00010239300172543153,0.16742992401123047,True
168,68,0.03053435114503822,0.00011035299758077599,0.16744518280029297,True
169,68,0.03053435114503822,9.718100045574829e-05,0.16744518280029297,True
170,65,0.022900763358778664,9.851100185187533e-05,0.16745281219482422,True
171,77,0.03053435114503822,0.00012306399730732664,0.16744518280029297,True
172,62,0.022900763358778664,9.725299969431944e-05,0.16745281219482422,True
173,50,0.05343511450381677,9.977499939850532e-05,0.16742229461669922,True
174,66,0.01526717557251911,0.00011032700058422051,0.16746044158935547,True
175,68,0.03816793893129766,9.873299859464169e-05,0.16743755340576172,True
176,62,0.03816793893129766,9.651400250731967e-05,0.16743755340576172,True
177,72,0.05343511450381677,9.505400157650001e-05,0.16742229461669922,True
178,72,0.06106870229007633,0.00011086900121881627,0.16741466522216797,True
179,69,0.06870229007633588,0.00010690999988582917,0.16740703582763672,True
180,71,0.0,0.00010063800073112361,0.16747570037841797,True
181,78,0.03053435114503822,9.754200073075481e-05,0.16744518280029297,True
182,49,0.03053435114503822,0.00010194200149271637,0.16744518280029297,True
183,77,0.01526717557251911,0.00010652999844751321,0.16746044158935547,True
184,78,0.03053435114503822,0.00010430799738969654,0.16744518280029297,True
185,73,0.022900763358778664,0.00010386700159870088,0.16745281219482422,True
186,73,0.022900763358778664,0.00012808099927497096,0.16745281219482422,True
187,62,0.05343511450381677,9.949200102710165e-05,0.16742229461669922,True
188,74,0.022900763358778664,9.848899935605004e-05,0.16745281219482422,True
189,51,0.0,0.00010246100282529369,0.16747570037841797,True
190,49,0.03816793893129766,0.00011076800001319498,0.16743755340576172,True
191,62,0.022900763358778664,0.000103521000710316,0.16745281219482422,True
192,78,0.04580152671755722,9.838500045589171e-05,0.16742992401123047,True
193,62,0.022900763358778664,9.860099817160517e-05,0.16745281219482422,True
194,61,0.022900763358778664,0.00010613099948386662,0.16745281219482422,True
195,79,0.03053435114503822,9.963399861590005e-05,0.16744518280029297,True
196,71,0.007633587786259555,9.848099944065325e-05,0.16746807098388672,True
197,79,0.03816793893129766,9.664299795986153e-05,0.16743755340576172,True
198,75,0.04580152671755722,0.00012846400204580277,0.16742992401123047,True
199,79,0.04580152671755722,9.629700070945546e-05,0.16742992401123047,True
200,72,0.01526717557251911,0.00010037100219051354,0.16746044158935547,True
201,72,0.06106870229007633,9.750299795996398e-05,0.16741466522216797,True
202,72,0.03053435114503822,9.640500138630159e-05,0.16744518280029297,True
203,40,0.022900763358778664,0.00010161300087929703,0.16745281219482422,True
204,45,0.06870229007633588,9.819500337471254e-05,0.16740703582763672,True
205,40,0.022900763358778664,0.00010224300058325753,0.16745281219482422,True
206,40,0.01526717557251911,0.00010207800005446188,0.16746044158935547,True
207,42,0.022900763358778664,0.00011615100083872676,0.16745281219482422,True
208,40,0.022900763358778664,0.00010087199916597456,0.16745281219482422,True
209,40,0.022900763358778664,0.00010240800111205317,0.16745281219482422,True
210,107,0.022900763358778664,9.392500214744359e-05,0.16745281219482422,True
211,84,0.007633587786259555,0.00010148699948331341,0.16746807098388672,True
212,81,0.007633587786259555,0.00012024999887216836,0.16746807098388672,True
213,84,0.0,9.540500104776584e-05,0.16747570037841797,True
214,84,0.0,0.00010118700083694421,0.16747570037841797,True
215,87,0.0,9.28290028241463e-05,0.16747570037841797,True
216,84,0.007633587786259555,9.345799844595604e-05,0.16746807098388672,True
217,81,0.0,9.709999721962959e-05,0.16747570037841797,True
218,83,0.0,9.510500240139663e-05,0.16747570037841797,True
219,84,0.007633587786259555,9.462100206292234e-05,0.16746807098388672,True
220,86,0.007633587786259555,9.389499973622151e-05,0.16746807098388672,True
221,88,0.0,0.00016342700109817088,0.16747570037841797,True
222,84,0.0,0.00010334599937777966,0.16747570037841797,True
223,81,0.0,9.762999980011955e-05,0.16747570037841797,True
224,87,0.007633587786259555,9.32809998630546e-05,0.16746807098388672,True
225,86,0.007633587786259555,9.392300125909969e-05,0.16746807098388672,True
226,95,0.007633587786259555,9.4217000878416e-05,0.16746807098388672,True
227,81,0.007633587786259555,0.0003923350013792515,0.16746807098388672,True
228,81,0.01526717557251911,9.580999903846532e-05,0.16746044158935547,True
229,81,0.022900763358778664,9.567500092089176e-05,0.16745281219482422,True
230,82,0.03053435114503822,9.549999958835542e-05,0.16744518280029297,True
231,81,0.01526717557251911,0.0001378739980282262,0.16746044158935547,True
232,81,0.0,9.658999988459982e-05,0.16747570037841797,True
233,81,0.007633587786259555,9.562099876347929e-05,0.16746807098388672,True
234,81,0.007633587786259555,9.481099914410152e-05,0.16746807098388672,True
235,88,0.0,0.00010177099829888903,0.16747570037841797,True
236,375,0.01526717557251911,0.00010032099817181006,0.16746044158935547,False
237,373,0.022900763358778664,9.465599941904657e-05,0.16745281219482422,False
238,88,0.0,9.317500007455237e-05,0.16747570037841797,True
239,82,0.007633587786259555,9.360299736727029e-05,0.16746807098388672,True
240,84,0.0,9.326000144938007e-05,0.16747570037841797,True
241,81,0.01526717557251911,9.652700100559741e-05,0.16746044158935547,True
242,84,0.007633587786259555,9.34570016397629e-05,0.16746807098388672,True
243,82,0.007633587786259555,0.00012160600090282969,0.16746807098388672,True
244,84,0.0,9.402899740962312e-05,0.16747570037841797,True
245,90,0.0,9.25899985304568e-05,0.16747570037841797,True
246,86,0.01526717557251911,9.331199908046983e-05,0.16746044158935547,True
247,105,0.01526717557251911,9.322100231656805e-05,0.16746044158935547,True
248,101,0.007633587786259555,9.503200271865353e-05,0.16746807098388672,True
249,88,0.007633587786259555,9.261400191462599e-05,0.16746807098388672,True
250,82,0.01526717557251911,9.380399933434092e-05,0.16746044158935547,True
251,102,0.0,9.842299914453179e-05,0.16747570037841797,True
252,92,0.01526717557251911,0.00010325599942007102,0.16746044158935547,True
253,92,0.01526717557251911,9.512600081507117e-05,0.16746044158935547,True
254,92,0.022900763358778664,9.487900024396367e-05,0.16745281219482422,True
255,105,0.007633587786259555,9.278700235881843e-05,0.16746807098388672,True
256,107,0.007633587786259555,0.00010962800297420472,0.16746807098388672,True
257,92,0.01526717557251911,9.512599717709236e-05,0.16746044158935547,True
258,80,0.022900763358778664,0.00011092500062659383,0.16745281219482422,True
259,85,0.03053435114503822,9.711100210552104e-05,0.16744518280029297,True
260,87,0.03053435114503822,0.00011218399959034286,0.16744518280029297,True
261,102,0.007633587786259555,0.00012430400238372386,0.16746807098388672,True
262,107,0.007633587786259555,9.49220011534635e-05,0.16746807098388672,True
263,88,0.007633587786259555,0.00010181999823544174,0.16746807098388672,True
264,103,0.022900763358778664,9.567300003254786e-05,0.16745281219482422,True
265,103,0.03816793893129766,9.404299999005161e-05,0.16743755340576172,True
266,86,0.03053435114503822,0.00010191500041401014,0.16744518280029297,True
267,95,0.022900763358778664,0.00010147399734705687,0.16745281219482422,True
268,92,0.022900763358778664,9.87210005405359e-05,0.16745281219482422,True
269,92,0.01526717557251911,9.493600009591319e-05,0.16746044158935547,True
270,105,0.007633587786259555,9.456699990550987e-05,0.16746807098388672,True
271,92,0.022900763358778664,9.6543000836391e-05,0.16745281219482422,True
272,83,0.03053435114503822,9.451399819226936e-05,0.16744518280029297,True
273,94,0.01526717557251911,9.359999967273325e-05,0.16746044158935547,True
274,94,0.01526717557251911,9.468200005358085e-05,0.16746044158935547,True
275,94,0.007633587786259555,9.415800013812259e-05,0.16746807098388672,True
276,92,0.007633587786259555,9.466099800192751e-05,0.16746807098388672,True
277,92,0.01526717557251911,0.00010970199946314096,0.16746044158935547,True
278,119,0.022900763358778664,0.00010096699770656414,0.16745281219482422,True
279,259,0.01526717557251911,9.329999738838524e-05,0.16746044158935547,False
280,109,0.01526717557251911,0.00010472600115463138,0.16746044158935547,True
281,259,0.007633587786259555,9.473500176682137e-05,0.16746807098388672,False
282,380,0.007633587786259555,9.475299884798005e-05,0.16746807098388672,False
283,107,0.0,9.386599776917137e-05,0.16747570037841797,True
284,107,0.0,9.597899770596996e-05,0.16747570037841797,True
285,115,0.007633587786259555,0.00010114500037161633,0.16746807098388672,True
286,107,0.01526717557251911,9.944600242306478e-05,0.16746044158935547,True
287,113,0.022900763358778664,0.00011043299673474394,0.16745281219482422,True
288,113,0.03053435114503822,9.412299914401956e-05,0.16744518280029297,True
289,117,0.007633587786259555,0.00010242400094284676,0.16746807098388672,True
290,110,0.022900763358778664,9.632099681766704e-05,0.16745281219482422,True
291,114,0.007633587786259555,0.00010527700214879587,0.16746807098388672,True
292,104,0.022900763358778664,0.00012108000009902753,0.16745281219482422,True
293,109,0.007633587786259555,0.00010496100003365427,0.16746807098388672,True
294,106,0.007633587786259555,9.284599946113303e-05,0.16746807098388672,True
295,86,0.007633587786259555,9.455799954594113e-05,0.16746807098388672,True
296,84,0.0,9.904400212690234e-05,0.16747570037841797,True
297,82,0.007633587786259555,9.873999806586653e-05,0.16746807098388672,True
298,80,0.007633587786259555,9.652799781179056e-05,0.16746807098388672,True
299,91,0.007633587786259555,0.00011931300105061382,0.16746807098388672,True
300,119,0.0,9.334599963040091e-05,0.16747570037841797,True
301,116,0.0,9.406000026501715e-05,0.16747570037841797,True
302,106,0.007633587786259555,0.0001016469977912493,0.16746807098388672,True
303,85,0.01526717557251911,0.00010706499961088412,0.16746044158935547,True
304,83,0.007633587786259555,9.448000128031708e-05,0.16746807098388672,True
305,84,0.007633587786259555,9.317800140706822e-05,0.16746807098388672,True
306,81,0.01526717557251911,9.598199903848581e-05,0.16746044158935547,True
307,116,0.01526717557251911,9.447100092074834e-05,0.16746044158935547,True
308,113,0.022900763358778664,9.39900019147899e-05,0.16745281219482422,True
309,117,0.01526717557251911,9.505900015938096e-05,0.16746044158935547,True
310,80,0.022900763358778664,9.62269987212494e-05,0.16745281219482422,True
311,80,0.007633587786259555,0.00011722100316546857,0.16746807098388672,True
312,111,0.0,0.00010221499906037934,0.16747570037841797,True
313,111,0.01526717557251911,9.306499850936234e-05,0.16746044158935547,True
314,85,0.007633587786259555,0.00010638100138748996,0.16746807098388672,True
315,113,0.01526717557251911,9.382699863635935e-05,0.16746044158935547,True
316,114,0.022900763358778664,0.00011279599857516587,0.16745281219482422,True
317,111,0.03816793893129766,9.402599971508607e-05,0.16743755340576172,True
318,82,0.007633587786259555,9.532100011711009e-05,0.16746807098388672,True
319,110,0.01526717557251911,9.510800009593368e-05,0.16746044158935547,True
320,84,0.0,0.00011578799967537634,0.16747570037841797,True
321,84,0.0,9.263899846700951e-05,0.16747570037841797,True
322,83,0.007633587786259555,9.470899749430828e-05,0.16746807098388672,True
323,84,0.0,9.624099766369909e-05,0.16747570037841797,True
324,115,0.0,9.607999891159125e-05,0.16747570037841797,True
325,81,0.007633587786259555,9.479900108999573e-05,0.16746807098388672,True
326,84,0.0,9.482399764237925e-05,0.16747570037841797,True
327,84,0.0,9.377799869980663e-05,0.16747570037841797,True
328,84,0.0,9.370300176669843e-05,0.16747570037841797,True
329,83,0.007633587786259555,0.0001029699997161515,0.16746807098388672,True
330,89,0.0,9.385200246470049e-05,0.16747570037841797,True
331,84,0.007633587786259555,9.326999861514196e-05,0.16746807098388672,True
332,81,0.007633587786259555,9.645699901739135e-05,0.16746807098388672,True
333,112,0.0,9.456699990550987e-05,0.16747570037841797,True
334,82,0.007633587786259555,9.873600356513634e-05,0.16746807098388672,True
335,81,0.007633587786259555,9.853200026554987e-05,0.16746807098388672,True
336,84,0.0,0.00010005700096371584,0.16747570037841797,True
337,84,0.007633587786259555,9.365300138597377e-05,0.16746807098388672,True
338,84,0.0,9.423599840374663e-05,0.16747570037841797,True
339,84,0.0,0.00010412000119686127,0.16747570037841797,True
340,89,0.0,9.361499905935489e-05,0.16747570037841797,True
341,89,0.0,9.639400013838895e-05,0.16747570037841797,True
342,81,0.007633587786259555,9.796599988476373e-05,0.16746807098388672,True
343,106,0.0,0.0001112790014303755,0.16747570037841797,True
344,88,0.007633587786259555,0.000332760999299353,0.16746807098388672,True
345,82,0.007633587786259555,9.394900189363398e-05,0.16746807098388672,True
346,159,0.01526717557251911,9.983199925045483e-05,0.16746044158935547,True
347,121,0.06870229007633588,0.00010084200039273128,0.16740703582763672,True
348,122,0.03816793893129766,0.00010406300134491175,0.16743755340576172,True
349,122,0.04580152671755722,9.963800039258786e-05,0.16742992401123047,True
350,122,0.05343511450381677,9.952500113286078e-05,0.16742229461669922,True
351,156,0.05343511450381677,9.877300180960447e-05,0.16742229461669922,True
352,123,0.06870229007633588,9.635099922888912e-05,0.16740703582763672,True
353,121,0.06106870229007633,0.00010202200064668432,0.16741466522216797,True
354,122,0.04580152671755722,9.809599941945635e-05,0.16742992401123047,True
355,156,0.022900763358778664,0.00011473899940028787,0.16745281219482422,True
356,156,0.03053435114503822,0.00011716399967554025,0.16744518280029297,True
357,159,0.022900763358778664,9.831499846768565e-05,0.16745281219482422,True
358,159,0.022900763358778664,9.872599912341684e-05,0.16745281219482422,True
359,156,0.03053435114503822,9.996600056183524e-05,0.16744518280029297,True
360,158,0.03053435114503822,9.883099846774712e-05,0.16744518280029297,True
361,156,0.06106870229007633,9.903800309984945e-05,0.16741466522216797,True
362,122,0.05343511450381677,9.874899842543527e-05,0.16742229461669922,True
363,240,0.06870229007633588,0.0001010390005831141,0.16740703582763672,False
364,64,0.04580152671755722,9.913399844663218e-05,0.16742992401123047,False
365,129,0.06106870229007633,0.00010172299880650826,0.16741466522216797,True
366,125,0.03816793893129766,9.952300024451688e-05,0.16743755340576172,True
367,68,0.06106870229007633,0.00012018000052194111,0.16741466522216797,False
368,123,0.07633587786259544,0.00010109700087923557,0.16739940643310547,True
369,273,0.05343511450381677,0.00010078600098495372,0.16742229461669922,False
370,122,0.04580152671755722,0.00010055500024463981,0.16742992401123047,True
371,122,0.01526717557251911,0.00011138500121887773,0.16746044158935547,True
372,123,0.04580152671755722,9.989099999074824e-05,0.16742992401123047,True
373,276,0.06106870229007633,0.00010274400119669735,0.16741466522216797,False
374,120,0.05343511450381677,0.00010086800102726556,0.16742229461669922,True
375,122,0.05343511450381677,9.831200077314861e-05,0.16742229461669922,True
376,121,0.07633587786259544,9.968599988496862e-05,0.16739940643310547,True
377,128,0.05343511450381677,9.920999946189113e-05,0.16742229461669922,True
378,131,0.03816793893129766,0.00010188300075242296,0.16743755340576172,True
379,124,0.06870229007633588,0.0001170819996332284,0.16740703582763672,True
380,124,0.0992366412213741,0.00010200099859503098,0.16737651824951172,True
381,134,0.03816793893129766,0.00011076800001319498,0.16743755340576172,True
382,124,0.08396946564885499,0.00011324300066917203,0.16739177703857422,True
383,124,0.06870229007633588,0.00010209899846813641,0.16740703582763672,True
384,134,0.06870229007633588,0.00010921899956883863,0.16740703582763672,True
385,126,0.08396946564885499,0.00011033299961127341,0.16739177703857422,True
386,126,0.08396946564885499,0.00010449999899719842,0.16739177703857422,True
387,128,0.06106870229007633,0.00010501200085855089,0.16741466522216797,True
388,135,0.06870229007633588,0.00010774800102808513,0.16740703582763672,True
389,135,0.06870229007633588,9.902999954647385e-05,0.16740703582763672,True
390,125,0.06870229007633588,0.00010001000191550702,0.16740703582763672,True
391,131,0.06106870229007633,0.00010008900062530302,0.16741466522216797,True
392,156,0.08396946564885499,0.00010847000157809816,0.16739177703857422,True
393,129,0.06870229007633588,0.00010118800128111616,0.16740703582763672,True
394,128,0.05343511450381677,0.00011118600014015101,0.16742229461669922,True
395,135,0.10687022900763354,9.913800022331998e-05,0.16736888885498047,True
396,155,0.05343511450381677,9.993499770644121e-05,0.16742229461669922,True
397,135,0.08396946564885499,0.00010230599946225993,0.16739177703857422,True
398,125,0.08396946564885499,9.944100020220503e-05,0.16739177703857422,True
399,136,0.07633587786259544,0.00010867600212804973,0.16739940643310547,True
400,136,0.06106870229007633,0.0001004900004772935,0.16741466522216797,True
401,135,0.06106870229007633,0.00010076900070998818,0.16741466522216797,True
402,124,0.04580152671755722,0.000101273999462137,0.16742992401123047,True
403,140,0.06106870229007633,0.00010463399667060003,0.16741466522216797,True
404,139,0.03816793893129766,0.00010590199963189662,0.16743755340576172,True
405,137,0.022900763358778664,0.00010176099749514833,0.16745281219482422,True
406,136,0.06870229007633588,0.00010016300075221807,0.16740703582763672,True
407,137,0.06870229007633588,0.00010058000043500215,0.16740703582763672,True
408,129,0.07633587786259544,0.00010953599849017337,0.16739940643310547,True
409,129,0.06106870229007633,0.00011145100143039599,0.16741466522216797,True
410,129,0.07633587786259544,0.00010375499914516695,0.16739940643310547,True
411,123,0.0992366412213741,0.00010896800085902214,0.16737651824951172,True
412,129,0.08396946564885499,0.00010154900155612268,0.16739177703857422,True
413,129,0.06106870229007633,0.00010333300087950192,0.16741466522216797,True
414,214,0.09160305343511455,0.00015884099775576033,0.16738414764404297,False
415,127,0.09160305343511455,0.00010410599861643277,0.16738414764404297,True
416,141,0.05343511450381677,0.0001019689989334438,0.16742229461669922,True
417,137,0.07633587786259544,9.99650001176633e-05,0.16739940643310547,True
418,136,0.05343511450381677,0.0001070809994416777,0.16742229461669922,True
419,137,0.09160305343511455,9.926100028678775e-05,0.16738414764404297,True
420,154,0.03816793893129766,9.909000073093921e-05,0.16743755340576172,True
421,143,0.05343511450381677,9.835399760049768e-05,0.16742229461669922,True
422,151,0.04580152671755722,9.955600035027601e-05,0.16742992401123047,True
423,142,0.03053435114503822,0.00010099300197907723,0.16744518280029297,True
424,142,0.022900763358778664,0.00010117100100615062,0.16745281219482422,True
425,395,0.07633587786259544,9.550300092087127e-05,0.16739940643310547,False
426,139,0.05343511450381677,0.0001394950013491325,0.16742229461669922,True
427,139,0.07633587786259544,0.00010094599929288961,0.16739940643310547,True
428,146,0.03816793893129766,0.00011239000014029443,0.16743755340576172,True
429,125,0.022900763358778664,9.981699986383319e-05,0.16745281219482422,True
430,155,0.06870229007633588,0.0001003399993351195,0.16740703582763672,True
431,155,0.01526717557251911,0.00010116799967363477,0.16746044158935547,True
432,121,0.04580152671755722,0.00010555799963185564,0.16742992401123047,True
433,125,0.03816793893129766,9.839799895416945e-05,0.16743755340576172,True
434,152,0.07633587786259544,9.914399925037287e-05,0.16739940643310547,True
435,150,0.04580152671755722,9.854400195763446e-05,0.16742992401123047,True
436,150,0.09160305343511455,0.00010051500066765584,0.16738414764404297,True
437,125,0.04580152671755722,9.942500037141144e-05,0.16742992401123047,True
438,154,0.06106870229007633,0.00010404400018160231,0.16741466522216797,True
439,139,0.05343511450381677,0.00010084200039273128,0.16742229461669922,True
440,125,0.03816793893129766,9.881200094241649e-05,0.16743755340576172,True
441,139,0.07633587786259544,9.80869990598876e-05,0.16739940643310547,True
442,147,0.0992366412213741,0.00022450400138041005,0.16737651824951172,True
443,454,0.0992366412213741,9.676700210548006e-05,0.16737651824951172,False
444,10,0.10687022900763354,9.770300312084146e-05,0.16736888885498047,False
445,121,0.1297709923664122,0.0001060050017258618,0.16734600067138672,True
446,139,0.04580152671755722,0.00011749600162147544,0.16742992401123047,True
447,139,0.03053435114503822,0.0001099700020859018,0.16744518280029297,True
448,156,0.022900763358778664,0.00010999000005540438,0.16745281219482422,True
449,159,0.007633587786259555,0.00011673599874484353,0.16746807098388672,True
450,159,0.022900763358778664,9.952799882739782e-05,0.16745281219482422,True
451,157,0.007633587786259555,0.00010409899914520793,0.16746807098388672,True
452,157,0.01526717557251911,0.00011861500024679117,0.16746044158935547,True
453,157,0.007633587786259555,9.995599975809455e-05,0.16746807098388672,True
454,158,0.022900763358778664,0.00010909200136666186,0.16745281219482422,True
455,155,0.03816793893129766,9.821999992709607e-05,0.16743755340576172,True
456,157,0.01526717557251911,0.0001023559998429846,0.16746044158935547,True
457,159,0.0,0.00010025000301538967,0.16747570037841797,True
458,157,0.022900763358778664,0.00010120200022356585,0.16745281219482422,True
459,156,0.06106870229007633,9.946999853127636e-05,0.16741466522216797,True
460,159,0.022900763358778664,0.00010182000187342055,0.16745281219482422,True
461,156,0.04580152671755722,9.795899677556008e-05,0.16742992401123047,True
462,156,0.04580152671755722,9.819300248636864e-05,0.16742992401123047,True
463,122,0.04580152671755722,9.821899948292412e-05,0.16742992401123047,True
464,122,0.04580152671755722,0.00010224200013908558,0.16742992401123047,True
465,131,0.05343511450381677,0.00010132399984286167,0.16742229461669922,True
466,122,0.03053435114503822,9.823199798120186e-05,0.16744518280029297,True
467,122,0.022900763358778664,0.00010004899741034023,0.16745281219482422,True
468,122,0.022900763358778664,0.00010482300058356486,0.16745281219482422,True
469,254,0.07633587786259544,0.00010904000009759329,0.16739940643310547,False
470,159,0.06106870229007633,9.932800094247796e-05,0.16741466522216797,True
471,121,0.06870229007633588,9.988500096369535e-05,0.16740703582763672,True
472,122,0.06106870229007633,9.969700113288127e-05,0.16741466522216797,True
473,156,0.04580152671755722,9.946399950422347e-05,0.16742992401123047,True
474,156,0.03816793893129766,0.00010063399895443581,0.16743755340576172,True
475,122,0.06106870229007633,9.783999848878011e-05,0.16741466522216797,True
476,156,0.03816793893129766,9.857600161922164e-05,0.16743755340576172,True
477,188,0.007633587786259555,9.788399984245189e-05,0.16746807098388672,True
478,187,0.007633587786259555,9.66949992289301e-05,0.16746807098388672,True
479,196,0.022900763358778664,0.00010838999878615141,0.16745281219482422,True
480,195,0.022900763358778664,9.740899986354634e-05,0.16745281219482422,True
481,190,0.007633587786259555,9.707099889055826e-05,0.16746807098388672,True
482,189,0.022900763358778664,9.503600085736252e-05,0.16745281219482422,True
483,186,0.01526717557251911,0.00011154599997098558,0.16746044158935547,True
484,195,0.007633587786259555,9.628200132283382e-05,0.16746807098388672,True
485,160,0.022900763358778664,0.00010083899906021543,0.16745281219482422,True
486,188,0.007633587786259555,9.732599937706254e-05,0.16746807098388672,True
487,186,0.01526717557251911,9.603699800209142e-05,0.16746044158935547,True
488,160,0.007633587786259555,9.745900024427101e-05,0.16746807098388672,True
489,193,0.022900763358778664,9.614900045562536e-05,0.16745281219482422,True
490,166,0.007633587786259555,9.504399713478051e-05,0.16746807098388672,True
491,161,0.01526717557251911,9.722100003273226e-05,0.16746044158935547,True
492,161,0.03816793893129766,9.754600250744261e-05,0.16743755340576172,True
493,164,0.05343511450381677,9.640799908083864e-05,0.16742229461669922,True
494,161,0.04580152671755722,9.69989996519871e-05,0.16742992401123047,True
495,164,0.04580152671755722,9.612799840397201e-05,0.16742992401123047,True
496,161,0.01526717557251911,9.630699787521735e-05,0.16746044158935547,True
497,167,0.03053435114503822,0.0001007999999274034,0.16744518280029297,True
498,167,0.01526717557251911,0.00010114099859492853,0.16746044158935547,True
499,448,0.05343511450381677,9.231699732481502e-05,0.16742229461669922,False
500,448,0.05343511450381677,9.247399793821387e-05,0.16742229461669922,False
501,191,0.01526717557251911,9.3376002041623e-05,0.16746044158935547,True
502,167,0.03053435114503822,9.932999819284305e-05,0.16744518280029297,True
503,167,0.022900763358778664,0.00011438299770816229,0.16745281219482422,True
504,174,0.022900763358778664,9.739899905980565e-05,0.16745281219482422,True
505,171,0.01526717557251911,0.00012766999861923978,0.16746044158935547,True
506,173,0.01526717557251911,0.00011253900083829649,0.16746044158935547,True
507,176,0.01526717557251911,9.665199831943028e-05,0.16746044158935547,True
508,187,0.01526717557251911,9.952300024451688e-05,0.16746044158935547,True
509,174,0.007633587786259555,9.790000331122428e-05,0.16746807098388672,True
510,172,0.01526717557251911,9.593199865776114e-05,0.16746044158935547,True
511,172,0.01526717557251911,9.825799861573614e-05,0.16746044158935547,True
512,177,0.022900763358778664,9.955700079444796e-05,0.16745281219482422,True
513,171,0.022900763358778664,9.985699944081716e-05,0.16745281219482422,True
514,163,0.01526717557251911,9.671299994806759e-05,0.16746044158935547,True
515,179,0.03816793893129766,9.955499990610406e-05,0.16743755340576172,True
516,189,0.01526717557251911,9.49950008362066e-05,0.16746044158935547,True
517,187,0.007633587786259555,0.00010542800009716302,0.16746807098388672,True
518,183,0.022900763358778664,0.00012214199887239374,0.16745281219482422,True
519,185,0.022900763358778664,9.573799979989417e-05,0.16745281219482422,True
520,162,0.01526717557251911,0.00010753099923022091,0.16746044158935547,True
521,162,0.01526717557251911,0.0001277029987249989,0.16746044158935547,True
522,182,0.022900763358778664,9.71709996520076e-05,0.16745281219482422,True
523,182,0.01526717557251911,9.695400149212219e-05,0.16746044158935547,True
524,181,0.022900763358778664,0.00014182400263962336,0.16745281219482422,True
525,183,0.0,0.00011924000136787072,0.16747570037841797,True
526,193,0.007633587786259555,0.00010095700054080226,0.16746807098388672,True
527,183,0.007633587786259555,0.00010044900045613758,0.16746807098388672,True
528,162,0.01526717557251911,0.00011227800132473931,0.16746044158935547,True
529,163,0.03053435114503822,9.56170006247703e-05,0.16744518280029297,True
530,179,0.01526717557251911,0.00012051900193910114,0.16746044158935547,True
531,186,0.03053435114503822,0.00010200999895459972,0.16744518280029297,True
532,183,0.01526717557251911,9.884900282486342e-05,0.16746044158935547,True
533,187,0.0,0.00011457000073278323,0.16747570037841797,True
534,186,0.01526717557251911,0.0001185610017273575,0.16746044158935547,True
535,188,0.06106870229007633,9.635300011723302e-05,0.16741466522216797,True
536,195,0.06870229007633588,0.00010389800081611611,0.16740703582763672,True
537,188,0.01526717557251911,9.762800254975446e-05,0.16746044158935547,True
538,195,0.06870229007633588,9.527300062472932e-05,0.16740703582763672,True
539,195,0.06870229007633588,9.47660009842366e-05,0.16740703582763672,True
540,160,0.06106870229007633,9.61499972618185e-05,0.16741466522216797,True
541,199,0.05343511450381677,9.648500054026954e-05,0.16742229461669922,True
542,184,0.03053435114503822,0.00010328099961043335,0.16744518280029297,True
543,183,0.01526717557251911,0.00010359500083723105,0.16746044158935547,True
544,184,0.05343511450381677,9.724300252855755e-05,0.16742229461669922,True
545,184,0.0992366412213741,9.704700278234668e-05,0.16737651824951172,True
546,192,0.06106870229007633,9.504300032858737e-05,0.16741466522216797,True
547,185,0.0,9.716199929243885e-05,0.16747570037841797,True
548,188,0.04580152671755722,9.773700003279373e-05,0.16742992401123047,True
549,199,0.05343511450381677,9.519500235910527e-05,0.16742229461669922,True
550,184,0.05343511450381677,9.741199755808339e-05,0.16742229461669922,True
551,184,0.04580152671755722,9.954199776984751e-05,0.16742992401123047,True
552,186,0.007633587786259555,9.58339987846557e-05,0.16746807098388672,True
553,185,0.007633587786259555,0.00010697300240281038,0.16746807098388672,True
554,186,0.007633587786259555,9.540899918647483e-05,0.16746807098388672,True
555,186,0.01526717557251911,9.868100096355192e-05,0.16746044158935547,True
556,162,0.0,0.00013043899889453314,0.16747570037841797,True
557,199,0.01526717557251911,0.00011009499939973466,0.16746044158935547,True
558,188,0.01526717557251911,0.00010466599997016601,0.16746044158935547,True
559,186,0.01526717557251911,9.650100037106313e-05,0.16746044158935547,True
560,188,0.01526717557251911,9.526100257062353e-05,0.16746044158935547,True
561,188,0.007633587786259555,9.601900092093274e-05,0.16746807098388672,True
562,188,0.007633587786259555,9.56840012804605e-05,0.16746807098388672,True
563,160,0.007633587786259555,9.75600014498923e-05,0.16746807098388672,True
564,161,0.01526717557251911,9.865800166153349e-05,0.16746044158935547,True
565,175,0.03053435114503822,9.696299821371213e-05,0.16744518280029297,True
566,176,0.01526717557251911,9.771899931365624e-05,0.16746044158935547,True
567,162,0.01526717557251911,9.884500104817562e-05,0.16746044158935547,True
568,173,0.007633587786259555,9.759499880601652e-05,0.16746807098388672,True
569,187,0.01526717557251911,9.61520017881412e-05,0.16746044158935547,True
570,187,0.007633587786259555,0.00011884099876624532,0.16746807098388672,True
571,185,0.007633587786259555,9.653999950387515e-05,0.16746807098388672,True
572,186,0.022900763358778664,9.580099867889658e-05,0.16745281219482422,True
573,186,0.01526717557251911,9.435900210519321e-05,0.16746044158935547,True
574,198,0.0,9.639600102673285e-05,0.16747570037841797,True
575,196,0.0,9.711500024423003e-05,0.16747570037841797,True
576,196,0.007633587786259555,9.868599954643287e-05,0.16746807098388672,True
577,194,0.007633587786259555,0.00011504800204420462,0.16746807098388672,True
578,185,0.007633587786259555,9.658599810791202e-05,0.16746807098388672,True
579,185,0.007633587786259555,9.661200238042511e-05,0.16746807098388672,True
580,160,0.01526717557251911,9.998600216931663e-05,0.16746044158935547,True
581,160,0.01526717557251911,0.00010590899910312146,0.16746044158935547,True
582,191,0.007633587786259555,9.843500083661638e-05,0.16746807098388672,True
583,182,0.007633587786259555,9.664200115366839e-05,0.16746807098388672,True
584,188,0.007633587786259555,0.00010313500024494715,0.16746807098388672,True
585,167,0.022900763358778664,0.00010098500206368044,0.16745281219482422,True
586,185,0.0,9.620800119591877e-05,0.16747570037841797,True
587,185,0.007633587786259555,0.00010396099969511852,0.16746807098388672,True
588,188,0.007633587786259555,9.524200140731409e-05,0.16746807098388672,True
589,189,0.007633587786259555,9.819699698709883e-05,0.16746807098388672,True
590,191,0.007633587786259555,9.476899867877364e-05,0.16746807098388672,True
591,175,0.007633587786259555,9.610800043446943e-05,0.16746807098388672,True
592,166,0.01526717557251911,9.751200195751153e-05,0.16746044158935547,True
593,191,0.007633587786259555,9.848500121734105e-05,0.16746807098388672,True
594,185,0.007633587786259555,9.539100210531615e-05,0.16746807098388672,True
595,190,0.0,0.00010584000119706616,0.16747570037841797,True
596,166,0.01526717557251911,9.649400089983828e-05,0.16746044158935547,True
597,187,0.01526717557251911,9.609500193619169e-05,0.16746044158935547,True
598,26,0.03816793893129766,9.450000288779847e-05,0.16743755340576172,False
599,186,0.007633587786259555,9.764900096342899e-05,0.16746807098388672,True
600,193,0.007633587786259555,0.00010001700138673186,0.16746807098388672,True
601,185,0.007633587786259555,0.00011255199933657423,0.16746807098388672,True
602,199,0.007633587786259555,9.493900142842904e-05,0.16746807098388672,True
603,169,0.01526717557251911,9.891499939840287e-05,0.16746044158935547,True
604,185,0.0,9.57609991019126e-05,0.16747570037841797,True
605,170,0.022900763358778664,9.902199963107705e-05,0.16745281219482422,True
606,190,0.01526717557251911,9.55259965849109e-05,0.16746044158935547,True
607,160,0.03053435114503822,9.811299969442189e-05,0.16744518280029297,True
608,160,0.007633587786259555,0.00010775000191642903,0.16746807098388672,True
609,195,0.01526717557251911,9.482700261287391e-05,0.16746044158935547,True
610,195,0.01526717557251911,9.578400204190984e-05,0.16746044158935547,True
611,175,0.01526717557251911,9.91810011328198e-05,0.16746044158935547,True
612,185,0.0,0.00010331999874324538,0.16747570037841797,True
613,235,0.03816793893129766,9.766799848875962e-05,0.16743755340576172,True
614,239,0.022900763358778664,0.00021844599905307405,0.16745281219482422,True
615,235,0.01526717557251911,9.728499935590662e-05,0.16746044158935547,True
616,271,0.03816793893129766,9.571800183039159e-05,0.16743755340576172,False
617,231,0.05343511450381677,0.00010981399827869609,0.16742229461669922,True
618,237,0.05343511450381677,9.982099800254218e-05,0.16742229461669922,True
619,232,0.05343511450381677,0.00010209899846813641,0.16742229461669922,True
620,465,0.03816793893129766,9.778800085769035e-05,0.16743755340576172,False
621,209,0.022900763358778664,9.865700121736154e-05,0.16745281219482422,True
622,103,0.08396946564885499,9.495999984210357e-05,0.16739177703857422,False
623,215,0.01526717557251911,9.794699872145429e-05,0.16746044158935547,True
624,204,0.09160305343511455,0.00011008699948433787,0.16738414764404297,True
625,224,0.03816793893129766,9.864099774858914e-05,0.16743755340576172,True
626,216,0.04580152671755722,0.00010764900071080774,0.16742992401123047,True
627,206,0.04580152671755722,0.00011132600047858432,0.16742992401123047,True
628,215,0.022900763358778664,9.939299707184546e-05,0.16745281219482422,True
629,206,0.05343511450381677,0.00016907199824345298,0.16742229461669922,True
630,208,0.03053435114503822,0.00011827400157926604,0.16744518280029297,True
631,207,0.007633587786259555,0.00010499200288904831,0.16746807098388672,True
632,208,0.06106870229007633,0.00010672099961084314,0.16741466522216797,True
633,207,0.08396946564885499,9.759800013853237e-05,0.16739177703857422,True
634,209,0.03053435114503822,9.827399844652973e-05,0.16744518280029297,True
635,225,0.03053435114503822,0.00010421000115456991,0.16744518280029297,True
636,216,0.03053435114503822,0.00010047000250779092,0.16744518280029297,True
637,202,0.04580152671755722,9.677900015958585e-05,0.16742992401123047,True
638,227,0.022900763358778664,9.577499804436229e-05,0.16745281219482422,True
639,227,0.03053435114503822,9.507900176686235e-05,0.16744518280029297,True
640,201,0.04580152671755722,9.629199848859571e-05,0.16742992401123047,True
641,227,0.03053435114503822,0.00011494699720060453,0.16744518280029297,True
642,206,0.04580152671755722,0.00010109099821420386,0.16742992401123047,True
643,206,0.03053435114503822,9.76330011326354e-05,0.16744518280029297,True
644,207,0.03816793893129766,0.0001046010002028197,0.16743755340576172,True
645,218,0.022900763358778664,0.00010032700083684176,0.16745281219482422,True
646,218,0.01526717557251911,0.00010021599882747978,0.16746044158935547,True
647,218,0.05343511450381677,9.895099719869904e-05,0.16742229461669922,True
648,216,0.04580152671755722,0.00010291199942003004,0.16742992401123047,True
649,229,0.04580152671755722,9.774200225365348e-05,0.16742992401123047,True
650,207,0.04580152671755722,0.00013096799739287235,0.16742992401123047,True
651,229,0.03053435114503822,9.929100269800983e-05,0.16744518280029297,True
652,235,0.04580152671755722,0.00011639999866019934,0.16742992401123047,True
653,234,0.03053435114503822,9.955499990610406e-05,0.16744518280029297,True
654,238,0.06106870229007633,9.787299859453924e-05,0.16741466522216797,True
655,222,0.05343511450381677,0.00010380399908171967,0.16742229461669922,True
656,215,0.01526717557251911,9.929899897542782e-05,0.16746044158935547,True
657,213,0.022900763358778664,9.94969996099826e-05,0.16745281219482422,True
658,202,0.01526717557251911,0.00010415900032967329,0.16746044158935547,True
659,224,0.03816793893129766,9.798700193641707e-05,0.16743755340576172,True
660,201,0.04580152671755722,9.751400284585543e-05,0.16742992401123047,True
661,233,0.03053435114503822,9.741200119606219e-05,0.16744518280029297,True
662,233,0.022900763358778664,9.851899812929332e-05,0.16745281219482422,True
663,227,0.0,9.805200170376338e-05,0.16747570037841797,True
664,201,0.04580152671755722,9.479800064582378e-05,0.16742992401123047,True
665,206,0.03816793893129766,0.0001257959993381519,0.16743755340576172,True
666,223,0.022900763358778664,0.00010497300172573887,0.16745281219482422,True
667,216,0.04580152671755722,0.00012209700071252882,0.16742992401123047,True
668,219,0.01526717557251911,0.00010161200043512508,0.16746044158935547,True
669,219,0.03816793893129766,0.00011452400212874636,0.16743755340576172,True
670,226,0.007633587786259555,0.00010189500244450755,0.16746807098388672,True
671,215,0.03053435114503822,0.00010702399958972819,0.16744518280029297,True
672,527,0.09160305343511455,9.634499656385742e-05,0.16738414764404297,False
673,221,0.06870229007633588,0.00010239800030831248,0.16740703582763672,True
674,215,0.03053435114503822,0.00010099000064656138,0.16744518280029297,True
675,215,0.007633587786259555,0.00012684499961324036,0.16746807098388672,True
676,237,0.05343511450381677,0.00011690099927363917,0.16742229461669922,True
677,206,0.04580152671755722,0.00022713799990015104,0.16742992401123047,True
678,231,0.03053435114503822,9.86480008577928e-05,0.16744518280029297,True
679,215,0.01526717557251911,0.00010573100007604808,0.16746044158935547,True
680,231,0.022900763358778664,0.0001066350014298223,0.16745281219482422,True
681,231,0.03816793893129766,9.77929994405713e-05,0.16743755340576172,True
682,231,0.022900763358778664,9.992299965233542e-05,0.16745281219482422,True
683,231,0.007633587786259555,9.93289977486711e-05,0.16746807098388672,True
684,231,0.007633587786259555,9.918400246533565e-05,0.16746807098388672,True
685,231,0.03053435114503822,0.0001072450031642802,0.16744518280029297,True
686,210,0.05343511450381677,9.835399760049768e-05,0.16742229461669922,True
687,232,0.03816793893129766,9.861500075203367e-05,0.16743755340576172,True
688,231,0.03053435114503822,9.967699952539988e-05,0.16744518280029297,True
689,232,0.022900763358778664,0.0001113459984480869,0.16745281219482422,True
690,233,0.03053435114503822,9.880899960990064e-05,0.16744518280029297,True
691,215,0.03053435114503822,9.703300020191818e-05,0.16744518280029297,True
692,210,0.03053435114503822,0.00011720199836418033,0.16744518280029297,True
693,238,0.01526717557251911,9.708900324767455e-05,0.16746044158935547,True
694,237,0.01526717557251911,9.920199954649433e-05,0.16746044158935547,True
695,210,0.022900763358778664,0.00010804200064740144,0.16745281219482422,True
696,236,0.022900763358778664,9.737599975778721e-05,0.16745281219482422,True
697,210,0.022900763358778664,9.974099884857424e-05,0.16745281219482422,True
698,220,0.022900763358778664,9.93430003290996e-05,0.16745281219482422,True
699,215,0.01526717557251911,9.934699846780859e-05,0.16746044158935547,True
700,226,0.022900763358778664,0.00010361199747421779,0.16745281219482422,True
701,210,0.04580152671755722,0.00011182299931533635,0.16742992401123047,True
702,237,0.03816793893129766,0.00010921899956883863,0.16743755340576172,True
703,215,0.03053435114503822,9.892399975797161e-05,0.16744518280029297,True
704,235,0.022900763358778664,9.708099969429895e-05,0.16745281219482422,True
705,234,0.01526717557251911,9.923900142894126e-05,0.16746044158935547,True
706,479,0.03053435114503822,0.00013860900071449578,0.16744518280029297,False
707,235,0.022900763358778664,0.00010896299863816239,0.16745281219482422,True
708,237,0.01526717557251911,0.0001014199988276232,0.16746044158935547,True
709,236,0.007633587786259555,0.00010238399772788398,0.16746807098388672,True
710,239,0.01526717557251911,0.00010388699956820346,0.16746044158935547,True
711,210,0.03053435114503822,9.934400077327155e-05,0.16744518280029297,True
712,215,0.022900763358778664,0.00010341600136598572,0.16745281219482422,True
713,235,0.007633587786259555,9.999800022342242e-05,0.16746807098388672,True
714,235,0.01526717557251911,0.00010395600111223757,0.16746044158935547,True
715,236,0.01526717557251911,9.900900113279931e-05,0.16746044158935547,True
716,215,0.03053435114503822,9.95679984043818e-05,0.16744518280029297,True
717,239,0.007633587786259555,0.0001000379998004064,0.16746807098388672,True
718,239,0.022900763358778664,0.00010897599713644013,0.16745281219482422,True
719,210,0.01526717557251911,9.988699821406044e-05,0.16746044158935547,True
720,237,0.022900763358778664,9.775099897524342e-05,0.16745281219482422,True
721,237,0.007633587786259555,9.833900185185485e-05,0.16746807098388672,True
722,235,0.03053435114503822,9.710800077300519e-05,0.16744518280029297,True
723,226,0.022900763358778664,9.828900147113018e-05,0.16745281219482422,True
724,237,0.01526717557251911,0.0001091070007532835,0.16746044158935547,True
725,215,0.01526717557251911,9.780099935596809e-05,0.16746044158935547,True
726,215,0.007633587786259555,0.00012036499902023934,0.16746807098388672,True
727,235,0.03816793893129766,9.733199840411544e-05,0.16743755340576172,True
728,211,0.04580152671755722,0.0001264870006707497,0.16742992401123047,True
729,226,0.01526717557251911,9.997899906011298e-05,0.16746044158935547,True
730,215,0.03053435114503822,0.00010102300075232051,0.16744518280029297,True
731,215,0.01526717557251911,9.888899876386859e-05,0.16746044158935547,True
732,210,0.022900763358778664,9.881500227493234e-05,0.16745281219482422,True
733,237,0.01526717557251911,9.940300151356496e-05,0.16746044158935547,True
734,239,0.0,0.00012032099766656756,0.16747570037841797,True
735,235,0.007633587786259555,0.00010506800026632845,0.16746807098388672,True
736,237,0.007633587786259555,9.733999831951223e-05,0.16746807098388672,True
737,215,0.01526717557251911,9.911599772749469e-05,0.16746044158935547,True
738,236,0.01526717557251911,9.996000153478235e-05,0.16746044158935547,True
739,238,0.007633587786259555,9.758700252859853e-05,0.16746807098388672,True
740,238,0.03053435114503822,0.00010019499677582644,0.16744518280029297,True
741,233,0.03053435114503822,0.00010220300100627355,0.16744518280029297,True
742,233,0.022900763358778664,9.771500117494725e-05,0.16745281219482422,True
743,233,0.022900763358778664,9.943400073098019e-05,0.16745281219482422,True
744,210,0.022900763358778664,0.00010122300227521919,0.16745281219482422,True
745,215,0.03053435114503822,0.0001059989990608301,0.16744518280029297,True
746,210,0.022900763358778664,0.00010171500252909027,0.16745281219482422,True
747,224,0.03816793893129766,0.00011884999912581407,0.16743755340576172,True
748,217,0.06106870229007633,0.00010906800162047148,0.16741466522216797,True
749,224,0.06106870229007633,9.741800022311509e-05,0.16741466522216797,True
750,217,0.04580152671755722,0.00010098699931404553,0.16742992401123047,True
751,231,0.05343511450381677,0.00010038500113296323,0.16742229461669922,True
752,216,0.06106870229007633,0.00010336600098526105,0.16741466522216797,True
753,206,0.07633587786259544,0.00010366900096414611,0.16739940643310547,True
754,215,0.022900763358778664,0.00010122099774889648,0.16745281219482422,True
755,232,0.05343511450381677,0.0001099459987017326,0.16742229461669922,True
756,238,0.03053435114503822,9.935300113284029e-05,0.16744518280029297,True
757,209,0.01526717557251911,0.00010055500024463981,0.16746044158935547,True
758,211,0.022900763358778664,0.00010129699876415543,0.16745281219482422,True
759,202,0.04580152671755722,9.4986997282831e-05,0.16742992401123047,True
760,278,0.01526717557251911,9.692500316305086e-05,0.16746044158935547,True
761,256,0.022900763358778664,9.652199878473766e-05,0.16745281219482422,True
762,260,0.01526717557251911,9.612099893274717e-05,0.16746044158935547,True
763,260,0.01526717557251911,9.558300007483922e-05,0.16746044158935547,True
764,252,0.01526717557251911,9.614099690224975e-05,0.16746044158935547,True
765,252,0.022900763358778664,9.682899690233171e-05,0.16745281219482422,True
766,243,0.01526717557251911,0.00010601000030874275,0.16746044158935547,True
767,277,0.0,9.796499944059178e-05,0.16747570037841797,True
768,271,0.007633587786259555,9.620399941923097e-05,0.16746807098388672,True
769,273,0.01526717557251911,9.60140023380518e-05,0.16746044158935547,True
770,266,0.007633587786259555,0.00011007200009771623,0.16746807098388672,True
771,241,0.007633587786259555,9.703799878479913e-05,0.16746807098388672,True
772,279,0.01526717557251911,0.00010440400001243688,0.16746044158935547,True
773,273,0.01526717557251911,9.988899910240434e-05,0.16746044158935547,True
774,267,0.01526717557251911,0.00011478500164230354,0.16746044158935547,True
775,275,0.01526717557251911,0.00010177599688176997,0.16746044158935547,True
776,243,0.007633587786259555,0.00010698800178943202,0.16746807098388672,True
777,273,0.01526717557251911,9.819800106924959e-05,0.16746044158935547,True
778,273,0.01526717557251911,9.809799666982144e-05,0.16746044158935547,True
779,243,0.01526717557251911,0.00011293000352452509,0.16746044158935547,True
780,249,0.007633587786259555,0.00010021499838330783,0.16746807098388672,True
781,249,0.0,9.790300100576133e-05,0.16747570037841797,True
782,266,0.01526717557251911,0.0001487199988332577,0.16746044158935547,True
783,248,0.007633587786259555,0.00011974599692621268,0.16746807098388672,True
784,241,0.0,9.979999958886765e-05,0.16747570037841797,True
785,241,0.007633587786259555,0.00010017900058301166,0.16746807098388672,True
786,241,0.022900763358778664,9.9942997621838e-05,0.16745281219482422,True
787,252,0.007633587786259555,0.00010791399836307392,0.16746807098388672,True
788,252,0.0,9.741399844642729e-05,0.16747570037841797,True
789,241,0.007633587786259555,9.807800233829767e-05,0.16746807098388672,True
790,252,0.007633587786259555,9.705400225357153e-05,0.16746807098388672,True
791,250,0.01526717557251911,0.00010117499914485961,0.16746044158935547,True
792,248,0.007633587786259555,0.00010469799963175319,0.16746807098388672,True
793,243,0.022900763358778664,9.900000077323057e-05,0.16745281219482422,True
794,255,0.022900763358778664,9.780499749467708e-05,0.16745281219482422,True
795,252,0.007633587786259555,0.00010825700155692175,0.16746807098388672,True
796,266,0.007633587786259555,9.645500176702626e-05,0.16746807098388672,True
797,248,0.022900763358778664,9.854400195763446e-05,0.16745281219482422,True
798,259,0.007633587786259555,9.510500240139663e-05,0.16746807098388672,True
799,252,0.022900763358778664,9.611399946152233e-05,0.16745281219482422,True
800,253,0.0,0.00011777800318668596,0.16747570037841797,True
801,278,0.01526717557251911,9.66159968811553e-05,0.16746044158935547,True
802,266,0.007633587786259555,9.808600225369446e-05,0.16746807098388672,True
803,278,0.007633587786259555,9.538900121697225e-05,0.16746807098388672,True
804,259,0.01526717557251911,9.493700054008514e-05,0.16746044158935547,True
805,278,0.022900763358778664,0.00010426899825688452,0.16745281219482422,True
806,266,0.01526717557251911,9.710000085760839e-05,0.16746044158935547,True
807,240,0.022900763358778664,0.00010145099804503843,0.16745281219482422,True
808,273,0.022900763358778664,0.00010714099698816426,0.16745281219482422,True
809,259,0.022900763358778664,9.506000060355291e-05,0.16745281219482422,True
810,256,0.022900763358778664,0.00010114199903910048,0.16745281219482422,True
811,256,0.03053435114503822,9.630200293031521e-05,0.16744518280029297,True
812,255,0.01526717557251911,0.00010335400293115526,0.16746044158935547,True
813,260,0.0,9.411100108991377e-05,0.16747570037841797,True
814,247,0.0,0.00010190899774897844,0.16747570037841797,True
815,253,0.022900763358778664,9.884500104817562e-05,0.16745281219482422,True
816,276,0.01526717557251911,0.00010703700172598474,0.16746044158935547,True
817,263,0.007633587786259555,9.66099978541024e-05,0.16746807098388672,True
818,265,0.06106870229007633,0.00010407499939901754,0.16741466522216797,True
819,266,0.007633587786259555,0.00010222600030829199,0.16746807098388672,True
820,266,0.007633587786259555,0.00010394600030849688,0.16746807098388672,True
821,240,0.007633587786259555,0.00010018300235969946,0.16746807098388672,True
822,273,0.01526717557251911,0.00010817400107043795,0.16746044158935547,True
823,277,0.01526717557251911,9.599099939805456e-05,0.16746044158935547,True
824,266,0.01526717557251911,9.874299939838238e-05,0.16746044158935547,True
825,272,0.01526717557251911,9.667299673310481e-05,0.16746044158935547,True
826,253,0.007633587786259555,0.000109887001599418,0.16746807098388672,True
827,241,0.022900763358778664,0.00010193300113314763,0.16745281219482422,True
828,276,0.007633587786259555,9.659900024416856e-05,0.16746807098388672,True
829,269,0.03053435114503822,9.970699829864316e-05,0.16744518280029297,True
830,240,0.01526717557251911,9.932600005413406e-05,0.16746044158935547,True
831,270,0.007633587786259555,9.661699732532725e-05,0.16746807098388672,True
832,241,0.007633587786259555,0.00010070400094264187,0.16746807098388672,True
833,243,0.01526717557251911,9.711199891171418e-05,0.16746044158935547,True
834,243,0.01526717557251911,0.00013735800166614354,0.16746044158935547,True
835,254,0.01526717557251911,0.00011232699762331322,0.16746044158935547,True
836,254,0.007633587786259555,9.891700028674677e-05,0.16746807098388672,True
837,271,0.007633587786259555,9.973399937734939e-05,0.16746807098388672,True
838,240,0.007633587786259555,9.80139993771445e-05,0.16746807098388672,True
839,271,0.007633587786259555,0.00011874399933731183,0.16746807098388672,True
840,266,0.0,9.972500265575945e-05,0.16747570037841797,True
841,253,0.0,0.00010029899931396358,0.16747570037841797,True
842,275,0.0,9.567400047671981e-05,0.16747570037841797,True
843,274,0.0,9.581500125932507e-05,0.16747570037841797,True
844,275,0.0,9.656099791754968e-05,0.16747570037841797,True
845,274,0.022900763358778664,0.00011072600318584591,0.16745281219482422,True
846,276,0.0,9.527800284558907e-05,0.16747570037841797,True
847,276,0.0,9.582900020177476e-05,0.16747570037841797,True
848,254,0.03053435114503822,9.598399992682971e-05,0.16744518280029297,True
849,276,0.007633587786259555,0.00011044300117646344,0.16746807098388672,True
850,261,0.022900763358778664,9.58439995883964e-05,0.16745281219482422,True
851,259,0.03053435114503822,9.422399671166204e-05,0.16744518280029297,True
852,272,0.022900763358778664,9.594400034984574e-05,0.16745281219482422,True
853,261,0.03053435114503822,9.629700070945546e-05,0.16744518280029297,True
854,273,0.007633587786259555,0.00012151400005677715,0.16746807098388672,True
855,272,0.01526717557251911,0.00011411499872338027,0.16746044158935547,True
856,277,0.0,9.903799946187064e-05,0.16747570037841797,True
857,276,0.007633587786259555,0.0001269330023205839,0.16746807098388672,True
858,249,0.01526717557251911,0.00010054599988507107,0.16746044158935547,True
859,253,0.007633587786259555,0.00010595600178930908,0.16746807098388672,True
860,240,0.007633587786259555,9.759000022313558e-05,0.16746807098388672,True
861,241,0.01526717557251911,0.00010022900096373633,0.16746044158935547,True
862,119,0.03816793893129766,0.00011394399916753173,0.16743755340576172,False
863,240,0.01526717557251911,0.00010926599861704744,0.16746044158935547,True
864,272,0.01526717557251911,0.00010596599895507097,0.16746044158935547,True
865,278,0.022900763358778664,9.742600013851188e-05,0.16745281219482422,True
866,377,0.022900763358778664,9.635000242269598e-05,0.16745281219482422,False
867,112,0.022900763358778664,9.479399886913598e-05,0.16745281219482422,False
868,256,0.022900763358778664,9.836499884841032e-05,0.16745281219482422,True
869,292,0.05343511450381677,9.888500062515959e-05,0.16742229461669922,True
870,305,0.022900763358778664,9.825600136537105e-05,0.16745281219482422,True
871,317,0.01526717557251911,0.00011102300049969926,0.16746044158935547,True
872,288,0.022900763358778664,9.811900235945359e-05,0.16745281219482422,True
873,309,0.007633587786259555,9.62410013016779e-05,0.16746807098388672,True
874,316,0.01526717557251911,9.441700240131468e-05,0.16746044158935547,True
875,284,0.03053435114503822,0.00013441799819702283,0.16744518280029297,True
876,292,0.04580152671755722,9.52300033532083e-05,0.16742992401123047,True
877,308,0.022900763358778664,9.562799823470414e-05,0.16745281219482422,True
878,315,0.01526717557251911,9.656299880589359e-05,0.16746044158935547,True
879,284,0.01526717557251911,9.774000136530958e-05,0.16746044158935547,True
880,317,0.01526717557251911,9.451999721932225e-05,0.16746044158935547,True
881,298,0.007633587786259555,0.00010364899935666472,0.16746807098388672,True
882,397,0.12213740458015265,9.526599751552567e-05,0.16735363006591797,False
883,283,0.007633587786259555,9.843999941949733e-05,0.16746807098388672,True
884,318,0.007633587786259555,0.00010662400018190965,0.16746807098388672,True
885,318,0.007633587786259555,9.528499867883511e-05,0.16746807098388672,True
886,297,0.01526717557251911,9.814199802349322e-05,0.16746044158935547,True
887,297,0.007633587786259555,0.00012014900130452588,0.16746807098388672,True
888,295,0.03053435114503822,9.535000208416022e-05,0.16744518280029297,True
889,519,0.07633587786259544,0.00010790699889184907,0.16739940643310547,False
890,283,0.05343511450381677,9.704900003271177e-05,0.16742229461669922,True
891,286,0.022900763358778664,9.657200280344114e-05,0.16745281219482422,True
892,286,0.03053435114503822,9.497800056124106e-05,0.16744518280029297,True
893,284,0.007633587786259555,9.798100290936418e-05,0.16746807098388672,True
894,83,0.04580152671755722,0.00011349700071150437,0.16742992401123047,False
895,317,0.007633587786259555,0.0001034560009429697,0.16746807098388672,True
896,294,0.05343511450381677,0.00010036999810836278,0.16742229461669922,True
897,317,0.022900763358778664,9.657100235926919e-05,0.16745281219482422,True
898,294,0.06870229007633588,9.558799865772016e-05,0.16740703582763672,True
899,296,0.007633587786259555,9.594999937689863e-05,0.16746807098388672,True
900,292,0.007633587786259555,9.621600111131556e-05,0.16746807098388672,True
901,297,0.022900763358778664,9.91790002444759e-05,0.16745281219482422,True
902,291,0.007633587786259555,0.00011838800128316507,0.16746807098388672,True
903,302,0.007633587786259555,9.5473002147628e-05,0.16746807098388672,True
904,290,0.007633587786259555,9.645700265537016e-05,0.16746807098388672,True
905,284,0.01526717557251911,0.00010599799861665815,0.16746044158935547,True
906,284,0.01526717557251911,9.767899973667227e-05,0.16746044158935547,True
907,281,0.01526717557251911,9.690599836176261e-05,0.16746044158935547,True
908,290,0.007633587786259555,0.00010405700231785886,0.16746807098388672,True
909,294,0.01526717557251911,9.419900015927851e-05,0.16746044158935547,True
910,309,0.007633587786259555,9.502200191491283e-05,0.16746807098388672,True
911,292,0.03816793893129766,9.638400297262706e-05,0.16743755340576172,True
912,292,0.022900763358778664,9.401799979968928e-05,0.16745281219482422,True
913,295,0.022900763358778664,9.513099939795211e-05,0.16745281219482422,True
914,299,0.022900763358778664,0.00027061700166086666,0.16745281219482422,True
915,291,0.03053435114503822,9.659100032877177e-05,0.16744518280029297,True
916,284,0.01526717557251911,9.549400056130253e-05,0.16746044158935547,True
917,298,0.01526717557251911,0.00010834299973794259,0.16746044158935547,True
918,281,0.022900763358778664,9.608499749447219e-05,0.16745281219482422,True
919,303,0.01526717557251911,9.748199954628944e-05,0.16746044158935547,True
920,297,0.01526717557251911,0.00015329199959523976,0.16746044158935547,True
921,281,0.022900763358778664,9.73960013652686e-05,0.16745281219482422,True
922,292,0.01526717557251911,9.434800085728057e-05,0.16746044158935547,True
923,281,0.022900763358778664,0.0001066250006260816,0.16745281219482422,True
924,317,0.0,0.00010026999734691344,0.16747570037841797,True
925,285,0.05343511450381677,9.860600039246492e-05,0.16742229461669922,True
926,310,0.007633587786259555,9.565399886923842e-05,0.16746807098388672,True
927,310,0.01526717557251911,9.579199831932783e-05,0.16746044158935547,True
928,315,0.03053435114503822,0.000110119999590097,0.16744518280029297,True
929,311,0.022900763358778664,9.497599967289716e-05,0.16745281219482422,True
930,317,0.0,9.628200132283382e-05,0.16747570037841797,True
931,284,0.007633587786259555,9.838900223257951e-05,0.16746807098388672,True
932,312,0.01526717557251911,9.422800212632865e-05,0.16746044158935547,True
933,306,0.03053435114503822,0.00010345899863750674,0.16744518280029297,True
934,281,0.04580152671755722,0.00011638000069069676,0.16742992401123047,True
935,317,0.007633587786259555,9.542499901726842e-05,0.16746807098388672,True
936,290,0.007633587786259555,0.00014583600204787217,0.16746807098388672,True
937,315,0.0,0.00011387099948478863,0.16747570037841797,True
938,305,0.007633587786259555,9.667500125942752e-05,0.16746807098388672,True
939,317,0.022900763358778664,9.5136998425005e-05,0.16745281219482422,True
940,317,0.007633587786259555,9.494300320511684e-05,0.16746807098388672,True
941,305,0.01526717557251911,0.00010162100079469383,0.16746044158935547,True
942,309,0.01526717557251911,9.807699825614691e-05,0.16746044158935547,True
943,281,0.01526717557251911,9.885300096357241e-05,0.16746044158935547,True
944,302,0.06870229007633588,9.444099850952625e-05,0.16740703582763672,True
945,284,0.03816793893129766,0.00010177199874306098,0.16743755340576172,True
946,309,0.03053435114503822,9.519900049781427e-05,0.16744518280029297,True
947,280,0.03816793893129766,0.0001009780025924556,0.16743755340576172,True
948,307,0.03816793893129766,9.490800221101381e-05,0.16743755340576172,True
949,313,0.03053435114503822,9.47560001804959e-05,0.16744518280029297,True
950,313,0.022900763358778664,9.567600136506371e-05,0.16745281219482422,True
951,284,0.03816793893129766,9.831400166149251e-05,0.16743755340576172,True
952,307,0.03053435114503822,9.540700193610974e-05,0.16744518280029297,True
953,317,0.022900763358778664,9.796099766390398e-05,0.16745281219482422,True
954,341,0.03816793893129766,9.43569975788705e-05,0.16743755340576172,False
955,281,0.03053435114503822,9.742499969433993e-05,0.16744518280029297,True
956,37,0.01526717557251911,9.369100007461384e-05,0.16746044158935547,False
957,318,0.022900763358778664,9.612699795980006e-05,0.16745281219482422,True
958,294,0.03053435114503822,0.00011193200043635443,0.16744518280029297,True
959,117,0.1984732824427481,9.53800008574035e-05,0.16727733612060547,False
960,27,0.03816793893129766,9.401999705005437e-05,0.16743755340576172,False
961,300,0.03816793893129766,9.5365998276975e-05,0.16743755340576172,True
962,93,0.04580152671755722,9.546000001137145e-05,0.16742992401123047,False
963,36,0.022900763358778664,9.58439995883964e-05,0.16745281219482422,False
964,27,0.01526717557251911,9.473099999013357e-05,0.16746044158935547,False
965,27,0.022900763358778664,9.724099800223485e-05,0.16745281219482422,False
966,26,0.01526717557251911,9.407999823451973e-05,0.16746044158935547,False
967,318,0.022900763358778664,9.611100176698528e-05,0.16745281219482422,True
968,281,0.022900763358778664,9.722899994812906e-05,0.16745281219482422,True
969,341,0.03053435114503822,9.480600056122057e-05,0.16744518280029297,False
970,304,0.03053435114503822,0.00010539600043557584,0.16744518280029297,True
971,289,0.03816793893129766,0.000101349000033224,0.16743755340576172,True
972,37,0.022900763358778664,9.930300075211562e-05,0.16745281219482422,False
973,27,0.01526717557251911,9.706800119602121e-05,0.16746044158935547,False
974,35,0.022900763358778664,9.68590029515326e-05,0.16745281219482422,False
975,27,0.03053435114503822,9.580200276104733e-05,0.16744518280029297,False
976,303,0.04580152671755722,0.00010443200153531507,0.16742992401123047,True
977,27,0.022900763358778664,0.00010473800284671597,0.16745281219482422,False
978,28,0.01526717557251911,9.405300079379231e-05,0.16746044158935547,False
979,36,0.022900763358778664,0.0001001860000542365,0.16745281219482422,False
980,294,0.03816793893129766,9.983999916585162e-05,0.16743755340576172,True
981,119,0.06106870229007633,9.440299982088618e-05,0.16741466522216797,False
982,81,0.03053435114503822,0.0001151549986389,0.16744518280029297,False
983,28,0.03053435114503822,0.00010689500049920753,0.16744518280029297,False
984,323,0.022900763358778664,9.494200276094489e-05,0.16745281219482422,False
985,27,0.03053435114503822,0.00010765100159915164,0.16744518280029297,False
986,36,0.03816793893129766,9.430700083612464e-05,0.16743755340576172,False
987,281,0.03816793893129766,9.58500022534281e-05,0.16743755340576172,True
988,298,0.04580152671755722,9.721599781187251e-05,0.16742992401123047,True
989,339,0.03053435114503822,9.432599836145528e-05,0.16744518280029297,False
990,303,0.022900763358778664,9.648500054026954e-05,0.16745281219482422,True
991,29,0.022900763358778664,9.805699664866552e-05,0.16745281219482422,False
992,27,0.022900763358778664,9.699500151327811e-05,0.16745281219482422,False
993,27,0.03053435114503822,9.718400178826414e-05,0.16744518280029297,False
994,294,0.03053435114503822,9.558500096318312e-05,0.16744518280029297,True
995,27,0.022900763358778664,9.318599768448621e-05,0.16745281219482422,False
996,27,0.03053435114503822,9.598899850971065e-05,0.16744518280029297,False
997,27,0.03053435114503822,9.41399994189851e-05,0.16744518280029297,False
998,26,0.03816793893129766,9.446100011700764e-05,0.16743755340576172,False
999,348,0.022900763358778664,9.39860001381021e-05,0.16745281219482422,False
1000,27,0.03816793893129766,9.499800216872245e-05,0.16743755340576172,False
1001,27,0.03053435114503822,9.793799836188555e-05,0.16744518280029297,False
1002,294,0.03816793893129766,9.76999981503468e-05,0.16743755340576172,True
1003,304,0.06106870229007633,0.00010343600297346711,0.16741466522216797,True
1004,27,0.01526717557251911,9.47580010688398e-05,0.16746044158935547,False
1005,36,0.03053435114503822,9.53010021476075e-05,0.16744518280029297,False
1006,95,0.03816793893129766,9.38239973038435e-05,0.16743755340576172,False
1007,82,0.04580152671755722,9.32830007513985e-05,0.16742992401123047,False
1008,27,0.022900763358778664,0.0001103409995266702,0.16745281219482422,False
1009,27,0.022900763358778664,0.0001137609979195986,0.16745281219482422,False
1010,95,0.03053435114503822,0.0001049069978762418,0.16744518280029297,False
1011,27,0.03053435114503822,9.450099969399162e-05,0.16744518280029297,False
1012,382,0.03053435114503822,9.366499944007955e-05,0.16744518280029297,False
1013,103,0.05343511450381677,9.348899766337126e-05,0.16742229461669922,False
1014,370,0.022900763358778664,9.53170019784011e-05,0.16745281219482422,False
1015,27,0.03816793893129766,9.324799975729547e-05,0.16743755340576172,False
1016,26,0.03053435114503822,9.760199827724136e-05,0.16744518280029297,False
1017,27,0.022900763358778664,9.462799789616838e-05,0.16745281219482422,False
1018,283,0.03816793893129766,9.799500185181387e-05,0.16743755340576172,True
1019,294,0.03053435114503822,9.484199836151674e-05,0.16744518280029297,True
1020,35,0.03816793893129766,0.00010627599840518087,0.16743755340576172,False
1021,27,0.03816793893129766,0.00011182900198036805,0.16743755340576172,False
1022,281,0.03816793893129766,9.550100003252737e-05,0.16743755340576172,True
1023,27,0.03816793893129766,9.531600153422914e-05,0.16743755340576172,False
1024,27,0.03053435114503822,9.431899889023043e-05,0.16744518280029297,False
1025,349,0.05343511450381677,9.80929980869405e-05,0.16742229461669922,False
1026,441,0.04580152671755722,0.00012535099813248962,0.16742992401123047,False
1027,35,0.022900763358778664,9.457800115342252e-05,0.16745281219482422,False
1028,35,0.01526717557251911,9.43850027397275e-05,0.16746044158935547,False
1029,27,0.022900763358778664,0.00011551900024642237,0.16745281219482422,False
1030,7,0.022900763358778664,9.680199946160428e-05,0.16745281219482422,False
1031,35,0.01526717557251911,9.661299918661825e-05,0.16746044158935547,False
1032,27,0.01526717557251911,0.00011620200166362338,0.16746044158935547,False
1033,36,0.022900763358778664,9.396500172442757e-05,0.16745281219482422,False
1034,27,0.022900763358778664,9.992199920816347e-05,0.16745281219482422,False
1035,26,0.04580152671755722,9.516499994788319e-05,0.16742992401123047,False
1036,32,0.03816793893129766,9.698400026536547e-05,0.16743755340576172,False
1037,326,0.04580152671755722,9.457799751544371e-05,0.16742992401123047,False
1038,341,0.03816793893129766,9.354899884783663e-05,0.16743755340576172,False
1039,327,0.03053435114503822,9.432899969397113e-05,0.16744518280029297,False
1040,318,0.03053435114503822,9.378200047649443e-05,0.16744518280029297,True
1041,318,0.01526717557251911,9.467999916523695e-05,0.16746044158935547,True
1042,281,0.03053435114503822,9.644300007494166e-05,0.16744518280029297,True
1043,357,0.03816793893129766,9.578900062479079e-05,0.16743755340576172,False
1044,323,0.03816793893129766,0.00010082299922942184,0.16743755340576172,False
1045,300,0.022900763358778664,9.535699791740626e-05,0.16745281219482422,True
1046,299,0.022900763358778664,9.850400238065049e-05,0.16745281219482422,True
1047,26,0.03816793893129766,0.00013034599760430865,0.16743755340576172,False
1048,27,0.03053435114503822,0.00010583999755908735,0.16744518280029297,False
1049,36,0.01526717557251911,9.635999958845787e-05,0.16746044158935547,False
1050,29,0.022900763358778664,9.507900176686235e-05,0.16745281219482422,False
1051,289,0.03816793893129766,9.655699977884069e-05,0.16743755340576172,True
1052,29,0.022900763358778664,9.423399751540273e-05,0.16745281219482422,False
1053,341,0.022900763358778664,9.47519984038081e-05,0.16745281219482422,False
1054,341,0.022900763358778664,9.416600005351938e-05,0.16745281219482422,False
1055,27,0.03053435114503822,9.4142000307329e-05,0.16744518280029297,False
1056,323,0.03053435114503822,9.523900007479824e-05,0.16744518280029297,False
1057,329,0.03816793893129766,9.817699901759624e-05,0.16743755340576172,False
1058,329,0.05343511450381677,0.00010500599819351919,0.16742229461669922,False
1059,299,0.03053435114503822,9.49220011534635e-05,0.16744518280029297,True
1060,7,0.04580152671755722,9.523699918645434e-05,0.16742992401123047,False
1061,304,0.03053435114503822,9.820000195759349e-05,0.16744518280029297,True
1062,33,0.022900763358778664,0.00010287099939887412,0.16745281219482422,False
1063,311,0.03816793893129766,9.495500125922263e-05,0.16743755340576172,True
1064,358,0.04580152671755722,9.628900079405867e-05,0.16742992401123047,False
1065,304,0.03816793893129766,9.457899795961566e-05,0.16743755340576172,True
1066,311,0.03816793893129766,0.00010264699812978506,0.16743755340576172,True
1067,330,0.022900763358778664,9.488000068813562e-05,0.16745281219482422,False
1068,311,0.03053435114503822,9.682699965196662e-05,0.16744518280029297,True
1069,348,0.01526717557251911,9.432099977857433e-05,0.16746044158935547,False
1070,29,0.022900763358778664,9.637399853090756e-05,0.16745281219482422,False
1071,281,0.04580152671755722,9.355300062452443e-05,0.16742992401123047,True
1072,329,0.06106870229007633,9.389700062456541e-05,0.16741466522216797,False
1073,27,0.03053435114503822,9.413299994776025e-05,0.16744518280029297,False
1074,27,0.03053435114503822,9.454600149183534e-05,0.16744518280029297,False
1075,27,0.03053435114503822,9.53070011746604e-05,0.16744518280029297,False
1076,281,0.022900763358778664,9.742099791765213e-05,0.16745281219482422,True
1077,27,0.03053435114503822,9.468799908063374e-05,0.16744518280029297,False
1078,27,0.01526717557251911,9.639899872126989e-05,0.16746044158935547,False
1079,82,0.04580152671755722,9.412500003236346e-05,0.16742992401123047,False
1080,304,0.03816793893129766,9.791199772735126e-05,0.16743755340576172,True
1081,348,0.03816793893129766,9.466900155530311e-05,0.16743755340576172,False
1082,339,0.022900763358778664,9.60769975790754e-05,0.16745281219482422,False
1083,318,0.022900763358778664,9.529199815005995e-05,0.16745281219482422,True
1084,294,0.03816793893129766,9.807400056160986e-05,0.16743755340576172,True
1085,318,0.022900763358778664,0.00010988899884978309,0.16745281219482422,True
1086,300,0.03053435114503822,9.59939970925916e-05,0.16744518280029297,True
1087,27,0.03053435114503822,0.00011236999853281304,0.16744518280029297,False
1088,281,0.03816793893129766,9.971700274036266e-05,0.16743755340576172,True
1089,86,0.03816793893129766,9.300599776906893e-05,0.16743755340576172,False
1090,303,0.03053435114503822,9.955899804481305e-05,0.16744518280029297,True
1091,323,0.03053435114503822,9.66200022958219e-05,0.16744518280029297,False
1092,28,0.022900763358778664,0.00011560799975995906,0.16745281219482422,False
1093,26,0.03053435114503822,9.45290012168698e-05,0.16744518280029297,False
1094,81,0.03053435114503822,9.568600216880441e-05,0.16744518280029297,False
1095,27,0.022900763358778664,9.620700075174682e-05,0.16745281219482422,False
1096,27,0.022900763358778664,9.573799979989417e-05,0.16745281219482422,False
1097,36,0.01526717557251911,9.595300070941448e-05,0.16746044158935547,False
1098,35,0.022900763358778664,9.56069998210296e-05,0.16745281219482422,False
1099,27,0.007633587786259555,9.428200064576231e-05,0.16746807098388672,False
1100,27,0.01526717557251911,9.76250012172386e-05,0.16746044158935547,False
1101,36,0.01526717557251911,9.420300193596631e-05,0.16746044158935547,False
1102,342,0.007633587786259555,0.0001032129985105712,0.16746807098388672,True
1103,357,0.007633587786259555,9.397300163982436e-05,0.16746807098388672,True
1104,341,0.007633587786259555,9.396200039191172e-05,0.16746807098388672,True
1105,321,0.007633587786259555,9.934999980032444e-05,0.16746807098388672,True
1106,342,0.01526717557251911,9.839400081546046e-05,0.16746044158935547,True
1107,327,0.007633587786259555,0.0001232190006703604,0.16746807098388672,True
1108,350,0.007633587786259555,9.554999996908009e-05,0.16746807098388672,True
1109,330,0.007633587786259555,9.591400157660246e-05,0.16746807098388672,True
1110,350,0.007633587786259555,9.617400064598769e-05,0.16746807098388672,True
1111,326,0.007633587786259555,9.50760004343465e-05,0.16746807098388672,True
1112,335,0.0,9.616299939807504e-05,0.16747570037841797,True
1113,322,0.0,0.0001047650002874434,0.16747570037841797,True
1114,329,0.007633587786259555,9.749000309966505e-05,0.16746807098388672,True
1115,322,0.007633587786259555,9.635800233809277e-05,0.16746807098388672,True
1116,325,0.0,9.431100261281244e-05,0.16747570037841797,True
1117,326,0.007633587786259555,9.682000018074177e-05,0.16746807098388672,True
1118,343,0.0,9.945100100594573e-05,0.16747570037841797,True
1119,320,0.007633587786259555,0.0001205849985126406,0.16746807098388672,True
1120,322,0.0,0.00010971799929393455,0.16747570037841797,True
1121,325,0.0,0.00010118600039277226,0.16747570037841797,True
1122,325,0.0,9.80240001808852e-05,0.16747570037841797,True
1123,326,0.0,9.424899690202437e-05,0.16747570037841797,True
1124,325,0.0,9.738199878484011e-05,0.16747570037841797,True
1125,323,0.007633587786259555,9.58519995037932e-05,0.16746807098388672,True
1126,327,0.0,0.00011687000005622394,0.16747570037841797,True
1127,329,0.022900763358778664,0.0001056239998433739,0.16745281219482422,True
1128,336,0.007633587786259555,0.00010064100206363946,0.16746807098388672,True
1129,330,0.007633587786259555,9.667899939813651e-05,0.16746807098388672,True
1130,330,0.007633587786259555,9.470099757891148e-05,0.16746807098388672,True
1131,348,0.0,9.455700273974799e-05,0.16747570037841797,True
1132,327,0.007633587786259555,9.509400115348399e-05,0.16746807098388672,True
1133,352,0.007633587786259555,9.891299851005897e-05,0.16746807098388672,True
1134,354,0.022900763358778664,9.977900117519312e-05,0.16745281219482422,True
1135,320,0.007633587786259555,0.00010057400140794925,0.16746807098388672,True
1136,329,0.01526717557251911,9.564599895384163e-05,0.16746044158935547,True
1137,329,0.01526717557251911,9.448700075154193e-05,0.16746044158935547,True
1138,329,0.0,9.51490001170896e-05,0.16747570037841797,True
1139,347,0.01526717557251911,9.52279988268856e-05,0.16746044158935547,True
1140,328,0.01526717557251911,9.658500130171888e-05,0.16746044158935547,True
1141,353,0.0,9.603999933460727e-05,0.16747570037841797,True
1142,335,0.01526717557251911,9.597400276106782e-05,0.16746044158935547,True
1143,335,0.007633587786259555,0.00011750300109270029,0.16746807098388672,True
1144,324,0.01526717557251911,9.759999738889746e-05,0.16746044158935547,True
1145,336,0.06106870229007633,9.601700003258884e-05,0.16741466522216797,True
1146,320,0.06870229007633588,9.702299939817749e-05,0.16740703582763672,True
1147,323,0.01526717557251911,9.585900261299685e-05,0.16746044158935547,True
1148,326,0.007633587786259555,9.629100168240257e-05,0.16746807098388672,True
1149,321,0.0,9.823300206335261e-05,0.16747570037841797,True
1150,320,0.0,9.808199683902785e-05,0.16747570037841797,True
1151,338,0.007633587786259555,9.885100007522851e-05,0.16746807098388672,True
1152,320,0.007633587786259555,0.00011594800162129104,0.16746807098388672,True
1153,320,0.0,0.00010116199700860307,0.16747570037841797,True
1154,321,0.007633587786259555,9.865399988484569e-05,0.16746807098388672,True
1155,337,0.0,9.558600140735507e-05,0.16747570037841797,True
1156,320,0.007633587786259555,9.565100117470138e-05,0.16746807098388672,True
1157,334,0.0,9.645500176702626e-05,0.16747570037841797,True
1158,326,0.007633587786259555,9.520800085738301e-05,0.16746807098388672,True
1159,320,0.0,9.977999798138626e-05,0.16747570037841797,True
1160,347,0.01526717557251911,0.0001476380020903889,0.16746044158935547,True
1161,346,0.007633587786259555,9.76189985522069e-05,0.16746807098388672,True
1162,334,0.007633587786259555,0.00010363700130255893,0.16746807098388672,True
1163,321,0.007633587786259555,9.908299762173556e-05,0.16746807098388672,True
1164,341,0.007633587786259555,0.00010342499808757566,0.16746807098388672,True
1165,324,0.007633587786259555,0.00013553700046031736,0.16746807098388672,True
1166,349,0.007633587786259555,9.631899956730194e-05,0.16746807098388672,True
1167,326,0.007633587786259555,9.48410015553236e-05,0.16746807098388672,True
1168,320,0.007633587786259555,9.908699939842336e-05,0.16746807098388672,True
1169,339,0.007633587786259555,9.6618001407478e-05,0.16746807098388672,True
1170,334,0.0,0.0002532719990995247,0.16747570037841797,True
1171,324,0.022900763358778664,9.87109997367952e-05,0.16745281219482422,True
1172,320,0.007633587786259555,9.817500176723115e-05,0.16746807098388672,True
1173,345,0.0,0.00010104999819304794,0.16747570037841797,True
1174,327,0.0,0.00010628499876474962,0.16747570037841797,True
1175,327,0.007633587786259555,9.815300290938467e-05,0.16746807098388672,True
1176,342,0.0,9.488499927101657e-05,0.16747570037841797,True
1177,320,0.0,0.00010931600263575092,0.16747570037841797,True
1178,347,0.007633587786259555,9.486799899605103e-05,0.16746807098388672,True
1179,327,0.007633587786259555,0.00016132499877130613,0.16746807098388672,True
1180,359,0.0,9.671000225353055e-05,0.16747570037841797,True
1181,327,0.0,9.483400208409876e-05,0.16747570037841797,True
1182,327,0.007633587786259555,9.611899804440327e-05,0.16746807098388672,True
1183,324,0.007633587786259555,9.619399861549027e-05,0.16746807098388672,True
1184,349,0.007633587786259555,9.66380030149594e-05,0.16746807098388672,True
1185,320,0.007633587786259555,0.00010233499779133126,0.16746807098388672,True
1186,327,0.0,9.531999967293814e-05,0.16747570037841797,True
1187,327,0.0,9.453199891140684e-05,0.16747570037841797,True
1188,346,0.01526717557251911,9.464399772696197e-05,0.16746044158935547,True
1189,335,0.01526717557251911,0.00010109299910254776,0.16746044158935547,True
1190,344,0.007633587786259555,9.83299978543073e-05,0.16746807098388672,True
1191,320,0.007633587786259555,9.84800026344601e-05,0.16746807098388672,True
1192,343,0.0,0.00012373700155876577,0.16747570037841797,True
1193,341,0.007633587786259555,9.517500075162388e-05,0.16746807098388672,True
1194,320,0.007633587786259555,0.00010560899681877345,0.16746807098388672,True
1195,342,0.007633587786259555,9.496699931332842e-05,0.16746807098388672,True
1196,346,0.007633587786259555,9.806999878492206e-05,0.16746807098388672,True
1197,341,0.007633587786259555,0.00010007800301536918,0.16746807098388672,True
1198,327,0.01526717557251911,9.558199963066727e-05,0.16746044158935547,True
1199,320,0.007633587786259555,0.00011782400179072283,0.16746807098388672,True
1200,333,0.01526717557251911,0.00012325600255280733,0.16746044158935547,True
1201,342,0.007633587786259555,0.00011870600064867176,0.16746807098388672,True
1202,368,0.01526717557251911,9.640500138630159e-05,0.16746044158935547,True
1203,360,0.007633587786259555,0.0001218329998664558,0.16746807098388672,True
1204,362,0.01526717557251911,9.520800085738301e-05,0.16746044158935547,True
1205,369,0.007633587786259555,9.741299800225534e-05,0.16746807098388672,True
1206,360,0.007633587786259555,9.74829999904614e-05,0.16746807098388672,True
1207,370,0.01526717557251911,9.443700037081726e-05,0.16746044158935547,True
1208,84,0.007633587786259555,9.849399793893099e-05,0.16746807098388672,False
1209,366,0.007633587786259555,9.636100003262982e-05,0.16746807098388672,True
1210,360,0.0,9.738600056152791e-05,0.16747570037841797,True
1211,379,0.0,9.358399984193966e-05,0.16747570037841797,True
1212,368,0.007633587786259555,9.416399916517548e-05,0.16746807098388672,True
1213,365,0.007633587786259555,9.56129988480825e-05,0.16746807098388672,True
1214,362,0.0,9.859300189418718e-05,0.16747570037841797,True
1215,361,0.0,9.608800246496685e-05,0.16747570037841797,True
1216,363,0.007633587786259555,9.523700282443315e-05,0.16746807098388672,True
1217,361,0.0,9.829999908106402e-05,0.16747570037841797,True
1218,382,0.007633587786259555,9.534300261293538e-05,0.16746807098388672,True
1219,369,0.0,9.519699960947037e-05,0.16747570037841797,True
1220,362,0.007633587786259555,9.741699977894314e-05,0.16746807098388672,True
1221,365,0.0,0.0001124500013247598,0.16747570037841797,True
1222,364,0.0,9.486700218985789e-05,0.16747570037841797,True
1223,365,0.0,0.00011007400098606013,0.16747570037841797,True
1224,106,0.01526717557251911,9.241099905921146e-05,0.16746044158935547,False
1225,369,0.0,0.00011527899914653972,0.16747570037841797,True
1226,369,0.0,9.291500100516714e-05,0.16747570037841797,True
1227,369,0.0,9.52260015765205e-05,0.16747570037841797,True
1228,370,0.0,9.526699795969762e-05,0.16747570037841797,True
1229,360,0.007633587786259555,9.704100011731498e-05,0.16746807098388672,True
1230,369,0.007633587786259555,9.631099965190515e-05,0.16746807098388672,True
1231,370,0.007633587786259555,9.752500045578927e-05,0.16746807098388672,True
1232,371,0.007633587786259555,0.00010705299791879952,0.16746807098388672,True
1233,370,0.007633587786259555,0.00010370699965278618,0.16746807098388672,True
1234,86,0.01526717557251911,0.00011255799836362712,0.16746044158935547,False
1235,375,0.01526717557251911,9.773299825610593e-05,0.16746044158935547,True
1236,363,0.007633587786259555,9.472400051890872e-05,0.16746807098388672,True
1237,83,0.01526717557251911,0.0001055309985531494,0.16746044158935547,False
1238,366,0.0,9.519699960947037e-05,0.16747570037841797,True
1239,376,0.01526717557251911,9.574100113241002e-05,0.16746044158935547,True
1240,95,0.01526717557251911,9.703400064609013e-05,0.16746044158935547,False
1241,370,0.007633587786259555,9.523900007479824e-05,0.16746807098388672,True
1242,374,0.022900763358778664,9.539500024402514e-05,0.16745281219482422,True
1243,390,0.03816793893129766,9.681300070951693e-05,0.16743755340576172,True
1244,83,0.022900763358778664,0.0001285620019189082,0.16745281219482422,False
1245,86,0.03816793893129766,9.377199967275374e-05,0.16743755340576172,False
1246,385,0.0,9.74589966062922e-05,0.16747570037841797,True
1247,379,0.007633587786259555,9.50009998632595e-05,0.16746807098388672,True
1248,84,0.01526717557251911,9.970400060410611e-05,0.16746044158935547,False
1249,392,0.022900763358778664,9.686200064606965e-05,0.16745281219482422,True
1250,387,0.0,9.402000068803318e-05,0.16747570037841797,True
1251,360,0.007633587786259555,0.00010145700071007013,0.16746807098388672,True
1252,364,0.007633587786259555,0.00010300199937773868,0.16746807098388672,True
1253,440,0.04580152671755722,0.00012686899935943075,0.16742992401123047,False
1254,440,0.03053435114503822,0.00010416000077384524,0.16744518280029297,False
1255,440,0.05343511450381677,9.925099948304705e-05,0.16742229461669922,False
1256,440,0.03053435114503822,9.756199870025739e-05,0.16744518280029297,False
1257,380,0.007633587786259555,9.369699910166673e-05,0.16746807098388672,True
1258,84,0.0,9.664200115366839e-05,0.16747570037841797,False
1259,366,0.0,9.386900273966603e-05,0.16747570037841797,True
1260,381,0.007633587786259555,0.00010914999802480452,0.16746807098388672,True
1261,364,0.01526717557251911,0.000170516999787651,0.16746044158935547,True
1262,397,0.01526717557251911,9.443800081498921e-05,0.16746044158935547,True
1263,368,0.007633587786259555,9.28959998418577e-05,0.16746807098388672,True
1264,366,0.01526717557251911,9.676899935584515e-05,0.16746044158935547,True
1265,84,0.007633587786259555,9.405099990544841e-05,0.16746807098388672,False
1266,383,0.01526717557251911,9.539500024402514e-05,0.16746044158935547,True
1267,380,0.007633587786259555,9.414699889020994e-05,0.16746807098388672,True
1268,369,0.007633587786259555,9.352899724035524e-05,0.16746807098388672,True
1269,369,0.01526717557251911,9.570299880579114e-05,0.16746044158935547,True
1270,382,0.007633587786259555,9.311900066677481e-05,0.16746807098388672,True
1271,378,0.01526717557251911,9.698600115370937e-05,0.16746044158935547,True
1272,375,0.0,0.00013151500024832785,0.16747570037841797,True
1273,392,0.007633587786259555,0.00010030900011770427,0.16746807098388672,True
1274,390,0.007633587786259555,0.00010860299880732782,0.16746807098388672,True
1275,378,0.022900763358778664,9.49200002651196e-05,0.16745281219482422,True
1276,379,0.007633587786259555,9.596400195732713e-05,0.16746807098388672,True
1277,395,0.0,9.493199831922539e-05,0.16747570037841797,True
1278,364,0.01526717557251911,9.857300028670579e-05,0.16746044158935547,True
1279,378,0.007633587786259555,9.489800140727311e-05,0.16746807098388672,True
1280,84,0.007633587786259555,9.408100231667049e-05,0.16746807098388672,False
1281,360,0.0,9.705699994810857e-05,0.16747570037841797,True
1282,360,0.007633587786259555,9.632100045564584e-05,0.16746807098388672,True
1283,372,0.0,9.518200022284873e-05,0.16747570037841797,True
1284,397,0.0,9.501800013822503e-05,0.16747570037841797,True
1285,362,0.007633587786259555,0.0001091739977709949,0.16746807098388672,True
1286,379,0.007633587786259555,9.373099965159781e-05,0.16746807098388672,True
1287,87,0.01526717557251911,9.26649991015438e-05,0.16746044158935547,False
1288,392,0.01526717557251911,9.741000030771829e-05,0.16746044158935547,True
1289,376,0.01526717557251911,9.457100168219768e-05,0.16746044158935547,True
1290,89,0.007633587786259555,9.579300240147859e-05,0.16746807098388672,False
1291,360,0.007633587786259555,9.720000161905773e-05,0.16746807098388672,True
1292,390,0.007633587786259555,9.696100096334703e-05,0.16746807098388672,True
1293,363,0.007633587786259555,9.531600153422914e-05,0.16746807098388672,True
1294,369,0.0,9.492299795965664e-05,0.16747570037841797,True
1295,360,0.007633587786259555,9.46120017033536e-05,0.16746807098388672,True
1296,105,0.03053435114503822,9.311100075137801e-05,0.16744518280029297,False
1297,412,0.01526717557251911,0.00010124699838343076,0.16746044158935547,True
1298,429,0.022900763358778664,0.00012975600111531094,0.16745281219482422,True
1299,423,0.01526717557251911,9.610500273993239e-05,0.16746044158935547,True
1300,400,0.01526717557251911,0.00010045200178865343,0.16746044158935547,True
1301,427,0.0,0.00011473599806777202,0.16747570037841797,True
1302,438,0.06870229007633588,9.908200081554241e-05,0.16740703582763672,True
1303,427,0.0,0.0001196670018543955,0.16747570037841797,True
1304,410,0.022900763358778664,9.330800094176084e-05,0.16745281219482422,True
1305,457,0.0,9.571999908075668e-05,0.16747570037841797,True
1306,468,0.0,9.504400077275932e-05,0.16747570037841797,True
1307,449,0.03816793893129766,9.572199996910058e-05,0.16743755340576172,True
1308,468,0.0,9.378100003232248e-05,0.16747570037841797,True
1309,457,0.0,9.501900058239698e-05,0.16747570037841797,True
1310,440,0.007633587786259555,9.845200111158192e-05,0.16746807098388672,True
1311,457,0.01526717557251911,9.46910004131496e-05,0.16746044158935547,True
1312,458,0.0,9.63970014709048e-05,0.16747570037841797,True
1313,461,0.007633587786259555,9.367299935547635e-05,0.16746807098388672,True
1314,461,0.0,9.489600051892921e-05,0.16747570037841797,True
1315,441,0.007633587786259555,9.929899897542782e-05,0.16746807098388672,True
1316,441,0.007633587786259555,9.928699728334323e-05,0.16746807098388672,True
1317,443,0.022900763358778664,9.958499867934734e-05,0.16745281219482422,True
1318,404,0.03816793893129766,0.00010168600056204014,0.16743755340576172,False
1319,410,0.03816793893129766,9.56170006247703e-05,0.16743755340576172,False
1320,442,0.007633587786259555,9.734299965202808e-05,0.16746807098388672,True
1321,440,0.007633587786259555,9.875700197881088e-05,0.16746807098388672,True
1322,442,0.007633587786259555,9.42049991863314e-05,0.16746807098388672,True
1323,538,0.10687022900763354,9.867500193649903e-05,0.16736888885498047,False
1324,415,0.1145038167938931,9.633599984226748e-05,0.16736125946044922,False
1325,444,0.0,0.00010881600246648304,0.16747570037841797,True
1326,448,0.007633587786259555,9.324100028607063e-05,0.16746807098388672,True
1327,444,0.0,9.856699762167409e-05,0.16747570037841797,True
1328,446,0.0,9.482400128035806e-05,0.16747570037841797,True
1329,466,0.022900763358778664,9.474499893258326e-05,0.16745281219482422,True
1330,450,0.0,9.341899931314401e-05,0.16747570037841797,True
1331,450,0.0,9.413299994776025e-05,0.16747570037841797,True
1332,452,0.01526717557251911,9.664000026532449e-05,0.16746044158935547,True
1333,457,0.007633587786259555,9.820599734666757e-05,0.16746807098388672,True
1334,458,0.007633587786259555,9.67699998000171e-05,0.16746807098388672,True
1335,454,0.0,9.633300214773044e-05,0.16747570037841797,True
1336,454,0.0,0.0001108979995478876,0.16747570037841797,True
1337,469,0.01526717557251911,9.38400007726159e-05,0.16746044158935547,True
1338,458,0.007633587786259555,9.556800068821758e-05,0.16746807098388672,True
1339,471,0.007633587786259555,9.377999958815053e-05,0.16746807098388672,True
1340,454,0.007633587786259555,9.858200064627454e-05,0.16746807098388672,True
1341,454,0.007633587786259555,9.71609988482669e-05,0.16746807098388672,True
1342,457,0.0,0.00010385999848949723,0.16747570037841797,True
1343,458,0.007633587786259555,9.95579976006411e-05,0.16746807098388672,True
1344,457,0.0,9.472699821344577e-05,0.16747570037841797,True
1345,454,0.0,9.657299960963428e-05,0.16747570037841797,True
1346,461,0.0,9.604700244381092e-05,0.16747570037841797,True
1347,462,0.0,0.00012109499948564917,0.16747570037841797,True
1348,457,0.01526717557251911,9.550299728289247e-05,0.16746044158935547,True
1349,459,0.01526717557251911,9.806800153455697e-05,0.16746044158935547,True
1350,441,0.007633587786259555,9.914100155583583e-05,0.16746807098388672,True
1351,469,0.0,9.539999882690609e-05,0.16747570037841797,True
1352,96,0.007633587786259555,9.373000284540467e-05,0.16746807098388672,False
1353,473,0.0,9.426600081496872e-05,0.16747570037841797,True
1354,88,0.007633587786259555,9.469399810768664e-05,0.16746807098388672,False
1355,458,0.0,9.398899783263914e-05,0.16747570037841797,True
1356,457,0.0,9.762999980011955e-05,0.16747570037841797,True
1357,457,0.007633587786259555,9.740299719851464e-05,0.16746807098388672,True
1358,475,0.0,9.458899876335636e-05,0.16747570037841797,True
1359,76,0.10687022900763354,9.785300062503666e-05,0.16736888885498047,False
1360,458,0.007633587786259555,9.864100138656795e-05,0.16746807098388672,True
1361,88,0.01526717557251911,9.820099876378663e-05,0.16746044158935547,False
1362,441,0.01526717557251911,9.897699783323333e-05,0.16746044158935547,True
1363,463,0.0,9.509000301477499e-05,0.16747570037841797,True
1364,452,0.007633587786259555,0.0001040539973473642,0.16746807098388672,True
1365,457,0.0,9.432099977857433e-05,0.16747570037841797,True
1366,458,0.0,9.800499901757576e-05,0.16747570037841797,True
1367,468,0.007633587786259555,9.381600102642551e-05,0.16746807098388672,True
1368,461,0.007633587786259555,9.603600119589828e-05,0.16746807098388672,True
1369,461,0.007633587786259555,9.354199937661178e-05,0.16746807098388672,True
1370,458,0.0,9.517600119579583e-05,0.16747570037841797,True
1371,485,0.022900763358778664,9.651599975768477e-05,0.16745281219482422,True
1372,488,0.03053435114503822,0.00011199800064787269,0.16744518280029297,True
1373,493,0.01526717557251911,9.625299935578369e-05,0.16746044158935547,True
1374,488,0.03053435114503822,9.637399853090756e-05,0.16744518280029297,True
1375,486,0.022900763358778664,9.794699872145429e-05,0.16745281219482422,True
1376,488,0.022900763358778664,9.725500058266334e-05,0.16745281219482422,True
1377,486,0.007633587786259555,9.590499757905491e-05,0.16746807098388672,True
1378,508,0.08396946564885499,0.0001028099977702368,0.16739177703857422,True
1379,480,0.05343511450381677,9.876000331132673e-05,0.16742229461669922,True
1380,312,0.06870229007633588,0.00010005500007537194,0.16740703582763672,False
1381,484,0.007633587786259555,9.704100011731498e-05,0.16746807098388672,True
1382,481,0.01526717557251911,9.651300206314772e-05,0.16746044158935547,True
1383,482,0.03053435114503822,0.00014398599887499586,0.16744518280029297,True
1384,498,0.06870229007633588,0.0001020439995045308,0.16740703582763672,True
1385,387,0.07633587786259544,0.00010990900045726448,0.16739940643310547,False
1386,487,0.01526717557251911,9.667999984230846e-05,0.16746044158935547,True
1387,485,0.007633587786259555,9.629099804442376e-05,0.16746807098388672,True
1388,484,0.01526717557251911,9.846199827734381e-05,0.16746044158935547,True
1389,490,0.01526717557251911,9.67880005191546e-05,0.16746044158935547,True
1390,492,0.0,9.64739992923569e-05,0.16747570037841797,True
1391,490,0.007633587786259555,9.730199963087216e-05,0.16746807098388672,True
1392,490,0.007633587786259555,0.00011865799751831219,0.16746807098388672,True
1393,496,0.007633587786259555,9.865199899650179e-05,0.16746807098388672,True
1394,495,0.0,9.496200073044747e-05,0.16747570037841797,True
1395,487,0.007633587786259555,9.810200208448805e-05,0.16746807098388672,True
1396,503,0.01526717557251911,9.592599963070825e-05,0.16746044158935547,True
1397,487,0.007633587786259555,9.773999772733077e-05,0.16746807098388672,True
1398,488,0.01526717557251911,9.600299745216034e-05,0.16746044158935547,True
1399,485,0.01526717557251911,0.00010018499961006455,0.16746044158935547,True
1400,517,0.022900763358778664,0.00010635699800332077,0.16745281219482422,True
1401,508,0.022900763358778664,9.594999937689863e-05,0.16745281219482422,True
1402,511,0.01526717557251911,9.648599734646268e-05,0.16746044158935547,True
1403,512,0.01526717557251911,9.658400085754693e-05,0.16746044158935547,True
1404,507,0.0,9.750999743118882e-05,0.16747570037841797,True
1405,508,0.007633587786259555,9.758300075191073e-05,0.16746807098388672,True
1406,516,0.01526717557251911,9.620399941923097e-05,0.16746044158935547,True
1407,511,0.007633587786259555,9.561000115354545e-05,0.16746807098388672,True
1408,518,0.03053435114503822,9.606499952496961e-05,0.16744518280029297,True
1409,488,0.03816793893129766,0.00010385299901827239,0.16743755340576172,True
1410,512,0.03053435114503822,9.459300054004416e-05,0.16744518280029297,True
1411,511,0.01526717557251911,9.711699749459513e-05,0.16746044158935547,True
1412,504,0.007633587786259555,9.763599882717244e-05,0.16746807098388672,True
1413,508,0.007633587786259555,0.0001099500004784204,0.16746807098388672,True
1414,488,0.01526717557251911,9.516800128039904e-05,0.16746044158935547,True
1415,486,0.022900763358778664,9.86420018307399e-05,0.16745281219482422,True
1416,481,0.06870229007633588,9.4295999588212e-05,0.16740703582763672,True
1417,84,0.01526717557251911,0.00011145399912493303,0.16746044158935547,False
1418,86,0.01526717557251911,9.208399933413602e-05,0.16746044158935547,False
1419,97,0.03053435114503822,9.455799954594113e-05,0.16744518280029297,False
1420,15,0.07633587786259544,9.750800018082373e-05,0.16739940643310547,False
1421,9,0.09160305343511455,9.669199789641425e-05,0.16738414764404297,False
1422,86,0.01526717557251911,9.875999967334792e-05,0.16746044158935547,False
1423,86,0.01526717557251911,9.869299901765771e-05,0.16746044158935547,False
1424,105,0.007633587786259555,0.00010220100011792965,0.16746807098388672,False
1425,86,0.03053435114503822,9.267199857276864e-05,0.16744518280029297,False
1426,105,0.01526717557251911,9.595499795977958e-05,0.16746044158935547,False
1427,380,0.15267175572519087,9.556500299368054e-05,0.16732311248779297,False
1428,403,0.0992366412213741,9.429900092072785e-05,0.16737651824951172,False
1429,366,0.01526717557251911,9.485799819231033e-05,0.16746044158935547,False
1430,384,0.01526717557251911,9.4524999440182e-05,0.16746044158935547,False
1431,86,0.022900763358778664,9.402700015925802e-05,0.16745281219482422,False
1432,373,0.022900763358778664,9.519699960947037e-05,0.16745281219482422,False
1433,105,0.022900763358778664,9.36030010052491e-05,0.16745281219482422,False
1434,115,0.01526717557251911,9.244600005331449e-05,0.16746044158935547,False
1435,86,0.022900763358778664,9.784100257093087e-05,0.16745281219482422,False
1436,373,0.022900763358778664,9.46809996094089e-05,0.16745281219482422,False
1437,105,0.007633587786259555,9.363199933432043e-05,0.16746807098388672,False
1438,84,0.022900763358778664,9.470600343775004e-05,0.16745281219482422,False
1439,397,0.01526717557251911,9.49160021264106e-05,0.16746044158935547,False
1440,370,0.01526717557251911,9.290099842473865e-05,0.16746044158935547,False
1441,82,0.03053435114503822,0.00010291799844708294,0.16744518280029297,False
1442,86,0.007633587786259555,0.00010678899707272649,0.16746807098388672,False
1443,86,0.01526717557251911,9.334499918622896e-05,0.16746044158935547,False
1444,85,0.03053435114503822,9.583300197846256e-05,0.16744518280029297,False
1445,84,0.007633587786259555,9.443100134376436e-05,0.16746807098388672,False
1446,88,0.01526717557251911,0.0001153860030171927,0.16746044158935547,False
1447,384,0.007633587786259555,9.463700189371593e-05,0.16746807098388672,False
1448,366,0.022900763358778664,9.26710017665755e-05,0.16745281219482422,False
1449,384,0.022900763358778664,0.00010660599946277216,0.16745281219482422,False
1450,105,0.03816793893129766,0.00010465000013937242,0.16743755340576172,False
1451,115,0.022900763358778664,9.503600085736252e-05,0.16745281219482422,False
1452,385,0.01526717557251911,0.00010179899982176721,0.16746044158935547,False
1453,86,0.022900763358778664,9.263699757866561e-05,0.16745281219482422,False
1454,105,0.06870229007633588,9.22780018299818e-05,0.16740703582763672,False
1455,96,0.05343511450381677,0.00010212799679720774,0.16742229461669922,False
1456,105,0.007633587786259555,9.498600047663786e-05,0.16746807098388672,False
1457,105,0.022900763358778664,9.26000029721763e-05,0.16745281219482422,False
1458,105,0.01526717557251911,9.294299889006652e-05,0.16746044158935547,False
1459,86,0.01526717557251911,9.743299960973673e-05,0.16746044158935547,False
1460,391,0.01526717557251911,9.53130002017133e-05,0.16746044158935547,False
1461,105,0.007633587786259555,9.869300265563652e-05,0.16746807098388672,False
1462,391,0.03816793893129766,0.00015310899834730662,0.16743755340576172,False
1463,83,0.022900763358778664,9.811700147110969e-05,0.16745281219482422,False
1464,86,0.03053435114503822,9.474599937675521e-05,0.16744518280029297,False
1465,101,0.03053435114503822,9.661000149208121e-05,0.16744518280029297,False
1466,81,0.03816793893129766,9.939599840436131e-05,0.16743755340576172,False
1467,0,0.06870229007633588,0.00010149300214834511,0.16749095916748047,False
1468,25,0.06106870229007633,0.00011261799954809248,0.16741466522216797,False
1469,2,0.10687022900763354,0.00010039700282504782,0.16741466522216797,False
1470,22,0.0992366412213741,9.573199713486247e-05,0.16737651824951172,False
1471,355,0.06870229007633588,9.639600102673285e-05,0.16740703582763672,False
1472,6,0.09160305343511455,9.873999806586653e-05,0.16738414764404297,False
1473,14,0.06870229007633588,0.00014699399980599992,0.16740703582763672,False
1474,86,0.022900763358778664,9.323600170318969e-05,0.16745281219482422,False
1475,373,0.03053435114503822,0.00010282900257152505,0.16744518280029297,False
1476,26,0.06106870229007633,9.715600026538596e-05,0.16741466522216797,False
1477,373,0.03053435114503822,0.00010665399895515293,0.16744518280029297,False
1478,86,0.007633587786259555,9.53900016611442e-05,0.16746807098388672,False
1479,84,0.04580152671755722,9.372500062454492e-05,0.16742992401123047,False
1480,86,0.03816793893129766,0.00010092599768540822,0.16743755340576172,False
1481,86,0.01526717557251911,9.35179996304214e-05,0.16746044158935547,False
1482,91,0.03053435114503822,9.467400013818406e-05,0.16744518280029297,False
1483,105,0.007633587786259555,0.00010287600161973387,0.16746807098388672,False
1484,260,0.05343511450381677,0.00010330999793950468,0.16742229461669922,False
1485,467,0.022900763358778664,9.291300011682324e-05,0.16745281219482422,False
1486,102,0.03053435114503822,9.241899897460826e-05,0.16744518280029297,False
1487,86,0.03053435114503822,9.34349991439376e-05,0.16744518280029297,False
1488,27,0.04580152671755722,0.00012611399870365858,0.16742992401123047,False
1489,29,0.03816793893129766,0.00010240099800284952,0.16743755340576172,False
1490,398,0.07633587786259544,9.574000068823807e-05,0.16739940643310547,False
1491,92,0.04580152671755722,9.660299838287756e-05,0.16742992401123047,False
1492,362,0.04580152671755722,0.00010485399980098009,0.16742992401123047,False
1493,82,0.08396946564885499,9.4063001597533e-05,0.16739177703857422,False
1494,102,0.04580152671755722,9.405600212630816e-05,0.16742992401123047,False
1495,105,0.03053435114503822,9.915500049828552e-05,0.16744518280029297,False
1496,373,0.01526717557251911,0.00010280599963152781,0.16746044158935547,False
1497,384,0.01526717557251911,0.00010518799899728037,0.16746044158935547,False
1498,84,0.022900763358778664,0.00010233900320599787,0.16745281219482422,False
1499,391,0.01526717557251911,0.00010603800183162093,0.16746044158935547,False
1500,373,0.03053435114503822,9.98599971353542e-05,0.16744518280029297,False
1501,384,0.01526717557251911,9.310599853051826e-05,0.16746044158935547,False
1502,373,0.022900763358778664,9.487699935561977e-05,0.16745281219482422,False
1503,84,0.022900763358778664,9.341300028609112e-05,0.16745281219482422,False
1504,373,0.007633587786259555,0.0004582900000968948,0.16746807098388672,False
1505,367,0.01526717557251911,9.418799891136587e-05,0.16746044158935547,False
1506,86,0.01526717557251911,9.37469994823914e-05,0.16746044158935547,False
1507,105,0.01526717557251911,9.780399705050513e-05,0.16746044158935547,False
1508,86,0.01526717557251911,0.00010332099918741733,0.16746044158935547,False
1509,460,0.08396946564885499,0.00010021300113294274,0.16739177703857422,False
1510,26,0.07633587786259544,9.700600276119076e-05,0.16739940643310547,False
1511,548,0.06106870229007633,9.610299821360968e-05,0.16741466522216797,False
1512,26,0.06870229007633588,9.494700134382583e-05,0.16740703582763672,False
1513,373,0.03816793893129766,9.634599700802937e-05,0.16743755340576172,False
1514,86,0.01526717557251911,9.556900113238953e-05,0.16746044158935547,False
1515,82,0.022900763358778664,9.656099791754968e-05,0.16745281219482422,False
1516,86,0.01526717557251911,9.592800051905215e-05,0.16746044158935547,False
1517,384,0.01526717557251911,9.364300058223307e-05,0.16746044158935547,False
1518,84,0.022900763358778664,9.362199853057973e-05,0.16745281219482422,False
1519,384,0.01526717557251911,9.249799768440425e-05,0.16746044158935547,False
1520,105,0.03053435114503822,9.392399806529284e-05,0.16744518280029297,False
1521,87,0.05343511450381677,9.378100003232248e-05,0.16742229461669922,False
1522,87,0.04580152671755722,0.00019243300266680308,0.16742992401123047,False
1523,86,0.022900763358778664,0.00010666799789760262,0.16745281219482422,False
1524,86,0.01526717557251911,9.649499770603143e-05,0.16746044158935547,False
1525,391,0.01526717557251911,9.70190012594685e-05,0.16746044158935547,False
1526,37,0.05343511450381677,0.00010564100011833943,0.16742229461669922,False
1527,86,0.03816793893129766,9.70090004557278e-05,0.16743755340576172,False
1528,91,0.022900763358778664,9.411099745193496e-05,0.16745281219482422,False
1529,384,0.007633587786259555,9.341099939774722e-05,0.16746807098388672,False
1530,92,0.01526717557251911,9.959900125977583e-05,0.16746044158935547,False
1531,86,0.04580152671755722,9.316700015915558e-05,0.16742992401123047,False
1532,86,0.03053435114503822,9.359399700770155e-05,0.16744518280029297,False
1533,86,0.01526717557251911,0.00010373600161983632,0.16746044158935547,False
1534,86,0.07633587786259544,0.00011748000179068185,0.16739940643310547,False
1535,86,0.07633587786259544,9.494600089965388e-05,0.16739940643310547,False
1536,102,0.07633587786259544,0.00011570499918889254,0.16739940643310547,False
1537,92,0.03053435114503822,0.0001140790009230841,0.16744518280029297,False
1538,91,0.04580152671755722,9.959700037143193e-05,0.16742992401123047,False
1539,368,0.06870229007633588,9.470099757891148e-05,0.16740703582763672,False
1540,103,0.06870229007633588,9.42029982979875e-05,0.16740703582763672,False
1541,391,0.03053435114503822,9.515999772702344e-05,0.16744518280029297,False
1542,105,0.022900763358778664,9.466700066695921e-05,0.16745281219482422,False
1543,86,0.022900763358778664,9.596200106898323e-05,0.16745281219482422,False
1544,96,0.022900763358778664,9.464200047659688e-05,0.16745281219482422,False
1545,102,0.06870229007633588,9.223200322594494e-05,0.16740703582763672,False
1546,444,0.06870229007633588,9.340699762105942e-05,0.16740703582763672,False
1547,80,0.06870229007633588,9.527799920761026e-05,0.16740703582763672,False
1548,105,0.06870229007633588,0.00010953099990729243,0.16740703582763672,False
1549,86,0.03053435114503822,9.502499960944988e-05,0.16744518280029297,False
1550,373,0.03053435114503822,9.503099863650277e-05,0.16744518280029297,False
1551,86,0.01526717557251911,0.00010670499978004955,0.16746044158935547,False
1552,384,0.05343511450381677,9.375200170325115e-05,0.16742229461669922,False
1553,102,0.09160305343511455,9.279200094169937e-05,0.16738414764404297,False
1554,373,0.06106870229007633,9.48490014707204e-05,0.16741466522216797,False
1555,384,0.03816793893129766,9.427899931324646e-05,0.16743755340576172,False
1556,86,0.05343511450381677,9.40000027185306e-05,0.16742229461669922,False
1557,397,0.04580152671755722,9.524499910185114e-05,0.16742992401123047,False
1558,22,0.05343511450381677,9.53739981923718e-05,0.16742229461669922,False
1559,384,0.06106870229007633,0.00027824300195788965,0.16741466522216797,False
1560,91,0.04580152671755722,9.79470023594331e-05,0.16742992401123047,False
1561,391,0.05343511450381677,9.397499889018945e-05,0.16742229461669922,False
1562,86,0.03053435114503822,9.398099791724235e-05,0.16744518280029297,False
1563,105,0.01526717557251911,9.357599992654286e-05,0.16746044158935547,False
1564,373,0.03816793893129766,9.899699944071472e-05,0.16743755340576172,False
1565,105,0.01526717557251911,9.39110032049939e-05,0.16746044158935547,False
1566,81,0.03053435114503822,9.479700020165183e-05,0.16744518280029297,False
1567,260,0.01526717557251911,9.602399950381368e-05,0.16746044158935547,False
1568,471,0.04580152671755722,9.849300113273785e-05,0.16742992401123047,False
1569,106,0.03816793893129766,9.331399996881373e-05,0.16743755340576172,False
1570,373,0.022900763358778664,9.408600089955144e-05,0.16745281219482422,False
1571,469,0.06870229007633588,9.606200183043256e-05,0.16740703582763672,False
1572,462,0.07633587786259544,9.416100147063844e-05,0.16739940643310547,False
1573,87,0.05343511450381677,9.413499719812535e-05,0.16742229461669922,False
1574,286,0.1145038167938931,0.00010224300058325753,0.16736125946044922,False
1575,292,0.10687022900763354,9.547800073050894e-05,0.16736888885498047,False
1576,261,0.03053435114503822,9.360799958813004e-05,0.16744518280029297,False
1577,368,0.07633587786259544,0.00012186800086055882,0.16739940643310547,False
1578,90,0.04580152671755722,9.898700227495283e-05,0.16742992401123047,False
1579,86,0.022900763358778664,0.00011254700075369328,0.16745281219482422,False
1580,90,0.022900763358778664,0.00010488800035091117,0.16745281219482422,False
1581,375,0.06106870229007633,9.73189999058377e-05,0.16741466522216797,False
1582,84,0.03816793893129766,0.00010752000162028708,0.16743755340576172,False
1583,86,0.03816793893129766,9.519499872112647e-05,0.16743755340576172,False
1584,86,0.04580152671755722,9.520700041321106e-05,0.16742992401123047,False
1585,81,0.03816793893129766,9.745100032887422e-05,0.16743755340576172,False
1586,83,0.03053435114503822,9.381699783261865e-05,0.16744518280029297,False
1587,86,0.022900763358778664,0.00013223200221545994,0.16745281219482422,False
1588,113,0.05343511450381677,9.77849995251745e-05,0.16742229461669922,False
1589,105,0.05343511450381677,9.456900079385377e-05,0.16742229461669922,False
1590,105,0.05343511450381677,0.00010307100092177279,0.16742229461669922,False
1591,105,0.05343511450381677,9.336299990536645e-05,0.16742229461669922,False
1592,205,0.06870229007633588,0.00011326799722155556,0.16740703582763672,False
1593,102,0.08396946564885499,9.201200009556487e-05,0.16739177703857422,False
1594,84,0.06870229007633588,0.00010174599810852669,0.16740703582763672,False
1595,102,0.04580152671755722,9.342600242234766e-05,0.16742992401123047,False
1596,102,0.03053435114503822,0.0001715159996820148,0.16744518280029297,False
1597,96,0.03053435114503822,9.759800013853237e-05,0.16744518280029297,False
1598,94,0.06106870229007633,9.463400056120008e-05,0.16741466522216797,False
1599,105,0.022900763358778664,9.288299770560116e-05,0.16745281219482422,False
1600,373,0.06106870229007633,9.44480016187299e-05,0.16741466522216797,False
1601,362,0.022900763358778664,9.475900151301175e-05,0.16745281219482422,False
1602,105,0.022900763358778664,9.408799814991653e-05,0.16745281219482422,False
1603,105,0.03816793893129766,9.310899986303411e-05,0.16743755340576172,False
1604,105,0.03053435114503822,0.00010039300104836002,0.16744518280029297,False
1605,96,0.01526717557251911,9.71670015132986e-05,0.16746044158935547,False
1606,96,0.01526717557251911,9.38400007726159e-05,0.16746044158935547,False
1607,87,0.06870229007633588,9.555600263411179e-05,0.16740703582763672,False
1608,85,0.03816793893129766,0.0001032149993989151,0.16743755340576172,False
1609,84,0.04580152671755722,9.453999882680364e-05,0.16742992401123047,False
1610,91,0.03053435114503822,0.0001422240020474419,0.16744518280029297,False
1611,86,0.03053435114503822,9.376399975735694e-05,0.16744518280029297,False
1612,134,0.06870229007633588,9.808300092117861e-05,0.16740703582763672,False
1613,134,0.06870229007633588,9.451599908061326e-05,0.16740703582763672,False
1614,98,0.07633587786259544,9.53130002017133e-05,0.16739940643310547,False
1615,384,0.05343511450381677,9.795600271900184e-05,0.16742229461669922,False
1616,375,0.06106870229007633,0.0001343020012427587,0.16741466522216797,False
1617,310,0.06106870229007633,0.00011166900003445335,0.16741466522216797,False
1618,361,0.04580152671755722,9.553700147080235e-05,0.16742992401123047,False
1619,82,0.04580152671755722,9.55359973886516e-05,0.16742992401123047,False
1620,102,0.04580152671755722,9.3530001322506e-05,0.16742992401123047,False
1621,105,0.08396946564885499,0.00012787600280717015,0.16739177703857422,False
1622,398,0.022900763358778664,0.00010355099948355928,0.16745281219482422,False
1623,391,0.06106870229007633,9.777800005394965e-05,0.16741466522216797,False
1624,98,0.08396946564885499,9.987299927161075e-05,0.16739177703857422,False
1625,26,0.06106870229007633,9.391999992658384e-05,0.16741466522216797,False
1626,86,0.04580152671755722,0.00010073200246552005,0.16742992401123047,False
1627,378,0.06106870229007633,9.628499901737086e-05,0.16741466522216797,False
1628,384,0.007633587786259555,9.477200001128949e-05,0.16746807098388672,False
1629,84,0.03816793893129766,0.00010073799785459414,0.16743755340576172,False
1630,105,0.01526717557251911,0.00010999000005540438,0.16746044158935547,False
1631,81,0.06870229007633588,9.44580024224706e-05,0.16740703582763672,False
1632,90,0.01526717557251911,9.362400305690244e-05,0.16746044158935547,False
1633,90,0.022900763358778664,0.00010742800077423453,0.16745281219482422,False
1634,86,0.022900763358778664,9.526099893264472e-05,0.16745281219482422,False
1635,86,0.022900763358778664,9.629899795982055e-05,0.16745281219482422,False
1636,82,0.03053435114503822,0.00010333300087950192,0.16744518280029297,False
1637,96,0.03816793893129766,9.362799755763263e-05,0.16743755340576172,False
1638,89,0.04580152671755722,9.270000009564683e-05,0.16742992401123047,False
1639,375,0.06870229007633588,9.418700210517272e-05,0.16740703582763672,False
1640,86,0.022900763358778664,9.230999785359018e-05,0.16745281219482422,False
1641,81,0.022900763358778664,9.6464002126595e-05,0.16745281219482422,False
1642,257,0.05343511450381677,0.0001040740025928244,0.16742229461669922,False
1643,82,0.03053435114503822,0.00011004200132447295,0.16744518280029297,False
1644,86,0.06106870229007633,9.875099931377918e-05,0.16741466522216797,False
1645,105,0.022900763358778664,9.376899834023789e-05,0.16745281219482422,False
1646,105,0.022900763358778664,9.317199874203652e-05,0.16745281219482422,False
1647,105,0.01526717557251911,9.318099910160527e-05,0.16746044158935547,False
1648,391,0.03053435114503822,9.377300011692569e-05,0.16744518280029297,False
1649,83,0.03053435114503822,9.915199916576967e-05,0.16744518280029297,False
1650,89,0.04580152671755722,9.386799865751527e-05,0.16742992401123047,False
1651,86,0.022900763358778664,9.711600068840198e-05,0.16745281219482422,False
1652,103,0.09160305343511455,9.371900159749202e-05,0.16738414764404297,False
1653,105,0.05343511450381677,9.73189999058377e-05,0.16742229461669922,False
1654,376,0.09160305343511455,9.46950021898374e-05,0.16738414764404297,False
1655,105,0.09160305343511455,0.00011493100100778975,0.16738414764404297,False
1656,105,0.05343511450381677,9.426399992662482e-05,0.16742229461669922,False
1657,81,0.09160305343511455,0.00011102599819423631,0.16738414764404297,False
1658,529,0.07633587786259544,9.7083997388836e-05,0.16739940643310547,True
1659,550,0.0992366412213741,0.00011072899724240415,0.16737651824951172,True
1660,428,0.09160305343511455,9.675500041339546e-05,0.16738414764404297,False
1661,543,0.06106870229007633,9.694300024420954e-05,0.16741466522216797,True
1662,555,0.03816793893129766,9.59190001594834e-05,0.16743755340576172,True
1663,557,0.04580152671755722,9.528800001135096e-05,0.16742992401123047,True
1664,557,0.03053435114503822,9.693900210550055e-05,0.16744518280029297,True
1665,558,0.04580152671755722,9.52969967329409e-05,0.16742992401123047,True
1666,549,0.07633587786259544,9.62329977483023e-05,0.16739940643310547,True
1667,558,0.06106870229007633,9.711399980005808e-05,0.16741466522216797,True
1668,50,0.0992366412213741,0.00010254299922962673,0.16737651824951172,False
1669,522,0.03816793893129766,0.00011198499851161614,0.16743755340576172,True
1670,525,0.06870229007633588,0.0001228340006491635,0.16740703582763672,True
1671,536,0.08396946564885499,9.954300185199827e-05,0.16739177703857422,True
1672,538,0.05343511450381677,9.54549977905117e-05,0.16742229461669922,True
1673,543,0.04580152671755722,0.00013283400039654225,0.16742992401123047,True
1674,544,0.06870229007633588,0.00015122900003916584,0.16740703582763672,True
1675,549,0.06870229007633588,0.00011180400179000571,0.16740703582763672,True
1676,524,0.10687022900763354,9.789999967324547e-05,0.16736888885498047,True
1677,543,0.06106870229007633,0.0001319639995926991,0.16741466522216797,True
1678,529,0.06870229007633588,0.00010729700079536997,0.16740703582763672,True
1679,551,0.03816793893129766,9.384399891132489e-05,0.16743755340576172,True
1680,538,0.0,9.73310015979223e-05,0.16747570037841797,True
1681,65,0.09160305343511455,0.00011162000009790063,0.16738414764404297,False
1682,524,0.08396946564885499,0.00010044800001196563,0.16739177703857422,True
1683,521,0.07633587786259544,0.00010504099918762222,0.16739940643310547,True
1684,60,0.10687022900763354,0.0001549139997223392,0.16736888885498047,False
1685,547,0.04580152671755722,9.892000161926262e-05,0.16742992401123047,True
1686,557,0.03816793893129766,0.00010113399912370369,0.16743755340576172,True
1687,558,0.06870229007633588,0.00010101400039275177,0.16740703582763672,True
1688,83,0.08396946564885499,9.414300075150095e-05,0.16739177703857422,False
1689,210,0.10687022900763354,0.00010040999768534675,0.16736888885498047,False
