Test Index,Train Index,Score,Computing Time (s),Space Usage (MB),Same Class
0,104,13.31364313615298,0.00018041699877358042,0.15093421936035156,True
1,122,19.63507010061123,0.0002137320007022936,0.15093421936035156,True
2,153,25.22663495529748,0.00018051300139632076,0.15096473693847656,True
3,148,58.11166611236749,0.00017774699881556444,0.15099525451660156,True
4,15,15.4402215184712,0.00016771300215623342,0.15093421936035156,True
5,0,32.849402226418434,0.00017644499894231558,0.15096473693847656,True
6,181,43.782121572574226,0.0001740849984344095,0.1509876251220703,False
7,157,23.11339924895526,0.00016868500097189099,0.15093421936035156,True
8,128,18.577991229677114,0.00016898000103537925,0.1509418487548828,True
9,155,21.08904069491443,0.0001891230022010859,0.15093421936035156,True
10,139,25.162447941213934,0.0001695179998932872,0.1509571075439453,True
11,137,15.579605363417425,0.00016773199968156405,0.1509265899658203,True
12,130,28.23324802262837,0.0001712199991743546,0.1509418487548828,True
13,122,10.037836272295863,0.00016615700224065222,0.1509265899658203,True
14,191,26.796707984691654,0.0001764029984769877,0.15096473693847656,True
15,194,9.161726625958647,0.00016698199760867283,0.1509265899658203,True
16,79,11.466160846728478,0.00016993700046441518,0.15093421936035156,True
17,140,13.016682715085164,0.00018487900160835125,0.1509265899658203,True
18,56,24.03316631682262,0.00017146599930129014,0.1509418487548828,True
19,30,8.74625182505532,0.0001682010006334167,0.15091896057128906,True
20,24,12.875302758100768,0.00017725499856169336,0.1509265899658203,True
21,29,36.48422431184457,0.00018395399820292369,0.1509876251220703,True
22,172,15.138482221552039,0.00016708299881429411,0.15091896057128906,True
23,19,14.409200576892914,0.00017255800048587844,0.15093421936035156,True
24,13,66.232325199265,0.00017902800027513877,0.1510181427001953,True
25,70,8.67045621094444,0.00017516599837108515,0.1509265899658203,True
26,155,15.40336188301925,0.000178901002072962,0.15091896057128906,True
27,110,34.48292050197272,0.00018754000120679848,0.15096473693847656,True
28,174,10.760034640955142,0.00016827700164867565,0.1509265899658203,True
29,62,56.00265670114342,0.0001982930007216055,0.15104103088378906,True
30,35,27.320583887314836,0.0001968119977391325,0.1509571075439453,True
31,132,22.377982429512514,0.00017873199976747856,0.1509418487548828,True
32,82,17.22328122183091,0.00018232000002171844,0.1509418487548828,True
33,188,59.22513278340236,0.0001742349995765835,0.15097999572753906,True
34,178,22.216062688086012,0.00017220399968209676,0.1509265899658203,True
35,114,8.391207344722034,0.00016868799866642803,0.1509265899658203,True
36,138,22.061709976530018,0.00018684400129131973,0.15093421936035156,True
37,18,17.662248078214482,0.00017853899771580473,0.15093421936035156,True
38,129,16.438226750310825,0.00016951299767242745,0.15093421936035156,True
39,5,27.83711733875755,0.00017023299733409658,0.1509723663330078,True
40,94,42.88632948987364,0.00017540699991513975,0.15096473693847656,True
41,20,37.730841396995416,0.00017994399968301877,0.1509876251220703,True
42,169,6.13665618761486,0.00016714700177544728,0.15091896057128906,True
43,156,13.93323690371756,0.0001666490024945233,0.1509265899658203,True
44,132,65.47275912338047,0.00017662299796938896,0.1510334014892578,False
45,73,19.666235648005795,0.0001902840012917295,0.1509418487548828,True
46,19,23.651281015374586,0.00017214300169143826,0.15094947814941406,True
47,111,55.7011115547739,0.00020174900055280887,0.1510028839111328,False
48,143,22.248718638675747,0.00017581599968252704,0.1509418487548828,True
49,46,10.514175095131865,0.000202393999643391,0.1509265899658203,True
50,56,9.864649068632092,0.00017088299864553846,0.15091896057128906,True
51,23,5.125746803413964,0.00016845299978740513,0.15091896057128906,True
52,19,27.280524823614687,0.00017918099911184981,0.1509418487548828,True
53,30,6.571841171927711,0.00017852900055004284,0.15091896057128906,True
54,180,17.857345828693727,0.00016868199963937514,0.1509265899658203,True
55,174,23.436747900631392,0.000173720000020694,0.1509265899658203,False
56,121,44.814496557643466,0.00017311700139543973,0.15096473693847656,True
57,155,22.374254268943584,0.00016845699792611413,0.15093421936035156,True
58,173,45.58707322535634,0.00019867499941028655,0.1509876251220703,False
59,75,17.987456786028194,0.00017587100228411146,0.15093421936035156,True
60,62,37.82422521481669,0.000174403001437895,0.15099525451660156,True
61,92,48.57100316035419,0.00018618600006448105,0.15101051330566406,True
62,149,21.465447283547764,0.00018496399934520014,0.15094947814941406,True
63,182,33.54356030616587,0.00018596899826661684,0.15096473693847656,True
64,190,7.210332625947615,0.00017933500203071162,0.15091896057128906,True
65,76,14.962717348690497,0.00019058299949392676,0.15093421936035156,True
66,139,16.144350092075598,0.00017158900300273672,0.1509571075439453,True
67,155,41.63474096576076,0.00018484700194676407,0.1509723663330078,False
68,65,20.838471585187335,0.00017763900177669711,0.1509723663330078,True
69,101,26.595728309971637,0.0001710819997242652,0.15093421936035156,True
70,159,36.92760724352675,0.0001716029983072076,0.1509723663330078,True
71,176,11.94203373783104,0.00016792000315035693,0.15093421936035156,True
72,15,16.594350637695417,0.00017040199963958003,0.1509418487548828,True
73,120,33.028553303740054,0.0001719110005069524,0.15096473693847656,True
74,65,15.252885065012594,0.00017361999925924465,0.15094947814941406,True
75,72,12.247691664905433,0.0001795310017769225,0.15093421936035156,True
76,122,20.847518811060677,0.00017255899729207158,0.15094947814941406,True
77,97,26.74604625846832,0.00017024800035869703,0.1509418487548828,True
78,27,21.34220796442052,0.00018281599841429852,0.1509571075439453,True
79,179,22.216516118267688,0.00017002799722831696,0.15094947814941406,True
80,168,11.66450573526283,0.0001957889980985783,0.15091896057128906,True
81,37,18.95273472893191,0.00017714800196699798,0.15094947814941406,True
82,170,34.92622007270666,0.00019344199972692877,0.1509418487548828,True
83,114,20.586465631065654,0.0001755659977789037,0.15093421936035156,True
84,130,46.3842058126843,0.0001868599974841345,0.15096473693847656,True
85,169,10.93300747366564,0.0001687300027697347,0.15091896057128906,True
86,110,69.99783305512545,0.00019739500203286298,0.1510791778564453,False
87,198,42.530640316886135,0.0001734610013954807,0.1509876251220703,True
88,89,19.102838437361836,0.0001851090019044932,0.15096473693847656,True
89,77,19.926342391280556,0.00017122300050687045,0.1509571075439453,True
90,80,14.431732455638954,0.00017558800027472898,0.1509571075439453,True
91,63,10.488987793535538,0.00017536700033815578,0.15093421936035156,True
92,68,11.48775692485151,0.00022724699738319032,0.15093421936035156,True
93,174,13.008980277264385,0.00020314200082793832,0.1509265899658203,True
94,149,18.074456440307905,0.000181989002157934,0.15093421936035156,True
95,105,25.192504128642653,0.0001718339990475215,0.1509418487548828,True
96,65,8.45510974571538,0.00016730300194467418,0.15091896057128906,True
97,136,48.62840000460849,0.00018414900114294142,0.15097999572753906,True
98,160,30.196174351167652,0.0001867399987531826,0.1509571075439453,True
99,165,18.481930815933136,0.00016826099817990325,0.1509265899658203,True
100,155,21.94608485979936,0.00019458599854260683,0.15094947814941406,True
101,149,17.750077189480255,0.00016761499864514917,0.15093421936035156,True
102,87,14.294339918660313,0.00017838900021160953,0.1509418487548828,True
103,133,14.76337247918955,0.00017871100135380402,0.1509265899658203,True
104,117,31.91859542919133,0.00022476699814433232,0.15094947814941406,True
105,127,19.708839891327383,0.0002042560008703731,0.1509265899658203,False
106,169,12.893818572751925,0.00017271999968215823,0.15093421936035156,True
107,118,29.124040488295023,0.00018335699860472232,0.1509571075439453,True
108,5,34.314157271299734,0.00018806200023391284,0.15097999572753906,True
109,126,52.265719033758565,0.00017599399870960042,0.1509876251220703,True
110,172,20.66911363407403,0.0001891270003397949,0.1509723663330078,True
111,95,4.620348227944868,0.0001823050006350968,0.1509113311767578,True
112,195,34.38052117617926,0.00017892700270749629,0.15096473693847656,True
113,112,48.914479758696714,0.00018769900270854123,0.1510181427001953,True
114,149,54.40555697876692,0.00018146100046578795,0.15099525451660156,False
115,53,17.533352939503622,0.0001875870002550073,0.15094947814941406,True
116,27,26.98072816103154,0.00017343100262223743,0.15096473693847656,True
117,87,16.9420580620187,0.0001688109987298958,0.1509418487548828,True
118,19,19.377908424538315,0.00017028900037985295,0.15094947814941406,True
119,61,14.579315571290666,0.00017844000103650615,0.15093421936035156,True
120,168,18.254222061649,0.00016955200044321828,0.1509265899658203,True
121,120,16.302334002677373,0.0001715059988782741,0.1509418487548828,True
122,146,16.22447852161189,0.00018187000023317523,0.15093421936035156,True
123,170,42.953939183653524,0.00018119399828719907,0.1510028839111328,True
124,76,15.552625660897935,0.00016925200179684907,0.15093421936035156,True
125,94,31.06706351208301,0.00018608100072015077,0.1509571075439453,True
126,155,26.632960934545657,0.00017064200073946267,0.1509418487548828,True
127,196,13.212531988807095,0.00018243399972561747,0.1509265899658203,True
128,169,18.052399192055333,0.0001672549988143146,0.1509418487548828,True
129,98,68.66057129329639,0.0001895299974421505,0.1510028839111328,True
130,56,18.50917872690247,0.0001686790019448381,0.15094947814941406,True
131,183,6.442254300448046,0.0001651819984545,0.15091896057128906,True
132,138,13.440846389180802,0.0002520710004318971,0.15093421936035156,True
133,149,44.98325087862281,0.00017374299932271242,0.15097999572753906,True
134,147,30.41167977446582,0.0001751019990479108,0.1509571075439453,True
135,180,19.948299739858726,0.00017058900266420096,0.1509418487548828,True
136,102,15.392148623325527,0.0001706180009932723,0.15093421936035156,True
137,154,9.441929945145256,0.00017070900139515288,0.15091896057128906,True
138,180,19.345339010481112,0.0001705350005067885,0.15091896057128906,True
139,64,66.95381200927928,0.0001862740027718246,0.15102577209472656,True
140,194,9.529752970771426,0.00016919100016821176,0.15091896057128906,True
141,29,33.04496912179858,0.0001810120011214167,0.15099525451660156,True
142,28,12.670146504190821,0.00017053000192390755,0.15093421936035156,True
143,79,29.028110164200285,0.00017002100139507093,0.15094947814941406,True
144,37,21.159308213569272,0.00018007299877353944,0.1509265899658203,True
145,165,50.34402860461074,0.00018529600129113533,0.15097999572753906,True
146,193,25.25683810039766,0.00017649499932304025,0.15096473693847656,True
147,72,27.71914589369559,0.00018523399921832606,0.15094947814941406,True
148,83,19.72130045412985,0.0001805909996619448,0.15093421936035156,True
149,97,14.03400611034613,0.00017784100054996088,0.15091896057128906,True
150,76,13.9299562905823,0.00017454399858252145,0.1509418487548828,True
151,0,25.223585206056526,0.00017666799976723269,0.15104103088378906,True
152,121,21.55136604841899,0.00017030699746101163,0.15094947814941406,True
153,178,18.521960434352348,0.00017044899868778884,0.1509418487548828,True
154,111,28.532125850550393,0.0003631859981396701,0.15096473693847656,False
155,198,33.43332819405042,0.00017323299834970385,0.15097999572753906,True
156,86,27.35265988770866,0.0001723179993859958,0.1509418487548828,True
157,160,15.606344765378665,0.00018528999862610362,0.1509418487548828,True
158,0,13.407969546435961,0.00018262199955643155,0.1510181427001953,True
159,152,20.267919262505927,0.00017213899991475046,0.15094947814941406,True
160,29,23.82600094666362,0.00017436900088796392,0.15094947814941406,True
161,2,6.362279732916526,0.0001802849983505439,0.1509418487548828,True
162,169,15.304915145422072,0.00017166000179713592,0.15093421936035156,True
163,158,10.429059124518657,0.00017675900016911328,0.15091896057128906,True
164,19,20.01324944667786,0.00018209900008514524,0.15094947814941406,True
165,155,17.151816741999404,0.00016950300050666556,0.1509265899658203,True
166,141,49.09999446739098,0.00017431299784220755,0.1510028839111328,True
167,87,13.284420280125138,0.00017596000179764815,0.15093421936035156,True
168,36,65.22882599016171,0.00017828400086727925,0.15102577209472656,True
169,6,25.145131299916084,0.0001901579998957459,0.1509723663330078,True
170,81,10.521463455891334,0.000169987997651333,0.15091896057128906,True
171,174,9.717976807859346,0.00018187800014857203,0.1509265899658203,True
172,155,30.874934800121714,0.0001708349991531577,0.15096473693847656,True
173,158,42.5601557954614,0.00017341399870929308,0.1509571075439453,True
174,178,19.442369349418854,0.00017690000095171854,0.1509265899658203,True
175,79,44.08143918423065,0.00020088499877601862,0.1510028839111328,True
176,186,50.20979511495255,0.00017800400019041263,0.1510028839111328,False
177,65,8.943636213439712,0.000169031998666469,0.1509265899658203,True
178,184,26.145577026236406,0.0001917569970828481,0.15096473693847656,True
179,155,17.93858219151353,0.00017046100037987344,0.15093421936035156,True
180,198,66.42669978509542,0.0001782869985618163,0.15102577209472656,True
181,138,19.049880695475018,0.00017020399900502525,0.15093421936035156,True
182,83,21.660182753605273,0.00017370700152241625,0.15094947814941406,True
183,138,23.21217122336294,0.000169905000802828,0.1509418487548828,True
184,160,11.33614373543292,0.00016809500084491447,0.1509265899658203,True
185,170,38.326454809506934,0.0001777889992808923,0.15099525451660156,True
186,52,23.77657052933134,0.00019841799803543836,0.1509418487548828,True
187,118,15.866849084537845,0.00018672700025490485,0.1509265899658203,True
188,22,44.628189647815525,0.00017591000141692348,0.15097999572753906,True
189,125,11.452067392255364,0.0001985910021176096,0.15093421936035156,True
190,191,22.652283923012334,0.0001709889984340407,0.1509571075439453,True
191,2,7.262399604545584,0.00016499200137332082,0.15093421936035156,True
192,189,38.00837792908172,0.00020106599913560785,0.1510028839111328,True
193,77,16.872712394162207,0.00017816399849834852,0.15094947814941406,True
194,12,19.005661501280095,0.000171586998476414,0.1509571075439453,True
195,92,46.38893862360998,0.00018101500245393254,0.15099525451660156,False
196,121,22.84052893917613,0.00017264399866689928,0.15093421936035156,True
197,101,93.52694424557944,0.0002006249997066334,0.1510486602783203,True
198,132,29.889176031476577,0.00017452899919589981,0.1509418487548828,True
199,15,20.505974299893957,0.00019342999803484417,0.1509418487548828,True
200,111,42.10523649437605,0.0001772600007825531,0.1509723663330078,False
201,68,22.915093468283402,0.00017764999938663095,0.1509265899658203,True
202,102,16.488800477797483,0.00017499699970358051,0.1509265899658203,True
203,70,4.9542366511923195,0.00018803400234901346,0.15091896057128906,True
204,58,18.191084391474384,0.0001881140015029814,0.15094947814941406,True
205,24,13.144690157537493,0.00017165399913210422,0.15093421936035156,True
206,178,16.327102585510424,0.00019189800150343217,0.15093421936035156,True
207,34,15.144652442852111,0.00017775900050764903,0.1509265899658203,True
208,161,4.228877674663538,0.00018295300105819479,0.1509113311767578,True
209,63,8.643154531872195,0.00017010600276989862,0.1509265899658203,True
210,75,12.979775706263089,0.00019351199807715602,0.1509418487548828,True
211,71,37.76146146248575,0.00018188299873145297,0.1509723663330078,True
212,190,21.23516539699301,0.00016750500071793795,0.1509418487548828,True
213,75,13.618446816952229,0.00016714200319256634,0.1509265899658203,True
214,174,6.219958215681698,0.0001666409989411477,0.15091896057128906,True
215,99,74.15684159085203,0.00017768299949239008,0.15099525451660156,True
216,6,7.559473379994773,0.00016682600107742473,0.1509113311767578,True
217,45,9.298058595885353,0.00016878400128916837,0.1509113311767578,True
218,150,21.18949991597613,0.00018704099784372374,0.15094947814941406,True
219,197,57.63207754141143,0.00017421599841327406,0.1509723663330078,True
220,105,20.98091162747876,0.00020940600006724708,0.15094947814941406,True
221,38,24.82341828847255,0.00017994700101553462,0.1509418487548828,True
222,122,26.55773162817568,0.00017928899978869595,0.1509571075439453,True
223,61,14.925913306001789,0.00018122200344805606,0.15093421936035156,True
224,182,11.579212208752509,0.00019818299915641546,0.1509265899658203,True
225,73,20.84751332943063,0.00018090200319420546,0.15093421936035156,True
226,97,13.339130925961197,0.00016676299856044352,0.1509265899658203,True
227,178,15.495365332378402,0.00023639999926672317,0.1509571075439453,True
228,170,42.00306224502733,0.0001706609982647933,0.15093421936035156,True
229,34,17.7421122658578,0.00018538100266596302,0.1509418487548828,True
230,66,19.40639046331679,0.00018138599989470094,0.15094947814941406,True
231,132,32.31928151296316,0.00017059300080290996,0.1509571075439453,True
232,132,42.04289930713281,0.00017397699775756337,0.1509876251220703,True
233,162,11.489397793336648,0.0001667300020926632,0.1509265899658203,True
234,0,31.053051157313686,0.00017505799769423902,0.1510486602783203,True
235,149,12.214638175927712,0.00016766499902587384,0.1509265899658203,True
236,161,5.790800483716108,0.00017148799815913662,0.1509113311767578,True
237,118,20.73206410502643,0.00018416599777992815,0.15094947814941406,True
238,64,59.593897363782254,0.00018482399900676683,0.15102577209472656,True
239,143,28.1136165290058,0.00017562400171300396,0.1509418487548828,True
240,137,19.77519154939327,0.0002634599986777175,0.1509418487548828,True
241,89,23.114435292947743,0.00020032899919897318,0.1509571075439453,True
242,102,14.796374902081427,0.00017520899928058498,0.15093421936035156,True
243,139,10.641380973036652,0.0001672509970376268,0.1509265899658203,True
244,182,8.9369120022611,0.0001753110009303782,0.15091896057128906,True
245,137,46.37664688495932,0.0001812920017982833,0.1509876251220703,True
246,47,11.75884922883706,0.00018660500063560903,0.1509265899658203,True
247,198,49.78299013850293,0.00017166699763038196,0.1509723663330078,True
248,79,37.10472894613468,0.00017581200154381804,0.15094947814941406,True
249,56,19.72310967631512,0.0001687559997662902,0.1509418487548828,True
250,158,48.88090613453649,0.0001933349994942546,0.15097999572753906,True
251,154,8.544148885666223,0.00016675499864504673,0.1509265899658203,True
252,69,24.505771875410534,0.00018391300181974657,0.1509571075439453,True
253,0,61.83512575352649,0.00017660100274952129,0.1510639190673828,False
254,191,29.267789779808034,0.00017176799883600324,0.15096473693847656,True
255,164,48.95306892532285,0.00018952499885926954,0.15104103088378906,False
256,160,27.47629180553875,0.0001693519989203196,0.15094947814941406,False
257,139,27.74593075812019,0.00017546399976708926,0.15099525451660156,True
258,169,7.984188653671512,0.0001654760017117951,0.1509265899658203,True
259,103,49.642591687775344,0.00017189999925903976,0.15097999572753906,True
260,8,10.554514543658437,0.00019045900262426585,0.15091896057128906,True
261,19,29.830780958523995,0.00017791199934436008,0.1509571075439453,True
262,193,26.837718547552033,0.00017994200243265368,0.15094947814941406,True
263,36,47.749857752529294,0.00019098000120720826,0.15099525451660156,True
264,149,51.3712862433222,0.00017547999959788285,0.15099525451660156,True
265,121,35.75874309399923,0.0001892140026029665,0.15096473693847656,True
266,56,20.43379258403853,0.0001804389976314269,0.15094947814941406,True
267,155,30.356793744758583,0.00017116099843406118,0.1509723663330078,True
268,43,13.078193899799176,0.0001678689986874815,0.1509265899658203,True
269,170,26.911077178705494,0.00016802599930088036,0.1509265899658203,True
270,188,21.02327202628028,0.00017944299906957895,0.1509265899658203,True
271,119,40.605857859866035,0.0001693480007816106,0.1509571075439453,True
272,181,45.72540654010162,0.00018583000201033428,0.15099525451660156,False
273,11,10.442560103853857,0.00019978500131401233,0.1509265899658203,True
274,61,13.290742811322714,0.0001675909988989588,0.1509265899658203,True
275,54,20.947755842983266,0.00016947099720709957,0.1509418487548828,True
276,117,37.86672756255575,0.00017145400124718435,0.1509723663330078,True
277,56,22.096180463027945,0.00017380400095134974,0.1509418487548828,True
278,86,29.025250325947088,0.00017814300008467399,0.15094947814941406,True
279,20,39.653240409304054,0.00017201800073962659,0.15096473693847656,True
280,27,15.23391582146128,0.00017749799735611305,0.1509571075439453,True
281,100,31.015879704311303,0.00017032400137395598,0.1509571075439453,True
282,96,49.45245742805293,0.00017768500038073398,0.15097999572753906,True
283,120,18.690139537361805,0.0002079799996863585,0.15093421936035156,True
284,127,2.6145538728217446,0.00018359100067755207,0.1509113311767578,True
285,119,40.9911997177292,0.00017746199955581687,0.1509571075439453,True
286,44,25.127472615659435,0.0001711490003799554,0.15093421936035156,True
287,16,13.256705457179036,0.00017180299983010627,0.1509265899658203,True
288,98,38.21736140596469,0.0001712299999780953,0.1509571075439453,True
289,190,13.541770352617409,0.00016891799896256998,0.1509265899658203,True
290,126,73.19257809059606,0.00017886600107885897,0.15102577209472656,True
291,110,34.714781652657756,0.00017280400061281398,0.1509723663330078,True
292,60,10.340201084493044,0.00017608100097277202,0.15091896057128906,True
293,103,28.244793189618278,0.00017144600133178756,0.15094947814941406,True
294,63,6.047297358182967,0.000174102999153547,0.15091896057128906,True
295,118,9.039764664271893,0.00019260100089013577,0.1509113311767578,True
296,20,17.900607671857827,0.00016782799866632558,0.1509265899658203,True
297,63,10.925477060533112,0.00016712800061213784,0.1509265899658203,True
298,11,14.989631895605287,0.00019176600108039565,0.1509265899658203,True
299,174,9.201039565108802,0.00017188299898407422,0.1509265899658203,True
300,30,2.3288499736210277,0.00017934199786395766,0.1509113311767578,True
301,96,31.84131693981507,0.00017786299940780737,0.1509418487548828,True
302,62,59.77487369177034,0.00017776399909052998,0.1510028839111328,True
303,136,39.366082523614445,0.00018112600082531571,0.15099525451660156,True
304,107,9.056723425045671,0.00022295599774224684,0.1509265899658203,True
305,8,14.000605560607593,0.00018336200082558207,0.1509113311767578,True
306,79,22.34145451788328,0.00017689000014797784,0.15094947814941406,True
307,76,16.70510581049623,0.00018876199828810059,0.15093421936035156,True
308,190,27.25230115753809,0.0001763990003382787,0.15097999572753906,True
309,86,40.87919613659847,0.00018833099966286682,0.1510028839111328,True
310,185,25.441279955456647,0.00017163999655167572,0.1509418487548828,True
311,152,28.316397669797194,0.00018380799883743748,0.1509723663330078,True
312,177,19.90334610619164,0.00017030700109899044,0.1509571075439453,True
313,38,34.411688185139184,0.0001754160002747085,0.15096473693847656,True
314,133,20.45577276383317,0.00017128800027421676,0.1509418487548828,True
315,118,16.975857063139504,0.00016619400048512034,0.1509265899658203,True
316,95,10.490042387064813,0.00017296599980909377,0.1509265899658203,True
317,188,40.90901698957346,0.0001823050006350968,0.1509571075439453,True
318,65,14.992327652755144,0.00017115000082412735,0.15093421936035156,True
319,195,24.387453301245067,0.0001773469994077459,0.1509571075439453,True
320,149,17.309625865000545,0.0001746099987940397,0.15093421936035156,True
321,79,22.844892708957328,0.0001734850011416711,0.15093421936035156,True
322,169,5.5128093176618505,0.00018501099839340895,0.15091896057128906,True
323,63,6.7442219735143185,0.0002645780004968401,0.15093421936035156,True
324,83,20.701344047082003,0.00017559999832883477,0.1509418487548828,True
325,30,4.846351034511677,0.00016411799879278988,0.15091896057128906,True
326,48,14.85489756148232,0.000170363000506768,0.1509265899658203,True
327,112,43.114270681936596,0.00017871999807539396,0.15101051330566406,True
328,71,37.87521873858297,0.00018836399976862594,0.1509571075439453,True
329,149,16.005016581667075,0.00017039900194504298,0.15093421936035156,True
330,156,17.085893822499322,0.00017595199824427254,0.1509113311767578,True
331,170,40.4835402436897,0.0001864990008471068,0.1509723663330078,True
332,112,42.46030675201952,0.0001777380020939745,0.15101051330566406,True
333,91,8.588666471638533,0.00017560999913257547,0.1509265899658203,True
334,186,62.14056582289881,0.00019925499873352237,0.1510944366455078,False
335,102,16.426364544187287,0.00016934299856075086,0.15093421936035156,True
336,114,16.32421418552608,0.00018583400014904328,0.1509418487548828,True
337,168,20.254781556666455,0.00016591300300206058,0.1509265899658203,True
338,139,36.8299695522944,0.00017177599875140004,0.15097999572753906,True
339,37,26.028553808863656,0.00018063300012727268,0.1509571075439453,True
340,193,45.244704307983355,0.00017514299906906672,0.15097999572753906,True
341,22,34.984469680267736,0.00021110099987708963,0.1509418487548828,True
342,155,31.76879459983126,0.00017848800052888691,0.1509571075439453,True
343,86,12.143778816703154,0.00016999999934341758,0.15093421936035156,True
344,158,64.71514304994105,0.00017763300274964422,0.1510334014892578,True
345,73,43.17653066519215,0.00017329399997834116,0.1509723663330078,False
346,194,21.223503538582285,0.0001849489999585785,0.1509571075439453,True
347,196,64.63020526184118,0.0001874979971034918,0.1510334014892578,False
348,37,7.067520390172185,0.00017642400052864105,0.1509265899658203,True
349,0,17.008226554419572,0.00017817699699662626,0.1510181427001953,True
350,87,34.63834254289226,0.00017139999908977188,0.1509571075439453,True
351,179,18.558555680547645,0.00016729299750295468,0.15093421936035156,True
352,80,8.298880585211261,0.00017823400048655458,0.1509265899658203,True
353,198,54.104003182697454,0.0001771810020727571,0.1510028839111328,True
354,189,19.05517247916008,0.000169676000950858,0.1509418487548828,True
355,54,7.558688812848994,0.00017541700071888044,0.15091896057128906,True
356,11,23.063067376228222,0.00017218599896295927,0.15094947814941406,True
357,30,25.383386276698406,0.00017142000069725327,0.1509571075439453,True
358,176,12.22905325164073,0.00017121299970312975,0.15093421936035156,True
359,156,20.55006707073463,0.00016716499885660596,0.15093421936035156,True
360,152,19.514464327699354,0.0001725250003801193,0.15094947814941406,True
361,156,15.270711313557564,0.00016700899868737906,0.15091896057128906,True
362,18,15.22518598225544,0.0002007570001296699,0.1509418487548828,True
363,40,16.60618029499415,0.00018515899864723906,0.15093421936035156,True
364,19,13.09866441230576,0.00016621800023131073,0.1509265899658203,True
365,110,26.715004958164045,0.00017341799684800208,0.1509571075439453,True
366,158,16.674694554095655,0.00016804799815872684,0.15091896057128906,True
367,21,42.82755626854728,0.0001720670006761793,0.1509571075439453,False
368,58,27.731338047407387,0.00020684499759227037,0.15094947814941406,True
369,71,42.309139997455226,0.00042300600034650415,0.1509876251220703,True
370,138,13.503531064036201,0.00018301700038136914,0.15093421936035156,True
371,76,11.692705294917442,0.00016903700088732876,0.15093421936035156,True
372,105,29.701985201721335,0.0001720019972708542,0.15093421936035156,True
373,155,25.403611846124054,0.00017097000090871006,0.15094947814941406,True
374,182,25.746743663564025,0.0001718419989629183,0.1509571075439453,True
375,102,12.585408426120368,0.00016884299839148298,0.1509418487548828,True
376,97,25.468388931373156,0.00016949299970292486,0.15096473693847656,True
377,126,37.30680182937728,0.00017069499881472439,0.15096473693847656,True
378,155,19.33885589616113,0.00017685299826553091,0.15093421936035156,True
379,37,15.726950210954893,0.00017288099843426608,0.15093421936035156,True
380,198,48.54698355600713,0.00018479000209481455,0.15099525451660156,True
381,183,5.600804015917077,0.0001747229980537668,0.1509113311767578,True
382,15,8.865987182291956,0.00017794599989429116,0.1509265899658203,True
383,175,32.95936306007793,0.00018359400201006792,0.15096473693847656,True
384,109,7.12794453057159,0.00017074499919544905,0.15091896057128906,True
385,160,20.52025950411014,0.00017296400255872868,0.15094947814941406,True
386,198,57.2705522079434,0.00017634899995755404,0.15101051330566406,True
387,24,10.796372485455091,0.00016986599803203717,0.1509265899658203,True
388,76,15.265991207078248,0.0003405390016268939,0.15093421936035156,True
389,147,53.2659389284501,0.0001993709993257653,0.15101051330566406,True
390,5,18.274237160138394,0.0002078949983115308,0.15096473693847656,True
391,155,30.917037655883295,0.0001754200020513963,0.1509723663330078,True
392,152,14.886901432304514,0.00018457899932400323,0.15093421936035156,True
393,69,15.254519312960182,0.0001993910009332467,0.15093421936035156,True
394,198,56.4129459146608,0.00019535699902917258,0.1510028839111328,True
395,168,8.160766297053144,0.0001674899976933375,0.1509265899658203,True
396,137,13.926390330713385,0.0001901539981190581,0.15093421936035156,True
397,0,57.267770450214854,0.0002004670022870414,0.15107154846191406,False
398,11,12.30215110122401,0.0001789740017557051,0.1509265899658203,True
399,45,14.357543954009587,0.0001681829999142792,0.15093421936035156,True
400,37,27.966013936301728,0.00018329899830860086,0.15094947814941406,True
401,139,43.65510163546331,0.00019170499945175834,0.1510181427001953,True
402,132,15.899189974923823,0.00020342299831099808,0.15093421936035156,True
403,114,13.17457797563345,0.00016907499957596883,0.1509418487548828,True
404,138,8.985114073137687,0.00017005599875119515,0.1509265899658203,True
405,24,8.61710760859431,0.00016939299894147553,0.1509113311767578,True
406,24,14.871498377773731,0.00017172099978779443,0.15093421936035156,True
407,37,17.710347251528244,0.00017329000183963217,0.15093421936035156,True
408,177,33.69441997795098,0.00018285300029674545,0.1509571075439453,True
409,19,35.023372774483754,0.0001875139969342854,0.1509723663330078,True
410,155,18.743061821509297,0.00016909400073927827,0.15093421936035156,True
411,196,22.053040662910334,0.00034263799898326397,0.1509571075439453,True
412,57,34.59162389585156,0.00017154700253740884,0.1509571075439453,True
413,85,16.44342802484922,0.00017099800243158825,0.15093421936035156,True
414,190,24.479909297163786,0.00019267599782324396,0.15094947814941406,True
415,85,15.601079009955276,0.00016753799718571827,0.15093421936035156,True
416,63,15.782701963929728,0.00016869500177563168,0.15094947814941406,True
417,28,24.255318686521797,0.00017058299999916926,0.15093421936035156,True
418,51,32.353800601344105,0.0001958880020538345,0.15096473693847656,True
419,63,5.77582018545564,0.0001670259989623446,0.15091896057128906,True
420,127,23.444957663308248,0.00017118599862442352,0.15094947814941406,True
421,124,17.758936038044876,0.00016751799921621569,0.1509418487548828,True
422,185,10.438184962897246,0.00017374999879393727,0.15091896057128906,True
423,80,21.243982837137413,0.00017098600073950365,0.1509723663330078,True
424,170,41.593305936714565,0.00017398000272805803,0.15101051330566406,True
425,118,41.20560359775734,0.00017904600099427626,0.15099525451660156,False
426,198,42.33905058342528,0.00017163200027425773,0.15097999572753906,True
427,112,39.76303735257501,0.00017678699805401266,0.1510028839111328,True
428,136,62.59665146289074,0.0001927170014823787,0.15101051330566406,True
429,189,11.920790653690569,0.00016879100076039322,0.15093421936035156,True
430,196,23.091035042982803,0.00020121300258324482,0.15096473693847656,True
431,155,17.66061753041278,0.00016576699999859557,0.1509265899658203,True
432,91,6.783619900313943,0.0001669669982220512,0.1509265899658203,True
433,120,23.17632289964231,0.00017978599862544797,0.15094947814941406,True
434,186,8.057027497701633,0.00016808600048534572,0.15093421936035156,True
435,190,14.385290619491697,0.00016645200230414048,0.1509265899658203,True
436,53,11.755490806138761,0.00017894699703902006,0.15093421936035156,True
437,38,27.924944457143983,0.00017147199832834303,0.15096473693847656,True
438,0,10.584349949867299,0.00018465900211595,0.1509571075439453,True
439,121,17.579408766839553,0.00017074500283342786,0.1509418487548828,True
440,65,17.224018392534127,0.00017307899906882085,0.1509723663330078,True
441,155,22.92255877637376,0.00017149699851870537,0.1509571075439453,True
442,127,14.084232071850044,0.0001812980008253362,0.15093421936035156,False
443,159,39.47231253616628,0.00017350799680571072,0.1509723663330078,True
444,116,21.17559481525809,0.00017229699733434245,0.1509418487548828,True
445,174,5.799085255917681,0.00046105100045679137,0.15091896057128906,True
446,40,19.118816521706034,0.00017209399811690673,0.15094947814941406,True
447,49,32.2669535922273,0.00018489799913368188,0.15096473693847656,True
448,63,8.300861006757106,0.0001847749990702141,0.1509265899658203,True
449,182,43.88004101704221,0.00019275699742138386,0.15101051330566406,True
450,141,63.18505786421546,0.00020692000180133618,0.1510181427001953,False
451,56,19.339133036450864,0.0001739210019877646,0.1509571075439453,True
452,97,16.65486265727758,0.0002024810019065626,0.15093421936035156,True
453,138,17.42117647613216,0.00018784399799187668,0.15096473693847656,True
454,193,69.0818776066031,0.00018701899898587726,0.15104103088378906,False
455,197,45.195858346511045,0.0001816059993871022,0.1509571075439453,True
456,152,17.806555906062982,0.00017063600171240978,0.1509418487548828,True
457,174,12.51020221148971,0.00017986899911193177,0.1509265899658203,True
458,47,46.29955804676784,0.00017933699928107671,0.1509876251220703,False
459,141,36.099752575193286,0.00017580200074007735,0.15097999572753906,True
460,54,18.54164974887413,0.00017179399947053753,0.15096473693847656,True
461,127,5.347591815615771,0.00016685100126778707,0.15091896057128906,True
462,83,28.16290871819318,0.00018267400082550012,0.15094947814941406,True
463,83,16.48424630046912,0.000184165000973735,0.1509265899658203,True
464,20,12.261321405725305,0.00017025200213538483,0.15091896057128906,True
465,68,58.27039575224219,0.00019817700012936257,0.15102577209472656,False
466,174,12.049647168332216,0.00018861599892261438,0.1509265899658203,True
467,56,8.944440574088707,0.0002051859992207028,0.15091896057128906,True
468,71,26.116543790109315,0.00017407599807484075,0.1509571075439453,True
469,198,35.0744119223826,0.00017243800175492652,0.15097999572753906,True
470,82,21.5843492485452,0.00017018700236803852,0.15093421936035156,True
471,121,18.64933615055422,0.00017069000023184344,0.15094947814941406,True
472,136,72.13835281516985,0.00017727500016917475,0.1510028839111328,True
473,83,23.942637147020474,0.00016854899877216667,0.15093421936035156,True
474,15,30.896387386972563,0.00017077799930120818,0.15094947814941406,True
475,69,20.748797626239718,0.00018438099868944846,0.15096473693847656,True
476,110,26.267807579095454,0.0001815979994717054,0.15094947814941406,True
477,45,12.238721487861445,0.0001843130012275651,0.1509418487548828,True
478,109,5.055667997142394,0.00016637400040053762,0.15091896057128906,True
479,107,10.58708276286574,0.000171315001352923,0.1509265899658203,True
480,121,33.52092260060996,0.00017843599925981835,0.1509876251220703,True
481,144,24.359574080171996,0.0001678139997238759,0.1509418487548828,True
482,134,6.438546170604132,0.00017654000112088397,0.1509265899658203,True
483,128,20.203814665201875,0.00019553899983293377,0.15094947814941406,True
484,193,44.205356427657,0.00017616200057091191,0.1509876251220703,True
485,190,16.10175234936327,0.0001761820021783933,0.1509418487548828,True
486,29,29.875165263228542,0.00021787600053357892,0.1509571075439453,True
487,9,8.965468870721605,0.00020539900287985802,0.15091896057128906,True
488,162,7.2937833352151795,0.00016542400044272654,0.15091896057128906,True
489,196,30.864598631080696,0.00017783400107873604,0.1509571075439453,True
490,97,36.81143372709289,0.00019154699839418754,0.1509876251220703,True
491,86,20.72392854620477,0.00017865300105768256,0.15094947814941406,True
492,132,31.776662011828748,0.00018308200014871545,0.15094947814941406,True
493,172,26.37795717478711,0.000179438000486698,0.1509571075439453,True
494,178,22.789517099718054,0.0001839239994296804,0.1509571075439453,True
495,149,29.585241424881353,0.0001774829979694914,0.1509723663330078,True
496,10,12.079373008290442,0.0001661770002101548,0.1509265899658203,True
497,113,18.647984822572322,0.0001903650008898694,0.15094947814941406,True
498,79,17.420399543671202,0.00016817600044305436,0.15093421936035156,True
499,168,18.632186845405663,0.00017892599862534553,0.15094947814941406,True
500,61,14.974485743515151,0.00017877099890029058,0.1509418487548828,True
501,89,21.171182848409202,0.0001809839995985385,0.1509571075439453,True
502,102,17.961129554000607,0.00017504700008430518,0.15093421936035156,True
503,27,10.54830358780456,0.00017715099966153502,0.1509418487548828,True
504,79,39.987283144432304,0.00018723399989539757,0.15099525451660156,True
505,87,28.920605313345373,0.00017565999951330014,0.1509571075439453,True
506,132,31.313557346719733,0.0001799929996195715,0.1509418487548828,True
507,2,12.813675985364506,0.0001749359980749432,0.1509418487548828,True
508,160,29.67342781156031,0.0001746500020090025,0.1509571075439453,False
509,142,15.317482068455211,0.0001729480027279351,0.1509265899658203,True
510,144,28.938067840126703,0.00018620799892232753,0.1509571075439453,True
511,39,11.451731011147404,0.00017762399875209667,0.15094947814941406,True
512,30,4.296574259774942,0.00016979299834929407,0.15091896057128906,True
513,149,16.113165587723557,0.00017786600074032322,0.15093421936035156,True
514,138,18.326812277842777,0.00017624800238991156,0.15094947814941406,True
515,69,25.867487961425205,0.00017064500207197852,0.1509571075439453,True
516,196,21.068549394809867,0.00016775400217738934,0.1509418487548828,True
517,170,34.557657622009536,0.00017327399837085977,0.15096473693847656,True
518,138,6.547415765220575,0.00016473299911012873,0.1509113311767578,True
519,31,82.81027520485593,0.000178672002220992,0.15099525451660156,True
520,179,15.566749641273958,0.0001726869995763991,0.15094947814941406,True
521,160,34.355234400327475,0.00017712999760988168,0.15097999572753906,False
522,182,13.538716336561972,0.00017402299999957904,0.1509265899658203,True
523,117,28.972991303564015,0.00017084899809560739,0.1509571075439453,True
524,127,4.872841137189756,0.0001873620021797251,0.15091896057128906,True
525,152,20.609378487026614,0.00017032700270647183,0.15093421936035156,True
526,179,18.363302243643272,0.00018586999794933945,0.15094947814941406,True
527,152,10.743636042508387,0.00017106100131059065,0.1509265899658203,True
528,171,31.898653520747526,0.00019136499759042636,0.15094947814941406,True
529,49,58.99785292097657,0.0002845700000762008,0.15101051330566406,True
530,11,9.441183627476313,0.0002937709978141356,0.15091896057128906,True
531,79,40.01471179828652,0.000177799000084633,0.15101051330566406,True
532,41,20.137234903778136,0.00017350000052829273,0.1509571075439453,True
533,183,9.247875026138171,0.00017092100097215734,0.15093421936035156,True
534,123,17.423562233137503,0.00019269399854238145,0.1509265899658203,True
535,53,12.87632360608365,0.0001796690012270119,0.15093421936035156,True
536,154,8.662461635898074,0.00016566299746045843,0.15091896057128906,True
537,155,31.119949856018543,0.00017979400217882358,0.15094947814941406,True
538,132,29.918375498355775,0.0001773430012690369,0.1509723663330078,True
539,60,8.36851926426875,0.00019784799951594323,0.15091896057128906,True
540,76,20.035208727044616,0.0001848089996201452,0.1509418487548828,True
541,158,43.637544747200565,0.00018765300046652555,0.1509723663330078,True
542,193,42.348259678121565,0.0001822459998948034,0.1510028839111328,True
543,6,32.413446853135206,0.00017626399858272634,0.1509876251220703,True
544,144,36.40651064989573,0.00020756300000357442,0.15094947814941406,True
545,104,15.965615398571028,0.00019448899911367334,0.15094947814941406,True
546,38,12.308438230373524,0.00017669599765213206,0.15091896057128906,True
547,149,20.083926728148164,0.0001833120004448574,0.1509418487548828,True
548,194,2.502111306687341,0.00018561300021247007,0.1509113311767578,True
549,51,30.874215571012552,0.00017400300203007646,0.1509571075439453,True
550,139,21.766000026626365,0.00018011599968303926,0.1509571075439453,True
551,119,28.97641182346894,0.0001716250008030329,0.15096473693847656,True
552,99,80.13904127369621,0.00018679399727261625,0.15104103088378906,True
553,148,46.68793396904539,0.00017898899750434794,0.1509876251220703,True
554,126,39.65744748156051,0.00017237800057046115,0.1509876251220703,True
555,69,16.68554998174786,0.00016885099830687977,0.1509418487548828,True
556,143,20.654896657041203,0.00017654100156505592,0.15094947814941406,True
557,11,27.277608566201003,0.00017970599947148003,0.1509418487548828,True
558,77,15.777265632638551,0.000175165001564892,0.1509265899658203,True
559,45,14.557012288150984,0.0001696640028967522,0.15093421936035156,True
560,141,34.72087347774126,0.00017682399993645959,0.15099525451660156,True
561,80,15.62734630014941,0.00016908800171222538,0.15094947814941406,True
562,86,11.858511147555962,0.0001840759978222195,0.15094947814941406,True
563,24,21.287099739325345,0.000204186999326339,0.15094947814941406,True
564,174,40.56645110342923,0.00017221600137418136,0.1509723663330078,True
565,150,15.535083130761574,0.00016924200099310838,0.1509265899658203,True
566,127,8.551005454942004,0.0001785019994713366,0.15091896057128906,True
567,196,44.03439402667644,0.00022056599846109748,0.15099525451660156,True
568,105,36.99257453113927,0.00018476500190445222,0.1509723663330078,True
569,53,12.792250707852858,0.00016640699686831795,0.15091896057128906,True
570,152,19.185988165417097,0.0001795149983081501,0.15093421936035156,True
571,2,5.386773916667133,0.00018745499983197078,0.1509418487548828,True
572,53,17.339511061304194,0.00018493400057195686,0.15093421936035156,True
573,182,37.598582019370824,0.00018110900055035017,0.15101051330566406,True
574,58,22.856844760337808,0.00017167699843412265,0.15094947814941406,True
575,137,26.847483166067722,0.00018790800095302984,0.1509723663330078,True
576,83,23.856146157910906,0.0001695120008662343,0.1509571075439453,True
577,121,15.787063730158595,0.00016907199824345298,0.1509265899658203,True
578,167,9.15371527765201,0.00016746999972383492,0.1509265899658203,True
579,139,26.628068910391452,0.000171278999914648,0.15096473693847656,True
580,132,52.57017652209635,0.0001916759974847082,0.1510028839111328,True
581,149,16.813369602437415,0.00017238199870917015,0.15093421936035156,True
582,144,26.689905908970182,0.00018917200213763863,0.15096473693847656,True
583,110,40.76824374388509,0.00017816200124798343,0.15097999572753906,True
584,132,29.648220275295138,0.00017337300232611597,0.1509723663330078,True
585,76,11.846730515009792,0.00017511300029582344,0.1509265899658203,True
586,172,14.63895969198466,0.00018976699720951729,0.15093421936035156,True
587,81,12.034806220339256,0.00017928700253833085,0.15091896057128906,True
588,44,24.206453263663118,0.00017240200031665154,0.15094947814941406,True
589,97,15.290092709346498,0.00016837000293890014,0.1509265899658203,True
590,102,12.0693127338681,0.00016735700046410784,0.1509265899658203,True
591,90,13.246037020089753,0.00017709100211504847,0.1509418487548828,True
592,130,53.71822433790075,0.00019961100042564794,0.15099525451660156,True
593,76,16.662185370112397,0.00017794300219975412,0.1509418487548828,True
594,149,14.549778429695106,0.00017167099940706976,0.15093421936035156,True
595,123,10.685508887803612,0.000169643997651292,0.15091896057128906,True
596,192,40.9663651357868,0.0001830039982451126,0.1509723663330078,True
597,0,13.966643942161177,0.0001867360006144736,0.15101051330566406,True
598,49,20.530275780631786,0.00017879100050777197,0.1509265899658203,True
599,53,14.97806906218751,0.00019084599989582784,0.1509418487548828,True
600,195,28.13053370412135,0.00018120800086762756,0.1509418487548828,True
601,63,7.9430398686532815,0.00017171799845527858,0.15091896057128906,True
602,139,34.043858165246554,0.00018041499788523652,0.15096473693847656,True
603,196,17.787313599639862,0.0001740909974614624,0.15093421936035156,True
604,0,18.19815588667238,0.00018770499809761532,0.1510181427001953,True
605,79,18.18655072038997,0.00016959999993559904,0.15093421936035156,True
606,152,25.314236391328095,0.00018059200010611676,0.15096473693847656,True
607,199,52.17673718072792,0.00017492699771537445,0.1510028839111328,True
608,102,13.74410904363057,0.00017374899834976532,0.1509418487548828,True
609,177,10.776332251204462,0.00017617699995753355,0.1509418487548828,True
610,150,17.153561664843256,0.00018689900025492534,0.1509265899658203,True
611,78,11.635724937998262,0.00019339299979037605,0.1509418487548828,True
612,2,35.63623856817918,0.00017341700004180893,0.1509723663330078,True
613,132,47.97494166644598,0.00017671399837126955,0.15096473693847656,True
614,166,17.47955668261638,0.00017598799968254752,0.1509418487548828,True
615,174,11.758901862914273,0.00017829599892138503,0.15091896057128906,True
616,27,40.93023200006779,0.00018397299936623313,0.1509723663330078,False
617,174,9.693420887264551,0.00018660400019143708,0.1509265899658203,True
618,122,21.22140353141245,0.0001871130007202737,0.15093421936035156,True
619,121,17.874417547116323,0.00017481200120528229,0.15093421936035156,True
620,133,22.5122506495673,0.0001865700032794848,0.15096473693847656,True
621,67,42.076979964792166,0.0001924839998537209,0.15097999572753906,True
622,87,15.679265578847227,0.00016872300329850987,0.15094947814941406,True
623,20,30.842343982543028,0.0001779590020305477,0.1509418487548828,True
624,107,5.4045114602665985,0.00018549100059317425,0.15091896057128906,True
625,76,19.33288466796729,0.0001709649986878503,0.15094947814941406,True
626,199,65.35714418517554,0.0007462169996870216,0.15102577209472656,True
627,130,59.57607588140282,0.0001773189978848677,0.1510181427001953,True
628,63,10.905710226539192,0.0001736249978421256,0.1509265899658203,True
629,142,55.76716955017045,0.0002094670016958844,0.1509876251220703,True
630,24,9.623677250186292,0.00016939200213528238,0.15093421936035156,True
631,194,5.280377490668215,0.00017941300029633567,0.15091896057128906,True
632,0,16.028655721119954,0.00018994199854205362,0.1510181427001953,True
633,49,48.75893444255966,0.0001749319999362342,0.15097999572753906,True
634,164,33.36596207286952,0.00020394099919940345,0.15096473693847656,False
635,52,10.135750771446078,0.00019178899674443528,0.1509265899658203,True
636,137,11.775569814922854,0.00018587999875308014,0.1509265899658203,True
637,37,12.78055410810271,0.00017039199883583933,0.1509265899658203,True
638,198,34.85260924064061,0.00017655800184002146,0.15097999572753906,True
639,110,29.671733561339913,0.0001738500031933654,0.1509723663330078,True
640,86,10.132237832363046,0.00017570699856150895,0.15093421936035156,True
641,156,12.5953470985838,0.0001753450014803093,0.15091896057128906,True
642,141,62.57156144731134,0.00019240999972680584,0.1510486602783203,False
643,137,17.072873105177965,0.0001869650004664436,0.15093421936035156,True
644,167,7.884804029090423,0.0001710739998088684,0.15091896057128906,True
645,196,43.006304398053,0.00017631100126891397,0.15097999572753906,True
646,196,20.247833666107812,0.00017370700152241625,0.15093421936035156,True
647,70,8.602235335862751,0.00016927199976635166,0.1509265899658203,True
648,160,5.9724042277640645,0.00017704600031720474,0.1509265899658203,True
649,11,24.705112468068325,0.00020538600074360147,0.1509418487548828,True
650,119,31.26646719470025,0.00017694300186121836,0.15094947814941406,True
651,180,23.168663320485216,0.00016781699741841294,0.1509418487548828,True
652,38,31.997681893044938,0.000184397998964414,0.1509418487548828,True
653,76,18.300089867693902,0.00017219100118381903,0.15094947814941406,True
654,174,11.067700364951408,0.00016665400107740425,0.1509265899658203,True
655,79,73.78004118770367,0.0002172230015276,0.1510334014892578,True
656,28,11.06183958709458,0.00017033599942806177,0.1509265899658203,True
657,137,23.707455617491078,0.00016872500054887496,0.1509571075439453,True
658,182,13.61406893857016,0.00016755500109866261,0.1509265899658203,True
659,149,18.231667858420167,0.00016921499991440214,0.1509418487548828,True
660,27,58.88124372473405,0.00018230600107926875,0.15099525451660156,False
661,132,25.307230699188104,0.00017036200006259605,0.15096473693847656,True
662,176,11.348177204908703,0.0001684099988779053,0.15093421936035156,True
663,139,35.83478185006113,0.00017445000048610382,0.15099525451660156,True
664,149,18.437702588943992,0.00018235400057164952,0.1509418487548828,True
665,15,14.889905655073145,0.00017271199976676144,0.15093421936035156,True
666,107,8.368840014273609,0.00018372200065641664,0.15091896057128906,True
667,155,25.542479196714368,0.00017845899856183678,0.1509571075439453,True
668,134,4.116702841353804,0.00016465999942738563,0.1509113311767578,True
669,141,34.59489376813424,0.00019387499924050644,0.1509723663330078,True
670,27,9.59550648171752,0.00017026099885697477,0.1509265899658203,True
671,62,18.340413710219565,0.00017556300008436665,0.15093421936035156,True
672,119,48.88171070540159,0.00017726100122672506,0.15097999572753906,True
673,160,15.769020409038257,0.0001768729998730123,0.1509418487548828,True
674,198,45.501033897643225,0.00017886299974634312,0.1510028839111328,True
675,20,16.893709532239125,0.00017116399976657704,0.15093421936035156,True
676,145,59.77547367843921,0.00017496099826530553,0.15101051330566406,False
677,125,21.793747925270527,0.00018024400196736678,0.1509723663330078,True
678,27,27.83254718279715,0.00018168599854107015,0.1509723663330078,True
679,185,18.800556165120447,0.00019822299873339944,0.1509265899658203,True
680,146,19.692240871777184,0.00018188299873145297,0.15094947814941406,True
681,175,30.21774913153989,0.00017685700004221871,0.1509265899658203,True
682,98,51.697959711527005,0.0001815940013329964,0.15097999572753906,True
683,0,12.954622288749846,0.0001767370013112668,0.1510181427001953,True
684,68,30.175798870457058,0.000182601001142757,0.1509571075439453,True
685,72,21.486659274934194,0.00016802200116217136,0.15093421936035156,True
686,130,53.24165722888152,0.00017738099995767698,0.1509571075439453,True
687,170,32.59242768033503,0.0001729830000840593,0.15096473693847656,True
688,30,7.89854911157055,0.0001647829994908534,0.15091896057128906,True
689,127,8.68931717638603,0.0005298830001265742,0.1509265899658203,True
690,30,7.543910756066184,0.00017491399921709672,0.15091896057128906,True
691,19,31.43538872534406,0.00017378600023221225,0.1509723663330078,True
692,155,20.439357667133443,0.00017258899970329367,0.1509418487548828,True
693,70,4.878001333732457,0.00016684900037944317,0.15091896057128906,True
694,125,12.8829022287279,0.0001702350018604193,0.1509418487548828,True
695,24,9.522500235832167,0.0001863349971245043,0.15091896057128906,True
696,141,46.08705777198031,0.00018811900008586235,0.1510028839111328,True
697,71,22.636580647867536,0.00017655600095167756,0.15093421936035156,True
698,157,9.583778119850844,0.00017268600277020596,0.15091896057128906,True
699,56,33.16873760611919,0.0001697389998298604,0.15096473693847656,True
700,119,34.857716280202034,0.0001693400008662138,0.1509418487548828,True
701,116,26.9548077262623,0.00017001900050672702,0.1509418487548828,True
702,136,52.15343567560973,0.00018621300114318728,0.15101051330566406,True
703,174,9.997583756765621,0.0001883670011011418,0.1509265899658203,True
704,79,47.21456067113263,0.00018481000006431714,0.15099525451660156,True
705,127,26.981921200886063,0.00017153700173366815,0.1509571075439453,True
706,103,27.030627005729183,0.00017197100169141777,0.1509571075439453,True
707,174,9.20258456260877,0.00016931999925873242,0.1509265899658203,True
708,28,25.728929390415352,0.0001735400001052767,0.15094947814941406,True
709,19,14.500416938830204,0.00016821200188132934,0.15091896057128906,True
710,115,17.94225263070589,0.0001746420020936057,0.1509265899658203,False
711,191,30.593499929241453,0.00017088800086639822,0.1509571075439453,True
712,186,42.658927870229654,0.00017613999807508662,0.1510028839111328,False
713,120,26.235662503071367,0.0001957929998752661,0.1509418487548828,True
714,61,23.477828953567162,0.00018420999913359992,0.1509571075439453,True
715,157,11.657741888829676,0.00017822500012698583,0.15091896057128906,True
716,30,12.122514145684011,0.00017174800086650066,0.1509418487548828,True
717,130,22.66060074608065,0.00017325299995718524,0.1509418487548828,True
718,132,30.54693303241969,0.0001695039973128587,0.15093421936035156,True
719,135,27.272472077329088,0.00017087299784179777,0.1509418487548828,True
720,64,49.27554089626128,0.00017697500152280554,0.15099525451660156,True
721,126,41.43808336511129,0.00017174500317196362,0.1509723663330078,True
722,169,8.513734708347611,0.0001940300026035402,0.1509418487548828,True
723,155,22.34915392504543,0.00017867100177682005,0.15094947814941406,True
724,178,12.649486831445818,0.00017899299928103574,0.15094947814941406,True
725,69,27.72195608152688,0.0003738089981197845,0.15096473693847656,True
726,196,35.806193166676266,0.00019347000124980696,0.1509571075439453,True
727,98,41.951226524673665,0.00017101100092986599,0.1509571075439453,True
728,28,8.626188116650411,0.00016780300211394206,0.1509265899658203,True
729,198,60.360575840540996,0.00021448099869303405,0.15101051330566406,True
730,17,14.439422155711735,0.00018456500038155355,0.15093421936035156,True
731,80,15.062666901519346,0.0001693479971436318,0.1509418487548828,True
732,41,18.09391222537631,0.00024067300182650797,0.1509571075439453,True
733,56,23.219967688697636,0.00017870900046546012,0.1509418487548828,True
734,134,23.278082116249305,0.00019119499847874977,0.1509418487548828,True
735,120,20.13688304825202,0.00017558699983055703,0.1509418487548828,True
736,149,62.491134498972485,0.00018219200137536973,0.15101051330566406,False
737,174,10.734697722535236,0.0001792799994291272,0.1509265899658203,True
738,52,27.384087904370965,0.00017172200023196638,0.1509723663330078,True
739,87,19.10325721495635,0.00017935600044438615,0.1509418487548828,True
740,91,8.366811344490301,0.0001781070022843778,0.1509265899658203,True
741,15,11.412708533548074,0.00016908900215639733,0.1509265899658203,True
742,156,15.513192858009885,0.00016664000213495456,0.1509265899658203,True
743,112,42.057636942099045,0.00018180199913331307,0.15099525451660156,True
744,20,21.90086966189638,0.0001682780020928476,0.15091896057128906,True
745,125,8.43480728231744,0.0001652509999985341,0.1509265899658203,True
746,75,8.56302707386246,0.00018009300038102083,0.15091896057128906,True
747,20,20.29950130244013,0.00020498199955909513,0.15093421936035156,True
748,28,14.197012108772595,0.00018611099949339405,0.15093421936035156,True
749,8,13.773555869474993,0.00017553599900566041,0.1509265899658203,True
750,28,14.981961781174137,0.00017162800213554874,0.15093421936035156,True
751,182,16.284530368205374,0.00017380200006300583,0.15094947814941406,True
752,159,25.24948414979459,0.0001804310013540089,0.15094947814941406,True
753,63,10.582001115242923,0.00018229100169264711,0.1509265899658203,True
754,53,16.825383038328237,0.00016745899847592227,0.1509418487548828,True
755,58,34.49182769394418,0.00018024100063485093,0.1509723663330078,True
756,144,22.198192139040486,0.00020476400095503777,0.15093421936035156,True
757,63,4.6341185376340395,0.00018081400048686191,0.1509113311767578,True
758,39,19.937004574782,0.0002033890013990458,0.1509418487548828,True
759,184,14.26215991129842,0.00016796700219856575,0.15093421936035156,True
760,125,36.55131294084999,0.0001744010005495511,0.15101051330566406,True
761,47,14.69065864718719,0.00016619600137346424,0.15093421936035156,True
762,49,29.54266110784955,0.00017083199782064185,0.15096473693847656,True
763,65,14.450914228651893,0.0001743950015224982,0.15094947814941406,True
764,121,26.555918682803057,0.00017000400112010539,0.15094947814941406,True
765,113,10.9075625807222,0.00017255200145882554,0.1509265899658203,True
766,155,23.70003276194773,0.00017964899961953051,0.15096473693847656,True
767,139,36.7542862547506,0.0001864299993030727,0.1509723663330078,True
768,9,13.397722776133019,0.00018653999723028392,0.1509265899658203,True
769,192,37.72391767792056,0.0002611089985293802,0.15094947814941406,True
770,113,12.407585488332614,0.00018458799968357198,0.1509265899658203,True
771,61,12.105181473074282,0.00016814899936434813,0.1509265899658203,True
772,187,26.854755281042515,0.00017802100046537817,0.1509571075439453,True
773,169,4.843103673325692,0.0001792290022422094,0.15091896057128906,True
774,193,44.36602240804845,0.0001760320010362193,0.1509723663330078,True
775,147,21.678020889381724,0.00019356500342837535,0.15096473693847656,True
776,130,30.13659317777762,0.00018047200137516484,0.1509723663330078,True
777,25,31.148192044744583,0.00019440200048848055,0.15094947814941406,True
778,65,16.089784159417054,0.00016762500308686867,0.1509418487548828,True
779,23,9.710373843802195,0.00017608199777896516,0.1509265899658203,True
780,68,6.085691643375643,0.00019515999883878976,0.1509265899658203,True
781,96,47.81118859631469,0.00017480799942859448,0.1510028839111328,True
782,117,43.219362306096045,0.00017391200162819587,0.15097999572753906,True
783,24,9.0859275580201,0.00017808199845603667,0.15091896057128906,True
784,15,27.279115992791606,0.0001714710015221499,0.1509723663330078,True
785,195,32.30861526010883,0.00018684899987420067,0.15096473693847656,True
786,57,29.984470158524925,0.00017047499932232313,0.1509571075439453,True
787,23,7.546705759229908,0.00017050799942808226,0.15091896057128906,True
788,177,21.915813087642636,0.00018546600040281191,0.1509723663330078,True
789,121,36.91340525868131,0.00017627999841351993,0.15096473693847656,True
790,46,12.651665013785285,0.00017129399930126965,0.15093421936035156,True
791,160,21.304271612983047,0.00020048800070071593,0.15096473693847656,True
792,42,11.835486382387803,0.00017441199815948494,0.1509265899658203,True
793,126,12.154847112323369,0.0001760869999998249,0.15091896057128906,True
794,155,15.573241153593901,0.00017290899995714426,0.15093421936035156,True
795,19,18.86528454040428,0.00017525899966130964,0.15093421936035156,True
796,56,14.044338159749966,0.0001677979998930823,0.15093421936035156,True
797,117,34.46466528309201,0.0001741050000418909,0.1509418487548828,True
798,168,16.749166177261905,0.0001760300001478754,0.15094947814941406,True
799,27,2.808733815606813,0.00017752900021150708,0.1509113311767578,True
800,141,27.88098939376969,0.00020617400150513276,0.1509723663330078,True
801,15,30.83496428733689,0.0001767350004229229,0.15094947814941406,True
802,174,7.454493310598399,0.00017551599739817902,0.15091896057128906,True
803,178,20.16477009104374,0.00018593400091049261,0.1509418487548828,True
804,186,24.66241612256839,0.0002064990003418643,0.15096473693847656,True
805,120,22.05730171456975,0.00016849800158524886,0.1509418487548828,True
806,184,17.134884057876373,0.0001801369980967138,0.1509418487548828,True
807,56,5.1896242327736575,0.00017036600183928385,0.15091896057128906,True
808,199,69.68536647092839,0.0001815149989852216,0.15099525451660156,True
809,63,13.800389966515914,0.00018547899890108965,0.15094947814941406,True
810,66,65.84447171122068,0.00018225999883725308,0.15102577209472656,False
811,190,24.70099731411141,0.00017771700004232116,0.1509571075439453,True
812,97,9.143561325014284,0.0001747800015436951,0.15091896057128906,True
813,143,31.72329609673029,0.0001950270016095601,0.1509876251220703,True
814,20,19.86822818135106,0.00017527599993627518,0.1509418487548828,True
815,76,14.533546927161524,0.00017536399900563993,0.15093421936035156,True
816,34,18.07569222162832,0.0001888150000013411,0.15094947814941406,True
817,155,33.534294083919114,0.0001795249991118908,0.15096473693847656,True
818,121,46.30306563347899,0.00018382200141786598,0.15101051330566406,True
819,43,44.176219072426846,0.00017840600048657507,0.1509876251220703,False
820,170,47.97696298895635,0.00018619799811858684,0.15102577209472656,True
821,140,5.145037370031356,0.0001848620013333857,0.15091896057128906,True
822,152,25.899318990745822,0.00018531500245444477,0.1509571075439453,True
823,127,23.93096159693572,0.00018040700160781853,0.15096473693847656,True
824,45,19.533559189010397,0.00018229399938718416,0.1509418487548828,True
825,20,28.832628957570638,0.00017294999997830018,0.15093421936035156,True
826,86,35.18294035536753,0.00018531500245444477,0.1509571075439453,True
827,196,32.70639033327986,0.00017802200090955012,0.15101051330566406,True
828,69,21.83150396885868,0.00018065700351144187,0.1509418487548828,True
829,132,25.37741167180962,0.00019629699818324298,0.1509571075439453,True
830,185,7.084171973155475,0.00016881600095075555,0.15091896057128906,True
831,34,14.465916079317093,0.00016636100190225989,0.15091896057128906,True
832,52,37.02593388522519,0.0001751750023686327,0.1509571075439453,True
833,50,63.24990607779699,0.00017880499945022166,0.1510334014892578,True
834,69,28.087440896628685,0.00017216799824382178,0.1509723663330078,True
835,6,30.99413791362117,0.00018466599794919603,0.1509723663330078,True
836,132,26.850558090094506,0.0001758050020725932,0.15096473693847656,True
837,56,14.498454728623868,0.00016852000044309534,0.1509418487548828,True
838,19,19.900132460980913,0.00018635800006450154,0.15094947814941406,True
839,107,9.202249782764824,0.00017946499792742543,0.1509265899658203,True
840,34,32.079857751570316,0.00019650499962153845,0.15097999572753906,True
841,43,36.048570791434585,0.00018081700181937777,0.15099525451660156,False
842,24,13.888258959870505,0.000174557000718778,0.1509265899658203,True
843,144,12.503399699504337,0.00017360199854010716,0.1509265899658203,True
844,170,40.19814623843251,0.0001762489991961047,0.1509876251220703,True
845,148,16.69630971937913,0.00016583999968133867,0.15093421936035156,True
846,155,27.057061563123327,0.0001902920012071263,0.1509571075439453,True
847,3,19.284318490003063,0.00017289600145886652,0.1509876251220703,True
848,125,13.782004184935701,0.0001707500014163088,0.15093421936035156,True
849,166,23.996789812361108,0.00020524100182228722,0.15094947814941406,True
850,40,17.995232468380102,0.00023686400163569488,0.15093421936035156,True
851,16,32.01955648087775,0.00018439099949318916,0.1509723663330078,True
852,189,16.08886915865723,0.0001796770011424087,0.1509418487548828,True
853,155,34.49553816300313,0.000212721002753824,0.1510028839111328,False
854,97,18.595475639117296,0.00018250399807584472,0.15094947814941406,True
855,183,11.386663873559197,0.00019940399943152443,0.1509418487548828,True
856,96,40.294105904050795,0.00017718200251692906,0.1509723663330078,True
857,174,17.734338787987262,0.000179971000761725,0.1509418487548828,True
858,196,19.033675080902373,0.0001844220023485832,0.15094947814941406,True
859,118,13.095845279687559,0.00016976999904727563,0.15091896057128906,True
860,76,16.969524815547274,0.0001803740015020594,0.15093421936035156,True
861,160,5.428451778643043,0.00017723799828672782,0.15091896057128906,True
862,54,17.53708643681794,0.00017638999997870997,0.1509571075439453,True
863,24,13.363693112768924,0.00016674499784130603,0.1509265899658203,True
864,83,28.97352391339772,0.0001743059983709827,0.15094947814941406,True
865,115,33.62130116722114,0.00018287300190422684,0.1509418487548828,True
866,86,14.026610533159056,0.0001764920016285032,0.15093421936035156,True
867,112,23.37666024559765,0.00018779099991661496,0.15096473693847656,True
868,101,19.906471788145108,0.00017777000175556168,0.1509265899658203,True
869,158,19.5329276761933,0.0001824829996621702,0.15093421936035156,True
870,139,13.97318174213952,0.00036283200097386725,0.15093421936035156,True
871,76,18.207721230848396,0.00019903000065824017,0.1509418487548828,True
872,38,13.048631440312658,0.00022526400061906315,0.1509265899658203,True
873,112,41.61199399428174,0.00017513300190330483,0.15099525451660156,True
874,106,63.32813411572578,0.00017776599997887388,0.15101051330566406,True
875,28,7.754649413261515,0.00017548200048622675,0.15091896057128906,True
876,110,32.82257203962858,0.0001801309990696609,0.15097999572753906,True
877,98,70.59476518569709,0.0001941839982464444,0.1510334014892578,True
878,81,11.607276463251793,0.00017025599663611501,0.1509265899658203,True
879,149,17.110008866895594,0.0001689119999355171,0.15094947814941406,True
880,116,12.527054709637824,0.00017000500156427734,0.1509265899658203,True
881,63,5.845885422192405,0.00016778400095063262,0.1509113311767578,True
882,138,13.047329928340552,0.00018153199926018715,0.1509265899658203,True
883,20,15.018009898558342,0.00017484999989392236,0.1509265899658203,True
884,56,20.34081790123183,0.00018304800323676318,0.1509571075439453,True
885,72,25.622707236889863,0.00018273600289830938,0.15094947814941406,True
886,73,21.68749449678873,0.00018281399752595462,0.15093421936035156,True
887,167,7.820161180406057,0.00016662400230416097,0.1509265899658203,True
888,83,17.85117928809237,0.0001830969995353371,0.15093421936035156,True
889,194,14.92884117506092,0.0001765060005709529,0.15096473693847656,True
890,11,9.76094439370467,0.00017554900114191696,0.1509265899658203,True
891,34,10.407935494883565,0.0001785120002750773,0.1509265899658203,True
892,106,87.15263535325721,0.00019436900038272142,0.15104103088378906,False
893,174,11.815444009610264,0.0001798470002540853,0.1509265899658203,True
894,45,16.63690557954347,0.00018570600150269456,0.15093421936035156,True
895,53,22.478395223869292,0.0001710760006972123,0.15094947814941406,True
896,36,36.13326242931872,0.0001726709997456055,0.1509876251220703,True
897,148,24.461783355323064,0.00018081800226354972,0.1509571075439453,True
898,193,30.695601271111396,0.00017445699995732866,0.1509723663330078,True
899,12,18.975953002873304,0.00016824699923745357,0.1509418487548828,True
900,87,8.545858076324016,0.00016901799972401932,0.1509265899658203,True
901,174,10.582035854095452,0.00016763700114097446,0.15093421936035156,True
902,198,56.719484456463086,0.00019699800031958148,0.15101051330566406,True
903,157,50.30888218881428,0.00018713099780143239,0.1509876251220703,True
904,87,23.23394570216631,0.00017317799938609824,0.1509418487548828,True
905,11,19.706136734804772,0.0001816990006773267,0.15093421936035156,True
906,4,24.503404114161675,0.00017399100033799186,0.15096473693847656,True
907,61,9.916229714884606,0.000740632000088226,0.1509265899658203,True
908,79,24.6348322384302,0.00017118400137405843,0.15096473693847656,True
909,11,22.359072295790263,0.00017318200116278604,0.15093421936035156,True
910,141,77.84885273855032,0.0001879539995570667,0.15107154846191406,False
911,155,12.83598808587574,0.0001729239993437659,0.15093421936035156,True
912,4,19.53290694520966,0.00017456799832871184,0.15094947814941406,True
913,15,14.010288384297464,0.00016822000179672614,0.15093421936035156,True
914,120,29.81247291368885,0.00021113399998284876,0.15096473693847656,True
915,43,15.991274510707223,0.0001697429979685694,0.1509418487548828,True
916,92,12.234673476453874,0.00017364599989377894,0.15093421936035156,True
917,156,17.0323754925622,0.00017317399760941043,0.15093421936035156,True
918,159,46.48800335041398,0.0001783440020517446,0.1509876251220703,True
919,198,30.202099116082056,0.00021949099755147472,0.1509571075439453,True
920,107,9.559211623810917,0.0001693660015007481,0.1509265899658203,True
921,148,23.39408996001541,0.00018815099974744953,0.1509571075439453,True
922,114,17.709959450142595,0.0001740160005283542,0.15096473693847656,True
923,20,32.53489595454983,0.00017990899868891574,0.15093421936035156,True
924,149,19.2190616969758,0.0001794220006559044,0.15093421936035156,True
925,155,22.204565035980014,0.00025212199761881493,0.15094947814941406,True
926,11,21.35699916417529,0.00017129400293924846,0.15094947814941406,True
927,80,8.611074932754288,0.00017522400230518542,0.1509265899658203,True
928,166,43.78269738487018,0.00017124700025306083,0.15096473693847656,True
929,190,17.83793044508168,0.0001834519971453119,0.15093421936035156,True
930,155,21.037149691627565,0.00016804800179670565,0.1509418487548828,True
931,79,49.463475803385705,0.0001852329987741541,0.1510639190673828,True
932,172,20.98555563230695,0.00016886500088730827,0.1509418487548828,True
933,57,25.88203326416643,0.00016854500063345768,0.15093421936035156,True
934,107,11.41055583509211,0.0001690259996394161,0.15091896057128906,True
935,148,13.109195909814243,0.00017508699966128916,0.15093421936035156,True
936,129,14.193262246453,0.00017978200048673898,0.1509265899658203,True
937,110,63.374266999353004,0.0002049329996225424,0.1510334014892578,True
938,155,30.853302510716357,0.00018626900055096485,0.1509571075439453,True
939,17,17.53989367608062,0.00017010699957609177,0.15093421936035156,True
940,37,4.9913252996569755,0.00017132300126831979,0.1509113311767578,True
941,157,8.382353619022815,0.0001734770012262743,0.1509113311767578,True
942,198,67.02968113067277,0.00017705400023260154,0.1509571075439453,False
943,5,30.258449058587864,0.00018359599926043302,0.15097999572753906,True
944,2,9.21272878074448,0.0001746199995977804,0.1509418487548828,True
945,27,20.710238225266895,0.00017904400010593235,0.1509571075439453,True
946,15,37.84766962659822,0.00017273299818043597,0.15097999572753906,True
947,58,70.13696934321925,0.00018571799955680035,0.15102577209472656,False
948,168,15.406726277993346,0.0001755679986672476,0.15093421936035156,True
949,159,34.234735950115514,0.00017669499720796011,0.1509723663330078,True
950,141,36.99921150355504,0.00018111100143869407,0.15097999572753906,True
951,10,73.63204917517238,0.0001939249996212311,0.15104103088378906,False
952,59,32.99683093711777,0.0001837700001487974,0.15099525451660156,True
953,137,6.768126829970097,0.00018797099983203225,0.15091896057128906,True
954,37,14.376412274920252,0.00018534099945100024,0.1509418487548828,True
955,63,9.065126666795948,0.00017039099839166738,0.15091896057128906,True
956,15,10.508129217026873,0.00019072799841524102,0.1509265899658203,True
957,138,21.521245553299988,0.0002019280000240542,0.1509571075439453,True
958,23,22.914187853159458,0.00017808999837143347,0.15094947814941406,True
959,180,17.040504365817768,0.00016739199782023206,0.15091896057128906,True
960,20,43.15636604513626,0.00017664300321484916,0.15096473693847656,True
961,155,18.54440735920089,0.0001733190001687035,0.1509265899658203,True
962,177,36.966494856664355,0.0001816400035750121,0.1510028839111328,True
963,164,52.21031705509775,0.00019178599904989824,0.1510334014892578,False
964,178,7.498845496899984,0.00020731200129375793,0.1509113311767578,True
965,144,17.445216590266696,0.00016730600327719003,0.1509265899658203,True
966,114,20.90262347948126,0.00016972999947029166,0.15094947814941406,True
967,183,49.70673831873798,0.00018359299792791717,0.15101051330566406,False
968,155,25.370996100766103,0.00017461900279158726,0.1509418487548828,True
969,196,21.093134069833585,0.00017119200128945522,0.15093421936035156,True
970,20,12.439413790523721,0.00017498799934401177,0.15091896057128906,True
971,186,59.05227295080005,0.0001918320012919139,0.15104103088378906,False
972,198,41.2002902847263,0.00019003100169356912,0.15096473693847656,True
973,70,6.6701676404876755,0.0001882149990706239,0.1509265899658203,True
974,185,11.682861302976658,0.0001737729980959557,0.1509265899658203,True
975,114,28.420866361588626,0.00017846099945018068,0.15096473693847656,True
976,71,22.40006109113125,0.0001767880021361634,0.1509571075439453,True
977,83,18.08952614677288,0.0001761739986250177,0.15093421936035156,True
978,168,17.214960203000512,0.0001705030008452013,0.15093421936035156,True
979,107,8.062796200697889,0.00017986799866775982,0.15093421936035156,True
980,143,27.06986348021725,0.00018545100101619028,0.15094947814941406,True
981,83,21.132296063298913,0.0001689099990471732,0.1509418487548828,True
982,90,24.169284505850307,0.00017607999689062126,0.1509571075439453,True
983,134,8.562090150823984,0.00017003999892040156,0.15091896057128906,True
984,69,30.277839313596978,0.00017777199900592677,0.15096473693847656,True
985,197,39.243794088313784,0.00017672000103630126,0.15094947814941406,True
986,20,7.172353730098285,0.00017372799993609078,0.1509113311767578,True
987,178,16.59169353673762,0.00018121799803338945,0.15094947814941406,True
988,174,6.189162778271874,0.00017583499720785767,0.1509113311767578,True
989,182,15.01097969531119,0.00016764099927968346,0.15094947814941406,True
990,111,28.656785308295056,0.00017365999883622862,0.15096473693847656,False
991,114,13.771882487301605,0.0001876640017144382,0.1509418487548828,True
992,53,16.75851849835396,0.00016709999908925965,0.1509418487548828,True
993,112,34.12201383787753,0.00019249100296292454,0.1509876251220703,True
994,102,15.05692152629228,0.00018273100067744963,0.15093421936035156,True
995,120,18.956381006944973,0.00017357999968226068,0.15093421936035156,True
996,103,55.73840721771408,0.00018111000099452212,0.15102577209472656,True
997,103,32.043818855831034,0.00018040299983113073,0.1509723663330078,True
998,152,54.89722356453006,0.00038281000161077827,0.15099525451660156,True
999,127,8.598562544203778,0.0001687969997874461,0.1509265899658203,True
1000,170,29.475979753242093,0.00017213699902640656,0.15096473693847656,True
1001,75,18.786842030947728,0.0001701179971860256,0.1509418487548828,True
1002,5,20.465776185534313,0.00018083299801219255,0.1509723663330078,True
1003,156,19.100339919753274,0.0001793750016076956,0.15094947814941406,True
1004,170,78.32583771133838,0.00017872399985208176,0.15102577209472656,False
1005,155,16.161498660391178,0.00018035099856206216,0.1509265899658203,True
1006,47,50.00352077101625,0.00017847599883680232,0.1509876251220703,False
1007,186,33.186994484395925,0.0001708899981167633,0.1509418487548828,True
1008,169,6.9045489897618175,0.0001697330008028075,0.15091896057128906,True
1009,84,8.383420406419901,0.00016585399862378836,0.15091896057128906,True
1010,163,57.75494288321421,0.00021196000307099894,0.1509418487548828,True
1011,6,17.46090862627944,0.0001770529997884296,0.15094947814941406,True
1012,169,8.988352851851749,0.00019375400006538257,0.15093421936035156,True
1013,126,46.0751319615672,0.00018585400175652467,0.15096473693847656,True
1014,173,9.983996355682164,0.00017603699961910024,0.15094947814941406,True
1015,136,47.71059585994451,0.00018211399947176687,0.15097999572753906,True
1016,63,8.00128466322181,0.00017480399765190668,0.1509265899658203,True
1017,134,18.269312133894896,0.00017195599866681732,0.15093421936035156,True
1018,107,8.270178555670194,0.00017125500016845763,0.1509265899658203,True
1019,182,29.740801030449425,0.00018544900012784638,0.15097999572753906,True
1020,16,43.008962643860116,0.0001954219987965189,0.1510028839111328,True
1021,159,23.29665748902759,0.00018459299826645292,0.15093421936035156,True
1022,193,47.41983906194986,0.00017670099987299182,0.15101051330566406,True
1023,5,18.872695723669324,0.00017293899873038754,0.1509571075439453,True
1024,11,17.669734624297362,0.00018185199951403774,0.1509418487548828,True
1025,175,36.20876086009088,0.0001708250019873958,0.15094947814941406,True
1026,22,50.81567327242418,0.00018559499949333258,0.15097999572753906,True
1027,108,11.860514184741753,0.00016698200124665163,0.1509265899658203,True
1028,86,18.446279886844657,0.00017277100050705485,0.1509418487548828,True
1029,76,18.923796465894377,0.0001724800022202544,0.1509418487548828,True
1030,165,43.38363016550097,0.00017652999667916447,0.15097999572753906,True
1031,160,4.459290853816856,0.0002528629993321374,0.15091896057128906,True
1032,4,37.9703003072467,0.00017373000082443468,0.1509723663330078,True
1033,62,43.33090551207205,0.00019206200158805586,0.1510334014892578,True
1034,20,11.004829264666489,0.00018352000188315287,0.15091896057128906,True
1035,20,17.074908954725487,0.00017839499923866242,0.1509265899658203,True
1036,103,27.082663217806797,0.0001868090002972167,0.15094947814941406,True
1037,139,51.997556325184526,0.00017535900042275898,0.1510028839111328,True
1038,126,47.24750443677952,0.00017366199972457252,0.15096473693847656,True
1039,149,37.35735863155524,0.0002013710000028368,0.15097999572753906,True
1040,126,15.169419835562557,0.00018707499839365482,0.1509418487548828,True
1041,70,5.410335606191475,0.00016714200319256634,0.15091896057128906,True
1042,87,70.68884555776766,0.00017847900016931817,0.1510334014892578,True
1043,16,40.500022405143554,0.0001762040010362398,0.15101051330566406,False
1044,53,12.71012014799903,0.0001690360004431568,0.15093421936035156,True
1045,11,16.31175292521794,0.0001726869995763991,0.1509418487548828,True
1046,89,17.51224508690502,0.00017057199875125661,0.15094947814941406,True
1047,94,33.157032828292394,0.00017549599942867644,0.15094947814941406,True
1048,113,20.295789150976468,0.00017933400158653967,0.1509571075439453,True
1049,77,26.71815649088674,0.0001800720019673463,0.1509571075439453,True
1050,53,11.846078889884838,0.0001806109976314474,0.1509265899658203,True
1051,87,61.09207552724099,0.00020032400061609223,0.1510334014892578,True
1052,156,18.64405767700977,0.00016658999811625108,0.15093421936035156,True
1053,153,29.58953866042512,0.00016893899737624452,0.15094947814941406,True
1054,138,14.431427274066374,0.0001701159999356605,0.15093421936035156,True
1055,128,14.521013890657,0.00016738100021029823,0.1509265899658203,True
1056,168,25.886872670568295,0.000171203999343561,0.15096473693847656,True
1057,191,32.399680725232905,0.00018073500177706592,0.1509723663330078,True
1058,168,16.42418562508436,0.0001720549989840947,0.1509418487548828,True
1059,173,5.411706123242039,0.0001701299988781102,0.15091896057128906,True
1060,15,13.142303593668101,0.00016520099961780943,0.15091896057128906,True
1061,101,25.20183093134212,0.00018515699775889516,0.15093421936035156,True
1062,27,7.092853126476303,0.00017015800040098839,0.15091896057128906,True
1063,120,27.489384699770362,0.00037745900044683367,0.15096473693847656,True
1064,134,34.164427977295034,0.00017636999837122858,0.1509418487548828,True
1065,196,27.530132880162753,0.0001716939987090882,0.15094947814941406,True
1066,44,30.361666941506385,0.0001846369996201247,0.15094947814941406,True
1067,79,21.80060590354539,0.00017001100059133023,0.15094947814941406,True
1068,80,38.17154686991835,0.00017197100169141777,0.1509723663330078,False
1069,126,80.78577234431872,0.00019488199905026704,0.15102577209472656,True
1070,34,8.896133144955243,0.0001944230025401339,0.15093421936035156,True
1071,23,4.264993578394098,0.00016668899843352847,0.15091896057128906,True
1072,94,28.58824860656604,0.00018483500025467947,0.1509418487548828,True
1073,182,15.705535196192944,0.00021524099793168716,0.1509418487548828,True
1074,61,12.384506573585004,0.00018551099856267683,0.15091896057128906,True
1075,170,34.562429515187034,0.00017335200027446263,0.15097999572753906,True
1076,93,55.97700173925752,0.00017868700160761364,0.15099525451660156,True
1077,85,24.33089524944944,0.00017970199769479223,0.15096473693847656,True
1078,43,12.339785519484527,0.00017968800239032134,0.15093421936035156,True
1079,24,13.321007712212449,0.00016987200069706887,0.15093421936035156,True
1080,41,30.856839451883197,0.00018923499737866223,0.1509876251220703,True
1081,65,3.873538681775915,0.0001637900022615213,0.1509113311767578,True
1082,13,64.65367872914533,0.0001783440020517446,0.15102577209472656,True
1083,112,37.95977246957592,0.000175093999132514,0.1509876251220703,True
1084,127,10.967651164294749,0.00017066000145860016,0.1509418487548828,True
1085,120,15.42905982698908,0.0001750410010572523,0.15093421936035156,True
1086,30,27.672997102380883,0.0001874530025816057,0.15096473693847656,True
1087,53,24.222223337534036,0.00019230100224376656,0.1509723663330078,True
1088,78,11.448949422401997,0.0001744050023262389,0.1509418487548828,True
1089,79,13.970091177060892,0.00016692500139470212,0.15093421936035156,True
1090,53,18.203882916733598,0.00018917999841505662,0.1509571075439453,True
1091,170,36.69409342404767,0.00017948599997907877,0.15096473693847656,True
1092,27,15.645967742230916,0.0001716740007395856,0.1509418487548828,True
1093,25,77.43441079949423,0.00018972700127051212,0.1510334014892578,False
1094,98,70.30492789179443,0.00017845099864643998,0.1510181427001953,True
1095,136,74.29747155370447,0.00021896299949730746,0.1510028839111328,True
1096,141,45.88774747908229,0.0001792860020941589,0.1510334014892578,True
1097,37,15.495422880731256,0.00017686999854049645,0.15093421936035156,True
1098,42,44.23289488713138,0.00018398300016997382,0.15097999572753906,True
1099,6,14.906976657434868,0.00017094299983000383,0.1509265899658203,True
1100,192,38.02345754104114,0.00018773200281430036,0.1509723663330078,True
1101,47,17.652728283478428,0.00018005300080403686,0.15093421936035156,True
1102,144,16.465230665967187,0.00018125600036000833,0.15093421936035156,True
1103,94,38.861149624924096,0.00018200599879492074,0.1509723663330078,True
1104,169,6.307698712162771,0.00017949700122699142,0.15091896057128906,True
1105,137,17.04539457719444,0.00018209699919680133,0.1509265899658203,True
1106,134,17.000611651915076,0.00016988200150080957,0.15093421936035156,True
1107,182,13.917139924913585,0.00018213300063507631,0.1509418487548828,True
1108,136,64.31994187539296,0.00017892799951368943,0.1510028839111328,True
1109,147,35.92161613511098,0.00017587500042282045,0.15096473693847656,True
1110,100,57.368124203076846,0.00018263299716636539,0.1510028839111328,False
1111,174,11.64000619591824,0.00016984499961836264,0.15093421936035156,True
1112,130,20.64561437655189,0.00016979100109892897,0.1509418487548828,True
1113,130,21.605431945290565,0.00017933400158653967,0.15094947814941406,True
1114,165,47.223423739870135,0.00018363299750490114,0.15097999572753906,True
1115,61,16.57855846134326,0.0001677449981798418,0.1509418487548828,True
1116,49,58.018890989772906,0.00018689699936658144,0.1510028839111328,True
1117,118,57.495709435496096,0.0001882680007838644,0.1509876251220703,True
1118,96,33.95554875238957,0.00018032099978881888,0.15094947814941406,True
1119,127,15.01672362406523,0.00016910599879338406,0.15093421936035156,True
1120,102,12.562346984095104,0.00016729300114093348,0.1509265899658203,True
1121,19,27.400093303107695,0.00017038199803209864,0.15096473693847656,True
1122,118,8.55193130129862,0.00016892300118342973,0.15091896057128906,True
1123,117,39.13216285272403,0.00017172200023196638,0.15094947814941406,True
1124,139,28.734382948802104,0.00017404699974576943,0.1509876251220703,True
1125,25,51.20207864848717,0.00017619700156501494,0.15097999572753906,True
1126,190,24.978383298191016,0.00018018700211541727,0.15094947814941406,True
1127,27,8.019686268072158,0.00016994799807434902,0.1509265899658203,True
1128,94,27.41794160607719,0.00018857900067814626,0.1509571075439453,True
1129,180,11.89816965951445,0.00017936200310941786,0.15091896057128906,True
1130,194,6.274727101819974,0.00016433800192316994,0.1509265899658203,True
1131,116,29.911953140644457,0.0001839620017562993,0.15096473693847656,True
1132,104,17.520098916225766,0.00018241599900647998,0.15094947814941406,True
1133,156,12.770174111290014,0.0002041079969785642,0.1509418487548828,True
1134,11,36.621291891291285,0.00020603200027835555,0.1509723663330078,True
1135,97,16.553332714276,0.00018104999981005676,0.15094947814941406,True
1136,170,39.849121237986076,0.0002069789989036508,0.1509723663330078,True
1137,53,13.422189028011081,0.0001843450008891523,0.15093421936035156,True
1138,149,59.07312759054528,0.00017505900177638978,0.15099525451660156,True
1139,190,10.455990302343434,0.00018373399871052243,0.15091896057128906,True
1140,184,38.434117119466364,0.00017469399972469546,0.1509723663330078,True
1141,124,13.779996665821669,0.000173000997165218,0.1509418487548828,True
1142,148,36.27493155298528,0.00018319800074095838,0.1509723663330078,True
1143,7,4.907763513571967,0.00017822199879446998,0.15091896057128906,True
1144,179,18.629909165584444,0.00017312199997832067,0.15094947814941406,True
1145,15,18.971666723403565,0.00016677600069670007,0.1509265899658203,True
1146,8,19.355828614605095,0.00016757199773564935,0.15093421936035156,True
1147,102,13.859332637550226,0.00017346199820167385,0.1509265899658203,True
1148,169,4.988011970453819,0.00017018300059135072,0.15091896057128906,True
1149,56,20.860913512547082,0.00019040999904973432,0.1509418487548828,True
1150,136,64.9779057354016,0.00018065800031763501,0.1510028839111328,True
1151,31,62.377990080738236,0.00018310599989490584,0.1510181427001953,True
1152,122,38.78874687585513,0.00017482000112067908,0.1509723663330078,True
1153,9,13.737526622605461,0.00016968799900496379,0.1509265899658203,True
1154,102,17.057948684646874,0.00017017400023178197,0.1509418487548828,True
1155,5,19.75160673141375,0.00016989600044325925,0.15094947814941406,True
1156,159,22.84778272221993,0.00018070700025418773,0.15094947814941406,True
1157,16,15.525400743436823,0.00016615300046396442,0.15093421936035156,True
1158,20,17.720475196457148,0.00017295599900535308,0.15093421936035156,True
1159,121,48.23389449334981,0.0001875669986475259,0.1510028839111328,True
1160,65,8.581176982047817,0.00017527700038044713,0.1509265899658203,True
1161,53,20.807463291028178,0.00017279299936490133,0.15096473693847656,True
1162,170,38.05109470463107,0.00019647099907160737,0.1510028839111328,True
1163,56,12.130025897416942,0.00016791500092949718,0.1509265899658203,True
1164,178,13.537277628777119,0.00018121600078302436,0.1509265899658203,True
1165,15,29.070058167845982,0.00017064499843399972,0.15096473693847656,True
1166,41,10.86880566888313,0.0001723950008454267,0.1509265899658203,True
1167,175,26.347801108981866,0.00017550499978824519,0.1509723663330078,True
1168,79,47.46829274776555,0.00017495700012659654,0.1510181427001953,True
1169,188,59.305746429920056,0.00017281199689023197,0.15094947814941406,True
1170,11,14.32194490772961,0.00016661900008330122,0.1509265899658203,True
1171,5,26.67122315394141,0.00017235599807463586,0.1509723663330078,True
1172,132,35.65744035313523,0.00017188300262205303,0.1509571075439453,True
1173,114,25.18730745420635,0.00017994199879467487,0.1509265899658203,True
1174,67,44.604598213233594,0.0001743339998938609,0.1509571075439453,True
1175,23,7.7767845863415905,0.00016601100287516601,0.15091896057128906,True
1176,153,43.3934527660647,0.00018546499995863996,0.15097999572753906,True
1177,190,17.723447189519195,0.00019269000040367246,0.15093421936035156,True
1178,136,44.66600325587244,0.00018381400150246918,0.1509876251220703,True
1179,102,14.985817397825027,0.00016644900097162463,0.1509265899658203,True
1180,122,18.21769914543122,0.00016732299991417676,0.15093421936035156,True
1181,58,63.675676947244796,0.00019579400031943806,0.1510486602783203,True
1182,54,8.757195118554908,0.00016899199908948503,0.1509265899658203,True
1183,1,35.200819208161164,0.00017341299826512113,0.15097999572753906,True
1184,60,9.052388156887679,0.00018292799722985364,0.15091896057128906,True
1185,196,18.628495459836596,0.00016970700016827323,0.1509418487548828,True
1186,115,26.846236421195737,0.00018145300055039115,0.1509418487548828,True
1187,49,20.279215034155474,0.00017234400002053007,0.15093421936035156,True
1188,136,31.266593231026444,0.0001808399974834174,0.15097999572753906,True
1189,116,26.3982566831301,0.00019296700338600203,0.15094947814941406,True
1190,148,20.637596890454596,0.000179212998773437,0.15094947814941406,True
1191,132,14.14666917483043,0.00017201599985128269,0.15093421936035156,True
1192,36,32.00386414389193,0.00021068599744467065,0.15096473693847656,True
1193,64,43.53258635517259,0.00017574199955561198,0.15099525451660156,True
1194,137,25.196905388457356,0.00017315599689027295,0.15096473693847656,True
1195,19,22.7461146461505,0.0001766280001902487,0.15094947814941406,True
1196,10,80.22308269018427,0.00018798100063577294,0.1510486602783203,False
1197,174,11.71298074075566,0.0001840309996623546,0.15093421936035156,True
1198,110,39.024629602588355,0.00017877099890029058,0.1509876251220703,True
1199,19,18.540248824024978,0.00016941300054895692,0.15093421936035156,True
1200,79,14.523855594045772,0.00017385099999955855,0.1509265899658203,True
1201,133,18.352158839623407,0.00017194899919559248,0.15093421936035156,True
1202,155,27.819253502694696,0.00016985399997793138,0.15093421936035156,True
1203,105,27.882930554039824,0.0001691899997240398,0.1509418487548828,True
1204,178,10.79864539814466,0.00016815799972391687,0.1509418487548828,True
1205,156,11.316790045473345,0.00017111800116254017,0.15093421936035156,True
1206,40,18.460606822669295,0.00022158199863042682,0.15093421936035156,True
1207,138,13.751212563007217,0.00016798499927972443,0.1509265899658203,True
1208,183,13.984133470043771,0.00017134100198745728,0.1509418487548828,True
1209,170,29.280318719122953,0.00017296499936492182,0.15096473693847656,True
1210,23,12.107098603094652,0.00019473799693514593,0.15093421936035156,True
1211,20,18.654124689802757,0.00016913400031626225,0.15093421936035156,True
1212,198,23.91366923248887,0.0001923259987961501,0.15096473693847656,True
1213,98,36.245663684275904,0.00017203800234710798,0.15094947814941406,True
1214,137,19.525009452399175,0.00017789899720810354,0.15091896057128906,True
1215,86,20.433973425573953,0.00017580200074007735,0.1509265899658203,True
1216,83,43.81610304850613,0.00018105799972545356,0.1510028839111328,True
1217,172,8.077977070098754,0.00017917199875228107,0.15091896057128906,True
1218,47,43.57370788123601,0.0001854740003182087,0.1509723663330078,False
1219,147,18.02846285084429,0.00017187499906867743,0.1509418487548828,True
1220,79,39.34037023288706,0.00017830200158641674,0.1510028839111328,True
1221,152,54.969111593305854,0.0001756469973770436,0.15099525451660156,False
1222,155,40.7796902782658,0.00021987199943396263,0.1509723663330078,True
1223,58,46.03645320875054,0.00017818699780036695,0.15099525451660156,True
1224,51,26.764216053101173,0.00016891799896256998,0.15094947814941406,True
1225,102,17.85721351658803,0.0001768629990692716,0.15093421936035156,True
1226,94,41.0265006956239,0.0001755779994709883,0.1509723663330078,True
1227,53,13.162484212158839,0.0001671659993007779,0.15093421936035156,True
1228,190,14.457922630708522,0.00017765400116331875,0.1509418487548828,True
1229,164,60.19746735344993,0.00017501399997854605,0.1510028839111328,False
1230,34,11.942973358313212,0.0001712060002319049,0.1509265899658203,True
1231,19,11.343023228272177,0.00016681600027368404,0.1509265899658203,True
1232,126,44.77882625478408,0.0001720710024528671,0.15094947814941406,True
1233,118,5.121313568106644,0.00016458899699500762,0.15091896057128906,True
1234,139,7.60558302583523,0.00017000700245262124,0.15091896057128906,True
1235,189,10.186684060493544,0.00017413600289728492,0.15091896057128906,True
1236,198,49.698492068275215,0.00017784300143830478,0.15097999572753906,True
1237,75,8.028949250504422,0.00016800200319266878,0.1509265899658203,True
1238,132,18.372831431524652,0.00016945000243140385,0.1509418487548828,True
1239,149,18.606323292592183,0.00018374299907009117,0.1509418487548828,True
1240,159,24.48746284208986,0.00017288900198764168,0.15093421936035156,True
1241,158,15.422344779963339,0.00017019799997797236,0.15091896057128906,True
1242,119,44.23496393656429,0.00019734799934667535,0.1509571075439453,True
1243,54,24.55919562222269,0.00019483099822537042,0.1509571075439453,True
1244,43,54.765913697664075,0.00017739300164976157,0.1510028839111328,False
1245,130,47.46495577406493,0.0001733780009089969,0.15096473693847656,True
1246,157,20.44576950619946,0.0001821410005504731,0.15093421936035156,True
1247,132,27.917394486439782,0.00022695300140185282,0.15094947814941406,True
1248,198,53.09264743567281,0.00021483399905264378,0.1509876251220703,True
1249,190,25.067998104465733,0.0001736880003591068,0.1509571075439453,True
1250,76,15.868734186451308,0.000208531000680523,0.1509418487548828,True
1251,12,11.86638479966857,0.00018443800217937678,0.15093421936035156,True
1252,71,25.527609569023486,0.00017723700148053467,0.15093421936035156,True
1253,130,25.958250069260057,0.00018887300029746257,0.1509418487548828,True
1254,43,12.408887267232627,0.00017960300101549365,0.15093421936035156,True
1255,79,19.47889064898815,0.0001736980011628475,0.1509571075439453,True
1256,169,8.421282907257352,0.0001660490015638061,0.15093421936035156,True
1257,95,6.3142735474178044,0.0001789960006135516,0.1509113311767578,True
1258,170,38.20467536305952,0.00017698100054985844,0.1509876251220703,True
1259,150,20.48524098944585,0.0001703609996184241,0.15096473693847656,True
1260,1,27.64985362190434,0.00016883400166989304,0.1509418487548828,True
1261,132,21.381212650204617,0.00023149800108512864,0.15094947814941406,True
1262,170,23.32487610069344,0.00017304900029557757,0.15094947814941406,True
1263,143,23.17422315030814,0.0001877169997896999,0.1509571075439453,True
1264,140,9.792089601834917,0.00016706499809515662,0.1509265899658203,True
1265,108,20.51417136094029,0.00018181899940827861,0.1509418487548828,True
1266,149,16.77037233075015,0.00017270899843424559,0.15093421936035156,True
1267,20,13.937516077492312,0.00019596999845816754,0.15093421936035156,True
1268,121,19.317146655880595,0.00017343099898425862,0.15093421936035156,True
1269,136,48.13347507621283,0.00017523499991511926,0.1510028839111328,True
1270,114,17.058550563699413,0.00018814500072039664,0.1509265899658203,True
1271,139,26.453404838907748,0.00017918200319400057,0.1509723663330078,True
1272,80,24.606099749393692,0.00016964899987215176,0.1509571075439453,True
1273,121,27.90198264620499,0.00017535299775772728,0.15094947814941406,True
1274,159,22.747560806779255,0.00017085799845517613,0.1509571075439453,True
1275,120,23.61708868082276,0.0001788970002962742,0.15094947814941406,True
1276,81,13.020888644176251,0.00016576299822190776,0.1509265899658203,True
1277,124,20.832156011272502,0.0001762530009727925,0.1509571075439453,True
1278,127,9.776724820398218,0.00018135999926016666,0.15093421936035156,True
1279,83,36.63811681783851,0.00018853900110116228,0.15097999572753906,True
1280,24,6.847970938983366,0.00016722200234653428,0.15091896057128906,True
1281,96,44.14353527736152,0.00017437399947084486,0.15099525451660156,True
1282,65,7.5896437724430905,0.00016862499978742562,0.15091896057128906,True
1283,147,23.357473276845898,0.0001707400006125681,0.1509571075439453,True
1284,135,13.456045259549255,0.00016959400090854615,0.1509265899658203,True
1285,195,42.15758900735448,0.00017743900025379844,0.1509876251220703,True
1286,174,31.71582892507333,0.00017272599870921113,0.15097999572753906,True
1287,72,12.742558125087417,0.0001737909988150932,0.1509265899658203,True
1288,87,16.96670901691903,0.00018481899678590707,0.1509265899658203,True
1289,170,43.48085216119826,0.0001737750026222784,0.15099525451660156,True
1290,121,27.180798297660772,0.0001668699987931177,0.1509265899658203,True
1291,115,19.107279536314426,0.0001756290002958849,0.1509418487548828,True
1292,144,30.74520500044403,0.00016870099716470577,0.1509418487548828,True
1293,148,24.89377385105736,0.00018008400002145208,0.1509571075439453,True
1294,121,19.968856526154624,0.00016902100105653517,0.15093421936035156,True
1295,138,21.10616708734352,0.00017886999921756797,0.15093421936035156,True
1296,120,29.43415428419488,0.00018360000103712082,0.1509571075439453,True
1297,86,25.29323998680465,0.00016797700300230645,0.1509418487548828,True
1298,159,30.010778323355037,0.0001704599999357015,0.1509571075439453,True
1299,118,10.020480304063708,0.00017041199680534191,0.1509265899658203,True
1300,16,28.913588377754916,0.00017306900190305896,0.15097999572753906,True
1301,178,9.286380538977873,0.00016715100355213508,0.1509265899658203,True
1302,52,32.05017962952277,0.00017448699873057194,0.1509571075439453,True
1303,152,23.942780279328595,0.00019219000023440458,0.1509723663330078,True
1304,170,52.25100290772404,0.0001797299992176704,0.15104103088378906,False
1305,137,17.620949274719717,0.00017932099945028313,0.15094947814941406,True
1306,182,21.890620336447892,0.0002465110010234639,0.15094947814941406,True
1307,121,19.60415292390581,0.0001647829994908534,0.1509265899658203,True
1308,112,42.49242968384981,0.00018436900063534267,0.15101051330566406,True
1309,186,16.662230989277734,0.00017394399765180424,0.1509571075439453,True
1310,13,64.69746261572645,0.00018973400074173696,0.15101051330566406,True
1311,103,33.94336107643406,0.0001741720006975811,0.15097999572753906,True
1312,26,33.186400570782354,0.00017900099919643253,0.1509723663330078,True
1313,120,13.277042544180311,0.0001747189999150578,0.1509265899658203,True
1314,66,25.25953788341352,0.0001864320001914166,0.15097999572753906,True
1315,159,50.435743890186885,0.0001776610006345436,0.1509876251220703,True
1316,117,40.300161726335304,0.00017862000095192343,0.15096473693847656,True
1317,15,21.526534705270745,0.00022259099932853132,0.15093421936035156,True
1318,76,50.64335800415909,0.00018406299932394177,0.1510028839111328,False
1319,24,9.923963533068463,0.0001659619993006345,0.15091896057128906,True
1320,121,13.21239301346778,0.00016748899724916555,0.1509265899658203,True
1321,152,23.96972606466536,0.00016855499779921956,0.15094947814941406,True
1322,6,20.654295961024125,0.0001702839981589932,0.15094947814941406,True
1323,113,18.123605987218852,0.00016818400035845116,0.1509418487548828,True
1324,38,14.62872383799982,0.0001778879995981697,0.1509265899658203,True
1325,152,22.76618416274806,0.00018150100004277192,0.1509418487548828,True
1326,38,39.111292025385765,0.00017949500033864751,0.1509418487548828,True
1327,149,18.729698432116745,0.00016856499860296026,0.1509418487548828,True
1328,37,20.838544653714877,0.00017108799875131808,0.1509418487548828,True
1329,37,21.479743636742487,0.0001792900002328679,0.15096473693847656,True
1330,6,15.409306615464724,0.0001686690011410974,0.1509265899658203,True
1331,117,48.311537199428955,0.0001732419987092726,0.1509876251220703,True
1332,133,14.918351930620506,0.00017805700190365314,0.15093421936035156,True
1333,5,6.851221157256048,0.00016716100071789697,0.15091896057128906,True
1334,76,15.504489892635501,0.00016936500105657615,0.1509418487548828,True
1335,179,9.443212427581056,0.00017672399917501025,0.15091896057128906,True
1336,120,19.691407735350268,0.00016950099961832166,0.15094947814941406,True
1337,2,15.771821152126096,0.00017142100114142522,0.15094947814941406,True
1338,134,31.174860447219427,0.00016996900012600236,0.1509418487548828,True
1339,53,13.071988027262721,0.00017950999972526915,0.15093421936035156,True
1340,138,15.364851606740288,0.0001695300015853718,0.15094947814941406,True
1341,163,36.90608201622912,0.00021960699814371765,0.15096473693847656,True
1342,160,19.747718829766796,0.00017246700008399785,0.1509571075439453,True
1343,102,13.317572013288942,0.0001856239978224039,0.15093421936035156,True
1344,43,11.546465214573605,0.00017760800255928189,0.1509265899658203,True
1345,20,37.77983853364532,0.00017257299987250008,0.15096473693847656,True
1346,190,23.685513975477885,0.00017379600103595294,0.15093421936035156,True
1347,121,18.476635433450404,0.00018229399938718416,0.15093421936035156,True
1348,160,6.806801990216397,0.00018636299864738248,0.1509265899658203,True
1349,170,31.887116455806726,0.00017274899801122956,0.15096473693847656,True
1350,158,32.76551584597252,0.00017921600010595284,0.15094947814941406,True
1351,196,39.187580808853525,0.0001921600014611613,0.1509876251220703,True
1352,169,9.631857697743733,0.00018883799930335954,0.15091896057128906,True
1353,54,37.28263392781835,0.00017352600116282701,0.1509876251220703,True
1354,102,17.085073839094193,0.00016863299970282242,0.15093421936035156,True
1355,166,17.736922552879204,0.00016939499982981943,0.1509265899658203,True
1356,172,16.45846467968253,0.00017399900025338866,0.15094947814941406,True
1357,157,11.739413778163454,0.00016939500346779823,0.15091896057128906,True
1358,149,19.840653453907695,0.00016992800010484643,0.1509418487548828,True
1359,39,11.881767356431894,0.00017613000090932474,0.1509265899658203,True
1360,159,21.756287141466885,0.00017006800044327974,0.1509571075439453,True
1361,13,68.68750290174802,0.00018972800171468407,0.15101051330566406,True
1362,37,20.35215287738696,0.00017237800057046115,0.1509571075439453,True
1363,120,48.40175449345976,0.00018531499881646596,0.1509571075439453,True
1364,137,18.499128352010683,0.0001710150027065538,0.15093421936035156,True
1365,54,38.67285109420053,0.00017039500016835518,0.1509571075439453,True
1366,164,41.4085056661483,0.00017198100249515846,0.15096473693847656,False
1367,86,40.14671783543499,0.00017954899885808118,0.1509723663330078,True
1368,101,26.214964632466106,0.0001733290009724442,0.1509418487548828,True
1369,160,41.65280814525741,0.00017994099835050292,0.1509876251220703,False
1370,79,15.969194526572235,0.0001709849966573529,0.15093421936035156,True
1371,164,38.52675610987903,0.0001751019990479108,0.15099525451660156,False
1372,152,27.401038431424162,0.0001765000015439,0.15096473693847656,True
1373,110,29.572751023283526,0.00018428100156597793,0.1509418487548828,True
1374,182,16.30248066216516,0.00016932700236793607,0.1509418487548828,True
1375,85,25.484062155972715,0.00019691800116561353,0.1509571075439453,True
1376,170,44.83283126945156,0.00017482499970356002,0.1509723663330078,True
1377,98,57.90193258970227,0.00017870100055006333,0.1509876251220703,True
1378,168,15.560149659538492,0.00017108500105678104,0.15093421936035156,True
1379,188,55.3645531670679,0.00018008600090979598,0.1510028839111328,True
1380,190,9.598333735496206,0.00021515699700103141,0.15091896057128906,True
1381,134,19.102300738080373,0.0001771099996403791,0.15094947814941406,True
1382,94,30.681853595738147,0.00018070599981001578,0.1509571075439453,True
1383,20,21.893828520061454,0.00018323000040254556,0.1509418487548828,True
1384,122,23.929472977677307,0.0001698969972494524,0.15093421936035156,True
1385,119,33.64936476540645,0.00018807800006470643,0.15093421936035156,True
1386,136,71.78857471546445,0.00017164000018965453,0.15097999572753906,True
1387,180,14.291877619940959,0.00016779500219854526,0.15091896057128906,True
1388,97,14.45390769514905,0.00018478799756849185,0.1509418487548828,True
1389,12,20.411407739940326,0.00017190400103572756,0.1509571075439453,True
1390,147,51.141394688724965,0.0001880609997897409,0.15101051330566406,True
1391,82,14.14381065253403,0.00021392400230979547,0.1509265899658203,True
1392,185,8.624084217184835,0.0001695749997452367,0.1509265899658203,True
1393,63,16.774404793999935,0.00017258600200875662,0.1509571075439453,True
1394,87,31.048436292345926,0.00017208999997819774,0.1509571075439453,True
1395,169,11.417544983164337,0.0001696960025583394,0.1509418487548828,True
1396,19,31.573912865941182,0.00017267500152229331,0.15094947814941406,True
1397,19,31.313791746388095,0.00018505000116419978,0.15096473693847656,True
1398,83,31.552653173847084,0.00018439699852024205,0.1509571075439453,True
1399,174,7.999956631754789,0.0001798410012270324,0.1509265899658203,True
1400,186,8.17165315400734,0.0001843309983087238,0.15093421936035156,True
1401,152,25.314236391328095,0.00019004499699804,0.15096473693847656,True
1402,149,13.843550311351954,0.00016878099995665252,0.15093421936035156,True
1403,85,41.903920192146884,0.00018609000107971951,0.1510028839111328,True
1404,170,37.02921407442698,0.0001726949994917959,0.15096473693847656,True
1405,159,16.023018524819545,0.0002151669978047721,0.15094947814941406,True
1406,23,70.9457988316964,0.00017932799892150797,0.1510181427001953,False
1407,41,20.239673749527473,0.0001715280013740994,0.15094947814941406,True
1408,24,9.218644059012826,0.00017116600065492094,0.15091896057128906,True
1409,189,21.133284971638457,0.00017249200027436018,0.15094947814941406,True
1410,43,44.184438760183774,0.0001768139991327189,0.15101051330566406,False
1411,6,124.72459659528958,0.00022547499975189567,0.15111732482910156,True
1412,81,19.618956502330224,0.00016997099737636745,0.15093421936035156,True
1413,21,51.23504909765729,0.0001782670005923137,0.15099525451660156,False
1414,61,18.002738428262674,0.00016896200031624176,0.1509265899658203,True
1415,87,12.955751399004617,0.00016873899949132465,0.15093421936035156,True
1416,137,18.06216643156228,0.00018374400315224193,0.15094947814941406,True
1417,94,40.12570044664393,0.00024926300102379173,0.15099525451660156,True
1418,195,32.39697972122655,0.0001899700000649318,0.15097999572753906,True
1419,9,42.23093979797488,0.0001880470008472912,0.1510028839111328,True
1420,37,12.641485295503498,0.00017911300164996646,0.15093421936035156,True
1421,69,26.697996925669827,0.00019390300076338463,0.15096473693847656,True
1422,155,14.50640924165527,0.0001668679979047738,0.1509265899658203,True
1423,10,13.890832241361915,0.00018354599887970835,0.15093421936035156,True
1424,110,62.55985331598601,0.00018236899995827116,0.15102577209472656,True
1425,170,31.91586137968058,0.00019011800031876191,0.15097999572753906,True
1426,56,26.495197722785697,0.0001723990026221145,0.15094947814941406,True
1427,98,48.356749100361135,0.0001797340009943582,0.1510028839111328,True
1428,103,42.06041775539307,0.00022515999808092602,0.1510028839111328,True
1429,107,15.506969572841353,0.00016808700092951767,0.15093421936035156,True
1430,24,14.223052578798354,0.0001703890011413023,0.1509265899658203,True
1431,174,6.069997099889198,0.0001696840008662548,0.1509265899658203,True
1432,147,14.548391602557283,0.00019391999740037136,0.1509265899658203,True
1433,116,10.139203532224057,0.00016658999811625108,0.1509265899658203,True
1434,53,22.75153709593028,0.00023634200260858051,0.15096473693847656,True
1435,97,19.063664860972544,0.00017028299771482125,0.1509418487548828,True
1436,141,28.117242867843306,0.00017354100054944865,0.15097999572753906,True
1437,86,17.83569639196524,0.00017158700211439282,0.1509418487548828,True
1438,11,14.520666006168906,0.0001679579982010182,0.15093421936035156,True
1439,124,27.98677719460277,0.00022604600235354155,0.15096473693847656,True
1440,187,18.28664590795313,0.00017726900114212185,0.1509265899658203,True
1441,96,64.98095143876084,0.00019079999765381217,0.1510334014892578,True
1442,169,8.646386297991006,0.00017202299932250753,0.1509418487548828,True
1443,182,20.74960138427168,0.00017994800145970657,0.1509723663330078,True
1444,56,14.006949015124631,0.00017126700186054222,0.15094947814941406,True
1445,178,16.888890134684505,0.00018119300148100592,0.1509418487548828,True
1446,147,31.159004908349374,0.00018717400234891102,0.1509571075439453,True
1447,112,51.5250082164826,0.000186727997061098,0.1510181427001953,True
1448,15,35.8314782544201,0.00017331200069747865,0.1509723663330078,True
1449,0,3.708378959719554,0.00018126299983123317,0.15099525451660156,True
1450,145,33.527936100475046,0.00017461300012655556,0.15096473693847656,True
1451,61,11.523247917122294,0.00016943399896263145,0.15093421936035156,True
1452,37,27.432062621612427,0.00017831900186138228,0.1509723663330078,True
1453,104,4.864965201600956,0.0001815169998735655,0.1509113311767578,True
1454,68,16.740887608230512,0.00017290200048591942,0.1509418487548828,True
1455,61,13.73017448981884,0.00016926799798966385,0.15093421936035156,True
1456,198,45.957884394471876,0.0001743200009514112,0.15099525451660156,True
1457,141,36.66357513068662,0.0001946909978869371,0.15097999572753906,True
1458,148,12.903036705302698,0.00016807900101412088,0.1509265899658203,True
1459,20,40.390165494624256,0.00017091699919546954,0.1509723663330078,True
1460,196,17.21669696860083,0.00017664500046521425,0.1509418487548828,True
1461,198,46.134343667695326,0.00017507300071883947,0.15097999572753906,True
1462,70,4.983964613684952,0.00016754700118326582,0.15091896057128906,True
1463,56,12.194861387501694,0.0001709889984340407,0.15094947814941406,True
1464,112,43.3561923004723,0.00018884599921875633,0.1510028839111328,True
1465,37,13.440140659619779,0.00016796699856058694,0.15093421936035156,True
1466,120,24.499744949778634,0.0001722169981803745,0.1509418487548828,True
1467,0,56.63096754836445,0.00018684500173549168,0.1510791778564453,False
1468,102,14.182276327453524,0.00016568600040045567,0.1509265899658203,True
1469,68,50.895099244033624,0.00017233700054930523,0.1509723663330078,False
1470,186,35.78495357562238,0.00017367100008414127,0.15097999572753906,True
1471,147,52.33370651974941,0.00019142199744237587,0.1509876251220703,True
1472,112,45.925849773910876,0.00017941199985216372,0.15102577209472656,True
1473,121,17.36414041003745,0.00016934299856075086,0.15093421936035156,True
1474,180,19.458966702222902,0.00017678900258033536,0.15091896057128906,True
1475,80,9.129798505763356,0.00016646400035824627,0.1509265899658203,True
1476,38,56.22611275882621,0.00018972500038216822,0.1510028839111328,True
1477,116,11.405943472948433,0.00018225500025437213,0.15091896057128906,True
1478,102,13.795160947137227,0.00017342499995720573,0.1509418487548828,True
1479,161,9.31004772201522,0.00016441199841210619,0.15091896057128906,True
1480,18,18.293104595951696,0.00017188399942824617,0.15093421936035156,True
1481,87,13.861229416645198,0.00016894900181796402,0.15093421936035156,True
1482,24,7.68208389672815,0.00016593300097156316,0.15091896057128906,True
1483,41,11.944885332350674,0.00016659199900459498,0.15093421936035156,True
1484,63,5.8011910617928795,0.00016615300046396442,0.15091896057128906,True
1485,11,16.143722241191185,0.00017001900050672702,0.15093421936035156,True
1486,137,38.159210270825454,0.0001808339984563645,0.15101051330566406,True
1487,61,11.620066426842993,0.00017653100076131523,0.15093421936035156,True
1488,24,10.533485471748884,0.00016828099978738464,0.15093421936035156,True
1489,28,6.364069254144809,0.0001762040010362398,0.15091896057128906,True
1490,196,50.253867012438306,0.0001793709998310078,0.1510028839111328,True
1491,70,13.436643298269107,0.00017181300063384697,0.1509418487548828,True
1492,20,15.207609152968454,0.0001774259981175419,0.15091896057128906,True
1493,105,43.52692568753733,0.00017723899873089977,0.1509876251220703,True
1494,148,15.091420198039836,0.00017726700025377795,0.1509265899658203,True
1495,198,46.27567537206492,0.00019009699826710857,0.15101051330566406,True
1496,174,29.86408286031995,0.00017082600243156776,0.15093421936035156,False
1497,53,19.21350545871031,0.00018234699746244587,0.15094947814941406,True
1498,34,11.547439628247043,0.00017402500088792294,0.1509265899658203,True
1499,149,15.910124910660747,0.00017736599693307653,0.1509418487548828,True
1500,177,18.051489213947395,0.00017987500177696347,0.1509418487548828,True
1501,152,26.48802637403322,0.0004691059984907042,0.1509571075439453,True
1502,87,19.279936613624873,0.0001694210004643537,0.15093421936035156,True
1503,15,17.699763148963807,0.00018030399951385334,0.15093421936035156,True
1504,5,24.807828798679378,0.0001688900010776706,0.15094947814941406,True
1505,54,18.637298892466283,0.00017267600196646526,0.1509571075439453,True
1506,148,15.043522965487304,0.00018380999972578138,0.15093421936035156,True
1507,147,20.140642288870794,0.00017080500037991442,0.1509571075439453,True
1508,111,29.390016765495748,0.00017483299961895682,0.15096473693847656,False
1509,131,15.138961706679254,0.0001723969980957918,0.1509418487548828,True
1510,178,13.590294881023087,0.00016791099915280938,0.15091896057128906,True
1511,87,9.688848264107387,0.00023351600248133764,0.1509265899658203,True
1512,163,55.74573346978883,0.00017644200124777853,0.15099525451660156,True
1513,179,18.179459252219065,0.00017057800141628832,0.1509418487548828,True
1514,174,8.2518017929999,0.00016832300025271252,0.1509265899658203,True
1515,96,32.40226968108045,0.00017928899978869595,0.1509418487548828,True
1516,160,12.34723030231398,0.00016574999972363003,0.15093421936035156,True
1517,29,54.277799799898766,0.00017948799722944386,0.1510181427001953,True
1518,169,11.079762270168514,0.00019604900080594234,0.15091896057128906,True
1519,76,15.083998428235248,0.00017085299987229519,0.15094947814941406,True
1520,130,23.10842703225318,0.00017084399951272644,0.1509418487548828,True
1521,149,18.409153871915137,0.00017163499796879478,0.15094947814941406,True
1522,86,12.962682058209559,0.00017011700037983246,0.15093421936035156,True
1523,41,19.92289446859403,0.000172385000041686,0.1509571075439453,True
1524,168,15.905352181647674,0.00017591899813851342,0.1509418487548828,True
1525,47,26.57081946431476,0.00018318799993721768,0.15094947814941406,True
1526,155,11.786959296485513,0.00017118100004154257,0.1509265899658203,True
1527,189,10.379882660676547,0.00018240700228489004,0.15091896057128906,True
1528,16,24.889662662797203,0.00017018399739754386,0.15093421936035156,True
1529,138,12.353295226590499,0.0001786520006135106,0.15093421936035156,True
1530,152,17.802427714834625,0.00016886699813767336,0.1509418487548828,True
1531,198,48.801685313732584,0.00017523100177641027,0.1510028839111328,True
1532,98,28.4178634252624,0.00018103399997926317,0.15094947814941406,True
1533,127,18.18975827367758,0.00016828099978738464,0.1509265899658203,True
1534,169,6.0378607582331165,0.0001817759984987788,0.15091896057128906,True
1535,127,12.809913959530977,0.0001748890026647132,0.15091896057128906,True
1536,119,48.550223263641335,0.00017533000209368765,0.1509876251220703,True
1537,112,40.64166169130527,0.00018411400014883839,0.1510181427001953,True
1538,75,9.25399633146365,0.00016538900308660232,0.15093421936035156,True
1539,20,27.471561096591344,0.00016863599739735946,0.1509265899658203,True
1540,177,24.141118899417364,0.0001717749983072281,0.15096473693847656,True
1541,44,24.692211674800554,0.0001742429994919803,0.1509418487548828,True
1542,79,32.58615340526238,0.00018446399917593226,0.1509723663330078,True
1543,102,16.07146256532191,0.00016886699813767336,0.15093421936035156,True
1544,149,16.695695707259663,0.0001969459990505129,0.15093421936035156,True
1545,160,48.76635481946912,0.00018388299940852448,0.1510181427001953,False
1546,88,19.555513097301144,0.00019034599972655997,0.15093421936035156,True
1547,174,17.440673786083224,0.00016979100109892897,0.1509418487548828,True
1548,167,76.99661617227028,0.0001878749972092919,0.1510486602783203,False
1549,190,22.738278704088163,0.00016817900177557021,0.15093421936035156,True
1550,136,65.89785414532761,0.00018018599803326651,0.15102577209472656,True
1551,117,31.98969243310403,0.00017180499708047137,0.1509418487548828,True
1552,173,60.34332906128876,0.0001861729979282245,0.1510028839111328,False
1553,53,20.62873250286335,0.00017085899889934808,0.1509571075439453,True
1554,2,25.92674348415666,0.0001729379982862156,0.15094947814941406,True
1555,76,17.812530202168364,0.0001729929972498212,0.15094947814941406,True
1556,16,31.15866419733357,0.00017591399955563247,0.1509723663330078,True
1557,71,23.24828031747568,0.0001715240032353904,0.15094947814941406,True
1558,86,11.32477311102676,0.00017214300169143826,0.1509418487548828,True
1559,170,47.43899362656309,0.00022383900068234652,0.15094947814941406,True
1560,122,18.680949178661127,0.00017108699830714613,0.15094947814941406,True
1561,48,24.722002614864792,0.00017980000120587647,0.1509418487548828,True
1562,15,10.830921510602867,0.0001653910003369674,0.15091896057128906,True
1563,119,42.46392523753318,0.00018397200256003998,0.15096473693847656,True
1564,67,26.695026403462812,0.00016888300160644576,0.15093421936035156,True
1565,190,21.37984277006747,0.0001822359990910627,0.1509418487548828,True
1566,179,18.484346193332822,0.00016902900097193196,0.15094947814941406,True
1567,186,41.68590814734449,0.000179745999048464,0.1509571075439453,True
1568,142,13.657965348628855,0.00017582600048626773,0.1509265899658203,True
1569,118,12.016269507064733,0.0001662739996390883,0.15091896057128906,True
1570,37,7.278238237617486,0.00016864200006239116,0.1509113311767578,True
1571,47,40.03241873096918,0.00017636299890000373,0.1509876251220703,False
1572,5,31.66698357608012,0.00017622899758862332,0.1509723663330078,True
1573,96,30.62115121155764,0.0001811639995139558,0.15094947814941406,True
1574,122,13.7279091207496,0.00016840600073919632,0.15093421936035156,True
1575,126,21.548159942359504,0.0001725470028759446,0.15094947814941406,True
1576,73,19.528045962201563,0.00016797699936432764,0.15093421936035156,True
1577,9,16.932493076802132,0.00016851999680511653,0.1509265899658203,True
1578,160,35.61347721109906,0.0001902959993458353,0.1509876251220703,False
1579,37,8.997078337282204,0.00017974900038097985,0.1509113311767578,True
1580,79,13.214899498298827,0.00016892499843379483,0.1509265899658203,True
1581,0,20.154536175217608,0.000178447000507731,0.1510181427001953,True
1582,182,9.026917455415607,0.00017629300054977648,0.1509265899658203,True
1583,167,9.419123679612861,0.00016785299885668792,0.1509265899658203,True
1584,58,38.59993198531163,0.0001736150006763637,0.15094947814941406,True
1585,157,43.545355191290476,0.00018056699991575442,0.15097999572753906,True
1586,43,9.456005503213241,0.00017211399972438812,0.1509265899658203,True
1587,80,23.033121741191028,0.00016956300169113092,0.1509418487548828,True
1588,155,11.817110543794021,0.0001668840013735462,0.1509265899658203,True
1589,41,12.453122091369389,0.00016932300059124827,0.1509265899658203,True
1590,80,13.856840317098722,0.00017538300016894937,0.1509418487548828,True
1591,158,12.486608211419348,0.00017476299763075076,0.15091896057128906,True
1592,34,16.956406704894903,0.00017627999841351993,0.1509265899658203,True
1593,20,38.97767171447929,0.0001796649994503241,0.15094947814941406,True
1594,194,9.5005586566308,0.00016755500109866261,0.15093421936035156,True
1595,96,37.54336815089843,0.00018359699970460497,0.1509571075439453,True
1596,76,19.192365903461653,0.00016976000188151374,0.1509418487548828,True
1597,104,7.246257606101093,0.00017225400006282143,0.15091896057128906,True
1598,22,41.93372106301313,0.00018929400175693445,0.1509723663330078,True
1599,193,46.634690918852975,0.00017609199858270586,0.15099525451660156,True
1600,159,27.249416559985267,0.00017597400074009784,0.15097999572753906,True
1601,140,7.127987239762983,0.00017729300088831224,0.1509265899658203,True
1602,8,18.931174370146127,0.000175015000422718,0.15093421936035156,True
1603,101,28.276144481595317,0.00018469899805495515,0.1509571075439453,True
1604,168,30.776350592097476,0.00019057600002270192,0.1509418487548828,True
1605,178,11.989052127237379,0.0001744759974826593,0.1509418487548828,True
1606,190,18.092778529559418,0.0004460199997993186,0.1509418487548828,True
1607,160,7.601241184620962,0.00016790699737612158,0.15093421936035156,True
1608,185,15.610068612808602,0.00018437300241203047,0.15091896057128906,True
1609,56,19.942186937295805,0.00017929299792740494,0.15094947814941406,True
1610,56,11.38536048222176,0.00016853499982971698,0.1509418487548828,True
1611,27,11.947891481926193,0.0002380480000283569,0.1509418487548828,True
1612,23,5.640137126970418,0.0001661120004428085,0.15091896057128906,True
1613,155,26.599967518917552,0.0001833790011005476,0.15094947814941406,True
1614,112,43.07567687249891,0.0002474489992891904,0.1510181427001953,True
1615,11,21.960856728847475,0.00017056499928003177,0.1509418487548828,True
1616,181,46.217680195011745,0.00017444200057070702,0.1510028839111328,False
1617,61,14.641481345520406,0.00017888400179799646,0.15093421936035156,True
1618,105,38.405408389985084,0.00018691600052989088,0.15097999572753906,True
1619,32,13.351892655511314,0.00016809899898362346,0.1509265899658203,True
1620,163,49.47388075830287,0.00017680499877315015,0.15094947814941406,True
1621,198,31.851172891177423,0.00017233700054930523,0.1509876251220703,True
1622,196,17.619621737781245,0.0001802769984351471,0.15094947814941406,True
1623,11,13.244182639748978,0.0001824430000851862,0.1509265899658203,True
1624,48,20.109727274780248,0.00017065000065485947,0.1509418487548828,True
1625,174,11.661410851188228,0.0001709969983494375,0.15091896057128906,True
1626,69,29.919512203792145,0.00017249700249521993,0.15096473693847656,True
1627,90,68.64350727188253,0.00018205000014859252,0.15102577209472656,False
1628,19,30.474592640741108,0.00017463699987274595,0.1509876251220703,True
1629,60,4.580999712534754,0.0001795329990272876,0.1509113311767578,True
1630,174,9.707325442317766,0.00017365899839205667,0.15093421936035156,True
1631,120,15.142267519497487,0.00017117599782068282,0.1509418487548828,True
1632,170,32.35879660036911,0.00017011000090860762,0.15094947814941406,True
1633,158,13.93481132462671,0.00017761300114216283,0.1509265899658203,True
1634,106,47.754301690477305,0.00017398699856130406,0.15099525451660156,True
1635,96,29.017713832597106,0.00017238399959751405,0.15096473693847656,True
1636,99,31.62242777652498,0.00017512900012661703,0.15093421936035156,True
1637,28,12.028204056355971,0.00016864200006239116,0.1509265899658203,True
1638,183,13.730104647710185,0.00016585999765084125,0.15093421936035156,True
1639,48,38.226513780421826,0.0001796930009732023,0.1509571075439453,True
1640,117,42.61708731287015,0.00018248999913339503,0.15097999572753906,True
1641,52,15.496490526106479,0.00017234000188182108,0.1509418487548828,True
1642,167,15.388350674024865,0.00017206600023200735,0.1509418487548828,True
1643,139,27.902190519768816,0.00017505999858258292,0.1509723663330078,True
1644,98,64.68467027946473,0.00017921399921760894,0.15099525451660156,True
1645,181,40.46817869893911,0.0001884359990071971,0.15099525451660156,False
1646,87,27.57549193949054,0.0001783600018825382,0.15097999572753906,True
1647,136,37.23869276370887,0.00017672900139587,0.15097999572753906,True
1648,137,12.85164631986476,0.0001738459977786988,0.15093421936035156,True
1649,137,13.999413883137581,0.00020972299898858182,0.15093421936035156,True
1650,73,21.4086134954778,0.00017513099737698212,0.15094947814941406,True
1651,53,20.46243102026993,0.0001764370026648976,0.1509418487548828,True
1652,24,9.149996703133075,0.00017341299826512113,0.15091896057128906,True
1653,48,22.786747560549337,0.00019021399930352345,0.15094947814941406,True
1654,72,17.678113329358652,0.00017140999989351258,0.15093421936035156,True
1655,87,16.976315604146443,0.00022839200028101914,0.15094947814941406,True
1656,76,21.5047363129552,0.00017079000099329278,0.15096473693847656,True
1657,190,32.861286476728914,0.00018173000353272073,0.15097999572753906,True
1658,169,23.27226152799208,0.00019001500186277553,0.15094947814941406,True
1659,132,29.72419427834688,0.0001739530016493518,0.1509723663330078,True
1660,37,16.554103684684,0.0001750289993651677,0.15093421936035156,True
1661,82,9.450532634240396,0.00016860500181792304,0.1509265899658203,True
1662,182,10.819160820887593,0.00016753400268498808,0.1509265899658203,True
1663,28,20.566315818934374,0.00017355500312987715,0.1509418487548828,True
1664,196,60.3383038832104,0.00017740900148055516,0.15101051330566406,True
1665,37,11.861754243106535,0.00016677399980835617,0.1509265899658203,True
1666,87,22.404932547466245,0.00017088900131057017,0.1509418487548828,True
1667,24,11.347623851857836,0.00018561199976829812,0.1509265899658203,True
1668,34,10.141177312443206,0.00017983999714488164,0.15091896057128906,True
1669,109,9.665075244833274,0.00016390699965995736,0.1509265899658203,True
1670,93,48.1161163975181,0.00018298199938726611,0.1510028839111328,True
1671,120,28.08052936055608,0.0001878850016510114,0.1509418487548828,True
1672,109,14.530102012130374,0.0001687539988779463,0.1509265899658203,True
1673,148,13.670922879848721,0.00018019699928117916,0.1509418487548828,True
1674,189,13.385337352581951,0.00018415100203128532,0.1509265899658203,True
1675,136,79.15672989293525,0.00018665800234884955,0.1510486602783203,True
1676,120,26.45255442243404,0.00016887099991436116,0.1509418487548828,True
1677,86,8.785014932959015,0.00016565899932174943,0.15091896057128906,True
1678,18,12.640162382859888,0.0001878240000223741,0.15093421936035156,True
1679,22,52.41532037720031,0.0001761130006343592,0.15097999572753906,True
1680,112,43.65886103048053,0.000180582999746548,0.15102577209472656,True
1681,24,14.256439790570942,0.00016861799667822197,0.1509418487548828,True
1682,158,16.07593661135867,0.00016867199883563444,0.1509265899658203,True
1683,103,27.321778411573742,0.00019303999943076633,0.1509571075439453,True
1684,114,17.299452367569124,0.00018783300038194284,0.15091896057128906,True
1685,165,52.450695652620134,0.0002903519998653792,0.1509723663330078,True
1686,24,17.641068271784405,0.00017724899953464046,0.15094947814941406,True
1687,120,27.205226649333618,0.00018863600053009577,0.15097999572753906,True
1688,40,19.582639574558353,0.0001739409999572672,0.1509418487548828,True
1689,155,32.40996529272336,0.00017055100033758208,0.15096473693847656,True
1690,137,52.53765002166948,0.00017356799799017608,0.1510028839111328,True
1691,69,20.592329669241927,0.00016996500198729336,0.15094947814941406,True
1692,86,29.879067265853028,0.00016824400154291652,0.1509418487548828,True
1693,164,23.933249898602583,0.00017283400302403606,0.15096473693847656,True
1694,79,29.031538046460113,0.00017831999866757542,0.1509418487548828,True
1695,183,9.588572340121118,0.00016912199862417765,0.15091896057128906,True
1696,170,26.278382259055952,0.00017272799959755503,0.1509418487548828,True
1697,97,28.782027855910847,0.00018225600069854409,0.1509571075439453,True
1698,185,10.146813906067806,0.0001692810001259204,0.15091896057128906,True
1699,113,14.026411183789074,0.0001807709995773621,0.15093421936035156,True
1700,35,23.327458383044252,0.00016834399866638705,0.1509265899658203,True
1701,172,15.590752814882988,0.00016674399739713408,0.15091896057128906,True
1702,121,21.534473218426957,0.00019885100118699484,0.15096473693847656,True
1703,178,12.44261693689852,0.00017614900207263418,0.15093421936035156,True
1704,168,17.390005879145026,0.00018339800226385705,0.1509265899658203,True
1705,179,15.273884922670964,0.00024067200138233602,0.15093421936035156,True
1706,136,54.86383683152391,0.0003338250025990419,0.1509876251220703,True
1707,29,42.23723514048283,0.00018258999989484437,0.15096473693847656,True
1708,17,16.078681691254264,0.0001694210004643537,0.15093421936035156,True
1709,102,16.943429359046622,0.00016940599743975326,0.15093421936035156,True
1710,120,16.68072589080159,0.00019133800014969893,0.1509418487548828,True
1711,189,9.00867130450574,0.00017367100008414127,0.1509265899658203,True
1712,76,35.89841634562238,0.00017265600035898387,0.15094947814941406,False
1713,87,23.01100414329565,0.00017328400281257927,0.1509571075439453,True
1714,144,20.342699044934207,0.00016715899982955307,0.15093421936035156,True
1715,103,42.232633418742694,0.0001981309978873469,0.15096473693847656,True
1716,157,19.78497695494582,0.00017361600112053566,0.1509418487548828,True
1717,155,28.876163991719007,0.00016971000150078908,0.15094947814941406,True
1718,71,66.11822654632097,0.00018861599892261438,0.1510334014892578,False
1719,170,33.61560190519814,0.00020438499996089377,0.15096473693847656,True
1720,53,14.393894299730828,0.00019148999854223803,0.15093421936035156,True
1721,41,14.090428631883196,0.00019234299907111563,0.1509265899658203,True
1722,174,11.143403997623665,0.00016698599938536063,0.1509265899658203,True
1723,53,14.723899406020468,0.0001669529992796015,0.15093421936035156,True
1724,28,14.155863625901222,0.00016622200200799853,0.15093421936035156,True
1725,71,26.486983131680265,0.00017243600086658262,0.1509418487548828,True
1726,103,18.349171268666982,0.00016804199913167395,0.1509418487548828,True
1727,146,46.68813137019569,0.0001857009992818348,0.15097999572753906,False
1728,121,17.666532711589436,0.00017768099860404618,0.15093421936035156,True
1729,46,6.723849754286761,0.00016753599993535317,0.1509265899658203,True
1730,37,18.19335855562062,0.00017308699898421764,0.15096473693847656,True
1731,165,32.63135746103703,0.0001810609974199906,0.1509571075439453,True
1732,29,20.701107889371233,0.00017455599663662724,0.15093421936035156,True
1733,70,5.914234871837167,0.0001677190011832863,0.15091896057128906,True
1734,79,39.78422304887035,0.00017962199854082428,0.15101051330566406,True
1735,55,12.165273059017414,0.0001674150007602293,0.1509265899658203,True
1736,144,14.555687129030813,0.00019000899919774383,0.15094947814941406,True
1737,105,31.350830688308417,0.00017650599693297409,0.1509571075439453,True
1738,30,6.083978195645431,0.00018366099902777933,0.15091896057128906,True
1739,186,29.92852951092642,0.00017498400120530277,0.15094947814941406,True
1740,116,12.241462001241361,0.00016777299970271997,0.15093421936035156,True
1741,199,53.67350982141057,0.00017777799803297967,0.1510181427001953,True
1742,15,27.272691310294594,0.00019093799710390158,0.1509723663330078,True
1743,77,14.387614013345733,0.00016831799803185277,0.15093421936035156,True
1744,65,15.34479399823514,0.00020481200044741854,0.15094947814941406,True
1745,5,20.630098232848667,0.00018644099691300653,0.15093421936035156,True
1746,90,70.85528722606459,0.0001772619980329182,0.1509876251220703,False
1747,32,20.682865544994566,0.00017256099818041548,0.1509418487548828,True
1748,155,34.798259270988126,0.00018504699983168393,0.1509571075439453,True
1749,175,28.355247023279397,0.00017349499830743298,0.15094947814941406,True
1750,104,15.697256044153459,0.00016873099957592785,0.1509418487548828,True
1751,43,55.49213420564458,0.0001965829978871625,0.15101051330566406,False
1752,53,18.803642598311225,0.00017693699919618666,0.1509418487548828,True
1753,137,11.330109611451386,0.0001701220026006922,0.15093421936035156,True
1754,50,39.858775985746234,0.00017657200078247115,0.15102577209472656,True
1755,53,18.410482118180195,0.00016976999904727563,0.1509418487548828,True
1756,139,22.561119977250478,0.00017309900067630224,0.1509571075439453,True
1757,12,17.513750957036013,0.00017049199959728867,0.1509418487548828,True
1758,55,11.292278966949098,0.0001700389984762296,0.1509571075439453,True
1759,185,22.62318967288556,0.00017296700025326572,0.1509418487548828,True
1760,37,24.249033781336852,0.00018028799968305975,0.15093421936035156,True
1761,23,10.0842401145436,0.00019612599862739444,0.15091896057128906,True
1762,58,39.20043952327816,0.00017357799879391678,0.1510028839111328,True
1763,169,5.81983400791742,0.00020839400167460553,0.1509265899658203,True
1764,20,45.577902999094874,0.00017683700207271613,0.15096473693847656,True
1765,83,28.8774616214826,0.00017793900042306632,0.1509723663330078,True
1766,19,28.86365878260295,0.0001729399991745595,0.1509418487548828,True
1767,190,16.95883896104312,0.00018372499835095368,0.1509265899658203,True
1768,54,22.134007296774712,0.0001979100015887525,0.15096473693847656,True
1769,27,29.193078900313168,0.00017311999908997677,0.1509723663330078,True
1770,28,11.637431461808127,0.00016970800061244518,0.15091896057128906,True
1771,48,13.415260277250662,0.00017883300097309984,0.1509265899658203,True
1772,69,17.61882179231579,0.00017072500122594647,0.1509418487548828,True
1773,158,65.79887494416927,0.00019243600036134012,0.15104103088378906,True
1774,127,8.82731221081046,0.00017065100109903142,0.1509265899658203,True
1775,53,11.798283274934107,0.00017999400006374344,0.15091896057128906,True
1776,169,9.898702111011684,0.00016579300063312985,0.1509265899658203,True
1777,157,28.769648700621005,0.00019676499869092368,0.1509571075439453,True
1778,143,47.20815163664825,0.00017349399786326103,0.1509723663330078,True
1779,102,16.127315524853028,0.00018126699796994217,0.1509418487548828,True
1780,134,22.335249211461758,0.000183141997695202,0.15094947814941406,True
1781,24,8.758475151783202,0.0001809290006349329,0.15091896057128906,True
1782,53,15.19076729249038,0.00016761100050644018,0.1509418487548828,True
1783,82,14.150495869908305,0.00021246500182314776,0.15093421936035156,True
1784,101,87.43248812182874,0.00019762399824685417,0.1510334014892578,False
1785,142,52.98244679934285,0.00020667599892476574,0.15102577209472656,True
1786,149,21.324812334806076,0.00017188600031659007,0.15094947814941406,True
1787,80,12.04744815354783,0.0001641790004214272,0.15091896057128906,True
1788,149,43.024752364692134,0.0001852649984357413,0.15097999572753906,True
1789,83,35.685103831200195,0.0001697490006336011,0.15096473693847656,True
1790,96,33.71313933369392,0.0001723990026221145,0.15096473693847656,True
1791,85,26.359925697795294,0.00018341599934501573,0.1509571075439453,True
1792,28,9.589732175872005,0.0001742589993227739,0.15091896057128906,True
1793,35,32.015689853246286,0.0001959510009328369,0.15096473693847656,True
1794,56,21.817150389670026,0.0001679050001257565,0.15093421936035156,True
1795,196,12.064049515439933,0.00017566399765200913,0.1509418487548828,True
1796,53,18.405202196052198,0.0001686649993644096,0.15094947814941406,True
1797,76,22.528853227570735,0.00017443199976696633,0.1509571075439453,True
1798,78,19.17744753217907,0.0001674859995546285,0.15093421936035156,True
1799,122,40.525884443248124,0.00017448899961891584,0.1509723663330078,True
1800,31,44.22228951155025,0.00017450299856136553,0.1509876251220703,True
1801,155,28.9282358317646,0.00017432099775760435,0.15096473693847656,True
1802,19,34.249319663945315,0.00017225200281245634,0.15099525451660156,True
1803,147,32.884282323701406,0.00017773099898477085,0.15097999572753906,True
1804,148,23.108768561148153,0.00017638400095165707,0.1509571075439453,True
1805,185,11.942989812009488,0.0001687479998508934,0.1509265899658203,True
1806,102,14.193769210612194,0.00016901200069696642,0.1509265899658203,True
1807,117,55.86522557963738,0.00017775800006347708,0.1509571075439453,True
1808,15,12.234748366677065,0.0001778739970177412,0.1509265899658203,True
1809,16,33.66879153540164,0.00017279299936490133,0.1509723663330078,True
1810,117,63.81155195306408,0.00018474299940862693,0.1510181427001953,True
1811,149,32.08022339599638,0.00017957299860427156,0.15094947814941406,True
1812,168,14.087758530141393,0.0001722919987514615,0.15094947814941406,True
1813,109,4.859238940304811,0.00045060599950375035,0.15091896057128906,True
1814,171,13.839958872063368,0.00016660799883538857,0.1509265899658203,True
1815,22,43.93070763199689,0.00017561500135343522,0.1509723663330078,True
1816,56,41.73418190471535,0.00017884499902720563,0.15102577209472656,False
1817,2,31.69314076765524,0.000177190999238519,0.15097999572753906,True
1818,144,8.15251656160622,0.00016754099851823412,0.15091896057128906,True
1819,190,22.212688656099715,0.0001721359985822346,0.15093421936035156,True
1820,15,14.3862966514593,0.0001984980008273851,0.1509265899658203,True
1821,182,17.48547340373716,0.00021767400176031515,0.15094947814941406,True
1822,27,22.239297429840914,0.00018544300110079348,0.15094947814941406,True
1823,69,35.87338523581262,0.0001964779985428322,0.1509723663330078,True
1824,107,6.607118067345617,0.00016773000243119895,0.1509265899658203,True
1825,185,18.444879320389216,0.0001701479995972477,0.1509418487548828,True
1826,159,37.48597543212238,0.00017956100055016577,0.1509571075439453,True
1827,58,36.155836957706036,0.00018287199782207608,0.1509723663330078,True
1828,37,38.985673204197596,0.00018700500004342757,0.15099525451660156,False
1829,114,25.093610322334165,0.00017342499995720573,0.15093421936035156,True
1830,135,17.584233740522805,0.00016892300118342973,0.1509265899658203,True
1831,136,43.63147273106963,0.00017442700118408538,0.15097999572753906,True
1832,108,17.674110354195424,0.00018094099868903868,0.1509265899658203,True
1833,189,5.086020904268742,0.00016759999925852753,0.1509113311767578,True
1834,150,68.42467413666486,0.00017373099763062783,0.15099525451660156,False
1835,149,51.810698743569475,0.00017590399875189178,0.1509876251220703,False
1836,174,26.70231387149338,0.00019028899987461045,0.15094947814941406,True
1837,180,23.71900421202286,0.00018128499868907966,0.15094947814941406,True
1838,63,5.688103306183897,0.0001674369996180758,0.1509113311767578,True
1839,126,67.06657874122114,0.00017617099729250185,0.15099525451660156,True
1840,153,35.787235999973305,0.00017057899822248146,0.15097999572753906,True
1841,163,39.40226511637262,0.00017165100143756717,0.1509571075439453,True
1842,112,41.14980596330506,0.00017494100029580295,0.15099525451660156,True
1843,132,27.290263430785398,0.00017702200057101436,0.1509571075439453,True
1844,196,29.805159215750955,0.0001920079994306434,0.1509723663330078,True
1845,56,14.912150037140565,0.0001756490019033663,0.15093421936035156,True
1846,76,16.73142951882555,0.00018351700055063702,0.15094947814941406,True
1847,89,21.787816296372817,0.00017135500092990696,0.15094947814941406,True
1848,5,25.884875951468125,0.00018050699873128906,0.15094947814941406,True
1849,27,28.829624509192957,0.00020872500317636877,0.15096473693847656,True
1850,133,105.09687982598247,0.00019072799841524102,0.15105628967285156,False
1851,169,12.260701876346007,0.00018206800086773,0.15093421936035156,True
1852,80,11.233797561602076,0.00017538300016894937,0.1509265899658203,True
1853,133,15.84553439369091,0.00017452800238970667,0.15093421936035156,True
1854,15,18.30605350960785,0.0001868979998107534,0.1509418487548828,True
1855,198,48.78951613560135,0.0001818650016502943,0.1510028839111328,True
1856,193,43.94987785343666,0.00017708299856167287,0.1509723663330078,True
1857,170,46.18549214281928,0.00018529399676481262,0.15099525451660156,True
1858,174,29.170702715705527,0.0001740970001264941,0.15093421936035156,False
1859,80,34.94701672950521,0.00017861800006357953,0.15094947814941406,False
1860,162,2.311148265655039,0.00016723199951229617,0.1509113311767578,True
1861,75,7.492421679048739,0.00016579699877183884,0.1509265899658203,True
1862,186,38.81516292054492,0.00017516600200906396,0.1510181427001953,False
1863,156,11.714472728970648,0.00016947200128925033,0.15091896057128906,True
1864,24,9.916483549426964,0.00016899500042200089,0.1509265899658203,True
1865,72,33.203302652047896,0.00018296700000064448,0.15096473693847656,True
1866,176,6.22757438832842,0.00017522300186101347,0.1509265899658203,True
1867,103,33.94336107643406,0.0001749479997670278,0.15097999572753906,True
1868,121,14.464789013894286,0.00016667300224071369,0.15093421936035156,True
1869,168,5.995745049695338,0.00021171499975025654,0.15091896057128906,True
1870,85,15.963569448155774,0.000175240002135979,0.1509418487548828,True
1871,15,23.826042560042584,0.00017545900118420832,0.15093421936035156,True
1872,162,25.097063776631245,0.00017067400040104985,0.1509418487548828,True
1873,112,45.880576796909104,0.00018184800137532875,0.1509723663330078,True
1874,0,26.945118804039843,0.0001879090013972018,0.1510486602783203,True
1875,54,12.469172012705123,0.0001747880014590919,0.15091896057128906,True
1876,136,76.36127058941247,0.0001764170010574162,0.1510181427001953,True
1877,63,6.3898265630865385,0.00017019199731294066,0.15091896057128906,True
1878,189,12.173100369570228,0.00017738599854055792,0.1509265899658203,True
1879,113,14.919865017525439,0.0001964450020750519,0.15094947814941406,True
1880,0,58.5526247245318,0.00018949200239148922,0.1510791778564453,False
1881,114,31.605859332287885,0.0002457510017848108,0.15097999572753906,True
1882,19,12.989953076526952,0.00017107700114138424,0.15091896057128906,True
1883,152,25.5766316841366,0.000180353999894578,0.1509571075439453,True
1884,70,18.31374287003763,0.00017131699860328808,0.15094947814941406,True
1885,86,10.701017918682954,0.00016831899847602472,0.15091896057128906,True
1886,139,36.560551419480845,0.00017350200141663663,0.15097999572753906,True
1887,130,34.68350135174567,0.00017413199748261832,0.15096473693847656,True
1888,53,17.72465469246055,0.0001720039981591981,0.1509418487548828,True
1889,87,12.60756936971984,0.0001694450002105441,0.1509418487548828,True
1890,136,54.03693173676922,0.00018452000222168863,0.1509876251220703,True
1891,176,10.304680754299534,0.00016784000035841018,0.1509265899658203,True
1892,97,16.130300231740666,0.00016752800001995638,0.15093421936035156,True
1893,108,14.066712693238244,0.00017477100118412636,0.15093421936035156,True
1894,66,20.73483036441342,0.00018256700059282593,0.1509418487548828,True
1895,54,30.03260472423632,0.00017657599892118014,0.15097999572753906,True
1896,69,24.622950228372545,0.00016941300054895692,0.15094947814941406,True
1897,79,13.540008193585141,0.00016680400221957825,0.15091896057128906,True
1898,115,35.82925611599148,0.00017156100147985853,0.1509571075439453,True
1899,68,18.764807339708298,0.00017355900126858614,0.15093421936035156,True
1900,23,13.983756410400375,0.0001771040006133262,0.15093421936035156,True
1901,48,38.226513780421826,0.00018174499928136356,0.1509571075439453,True
1902,16,18.51393259294697,0.00017820100038079545,0.15094947814941406,True
1903,80,10.606664445198753,0.00017785700038075447,0.1509265899658203,True
1904,17,15.235264199270542,0.0001678280023043044,0.15093421936035156,True
1905,172,13.861185808752492,0.00029505000202334486,0.1509265899658203,True
1906,113,10.977188762727664,0.00018226899919682182,0.15093421936035156,True
1907,137,25.765212847794576,0.0001716779988782946,0.1509418487548828,True
1908,163,59.292011302497414,0.00018683599773794413,0.15097999572753906,True
1909,171,15.155613662965058,0.00016614800188108347,0.1509265899658203,True
1910,155,14.849848968499424,0.00017908199879457243,0.15093421936035156,True
1911,20,8.458298533329547,0.00016620300084468909,0.15091896057128906,True
1912,78,22.314225340509918,0.00016953299927990884,0.1509418487548828,True
1913,126,45.9139880619227,0.0001705879985820502,0.15096473693847656,True
1914,111,36.64054147099965,0.00017945999934454449,0.15099525451660156,False
1915,38,23.0290454277771,0.0001794359995983541,0.15094947814941406,True
1916,178,14.926710501422502,0.00020340800256235525,0.1509418487548828,True
1917,27,12.940867446256988,0.00016830899767228402,0.1509418487548828,True
1918,189,14.271893563728801,0.0001776690005499404,0.1509418487548828,True
1919,56,16.269292852474827,0.00017029499940690584,0.15094947814941406,True
1920,114,7.515666598844247,0.0001658549990679603,0.15091896057128906,True
1921,174,12.326324531584634,0.0001705289978417568,0.1509265899658203,True
1922,189,19.426054663954904,0.00018368399832979776,0.1509571075439453,True
1923,56,11.453831424321297,0.0001674980012467131,0.1509265899658203,True
1924,174,2.7120101596122184,0.0001671069985604845,0.1509113311767578,True
1925,24,25.992284327194824,0.0001810489993658848,0.15094947814941406,True
1926,37,20.868865335132277,0.0001692100013315212,0.1509418487548828,True
1927,180,20.154245217789132,0.00017205199765157886,0.1509265899658203,True
1928,126,21.916275705371877,0.0001766519999364391,0.1509265899658203,True
1929,147,57.854666071806435,0.000179670998477377,0.15102577209472656,True
1930,139,11.860968560017401,0.00016567200145800598,0.15091896057128906,True
1931,176,9.26961899732099,0.00017847300114226528,0.1509418487548828,True
1932,124,13.379158254310532,0.00016972999947029166,0.15094947814941406,True
1933,96,45.32912737216766,0.000181917999725556,0.1509723663330078,True
1934,60,6.501233471263702,0.0001658529981796164,0.1509113311767578,True
1935,71,39.78992987913826,0.0001761800012900494,0.15097999572753906,True
1936,160,13.209231667815025,0.0001825219987949822,0.1509418487548828,True
1937,121,17.75722158761018,0.0001700549983070232,0.1509418487548828,True
1938,27,25.07703155192459,0.00018663800074136816,0.1509571075439453,True
1939,196,17.21184630445354,0.00018297600036021322,0.15094947814941406,True
1940,20,34.898190162752265,0.00023189999774331227,0.15094947814941406,True
1941,152,30.25014009135111,0.0001756979982019402,0.1509876251220703,True
1942,159,75.83851516430917,0.0001953899991349317,0.1510486602783203,True
1943,28,13.536947402843706,0.00019045899898628704,0.15093421936035156,True
1944,56,13.47084391006194,0.0001739429972076323,0.15093421936035156,True
1945,63,14.697762097281,0.00018188099784310907,0.15094947814941406,True
1946,19,30.749774662314323,0.00017481199756730348,0.1509723663330078,True
1947,80,11.20891130827048,0.00028315499730524607,0.1509265899658203,True
1948,136,50.80361257355166,0.00017330799892079085,0.1509876251220703,True
1949,189,17.02047013463856,0.00016846699872985482,0.1509265899658203,True
1950,144,16.257171344514827,0.0001834089998737909,0.15093421936035156,True
1951,180,19.725222222709462,0.00017007999849738553,0.15093421936035156,True
1952,116,21.56370928604268,0.00018109200027538463,0.15094947814941406,True
1953,63,13.238681458792726,0.00017875600315164775,0.1509265899658203,True
1954,81,40.845936413878505,0.00018730800002231263,0.15094947814941406,True
1955,136,83.64117751238322,0.00017932300033862703,0.1510334014892578,True
1956,113,21.72947629850147,0.00017181200018967502,0.1509723663330078,True
1957,65,19.593074118725028,0.0001753899996401742,0.1509265899658203,True
1958,52,33.390655702619526,0.00018041300063487142,0.15094947814941406,True
1959,24,6.578913871390045,0.00017949800167116337,0.15091896057128906,True
1960,62,34.48005643173981,0.0001855810005508829,0.15097999572753906,True
1961,41,8.118522105753927,0.0001673400001891423,0.1509265899658203,True
1962,27,4.7064857065374275,0.00017909000234794803,0.15091896057128906,True
1963,56,12.96508089770262,0.00016747300105635077,0.15093421936035156,True
1964,87,22.54846579271962,0.00018311099847778678,0.1509418487548828,True
1965,114,14.986976644133838,0.00016873899949132465,0.15093421936035156,True
1966,144,15.212026899891118,0.000168531001691008,0.15093421936035156,True
1967,104,11.771639950569885,0.00018869699852075428,0.1509265899658203,True
1968,178,17.56292086317201,0.00019614700067904778,0.15094947814941406,True
1969,128,15.653819708903024,0.00016855799913173541,0.15093421936035156,True
1970,195,32.02421381104721,0.00019573999816202559,0.15096473693847656,True
1971,56,26.86498798745871,0.00016977600171230733,0.15094947814941406,True
1972,32,11.317018632394355,0.0001831439985835459,0.15091896057128906,True
1973,135,16.896865150745626,0.00018165100118494593,0.1509418487548828,True
1974,169,12.836104015136016,0.00019886399968527257,0.15093421936035156,True
1975,113,18.552540841623433,0.00017384000238962471,0.15094947814941406,True
1976,53,14.373358472606094,0.00017022599786287174,0.15093421936035156,True
1977,20,56.79202345945335,0.0002230849968327675,0.15099525451660156,True
1978,112,31.227118201606523,0.00019676500232890248,0.1509876251220703,True
1979,12,17.48015839250716,0.00017251199824386276,0.15094947814941406,True
1980,184,47.136333586325705,0.00017411400040145963,0.15099525451660156,True
1981,148,18.11159302350127,0.00017670500164967962,0.1509418487548828,True
1982,0,2.975608249067432,0.00016872299966053106,0.15099525451660156,True
1983,165,53.73769174596283,0.0001804490020731464,0.1510181427001953,True
1984,20,22.832028962864314,0.00017408199710189365,0.1509418487548828,True
1985,114,19.928762029971647,0.00016567900092923082,0.15093421936035156,True
1986,62,23.765939757211083,0.00019033799981116317,0.15094947814941406,True
1987,82,68.34565546447779,0.0001965509982255753,0.1510181427001953,False
1988,89,23.90116726583844,0.00017256299906875938,0.1509571075439453,True
1989,50,57.39114840210771,0.0001787389992387034,0.15099525451660156,True
1990,53,15.318547389918894,0.00017292299889959395,0.15093421936035156,True
1991,29,56.268079353256695,0.0002009799973166082,0.1510486602783203,True
1992,194,15.72548092576105,0.0001763560030667577,0.15096473693847656,True
1993,38,55.419997644678766,0.00019932700161007233,0.1510181427001953,True
1994,130,36.03216291445713,0.00019451600019237958,0.15094947814941406,True
1995,155,25.01871860782983,0.00017412099987268448,0.15094947814941406,True
1996,157,14.226683002024753,0.00017440399824408814,0.15093421936035156,True
1997,102,19.731410703172088,0.00019034800061490387,0.1509418487548828,True
1998,198,64.17185468904135,0.00018762099716695957,0.1510028839111328,True
1999,135,16.673176748796433,0.0001714509999146685,0.15093421936035156,True
2000,155,57.399223921906,0.00017903600019053556,0.1510334014892578,False
2001,15,18.8567977164306,0.00017332800052827224,0.1509571075439453,True
2002,98,63.45028427414869,0.00017688400112092495,0.1510028839111328,True
2003,87,19.333155080779807,0.00018305599951418117,0.15093421936035156,True
2004,139,22.798158299410154,0.0001765670021995902,0.1509571075439453,True
2005,193,21.701573092177984,0.00017991099957725964,0.15093421936035156,True
2006,70,60.35253167574089,0.00017722899792715907,0.15102577209472656,True
2007,120,9.835442857449655,0.00016781700105639175,0.15091896057128906,True
2008,19,22.110201089705086,0.0001712199991743546,0.15094947814941406,True
2009,193,46.28381933850241,0.00019019600222236477,0.15102577209472656,True
2010,181,51.47607784375813,0.0001917059998959303,0.15104103088378906,False
2011,2,23.205072314269763,0.00017290300093009137,0.1509571075439453,True
2012,179,20.954118249616318,0.0001727720009512268,0.15094947814941406,True
2013,18,21.040545081911628,0.00016847699953359552,0.15093421936035156,True
2014,173,17.32984506643363,0.00026608400003169663,0.1509418487548828,True
2015,178,16.02918616946866,0.0001696090002951678,0.1509418487548828,True
2016,56,11.261720119037653,0.00018247800107928924,0.15093421936035156,True
2017,121,23.0787447463381,0.00017165600002044812,0.15094947814941406,True
2018,103,25.27870783026325,0.00017962800120585598,0.15096473693847656,True
2019,96,31.698845023577725,0.00017630000002100132,0.15096473693847656,True
2020,5,3.4717040588683523,0.0001689870005066041,0.15093421936035156,True
2021,103,31.114856222188568,0.0001781839964678511,0.1509723663330078,False
2022,5,30.566882059781552,0.00017907200162881054,0.1509876251220703,True
2023,24,11.3897612144193,0.00017472200124757364,0.15091896057128906,True
2024,73,19.722685865905575,0.000188287998753367,0.15094947814941406,True
2025,190,14.601858210511557,0.00017099799879360944,0.15093421936035156,True
2026,94,38.84375364706931,0.0001787569999578409,0.15097999572753906,True
2027,198,67.23243874787431,0.0001772479990904685,0.1510181427001953,True
2028,192,40.51444604376234,0.00017226399722858332,0.15096473693847656,True
2029,191,34.01184537589272,0.000175548000697745,0.1509876251220703,True
2030,63,5.17187841139335,0.00016627899822196923,0.1509113311767578,True
2031,190,17.054339538847714,0.00017087599917431362,0.1509265899658203,True
2032,1,22.408344478475787,0.0001733919998514466,0.15093421936035156,True
2033,180,37.27419033820281,0.00017085099898395129,0.15096473693847656,False
2034,37,14.154863552019716,0.00017155900059151463,0.15093421936035156,True
2035,174,12.470098362883622,0.00018387799718766473,0.15093421936035156,True
2036,69,21.63832065429231,0.00020402000154717825,0.15096473693847656,True
2037,137,16.13624780566859,0.0001671330028329976,0.15093421936035156,True
2038,76,15.092434161211575,0.0001732989985612221,0.15094947814941406,True
2039,155,23.70586595874284,0.00018048800120595843,0.1509418487548828,True
2040,11,14.714102637182046,0.0001792859984561801,0.1509265899658203,True
2041,180,23.98945578657718,0.00016721499923733063,0.15093421936035156,True
2042,6,22.07176100814771,0.00016976999904727563,0.15094947814941406,True
2043,76,18.52875456932334,0.0001734469988150522,0.15094947814941406,True
2044,158,38.141922422632334,0.00017327300156466663,0.1509571075439453,True
2045,37,26.693968825642827,0.00018305299818166532,0.1509571075439453,True
2046,76,14.17638814329988,0.00016821799727040343,0.15093421936035156,True
2047,183,12.903240972970654,0.00017715799913275987,0.1509418487548828,True
2048,69,24.51624748788518,0.00017251199824386276,0.1509571075439453,True
2049,122,14.161668591422302,0.00018213300063507631,0.1509265899658203,True
