Test Index,Train Index,Score,Computing Time (s),Space Usage (MB),Same Class
0,170,14.13330467234417,0.00015680700016673654,0.1724557876586914,True
2,184,3.1606916288544125,0.00013859600221621804,0.17249393463134766,True
4,209,3.4371208789514665,0.00013586700151790865,0.1724405288696289,True
5,97,3.6482892443914654,0.00014079800166655332,0.1723794937133789,True
7,263,3.129730518776379,0.00013328999921213835,0.1725015640258789,True
9,102,4.973404014868912,0.0001382080008625053,0.17263126373291016,True
11,158,4.016699115334132,0.00014158700287225656,0.1725168228149414,True
12,106,5.338829415380271,0.00014588200065190904,0.17246341705322266,True
16,135,1.4182296304024289,0.00012773600246873684,0.17240238189697266,True
18,155,1.882170883958399,0.00012318500012042932,0.1723337173461914,True
19,72,1.7138307311405347,0.0001277109986403957,0.17228031158447266,True
20,14,3.710138232118538,0.00013206800213083625,0.17246341705322266,True
21,69,3.343757681771911,0.00013699999908567406,0.17250919342041016,True
22,24,2.0438413866524194,0.00013382899851421826,0.1723337173461914,True
24,69,2.033048308790452,0.00012836700261686929,0.17241764068603516,True
25,99,5.95723910291178,0.00013920399942435324,0.17247867584228516,True
27,233,12.873291050219098,0.00013667399980477057,0.17252445220947266,True
33,107,2.679776832330456,0.00013558600039687008,0.1724710464477539,True
34,32,1.9247904837904881,0.00012686500122072175,0.1723794937133789,True
35,242,3.241889441737498,0.0001251480025530327,0.17237186431884766,True
36,37,1.9074285911145081,0.00014185799955157563,0.17240238189697266,True
37,37,2.16836089957054,0.00015159999747993425,0.1724557876586914,True
38,161,2.2173926395505004,0.00012861600043834187,0.17238712310791016,True
43,200,2.4345719988502976,0.00013059100092505105,0.17249393463134766,True
44,43,3.7160569600904156,0.0001239080011146143,0.1723642349243164,True
45,24,1.5404621264997285,0.00013422800111584365,0.17240238189697266,True
46,114,13.708664493330788,0.0001521300000604242,0.1725473403930664,True
47,33,18.153103632162686,0.00013562199819716625,0.1725473403930664,True
48,289,2.4860279810304866,0.00014372499936143868,0.1724252700805664,True
49,80,1.9117165134714824,0.00012820700067095459,0.1724100112915039,True
50,230,1.7514269888392953,0.00012712000170722604,0.1723337173461914,True
51,206,1.408563960309338,0.00012790500113624148,0.1724252700805664,True
52,159,2.5316951147891107,0.00013073100126348436,0.1724557876586914,True
56,103,2.2498434054327237,0.00013584699991042726,0.1724100112915039,True
57,239,1.4904426109081055,0.00012661399887292646,0.17240238189697266,True
60,15,1.467554614631986,0.00015018100020824932,0.1724710464477539,True
61,17,1.3563528565460357,0.00012645099923247471,0.17235660552978516,True
64,149,2.026398991971348,0.00013391999891609885,0.1723489761352539,True
67,103,2.7512289143914455,0.00012969400268048048,0.17243289947509766,True
68,227,5.458594955065758,0.00014370600183610804,0.1725625991821289,True
71,275,2.374026370755741,0.00012845300079789013,0.17238712310791016,True
73,144,2.225791214703777,0.00013247099923319183,0.1725168228149414,True
75,15,2.3172836715380356,0.00013124100223649293,0.1724557876586914,True
76,112,1.9615951359112134,0.0001330640006926842,0.17246341705322266,True
85,190,2.232799310522658,0.00012899099965579808,0.17243289947509766,True
86,194,12.799348551160778,0.00012980699830222875,0.1724405288696289,True
90,159,3.747391516930435,0.0001295609981752932,0.1724557876586914,True
93,104,17.176809613053745,0.00013989500075695105,0.17266178131103516,True
94,230,0.8853130810156365,0.00012680999861913733,0.17237186431884766,True
95,159,3.9696437822158974,0.00013077699986752123,0.1724863052368164,True
98,257,4.623193892927241,0.00012971999967703596,0.17247867584228516,True
99,5,3.4181137054849424,0.00013822599794366397,0.17243289947509766,True
100,140,2.3047833007584346,0.00012997299927519634,0.17241764068603516,True
103,107,4.010167330881487,0.0001245179992110934,0.17237186431884766,True
104,102,2.850446201698054,0.00020049199883942492,0.1724863052368164,True
105,46,0.7739009609120301,0.00013319900244823657,0.17234134674072266,True
108,107,3.3263109271576274,0.0001301160009461455,0.17243289947509766,True
111,77,6.589077798233021,0.00014156600082060322,0.17261600494384766,True
112,161,1.6705687335110657,0.00013153100007912144,0.1724710464477539,True
115,7,2.4591673624904242,0.00012995900033274665,0.17244815826416016,True
117,46,2.2397061844299646,0.00014330699923448265,0.1724405288696289,True
118,46,1.1525463868693109,0.00012917099957121536,0.1723947525024414,True
123,161,2.1873128476126387,0.00012698399950750172,0.1724252700805664,True
125,88,3.6781165565264686,0.00012536799840745516,0.17237186431884766,True
126,147,3.1264447787705594,0.00014386800103238784,0.1724405288696289,True
130,231,0.8946975217374873,0.00018473399904905818,0.1723794937133789,True
131,200,1.4405912032077295,0.00012707999849226326,0.1724100112915039,True
132,245,2.5497228461448205,0.00013001999832340516,0.1723642349243164,True
133,140,2.4165633750322133,0.00013773500177194364,0.1724710464477539,True
136,80,1.6722668794052629,0.0001347659999737516,0.1725320816040039,True
137,200,1.5661681805317567,0.00013594200208899565,0.17241764068603516,True
143,66,2.036308678968722,0.0001233020011568442,0.17237186431884766,True
145,200,1.889742325485066,0.00014478600132861175,0.1723947525024414,True
146,43,6.018991722043175,0.00013435299842967652,0.17255496978759766,True
148,134,1.6243415171132904,0.00012814000001526438,0.17238712310791016,True
150,147,2.533629478705771,0.0001293440000154078,0.1724252700805664,True
152,69,3.396163148006979,0.00013984199904371053,0.17246341705322266,True
153,258,6.106032426893285,0.00013296399993123487,0.1725015640258789,True
154,5,1.7657751559866903,0.00013363600010052323,0.1724405288696289,True
156,70,1.67323000285557,0.0001320409974141512,0.1724863052368164,True
157,14,2.0878217024250536,0.0001269490021513775,0.1723947525024414,True
160,118,1.9665283613623608,0.0001394099999743048,0.1724557876586914,True
170,285,2.180554554826883,0.00013116999980411492,0.1724557876586914,True
173,228,2.112848762427945,0.00013137100177118555,0.17234134674072266,True
174,200,4.61830531922674,0.00014179799836711027,0.1724252700805664,True
175,253,0.952862606385904,0.00013171999671612866,0.1725015640258789,True
176,37,3.676350756434034,0.00013152300016372465,0.17247867584228516,True
182,112,2.9773226839740663,0.00013119100185576826,0.17243289947509766,True
184,3,1.5401830594980206,0.00013222800043877214,0.1723794937133789,True
185,17,1.7241993895841854,0.0001328510006715078,0.1724405288696289,True
186,34,2.4718705408595434,0.00013015900185564533,0.17241764068603516,True
189,190,1.3029892374408816,0.00012725200213026255,0.17235660552978516,True
190,158,3.026819019833934,0.0001356209977529943,0.17238712310791016,True
192,7,1.8654195802781626,0.00012573799904203042,0.1723489761352539,True
193,17,2.5941642125850133,0.0001276379989576526,0.17241764068603516,True
194,26,2.040951925840384,0.00013552000018535182,0.17238712310791016,True
197,122,1.389542987751579,0.0001263370031665545,0.17235660552978516,True
198,273,1.8622965179426028,0.00013469199984683655,0.17249393463134766,True
201,14,2.279120283786173,0.00014095699953031726,0.17247867584228516,True
202,5,4.007803614986361,0.000125220998597797,0.1723947525024414,True
203,5,6.731282848856605,0.00013549000141210854,0.1725320816040039,True
204,95,4.234748027399559,0.00013785099872620776,0.17250919342041016,True
209,130,3.432813705112681,0.00013162899995222688,0.17238712310791016,True
210,99,21.701153324782844,0.0001419139989593532,0.17264652252197266,True
211,24,2.1173089814719943,0.0001269570020667743,0.1723031997680664,True
212,242,2.8939702135418317,0.00013432099876808934,0.1724252700805664,True
221,272,5.680111965532221,0.0001740080006129574,0.17241764068603516,True
224,14,0.6699527391388079,0.00014126800306257792,0.1724405288696289,True
225,147,4.991530201394978,0.00013063699952908792,0.1724252700805664,True
226,257,3.3125523087028004,0.00013009900067117997,0.1724252700805664,True
227,99,9.872639433290294,0.00013210600081947632,0.1724557876586914,True
230,161,3.288115855533967,0.00013230100012151524,0.17249393463134766,True
231,227,3.3764606134398294,0.00013019000107306056,0.1723642349243164,True
233,14,1.9264457057239839,0.00012978500308236107,0.1723947525024414,True
234,273,1.6547980115045042,0.000127658000565134,0.17234134674072266,True
235,5,3.154605083073491,0.00013530000069295056,0.1724863052368164,True
236,71,2.8050758936945726,0.0001346060016658157,0.1725015640258789,True
237,117,3.2398733442642067,0.00014494199785985984,0.17240238189697266,True
238,122,4.235007586458395,0.0001577299990458414,0.1725320816040039,True
239,60,2.6754915940795723,0.0001353839979856275,0.17247867584228516,True
240,1,6.1998665450463735,0.00014041400208952837,0.1725778579711914,True
241,48,2.7302398596942155,0.00016719300037948415,0.17247867584228516,True
246,66,2.7939480361589673,0.00013457600289257243,0.1724863052368164,True
247,230,1.4717298846345035,0.0001467319998482708,0.1724100112915039,True
248,200,1.4088410443345178,0.00015071500092744827,0.1724100112915039,True
250,112,3.422750015426449,0.00013876800221623853,0.17250919342041016,True
251,85,4.226620397528502,0.00013045800005784258,0.17246341705322266,True
252,275,6.540514755170383,0.00014174899843055755,0.1725778579711914,True
253,248,3.011035554204895,0.00013078199845040217,0.17246341705322266,True
257,121,6.841795588432749,0.00013186700016376562,0.1724710464477539,True
259,107,5.056137243862029,0.00014048500088392757,0.1724710464477539,True
266,131,2.1083995670137154,0.00012748299923259765,0.1724252700805664,True
271,102,4.969186530352999,0.0001281609984289389,0.17235660552978516,True
273,232,1.9486243966746057,0.00012566499935928732,0.1723642349243164,True
275,17,1.4224901169735351,0.00012357199739199132,0.17235660552978516,True
276,178,2.328325060017347,0.00013798199870507233,0.17241764068603516,True
279,218,3.3864808590253035,0.00014468900189967826,0.1725625991821289,True
281,242,1.5972653101222323,0.0001412029996572528,0.17237186431884766,True
283,106,6.082905721273729,0.0001385670002491679,0.17253971099853516,True
285,273,1.3865146129078,0.00013192599726608023,0.1724100112915039,True
286,5,1.3269488183682163,0.00013782299720332958,0.17231082916259766,True
292,178,2.172412792045884,0.00013951899745734408,0.17250919342041016,True
294,118,2.3705175900643454,0.0001288640014536213,0.1724100112915039,True
295,203,2.1011469938941234,0.00012883999806945212,0.17237186431884766,True
298,97,2.470489786313275,0.0001354080013697967,0.17240238189697266,True
299,34,2.618025143201117,0.00014715900033479556,0.1724405288696289,True
300,257,4.018433571230563,0.00013195700012147427,0.17244815826416016,True
301,69,1.6246051803801838,0.0001537140014988836,0.17240238189697266,True
305,14,1.7954347874161702,0.00013024399959249422,0.1724710464477539,True
306,253,10.304907045092556,0.00013763800234301016,0.1726236343383789,True
308,245,2.3557700985186796,0.00015050600268295966,0.17252445220947266,True
310,227,2.5289870148000584,0.00015622099817846902,0.17235660552978516,True
311,258,2.815283255082797,0.00013557100101024844,0.1725015640258789,True
314,135,4.086493163548657,0.00014101900160312653,0.17250919342041016,True
316,285,1.8184562050275694,0.00014164499953039922,0.1724557876586914,True
322,169,1.6529712712027844,0.00012797700037481263,0.1724100112915039,True
323,102,1.1629818489154398,0.0001320490009675268,0.17241764068603516,True
324,155,2.170287928250619,0.00015997200171113946,0.1723794937133789,True
325,192,2.383953574372253,0.00014605099931941368,0.1724252700805664,True
326,270,2.2953525421436902,0.0001323040014540311,0.17240238189697266,True
328,245,5.6866133263545064,0.0001348490004602354,0.17249393463134766,True
329,102,1.9433079314951265,0.00013893100185669027,0.1724710464477539,True
331,80,2.216141114944887,0.00013189400124247186,0.17252445220947266,True
332,46,1.6964757346622308,0.00013130400111549534,0.1723947525024414,True
336,289,3.4232379704750215,0.00013583699910668656,0.1724863052368164,True
337,155,1.9876724845015272,0.000127467999845976,0.17238712310791016,True
344,107,3.096598913768157,0.00014919899695087224,0.1724557876586914,True
345,263,3.2850729227537996,0.00013166899952921085,0.1724252700805664,True
348,86,3.7954023944460964,0.00013463499999488704,0.17247867584228516,True
349,14,3.4426964821779578,0.00014046599972061813,0.17253971099853516,True
352,258,2.7735982536482107,0.0001394179998897016,0.17253971099853516,True
353,7,2.2181773123007336,0.00015731299936305732,0.17241764068603516,True
356,107,2.9857506168897,0.00014046499927644618,0.17252445220947266,True
357,480,9.075061235589276,0.00013411899999482557,0.17250919342041016,False
358,48,2.284072613730639,0.00014842099699308164,0.17238712310791016,True
360,118,2.0758997807419948,0.00012822799908462912,0.17237186431884766,True
364,173,6.737598217915873,0.0001340950002486352,0.17255496978759766,True
370,245,2.6040502512609334,0.00013179999950807542,0.1724405288696289,True
372,257,1.8798078324815126,0.00013940600183559582,0.1724557876586914,True
373,239,2.702665439067929,0.00013991900050314143,0.1723947525024414,True
375,180,1.694732126155224,0.0001287890008825343,0.17244815826416016,True
377,173,4.125067146350674,0.00013968600251246244,0.17252445220947266,True
380,207,2.199072639937556,0.00012117399819544517,0.17232608795166016,True
383,231,1.4067558927522887,0.00013195399878895842,0.1724405288696289,True
385,32,3.4112901341068063,0.00013295200187712908,0.17252445220947266,True
386,14,2.8054618555542867,0.00016370799858123064,0.17249393463134766,True
387,226,2.2806229203644377,0.0001266029976250138,0.17240238189697266,True
388,24,1.8465837920587995,0.0001271030014322605,0.1723947525024414,True
389,169,1.5783169939000716,0.00012426199828041717,0.1723642349243164,True
391,144,3.941857317596403,0.00013442999988910742,0.1725168228149414,True
392,14,4.033326238042366,0.0001529869987280108,0.17261600494384766,True
395,268,1.6941128749002163,0.00012592299754032865,0.17234134674072266,True
398,66,2.5543759712471372,0.00013551500160247087,0.1724710464477539,True
399,97,2.8001260599924747,0.00012611100100912154,0.17235660552978516,True
401,173,5.20124497689532,0.0001400559995090589,0.17252445220947266,True
402,14,0.7309649865286622,0.00013896099699195474,0.17244815826416016,True
404,107,1.9358401685594195,0.0001280229989788495,0.17241764068603516,True
407,43,2.4066792647311375,0.00012347399751888588,0.1723337173461914,True
411,192,2.095820684125986,0.00012140399849158712,0.17229557037353516,True
412,5,2.114239796119226,0.00013053599832346663,0.17244815826416016,True
413,117,1.2890370745576831,0.0001357770015602,0.17237186431884766,True
417,104,4.661158738085428,0.0001314939981966745,0.1725015640258789,True
420,159,3.792104689083803,0.0001322840034845285,0.17252445220947266,True
424,46,1.2977724675858726,0.0001278650015592575,0.1724252700805664,True
425,270,1.5348257084019115,0.00012727400098810904,0.17237186431884766,True
429,242,1.7162115463831664,0.0001301279990002513,0.1723947525024414,True
434,238,5.613783369127804,0.0001391000005241949,0.1725015640258789,True
438,161,1.1922190756309532,0.00015681799777667038,0.17246341705322266,True
439,97,3.6368572626089137,0.00013226000010035932,0.17244815826416016,True
440,70,2.207832113549398,0.00013346200285013765,0.1724557876586914,True
441,69,2.638741025755532,0.00014851800005999394,0.17246341705322266,True
442,89,5.846029605076402,0.00013930199929745868,0.1725015640258789,True
443,5,2.2295347142145663,0.00012856300236308016,0.17238712310791016,True
445,226,2.191758306560127,0.00013881700215279125,0.17246341705322266,True
446,147,2.437814824695837,0.00015051200171001256,0.1724405288696289,True
448,97,2.2811488406894433,0.00012993400014238432,0.17241764068603516,True
451,238,1.595960831349579,0.00014325799929792993,0.1723794937133789,True
452,104,2.390646762726852,0.00012933899779454805,0.1724405288696289,True
459,60,2.0997406737770534,0.00013727500117965974,0.1723489761352539,True
460,245,2.6334670287913684,0.00013826999929733574,0.1724405288696289,True
464,17,1.279570619075591,0.00012828399849240668,0.1723489761352539,True
465,14,2.1009511415196034,0.00026680600058170967,0.1725168228149414,True
466,106,6.873299135251854,0.00013523699817596935,0.1725015640258789,True
467,207,4.040525458568301,0.0001343769981758669,0.1725015640258789,True
468,140,1.9964110302260258,0.00013663700156030245,0.1723642349243164,True
470,227,2.283226858642231,0.00015168099707807414,0.17243289947509766,True
471,69,2.093223243110068,0.0001556189999973867,0.17246341705322266,True
472,190,1.752816314788006,0.00016215399955399334,0.1723947525024414,True
473,86,5.596322997415446,0.00014016299974173307,0.1725015640258789,True
474,161,1.9690263215556476,0.00013349900109460577,0.17241764068603516,True
475,122,2.0928628084244214,0.00013222599955042824,0.17252445220947266,True
477,231,2.0063066562274825,0.00012790499749826267,0.17241764068603516,True
478,107,3.0682393496435165,0.0001383560011163354,0.17252445220947266,True
480,102,2.169703994582902,0.0001333979998889845,0.17249393463134766,True
481,86,6.33711572170138,0.00015346399959526025,0.17246341705322266,True
482,71,6.839150222351556,0.0001353699990431778,0.1725625991821289,True
483,14,0.8851212935663888,0.00015816700033610687,0.17243289947509766,True
485,268,6.035169493069038,0.0001415879996784497,0.17250919342041016,True
487,248,1.7462190245199187,0.00012907899872516282,0.1724710464477539,True
490,200,1.9645728729517482,0.00013006600056542084,0.17243289947509766,True
493,232,1.376603242543593,0.00012182800128357485,0.17232608795166016,True
494,272,5.108122489815408,0.00013070700151729397,0.17244815826416016,True
495,158,1.2562679888560666,0.0001298019997193478,0.17240238189697266,True
498,15,2.08650485166097,0.00013237399980425835,0.17252445220947266,True
500,230,3.1587872338726823,0.000128949002828449,0.1723794937133789,True
502,32,1.3602693289431633,0.00012916600098833442,0.1723947525024414,True
503,44,1.5673743654190153,0.00012870100181316957,0.17240238189697266,True
504,32,6.340094886771504,0.00014235400158213452,0.1724557876586914,True
505,104,2.3608109131806847,0.00017488899902673438,0.17246341705322266,True
506,158,5.209800242341886,0.00013372700050240383,0.17252445220947266,True
507,15,2.3685552294217973,0.0001237699980265461,0.1723031997680664,True
508,80,2.3260639418855926,0.00013305000175023451,0.17244815826416016,True
510,158,3.2140180438034007,0.00015265900219674222,0.1725931167602539,True
511,232,2.7025689468312115,0.0001476319994253572,0.17238712310791016,True
512,69,3.371213427865459,0.00013124700126354583,0.17250919342041016,True
514,118,1.4236389888563052,0.00014376900071511045,0.1723947525024414,True
516,192,5.548835306321223,0.00012658500054385513,0.17243289947509766,True
518,270,1.8895895321295146,0.00013493499864125624,0.1724252700805664,True
519,264,2.473217453042947,0.00014356300016515888,0.1725473403930664,True
526,1,2.293009276786794,0.00012766599684255198,0.17243289947509766,True
527,242,1.156669779573618,0.00014133799777482636,0.17240238189697266,True
528,69,2.84422077310508,0.00012901499940198846,0.17243289947509766,True
529,37,12.447240242529855,0.00013163000039639883,0.17250919342041016,True
532,99,8.113217782304943,0.00013473899889504537,0.17255496978759766,True
539,117,1.4165984113088816,0.00012852399959228933,0.17234134674072266,True
540,31,23.233578932722146,0.0001302720011153724,0.17250919342041016,True
541,228,2.8871192322201704,0.00016702300126780756,0.17249393463134766,True
543,7,1.5770497684890536,0.00013271799980429932,0.17247867584228516,True
544,264,2.3444209069520814,0.00013285499881021678,0.17243289947509766,True
545,114,7.436823674899471,0.00013006999870412983,0.1724100112915039,True
547,107,5.057673195232413,0.00012923699978273362,0.17243289947509766,True
549,5,1.5292032418818655,0.00013069099804852158,0.1724557876586914,True
550,70,1.8886290057481911,0.000262866000412032,0.1724252700805664,True
554,181,16.387548192870906,0.00014868300058878958,0.1725015640258789,True
555,190,2.312584811469482,0.00013003400090383366,0.1724100112915039,True
557,285,2.271536553233217,0.00014305600052466616,0.17244815826416016,True
558,122,2.8874767232793053,0.0001285639991692733,0.17241764068603516,True
559,149,3.8559407706526097,0.00012689900177065283,0.17235660552978516,True
561,253,3.0181465375741467,0.00013463900177157484,0.1725625991821289,True
562,7,4.182904642423559,0.0001365629977954086,0.1724863052368164,True
565,192,2.408972969031014,0.00014962500063120387,0.1723794937133789,True
569,117,2.7881643598873884,0.00012921199959237128,0.17246341705322266,True
571,232,2.130857163570512,0.0001453969998692628,0.1724252700805664,True
576,144,7.820730068896412,0.00013808500079903752,0.17263126373291016,True
578,3,1.9950183114839573,0.0001412050005455967,0.17243289947509766,True
579,230,2.26287062292469,0.00013247400056570768,0.17240238189697266,True
580,24,2.3091822572132057,0.00014131399802863598,0.1723642349243164,True
582,155,1.0795372166553894,0.0001397359992552083,0.1724252700805664,True
583,230,1.7443157051030516,0.00014733500211150385,0.1723489761352539,True
586,131,3.3594775165756356,0.00013425999713945203,0.1724405288696289,True
587,24,1.2808757103123563,0.00013937200128566474,0.17234134674072266,True
588,233,7.182708326154055,0.0001348370024061296,0.17252445220947266,True
591,230,2.9468174470232538,0.00013607599976239726,0.17241764068603516,True
595,129,2.4708288895983976,0.00013058699914836325,0.1724557876586914,True
597,209,2.606880351582391,0.00012885700198239647,0.17238712310791016,True
599,112,6.773572159569037,0.00018752299729385413,0.17244815826416016,True
600,46,1.2582599182105119,0.00013417999798548408,0.17240238189697266,True
604,258,11.674320505889705,0.00018299899966223165,0.17249393463134766,True
606,144,2.5419356923054663,0.0001353009974991437,0.17246341705322266,True
610,73,4.158627463986155,0.0001315100016654469,0.1724557876586914,True
611,263,2.378524347951238,0.00014561100033461116,0.1724405288696289,True
612,46,1.6375685189926181,0.00017065800057025626,0.1724405288696289,True
613,44,2.215996015845041,0.00013494799713953398,0.17238712310791016,True
617,15,1.7519463267095372,0.000129640000523068,0.1723794937133789,True
618,24,0.977228891508947,0.0001332420033577364,0.17234134674072266,True
619,99,22.465811386707525,0.00014620900037698448,0.1726083755493164,True
621,17,1.6846248856648454,0.00015530000018770806,0.1725473403930664,True
622,89,1.2013690824817054,0.00013234000289230607,0.1723337173461914,True
623,46,0.8333671691999917,0.0001345510027022101,0.17238712310791016,True
631,118,1.9029062732216544,0.00012822700227843598,0.17241764068603516,True
636,72,1.9477976653449849,0.00012631199933821335,0.17234134674072266,True
640,268,1.4142037934591922,0.00012242799857631326,0.17234134674072266,True
643,268,2.0020449113376344,0.00013087299885228276,0.17238712310791016,True
644,200,2.0066546475282547,0.0001339170012215618,0.17244815826416016,True
651,226,2.0253920126858764,0.00029854700187570415,0.17249393463134766,True
654,135,1.1945369042081857,0.00012565899669425562,0.1723337173461914,True
659,230,3.8881440160961156,0.00013112600208842196,0.1725015640258789,True
660,135,2.314081065123629,0.0001301360025536269,0.17246341705322266,True
662,121,2.9955984460536604,0.00013293700249050744,0.1723947525024414,True
665,200,1.6354087004022433,0.00012807199891540222,0.17240238189697266,True
667,7,3.4173368056901148,0.00013850500181433745,0.17247867584228516,True
668,32,2.437311555107894,0.00013217899686424062,0.17241764068603516,True
669,158,3.9051391417041725,0.00014085700240684673,0.1725473403930664,True
672,140,2.8768167177773534,0.0001337829999101814,0.17241764068603516,True
674,3,3.5565030207066903,0.0001277049996133428,0.17241764068603516,True
675,147,3.9047478959212993,0.0001335099987045396,0.1724557876586914,True
678,239,1.1160454889389235,0.00013043100261711515,0.1723337173461914,True
679,200,2.033201478084595,0.00013661499906447716,0.17246341705322266,True
680,17,3.545393221815452,0.00014001499948790297,0.1724710464477539,True
682,158,3.6093098608699177,0.00013509000200429,0.17255496978759766,True
683,206,3.9353178817594454,0.0001382670016027987,0.17249393463134766,True
690,130,1.6047463596528253,0.00013176999709685333,0.17237186431884766,True
692,158,4.626733290056283,0.00014082300185691565,0.1726236343383789,True
693,184,4.131401949251193,0.00013737500194110908,0.17253971099853516,True
694,184,2.1419975589949924,0.00013665099686477333,0.1724405288696289,True
697,5,1.7303256986913271,0.00013429099999484606,0.1724100112915039,True
698,69,3.220486348624957,0.00013927700274507515,0.17252445220947266,True
699,268,2.4435529358801285,0.0001380139983666595,0.1723947525024414,True
701,178,2.4801654400687436,0.0001299499999731779,0.17243289947509766,True
702,275,5.2587522369123185,0.0001523690007161349,0.17246341705322266,True
705,248,0.9750031086568274,0.00015370099936262704,0.1724252700805664,True
706,117,2.415260172738966,0.00013242700151749887,0.1723794937133789,True
708,227,6.838000056358756,0.00013925700113759376,0.17244815826416016,True
711,89,3.177170849665421,0.0001417540006514173,0.17249393463134766,True
712,218,2.8593212837432094,0.00013421999756246805,0.1724710464477539,True
716,88,3.5150621645958267,0.00013299800048116595,0.17249393463134766,True
718,72,3.13313316116993,0.00013408000086201355,0.17240238189697266,True
721,181,14.813154898392742,0.0001372050028294325,0.1725625991821289,True
722,89,2.6567601337825666,0.00012973399861948565,0.1724405288696289,True
724,161,2.8327082648346718,0.00013446500088321045,0.1724710464477539,True
725,107,3.404628748254349,0.00013304800086189061,0.17237186431884766,True
726,104,2.7520218575326285,0.00015017500118119642,0.17249393463134766,True
730,24,1.0159097584793249,0.00013393200060818344,0.17232608795166016,True
731,149,2.6012435496210236,0.00013178299923310988,0.17243289947509766,True
732,184,4.023527929478589,0.00014732500130776316,0.17249393463134766,True
734,122,2.572664857608742,0.0001332480023847893,0.1724252700805664,True
736,161,2.35950866321644,0.00013006299923290499,0.1724710464477539,True
739,103,3.2480975499488665,0.00012777699885191396,0.17241764068603516,True
740,273,1.4498576840348523,0.00015999699826352298,0.1724405288696289,True
745,200,0.9508740063555445,0.0001314229994022753,0.1723642349243164,True
753,200,2.1724051530132855,0.00012991400217288174,0.1724557876586914,True
754,275,5.235666401691198,0.00014531899796565995,0.1724863052368164,True
761,122,1.726815237366165,0.0001257719995919615,0.1723642349243164,True
763,147,3.328755903208027,0.00013420100003713742,0.17247867584228516,True
767,255,2.609661642197078,0.00013477299944497645,0.17244815826416016,True
768,255,4.129977480832284,0.00013135499830241315,0.17244815826416016,True
769,147,4.271557547311723,0.0001350700003968086,0.1723947525024414,True
775,140,3.0357700006747668,0.00013128000136930496,0.1724100112915039,True
777,135,1.6677802814387561,0.00013625400242744945,0.17252445220947266,True
779,15,1.739778544433846,0.00012899899957119487,0.1724100112915039,True
782,147,5.179406471932587,0.0006272729988268111,0.1724557876586914,True
783,7,3.6812666949847044,0.0001414340003975667,0.1724557876586914,True
790,245,2.791169873319791,0.00014673499754280783,0.17253971099853516,True
793,118,2.0113555881288123,0.00013351099914871156,0.1724100112915039,True
794,232,2.0443609781043195,0.00014377900151885115,0.17240238189697266,True
795,200,3.126686524978779,0.00013901200145483017,0.1724557876586914,True
796,60,2.547804558938627,0.00016762000086600892,0.1724100112915039,True
799,263,2.2350806043799847,0.00012887299817521125,0.17241764068603516,True
801,270,2.1555827709497732,0.00013104900062899105,0.1724710464477539,True
811,60,2.339174819699662,0.0001316679990850389,0.17250919342041016,True
815,34,4.4884116966771535,0.00012993100244784728,0.17247867584228516,True
818,7,4.210245783826904,0.00014193800234352238,0.17252445220947266,True
819,129,1.8755104689353104,0.00013390500316745602,0.17240238189697266,True
820,107,5.046881420149749,0.00015767200238769874,0.1725015640258789,True
821,285,1.5476726372547782,0.00014935499712009914,0.17235660552978516,True
822,134,1.659629418219518,0.00019018499733647332,0.1724252700805664,True
824,239,1.0867242659018024,0.00012244199751876295,0.1723489761352539,True
827,140,3.410229249732676,0.00013355500050238334,0.17249393463134766,True
828,95,3.933298008084955,0.000127958002849482,0.17238712310791016,True
829,140,3.1394080695712714,0.0001316070010943804,0.1724405288696289,True
831,135,2.036140679072954,0.0001260029966942966,0.17237186431884766,True
832,282,1.9140861938443443,0.00015832699864404276,0.17240238189697266,True
834,122,2.691887401161647,0.00013123700045980513,0.17241764068603516,True
835,32,2.125983509062547,0.00013198099986766465,0.1725015640258789,True
841,122,3.59114673470725,0.0001253770024050027,0.17241764068603516,True
845,200,1.292236558115671,0.00012536500071291812,0.17237186431884766,True
846,161,1.7030527481620548,0.00012769399836543016,0.17240238189697266,True
847,95,13.118986995802386,0.00013192800179240294,0.17246341705322266,True
848,147,2.040212527817382,0.00012813800276489928,0.1724100112915039,True
851,102,5.267860920867223,0.00013164499978302047,0.17249393463134766,True
854,184,3.3502008827604577,0.00013000499893678352,0.1724405288696289,True
861,200,2.427650343005823,0.00014047800141270272,0.17241764068603516,True
862,86,13.266814179101573,0.00014404399917111732,0.17241764068603516,True
863,71,2.5133140178566777,0.00014566300160367973,0.17247867584228516,True
864,79,7.3483108094408855,0.0001367779987049289,0.17249393463134766,True
865,112,2.2006209647640254,0.00013156999921193346,0.1724100112915039,True
868,117,1.6806577165664902,0.00015293699834728613,0.1723337173461914,True
872,34,2.4926116244387067,0.00012814599904231727,0.1723794937133789,True
873,102,4.4861294312909505,0.0001924600001075305,0.17244815826416016,True
876,88,2.1173342043257097,0.0001531509988126345,0.17252445220947266,True
879,227,2.3568243697657425,0.0001297109993174672,0.1723794937133789,True
880,69,1.419609247473459,0.00013062799916951917,0.17241764068603516,True
882,161,2.087997923829429,0.00013914499868405983,0.1725168228149414,True
885,130,3.8324303096807517,0.0001363119990855921,0.1724557876586914,True
886,241,3.1641359828679,0.00013170099919079803,0.17249393463134766,True
887,181,4.169623206571064,0.00013184300041757524,0.1725015640258789,True
888,114,13.667481422403757,0.00014143099906505086,0.17260074615478516,True
891,5,1.405163950657715,0.00012933900143252686,0.1723794937133789,True
893,54,4.207160541239463,0.00013418500020634383,0.17250919342041016,True
895,248,2.6954083966593485,0.0005561290017794818,0.17243289947509766,True
898,80,2.6341355059802622,0.00014080499749979936,0.17246341705322266,True
899,207,2.868783715618073,0.0001288679995923303,0.17241764068603516,True
905,107,3.3585552447508498,0.00013551699885283597,0.17247867584228516,True
907,268,1.545397031929513,0.00013052400026936084,0.1723947525024414,True
908,231,1.1061355377108775,0.00012815199806937017,0.17235660552978516,True
910,268,8.1399978063962,0.0001439299994672183,0.1724557876586914,True
911,239,1.313043990045298,0.00012685099864029326,0.17235660552978516,True
915,114,12.486534703785244,0.00013674900037585758,0.17253971099853516,True
918,228,2.884375582617075,0.000127010000142036,0.1723947525024414,True
919,131,3.789519674264273,0.0001331590028712526,0.17241764068603516,True
920,17,1.1270317197542787,0.0001326199999311939,0.17244815826416016,True
921,270,1.3008311948877973,0.00012623500151676126,0.1723947525024414,True
922,46,2.643811185919086,0.00012892999802716076,0.17243289947509766,True
923,46,1.415163893681942,0.00014151199866319075,0.1723947525024414,True
925,32,2.36000530388415,0.00013298799967742525,0.1725015640258789,True
929,200,2.7046157418898726,0.00012871299986727536,0.1723947525024414,True
931,130,4.541404783849084,0.0001305049991060514,0.17231082916259766,True
935,63,2.513863764401901,0.00013343599857762456,0.1724405288696289,True
936,248,5.224256834482075,0.0001313739994657226,0.17249393463134766,True
937,255,1.665702235947621,0.00012726599743473344,0.1724100112915039,True
938,121,2.1710703936952407,0.00012749100278597325,0.17240238189697266,True
940,86,5.611078400380952,0.00013979800132801756,0.1724710464477539,True
947,239,2.4628716979196614,0.00015262699889717624,0.17243289947509766,True
948,149,3.0182954945487173,0.00013107999984640628,0.1724710464477539,True
949,99,7.683068891782247,0.00013099599891575053,0.17250919342041016,True
952,238,0.8335579083599524,0.00012809500185539946,0.17237186431884766,True
954,206,2.228241205950012,0.00013392799883149564,0.17246341705322266,True
955,70,3.2130887908391315,0.0001409190008416772,0.1725473403930664,True
956,239,2.2446253972708283,0.00013263000073493458,0.1723947525024414,True
958,169,2.3861019220389488,0.00012818999675801024,0.17235660552978516,True
959,85,3.405383594598955,0.0001442360007786192,0.1725015640258789,True
960,173,4.0341507530988325,0.00013289299749885686,0.1725320816040039,True
962,264,3.931235378917441,0.00013433400090434588,0.17249393463134766,True
963,97,1.918039885356809,0.00012760599929606542,0.1724252700805664,True
964,200,2.7224029022369742,0.00012867700206697918,0.17238712310791016,True
965,117,1.4996021018323562,0.0004980520025128499,0.17238712310791016,True
968,238,1.630923124405797,0.0001223780018335674,0.17232608795166016,True
970,135,1.8180649522450447,0.00012875399988843128,0.17243289947509766,True
972,130,2.156764733693274,0.000125943999591982,0.1723337173461914,True
973,218,4.454167375779598,0.00013650799883180298,0.17249393463134766,True
975,158,4.511948078851256,0.00016715499805286527,0.1725931167602539,True
976,285,3.3120128434497285,0.00013386800128500909,0.1723947525024414,True
979,207,2.484399866918412,0.00013952099834568799,0.1724405288696289,True
981,135,2.3889705601813374,0.00015042299855849706,0.17252445220947266,True
982,150,4.686981873342993,0.00019329200222273357,0.17244815826416016,True
983,285,1.4372468075356002,0.00012779100143234245,0.1723031997680664,True
986,7,2.51144396945382,0.0001415149999957066,0.17240238189697266,True
988,44,2.4116179349955766,0.00015408200124511495,0.1723794937133789,True
990,107,4.141513464013536,0.00014778499826206826,0.17246341705322266,True
991,253,6.323704584915978,0.00013365899940254167,0.17252445220947266,True
994,60,1.9787660684807036,0.00013314599709701724,0.1723642349243164,True
995,171,8.716188434831267,0.00013853699783794582,0.1724710464477539,True
996,282,2.401245839464779,0.00015929700020933524,0.17252445220947266,True
1000,117,5.585436058157465,0.00014791900321142748,0.1724405288696289,True
1002,134,2.866726017818136,0.0001473159973102156,0.1724405288696289,True
1004,200,4.288481086911142,0.00014939500033506192,0.1724710464477539,True
1005,14,2.963891635468327,0.00016574700202909298,0.1726083755493164,True
1006,102,2.385131201842388,0.00013553499957197346,0.17243289947509766,True
1007,270,3.637817077906221,0.00014303700299933553,0.17253971099853516,True
1008,54,1.967856347718085,0.0001363260016660206,0.1723947525024414,True
1009,102,2.0607949624264217,0.00017664099868852645,0.1724710464477539,True
1013,5,4.379434647777935,0.00014435400225920603,0.1724100112915039,True
1014,227,2.0543464866126513,0.00014319000183604658,0.17241764068603516,True
1015,103,8.244554968204703,0.00014168800043989904,0.1724863052368164,True
1016,5,2.5983636732516286,0.00015842999710002914,0.1723642349243164,True
1017,44,3.101897571153518,0.0001473380034440197,0.17241764068603516,True
1020,121,1.637344903256757,0.00013852600022801198,0.1724100112915039,True
1023,37,1.9297154135802839,0.00014065100185689516,0.17252445220947266,True
1027,190,1.9743674631037305,0.00014357999680214562,0.17240238189697266,True
1028,200,1.9675595256842686,0.000135931000841083,0.1724710464477539,True
1029,226,3.9490344486540514,0.00014297600137069821,0.17243289947509766,True
1031,230,1.5725794739265142,0.0001318279973929748,0.17237186431884766,True
1032,242,1.2695800030139428,0.0001322110001638066,0.17237186431884766,True
1035,200,4.261022162021152,0.00014885400014463812,0.1724100112915039,True
1036,200,2.239010763880942,0.00018187500245403498,0.1724405288696289,True
1037,114,24.863679725224085,0.00013226100054453127,0.17249393463134766,True
1039,71,2.54935775452349,0.00015957499999785796,0.17244815826416016,True
1041,103,3.2013814963586467,0.0001391749974573031,0.1724557876586914,True
1042,3,3.8801297312544576,0.0001459340019209776,0.17241764068603516,True
1043,200,4.611770641288938,0.00015286099733202718,0.17247867584228516,True
1046,60,3.0541290767468148,0.00013969199790153652,0.17249393463134766,True
1048,106,5.96175666273084,0.0001443270011804998,0.1725931167602539,True
1049,242,1.6742158601529573,0.0001391299992974382,0.17238712310791016,True
1053,60,2.038119430165493,0.0001742509994073771,0.17235660552978516,True
1056,112,1.7200062465376516,0.0001404879985784646,0.1723489761352539,True
1057,253,1.4755660363381098,0.00014772600115975365,0.17247867584228516,True
1058,268,1.0763542587293506,0.00014720800027134828,0.1724100112915039,True
1061,55,2.7590172885625734,0.000150918000144884,0.17249393463134766,True
1062,149,3.205650020446491,0.00014499400276690722,0.17243289947509766,True
1064,190,2.260876793679046,0.00015079800141393207,0.1723947525024414,True
1065,272,15.297552162967847,0.00040520200127502903,0.17257022857666016,True
1067,245,2.8685097202972716,0.000135476999275852,0.17246341705322266,True
1068,257,3.238077815385502,0.00013728300109505653,0.17250919342041016,True
1072,88,2.3361987836824047,0.00013299799684318714,0.1723947525024414,True
1073,69,2.7298428501634784,0.0001385850009683054,0.1724557876586914,True
1075,71,9.594530288103465,0.00015178999819909222,0.1725625991821289,True
1076,257,5.327392027883425,0.0001463349981349893,0.17250919342041016,True
1077,253,1.7384444371317787,0.00015659799828426912,0.1725015640258789,True
1078,280,2.544443025312641,0.00013577799836639315,0.1723947525024414,True
1079,272,4.970312702392462,0.00016507700274814852,0.17255496978759766,True
1081,150,5.799597024673327,0.0001536370000394527,0.17238712310791016,True
1083,112,1.762808293815527,0.00019863299894495867,0.1723642349243164,True
1084,268,2.428823450272392,0.00026814100056071766,0.1724100112915039,True
1086,140,1.4337011195082259,0.0001442380016669631,0.1723947525024414,True
1087,149,2.4546000061785738,0.0001464260021748487,0.17247867584228516,True
1088,135,2.0583871427646416,0.0001564679987495765,0.1724252700805664,True
1090,71,3.3753063335471762,0.0001402849993610289,0.17240238189697266,True
1091,161,2.4686406429461285,0.00015691999942646362,0.17255496978759766,True
1092,117,1.6014512356010595,0.0001471920004405547,0.17238712310791016,True
1094,181,11.060060064364425,0.0001540179982839618,0.17247867584228516,True
1098,161,2.215543338009707,0.0001395839972246904,0.1724252700805664,True
1103,155,1.459041150218201,0.000149432999023702,0.17243289947509766,True
1104,80,2.1981845664854305,0.00013984900215291418,0.17247867584228516,True
1107,150,3.829664919984996,0.0001371079997625202,0.1724710464477539,True
1110,48,2.4713615818506223,0.000133909001306165,0.1724405288696289,True
1111,238,1.3620423081242834,0.00013674599904334173,0.1724252700805664,True
1112,218,1.7795336666040984,0.00014559200280928053,0.1724710464477539,True
1113,5,3.5194327912780046,0.00014108999675954692,0.17246341705322266,True
1115,149,3.652087254693518,0.00015505999908782542,0.17255496978759766,True
1117,118,3.1419936409553713,0.0001418959982402157,0.17244815826416016,True
1118,245,17.016411986515713,0.00018907399862655438,0.1724557876586914,True
1119,14,1.8576449945375282,0.00016648400196572766,0.17247867584228516,True
1120,242,1.341583820213825,0.00013668099927599542,0.1723642349243164,True
1122,239,2.215593111157422,0.00013646699881064706,0.17238712310791016,True
1123,97,3.6046761327967767,0.00013782599853584543,0.17243289947509766,True
1124,155,1.4091675151864211,0.00016387900177505799,0.1723642349243164,True
1126,200,3.1618805973412187,0.00015475899999728426,0.17244815826416016,True
1128,114,13.409651662602394,0.00014453900075750425,0.1726236343383789,True
1129,270,5.325727544341211,0.00013919000048190355,0.1725168228149414,True
1131,117,1.1126686857865666,0.00014077300147619098,0.17228031158447266,True
1132,171,5.029056473486455,0.0001390149991493672,0.1725168228149414,True
1138,232,1.0928928933097644,0.00013655799921252765,0.17232608795166016,True
1146,226,4.152247845778464,0.00013530200158129446,0.1725778579711914,True
1148,34,2.6844652041209174,0.00013136699999449775,0.1724252700805664,True
1152,60,3.9973088776197994,0.0001290220025111921,0.1724405288696289,True
1155,33,3.266394391430845,0.00014493399794446304,0.17249393463134766,True
1156,155,1.5546453491719479,0.00012651699944399297,0.17234134674072266,True
1157,37,3.0609076198142398,0.0001329949991486501,0.17249393463134766,True
1159,170,7.51089363275924,0.00014549700063071214,0.1724863052368164,True
1161,118,3.0178029550252523,0.0001586660000612028,0.17247867584228516,True
1162,34,2.859158305950863,0.00014575400200556032,0.17243289947509766,True
1164,173,3.6693613307749953,0.00013658399984706193,0.17246341705322266,True
1166,231,2.3109301062169108,0.00012771999899996445,0.1723947525024414,True
1170,118,1.9001524751998418,0.00014021899914951064,0.17244815826416016,True
1171,24,2.1134786773923198,0.00015867899855948053,0.1723947525024414,True
1173,89,1.3939851030091828,0.0001307239981542807,0.1724557876586914,True
1175,282,2.2755217328993558,0.0001317389978794381,0.1724710464477539,True
1179,103,17.15816709770917,0.00013353499889490195,0.1725625991821289,True
1181,169,13.163284125022466,0.00014410999938263558,0.17247867584228516,True
1182,245,2.0884358537778227,0.0001321480012848042,0.17244815826416016,True
1184,230,1.7889499276087009,0.0001354609994450584,0.17241764068603516,True
1188,178,1.5959674083566393,0.0001404190006724093,0.17238712310791016,True
1193,81,5.419975750536004,0.00014124100198387168,0.1725625991821289,True
1195,192,2.1241416103367383,0.00012488200081861578,0.1723184585571289,True
1196,178,1.6712397931558143,0.00013628899978357367,0.1723947525024414,True
1201,257,1.4615004627634063,0.00014557999747921713,0.1724252700805664,True
1202,140,3.404788641887265,0.0002963959996122867,0.1723642349243164,True
1204,122,2.8218914208415016,0.00013068599946564063,0.1725168228149414,True
1205,48,2.3486279798025906,0.00012556200090330094,0.17234134674072266,True
1207,5,3.0092946428401754,0.00012800400145351887,0.17241764068603516,True
1208,32,3.2428608618551507,0.00014351099889609031,0.17258548736572266,True
1212,88,4.042747759570612,0.00013885799853596836,0.17252445220947266,True
1213,7,3.584052630206761,0.00012890700236312114,0.1723947525024414,True
1214,46,1.624752067048844,0.0001286329970753286,0.17241764068603516,True
1215,180,3.3400135328580935,0.0001354829983029049,0.17252445220947266,True
1217,85,5.86249448247257,0.00015171199993346818,0.17244815826416016,True
1218,85,2.859477666143169,0.00013024700092501007,0.1724252700805664,True
1220,242,1.7416224319962874,0.00021305599875631742,0.17238712310791016,True
1225,46,1.2801742110579075,0.00033142299798782915,0.1723947525024414,True
1228,17,1.5138833149308708,0.0001776569988578558,0.1724100112915039,True
1229,158,3.9768681344540515,0.00014077200103201903,0.1725015640258789,True
1230,118,1.5616983404320792,0.00012586400043801405,0.17238712310791016,True
1231,118,3.958061068812694,0.00013556599878938869,0.17247867584228516,True
1232,70,9.944730021386906,0.00014525000005960464,0.1726388931274414,True
1234,71,3.2122323205677517,0.00013871400005882606,0.1724100112915039,True
1237,264,2.9141240079285184,0.00013608400331577286,0.1724863052368164,True
1238,226,1.7935484636647216,0.00012739600060740486,0.1723947525024414,True
1239,209,2.1599499933885093,0.00014449399895966053,0.17250919342041016,True
1243,73,5.761824134833851,0.00014206299965735525,0.1723794937133789,True
1244,117,1.5628562238307275,0.00013194999701227061,0.1723947525024414,True
1245,275,3.3442608368197893,0.00014321799972094595,0.17238712310791016,True
1246,180,1.3774680106644799,0.00013047600077698007,0.17241764068603516,True
1247,88,2.3661916975234845,0.00013426900113699958,0.17252445220947266,True
1248,88,4.506980917441228,0.00013272899741423316,0.1725015640258789,True
1250,86,4.676372074612496,0.0001350230013485998,0.1725015640258789,True
1251,169,2.670423500880211,0.00013644600039697252,0.17241764068603516,True
1253,117,2.984989457621618,0.00013632499758386984,0.17243289947509766,True
1255,99,15.401103970007519,0.0001453099976060912,0.1725778579711914,True
1256,46,5.096401195159199,0.00013259900151751935,0.17247867584228516,True
1259,241,2.8579057568799184,0.00013937800031271763,0.17244815826416016,True
1260,161,2.988347542863114,0.00014146700050332583,0.17252445220947266,True
1261,257,2.224835060502342,0.00013209999815444462,0.17237186431884766,True
1262,118,2.1574432645931885,0.00012969400268048048,0.1724405288696289,True
1263,43,4.347210422433722,0.00014044799900148064,0.1724100112915039,True
1265,63,4.9288567341451435,0.00013698299881070852,0.1725625991821289,True
1267,60,3.3533185997833175,0.00013203100024838932,0.17246341705322266,True
1270,43,2.4193947594699097,0.00014498000018647872,0.1723794937133789,True
1271,218,3.750027656795141,0.0001336999994236976,0.17252445220947266,True
1272,104,2.5587093657291473,0.0001456889986002352,0.1724252700805664,True
1274,24,1.80788784512157,0.0001305030018556863,0.17241764068603516,True
1277,253,2.344301789138072,0.00014909099991200492,0.17243289947509766,True
1279,257,3.8878796748701068,0.00014001300223753788,0.17249393463134766,True
1280,114,2.8024384324870755,0.00014443200052483007,0.17249393463134766,True
1281,200,5.249290410168511,0.00015450000137207098,0.17247867584228516,True
1282,226,1.8334581094919193,0.00013977900016470812,0.1725168228149414,True
1283,130,9.754364954127878,0.00020620199939003214,0.1724252700805664,True
1285,122,3.584044823449055,0.00013095500253257342,0.17238712310791016,True
1287,118,2.5956896923316872,0.0002061910017800983,0.1724252700805664,True
1289,73,5.213682346349996,0.0001334650005446747,0.17241764068603516,True
1290,107,1.7119654269239928,0.00013237199891591445,0.1723794937133789,True
1294,231,2.27765101381915,0.00013380300151766278,0.17238712310791016,True
1296,33,4.035167585250332,0.0001318829999945592,0.1724100112915039,True
1299,192,1.837800241729948,0.00015869400158408098,0.17243289947509766,True
1300,17,1.5608883663465338,0.0001258750016859267,0.1723489761352539,True
1301,77,3.8638973232623837,0.00013061899880995043,0.17247867584228516,True
1302,107,3.3456976638736524,0.00012831999993068166,0.17243289947509766,True
1303,161,2.608635668644023,0.0001356329994450789,0.17252445220947266,True
1305,232,3.195554135910714,0.0001499760001024697,0.17238712310791016,True
1306,72,1.6252336677855792,0.00012751600297633559,0.17237186431884766,True
1307,99,18.185307994107053,0.000137423998239683,0.1726541519165039,True
1310,161,2.094374203926022,0.00014825300240772776,0.1724557876586914,True
1311,330,10.580331035301406,0.00013055499948677607,0.17241764068603516,False
1312,180,1.2622028452701821,0.00012639499982469715,0.1723642349243164,True
1313,255,2.230305171687721,0.0001326810015598312,0.1724863052368164,True
1314,88,2.390505636559539,0.00013093799861962907,0.17244815826416016,True
1318,72,2.4399742872721624,0.00013132499952916987,0.17241764068603516,True
1319,112,4.405494336270749,0.0001312669992330484,0.17250919342041016,True
1320,112,3.2354738327072403,0.0001657009997870773,0.17246341705322266,True
1321,14,1.6936037016906305,0.00014287899830378592,0.1724557876586914,True
1322,5,2.6306548208709133,0.0001268779997189995,0.1723642349243164,True
1323,72,3.5466442775916667,0.00012440099817467853,0.17237186431884766,True
1325,275,3.7339172250439643,0.00013141400268068537,0.17241764068603516,True
1327,102,3.925340421644538,0.00013752499944530427,0.1724863052368164,True
1328,89,2.0477370666453845,0.0001340649978374131,0.1725015640258789,True
1329,112,2.2973920312165346,0.00012310700185480528,0.1723337173461914,True
1330,24,1.4060719823217829,0.00012618599794222973,0.17238712310791016,True
1332,7,2.827429061496851,0.0001328370017290581,0.17250919342041016,True
1334,14,3.9759239233229837,0.00013795999984722584,0.1726083755493164,True
1335,118,3.2308990040676906,0.00013199699969845824,0.1725168228149414,True
1337,112,4.553281318379215,0.00013216500155976973,0.17246341705322266,True
1340,5,3.360351052343783,0.00013375799971981905,0.17243289947509766,True
1343,155,1.550258931988072,0.00013628200031234883,0.1724252700805664,True
1347,5,2.8930344618045827,0.00014474899944616482,0.17243289947509766,True
1348,184,2.1246763940512667,0.00015612000061082654,0.17249393463134766,True
1351,135,1.537235796022058,0.00013193600170779973,0.1723642349243164,True
1353,135,1.6462336269847067,0.0001279399984923657,0.1723794937133789,True
1355,34,2.691947862723864,0.00013868200039723888,0.1725320816040039,True
1357,200,3.7699277180335136,0.00012876999971922487,0.1723794937133789,True
1359,144,3.47267317649154,0.00013403399861999787,0.17247867584228516,True
1362,99,11.640275727244376,0.0001510559995949734,0.1724863052368164,True
1364,43,3.4400024202169073,0.00013389800005825236,0.17243289947509766,True
1365,17,1.7298281268204736,0.00013457000022754073,0.17241764068603516,True
1366,200,2.2687143185184167,0.00014214800103218295,0.17240238189697266,True
1370,194,25.383470364265566,0.0001356330030830577,0.17253971099853516,True
1371,258,1.9231761247463819,0.00012987799709662795,0.17241764068603516,True
1378,268,1.0309812329665096,0.00013768799908575602,0.17235660552978516,True
1380,5,1.3308834950001658,0.00013600500096799806,0.1723947525024414,True
1381,114,16.19919443651449,0.00013076899995212443,0.1725015640258789,True
1382,43,3.8478852103762415,0.00012961399988853373,0.17247867584228516,True
1384,102,1.4480925197370549,0.00013714500164496712,0.1724405288696289,True
1388,99,8.616549025312771,0.00014583099982701242,0.1725931167602539,True
1390,135,1.72711927053187,0.0001376289983454626,0.1723947525024414,True
1391,242,2.9115536350682256,0.00013460500122164376,0.17238712310791016,True
1396,173,2.2318277085468523,0.0001577990005898755,0.17247867584228516,True
1397,14,0.7129984305372943,0.0001334000007773284,0.1724405288696289,True
1398,122,3.0826206276177124,0.00013038299948675558,0.1724557876586914,True
1404,200,3.1942631089016498,0.00012966700160177425,0.1724557876586914,True
1405,81,1.9984551731856013,0.00014170600115903653,0.1724863052368164,True
1407,147,3.733214515631563,0.00013522900189855136,0.1724710464477539,True
1408,200,1.3878807247851057,0.00013589499940280803,0.1724252700805664,True
1409,248,2.3073328738318075,0.00013974299872643314,0.1723794937133789,True
1410,7,1.3899458416856172,0.0001454499979445245,0.1723642349243164,True
1412,1,7.871965275165732,0.00014961800115997903,0.1726236343383789,True
1413,226,0.7914357687461693,0.00012421499923220836,0.17228031158447266,True
1414,33,14.390944748151068,0.00024436400053673424,0.1724863052368164,True
1415,230,3.231598378586874,0.00013748999845120125,0.1725168228149414,True
1418,178,1.6575101698741008,0.0001284300014958717,0.1724252700805664,True
1419,257,4.957253532067008,0.00013815400234307162,0.17257022857666016,True
1420,14,1.381218981825517,0.0001372740007354878,0.1725168228149414,True
1421,32,4.046723455847217,0.00013324999963515438,0.1725168228149414,True
1422,88,1.8726896355380132,0.0001314529981755186,0.17240238189697266,True
1425,34,3.030943563270587,0.00013484200098901056,0.17247867584228516,True
1428,112,2.607924871410541,0.0001299759969697334,0.1724100112915039,True
1430,46,0.7951885006638004,0.0001430670017725788,0.17232608795166016,True
1431,118,2.0098545618761468,0.00013228099851403385,0.1724252700805664,True
1433,239,1.9248795910187904,0.00013388400111580268,0.1724710464477539,True
1434,5,2.8788772763383284,0.00013459299952955917,0.1724557876586914,True
1441,85,3.4307262507523797,0.00013236599988886155,0.17246341705322266,True
1443,117,1.4024611799472306,0.00017280000247410499,0.17235660552978516,True
1449,107,1.3400666837293342,0.00018846799866878428,0.1724100112915039,True
1450,130,8.353886005581366,0.00013952799781691283,0.1725473403930664,True
1451,86,5.053149431768303,0.00013358099749893881,0.17246341705322266,True
1452,117,1.32166839802593,0.00012824400255340151,0.1723489761352539,True
1453,231,1.4474513633002413,0.00013085600221529603,0.17235660552978516,True
1454,14,3.806056466200344,0.00014706000001751818,0.1724557876586914,True
1459,264,2.370874083920223,0.000134374997287523,0.1724557876586914,True
1462,32,6.567161984960725,0.00016066500029410236,0.1725473403930664,True
1463,242,1.1625045318963891,0.00013900699923397042,0.1724557876586914,True
1464,5,1.1306899711859124,0.00013082000077702105,0.17232608795166016,True
1465,17,1.774532582355005,0.00014025199925526977,0.1724557876586914,True
1470,253,1.8241421461799088,0.00014256400027079508,0.1725015640258789,True
1472,184,4.392830368332312,0.00016149200018844567,0.1725015640258789,True
1475,118,2.4655949250746945,0.00013945599857834168,0.17249393463134766,True
1478,169,2.373960332861419,0.0001410490003763698,0.17241764068603516,True
1479,242,2.1222033725583715,0.00013315999967744574,0.1723642349243164,True
1480,169,1.536070978766056,0.00013715700333705172,0.1724557876586914,True
1481,43,6.31245711542637,0.00015978500232449733,0.1725625991821289,True
1482,127,3.589714530939923,0.00017661899983067997,0.17240238189697266,True
1483,207,2.0185883214588203,0.00014542800272465684,0.17241764068603516,True
1484,248,1.5016018383707894,0.00012990499817533419,0.17244815826416016,True
1487,121,3.862841468111524,0.00013220000255387276,0.1723337173461914,True
1488,161,1.6083815160051689,0.00013092299923300743,0.17246341705322266,True
1490,241,2.8490262416291294,0.0001361110007565003,0.17246341705322266,True
1491,140,1.8761885041694313,0.00014670100063085556,0.17246341705322266,True
1492,1,2.9753856783314934,0.0001530720001028385,0.1725778579711914,True
1495,257,1.435162318724033,0.00014306599769042805,0.17234134674072266,True
1496,127,16.097005548127022,0.00015505000192206353,0.17260074615478516,True
1500,102,4.149388209124795,0.00014616800035582855,0.17240238189697266,True
1502,5,2.2796361451682827,0.00013092399967717938,0.17234134674072266,True
1504,263,3.5178149858093737,0.0001330580016656313,0.1723947525024414,True
1506,17,3.1957496339832,0.0001450039999326691,0.1725473403930664,True
1509,37,1.3496765868440546,0.00013241700071375817,0.17250919342041016,True
1510,72,1.5533508183688214,0.000133225999888964,0.1723947525024414,True
1511,231,2.258371057597166,0.0001536150011816062,0.17240238189697266,True
1512,245,2.5200231739160537,0.00013417400259641,0.17240238189697266,True
1513,54,1.6902538241902332,0.00013310099893715233,0.1724252700805664,True
1517,69,4.706281734294765,0.00013792699974146672,0.17244815826416016,True
1518,198,1.3034970866185,0.00013306699838722125,0.1724710464477539,True
1523,231,1.8179549516165203,0.0001363749979645945,0.17246341705322266,True
1525,248,3.525908383034182,0.00013519600179279223,0.1724863052368164,True
1527,161,1.8163549017633636,0.00013476300227921456,0.1724100112915039,True
1528,122,1.6841498226828848,0.00014913199993316084,0.1724557876586914,True
1529,169,6.566181257029624,0.000138031999085797,0.17250919342041016,True
1536,280,3.07176175407802,0.00013876500088372268,0.17249393463134766,True
1538,88,4.664113099986979,0.00013713599764741957,0.1724557876586914,True
1539,170,57.43089118134163,0.00014772000213270076,0.17270755767822266,True
1540,230,1.2574575864855735,0.00012889999925391749,0.1723184585571289,True
1542,242,1.979686599747648,0.0001942770031746477,0.1724252700805664,True
1544,129,2.0154319000015803,0.00013720499919145368,0.1724557876586914,True
1545,5,1.3927383168897505,0.00013815299826092087,0.1724252700805664,True
1546,15,1.3927361924841537,0.00013582300016423687,0.1723947525024414,True
1547,72,2.5702969254948167,0.000129755000671139,0.1723947525024414,True
1548,203,3.057710862650439,0.00015259200154105201,0.17246341705322266,True
1549,272,7.5774670610564705,0.00014226599887479097,0.1725320816040039,True
1550,147,3.838597922921364,0.00014934100181562826,0.17246341705322266,True
1551,48,1.859029712925646,0.0001345979981124401,0.1723947525024414,True
1552,70,2.2382639662692076,0.00013968200073577464,0.17244815826416016,True
1554,253,2.114093339696413,0.00013815100101055577,0.1724863052368164,True
1560,483,10.389787776626227,0.00015877500118222088,0.1725015640258789,False
1561,32,1.4915534393988066,0.00013208999735070392,0.1723794937133789,True
1563,5,1.8697060786987594,0.0001347130018984899,0.1724100112915039,True
1565,268,3.2834473773099555,0.0001516900010756217,0.1724100112915039,True
1567,69,1.902874338916067,0.00014682799883303232,0.17250919342041016,True
1570,81,2.7891228110283666,0.00014373399972100742,0.17252445220947266,True
1571,17,1.2654347274919189,0.00014532499699271284,0.17240238189697266,True
1573,257,3.281984878434123,0.00015183700088527985,0.17249393463134766,True
1574,239,1.118968893243518,0.00012898700151708908,0.17229557037353516,True
1579,86,7.018490186522245,0.00013600300007965416,0.1723947525024414,True
1580,158,4.64632934768431,0.0001455569981771987,0.17266178131103516,True
1582,178,2.4895390083071773,0.00013556700287153944,0.1723947525024414,True
1584,60,2.3714247237563684,0.00013964200115879066,0.17247867584228516,True
1587,192,2.3283216394564334,0.00015133900160435587,0.1724557876586914,True
1588,114,12.276311844427108,0.00019851300021400675,0.17240238189697266,True
1589,39,23.264084127204523,0.00014238699804991484,0.1725320816040039,True
1590,95,5.343318863826611,0.00016269499974441715,0.17250919342041016,True
1591,46,13.531057493427179,0.00014025900236447342,0.17263126373291016,True
1592,34,1.4775516089092622,0.0001350089987681713,0.1724100112915039,True
1595,231,1.659616536314143,0.00013930800196249038,0.1724252700805664,True
1597,63,3.7648028970731673,0.00014070500037632883,0.17243289947509766,True
1598,227,2.3007634425318844,0.00015022400111774914,0.1724100112915039,True
1599,253,1.8916526933223363,0.00020454900004551746,0.1724710464477539,True
1601,282,1.9240338746436272,0.0001490579998062458,0.17250919342041016,True
1602,60,1.9590353488139518,0.00013388600200414658,0.1724405288696289,True
1606,268,3.333488190494494,0.00014627299970015883,0.17250919342041016,True
1607,258,3.772853761423603,0.00015341700054705143,0.17255496978759766,True
1608,5,3.2634275634296364,0.00016646100266370922,0.1724557876586914,True
1609,81,1.9676068550434984,0.00014016900240676478,0.17247867584228516,True
1611,282,3.1742323821493006,0.00014064100105315447,0.17244815826416016,True
1613,285,1.5059272508044304,0.00013297599798534065,0.17240238189697266,True
1620,81,3.6980776925679124,0.0001460029998270329,0.1724863052368164,True
1621,226,2.3439851693964586,0.00013726899851462804,0.1724100112915039,True
1623,37,2.241813837723749,0.00013865299843018875,0.1725168228149414,True
1624,231,2.4951087788290285,0.00013589199807029217,0.17237186431884766,True
1625,118,1.7562808928452738,0.0001346120006928686,0.1723947525024414,True
1626,112,2.639375885455499,0.00013839299936080351,0.17252445220947266,True
1628,192,3.9993892043581862,0.00013109300198266283,0.17244815826416016,True
1629,241,2.281102063576802,0.0001420760017936118,0.17241764068603516,True
1630,69,4.221561889300552,0.00013953799862065352,0.1725320816040039,True
1632,149,1.7359522958830114,0.00015225899915094487,0.1723489761352539,True
1636,181,12.425656584449921,0.00015144200006034225,0.17253971099853516,True
1637,95,11.98487629891554,0.0001380480025545694,0.17246341705322266,True
1639,285,2.0067735426688538,0.00013746300101047382,0.1724405288696289,True
1640,102,3.5325607661626894,0.00013011499686399475,0.17235660552978516,True
1641,102,4.3100104341035825,0.0001546300009067636,0.1725931167602539,True
1642,102,2.574945050087769,0.00013202099944464862,0.17247867584228516,True
1643,73,3.7418075017873678,0.00013270999988890253,0.1724100112915039,True
1645,135,2.8124566317535185,0.00013620100071420893,0.17244815826416016,True
1656,149,2.062702732883049,0.00013581899838754907,0.17243289947509766,True
1658,103,8.336326116063798,0.0001405360017088242,0.1725015640258789,True
1659,135,2.756837539897898,0.00014256599752116017,0.17247867584228516,True
1660,356,62.38347193853269,0.0001370030004181899,0.1725320816040039,False
1661,255,1.60839204456525,0.00013783300164504908,0.1724252700805664,True
1664,73,5.612631767255749,0.0001353289990220219,0.1724252700805664,True
1665,203,1.9250386089910672,0.00013707900143344887,0.17246341705322266,True
1667,200,1.9048949995642994,0.0001398109998262953,0.17241764068603516,True
1670,46,2.034581511440473,0.0001291130029130727,0.1723337173461914,True
1671,114,9.446853519614146,0.00015263800014508888,0.17255496978759766,True
1674,144,4.551380609270361,0.00013819100058753975,0.1724863052368164,True
1675,135,1.2909592497252032,0.0001339110021945089,0.17240238189697266,True
1676,238,1.694479310747976,0.00015397999959532171,0.17240238189697266,True
1677,226,5.318967041563543,0.0001632940002309624,0.1724863052368164,True
1680,24,1.9683260641741134,0.00012990599861950614,0.1723642349243164,True
1681,263,1.4585735886633542,0.00013743499948759563,0.17240238189697266,True
1682,117,3.4898688740005928,0.00013418900198303163,0.1724252700805664,True
1683,118,1.6775027009963848,0.00013263100117910653,0.17240238189697266,True
1684,255,1.5073995031524925,0.00013466399832395837,0.17246341705322266,True
1685,32,1.381229335962931,0.0001233059992955532,0.1723337173461914,True
1688,134,2.246482529077594,0.00015350899775512516,0.1724252700805664,True
1689,231,2.3844884848485317,0.00012739600060740486,0.1723642349243164,True
1690,149,3.9595726088306353,0.0002268130010634195,0.17247867584228516,True
1692,239,1.2277669691738315,0.0001842319979914464,0.17240238189697266,True
1693,272,12.239150552608724,0.0001454820012440905,0.17252445220947266,True
1695,5,2.664086920837697,0.00013218999811215326,0.17241764068603516,True
1697,207,2.038292669001009,0.00012729299851343967,0.1723642349243164,True
1699,32,4.057632261505462,0.00012745699859806336,0.1724252700805664,True
1703,14,2.5441133753363987,0.00014484300118056126,0.17249393463134766,True
1705,48,2.445802334401797,0.00012946900096721947,0.17243289947509766,True
1707,32,2.7274866790964336,0.0001287420018343255,0.1724252700805664,True
1708,63,2.8936754808145393,0.00014845899931970052,0.1723947525024414,True
1711,270,1.856802161852602,0.00013527400005841628,0.1724100112915039,True
1715,248,2.1595783903655716,0.0001343240001006052,0.17244815826416016,True
1717,230,1.7319430923766037,0.00012994299686397426,0.1724405288696289,True
1718,161,2.23290806306851,0.00012974899800610729,0.17244815826416016,True
1719,66,2.0181051752267454,0.00013742999726673588,0.1725473403930664,True
1721,5,2.1142582835675814,0.00012768599845003337,0.17240238189697266,True
1726,7,3.8836397630593216,0.00013506700270227157,0.1725473403930664,True
1732,69,3.2720272688312373,0.00013021400081925094,0.1724557876586914,True
1733,169,5.7729032654160735,0.00014075199942453764,0.1724557876586914,True
1734,200,2.026884375820067,0.0001280960022995714,0.17241764068603516,True
1735,48,2.092581795000832,0.0002349030000914354,0.1724100112915039,True
1736,242,1.860596548886192,0.0001283590027014725,0.1724252700805664,True
1740,86,4.83528701866418,0.00012920500012114644,0.1724557876586914,True
1741,97,3.4664032028298584,0.00013055099771008827,0.17246341705322266,True
1742,158,2.7711467060494237,0.00013426599980448373,0.17253971099853516,True
1744,253,5.026108749823477,0.00013693100117961876,0.1725168228149414,True
1746,257,1.540911768618489,0.0001431239979865495,0.17243289947509766,True
1747,173,3.325007316806997,0.0001285800026380457,0.1724252700805664,True
1749,24,2.795366342563454,0.00015717200221843086,0.1724557876586914,True
1750,32,4.214806819123948,0.00013522200242732652,0.1725015640258789,True
1751,55,2.733767970801597,0.00020722099725389853,0.1725168228149414,True
1752,161,1.8222767880006858,0.00013577799836639315,0.17240238189697266,True
1754,282,2.9668870648086485,0.00013575800039689057,0.1724557876586914,True
1757,3,2.8617469834272575,0.00014308899699244648,0.17246341705322266,True
1758,231,1.950706410960338,0.00015349900058936328,0.17234134674072266,True
1759,17,1.9837832887350888,0.00014190499859978445,0.17243289947509766,True
1760,149,2.9831158633395005,0.00013280400162329897,0.1724252700805664,True
1762,5,2.384498951877568,0.00013660100012202747,0.1723184585571289,True
1763,178,1.478049922946279,0.0001412659985362552,0.17247867584228516,True
1764,190,0.8854773584316195,0.00014055000065127388,0.17240238189697266,True
1766,226,2.7962893350430145,0.00016338199930032715,0.17246341705322266,True
1767,200,0.8184285340422583,0.0001506789994891733,0.17234134674072266,True
1768,140,1.8865547933516797,0.00013117900016368367,0.17237186431884766,True
1774,134,1.8060605603155433,0.00014712099800817668,0.17240238189697266,True
1775,134,12.723084959310874,0.00013793600010103546,0.17257022857666016,True
1776,184,2.4697894497795083,0.00015725899720564485,0.17252445220947266,True
1780,179,2.8035808531337834,0.0001345469972875435,0.1724710464477539,True
1782,118,1.343483441964554,0.00013393200060818344,0.17240238189697266,True
1783,14,1.544066858855948,0.00013959100033389404,0.1725473403930664,True
1785,263,2.355123639874526,0.00013593400217359886,0.17241764068603516,True
1788,104,1.793896871373398,0.0001384880015393719,0.1724863052368164,True
1789,147,3.527185480756316,0.00013108599887345918,0.1723947525024414,True
1791,134,1.4242136491974502,0.00015537899889750406,0.17240238189697266,True
1793,263,2.34663936647478,0.00014879599984851666,0.1723947525024414,True
1796,147,3.287991949054311,0.00014643999747931957,0.1724863052368164,True
1797,173,9.007902161763166,0.00014843700046185404,0.17260074615478516,True
1800,118,2.5037494174248565,0.00013647500236402266,0.1724252700805664,True
1801,1,3.0122571741276323,0.00018070399892167188,0.1725168228149414,True
1802,7,3.043691614764151,0.00014386600014404394,0.17240238189697266,True
1803,200,2.374986348505037,0.0001504499996372033,0.17243289947509766,True
1804,200,4.231031389614764,0.00015349100067396648,0.1724557876586914,True
1806,127,3.40384297742151,0.00014670300151919946,0.17246341705322266,True
1808,184,3.6287342177037623,0.00013484000010066666,0.17240238189697266,True
1810,89,1.414680615014345,0.00013396999929682352,0.1724863052368164,True
1812,257,2.898925901900127,0.00013682999997399747,0.17247867584228516,True
1813,81,3.6497799382826708,0.00014056800137041137,0.17250919342041016,True
1816,103,14.347013368230382,0.00013997599671711214,0.17252445220947266,True
1818,3,2.1518196921095063,0.00014774900046177208,0.1725015640258789,True
1819,121,1.8916135938513328,0.0001890419989649672,0.17240238189697266,True
1822,54,3.4277253873646236,0.0001425990012648981,0.17247867584228516,True
1824,257,1.365309078541219,0.0001353859988739714,0.1724252700805664,True
1826,24,1.7559422118771513,0.00014579499838873744,0.17243289947509766,True
1828,227,1.8654986529464626,0.0001340769995294977,0.17240238189697266,True
1830,228,3.3206906557569114,0.00014264600031310692,0.17253971099853516,True
1831,257,3.410584337649918,0.00013971699809189886,0.1723794937133789,True
1832,272,7.2223411966443605,0.00012890300058643334,0.1724405288696289,True
1834,43,5.915376835457849,0.00019284600057289936,0.1724557876586914,True
1843,55,2.274936163345562,0.00012981499821762554,0.1724252700805664,True
1844,241,2.2617474497038215,0.00012796300143236294,0.1724100112915039,True
1845,218,2.5099903392470284,0.0001278710005863104,0.17238712310791016,True
1848,46,1.0188322098328484,0.00013293399752001278,0.17235660552978516,True
1849,89,1.0755877025469907,0.00023543700081063434,0.1724405288696289,True
1851,200,1.978848725803786,0.00012867300029029138,0.17243289947509766,True
1852,32,2.6079275101404327,0.0001394870014337357,0.1725015640258789,True
1853,170,10.254963145584219,0.00013739700079895556,0.17249393463134766,True
1854,257,1.0318137973603938,0.00013420599862001836,0.17234134674072266,True
1856,88,2.5253641743657407,0.0001408769967383705,0.1725168228149414,True
1857,158,3.98850671726798,0.00015318700025090948,0.17246341705322266,True
1858,192,2.618715377144992,0.00029620100031024776,0.1723489761352539,True
1859,242,1.6597605371086759,0.00013590299931820482,0.17238712310791016,True
1861,161,1.3924348608054569,0.00012729500303976238,0.17241764068603516,True
1863,14,2.311598504673393,0.0001492549999966286,0.17253971099853516,True
1864,159,2.246195938723879,0.00012984299974050373,0.17238712310791016,True
1865,200,1.4687488216102742,0.00012816600064979866,0.17238712310791016,True
1867,24,1.3666444513584968,0.0001517329983471427,0.1723337173461914,True
1868,46,1.8094372014656697,0.00014563899821951054,0.1723642349243164,True
1870,104,3.01185756401375,0.0001330920022155624,0.17244815826416016,True
1871,253,4.984500675594192,0.00013895300071453676,0.17257022857666016,True
1877,86,3.0742124551232024,0.00012873499872512184,0.17240238189697266,True
1879,209,2.0683591633243834,0.0002219519992650021,0.1723642349243164,True
1880,5,2.3879718082279373,0.00013113999739289284,0.1724863052368164,True
1882,117,2.5447638043069114,0.00015552900003967807,0.1723642349243164,True
1886,242,2.0745864920881165,0.00013038500037509948,0.17238712310791016,True
1887,17,1.8955705555579727,0.0001363079973089043,0.1724405288696289,True
1888,282,5.614415204781006,0.0001362349976261612,0.1724863052368164,True
1892,239,3.7526037244918498,0.0001578089977556374,0.17249393463134766,True
1895,114,26.0020928213848,0.00016583199976594187,0.1724710464477539,True
1898,63,5.103787498148021,0.00017681899771559983,0.17252445220947266,True
1904,24,1.224468780949979,0.0001279380012420006,0.1722879409790039,True
1905,39,7.344358035557306,0.0001456949976272881,0.1725168228149414,True
1906,158,5.310385802315548,0.00014139099948806688,0.1725320816040039,True
1911,3,5.162914090509285,0.0001373250015603844,0.1725168228149414,True
1912,118,1.436604132537718,0.00028299800032982603,0.17235660552978516,True
1914,257,1.6933681680061607,0.00014443899999605492,0.1723337173461914,True
1916,54,3.9878562008376046,0.00014213000031304546,0.17253971099853516,True
1918,89,2.0722527044349426,0.00013496499741449952,0.1724252700805664,True
1925,230,1.6490361456266347,0.00013026699889451265,0.17235660552978516,True
1928,34,3.66750631563958,0.00014147500041872263,0.17249393463134766,True
1929,227,1.844018982686981,0.0001386479998473078,0.1723489761352539,True
1932,83,2.9282776768475447,0.00013389200103119947,0.1724252700805664,True
1933,253,2.7078637850092293,0.00012853299995185807,0.1724405288696289,True
1935,5,1.5602910146267714,0.00013707299876841716,0.1724100112915039,True
1936,159,2.075845849310002,0.00013799700172967277,0.1723642349243164,True
1940,238,2.811872886213033,0.00013331999798538163,0.17238712310791016,True
1942,37,6.6073694710227375,0.00017024800035869703,0.1725473403930664,True
1944,114,5.3391235487387005,0.00014682000255561434,0.1726083755493164,True
1949,257,3.8123209714798403,0.00014745900261914358,0.1724557876586914,True
1951,60,1.8588499068537676,0.00013754900282947347,0.17250919342041016,True
1952,5,2.5223793730562294,0.00013029099864070304,0.1723947525024414,True
1955,102,3.228193920287141,0.00013138600115780719,0.1724710464477539,True
1957,257,2.397892703367142,0.00013298599878908135,0.1724710464477539,True
1966,71,6.786053421594345,0.00013962199955130927,0.17246341705322266,True
1967,232,2.474611405780871,0.00013141799718141556,0.1724405288696289,True
1969,169,1.8258119182512813,0.00013429899991024286,0.17243289947509766,True
1970,161,1.8800434492163385,0.00014328700126498006,0.17249393463134766,True
1971,99,7.127396049100853,0.00013363900143303908,0.1724252700805664,True
1973,17,1.8171899767123003,0.00013558999853557907,0.17246341705322266,True
1978,97,2.092993720721648,0.00013108900020597503,0.17241764068603516,True
1980,228,2.274207241293694,0.00012829199840780348,0.17235660552978516,True
1985,181,9.112352419342521,0.00014302100316854194,0.1725778579711914,True
1987,83,3.135667700434697,0.00013233999925432727,0.1724100112915039,True
1988,7,3.4177708770029325,0.00014633000319008715,0.17246341705322266,True
1990,239,1.8900516825602536,0.00012654700185521506,0.1723794937133789,True
1993,32,2.277711226454477,0.00012913699902128428,0.1724405288696289,True
2002,218,4.581377152058533,0.0001333880027232226,0.1725168228149414,True
2005,102,3.7897386858098465,0.00013236600352684036,0.17246341705322266,True
2006,5,3.4570982948263516,0.00014574799934052862,0.17243289947509766,True
2009,161,2.2855485781089895,0.0001390610013913829,0.1725320816040039,True
2011,161,3.5546397487719106,0.00016257699826383032,0.17246341705322266,True
2016,275,3.3312873375138623,0.00012919499931740575,0.17237186431884766,True
2021,112,9.073995370568712,0.00014173299859976396,0.17260074615478516,True
2022,184,2.2987089010514037,0.00013593999756267294,0.1724863052368164,True
2023,255,1.6896897718619537,0.0001385750001645647,0.1724710464477539,True
2024,54,1.8895012871903856,0.0001345429991488345,0.1724252700805664,True
2025,135,3.919591714616068,0.0001365509997413028,0.1724405288696289,True
2027,99,9.585581243593765,0.00014147299953037873,0.1725015640258789,True
2028,14,1.9302115121111962,0.00015193899889709428,0.17237186431884766,True
2030,1,5.22844978876667,0.00014699700113851577,0.1726541519165039,True
2031,253,2.5368478634723424,0.00013149100050213747,0.1724252700805664,True
2032,112,2.3096278872601657,0.00013621100151794963,0.17244815826416016,True
2033,232,6.956732620008501,0.00013029700130573474,0.17243289947509766,True
2035,7,3.4908072042640104,0.00013556900012190454,0.1724100112915039,True
2036,282,1.8631613461397718,0.0001294270005018916,0.17241764068603516,True
2037,31,19.54905584062999,0.0001578899973537773,0.17253971099853516,True
2039,107,2.7480954594331335,0.00014424699838855304,0.17249393463134766,True
2040,272,5.175301767460086,0.00013562200183514506,0.17247867584228516,True
2042,72,1.8268891718109992,0.00013582599785877392,0.1724100112915039,True
2045,134,3.463838531582626,0.00012952999895787798,0.17241764068603516,True
2046,140,2.1701543402747654,0.00012893000166513957,0.17243289947509766,True
2049,66,2.1514564498111586,0.00013767700147582218,0.17241764068603516,True
2050,34,1.7784780727156608,0.0001609700011613313,0.17243289947509766,True
2052,37,2.07979717560452,0.0001336799978162162,0.17246341705322266,True
2053,5,1.8437164506174875,0.00015186999735306017,0.17238712310791016,True
2058,206,2.152242631149743,0.00013254099758341908,0.1723947525024414,True
2059,86,2.21446808597801,0.0001717790000839159,0.1724252700805664,True
2061,130,3.5607514304121666,0.0001528350003354717,0.1724252700805664,True
2064,7,2.5142912239738493,0.00013497899999492802,0.17252445220947266,True
2065,140,7.563372863234879,0.00013393599874689244,0.1725320816040039,True
2066,255,3.714437855991893,0.0001318829999945592,0.1725015640258789,True
2068,226,4.991650313635626,0.00014561499847332016,0.1724557876586914,True
2071,158,1.9669596289757523,0.0001338500005658716,0.1724863052368164,True
2072,227,3.1441255004499555,0.00013147400022717193,0.17244815826416016,True
2073,238,1.3363984027028544,0.00014001199815538712,0.1723947525024414,True
2074,7,1.8454948924793178,0.00018734100012807176,0.17235660552978516,True
2077,37,1.042578047472947,0.00013138600115780719,0.17246341705322266,True
2078,117,2.7542543399456,0.00013194999701227061,0.17235660552978516,True
2079,203,1.4503532508849692,0.00014893400293658487,0.17238712310791016,True
2080,114,24.87961490979588,0.00012510499800555408,0.17240238189697266,True
2082,226,2.2029722671628016,0.00013670600310433656,0.17247867584228516,True
2083,89,2.0215378880802564,0.0001858160030678846,0.1723947525024414,True
2085,118,3.280610418503331,0.00019143500321661122,0.17247867584228516,True
2087,32,1.6657003755604687,0.0001283570018131286,0.1723947525024414,True
2089,112,4.822522786297718,0.00012926599811180495,0.1723947525024414,True
2090,66,2.849657153763906,0.00016777700147940777,0.1725015640258789,True
2094,255,1.9556647495331672,0.0001292710003326647,0.17243289947509766,True
2097,200,2.3732912006925413,0.00012960800086148083,0.17241764068603516,True
2098,184,6.7320631879423205,0.0001343869989796076,0.17252445220947266,True
2099,144,4.079557405020012,0.0001382429982186295,0.1726388931274414,True
2101,200,2.4307157312864223,0.00014315100270323455,0.1724252700805664,True
2102,31,23.448571203724974,0.0001364029994874727,0.17247867584228516,True
2103,117,2.027215261251995,0.00013178500012145378,0.1724100112915039,True
2104,231,1.097324804091091,0.00013316399781615473,0.1723947525024414,True
2107,46,1.576767850452172,0.00013460300033329986,0.1725320816040039,True
2113,140,1.1185876725001698,0.0001596530019014608,0.1724405288696289,True
2114,107,5.666708348045382,0.0001308029968640767,0.17244815826416016,True
2116,253,1.193125806526195,0.00015156899826251902,0.17241764068603516,True
2119,44,1.4430084647329058,0.00012604400035343133,0.1723794937133789,True
2120,242,1.8676710507055412,0.00014145499881124124,0.17246341705322266,True
2121,48,2.444447651778745,0.00014805499813519418,0.1724252700805664,True
2123,118,2.1260591095414285,0.00013443900024867617,0.1724100112915039,True
2124,268,3.365499150986338,0.0003119949979009107,0.17243289947509766,True
2126,140,2.184856701782706,0.00013906999811297283,0.17240238189697266,True
2127,26,2.521271227267794,0.00015903799794614315,0.17246341705322266,True
2129,55,2.453568977263471,0.00013942300211056136,0.1724863052368164,True
2130,245,2.316303948139318,0.00013251999916974455,0.1724252700805664,True
2131,24,1.2725858539200172,0.00013891299749957398,0.1723184585571289,True
2132,99,7.357682125248031,0.0001444529989385046,0.1725931167602539,True
2133,26,2.9009315475900963,0.00013168500299798325,0.1724557876586914,True
2134,44,1.7516364411460668,0.0001289669999096077,0.17238712310791016,True
2135,144,2.3587541372033733,0.00014229600128601305,0.17244815826416016,True
2136,129,3.1289511786900768,0.0001340509988949634,0.17249393463134766,True
2137,5,1.953520183363844,0.0001465780005673878,0.17246341705322266,True
2138,253,1.2110290880728927,0.00013327099804882891,0.17240238189697266,True
2143,263,4.465403350877559,0.00014645600094809197,0.17247867584228516,True
2144,88,2.714179845429681,0.00013553200187743641,0.1724405288696289,True
2145,158,2.2213064523452566,0.0001380399990011938,0.17244815826416016,True
2147,255,2.9751285725445586,0.0001344720003544353,0.1723947525024414,True
2148,121,35.168299314185546,0.00014334799925563857,0.17258548736572266,True
2149,158,3.5382413368013887,0.00013840400060871616,0.17244815826416016,True
2150,289,2.724165114067785,0.00015064399849507026,0.17250919342041016,True
2152,14,1.9599846234436118,0.00013612100156024098,0.1725625991821289,True
2153,5,1.587133602875349,0.0001334690023213625,0.17240238189697266,True
2156,180,1.6207497520549794,0.00013584699991042726,0.1725168228149414,True
2160,37,1.6955174283870034,0.00024321799719473347,0.17243289947509766,True
2161,135,1.8243171270545844,0.0004981650017725769,0.17246341705322266,True
2164,227,3.7675947976081225,0.00017612299780012108,0.1725168228149414,True
2166,122,2.9412089921256306,0.00014632799866376445,0.1723794937133789,True
2167,14,2.5204210248997883,0.00014724200082127936,0.17244815826416016,True
2169,184,2.9052623977747114,0.00015169900143519044,0.1724100112915039,True
2171,135,2.6239451670687646,0.00015690800137235783,0.17238712310791016,True
2175,241,2.0715265413734762,0.00015547399743809365,0.17241764068603516,True
2180,104,3.8738651467724807,0.00015861000065342523,0.1724557876586914,True
2181,15,1.1937624754630376,0.00015564600107609294,0.17246341705322266,True
2183,268,1.6117424897676098,0.00014290800027083606,0.1723337173461914,True
2184,268,1.4432026081813765,0.0001546220009913668,0.1724557876586914,True
2188,118,2.121074303592459,0.00013401300020632334,0.17237186431884766,True
2192,144,3.2257398588286916,0.00013162700270186178,0.17244815826416016,True
2193,17,2.0500895261121173,0.00015564399654977024,0.1724710464477539,True
2198,7,4.358318655865878,0.00014758000179426745,0.17246341705322266,True
2199,122,2.0935564819235757,0.00013645500075654127,0.1724252700805664,True
2200,203,1.9450335568965649,0.00028848500005551614,0.1724252700805664,True
2203,239,1.9316549507807876,0.00013429899991024286,0.1723947525024414,True
2204,122,2.873876728638699,0.0001300330004596617,0.17241764068603516,True
2208,135,5.3526495406900745,0.0001392740014125593,0.17247867584228516,True
2217,17,1.110284533215853,0.00013193300037528388,0.17240238189697266,True
2220,85,6.172605857313021,0.00013377600043895654,0.17241764068603516,True
2223,245,2.089489436353353,0.00013728200065088458,0.1724100112915039,True
2225,203,1.9184408919020004,0.0001459359991713427,0.17237186431884766,True
2226,81,3.257033099443005,0.00015636599709978327,0.1725473403930664,True
2227,32,1.2257002606792997,0.00014079600077820942,0.17232608795166016,True
2229,70,2.840532787338409,0.00013905200103181414,0.1724557876586914,True
2231,112,3.13936916257896,0.00016736500037950464,0.1724252700805664,True
2233,180,2.1411767815357123,0.00014759799887542613,0.17241764068603516,True
2234,242,1.467491300923787,0.00015234899910865352,0.17237186431884766,True
2235,178,1.7395281825404914,0.00014512800044030882,0.17246341705322266,True
2239,5,3.9786284196265056,0.00015269999857991934,0.1725473403930664,True
2240,159,3.464481705525613,0.00014710200048284605,0.1724252700805664,True
2242,227,1.8836780740417254,0.00014917400039848872,0.17243289947509766,True
2243,140,2.639088711071347,0.00013464999938150868,0.17246341705322266,True
2244,253,3.1981409245905765,0.0001412639976479113,0.1725168228149414,True
2245,159,2.351922430885764,0.000132119999761926,0.1724405288696289,True
2249,131,3.4187046197466717,0.00013273500007926486,0.1724557876586914,True
2251,270,2.4788109940310687,0.00012897800115752034,0.1724557876586914,True
2255,31,41.32989761182604,0.00013926500105299056,0.17253971099853516,True
2256,270,2.5914392412909932,0.0002949289992102422,0.1724252700805664,True
2259,242,3.1567238477647104,0.00014798499978496693,0.17247867584228516,True
2261,173,4.388334061950995,0.0001321970012213569,0.17250919342041016,True
2262,242,1.264429087270381,0.00012853599764639512,0.1723947525024414,True
2264,121,1.76691948679298,0.0001260110002476722,0.1723184585571289,True
2269,26,4.843367889893938,0.00013001299885218032,0.17243289947509766,True
2272,288,1.839915664637122,0.0001261429970327299,0.17238712310791016,True
2273,242,2.75960367942978,0.00012828399849240668,0.1724405288696289,True
2274,112,2.7873527684834665,0.00013185799980419688,0.1724100112915039,True
2278,134,2.1215140268843578,0.00014357799955178052,0.17243289947509766,True
2279,155,2.408583577825951,0.0002477140005794354,0.1723794937133789,True
2283,107,4.222466940804971,0.00014119600018602796,0.17243289947509766,True
2286,122,3.264746644114904,0.00012597299792105332,0.1723642349243164,True
2287,118,2.4525514837169586,0.00015652200090698898,0.17240238189697266,True
2288,55,2.1406524611185263,0.0001268519990844652,0.1723337173461914,True
2289,239,2.5711619645913055,0.00013588000001618639,0.1723794937133789,True
2294,46,2.0613434927695207,0.0001364919990010094,0.17244815826416016,True
2297,1,5.25760547775748,0.00014312200073618442,0.1725473403930664,True
2299,5,2.8335966744479926,0.00014188299974193797,0.1723947525024414,True
2300,5,1.3429568926440958,0.00013528500130632892,0.1723642349243164,True
2301,231,3.0638809564410487,0.00016653199782012962,0.1724100112915039,True
2302,192,1.7239858605379201,0.0001223419967573136,0.1723031997680664,True
2303,200,1.7299161963160679,0.0001326749988947995,0.17244815826416016,True
2304,270,3.4911341786922305,0.000140279000333976,0.17244815826416016,True
2309,180,3.830548878554529,0.00012907000200357288,0.17244815826416016,True
2310,258,2.065258740415929,0.0005032549997849856,0.1724100112915039,True
2314,71,16.598964854042404,0.00013562999811256304,0.1724863052368164,True
2316,80,2.4836027838597463,0.00013108699931763113,0.1724100112915039,True
2318,130,2.429772685281517,0.00012899099965579808,0.17237186431884766,True
2319,32,5.154681962866953,0.00014491199908661656,0.1726388931274414,True
2321,230,2.7663621563292353,0.00013916700117988512,0.17246341705322266,True
2329,375,17.57412323943393,0.00014206299965735525,0.17263126373291016,False
2332,230,1.7726325435319323,0.00013466800010064617,0.17243289947509766,True
2333,264,2.259386957143414,0.00013204399874666706,0.17241764068603516,True
2335,135,1.522950536834842,0.0001428319992555771,0.1724100112915039,True
2338,15,1.119005478222521,0.0001337060020887293,0.17243289947509766,True
2341,206,2.813904385343962,0.00012735800191876478,0.1724100112915039,True
2342,258,1.2179029441588212,0.0001532419992145151,0.1724100112915039,True
2343,255,4.3991487835229295,0.00014271899999585003,0.1724863052368164,True
2344,5,3.3697543481372327,0.00017196399858221412,0.17250919342041016,True
2346,102,3.617058287822132,0.00013969199790153652,0.1725625991821289,True
2347,239,3.0027119914706217,0.00014685100177302957,0.17250919342041016,True
2348,77,6.184751362046178,0.00014765900050406344,0.17241764068603516,True
2351,155,2.5424921809542926,0.0001340910021099262,0.1724100112915039,True
2352,14,2.0813229550476025,0.00014467000073636882,0.1725320816040039,True
2354,5,2.7793604829750245,0.00013348599895834923,0.1725168228149414,True
2355,15,2.1434530680434345,0.00013376199785852805,0.17247867584228516,True
2356,131,3.8196386312609087,0.00014092999845161103,0.1724863052368164,True
2357,180,1.9467050325772208,0.00013199699969845824,0.1723642349243164,True
2358,66,3.0441113882351694,0.00013576300261775032,0.17243289947509766,True
2359,32,2.909706215576442,0.00013419500101008452,0.17243289947509766,True
2360,69,2.34317360761426,0.00013093300003674813,0.1723947525024414,True
2362,231,1.3543229284060818,0.00013952999870525673,0.17247867584228516,True
2363,147,3.2017440246777467,0.00012459299978218041,0.1723337173461914,True
2364,226,1.3655872503683222,0.0001392640006088186,0.1724405288696289,True
2368,129,1.7061616743396355,0.00012657700062845834,0.1723642349243164,True
2372,89,1.5640483368303915,0.00013490600031218491,0.1723947525024414,True
2373,104,4.701764090777628,0.00013586699787992984,0.1725931167602539,True
2375,86,4.591718810759784,0.0001314229994022753,0.1724405288696289,True
2376,253,1.4668502284560216,0.0003894000001309905,0.1723489761352539,True
2378,37,4.975915712387282,0.00014356700194184668,0.17252445220947266,True
2379,117,4.2861949563603154,0.00013458600005833432,0.1725168228149414,True
2380,275,2.949245689317777,0.00013048099935986102,0.17243289947509766,True
2383,77,4.423661551946643,0.00013511200086213648,0.1725320816040039,True
2384,239,1.418696581759943,0.00013602299804915674,0.1723794937133789,True
2385,34,1.570965502965922,0.00013210199904278852,0.17247867584228516,True
2386,263,4.331402663989904,0.00014545299927704036,0.17238712310791016,True
2387,114,7.423715455251368,0.00016318500274792314,0.1725015640258789,True
2388,158,2.5338052961293993,0.00013057000251137652,0.1724252700805664,True
2391,159,3.2246559649826323,0.00013353699978324585,0.1724557876586914,True
2392,257,4.561265846945055,0.00013000999751966447,0.17244815826416016,True
2394,112,3.281272653654483,0.0001370089994452428,0.17252445220947266,True
2396,77,10.143422788511465,0.00014410400035558268,0.17249393463134766,True
2397,161,2.553944094672884,0.0001336170025751926,0.1724252700805664,True
2399,169,1.9772776558205167,0.00013619400124298409,0.17243289947509766,True
2400,26,3.397120896001725,0.00013130600200383924,0.17249393463134766,True
2401,79,7.739174184169577,0.00013942299847258255,0.17249393463134766,True
2403,275,2.5700356092317813,0.00013190800018492155,0.17244815826416016,True
2407,242,1.9291449909952003,0.0001230510024470277,0.17235660552978516,True
2414,144,2.684324975962271,0.00013593800031230785,0.17246341705322266,True
2415,102,4.088107578549271,0.0001445359994249884,0.17255496978759766,True
2416,70,1.2184819242952019,0.00013950799984741025,0.17247867584228516,True
2417,63,2.764314742913344,0.00016440699982922524,0.1725015640258789,True
2418,15,1.7312539271433762,0.00015791899932082742,0.1724405288696289,True
2421,149,2.592276084727335,0.0001336980021733325,0.17241764068603516,True
2422,207,2.3665716030272654,0.00014428199938265607,0.17243289947509766,True
2423,48,4.17349152705609,0.00017117499737651087,0.1723947525024414,True
2424,147,2.2868065795339714,0.0001436200000171084,0.1723947525024414,True
2428,200,4.185453127136215,0.00014677599756396376,0.17249393463134766,True
2429,231,2.162280501894612,0.00014735799777554348,0.1723642349243164,True
2430,242,2.121486474007992,0.0001477089972468093,0.17249393463134766,True
2432,102,4.820423611155772,0.00015733999680378474,0.1725473403930664,True
2433,253,4.699696142875663,0.00017122899953392334,0.1725320816040039,True
2436,263,2.042856900388224,0.00013557499914895743,0.1723947525024414,True
2438,107,4.618247574132947,0.000150273997860495,0.1724252700805664,True
2439,255,2.6421810872098614,0.0001353169973299373,0.1724557876586914,True
2443,170,29.40763604266264,0.00014908699813531712,0.17252445220947266,True
2444,257,4.129527284147643,0.00015010400238679722,0.17250919342041016,True
2445,273,3.656378330437839,0.00013728599878959358,0.1724557876586914,True
2447,255,2.709922336946875,0.0001602160009497311,0.1724252700805664,True
2452,263,2.8043861285438085,0.00013428600141196512,0.17244815826416016,True
2454,32,4.2059685858624025,0.00015990099927876145,0.17246341705322266,True
2455,200,1.7419120164142998,0.0001378839988319669,0.1724100112915039,True
2457,34,1.3661880531566315,0.00014470099995378405,0.17237186431884766,True
2458,147,2.619978573455132,0.00016196800061152317,0.17247867584228516,True
2460,69,7.839044293941154,0.00013885099906474352,0.1724405288696289,True
2464,248,2.700177450102704,0.00013955800022813492,0.17252445220947266,True
2465,218,7.598577733846439,0.00014015200213179924,0.1725320816040039,True
2466,117,2.4240042959363715,0.00013485799718182534,0.1724252700805664,True
2467,192,3.3741102744389897,0.00013648899766849354,0.1724252700805664,True
2468,32,2.0252645648450263,0.00015108799925656058,0.17243289947509766,True
2471,218,2.218945800246911,0.00013986799967824481,0.1724863052368164,True
2473,118,2.067639627020358,0.0001512320013716817,0.1724252700805664,True
2474,200,2.1992323708613037,0.00015684900063206442,0.17246341705322266,True
2475,85,2.1501087383974977,0.0001354550004180055,0.17244815826416016,True
2476,15,3.0425438366195787,0.0001706690018181689,0.17241764068603516,True
2478,70,1.848477634652429,0.00015061999874887988,0.17246341705322266,True
2479,34,2.8631348933586036,0.00014692399781779386,0.17250919342041016,True
2480,155,2.7397433953625248,0.00013717199908569455,0.1723642349243164,True
2483,5,3.022133606348663,0.00013348499851417728,0.17240238189697266,True
2486,239,1.7511404704248608,0.00013000000035390258,0.1723489761352539,True
2487,200,2.5425510731191903,0.00014627799828303978,0.1724557876586914,True
2488,5,1.8459789479993007,0.000140203999762889,0.17244815826416016,True
2490,14,2.8190406023828363,0.00015172799976426177,0.1725625991821289,True
2494,147,2.884336178700236,0.0001569539999763947,0.17243289947509766,True
2496,248,3.2071643293415835,0.00015889800124568865,0.1725473403930664,True
2497,147,2.0609020821557333,0.00016956999752437696,0.17238712310791016,True
2498,258,2.6927761166994584,0.000246777999564074,0.1725015640258789,True
2500,258,2.6402366112714635,0.0001491170005465392,0.17244815826416016,True
2501,118,1.6066250877909225,0.00015080099910846911,0.1724710464477539,True
2504,248,4.523495390999049,0.0001573490008013323,0.1725320816040039,True
2505,44,1.5702395199931323,0.00015029699716251343,0.1724100112915039,True
2507,257,2.2077545944011825,0.00014474400086328387,0.17237186431884766,True
2508,232,24.295059749280668,0.00015300399900297634,0.1725778579711914,True
2510,232,2.0160816891303077,0.00017156499961856753,0.17238712310791016,True
2511,147,2.5086688762800193,0.0001474780001444742,0.17247867584228516,True
2512,24,1.9193851827880521,0.00016400000095018186,0.1724405288696289,True
2514,118,3.2788829704055047,0.00014278199887485243,0.17237186431884766,True
2515,248,2.722379579726012,0.0001418249994458165,0.1723642349243164,True
2520,181,15.332995983786502,0.00015619700207025744,0.1725931167602539,True
2521,230,1.6345915138298965,0.0001355399981548544,0.1723947525024414,True
2524,275,4.479603938917509,0.0001410629993188195,0.1724557876586914,True
2525,238,2.5784292625173832,0.00013575500270235352,0.1723794937133789,True
2526,14,2.074873378431268,0.00013007999950787053,0.17247867584228516,True
2529,37,2.384581557685232,0.00013984899851493537,0.1724100112915039,True
2531,241,2.5773215489780257,0.00014319299953058362,0.17238712310791016,True
2532,155,3.346076687927081,0.00013473500075633638,0.17244815826416016,True
2534,102,1.108618994562088,0.00013288500122143887,0.1724405288696289,True
2535,248,1.6247657292831386,0.00014519500109599903,0.17238712310791016,True
2536,46,1.2099338567189903,0.00015164100113906898,0.1723947525024414,True
2538,37,2.619835889999304,0.00015182900096988305,0.1724710464477539,True
2539,117,1.2435146602535248,0.0001592050030012615,0.1723489761352539,True
2541,44,3.0762509057646064,0.00015104499834706075,0.17250919342041016,True
2542,264,2.6716452181370736,0.000149965999298729,0.17244815826416016,True
2543,282,1.8691164070597488,0.00015320300008170307,0.17238712310791016,True
2545,122,3.0551667306499017,0.0001775579985405784,0.17249393463134766,True
2547,66,3.1898084224487575,0.00013721100185648538,0.1724557876586914,True
2548,77,8.141265556379874,0.0001551790010125842,0.1726236343383789,True
2549,117,2.4200414836687503,0.00014163200103212148,0.1723642349243164,True
2550,89,1.4598868309190023,0.00012504999904194847,0.1723642349243164,True
2552,275,1.8669383362114111,0.00015746999997645617,0.17241764068603516,True
2554,149,2.781642459489734,0.00015079000149853528,0.1724557876586914,True
2557,140,2.500956380522246,0.0001347619981970638,0.17238712310791016,True
2560,15,1.1196105472397744,0.00013666399900102988,0.17241764068603516,True
2565,46,1.6202495008293611,0.0001374220009893179,0.17241764068603516,True
2566,253,1.7417339151826772,0.0001360950009257067,0.1723794937133789,True
2568,159,3.09627090752077,0.000141918000736041,0.17246341705322266,True
2570,135,0.8705615860369683,0.00015814900325494818,0.1724100112915039,True
2571,97,2.4511140829881235,0.0001321259987889789,0.1723947525024414,True
2572,144,2.429198262266249,0.0001355579988739919,0.17250919342041016,True
2574,207,3.5276882856302536,0.00013556100020650774,0.17246341705322266,True
2575,170,11.022535507211364,0.00014860300143482164,0.17252445220947266,True
2576,273,1.6002257517278615,0.00013209000098868273,0.1723947525024414,True
2578,158,2.5892365861301827,0.00013796200073556975,0.17241764068603516,True
2579,15,1.0564218232731621,0.00013246099842945114,0.17246341705322266,True
2584,242,1.3668175507892182,0.0001267100014956668,0.17237186431884766,True
2585,32,4.047092909936143,0.00013504900198313408,0.17247867584228516,True
2586,3,1.7208455671259506,0.00019396800053073093,0.1724557876586914,True
2588,263,2.4623511569803407,0.00013566699999500997,0.1724100112915039,True
2589,129,3.6304953795263546,0.0001675629973760806,0.17246341705322266,True
2590,230,1.76008205188313,0.00015892700321273878,0.17243289947509766,True
2591,194,18.64456272952286,0.00013009900067117997,0.1723947525024414,True
2592,253,1.0661962508667313,0.00013417299851425923,0.17238712310791016,True
2596,192,3.6976933402533128,0.00015211899881251156,0.17243289947509766,True
2597,282,1.9702952280782595,0.00012792800043825991,0.17240238189697266,True
2598,32,1.4139724901095245,0.00013868099995306693,0.17238712310791016,True
2601,112,2.9065251709087296,0.0001564880003570579,0.17241764068603516,True
2603,180,1.6767834753836075,0.00013154100088286214,0.17235660552978516,True
2604,15,1.428867336224558,0.0001857110000855755,0.17243289947509766,True
2605,268,5.4790391810180985,0.00014318800094770268,0.17258548736572266,True
2606,135,2.822568006607518,0.0001344500014965888,0.1724557876586914,True
2608,107,16.67122432333028,0.00014645200280938298,0.1725625991821289,True
2609,227,3.020824240745244,0.00015420199997606687,0.1724100112915039,True
2611,46,1.652401479039501,0.0001905190001707524,0.1724710464477539,True
2613,232,1.699856515910986,0.0001730779986246489,0.17238712310791016,True
2614,44,2.270149272732256,0.00020255999697837979,0.17241764068603516,True
2615,268,2.168000046705001,0.0001409760006936267,0.1723337173461914,True
2619,161,1.6231117800063153,0.0001501220031059347,0.17250919342041016,True
2620,71,2.7578325131355306,0.00015846099995542318,0.17243289947509766,True
2623,81,2.7276427529703478,0.00019226799850002863,0.1725778579711914,True
2624,181,10.818397066608963,0.0001478000012866687,0.1725320816040039,True
2628,319,1.8854901385208387,0.00014982899665483274,0.1725168228149414,True
2630,417,2.6278078550456194,0.0001554119990032632,0.1725625991821289,True
2632,399,1.7645319060328617,0.00018851000277209096,0.1725778579711914,True
2635,319,2.008905253705181,0.00013944300008006394,0.1725015640258789,True
2636,311,2.3654510918564,0.00014382700101123191,0.1725168228149414,True
2637,303,2.005475196875165,0.00014186599946697243,0.17249393463134766,True
2638,303,1.6562409001826277,0.0001649430014367681,0.1725625991821289,False
2639,375,1.8087333650073631,0.0001504440006101504,0.17243289947509766,True
2640,319,1.6836318679595166,0.0001435610029147938,0.1725320816040039,True
2641,311,2.470480825273047,0.00013986299745738506,0.1725625991821289,True
2642,319,2.0002761307379986,0.00014579499838873744,0.17257022857666016,True
2643,316,1.8137251370250387,0.00014536800154019147,0.1725778579711914,True
2644,375,1.6193775822316625,0.00013565500194090419,0.17247867584228516,True
2648,410,1.905725741287062,0.0001571100001456216,0.17250919342041016,True
2650,417,3.062235849616055,0.00013993299944559112,0.1725473403930664,True
2653,429,3.003229642376959,0.00013536499682231806,0.17244815826416016,True
2654,331,1.5069457512036935,0.000132231001771288,0.17250919342041016,True
2657,410,1.3038736216445013,0.00014076599836698733,0.17252445220947266,True
2659,372,1.865928467167362,0.00013532600132748485,0.1724863052368164,True
2660,428,3.389590474671586,0.00018303400065633468,0.17252445220947266,True
2662,452,40.1022365468929,0.00030182499904185534,0.1726846694946289,True
2664,399,1.910850526507158,0.0001560119999339804,0.1725778579711914,True
2667,309,1.2808376472284095,0.00016827899889904074,0.17250919342041016,True
2668,316,0.8357693160776538,0.00014653099788120016,0.17244815826416016,True
2669,428,2.222560616796155,0.00013341500016395003,0.17249393463134766,True
2673,316,1.441423638476999,0.00014579499838873744,0.17249393463134766,True
2675,316,1.4447781643987927,0.00013450000187731348,0.17247867584228516,True
2676,399,1.292945992680839,0.00013198899978306144,0.1724100112915039,True
2677,309,0.6661535228342955,0.00015271499796654098,0.1724710464477539,True
2680,437,2.3109927507476677,0.0001359879970550537,0.17250919342041016,True
2681,320,2.106615749043431,0.0001429210024070926,0.17261600494384766,True
2690,320,1.642838550249047,0.00013994799883221276,0.17247867584228516,True
2691,316,1.5542096149396922,0.00014584599921363406,0.17250919342041016,True
2692,309,1.3303401524233915,0.0001281830009247642,0.1723947525024414,True
2693,309,1.6041904983335002,0.00014305399963632226,0.1724405288696289,True
2695,393,3.6726349987519877,0.00013292700168676674,0.1725015640258789,True
2698,404,4.133605560770748,0.000135172998852795,0.17249393463134766,True
2699,320,1.8965825239088012,0.00014144899978418835,0.17253971099853516,True
2701,311,3.1303632783919837,0.00013493300139089115,0.1725473403930664,True
2702,383,2.4155979665022644,0.0001387309966958128,0.17235660552978516,True
2704,350,1.7912084556003034,0.00013231199773144908,0.1724863052368164,True
2705,337,1.9359863400207216,0.0001352239996776916,0.1724557876586914,True
2707,316,1.1885959948846019,0.00012704599794233218,0.17240238189697266,True
2709,31,94.73058716941372,0.00013412599946605042,0.17252445220947266,False
2710,34,32.010395813282614,0.0001389480021316558,0.1726236343383789,False
2713,489,1.704091166925115,0.0001485659995523747,0.1724557876586914,False
2714,330,8.683319953895628,0.0001415129991073627,0.17263126373291016,True
2715,493,148.39834049988374,0.00015237799743772484,0.17263126373291016,True
2716,264,49.241452459748764,0.00014586600082111545,0.17260074615478516,False
2717,311,2.415341207999887,0.0004044979978061747,0.1726541519165039,True
2718,317,3.0062537723610814,0.000148172999615781,0.17261600494384766,True
2719,410,1.5279369714220996,0.00013606499851448461,0.17247867584228516,True
2723,496,8.126710021034299,0.00013766999836661853,0.17257022857666016,False
2724,319,3.7112828535532416,0.0001629410035093315,0.17261600494384766,True
2727,331,1.2809705450059967,0.00014884299889672548,0.1725015640258789,True
2729,375,1.2827192072673859,0.0001340099988738075,0.17246341705322266,True
2732,89,6.889658848626171,0.000140848002047278,0.1725473403930664,False
2733,413,1.3035827574188616,0.00013371699969866313,0.1724710464477539,True
2735,462,1.2861114613399351,0.00014356799874803983,0.17250919342041016,True
2737,376,0.95457183144217,0.00012977100050193258,0.17240238189697266,True
2739,320,4.514233776650506,0.00015775900101289153,0.17247867584228516,True
2741,350,1.4872876761923994,0.00013704400043934584,0.1725168228149414,True
2746,424,1.7947955395201258,0.00013146799756214023,0.1724405288696289,True
2749,391,1.3477997887237443,0.0001337630019406788,0.1724252700805664,True
2751,452,34.689151995195765,0.0001957180029421579,0.1727151870727539,True
2752,37,26.119142359040715,0.0003037980022781994,0.1724863052368164,False
2754,432,2.830816550944234,0.0001503490020695608,0.17253971099853516,True
2755,309,1.055526847734507,0.00013280499842949212,0.1724252700805664,True
2756,309,0.8764837112181647,0.00013340399891603738,0.1724100112915039,True
2757,311,2.371604672505682,0.0001494349999120459,0.17253971099853516,True
2758,433,2.037930517123215,0.00014114700024947524,0.1724100112915039,True
2760,350,3.064078124331784,0.00026718899971456267,0.17255496978759766,True
2761,376,1.5035373335718387,0.00012939299995196052,0.17235660552978516,True
2762,428,2.532026269941491,0.00013160399976186454,0.1724710464477539,True
2763,346,1.8569031547709487,0.00013668100291397423,0.17252445220947266,True
2764,366,3.6640463451276686,0.00014838599963695742,0.17249393463134766,True
2765,439,1.510402199642457,0.00013405300342128612,0.17246341705322266,True
2771,312,2.806150541107918,0.0001380869980494026,0.17255496978759766,True
2773,309,0.9932904093307147,0.00012469500143197365,0.1723642349243164,True
2775,346,2.7967255009939467,0.00013281300198286772,0.17243289947509766,True
2777,496,12.648178234182906,0.0001353820007352624,0.1724710464477539,False
2781,446,3.9652983779162234,0.00014628300050389953,0.17264652252197266,True
2784,70,9.50878961405719,0.00013959300122223794,0.17255496978759766,False
2787,334,1.1218087590682624,0.0001963600007002242,0.17255496978759766,True
2789,362,2.761915472380148,0.00015183300274657086,0.1725778579711914,True
2792,334,1.5841363434249318,0.0001403639980708249,0.1725625991821289,True
2793,410,1.7773204652840606,0.00013468600081978366,0.17243289947509766,True
2798,331,2.9952504209455655,0.000141194999741856,0.17255496978759766,True
2799,410,1.2411781424953394,0.0001495910000812728,0.1724863052368164,True
2801,311,3.057578964112443,0.00017941400074050762,0.17258548736572266,True
2802,340,2.220920989693574,0.00015147500016610138,0.1724710464477539,True
2804,70,5.082693205102615,0.00014690600073663518,0.1724710464477539,False
2808,319,1.4738987730224489,0.00014531899796565995,0.1725473403930664,True
2809,375,1.492026155562796,0.0001439909974578768,0.17260074615478516,True
2811,410,0.7616022527466778,0.00013265400048112497,0.17240238189697266,True
2813,37,21.586183810013704,0.0001404430004185997,0.17246341705322266,False
2814,434,27.25155581712055,0.0001401550034643151,0.17252445220947266,True
2815,97,153.5255085423967,0.00015442999938386492,0.1727609634399414,False
2816,311,1.3754165018092217,0.00013541099906433374,0.17244815826416016,True
2820,383,1.797399408772273,0.00013738699999521486,0.1725015640258789,True
2821,410,1.4186258312232565,0.00015009599883342162,0.1724405288696289,True
2825,346,2.734705230657757,0.00014117099999566562,0.17252445220947266,True
2826,410,1.3486960037055253,0.000139326999487821,0.17241764068603516,True
2827,413,2.5216036405937072,0.0001353900006506592,0.1724863052368164,True
2830,33,10.753855704374798,0.00015100499877007678,0.1725168228149414,False
2832,334,2.4282553665340387,0.00013663099889527075,0.1724252700805664,True
2839,433,2.103708043053389,0.00013265999950817786,0.1724405288696289,True
2840,337,1.4179450327671368,0.00013035200026934035,0.17244815826416016,True
2841,439,3.5706172598380443,0.0001338580004812684,0.1725320816040039,True
2847,437,2.0701457354078157,0.00018970699966303073,0.17240238189697266,True
2849,309,1.5280653262056574,0.00020453699835343286,0.1724863052368164,True
2850,489,1.7112254058947776,0.00014332599675981328,0.1724557876586914,False
2851,407,2.9807707726167383,0.00013379499796428718,0.17247867584228516,True
2852,439,2.056092821513925,0.00013946800027042627,0.17249393463134766,True
2855,85,8.692280664003281,0.0001436989987269044,0.1726083755493164,False
2858,407,2.8725247878406477,0.00018032899970421568,0.1724863052368164,True
2859,323,1.9926483813613511,0.00013411100007942878,0.1723947525024414,True
2863,316,1.5357767511820242,0.00014105000082054175,0.17253971099853516,True
2864,410,3.980592021906207,0.0001404469985573087,0.1725473403930664,True
2869,311,1.5143287226224627,0.00015890200302237645,0.17252445220947266,True
2870,319,1.3173641372449947,0.00013582499741460197,0.1725015640258789,True
2871,334,2.3676933152681925,0.00013232299897936173,0.17249393463134766,True
2873,316,1.6300813379431893,0.00014344900046125986,0.17249393463134766,True
2874,311,1.6708302751544548,0.00023030900047160685,0.1725015640258789,True
2875,487,2.7700317951118643,0.00013058100012131035,0.1724557876586914,True
2877,441,7.0559775240445815,0.00014117499813437462,0.17255496978759766,True
2880,410,2.660522544256463,0.0001408140014973469,0.17252445220947266,True
2884,410,2.3504327085382597,0.00018202899809693918,0.17257022857666016,True
2887,322,1.947552890397842,0.00014077900050324388,0.1724710464477539,True
2888,410,3.031892814038768,0.000144934998388635,0.17260074615478516,True
2892,493,182.04540487311678,0.00014187300257617608,0.1723337173461914,False
2893,399,0.9105119438793775,0.0001252349975402467,0.17237186431884766,True
2894,346,1.0800621694271422,0.00014489599925582297,0.1725320816040039,True
2897,317,8.94320846264332,0.00014173300223774277,0.17267704010009766,True
2898,317,2.6243976502035844,0.00014588400154025294,0.17263126373291016,True
2900,391,5.589252944433518,0.0001604570024937857,0.1725473403930664,True
2902,489,0.9254303966327252,0.0001388749988109339,0.1724710464477539,False
2903,325,1.2261235428268529,0.00013948000196251087,0.17247867584228516,True
2908,493,12.463343245708455,0.00014233100228011608,0.17255496978759766,False
2914,492,1.6472627835949452,0.00013769200086244382,0.17244815826416016,False
2916,424,2.077800620254645,0.0001337710018560756,0.1724252700805664,True
2917,437,2.6606711545022446,0.0001384069983032532,0.17253971099853516,True
2919,407,1.9323892512106537,0.00014146399917080998,0.1725168228149414,True
2921,316,1.2714448701286443,0.00014297700181487016,0.1724710464477539,True
2924,377,1.9650753460605281,0.0001320750016020611,0.1724100112915039,True
2925,437,2.27986027692708,0.000129028001538245,0.17246341705322266,True
2927,37,15.329692208780262,0.00013380499876802787,0.1725168228149414,False
2928,149,10.102400694284151,0.00013548999777412973,0.17255496978759766,False
2930,356,121.77943645730345,0.00015934399925754406,0.1726846694946289,False
2931,158,8.24107093618191,0.0001347010002064053,0.17257022857666016,False
2934,350,1.3256921281590583,0.0001329320002696477,0.1724710464477539,True
2936,114,22.980466467746833,0.0003863810015900526,0.17258548736572266,False
2938,399,0.817855804104427,0.00013934600065113045,0.17249393463134766,True
2940,496,4.471524076497579,0.0001356210013909731,0.17252445220947266,False
2941,462,1.2838022997634762,0.00013409600069280714,0.1724557876586914,True
2942,337,1.485742364977085,0.00014074200225877576,0.17249393463134766,True
2944,437,1.42611037454752,0.00013668400060851127,0.17243289947509766,True
2945,376,2.0185952224008816,0.00013435200162348337,0.17255496978759766,True
2949,462,1.5424708263226585,0.00013512400255422108,0.17241764068603516,True
2950,496,2.553877577390728,0.00013033399955020286,0.17249393463134766,True
2953,317,2.629025322143256,0.00013739099813392386,0.1724863052368164,False
2956,487,7.713896323761919,0.0001328170001215767,0.17249393463134766,False
2957,372,1.8809586862729324,0.0001401089975843206,0.17252445220947266,False
2958,346,1.5508495974724443,0.00013806400238536298,0.1724405288696289,True
2959,330,1.4212618262471013,0.00015020600039861165,0.17253971099853516,True
2962,407,3.2440322361118445,0.0001381189977109898,0.1725778579711914,True
2965,337,2.1808349641891795,0.0001340810013061855,0.17246341705322266,True
2966,337,2.399408479036573,0.00013724499876843765,0.17246341705322266,True
2968,346,1.2936987266147437,0.00013149300139048137,0.17249393463134766,True
2970,350,2.4116224100558594,0.00013285800014273264,0.1725168228149414,True
2971,496,2.7262223427526213,0.0001330820014118217,0.1725015640258789,True
2972,460,8.300133209226319,0.00017494499843451194,0.1725015640258789,True
2973,407,3.7823690467353552,0.00013692699940293096,0.17258548736572266,True
2974,303,0.9767110374281611,0.00015560899919364601,0.1725015640258789,True
2975,429,2.2521644604449578,0.0001328350008407142,0.17246341705322266,True
2976,298,2.216335082196864,0.00013084600141155533,0.17247867584228516,True
2977,393,2.8678076390578875,0.00013504700109479018,0.1724405288696289,False
2980,492,3.1562558841346515,0.00013543199747800827,0.1725168228149414,False
2982,316,1.0520598444933102,0.00012981700274394825,0.17235660552978516,True
2983,437,1.3650311956182015,0.00014112300050328486,0.1724252700805664,True
2984,336,3.521909830347693,0.00013158200090401806,0.1724100112915039,False
2985,346,1.1398390984337858,0.00012802199853467755,0.17240238189697266,True
2988,366,4.014172909853655,0.00014022499817656353,0.17249393463134766,True
2989,489,1.6538920567936228,0.00013573700198321603,0.17255496978759766,False
2991,376,1.9222260474258575,0.00018208300025435165,0.1724557876586914,True
2992,407,4.135608401814328,0.00015186200107564218,0.17250919342041016,True
2994,340,1.151921717003138,0.00012848999904235825,0.1723794937133789,True
2995,337,3.201842878229428,0.00015406999955303036,0.17253971099853516,True
2996,496,2.2809008948228566,0.00022660700051346794,0.17249393463134766,False
2998,331,2.291006134035939,0.00015208600234473124,0.1724863052368164,False
2999,433,1.8272603562108694,0.00013626800136989914,0.17244815826416016,False
3004,399,2.244914819652832,0.00012994700227864087,0.17247867584228516,True
3006,294,1.2663641140767026,0.00014001799718244,0.1723642349243164,True
3009,437,2.1179198723653285,0.0001307519996771589,0.17246341705322266,True
3015,320,2.0359326598073677,0.00013835700156050734,0.17244815826416016,True
3016,372,2.0560963798668688,0.00012903699825983495,0.1724557876586914,True
3017,311,1.7524743501713798,0.0001373310005874373,0.17255496978759766,True
3023,325,5.534396781604698,0.00013610200039693154,0.1725168228149414,True
3024,391,3.5289356915832206,0.00016583199976594187,0.1724863052368164,True
3031,389,0.8226881698805705,0.0001338440015388187,0.1723794937133789,True
3033,446,12.974056288402112,0.00014385199756361544,0.1726541519165039,False
3044,417,1.211682130002195,0.0001378919987473637,0.1724710464477539,True
3045,331,1.8569595908236445,0.00012823499855585396,0.17244815826416016,True
3047,317,2.727214866053044,0.00015754500054754317,0.1725778579711914,True
3052,354,2.1447082394335237,0.0001397199994244147,0.17237186431884766,True
3053,489,1.4991645898293857,0.00015908600107650273,0.17252445220947266,False
3056,99,16.395024296837992,0.0001368609991914127,0.17253971099853516,False
3059,323,2.1187740784256874,0.00012443000014172867,0.17237186431884766,True
3060,336,1.847604833735193,0.0001300630028708838,0.17238712310791016,True
3064,336,2.069898399788885,0.00013623199993162416,0.1724557876586914,True
3065,354,1.958788785473423,0.00015404800069518387,0.1724710464477539,True
3066,323,1.1781831449273443,0.00015545700080110691,0.17243289947509766,True
3067,354,2.116237396590707,0.00014015000124345534,0.17252445220947266,True
3068,428,3.8337926586605637,0.00014531899796565995,0.17257022857666016,True
3072,474,3.693611470612985,0.0001627669989829883,0.1724863052368164,True
3073,393,2.2891860314502113,0.0001361069989798125,0.1724710464477539,True
3076,337,1.9193399037323604,0.00014358500266098417,0.1725015640258789,True
3077,336,1.6311600182328285,0.00013604199921246618,0.17238712310791016,True
3078,298,1.6756482978936722,0.00012999200043850578,0.1723947525024414,True
3079,389,1.395360044565384,0.00013847000082023442,0.1724252700805664,True
3080,350,1.634327685242845,0.00012590700134751387,0.1723642349243164,True
3084,471,5.865151698095686,0.0001388870005030185,0.17249393463134766,True
3088,323,2.2040017504137683,0.0001294799985771533,0.17241764068603516,True
3089,323,1.914272296512046,0.0002082939972751774,0.1723794937133789,True
3092,496,8.222684143110401,0.00014466200082097203,0.1725320816040039,False
3093,391,5.502935588206363,0.0001468049995310139,0.1725168228149414,True
3099,432,1.3838817993776453,0.0001273829984711483,0.1723947525024414,True
3102,417,1.561901469900748,0.000135938997118501,0.1724863052368164,True
3104,325,1.0908758622962527,0.00012677800259552896,0.1723947525024414,True
3105,345,2.975203544330965,0.0001321969975833781,0.1724252700805664,True
3106,350,1.799302322315474,0.00026409700149088167,0.17244815826416016,True
3107,323,1.8816633504566538,0.0001256440009456128,0.17237186431884766,True
3108,336,2.5609843827875265,0.0001300309995713178,0.17247867584228516,True
3109,410,1.6405064631216684,0.00013971499720355496,0.1726083755493164,True
3112,410,1.9329240776145513,0.00013345200204639696,0.1724710464477539,True
3113,374,1.551094166751965,0.00021918700076639652,0.1725015640258789,True
3115,374,1.3352425093018774,0.00013722999938181601,0.1726236343383789,True
3118,417,3.1912554157613253,0.00013066199971945025,0.1724710464477539,True
3120,362,5.633931575913829,0.0001375540014123544,0.17249393463134766,True
3123,319,1.4618525609513777,0.00013911100177210756,0.17257022857666016,True
3124,338,1.756849931187927,0.0001381840011163149,0.17252445220947266,True
3128,413,1.9481116981753817,0.0001343000003544148,0.1725168228149414,True
3129,375,2.3978086737985405,0.00014140400162432343,0.17238712310791016,False
3130,362,2.756107585443626,0.00013680999836651608,0.17258548736572266,True
3131,374,1.068405358801145,0.00016909500118345022,0.17253971099853516,True
3138,410,1.2768146491014298,0.0001257700023415964,0.17238712310791016,True
3141,374,1.4354012781409626,0.00013953599773230962,0.17257022857666016,True
3142,311,2.0976200791288777,0.00013498200132744387,0.17257022857666016,True
3148,334,1.840934706447047,0.00014907399963703938,0.17250919342041016,True
3149,374,2.345214743287529,0.00014070900215301663,0.1725168228149414,True
3150,331,1.8457913048112824,0.00013134300024830736,0.1725015640258789,True
3151,410,1.8941860010934612,0.0001354669984721113,0.1725778579711914,True
3153,375,1.3826492841063989,0.00016049899932113476,0.17252445220947266,True
3154,340,1.711982773201455,0.00014204699982656166,0.17246341705322266,True
3155,334,1.237482295823328,0.0001318180002272129,0.17246341705322266,True
3156,346,6.7938398227499635,0.00013338899952941574,0.1725473403930664,True
3157,375,21.27888343713469,0.00016172899995581247,0.1724710464477539,True
3158,320,3.432117263062615,0.00025059899780899286,0.1726541519165039,True
3159,433,2.0811065678961937,0.00013457800014293753,0.17253971099853516,True
3161,375,1.7715110025757488,0.00013533699893741868,0.1725168228149414,True
3165,375,1.9044423777479895,0.0001306610029132571,0.17249393463134766,True
3166,311,3.1261739621559483,0.00014715400175191462,0.1725015640258789,True
3167,410,2.4786729844111086,0.00014454100164584816,0.17247867584228516,True
3168,410,1.7109542884545101,0.00014884800111758523,0.1725473403930664,True
3169,375,1.746677470162359,0.0001366300020890776,0.1725625991821289,True
3170,311,1.8444647586233758,0.00021396000011009164,0.17252445220947266,True
3174,73,150.00856658956027,0.00015350300236605108,0.1727151870727539,False
3176,158,4.852463727056357,0.0001328309990640264,0.17252445220947266,False
3177,316,1.1325267469200462,0.00013102000229991972,0.1724863052368164,True
3178,309,1.333061683506998,0.00014964600268285722,0.17240238189697266,True
3180,316,1.130430670450851,0.000151522002852289,0.1725320816040039,True
3183,325,1.0083793242390744,0.00012679599967668764,0.1724100112915039,True
3185,350,1.3920002751859766,0.00012874899766757153,0.17243289947509766,True
3186,303,1.1050779677131686,0.000127811999846017,0.17243289947509766,True
3187,350,1.382388490665667,0.00012489399887272157,0.17238712310791016,True
3189,429,1.8578819885786846,0.000127429000713164,0.1724405288696289,True
3190,350,1.3943018804473104,0.00012488200081861578,0.1723642349243164,True
3191,350,0.9190804378987228,0.0001313479988311883,0.17247867584228516,True
3194,389,1.500577862005294,0.00013861699699191377,0.1724710464477539,True
3195,309,0.767850829193728,0.0001322149983025156,0.1724710464477539,True
3199,437,1.9241282428875885,0.00013074700109427795,0.1724100112915039,True
3201,350,1.187146347150783,0.00013371200111578219,0.1724405288696289,True
3203,303,1.2183118476785497,0.00012805499864043668,0.1723947525024414,True
3204,429,1.269137625321902,0.00012575000073411502,0.1723794937133789,True
3205,437,1.091274679228848,0.0001345349992334377,0.1724863052368164,True
3206,316,1.3460440036019774,0.00018567699953564443,0.17263126373291016,True
3207,350,1.3400880451634916,0.00014028199802851304,0.1725320816040039,True
3211,309,0.7162790102171007,0.00013250300253275782,0.17244815826416016,True
3214,437,1.4423262396026102,0.00013720999777433462,0.1724252700805664,True
3219,389,2.4239625724703147,0.0001452470023650676,0.17244815826416016,True
3220,389,2.4203072319970826,0.00013458800094667822,0.1724405288696289,True
3223,317,4.4171575510575165,0.00014155799726722762,0.17246341705322266,True
3224,362,2.650287713423908,0.00016881999908946455,0.1724863052368164,True
3225,317,6.753538752142877,0.00018464599997969344,0.17264652252197266,True
3228,399,2.72987105391334,0.00013946700346423313,0.17255496978759766,True
3230,487,5.5669225074852635,0.00013752999802818522,0.17250919342041016,False
3232,410,4.146413700959748,0.00013317599950823933,0.17252445220947266,True
3233,410,1.9514098481152626,0.0001323019969277084,0.17243289947509766,True
3236,334,1.54603556305634,0.00014082100096857175,0.17250919342041016,True
3237,375,1.0309269362805338,0.00013612999828183092,0.17255496978759766,True
3238,334,1.6165042270941476,0.00033399599851691164,0.1725778579711914,True
3240,311,1.1957007900259435,0.00014605300020775758,0.17244815826416016,True
3241,375,2.0047510541933393,0.00013895500160288066,0.1725778579711914,True
3242,489,1.42015860229787,0.00014199199722497724,0.1725625991821289,False
3243,410,2.4044842181633554,0.00013883100109524094,0.17257022857666016,True
3248,37,20.87118575044832,0.0001773510011844337,0.17249393463134766,False
3253,316,0.9745821137879971,0.00014028400255483575,0.17234134674072266,True
3254,320,2.6536835076047374,0.0001330029990640469,0.1724557876586914,True
3260,437,1.0368314997975505,0.00014186599946697243,0.1724863052368164,True
3264,316,1.0043673542515663,0.00013496000246959738,0.1725168228149414,True
3266,31,11.490694186555965,0.00013812000179314055,0.1725931167602539,False
3267,452,7.93253011523435,0.00013916399984736927,0.17263126373291016,True
3268,317,2.8616873327964267,0.00012868499834439717,0.1724405288696289,True
3269,346,1.7541392600299877,0.00013495800158125348,0.17257022857666016,True
3270,309,1.9096712617684453,0.0001340909984719474,0.1725473403930664,True
3271,320,3.1626277933028955,0.0001349929989373777,0.17250919342041016,True
3272,437,2.224821651489666,0.00014023400217411108,0.1725473403930664,True
3275,437,2.0905039770320806,0.00013254599980427884,0.1724710464477539,True
3278,391,5.994123957166361,0.00014690600073663518,0.1724863052368164,True
3279,346,1.5134448183201519,0.00013970500003779307,0.1724710464477539,True
3281,428,2.2151416079127326,0.0001530089975858573,0.17243289947509766,True
3282,316,1.2454930307611132,0.00013249699986772612,0.17244815826416016,True
3284,428,2.968354485302153,0.00015357800293713808,0.17249393463134766,True
3285,462,1.3722704037275208,0.00013423800191958435,0.1725168228149414,True
3289,331,2.4465466921417773,0.0001357670007564593,0.17258548736572266,True
3290,492,2.383179656494702,0.000130671000079019,0.1724557876586914,False
3293,345,2.848441015568659,0.00014262999684433453,0.17235660552978516,True
3294,323,1.3969846401955588,0.00012800400145351887,0.1723794937133789,True
3296,424,2.5134977402196954,0.00015540699678240344,0.1724405288696289,True
3299,438,2.629912050534854,0.00013200699686422013,0.17247867584228516,True
3301,492,1.6419592095871707,0.00012659799904213287,0.1724252700805664,False
3303,421,2.9640214387593495,0.00014698299855808727,0.17247867584228516,True
3305,376,1.6268973203619066,0.00013307100016390905,0.1724710464477539,True
3309,389,2.92693980673261,0.0001375559986627195,0.17238712310791016,True
3312,438,4.060075576565305,0.00013388699881033972,0.17252445220947266,True
3313,438,4.579975585567585,0.00013044699880992994,0.17244815826416016,True
3317,424,1.6570314399465196,0.00012533900007838383,0.17232608795166016,True
3319,363,2.871667650079447,0.00013871600094716996,0.1725168228149414,False
3322,106,49.59384056873744,0.00013739700079895556,0.1725931167602539,False
3323,493,23.08685750409644,0.0001278750023629982,0.17247867584228516,False
3324,14,3.245812850090828,0.00013113400200381875,0.1724710464477539,False
3325,102,3.6120933422728543,0.0001342470022791531,0.17253971099853516,False
3326,499,9.040098249525899,0.00013110799773130566,0.1724710464477539,False
3329,311,1.4260520443254978,0.00013438200039672665,0.17255496978759766,True
3334,375,0.7640110498594856,0.0001285660000576172,0.17243289947509766,True
3337,314,0.8660383754168101,0.00013018800018471666,0.17238712310791016,True
3340,489,1.599477823028392,0.00013492500147549435,0.17252445220947266,True
3342,338,2.351894450139731,0.00013079299969831482,0.1724252700805664,False
3343,389,1.1094694171668473,0.00014341799760586582,0.1725320816040039,False
3346,97,142.56776637414845,0.00014277200170909055,0.1725778579711914,False
3347,356,171.19253201357174,0.00014644199836766347,0.17269229888916016,False
3350,492,2.4861736952636635,0.00013404600031208247,0.17243289947509766,True
3351,375,13.19164513289052,0.00015149699902394786,0.1725778579711914,False
3353,356,146.66065099635424,0.00014869799997541122,0.17267704010009766,True
3355,493,102.14441157077364,0.00014083099813433364,0.1726236343383789,False
3358,391,3.952557132013927,0.00013487300020642579,0.17249393463134766,False
3360,345,2.59487288951255,0.00013186400246922858,0.17237186431884766,False
3364,438,2.5406707143884035,0.0001450279996788595,0.1723642349243164,True
3366,345,8.748896385654254,0.00016496200260007754,0.17249393463134766,True
3367,452,19.274680235266374,0.0001877370013971813,0.17267704010009766,True
3368,85,13.822517597162534,0.00018842499775928445,0.17249393463134766,False
3369,323,2.2122438884930635,0.00015178999819909222,0.17247867584228516,True
3373,432,1.7019480106520017,0.0001352580002276227,0.17244815826416016,True
3376,489,2.807641253592382,0.00013630000103148632,0.17247867584228516,False
3378,439,2.157106380386166,0.00013201500041759573,0.1724100112915039,True
3380,407,2.0234132692480453,0.00012934699770994484,0.17235660552978516,True
3383,437,1.4286719630542786,0.00013392199980444275,0.17246341705322266,True
3384,377,1.419439987349718,0.000139903997478541,0.1725473403930664,True
3387,432,2.2522131779234225,0.00014686700160382316,0.17243289947509766,True
3390,437,1.5084065350634934,0.00014210600056685507,0.17249393463134766,True
3397,331,2.9773358800770846,0.00014046000069356523,0.1725015640258789,False
3399,437,0.9931799909808793,0.0001379509994876571,0.17253971099853516,True
3400,496,1.9556523219822828,0.0001302109994867351,0.1724710464477539,True
3402,496,2.4310355212029795,0.0001289610008825548,0.17243289947509766,True
3403,33,43.9955722269441,0.0001332380015810486,0.17249393463134766,False
3406,480,2.281262428612263,0.00013914000010117888,0.1725320816040039,True
3408,487,5.139382005238488,0.00013673599823960103,0.1726083755493164,True
3412,499,6.342994865091987,0.00015077300122356974,0.1724557876586914,True
3413,452,23.82334267179047,0.00015615699885529466,0.1726083755493164,False
3414,33,18.050494342996043,0.00014452200048253872,0.17257022857666016,False
3415,493,147.34687075288778,0.00013923599908594042,0.17261600494384766,False
3416,39,155.84588076315643,0.00014569799895980395,0.17257022857666016,False
3417,499,13.35933100921017,0.00014482800179393962,0.17250919342041016,False
3418,80,20.334837716594386,0.000134138001158135,0.1725625991821289,False
3425,406,3.378252775363746,0.000138028000947088,0.17261600494384766,True
3427,489,1.7818889390549926,0.0002265149996674154,0.17247867584228516,False
3430,437,0.9125382028813807,0.00013740499707637355,0.1724100112915039,True
3431,377,3.6864407607316974,0.00013076500181341544,0.17246341705322266,True
3432,78,11.981781274340904,0.00013287899855640717,0.17252445220947266,False
3435,400,2.279459370700773,0.00013422200208879076,0.17247867584228516,True
3437,393,5.209851432816332,0.0001306100020883605,0.1724710464477539,True
3439,345,1.6566154011041634,0.00013163599942345172,0.1724863052368164,True
3442,70,2.8263903050152863,0.00013566399866249412,0.1724557876586914,False
3443,294,2.165821556812718,0.00013712600048165768,0.17252445220947266,True
3444,410,0.9849755521302451,0.00012990400136914104,0.17241764068603516,True
3445,410,1.7189096955982501,0.00013379899974097498,0.1725625991821289,True
3447,322,2.848513126040524,0.0001309120016230736,0.1724405288696289,True
3448,417,2.1160684767064195,0.0001350330021523405,0.1725320816040039,True
3449,311,1.741562696235563,0.00014595299944630824,0.17257022857666016,True
3450,317,2.951246440657429,0.0001424690017302055,0.1725168228149414,True
3451,322,2.38259084502625,0.0001374849998683203,0.1726083755493164,True
3452,303,2.281778314213325,0.00013527299961424433,0.1725168228149414,True
3453,322,1.851432782644543,0.0001280430005863309,0.1724405288696289,True
3457,375,1.293274891709815,0.0001284909994865302,0.17246341705322266,True
3459,417,2.884205995248283,0.000142834000143921,0.1724863052368164,True
3460,334,1.1193865261566498,0.00013270800263853744,0.1724863052368164,True
3463,338,2.5537266000436123,0.000130445998365758,0.1724710464477539,True
3465,362,1.3035534024591247,0.00013694500012206845,0.1725320816040039,True
3467,375,1.040580648170867,0.00013276900062919594,0.1724710464477539,True
3470,362,3.4874588816660523,0.000129755000671139,0.17246341705322266,True
3472,322,2.6063055608650285,0.0001334690023213625,0.17252445220947266,True
3473,375,4.070305059858668,0.00013428800230030902,0.1724863052368164,True
3475,31,33.50091060361205,0.00014992800061008893,0.1726388931274414,False
3476,69,35.32064903284527,0.0001382489972456824,0.17263126373291016,False
3481,375,1.3300185271739717,0.00013031900016358122,0.17249393463134766,True
3487,303,1.2675611373633138,0.000144401998113608,0.17241764068603516,True
3489,350,1.2495235808183236,0.00014643599934061058,0.1724405288696289,True
3490,298,1.840316306880656,0.0001310319967160467,0.17249393463134766,True
3493,376,1.783156273865231,0.00013124999895808287,0.1725015640258789,True
3494,389,1.6207482533946924,0.00012701900050160475,0.17240238189697266,True
3495,350,1.7185894389445886,0.00013253799988888204,0.17246341705322266,True
3496,323,1.4762383895083246,0.000129031999676954,0.1724252700805664,True
3497,325,0.9639095006603214,0.00013450999904307537,0.1724863052368164,True
3500,323,1.6725279280474017,0.00013338899952941574,0.1724710464477539,True
3504,407,1.9127222632078325,0.00015183699724730104,0.1725015640258789,True
3505,303,0.4647240063213876,0.00014474999989033677,0.1723489761352539,True
3507,407,2.5835683441285284,0.00013894900257582776,0.1724405288696289,False
3508,492,2.001706781369604,0.00019878899911418557,0.17246341705322266,False
3514,345,1.9027009114890021,0.0001252109977940563,0.1723794937133789,True
3515,432,1.795993381447797,0.00013543699969886802,0.1723947525024414,True
3518,345,2.3591542049278917,0.00013154299813322723,0.17243289947509766,True
3519,492,2.0771619112376007,0.00012897600026917644,0.1724863052368164,False
3520,345,2.101379310467215,0.00014935900253476575,0.1724710464477539,True
3521,432,2.110262158036676,0.00014618499699281529,0.17240238189697266,True
3523,377,1.4177726306223764,0.00013138999929651618,0.1724405288696289,True
3524,424,0.9657483230558628,0.00012860200149589218,0.17243289947509766,True
3527,298,1.5580411180602811,0.00012776999938068911,0.17240238189697266,True
3531,337,2.9238648986063556,0.00014199799989000894,0.17250919342041016,True
3532,323,1.018606608579516,0.00013025699809077196,0.17243289947509766,True
3533,400,2.030156178708942,0.00013323500024853274,0.1724557876586914,True
3534,492,2.719227302574205,0.00015546600116067566,0.1724710464477539,False
3535,303,0.6435035107096211,0.00015691600128775463,0.1724100112915039,True
3536,325,1.5389844397379673,0.00013603199840872549,0.1724405288696289,True
3537,474,1.0589053252059488,0.00013867199959349819,0.1723489761352539,True
3539,433,2.4062396859488047,0.00013498800035449676,0.1724405288696289,False
3540,407,3.127561240822664,0.00014445800115936436,0.17243289947509766,False
3541,462,1.7301426487799516,0.00013904600200476125,0.1725320816040039,True
3544,376,1.7462519956818197,0.00014477399963652715,0.17244815826416016,True
3546,363,5.02040834132751,0.0001421690030838363,0.17255496978759766,True
3549,366,5.057713145869872,0.0001340689996141009,0.17252445220947266,True
3550,336,6.025305167723153,0.00014531099805026315,0.17255496978759766,False
3552,323,1.192849073259014,0.0001521480007795617,0.17243289947509766,True
3554,407,2.0888410868084772,0.00013530800060834736,0.17246341705322266,True
3555,354,1.9810542448387458,0.00012435499957064167,0.17237186431884766,True
3556,345,3.1022966828384564,0.00013283599764690734,0.17250919342041016,True
3559,424,1.8785350964760146,0.00012882299779448658,0.1723794937133789,True
3563,439,1.3171121130347674,0.00012997299927519634,0.17241764068603516,True
3564,378,2.5587055689821065,0.00012998500096728094,0.1724405288696289,True
3567,400,1.7170007770302154,0.00013254899749881588,0.17235660552978516,True
3570,298,2.3919000263423102,0.00014170899885357358,0.1724863052368164,True
3571,376,1.6508279883351016,0.00014210800145519897,0.1725168228149414,True
3573,492,1.3692823493557047,0.00013359399963519536,0.17246341705322266,False
3577,400,1.652970255698056,0.00013531399963540025,0.1723947525024414,True
3578,323,1.1139369558857133,0.00012892000086139888,0.17243289947509766,True
3580,406,1.8604957647776836,0.0001325189987255726,0.1725015640258789,True
3581,424,3.0501600579858112,0.00012782799967681058,0.1724100112915039,True
3587,298,1.662471191059113,0.00013054000010015443,0.1724557876586914,False
3590,298,1.8916381739290218,0.00012438699923222885,0.17234134674072266,True
3592,389,2.5870908732645552,0.00012729299851343967,0.1724405288696289,True
3593,424,1.5597806735380648,0.00012634700033231638,0.1723337173461914,True
3594,496,3.269344268186619,0.00013177200162317604,0.1724863052368164,False
3595,432,3.7313818835665256,0.0001337749999947846,0.1724863052368164,True
3596,394,1.8943757600339226,0.00013094700261717662,0.1724100112915039,True
3597,159,6.114190284666931,0.00015350999819929712,0.1725473403930664,False
3599,406,3.33731961466445,0.00014970199845265597,0.17249393463134766,True
3602,324,90.6248455280489,0.00014107199967838824,0.1725931167602539,True
3604,406,2.1792750698131687,0.00013254599980427884,0.17243289947509766,True
3607,400,2.490131450444175,0.0001477980003983248,0.1724863052368164,True
3608,406,1.8776352060963306,0.00014587599798687734,0.17247867584228516,True
3609,471,1.4533094922041656,0.00013008600217290223,0.1724252700805664,True
3610,354,1.3006985991436129,0.00016214399875025265,0.1724557876586914,True
3612,474,2.0357637290251716,0.0001277939991268795,0.17240238189697266,True
3613,354,2.328907070885563,0.0001329770020674914,0.1725320816040039,False
3614,363,4.804020631223536,0.00014464899868471548,0.17253971099853516,False
3615,312,1.3244674219575172,0.0001305699988733977,0.17246341705322266,True
3616,489,2.163013374494197,0.00013112599845044315,0.1724405288696289,False
3617,298,2.067496213901835,0.0001421529996150639,0.1724405288696289,True
3618,407,6.189932423161914,0.00013435800065053627,0.1725625991821289,True
3620,496,5.219557862897884,0.00013090699940221384,0.1724863052368164,False
3623,312,1.6184193951308938,0.00012654899910558015,0.1724100112915039,True
3624,346,3.8055652759243075,0.0001387089978379663,0.1725778579711914,True
3625,434,8.39109940580294,0.0001213569994433783,0.1723031997680664,False
3627,428,4.005663006980382,0.0001354710002487991,0.17246341705322266,True
3628,421,5.621405300031762,0.00013481499991030432,0.1725320816040039,False
3629,337,1.5217261683430012,0.00013550799849326722,0.17247867584228516,True
3630,424,1.2878093802117712,0.00012954599878867157,0.1723337173461914,True
3633,496,2.0791216532722867,0.00013262699940241873,0.17247867584228516,False
3638,439,1.3033527753009981,0.00012913200043840334,0.1724252700805664,True
3642,410,1.7570737515618566,0.00013390199819696136,0.17252445220947266,False
3643,410,1.9796393967454817,0.00012965499990968965,0.1724557876586914,False
3644,334,2.6569319550589467,0.00013588599904323928,0.1725931167602539,False
3645,334,1.812945583284921,0.0001532969981781207,0.1725473403930664,False
3647,311,1.8332424531409888,0.00014884399934089743,0.17246341705322266,True
3649,350,1.4639499661522173,0.00014321200069389306,0.1725473403930664,True
3652,354,1.6897947144488883,0.00013272499927552417,0.17244815826416016,True
3654,383,2.3954565294738828,0.00013043500075582415,0.1723642349243164,True
3657,323,1.6436448607936003,0.00013260299965622835,0.17238712310791016,False
3663,474,1.4062409835292269,0.00020187699919915758,0.1725015640258789,True
3664,432,2.0513418165831165,0.00013389999730861746,0.1724252700805664,False
3665,407,2.2093760516039493,0.0001318989998253528,0.1723642349243164,False
3667,437,1.667858917044334,0.00013699799819733016,0.17246341705322266,False
3668,452,7.955721211605185,0.00013096600014250726,0.1725168228149414,False
3669,350,1.193101935573544,0.0001306429985561408,0.17241764068603516,False
3671,309,1.624751200041966,0.00013212100020609796,0.1725168228149414,False
3674,346,1.3469510194882433,0.00014415799887501635,0.1725625991821289,False
3675,437,1.5278154027424247,0.0001312179992964957,0.17243289947509766,False
3676,340,0.8606933664248353,0.00015587099915137514,0.17246341705322266,True
3677,393,4.524379902448336,0.000128573999973014,0.17244815826416016,False
3679,323,1.4836147953439287,0.00013181699978304096,0.1725015640258789,False
3681,325,1.3086386789725695,0.00015738599904580042,0.1723947525024414,False
3684,437,0.9632592869657197,0.00014088199895923026,0.17240238189697266,True
3685,492,2.66988252756522,0.0001483390005887486,0.1725015640258789,False
3686,437,1.3015826963338983,0.00012916500054416247,0.1724252700805664,True
3687,474,1.406360579735356,0.00014143500084173866,0.17253971099853516,True
3693,489,0.9005211829289157,0.000139326999487821,0.1724100112915039,False
3696,489,1.9109949963304482,0.00012826699821744114,0.1724252700805664,False
3697,131,15.754946727590989,0.0004952929994033184,0.17258548736572266,False
3698,311,1.9811510922940696,0.00013196100189816207,0.17252445220947266,True
3699,334,3.1274285954759096,0.00013263300206745043,0.1725168228149414,True
3700,410,2.391819205174033,0.0001392579979437869,0.17263126373291016,True
3701,441,2.475180100898544,0.00013946999752079137,0.17261600494384766,True
3703,334,1.9242240528620027,0.00013551099982578307,0.17258548736572266,True
3706,391,1.9800839779103492,0.00013674499859916978,0.17258548736572266,True
3707,417,2.537242991462072,0.00013040200065006502,0.17244815826416016,False
3708,331,1.7262058278630545,0.00014485100109595805,0.1726541519165039,True
3710,362,2.7365068547489146,0.00013662699711858295,0.17252445220947266,True
3711,311,1.6237270595218323,0.00013512800069293007,0.17255496978759766,True
3712,446,2.413070417681258,0.0001333539985353127,0.1725168228149414,True
3713,322,1.6405849809445157,0.0001350539969280362,0.1725473403930664,True
3715,452,4.608909453383662,0.00013702599972020835,0.1726236343383789,True
3716,372,1.8139845380198485,0.00013093700181343593,0.17238712310791016,True
3719,338,1.5312806355194855,0.00014247299986891448,0.1725473403930664,True
3729,374,0.657856297933245,0.00013650199980475008,0.17257022857666016,True
3730,338,0.7798740665407677,0.00012641700232052244,0.1723794937133789,True
3731,374,1.2258418628700154,0.00015251599688781425,0.1726388931274414,True
3733,478,6.257612415973354,0.00013861600018572062,0.17249393463134766,False
3734,344,3.330372067974427,0.00013394200141192414,0.17253971099853516,True
3736,362,3.3152697744822515,0.00016287000107695349,0.1726083755493164,True
3740,322,2.0408493431412063,0.0001344559968856629,0.1724557876586914,True
3741,441,2.1852263508987546,0.00015623000217601657,0.1725015640258789,True
3742,487,13.66423796557193,0.0001315910012635868,0.17247867584228516,False
3744,374,1.9011791001765705,0.00014249800005927682,0.17253971099853516,True
3747,311,1.280837304509174,0.00013558099817601033,0.17250919342041016,True
3748,407,2.28297189621901,0.00013278299957164563,0.17252445220947266,True
3749,372,1.142297333336621,0.00012620000052265823,0.1723947525024414,True
3750,314,1.4408099041605797,0.00014658500003861263,0.1724710464477539,True
3751,478,1.0690134582036996,0.00014300699695013463,0.1724863052368164,True
3752,312,3.4437819994520393,0.0001395210019836668,0.1725778579711914,True
3754,399,1.134327223962317,0.0001452489996154327,0.1724863052368164,True
3755,331,1.7360403363234915,0.0001420799999323208,0.1725015640258789,True
3757,298,3.1658180314018245,0.0001319619987043552,0.1725015640258789,True
3760,354,1.5190888404748195,0.00013154800035408698,0.1724710464477539,True
3761,470,2.0775627189666444,0.00020069900347152725,0.17250919342041016,True
3763,489,1.8896292555048422,0.0001311129999521654,0.1725015640258789,False
3764,406,1.4854245401950834,0.00012933099787915125,0.1724557876586914,True
3765,312,1.8370059542503931,0.00016588999642408453,0.17244815826416016,True
3767,492,1.9392175165981116,0.00014165399988996796,0.17243289947509766,False
3768,377,2.084640563157849,0.00013151900202501565,0.1724557876586914,True
3770,303,1.7641571596499868,0.00013042499995208345,0.17240238189697266,True
3776,439,1.4221986009866616,0.00012693600001512095,0.17237186431884766,True
3777,407,2.1901957987264775,0.00012999799946555868,0.17249393463134766,True
3778,312,2.0412624940648403,0.00013016799857723527,0.1724710464477539,True
3779,346,1.3368730994159899,0.00013240999760455452,0.1724710464477539,True
3786,350,0.5366627316249835,0.00012929399963468313,0.1724100112915039,True
3787,439,1.5887109031755562,0.0001296580012422055,0.1724100112915039,True
3788,394,2.926022401165449,0.00013206600124249235,0.1724100112915039,True
3791,432,1.806327184680746,0.00014319600086309947,0.17243289947509766,True
3792,309,1.5301484917456176,0.0001429149997420609,0.17253971099853516,True
3793,354,2.5013718314633153,0.00013606200081994757,0.17246341705322266,True
3795,336,2.2691970470514433,0.00013412300177151337,0.1724710464477539,True
3798,346,2.583817680330639,0.0001444590016035363,0.17249393463134766,True
3801,470,3.1749598701751487,0.00014212200039764866,0.17258548736572266,True
3806,366,3.176454649774085,0.00013748000128543936,0.17240238189697266,True
3807,460,5.363847138272544,0.00015646099927835166,0.1725625991821289,True
3809,489,1.2106273216044303,0.00013091299842926674,0.17246341705322266,False
3812,377,1.5316378466339868,0.00013815100101055577,0.1723794937133789,True
3813,462,1.8979780795547572,0.00014364599701366387,0.1725168228149414,True
3814,298,2.756762800736283,0.00015150000035646372,0.17238712310791016,True
3817,424,2.036485375648759,0.0001269370004592929,0.17240238189697266,True
3821,336,1.5730661210451453,0.00013347699859878048,0.17246341705322266,True
3827,432,1.5232763082189422,0.00014632599777542055,0.1724100112915039,True
3828,400,1.4223821674753037,0.0001223719991685357,0.17234134674072266,True
3831,377,2.018050549287344,0.00013790199955110438,0.1724100112915039,True
3832,400,1.5773720707495018,0.00014196100164554082,0.1724100112915039,True
3834,354,1.676479852544901,0.00017189000209327787,0.17240238189697266,True
3835,394,2.2257459070473944,0.00014811900109634735,0.1724252700805664,True
3837,434,2.5453667377075178,0.00015562400221824646,0.1725015640258789,True
3838,406,1.528936806580286,0.0001641750022827182,0.17250919342041016,True
3841,377,1.781906579106335,0.0001269979984499514,0.1723794937133789,True
3842,400,1.4383798335067355,0.00012669500210904516,0.1723947525024414,True
3843,394,2.1289424011158946,0.000131737000629073,0.17241764068603516,True
3845,433,4.122233547983149,0.00014862000170978718,0.17253971099853516,True
3846,298,1.4771446169732538,0.00014069600001676008,0.17241764068603516,True
3847,377,1.699366009650694,0.00013110800136928447,0.17241764068603516,True
3848,489,1.031166011630055,0.0001261079996766057,0.17241764068603516,False
3849,298,2.220041671755538,0.0001281730001210235,0.1724252700805664,True
3853,400,1.6740706200455007,0.00015599199832649902,0.1724557876586914,True
3855,303,1.7173134633319869,0.00012777499796357006,0.1723794937133789,True
3856,298,1.5755131546783467,0.00014103099965723231,0.17240238189697266,True
3857,470,2.707660459663929,0.00013871800183551386,0.17235660552978516,True
3860,354,1.8423801703627454,0.0001301359989156481,0.1724405288696289,True
3861,298,2.0307223418609794,0.0001299819996347651,0.17241764068603516,True
3862,323,2.2879142716809846,0.0001408280004397966,0.17240238189697266,True
3866,350,1.8876082843182318,0.0001474939999752678,0.17241764068603516,True
3867,377,2.03418359774416,0.00013543699969886802,0.17250919342041016,True
3869,377,1.4226749326687511,0.00012698000136879273,0.17241764068603516,True
3870,394,3.0826193426779502,0.00012947100185556337,0.1724405288696289,True
3872,377,2.2838411401367984,0.0001398009990225546,0.1724863052368164,True
3873,437,1.398652767395838,0.00013140599912730977,0.17237186431884766,True
3874,400,2.2514699203114934,0.00014612499944632873,0.17238712310791016,True
3876,417,16.222704321892657,0.00014302899944595993,0.1725473403930664,False
3877,480,2.496886360446121,0.0002130149987351615,0.1724863052368164,False
3878,303,1.8672470752042467,0.0001305090008827392,0.17244815826416016,True
3883,320,1.6444962274377544,0.00013535200196201913,0.17257022857666016,True
3884,383,0.8117183637878864,0.00012528499792097136,0.17238712310791016,True
3885,489,1.4186460206924145,0.0001340509988949634,0.17243289947509766,False
3887,317,2.4218229803788573,0.0001506570006313268,0.17264652252197266,True
3888,417,1.4066034172376347,0.0001348690020677168,0.17244815826416016,True
3891,383,1.297168366151666,0.00012445600077626295,0.17237186431884766,True
3893,383,1.176946078665489,0.00013242800196167082,0.17238712310791016,True
3896,417,1.7199346149398296,0.000143828998261597,0.1724863052368164,True
3899,319,2.3638361394211374,0.00013690900232177228,0.1725625991821289,True
3900,303,2.0603783701639102,0.00013441899864119478,0.1724557876586914,True
3905,437,1.6016912428066075,0.00012610900012077764,0.1723794937133789,True
3906,439,1.8395069443051422,0.00013380100062931888,0.1723947525024414,True
3908,311,1.5269801805826075,0.00013648900130647235,0.1725320816040039,True
3911,337,2.1058333896099937,0.00015418399925692938,0.1724100112915039,True
3912,320,1.6667632202712253,0.00015792100020917132,0.1725168228149414,True
3914,320,1.3376001037024483,0.00014336199819808826,0.1725015640258789,True
3917,439,1.9149039837290744,0.00014814600217505358,0.17246341705322266,True
3918,319,1.186863930903599,0.00013716800094698556,0.17241764068603516,True
3920,439,0.5844041360385075,0.00014279399692895822,0.17237186431884766,True
3922,489,1.402657521084597,0.00013707499965676107,0.1724252700805664,False
3923,437,0.7267303532256326,0.00013185100033297203,0.17241764068603516,True
3925,298,2.185474327041761,0.0001393209968227893,0.17247867584228516,True
3926,298,2.0343945396105103,0.00013327900160220452,0.1723794937133789,True
3929,389,1.4348595308951644,0.00014363900118041784,0.17246341705322266,True
3937,377,1.9710138929979808,0.0001366360011161305,0.1724252700805664,True
3939,437,1.7070826764453777,0.00015086699931998737,0.17244815826416016,True
3945,406,1.947146355969323,0.0001377180014969781,0.1724405288696289,True
3946,437,1.0280270893120063,0.00014055700012249872,0.17247867584228516,True
3947,354,1.3853283703330619,0.00013651599874719977,0.17240238189697266,True
3949,421,2.727717503265651,0.00013624799976241775,0.17241764068603516,True
3950,312,2.067679896703752,0.00013488799959304743,0.17244815826416016,True
3951,399,1.466316165217933,0.00012578099995153025,0.1723947525024414,True
3952,439,1.144279780015417,0.00014436900164582767,0.17244815826416016,True
3953,429,1.3396419031663032,0.0001497249977546744,0.1724405288696289,True
3957,336,1.9656840252138819,0.00014260999887483194,0.17243289947509766,True
3959,309,1.1360845232338976,0.00015832600183784962,0.17246341705322266,True
3960,336,1.862282715153581,0.0001413709978805855,0.17241764068603516,True
3961,314,1.473601980302128,0.00013534800018533133,0.17246341705322266,True
3963,336,1.3360960273967595,0.00013410999963525683,0.1724405288696289,True
3964,336,1.3886394708983931,0.00014388400086318143,0.1723489761352539,True
3965,323,1.7423897883944723,0.00013139599832356907,0.17238712310791016,True
3967,383,1.8489813580395464,0.0001244689992745407,0.17235660552978516,False
3968,331,2.065557902512917,0.00015186599921435118,0.1725320816040039,True
3970,433,2.0917224661977487,0.0001688679985818453,0.1724863052368164,True
3972,354,1.6841218141195435,0.0001355599997623358,0.1724405288696289,True
3975,312,2.0207846006313352,0.0001349459998891689,0.17243289947509766,True
3976,317,3.299871351874684,0.00014045800344320014,0.1725931167602539,True
3977,437,0.9521342688328048,0.0001318360009463504,0.1724100112915039,True
3979,437,1.925896364916215,0.00015614400035701692,0.1724710464477539,True
3980,312,1.8240981674342354,0.000149278999742819,0.1724100112915039,True
3982,323,0.9593293283904091,0.00013745900287176482,0.1724405288696289,True
3991,337,2.027420122616336,0.0001415229999111034,0.1724863052368164,True
3995,432,1.5518440914718732,0.00018947800344903953,0.1724863052368164,True
4000,354,2.22518977031615,0.0001395109975419473,0.1724100112915039,True
4003,437,0.6297358628060035,0.00012646399773075245,0.1723947525024414,True
4004,383,2.179857066455734,0.000123993002489442,0.1723489761352539,True
4007,439,1.227687394331318,0.00014197999917087145,0.17252445220947266,True
4011,428,3.3331539211049765,0.00013757699707639404,0.17250919342041016,True
4012,319,1.2804418833950033,0.00015723199976491742,0.1725473403930664,True
4014,399,1.4430926684910828,0.0001447610011382494,0.17241764068603516,True
4015,319,1.4781151185779489,0.00014287099838838913,0.1725168228149414,True
4017,311,1.6919918966511673,0.00013939100244897418,0.17250919342041016,True
4019,320,1.5182076503420077,0.00013360200318857096,0.17240238189697266,True
4024,383,0.9724800317465984,0.00013381399912759662,0.17238712310791016,True
4028,337,2.0863286583785654,0.00013080999997328036,0.1724252700805664,True
4029,311,3.4310830501822656,0.00014144899978418835,0.1726083755493164,True
4032,478,3.2854659014178424,0.0001460329986002762,0.17255496978759766,False
4034,324,1.0361721587587263,0.0001460170024074614,0.17246341705322266,True
4035,404,1.3445828510561844,0.00013687400132766925,0.1723794937133789,True
4037,446,1.8647913804892522,0.00013069499982520938,0.17244815826416016,True
4040,426,1.3683414566644312,0.00013094000314595178,0.1724710464477539,True
4044,347,4.008755271131098,0.00013877300079911947,0.17250919342041016,True
4045,404,1.523546372846797,0.0001338260008196812,0.1724710464477539,True
4046,474,6.15162741837293,0.00014087199815548956,0.1725320816040039,True
4047,434,3.2537258533748368,0.00013057200339972042,0.17241764068603516,True
4048,446,0.6985556492994623,0.00013027900058659725,0.17238712310791016,True
4050,478,3.654131583122595,0.00013144599870429374,0.17241764068603516,True
4053,434,3.2710192440046844,0.00013668500105268322,0.17243289947509766,True
4055,324,1.349176591300074,0.00013453999781631865,0.17243289947509766,True
4058,347,3.81801629380438,0.0001407290001225192,0.1724863052368164,True
4060,434,5.2451438235084185,0.0001374300009047147,0.1724405288696289,True
4062,446,1.3433179931223918,0.00014539400217472576,0.17244815826416016,True
4063,324,1.5707799713773285,0.000135322999994969,0.17240238189697266,True
4066,347,3.398788712247567,0.00013528599811252207,0.1724710464477539,True
4067,296,0.5339406062370535,0.00013532799857784994,0.17238712310791016,True
4075,446,3.355086682834128,0.00016673399659339339,0.1725931167602539,True
4077,300,3.093953720493792,0.00013588500223704614,0.17244815826416016,True
4079,446,0.7219495406626274,0.00012999300088267773,0.1724405288696289,True
4082,336,2.4082236847325746,0.0001369640012853779,0.1724557876586914,True
4088,429,4.00966341721317,0.0001439849984308239,0.17252445220947266,True
4089,324,1.1329949125763141,0.00013393200060818344,0.1724863052368164,True
4091,470,5.0388123357245975,0.00014096099766902626,0.1723947525024414,True
4093,324,0.9482953428390595,0.00015039600111776963,0.17241764068603516,True
4094,426,2.4881186477348067,0.00013913300062995404,0.1725625991821289,True
4095,324,1.6299382536303835,0.00014786800238653086,0.1724100112915039,True
4098,478,6.903800755805536,0.00013264000153867528,0.17243289947509766,True
4099,434,2.588455609370992,0.00013030199988861568,0.17237186431884766,True
4104,404,4.285067844061799,0.00013647300147567876,0.17247867584228516,True
4107,446,2.6209472610401674,0.0001390309989801608,0.1725320816040039,True
4108,169,3.2034405520781797,0.00013946900071459822,0.1724252700805664,False
4111,446,2.3117205318254994,0.00015459499991266057,0.17244815826416016,True
4112,446,3.435004187280665,0.0001541480014566332,0.1724863052368164,True
4114,404,3.0447600109668325,0.00014744099826202728,0.1724710464477539,True
4116,446,3.266812502831467,0.00013613500050269067,0.1724252700805664,True
4118,324,1.1380493896848323,0.00013366200073505752,0.17240238189697266,True
4119,324,1.7305521870386558,0.00013559000217355788,0.1724405288696289,True
4123,446,1.3462008715702518,0.0001607429985597264,0.17241764068603516,True
4129,296,1.5001585462124027,0.00015340900063165464,0.17243289947509766,True
4130,324,1.4626913275088018,0.0001466370013076812,0.1723947525024414,True
4132,446,1.9901045202511516,0.0001529260007373523,0.17238712310791016,True
4133,446,0.8142150888169748,0.00015461899965885095,0.17241764068603516,True
4134,426,1.8463458394085714,0.00013496899919118732,0.17235660552978516,True
4137,294,2.446104017912578,0.00013770200166618451,0.17252445220947266,True
4138,446,0.527590382980596,0.00017566899987286888,0.17237186431884766,True
4139,446,0.7137605488884022,0.00013456899978336878,0.17241764068603516,True
4140,446,1.2037584325567043,0.00013870000111637637,0.17249393463134766,True
4145,296,1.2547405255842343,0.0001295750007557217,0.17237186431884766,True
4149,300,0.7778159043712722,0.00014465099957305938,0.1724100112915039,True
4151,413,16.450994878266293,0.00014064499919186346,0.1725168228149414,True
4152,478,2.830924144250119,0.00013073700029053725,0.17240238189697266,True
4153,300,2.092645318535762,0.00013769100041827187,0.1724710464477539,True
4156,324,1.2251485991105608,0.00013157800276530907,0.17238712310791016,True
4157,446,6.206591295285169,0.00013894699804950505,0.1725931167602539,True
4160,300,0.5429868607125554,0.00015071500092744827,0.1725168228149414,True
4161,446,1.7421883240261435,0.00012890899961348623,0.1724557876586914,True
4164,324,1.6187526132145238,0.00014259399904403836,0.17247867584228516,True
4165,446,0.6445788952177339,0.00015545499991276301,0.17237186431884766,True
4167,296,0.9076690468915423,0.00013609400048153475,0.17252445220947266,True
4171,434,3.3602961010845545,0.0001578920018801,0.17247867584228516,True
4172,296,2.0508596049989087,0.00014380799984792247,0.1724557876586914,True
4173,294,5.69342002542119,0.00015636500029359013,0.17253971099853516,False
4174,296,1.994663706476135,0.00016958999913185835,0.1725015640258789,True
4175,296,2.6071159316623858,0.00015451700164703652,0.17247867584228516,True
4176,303,3.05012529198737,0.0001590309984749183,0.1723642349243164,True
4177,446,0.6703095047478056,0.00013419600145425647,0.1724100112915039,True
4178,460,1.7103819869227603,0.00015853300283197314,0.1725320816040039,True
4179,347,4.159122000622835,0.00014375099999597296,0.1723947525024414,True
4180,404,2.961493384402474,0.00013565799963544123,0.17232608795166016,True
4182,300,1.0572088916291915,0.00015201700080069713,0.17246341705322266,True
4185,404,1.0809613291991995,0.00014012999963597395,0.17244815826416016,True
4188,324,1.353218503326587,0.00014777800242882222,0.1724100112915039,True
4189,434,1.4544922046906783,0.0001449449991923757,0.17243289947509766,True
4190,404,1.6203594212533758,0.00017863899847725406,0.17249393463134766,True
4191,362,2.9997253364863936,0.00015424000230268575,0.1725778579711914,True
4196,493,2.4338227487381587,0.0001427429997420404,0.1724863052368164,True
4197,309,0.8891976546234974,0.00013505999959306791,0.17241764068603516,True
4198,331,1.4505358562792874,0.00013722099902224727,0.1725015640258789,True
4199,350,1.281552730893811,0.00013680899792234413,0.17250919342041016,True
4200,316,1.7689272815270356,0.0001417700004822109,0.17255496978759766,True
4201,437,4.367782517905,0.00015930600056890398,0.17252445220947266,True
4203,399,1.4961988662814332,0.00014099499821895733,0.17238712310791016,True
4204,309,1.7112046514873815,0.00013005999790038913,0.1724710464477539,True
4205,309,1.8933172469056685,0.00015427999824169092,0.1724100112915039,True
4206,372,1.6458493562034489,0.0001401920017087832,0.17249393463134766,True
4207,298,1.5030831576641823,0.00013281000065035187,0.17244815826416016,True
4209,487,2.561306627020942,0.00012949699885211885,0.17241764068603516,True
4210,439,1.9486722913576409,0.00012923000031150877,0.1723947525024414,True
4211,309,1.585443352369511,0.00016026400044211186,0.1726236343383789,True
4212,437,1.2694935555582427,0.00013303200103109702,0.17247867584228516,True
4215,439,0.9391335705349482,0.00013050399866187945,0.1723947525024414,True
4216,452,8.037185547085214,0.0001443920009478461,0.1726083755493164,True
4219,399,1.0747984823300525,0.0001346040007774718,0.1724252700805664,True
4221,320,2.0299917685858486,0.00014200000077835284,0.1725931167602539,True
4223,312,1.8946052134966302,0.0001343200019618962,0.17244815826416016,True
4224,399,1.1430277281308072,0.00014377699699252844,0.17241764068603516,True
4227,417,4.280507225737461,0.00017267500152229331,0.1725015640258789,True
4231,5,2.8033390786268275,0.000157247999595711,0.1725473403930664,False
4232,325,1.7073295876412007,0.00013986400153953582,0.17240238189697266,True
4233,399,1.3643862111766116,0.00014508599997498095,0.1724100112915039,True
4234,372,1.4840354120498933,0.00014430800001719035,0.1724405288696289,True
4236,311,2.3943647675981974,0.00014796500181546435,0.17258548736572266,True
4239,303,0.8151498198631415,0.00015550500029348768,0.17241764068603516,True
4241,413,2.0876935981118576,0.00017111299894168042,0.1725473403930664,True
4245,337,1.0500399029260032,0.00014380699940375052,0.17240238189697266,True
4249,316,0.9941889116604662,0.00013962500088382512,0.17249393463134766,True
4250,399,1.3039946834898442,0.00014864399781799875,0.17243289947509766,True
4251,493,3.347814288596158,0.00013407200094661675,0.1724557876586914,True
4257,320,0.9488330037279173,0.00014784499944653362,0.17243289947509766,True
4258,354,1.3384271931046652,0.00013811199823976494,0.1724252700805664,True
4259,429,1.9597120194831394,0.00017374600065522827,0.17250919342041016,True
4260,354,1.1558628953346255,0.00012774399874615483,0.17238712310791016,True
4266,303,1.3461592838358498,0.00013226399823906831,0.17238712310791016,True
4269,474,2.1740393025432603,0.00013473600120050833,0.1723794937133789,True
4271,439,1.3692603320517327,0.0001226109998242464,0.1723337173461914,True
4273,298,2.278237421779796,0.00013958699855720624,0.1724100112915039,True
4275,303,1.2712683880134856,0.0001255630013474729,0.17238712310791016,True
4276,489,1.4542914408353118,0.00013781199959339574,0.1724863052368164,False
4278,336,2.0777007567132713,0.00012979299935977906,0.1724100112915039,True
4279,426,0.9635946414381642,0.0001450730014767032,0.1724252700805664,True
4280,478,4.833108446361209,0.0001310420011577662,0.1725015640258789,False
4281,404,0.8607308799033311,0.0002217900000687223,0.1724252700805664,True
4282,324,1.8260191467586118,0.00014557000031345524,0.1724863052368164,True
4283,296,1.758359170215345,0.00014933000056771562,0.1724252700805664,True
4284,324,1.368690268196183,0.00012842100113630295,0.17240238189697266,True
4286,347,6.144418414851469,0.00013321100050234236,0.17250919342041016,True
4287,324,0.4342885931686772,0.0001229370027431287,0.1723184585571289,True
4288,324,1.9802798948737048,0.00013003799904254265,0.1724252700805664,True
4290,324,2.295800964590132,0.0001305759979004506,0.1724710464477539,True
4291,324,1.8755392495317247,0.00014102299974183552,0.17243289947509766,True
4292,324,2.673965599797413,0.00013163100084057078,0.17249393463134766,True
4293,324,1.0887789105319967,0.00012823699944419786,0.17240238189697266,True
4296,324,1.0493114991426633,0.00013636900257552043,0.1724252700805664,True
4299,470,3.700755273734191,0.00013084300007903948,0.1724710464477539,False
4300,324,0.8242272534709443,0.00012545700155897066,0.1723642349243164,True
4301,324,0.6344105064478822,0.00012107600196031854,0.17232608795166016,True
4305,324,0.88943077313354,0.00013810800010105595,0.17244815826416016,True
4307,426,2.117702573222556,0.00014514800204779021,0.17244815826416016,True
4310,347,6.235994742109191,0.0001290969994443003,0.1724557876586914,True
4313,446,0.8832350841007099,0.00013798200234305114,0.1724405288696289,True
4314,404,3.262781297533719,0.000128498999401927,0.17244815826416016,True
4315,404,0.5856628708000925,0.00013197700172895566,0.17232608795166016,True
4317,324,0.9669881015678965,0.00012523400073405355,0.17237186431884766,True
4320,446,1.7145812593680472,0.00012314900232013315,0.1723642349243164,True
4321,404,1.118405691188986,0.00013169800149626099,0.1724100112915039,True
4322,446,2.440553669355419,0.00012932100071338937,0.1724405288696289,True
4323,324,1.0902990916379312,0.00012765899737132713,0.17231082916259766,True
4324,296,1.2602415248302676,0.00012958199658896774,0.17244815826416016,True
4325,324,2.732485896029104,0.00013433899948722683,0.17250919342041016,True
4326,324,1.7868407897097516,0.0001319579969276674,0.1724252700805664,True
4327,478,4.299892311130165,0.00012919100117869675,0.1724405288696289,False
4328,320,28.059786382638055,0.0001226050007971935,0.17229557037353516,True
4330,478,6.269309127063642,0.00015381100092781708,0.17241764068603516,True
4332,439,0.7832370600314844,0.00012571199840749614,0.1723642349243164,True
4333,394,1.7830537955577481,0.00013330499859876,0.1724252700805664,True
4335,356,149.99346710043747,0.0001326160017924849,0.1725320816040039,True
4336,330,7.515751369385899,0.0001410589975421317,0.17249393463134766,True
4338,33,32.12650961834266,0.00014088799798628315,0.1726083755493164,False
4340,499,4.575946833011762,0.00013075499737169594,0.17243289947509766,False
4345,432,1.8457597670980572,0.0001321969975833781,0.1724557876586914,True
4348,319,1.2501826664826883,0.0001322009993600659,0.17241764068603516,True
4350,410,2.270554378135043,0.00013745600153924897,0.1725625991821289,True
4351,489,2.1448282367428395,0.00013806800052407198,0.1724863052368164,False
4354,375,1.9734713003945294,0.00014234700211090967,0.17252445220947266,True
4357,436,9.97910103993401,0.00014372600344358943,0.1725625991821289,True
4360,334,2.715164479971654,0.0001309889994445257,0.17243289947509766,True
4361,158,7.218617515817286,0.0001494370008003898,0.1725778579711914,False
4363,294,1.6040753470693494,0.00013846699948771857,0.17255496978759766,True
4365,334,1.5958068391610873,0.00013772799866274,0.1725625991821289,True
4366,452,19.81289536426184,0.00015170500046224333,0.1725778579711914,True
4368,334,2.9355292307109635,0.00013453000065055676,0.1725015640258789,True
4369,375,2.8260287215991085,0.00014569799895980395,0.17247867584228516,True
4370,334,0.9644067781627328,0.00012882800001534633,0.1724100112915039,True
4372,375,1.3569131336466338,0.00013631899855681695,0.17255496978759766,True
4373,334,1.7645215933219442,0.0001412189994880464,0.17243289947509766,True
4376,375,1.183927663614554,0.00014052299957256764,0.1725320816040039,True
4377,375,1.2045133878516638,0.00013341899830265902,0.1724252700805664,True
4379,375,0.875362751891635,0.00014287999874795787,0.1724100112915039,True
4380,375,1.5553313074275044,0.0001286610022361856,0.1723947525024414,True
4382,452,23.520185569055304,0.0001717850027489476,0.17264652252197266,False
4383,280,24.37336541880108,0.0001518479984952137,0.17267704010009766,False
4385,460,1.1565608535383358,0.00013527699775295332,0.17246341705322266,True
4387,489,1.4693191623552604,0.00013424799908534624,0.1723947525024414,False
4388,487,1.4669323795876872,0.00014521900084218942,0.17240238189697266,True
4389,375,1.3547108106162484,0.00014800700228079222,0.17247867584228516,True
4390,410,1.143201053627511,0.00015489799989154562,0.17249393463134766,True
4391,363,2.332527570904586,0.00013187399963499047,0.1725015640258789,False
4397,487,1.3499314297426808,0.00013450999904307537,0.1723794937133789,True
4401,493,1.3479718850953222,0.00013404800120042637,0.17243289947509766,True
4402,432,1.2999788403320596,0.00013064100130577572,0.17235660552978516,True
4404,487,2.583877171665047,0.0001542270001664292,0.1724252700805664,True
4407,489,1.0767876732540034,0.00013576100172940642,0.17243289947509766,False
4408,487,2.0694474846485735,0.00013139300062903203,0.17231082916259766,True
4409,437,1.0043427135014096,0.00016777400014689192,0.17243289947509766,True
4412,378,2.902026124604875,0.00013924200175097212,0.1724863052368164,True
4413,487,2.0903015696778007,0.00014213199756341055,0.17237186431884766,True
4414,487,1.9287376673323955,0.0001346140015812125,0.1724252700805664,True
4418,487,4.329050561177031,0.00013333600145415403,0.17238712310791016,True
4420,487,2.2981862135635827,0.00014645600094809197,0.17243289947509766,True
4421,487,1.3221807118222326,0.00015109899686649442,0.17237186431884766,True
4422,285,5.922347122661932,0.00015233100202749483,0.1725320816040039,False
4423,285,9.221634093097789,0.00014091199773247354,0.1725015640258789,False
4424,487,5.2338752765194485,0.00015581699699396268,0.1725778579711914,True
4425,487,6.2400507439977755,0.0002965500025311485,0.1726541519165039,True
4426,487,3.9931720696912274,0.00016788400171208195,0.17260074615478516,True
4427,487,4.057377766145422,0.00015174000145634636,0.1723794937133789,True
4428,487,1.4249566927209565,0.0001395979998051189,0.17246341705322266,True
4429,372,1.6857779611631334,0.00013883200153941289,0.17246341705322266,True
4432,493,1.6952531002978373,0.00014012400060892105,0.1723794937133789,True
4433,437,1.9471406778102742,0.0001370190002489835,0.1724863052368164,True
4436,487,1.0007761655410887,0.00013459900219459087,0.17237186431884766,True
4438,487,1.347975495669936,0.0001363360024697613,0.17238712310791016,True
4441,487,0.9037652578531243,0.00013483000293490477,0.1723947525024414,True
4448,407,3.899992160008049,0.00015558099767076783,0.1725015640258789,True
4449,330,4.286777839837951,0.00017554299847688526,0.17253971099853516,False
4451,436,6.991146304893973,0.00017461699826526456,0.1725168228149414,True
4452,346,2.524683803312578,0.00013924599988968112,0.17260074615478516,True
4453,303,2.677603993174544,0.00013555300029111095,0.1725168228149414,True
4454,410,1.5446191208679767,0.0001387230004183948,0.17250919342041016,True
4455,374,2.1687847076458935,0.00013974200192024,0.1725320816040039,True
4457,487,7.19241340580504,0.00014093800200498663,0.1725778579711914,True
4458,460,1.2307948067272034,0.00013302099978318438,0.17241764068603516,True
4460,311,1.77379642327086,0.00013852099800715223,0.1725320816040039,True
4461,334,0.9870540659912175,0.00013924800077802502,0.17253971099853516,True
4463,334,1.3494447357741244,0.00013058100012131035,0.17247867584228516,True
4464,487,6.3516406873817415,0.00017545800074003637,0.1725320816040039,True
4468,429,1.2110605957188976,0.00012862500079791062,0.1724100112915039,True
4469,487,1.5495748523355835,0.00012984700151719153,0.17235660552978516,True
4471,487,1.8062858097502006,0.00012949299707543105,0.1723794937133789,True
4473,487,1.2137053180323272,0.00014447599824052304,0.17238712310791016,True
4476,399,1.784533904398152,0.00015304399857996032,0.17253971099853516,True
4477,33,11.782883868862694,0.00013483799921232276,0.1724557876586914,False
4478,375,1.1037222621862675,0.00013205199866206385,0.1723794937133789,True
4479,303,2.674785440096318,0.0001436729980923701,0.17244815826416016,True
4480,429,2.0853103535683712,0.00013544399917009287,0.1724863052368164,True
4484,493,5.343833137136725,0.0001355219974357169,0.17247867584228516,True
4485,309,1.3439596932487279,0.0001331410021521151,0.1725015640258789,True
4486,493,2.7405897233380343,0.00013791200035484508,0.1724405288696289,False
4488,487,3.90957604404723,0.00013317499906406738,0.17244815826416016,False
4490,489,1.6838958805599553,0.00014179599747876637,0.17253971099853516,False
4493,493,0.9273091250728882,0.000124379999761004,0.1723031997680664,False
4497,399,1.8279976794267723,0.00013230100012151524,0.1724863052368164,True
4498,399,1.4454041853452353,0.0001355720014544204,0.1724710464477539,True
4499,487,1.7029813495527322,0.00012996100122109056,0.1724405288696289,False
