Test Index,Train Index,Score,Computing Time (s),Space Usage (MB),Same Class
1,118,1.9570408804857984,0.0001374829989799764,0.1724557876586914,True
2,27,3.0234540266451657,0.00013702200158149935,0.1724405288696289,True
4,11,3.338252924021809,0.00016881199917406775,0.17249393463134766,True
10,156,1.472533138654574,0.0001253910013474524,0.17234134674072266,True
11,283,2.448855774180908,0.00013907199900131673,0.1724100112915039,True
12,177,4.194311191098341,0.0001336250024905894,0.1724405288696289,True
13,151,1.967415044277598,0.0001323040014540311,0.17241764068603516,True
14,152,0.9229045247185854,0.000139173000206938,0.1724863052368164,True
16,135,1.4182296304024289,0.0001273870002478361,0.17240238189697266,True
18,155,1.882170883958399,0.0001421409979229793,0.1723337173461914,True
21,151,1.9947939543525008,0.00014368199845193885,0.17252445220947266,True
24,151,1.7971583918947385,0.00014691900287289172,0.17241764068603516,True
25,99,5.95723910291178,0.00013357900024857372,0.17247867584228516,True
27,13,7.258644453839599,0.00013318999845068902,0.17247867584228516,True
28,282,2.0346274597664973,0.0001361050017294474,0.1724710464477539,True
29,230,1.143037251229657,0.00013103899982525036,0.1723794937133789,True
30,276,2.6192208091823392,0.0001629899998079054,0.17252445220947266,True
33,107,2.679776832330456,0.00013283999942359515,0.1724710464477539,True
35,212,1.9251784305790451,0.0001379669993184507,0.1723794937133789,True
38,244,1.5288546007337773,0.000125070997455623,0.17235660552978516,True
40,77,6.6963826293715245,0.0001471169998694677,0.1725625991821289,True
42,255,3.6961055850711433,0.00013876099910703488,0.1725320816040039,True
45,199,1.3405493681667486,0.00013970899817650206,0.17238712310791016,True
48,289,2.4860279810304866,0.00012931300079799257,0.1724252700805664,True
49,80,1.9117165134714824,0.00013282600048114546,0.1724100112915039,True
50,230,1.7514269888392953,0.00012525000056484714,0.1723337173461914,True
54,188,2.027790049317627,0.0001351040009467397,0.1725473403930664,True
58,20,2.2054482000476745,0.0001309220024268143,0.17244815826416016,True
59,26,3.032862728786657,0.00013622000187751837,0.17255496978759766,True
63,134,1.4653711805987257,0.0001324320001003798,0.17246341705322266,True
66,31,7.24335719561688,0.00013533799938159063,0.17250919342041016,True
68,6,5.251873544968565,0.00014172300143400207,0.17252445220947266,True
70,117,0.9094753770487822,0.00012418900223565288,0.17228031158447266,True
71,275,2.374026370755741,0.00012909599900012836,0.17238712310791016,True
72,69,1.9783050963954845,0.0001501480001024902,0.1725015640258789,True
73,144,2.225791214703777,0.00013220100299804471,0.1725168228149414,True
74,69,1.517301748866616,0.00013499000124284066,0.17238712310791016,True
75,262,1.8583473881402643,0.00013412100088316947,0.17231082916259766,True
76,112,1.9615951359112134,0.00013295499957166612,0.17246341705322266,True
78,28,2.0275878253402886,0.00012682599844993092,0.1723947525024414,True
82,102,2.232916403572556,0.00013961000149720348,0.17246341705322266,True
83,166,2.7138497587993973,0.0001379370005452074,0.17244815826416016,True
84,62,9.402220222334888,0.00015384299695142545,0.1725931167602539,True
89,49,4.12494366206203,0.00013585099804913625,0.1725625991821289,True
90,286,3.4912539923190713,0.00013332099842955358,0.1724710464477539,True
92,246,1.3900078320400295,0.00013156000204617158,0.1723947525024414,True
96,282,2.534878492293566,0.00013363900143303908,0.17252445220947266,True
98,274,2.2550103295709443,0.00012591499762493186,0.17238712310791016,True
99,151,2.032988415573355,0.00015347599764936604,0.17241764068603516,True
101,97,2.710426565973416,0.0001356150023639202,0.17241764068603516,True
102,226,2.0904719441017914,0.0001378839988319669,0.1723031997680664,True
104,102,2.850446201698054,0.0001348630030406639,0.1724863052368164,True
106,34,2.8112045294929398,0.00013546799891628325,0.1724405288696289,True
107,120,4.176325892148675,0.0001389600001857616,0.17247867584228516,True
108,201,2.589175594504238,0.00013103899982525036,0.1724863052368164,True
112,50,1.1625480595520297,0.00014785200255573727,0.17247867584228516,True
114,77,3.868233907003645,0.00014800599819864146,0.1724863052368164,True
115,16,1.6822995527069224,0.00012990200048079714,0.17241764068603516,True
117,152,1.6200286047981303,0.00014504299906548113,0.17238712310791016,True
119,232,1.9022242711633712,0.00012890599828097038,0.1724100112915039,True
121,208,3.4914309562674184,0.00014958799874875695,0.17247867584228516,True
122,28,2.273517994807627,0.00012929300282849,0.1724100112915039,True
123,38,1.7898291584923371,0.00017726299847709015,0.1724710464477539,True
129,231,1.400479686778726,0.00012934100232087076,0.1724252700805664,True
130,231,0.8946975217374873,0.0001299499999731779,0.1723794937133789,True
134,138,9.086257529615352,0.0001352260005660355,0.1725015640258789,True
135,114,9.680349352959574,0.00013191199832363054,0.1724710464477539,True
137,166,1.1513093249694089,0.0001241630016011186,0.1723489761352539,True
142,52,1.3954996986132282,0.00014277599984779954,0.17240238189697266,True
144,277,3.0246431634345727,0.000141996999445837,0.1724405288696289,True
147,258,2.0137275168647157,0.0003385560012247879,0.17250919342041016,True
152,28,1.3152906905901633,0.00015146599980653264,0.17240238189697266,True
154,133,1.2201262373650936,0.00013609000234282576,0.17247867584228516,True
156,70,1.67323000285557,0.00015526499919360504,0.1724863052368164,True
162,63,2.4698319241064097,0.00020836800104007125,0.17234134674072266,True
164,242,1.0515723425297976,0.00012551300096674822,0.17232608795166016,True
166,181,7.584105368161189,0.00014395200196304359,0.17249393463134766,True
167,204,0.532640369304046,0.00012404100198182277,0.17228031158447266,True
168,17,1.8318644293882633,0.000129869000375038,0.1724100112915039,True
169,153,1.374187098555093,0.0001419910004187841,0.17237186431884766,True
170,11,1.9336537895643657,0.00012976700236322358,0.1723794937133789,True
171,180,1.8909008213121532,0.00013621800098917447,0.17235660552978516,True
175,253,0.952862606385904,0.00013244499859865755,0.1725015640258789,True
178,219,67.225233332501,0.0001303589997405652,0.1724710464477539,True
180,118,0.8272205753532779,0.00012758499724441208,0.17237186431884766,True
188,249,1.5552353106500858,0.00013796400162391365,0.17237186431884766,True
189,190,1.3029892374408816,0.00012519400115706958,0.17235660552978516,True
191,239,1.7925580963755445,0.00012776699804817326,0.17241764068603516,True
192,7,1.8654195802781626,0.00012277200221433304,0.17232608795166016,True
197,122,1.389542987751579,0.00012556799993035384,0.17235660552978516,True
199,122,2.3760489538964458,0.00012979299935977906,0.17238712310791016,True
203,274,4.28833790055402,0.00013889200272387825,0.17257022857666016,True
205,135,1.7625146500497617,0.00014280699906521477,0.17243289947509766,True
206,204,2.5749673857694524,0.0001471800023864489,0.17250919342041016,True
207,207,2.3583611487393368,0.0001270059983653482,0.1724100112915039,True
209,130,3.432813705112681,0.0001255409988516476,0.17238712310791016,True
211,199,1.2315719281697712,0.00014192999879014678,0.17238712310791016,True
212,167,2.4357258149326437,0.00015705199984950013,0.17244815826416016,True
213,253,1.3138355991280375,0.00013004600259591825,0.1724557876586914,True
214,36,3.852536138112108,0.0001296659975196235,0.17246341705322266,True
216,167,2.253297786878919,0.00012275200060685165,0.17232608795166016,True
217,137,3.220142467333626,0.00015569500101264566,0.17247867584228516,True
218,102,1.172264314101919,0.00013123600001563318,0.1724100112915039,True
221,120,5.635809964354222,0.00013813499754178338,0.1724863052368164,True
227,138,7.5981829965032865,0.00013617500007967465,0.1725168228149414,True
229,255,2.513512185518276,0.0001425929985998664,0.1724405288696289,True
230,82,1.7980841764546245,0.00014601399743696675,0.1725015640258789,True
231,153,1.2579652356627924,0.00012572599734994583,0.17237186431884766,True
233,224,1.499732190380188,0.00013357700299820863,0.17237186431884766,True
235,152,1.0382963067079647,0.00012572400009958073,0.1723184585571289,True
236,71,2.8050758936945726,0.00013521599976229481,0.1725015640258789,True
240,223,5.0925828206046795,0.00013193199993111193,0.1724405288696289,True
241,65,1.2466812598738672,0.00012529900050139986,0.1723184585571289,True
248,200,1.4088410443345178,0.00013187799777369946,0.1724100112915039,True
249,172,1.3650206858400202,0.00012909500219393522,0.1724252700805664,True
250,193,2.4779581244650712,0.0001355700005660765,0.17244815826416016,True
251,214,1.4395560000006808,0.00013574500189861283,0.1724557876586914,True
255,138,6.967996050042233,0.0001371709986415226,0.1725015640258789,True
257,287,6.542298989098295,0.00013241800115793012,0.1724405288696289,True
258,42,1.8369993645391687,0.00013092899826006033,0.17246341705322266,True
260,140,1.2616380400963316,0.0001271619985345751,0.17237186431884766,True
262,164,1.3654087162312543,0.00013290300194057636,0.1724863052368164,True
264,244,1.8166608731549225,0.0001419830005033873,0.17238712310791016,True
267,199,1.7021917534699031,0.0001350959973933641,0.17244815826416016,True
269,110,4.864616994339047,0.0001415840015397407,0.17255496978759766,True
270,102,1.1803330900402436,0.00012914800026919693,0.17240238189697266,True
273,232,1.9486243966746057,0.0001253849986824207,0.1723642349243164,True
274,284,2.3413239673325346,0.00012624900045921095,0.1724100112915039,True
276,178,2.328325060017347,0.00013167499855626374,0.17241764068603516,True
277,154,2.0518759645144637,0.00013245499940239824,0.1724100112915039,True
278,225,1.4953154466675145,0.0001431279997632373,0.1724405288696289,True
284,227,2.654941668384976,0.0001340750022791326,0.1724252700805664,True
286,133,0.9228446288999633,0.00012645800234167837,0.17237186431884766,True
288,49,7.816691930150822,0.00013652699999511242,0.17252445220947266,True
289,82,1.6452606111469625,0.000136883001687238,0.17241764068603516,True
291,172,1.77025281227019,0.00013029899855609983,0.1724710464477539,True
292,64,2.1486988397708036,0.0001340079979854636,0.1723947525024414,True
293,48,1.7309464500721412,0.00015186699965852313,0.17237186431884766,True
295,172,1.6881172530779418,0.00013340399891603738,0.17244815826416016,True
297,172,1.8873322150850713,0.00013589399895863608,0.17244815826416016,True
299,76,2.558756505714944,0.0001426880007784348,0.1723184585571289,True
300,274,2.433864195050142,0.0001340810013061855,0.17246341705322266,True
304,271,1.252255228277401,0.00012859500202466734,0.1723642349243164,True
305,247,1.1702112646855052,0.00014108100003795698,0.17243289947509766,True
310,281,1.0066167424236223,0.0001685979987087194,0.17238712310791016,True
311,261,2.344877526103104,0.00015673000234528445,0.17255496978759766,True
316,185,1.3087967640747653,0.00013801200111629441,0.1724252700805664,True
317,183,1.2225165764455033,0.00012876699838670902,0.17235660552978516,True
318,207,2.2577243696440403,0.00012745300045935437,0.1723794937133789,True
319,98,1.9876518768326499,0.00013585700071416795,0.1725473403930664,True
320,251,4.222955344559139,0.0001365830030408688,0.1723947525024414,True
322,169,1.6529712712027844,0.000511322999955155,0.1724100112915039,True
324,155,2.170287928250619,0.00014183600069372915,0.1723794937133789,True
325,244,1.7356656856911066,0.00014235900016501546,0.1723642349243164,True
328,182,5.515621459691547,0.00013016500088269822,0.17244815826416016,True
330,32,2.1886500017090214,0.00012840500130550936,0.1724405288696289,True
331,243,2.2136318253612735,0.00013158600268070586,0.1724557876586914,True
332,166,1.5628323401771278,0.0001298749994020909,0.1723337173461914,True
335,257,0.8282670607791355,0.00013792599929729477,0.17234134674072266,True
337,174,1.7976987150146473,0.00013032400238444097,0.1723794937133789,True
338,212,1.334415115535705,0.00012646800314541906,0.17235660552978516,True
340,136,1.5756576041957282,0.00013693500295630656,0.17240238189697266,True
342,138,11.103232953091073,0.00013659899923368357,0.17249393463134766,True
347,284,2.3227990198506974,0.00012830600098823197,0.1724100112915039,True
351,20,2.573840888637462,0.00013598100122180767,0.1724710464477539,True
353,220,1.8331239645708841,0.00013033199866185896,0.17241764068603516,True
355,17,2.766538661622576,0.00013381900134845637,0.1724252700805664,True
356,156,2.8052939864108994,0.00013549700088333338,0.1725015640258789,True
360,118,2.0758997807419948,0.0001292569977522362,0.17237186431884766,True
361,14,1.4939099997093248,0.0001286309998249635,0.17235660552978516,True
362,214,3.7194070583220777,0.0001386479998473078,0.1725778579711914,True
364,62,2.8833809639914154,0.00013570899682235904,0.17247867584228516,True
365,250,2.0210766975486707,0.0001602789998287335,0.17244815826416016,True
366,273,2.2247677558984873,0.00012818599861930124,0.17244815826416016,True
371,113,6.944890598814743,0.00013846400179318152,0.1725778579711914,True
372,257,1.8798078324815126,0.00013821799802826717,0.1724557876586914,True
373,283,2.3939597980939733,0.00013178600056562573,0.17244815826416016,True
375,180,1.694732126155224,0.00013909500194131397,0.17244815826416016,True
376,248,1.5378776142000619,0.00015964500198606402,0.17235660552978516,True
377,173,4.125067146350674,0.00013817299986840226,0.17252445220947266,True
378,135,1.5126704581950425,0.00012651499855564907,0.1723794937133789,True
382,129,2.477094943582221,0.00014201099838828668,0.1724100112915039,True
383,231,1.4067558927522887,0.0001646349992370233,0.1724405288696289,True
385,62,3.2634154629686964,0.0001307339989580214,0.17249393463134766,True
386,152,1.2355067988722666,0.0001346380013274029,0.17244815826416016,True
388,199,1.672671038736749,0.0001301400006923359,0.17238712310791016,True
389,169,1.5783169939000716,0.00012491199959185906,0.1723642349243164,True
390,231,1.0860548396627814,0.00018195200027548708,0.17243289947509766,True
392,247,2.283376940331828,0.00013869100075680763,0.17257022857666016,True
393,38,1.84279549575471,0.00015286400230252184,0.17240238189697266,True
394,151,2.1560429199629936,0.0001326589990640059,0.1724710464477539,True
396,132,1.9329793283680528,0.00014536500020767562,0.17250919342041016,True
397,110,9.843811953404785,0.00014643399845226668,0.17249393463134766,True
398,66,2.5543759712471372,0.00013515200043912046,0.1724710464477539,True
399,97,2.8001260599924747,0.000133072000608081,0.17235660552978516,True
400,248,1.4738049836996308,0.0001595249996171333,0.17244815826416016,True
402,14,0.7309649865286622,0.00014345499948831275,0.1724252700805664,True
403,68,1.7584047200596769,0.00015102600082173012,0.17246341705322266,True
408,169,2.414559568490354,0.00013496999963535927,0.17246341705322266,True
409,176,2.3923481205067447,0.00013102299999445677,0.1723947525024414,True
410,118,2.3768761721873353,0.0001295950023632031,0.1723794937133789,True
414,193,3.062563261031715,0.00013369700172916055,0.17249393463134766,True
415,50,2.429996903846648,0.00013165900236344896,0.1724405288696289,True
416,86,3.2527397710751402,0.00013242500062915497,0.17241764068603516,True
417,93,2.3371366869937633,0.00013387099897954613,0.17250919342041016,True
418,140,1.6651018151040886,0.00013320400103111751,0.1723794937133789,True
419,151,2.2173313963768653,0.00013381499957176857,0.17247867584228516,True
421,166,1.9755815443612146,0.0001346159988315776,0.1724557876586914,True
423,26,1.5664621002825372,0.0001507380002294667,0.17241764068603516,True
426,250,2.0316517369760843,0.00012971400064998306,0.1724405288696289,True
428,118,1.4641036052793353,0.00012628499825950712,0.1723947525024414,True
429,242,1.7162115463831664,0.00013121500160195865,0.1723947525024414,True
430,186,1.514832703303709,0.0001395680010318756,0.1724100112915039,True
431,244,3.0350877189215315,0.00013352500172914006,0.1725015640258789,True
432,158,1.8004679277620665,0.00013806300194119103,0.1723947525024414,True
434,210,3.7679307076051503,0.00015459299902431667,0.17249393463134766,True
437,281,1.3769336667952319,0.0001289649990212638,0.17240238189697266,True
438,161,1.1922190756309532,0.00013061199933872558,0.17246341705322266,True
440,70,2.207832113549398,0.00015511499805143103,0.1724557876586914,True
444,237,1.4865586458345992,0.00015364699720521457,0.1723794937133789,True
445,226,2.191758306560127,0.00013632300033350475,0.17246341705322266,True
448,97,2.2811488406894433,0.00015188800171017647,0.17241764068603516,True
452,104,2.390646762726852,0.00013220600158092566,0.1724405288696289,True
453,274,1.8479217442072253,0.00015468800120288506,0.1724405288696289,True
454,193,2.789095710498862,0.00013497500185621902,0.17246341705322266,True
457,139,2.2677244732429407,0.0001361089998681564,0.17241764068603516,True
458,221,1.7393932100220224,0.0001513090028311126,0.17240238189697266,True
460,276,2.1049545608624625,0.00013319299978320487,0.17247867584228516,True
467,124,1.5936235991660934,0.00013047600077698007,0.1723794937133789,True
468,193,0.74536467177193,0.00012916000196128152,0.1723642349243164,True
469,206,2.1141912664143767,0.00015543100016657263,0.17243289947509766,True
471,69,2.093223243110068,0.00014132100113783963,0.17246341705322266,True
472,190,1.752816314788006,0.0001323020005656872,0.1723947525024414,True
474,221,1.4886614992404983,0.00013633300113724545,0.1724252700805664,True
475,122,2.0928628084244214,0.00014242700126487762,0.17252445220947266,True
476,228,2.4748424927271686,0.0001349240010313224,0.1724100112915039,True
477,231,2.0063066562274825,0.0001286610022361856,0.17241764068603516,True
486,125,5.691924748447592,0.00013698600014322437,0.1725168228149414,True
487,59,1.6911239874207291,0.0001594219975231681,0.17247867584228516,True
488,94,2.4282260124662827,0.0001266109975404106,0.1723794937133789,True
489,220,1.155701547695331,0.00012738799705402926,0.17235660552978516,True
492,79,7.567811748380315,0.0001475120006944053,0.17252445220947266,True
493,232,1.376603242543593,0.0001240130004589446,0.17232608795166016,True
495,158,1.2562679888560666,0.00012744799823849462,0.17240238189697266,True
498,52,1.8830670181840532,0.00013023000065004453,0.17243289947509766,True
500,204,2.7752297720894594,0.00013475900050252676,0.1724863052368164,True
501,193,2.2475995494036036,0.00013770100122201256,0.1725015640258789,True
504,28,3.389071602439172,0.0001327419995504897,0.1724863052368164,True
505,211,2.290188402100063,0.00012986300134798512,0.17244815826416016,True
507,175,2.2091221072231746,0.0001786840002750978,0.17247867584228516,True
508,80,2.3260639418855926,0.00015410199921461754,0.17244815826416016,True
509,282,1.0456241316335741,0.00013134300024830736,0.17243289947509766,True
513,62,8.79741399141232,0.00015067400090629235,0.1726694107055664,True
515,210,2.9279234890262384,0.00013916900206822902,0.17246341705322266,True
516,125,4.211185835177964,0.00013930900240666233,0.17249393463134766,True
519,264,2.473217453042947,0.00013703699733014219,0.1725473403930664,True
520,162,2.3259600524077033,0.00014231600289349444,0.1724557876586914,True
522,50,1.2453125580119793,0.00013271400166559033,0.1723642349243164,True
524,26,1.6917551834075741,0.0001426009985152632,0.17240238189697266,True
525,67,2.9576737296481364,0.00013389200103119947,0.17235660552978516,True
527,242,1.156669779573618,0.00013475899686454795,0.17240238189697266,True
529,41,6.708217090318278,0.00014481599646387622,0.17257022857666016,True
532,99,8.113217782304943,0.00014584600285161287,0.17255496978759766,True
533,70,2.948839492733369,0.000148516999615822,0.17258548736572266,True
534,120,4.929969234092484,0.00014467700020759366,0.17267704010009766,True
535,161,1.9162809539906498,0.00013705899982596748,0.1724710464477539,True
538,190,2.509836797182362,0.0001445339985366445,0.17246341705322266,True
540,279,10.247372260204116,0.00013636000221595168,0.17250919342041016,True
543,7,1.5770497684890536,0.00013169900194043294,0.1724557876586914,True
544,264,2.3444209069520814,0.0001502619998063892,0.17243289947509766,True
545,120,4.629849721646662,0.00014187800115905702,0.1726236343383789,True
547,107,5.057673195232413,0.00013432500054477714,0.17243289947509766,True
548,290,1.5113440118921508,0.00012914099715999328,0.1724100112915039,True
549,183,0.7549239003079137,0.00015424199955305085,0.17235660552978516,True
553,186,0.9992041581168494,0.00013412900079856627,0.1723642349243164,True
558,82,1.9785075711075497,0.00012923399845021777,0.17240238189697266,True
560,87,1.879374338724365,0.00013278400001581758,0.17244815826416016,True
561,234,2.6973875711192803,0.00013821399988955818,0.1725320816040039,True
562,100,4.027115127732837,0.00012627600153791718,0.1723947525024414,True
563,90,1.169284819977503,0.0001853159992606379,0.17231082916259766,True
564,20,1.9617434751756015,0.00020265099738026038,0.17238712310791016,True
566,220,1.8316970818502636,0.00014232000103220344,0.17241764068603516,True
567,275,4.20723505992976,0.00030825000067125075,0.1724557876586914,True
569,67,2.730266719512507,0.0001391160003549885,0.17241764068603516,True
574,173,3.808406557034393,0.0001460800012864638,0.1724863052368164,True
575,11,2.2760308162991616,0.00013380300151766278,0.17247867584228516,True
576,144,7.820730068896412,0.00015483799870708026,0.17263126373291016,True
577,203,2.1700547317376597,0.00014116400052444078,0.17240238189697266,True
581,17,2.725549121951301,0.00016564500037929974,0.1725625991821289,True
582,155,1.0795372166553894,0.0002746239988482557,0.1724252700805664,True
583,202,1.2816997343400078,0.00015306099885492586,0.1723489761352539,True
584,132,1.4071696688661122,0.00013068099724478088,0.17241764068603516,True
586,131,3.3594775165756356,0.00013876199955120683,0.1724405288696289,True
588,233,7.182708326154055,0.0001457939979445655,0.17252445220947266,True
589,140,1.7095479142088599,0.0001367030017718207,0.17249393463134766,True
590,152,1.809033608437126,0.00013138899885234423,0.17240238189697266,True
591,172,2.3347619948955036,0.0001295160000154283,0.1724252700805664,True
592,65,2.38640098773273,0.0001480270002502948,0.1724405288696289,True
594,116,3.330328230158308,0.0001568789994053077,0.17252445220947266,True
595,59,2.2492261101481303,0.00016415000209235586,0.1724863052368164,True
596,114,3.7961408997523622,0.00016236499868682586,0.17247867584228516,True
598,87,1.5344362555746138,0.00013097600094624795,0.17246341705322266,True
599,137,6.486150557364365,0.00015673000234528445,0.17255496978759766,True
600,46,1.2582599182105119,0.00013193699851399288,0.17240238189697266,True
604,223,10.02068627664389,0.00017033100084518082,0.17257022857666016,True
606,144,2.5419356923054663,0.0001510379988758359,0.17246341705322266,True
607,59,2.157011701714233,0.00013128200225764886,0.1724405288696289,True
608,268,1.8743930107705788,0.00012980300016351976,0.1723947525024414,True
610,73,4.158627463986155,0.0001312690001213923,0.1724557876586914,True
612,46,1.6375685189926181,0.0001325089979218319,0.1724405288696289,True
613,185,2.1833606719513035,0.00014709599781781435,0.1723794937133789,True
614,277,2.065165357984332,0.00013162400136934593,0.17238712310791016,True
615,202,1.375525920791502,0.00013697599933948368,0.1725015640258789,True
618,24,0.977228891508947,0.00012579100075527094,0.17234134674072266,True
620,242,1.381667034370899,0.00012779499957105145,0.17235660552978516,True
621,156,1.5658737857726164,0.00013515000318875536,0.17244815826416016,True
622,89,1.2013690824817054,0.00012964900088263676,0.1723337173461914,True
623,46,0.8333671691999917,0.00012931099990964867,0.17238712310791016,True
624,281,1.5705810388796229,0.00013336099800653756,0.17238712310791016,True
634,118,1.9937515988420542,0.00014317699969979003,0.17244815826416016,True
636,284,1.3360767660372979,0.00012875600077677518,0.17229557037353516,True
637,161,1.6820883898113175,0.00013079999916953966,0.17241764068603516,True
639,97,2.678031516570955,0.0001297919989156071,0.1723947525024414,True
640,268,1.4142037934591922,0.0001558820003992878,0.17234134674072266,True
641,271,2.2127683511817997,0.0001272770023206249,0.17234134674072266,True
642,17,1.2059127138140984,0.0001320530027442146,0.17240238189697266,True
643,199,1.7039222660845614,0.00012986400179215707,0.1724557876586914,True
645,245,2.5136837085312336,0.00013150899758329615,0.17247867584228516,True
646,143,0.7550410233204051,0.0001322030002484098,0.17238712310791016,True
648,24,1.4722356114231505,0.00012699899889412336,0.17235660552978516,True
649,138,12.076272284122291,0.00014004500189912505,0.1725931167602539,True
653,226,3.6570286321092005,0.00013232099809101783,0.17243289947509766,True
656,175,3.2743803239295493,0.00013961999866296537,0.1723947525024414,True
657,291,0.806340112411328,0.00013837600272381678,0.17238712310791016,True
658,245,2.34420654881304,0.0001364980016660411,0.17235660552978516,True
661,248,1.2372106280902746,0.00013904200022807345,0.1724557876586914,True
665,200,1.6354087004022433,0.00013594600022770464,0.17240238189697266,True
668,151,2.2278718089913974,0.00013043500075582415,0.1724100112915039,True
671,156,2.14082771972782,0.00013645100261783227,0.1724405288696289,True
672,140,2.8768167177773534,0.00014356500105350278,0.17241764068603516,True
680,17,3.545393221815452,0.00013575699995271862,0.1724710464477539,True
681,221,2.452751048582676,0.00013887399836676195,0.1724557876586914,True
682,93,3.12486678938706,0.00016971399963949807,0.17247867584228516,True
687,226,3.005616507826968,0.00012689499999396503,0.17240238189697266,True
690,130,1.6047463596528253,0.0003511200011416804,0.17237186431884766,True
691,235,2.5467698904587155,0.0001296679984079674,0.1723947525024414,True
692,158,4.626733290056283,0.00024887399922590703,0.1726236343383789,True
693,208,3.125086955529991,0.00017419099822291173,0.1725015640258789,True
694,87,2.0892211557070723,0.00013389000014285557,0.1723947525024414,True
695,282,1.3292614375521357,0.00014901699978508987,0.1724710464477539,True
697,183,1.6418366646175189,0.0001332929969066754,0.1724100112915039,True
703,282,2.1134917446311063,0.0001311389969487209,0.17247867584228516,True
708,197,5.908731724462278,0.00015265999900293536,0.1725320816040039,True
710,255,3.9944013361619812,0.00014796700270380825,0.1725168228149414,True
713,125,2.874868947445618,0.00013347999993129633,0.1725015640258789,True
716,82,2.7600805108360937,0.0001321480012848042,0.17246341705322266,True
718,235,3.0880125012820074,0.00013485800081980415,0.1723489761352539,True
719,229,2.459522470690256,0.00012467700071283616,0.1723642349243164,True
722,56,2.2462210170395265,0.00013020999904256314,0.1724405288696289,True
723,82,2.2694952911162765,0.00013391399988904595,0.17240238189697266,True
725,107,3.404628748254349,0.00012747499931720085,0.17237186431884766,True
728,67,2.174706638362879,0.00013266599853523076,0.1723947525024414,True
729,248,2.7302258165500946,0.0001578699993842747,0.1725320816040039,True
730,24,1.0159097584793249,0.0001249289998668246,0.17232608795166016,True
731,160,2.3706440268271525,0.00012822300050174817,0.17243289947509766,True
732,27,2.596821813728572,0.00013936400137026794,0.17247867584228516,True
733,12,1.1717633051201992,0.0004168599989498034,0.17234134674072266,True
734,122,2.572664857608742,0.00013387299986789003,0.1724252700805664,True
737,253,3.2404480857624955,0.00013071699868305586,0.1723947525024414,True
738,17,1.5457899512549296,0.0001358579975203611,0.17243289947509766,True
739,236,1.9326667822776717,0.0001369219971820712,0.17241764068603516,True
741,32,1.4101423674306708,0.00013714000306208618,0.17243289947509766,True
742,191,5.989904108335576,0.00013353300164453685,0.17246341705322266,True
743,53,1.7737580406996563,0.0001323729993600864,0.17241764068603516,True
744,156,2.082505661473961,0.00012905399853480048,0.1723947525024414,True
746,234,2.540223955156675,0.00015470799917238764,0.17250919342041016,True
747,62,19.889433276609072,0.00014970799747970887,0.17255496978759766,True
748,270,3.328674302123975,0.00014729699978488497,0.1724863052368164,True
749,143,1.9500980827769576,0.00013091299842926674,0.1724710464477539,True
750,84,6.5517601473343765,0.0001450300005672034,0.17244815826416016,True
751,17,3.8444240260973466,0.000139097999635851,0.17257022857666016,True
752,261,3.0615839963304383,0.00013396299982559867,0.1724710464477539,True
754,92,4.706390432852681,0.00012950300151715055,0.17238712310791016,True
758,238,1.1132083782740068,0.00012814000001526438,0.1723489761352539,True
759,74,1.0625240160781568,0.0001361559989163652,0.17237186431884766,True
760,139,2.995308342210994,0.0001438510007574223,0.17238712310791016,True
761,122,1.726815237366165,0.00012591099948622286,0.1723642349243164,True
763,271,1.286843807187803,0.0001326769997831434,0.17241764068603516,True
764,246,2.226541697168229,0.00013989499711897224,0.1725473403930664,True
765,135,1.2651110063415407,0.00013724900054512545,0.17238712310791016,True
767,132,2.2011641504571084,0.00013162200048100203,0.17246341705322266,True
769,235,2.3485778674501803,0.00012576099834404886,0.1723489761352539,True
773,227,2.8084881508979684,0.00013630499961436726,0.1724557876586914,True
774,164,1.7191209387049358,0.00014419599756365642,0.17249393463134766,True
778,469,11.077164907762851,0.00013481700079864822,0.1725473403930664,False
780,161,2.795824280185453,0.00013009099711780436,0.1724252700805664,True
781,114,8.421377674864916,0.00013674699948751368,0.17255496978759766,True
786,89,2.9590004444311377,0.0001642280003579799,0.17243289947509766,True
787,84,9.62198933112619,0.00013000600301893428,0.1724405288696289,True
793,183,0.7224544022415966,0.0001305799996771384,0.1723642349243164,True
794,75,1.521205243551297,0.0001294249996135477,0.1723947525024414,True
796,60,2.547804558938627,0.0001340870003332384,0.1724100112915039,True
798,253,1.7900323784548657,0.0001284040008613374,0.1724405288696289,True
800,68,1.6609611809228972,0.00014346700118039735,0.1724405288696289,True
801,235,2.0102846290012764,0.00013098799900035374,0.17244815826416016,True
808,212,2.9870349119850457,0.0001409130018146243,0.17237186431884766,True
811,60,2.339174819699662,0.00013371000022743829,0.17250919342041016,True
813,107,3.090140066741186,0.00013582799874711782,0.17244815826416016,True
814,167,0.8598824759782129,0.00012773799971910194,0.17240238189697266,True
816,274,2.056531473006252,0.00012935500126332045,0.17244815826416016,True
819,129,1.8755104689353104,0.00013218600361142308,0.17240238189697266,True
821,285,1.5476726372547782,0.00013201700130593963,0.17235660552978516,True
824,239,1.0867242659018024,0.0001282539997191634,0.1723489761352539,True
829,140,3.1394080695712714,0.00013618700177175924,0.1724405288696289,True
835,183,1.3813022342228907,0.00013643099737237208,0.1724710464477539,True
836,56,2.727743641015625,0.00013606200081994757,0.1724405288696289,True
837,166,1.187678748157523,0.00013963400124339387,0.1724100112915039,True
838,66,1.8677351347222124,0.00014520300101139583,0.17247867584228516,True
840,193,1.871726068136438,0.00013888399917050265,0.17247867584228516,True
843,246,6.318129736514452,0.0001395070030412171,0.17258548736572266,True
845,56,1.2773598790744585,0.00014468400331679732,0.17238712310791016,True
846,193,1.1741217434593987,0.00013967600170872174,0.1724405288696289,True
847,221,11.360291265975468,0.0001339150003332179,0.1725320816040039,True
848,147,2.040212527817382,0.00013225400107330643,0.1724100112915039,True
849,282,2.5475252385533187,0.00013175200001569465,0.17249393463134766,True
850,151,1.4170381064554367,0.00013559999933931977,0.17244815826416016,True
851,176,1.2616220070474164,0.0001269429994863458,0.1723642349243164,True
852,219,48.56975770726319,0.00014932600242900662,0.17252445220947266,True
855,253,2.5827838692428697,0.00013727900295634754,0.1724405288696289,True
856,164,2.4000200376227414,0.00014382700101123191,0.1724557876586914,True
866,194,2.7040988306127844,0.00013807600043946877,0.1724100112915039,True
867,146,1.4248599881689465,0.0001304240031458903,0.17247867584228516,True
869,5,1.304197225845978,0.00013331000081961975,0.17246341705322266,True
873,102,4.4861294312909505,0.00013256000238470733,0.17244815826416016,True
875,168,2.819009809487931,0.0001468820009904448,0.1724710464477539,True
877,184,2.0679757321284917,0.00012922099995194003,0.17241764068603516,True
879,281,1.6089421964722956,0.0001302939999732189,0.1724100112915039,True
881,224,1.6679210293040656,0.00013104299796395935,0.1723642349243164,True
883,143,2.734112872422253,0.00013542300075641833,0.1725015640258789,True
884,220,0.7537981539663985,0.0001295099973503966,0.1724100112915039,True
886,241,3.1641359828679,0.0001343750009255018,0.17249393463134766,True
888,114,13.667481422403757,0.00014296000153990462,0.17260074615478516,True
889,114,16.765130414364798,0.00013638400196214207,0.1725473403930664,True
890,13,47.10771841344011,0.0001392599988321308,0.17261600494384766,True
892,273,1.9481687752354313,0.00013243700232123956,0.17241764068603516,True
894,130,3.0076012044456157,0.00013940200005890802,0.17240238189697266,True
904,258,1.9931571530220433,0.00013100200158078223,0.1724710464477539,True
905,156,3.1593412829163796,0.00013257800310384482,0.17252445220947266,True
906,51,2.568662953280623,0.00013449299876810983,0.17249393463134766,True
907,268,1.545397031929513,0.00014048899902263656,0.1723947525024414,True
909,485,2.5781374094879674,0.00014490499961539172,0.17257022857666016,False
912,260,1.2644891855983562,0.0001278060008189641,0.1724100112915039,True
914,12,1.6243409494825793,0.00012991800031159073,0.1723794937133789,True
915,114,12.486534703785244,0.00014071400073589757,0.17253971099853516,True
916,124,2.0365054688605664,0.0001346280005236622,0.1725320816040039,True
918,228,2.884375582617075,0.0001324340009887237,0.1723947525024414,True
919,131,3.789519674264273,0.00013338099961401895,0.17241764068603516,True
920,17,1.1270317197542787,0.00013140499868313782,0.1724252700805664,True
921,270,1.3008311948877973,0.00013443400166579522,0.1723947525024414,True
922,166,1.9446479515367125,0.00016641699767205864,0.17249393463134766,True
924,190,2.260461200283259,0.00013574300101026893,0.1724252700805664,True
925,193,2.169184120416547,0.00014481800099019893,0.1724405288696289,True
928,48,2.3038161071826977,0.0001487520021328237,0.17243289947509766,True
930,244,2.4487721897000867,0.0003196990001015365,0.1724710464477539,True
931,65,3.535158416542939,0.00014896399807184935,0.1724863052368164,True
934,186,2.1218923866519246,0.00014845699843135662,0.17237186431884766,True
935,283,2.0910233984997264,0.00014699500025017187,0.1724710464477539,True
938,121,2.1710703936952407,0.0001287970007979311,0.17240238189697266,True
941,57,1.8198766162659439,0.0001275850008823909,0.17240238189697266,True
942,165,2.981097179671807,0.00013472299906425178,0.17244815826416016,True
944,68,13.693504923167687,0.00014478999946732074,0.1725778579711914,True
946,94,1.2098591887012553,0.00012420900020515546,0.17232608795166016,True
949,99,7.683068891782247,0.00014532900240737945,0.17250919342041016,True
952,238,0.8335579083599524,0.00012696800331468694,0.17237186431884766,True
953,106,7.746572586260935,0.00013736699838773347,0.17246341705322266,True
958,287,2.2460676388361236,0.0001304949983023107,0.1723794937133789,True
960,173,4.0341507530988325,0.0001372379992972128,0.1725320816040039,True
961,248,2.5797266545481814,0.00014235900016501546,0.17241764068603516,True
962,201,3.6557085164700975,0.00015091499881236814,0.1724710464477539,True
963,97,1.918039885356809,0.00012836799942306243,0.1724252700805664,True
964,200,2.7224029022369742,0.00013146200217306614,0.17238712310791016,True
966,230,1.3597593690412055,0.00015865499881329015,0.1725015640258789,True
968,186,1.3405617210556087,0.0001298990027862601,0.17240238189697266,True
969,231,1.5500052555132229,0.00013820700041833334,0.17234134674072266,True
970,87,1.5833516685261046,0.00015147800149861723,0.17240238189697266,True
974,102,1.1140780728971194,0.00013195899737183936,0.1724710464477539,True
976,281,2.5656740685188684,0.00013482299982570112,0.1724557876586914,True
979,139,2.238176005332035,0.00012689299910562113,0.1723642349243164,True
980,211,2.833746439082867,0.0001432450007996522,0.1724557876586914,True
981,87,2.32438166024112,0.00013007200323045254,0.1724557876586914,True
982,65,3.1668105042994625,0.0001359999987471383,0.17243289947509766,True
983,285,1.4372468075356002,0.00014381800065166317,0.1723031997680664,True
985,7,2.1494224596189846,0.0001400399996782653,0.17243289947509766,True
987,81,1.974711024476703,0.00013900799967814237,0.17243289947509766,True
988,185,2.1439207639430005,0.00012551899999380112,0.17238712310791016,True
989,208,2.662673798348325,0.0001380889989377465,0.1724710464477539,True
990,107,4.141513464013536,0.00013164499978302047,0.17246341705322266,True
991,152,2.891591319807294,0.00016164800035767257,0.17258548736572266,True
994,60,1.9787660684807036,0.00012603200229932554,0.1723642349243164,True
997,77,5.087128078415179,0.00013607000073534437,0.17252445220947266,True
998,283,1.948380010232583,0.00013724699965678155,0.17247867584228516,True
1002,134,2.866726017818136,0.00014929400276741944,0.1724405288696289,True
1003,234,3.3216990063710647,0.00014064499919186346,0.17250919342041016,True
1005,68,1.8616064383168442,0.0001345470009255223,0.1725320816040039,True
1006,42,0.383711699636352,0.00013943899830337614,0.1723031997680664,True
1007,65,3.5592509340657545,0.00012784299906343222,0.17241764068603516,True
1008,54,1.967856347718085,0.0001284120007767342,0.1723947525024414,True
1011,272,4.284000338690712,0.00013666599988937378,0.17250919342041016,True
1012,37,2.3436308932083127,0.00016285300080198795,0.1725625991821289,True
1015,182,8.203170785262978,0.00013729199781664647,0.1725168228149414,True
1017,44,3.101897571153518,0.00014650699813500978,0.17241764068603516,True
1018,98,2.0856036575846337,0.00015163900025072508,0.1724710464477539,True
1019,153,3.1340131680355823,0.00013735899847233668,0.1724405288696289,True
1021,92,2.8435994181636204,0.0001312830027018208,0.1724252700805664,True
1025,239,2.4938681470226105,0.00012736899952869862,0.17237186431884766,True
1027,190,1.9743674631037305,0.00014602800001739524,0.17240238189697266,True
1030,224,1.9800238743068086,0.00013994799883221276,0.17238712310791016,True
1031,230,1.5725794739265142,0.00014151199866319075,0.17237186431884766,True
1032,220,0.9648907279623644,0.00032104700221680105,0.17237186431884766,True
1033,200,2.241282616456257,0.0001375479987473227,0.1724252700805664,True
1035,274,1.6441952544312048,0.00013788700016448274,0.17244815826416016,True
1039,71,2.54935775452349,0.00013237600069260225,0.17244815826416016,True
1044,72,1.4102622871793167,0.0001241669997398276,0.17232608795166016,True
1045,166,1.8333278870032597,0.00016232699999818578,0.17232608795166016,True
1047,230,1.2068481635932653,0.00013526099792215973,0.17240238189697266,True
1053,60,2.038119430165493,0.00012638099724426866,0.17235660552978516,True
1056,112,1.7200062465376516,0.00012672899902099743,0.1723489761352539,True
1060,269,2.8803954400788676,0.00013685600060853176,0.1724863052368164,True
1061,276,2.736671329845379,0.00013334499817574397,0.17249393463134766,True
1063,196,1.8759546796353863,0.00012703799802693538,0.17235660552978516,True
1065,145,12.255781802673312,0.00012862100265920162,0.17243289947509766,True
1066,200,1.9095941219130699,0.00013060899800620973,0.17244815826416016,True
1067,244,2.702255972980289,0.00013304200183483772,0.1724405288696289,True
1069,135,1.3090442033178065,0.00013628099986817688,0.17235660552978516,True
1070,248,1.9349826246166903,0.00012691599840763956,0.17237186431884766,True
1074,90,1.3329811304614938,0.0001268439991690684,0.17235660552978516,True
1075,62,8.35956252211553,0.0001373999984934926,0.1725625991821289,True
1077,98,1.5942055686273622,0.00013240800035418943,0.1724405288696289,True
1078,280,2.544443025312641,0.0001302700002270285,0.1723947525024414,True
1082,186,2.38535545320184,0.00012759500168613158,0.17238712310791016,True
1083,20,0.8393601371575343,0.00014027199722477235,0.17238712310791016,True
1084,268,2.428823450272392,0.0001383219969284255,0.1724100112915039,True
1085,16,1.1880586348534135,0.0001408319985785056,0.17235660552978516,True
1087,160,1.9031511850845046,0.0001382810005452484,0.1724557876586914,True
1088,246,1.98230049385956,0.00013766600022790954,0.1725015640258789,True
1090,51,3.284282369769739,0.0001333660002273973,0.17250919342041016,True
1091,82,2.309788154959402,0.00014061399997444823,0.1724100112915039,True
1094,138,9.984664665458514,0.00013522099834517576,0.17247867584228516,True
1096,230,1.9300303322716048,0.00017109100008383393,0.17237186431884766,True
1102,4,3.6341310644077964,0.00014778499826206826,0.1724252700805664,True
1103,139,1.3722003325334058,0.00012331299876677804,0.17232608795166016,True
1104,164,1.8193506738971956,0.00013778200082015246,0.1723794937133789,True
1106,227,1.5962390062357785,0.0001334369990217965,0.17241764068603516,True
1107,150,3.829664919984996,0.00016850999963935465,0.1724710464477539,True
1111,238,1.3620423081242834,0.00012785400031134486,0.1724252700805664,True
1112,218,1.7795336666040984,0.00014841699885437265,0.1724710464477539,True
1113,183,0.9812092257494526,0.0001318100003118161,0.1724252700805664,True
1116,109,1.5134506481978607,0.00012755600255331956,0.17234134674072266,True
1120,220,1.2407157251814742,0.00012450800204533152,0.17234134674072266,True
1122,267,2.021976445598002,0.0001307439997617621,0.1724557876586914,True
1123,19,2.6715625191360814,0.00012495199916884303,0.17237186431884766,True
1124,174,1.2745826232844768,0.0001248460030183196,0.1723642349243164,True
1125,97,1.615432088562161,0.00012883800081908703,0.17237186431884766,True
1127,218,2.3125608359691503,0.00012842899741372094,0.17237186431884766,True
1128,110,8.116557522522069,0.00013205200230004266,0.17249393463134766,True
1129,100,3.383166724810525,0.0001398009990225546,0.1724710464477539,True
1130,53,0.9105960622622624,0.00013240800035418943,0.17237186431884766,True
1131,117,1.1126686857865666,0.00012839600094594061,0.17228031158447266,True
1132,171,5.029056473486455,0.00013433999993139878,0.1725168228149414,True
1134,118,1.2184955287617072,0.00013448800018522888,0.1724557876586914,True
1135,80,5.640330018823127,0.00013853799828211777,0.17257022857666016,True
1136,268,2.1117260219754908,0.00012664200039580464,0.17237186431884766,True
1138,232,1.0928928933097644,0.00012292799874558114,0.17232608795166016,True
1140,5,2.066551131909246,0.00012892300219391473,0.1723337173461914,True
1143,158,3.747027452652697,0.00013276300160214305,0.17249393463134766,True
1145,7,2.5256212819539865,0.00013373900219448842,0.17244815826416016,True
1148,34,2.6844652041209174,0.00013225500151747838,0.1724252700805664,True
1151,183,1.686206414090018,0.00016565699843340553,0.1724557876586914,True
1152,136,3.815935857657383,0.00019281999993836507,0.17234134674072266,True
1153,186,1.9096474844158524,0.0001288860003114678,0.1724252700805664,True
1154,138,8.281093198389165,0.00013557700003730133,0.17247867584228516,True
1155,23,2.722177650114649,0.0001303409990214277,0.1724405288696289,True
1156,284,1.4887348516003511,0.00012641500143217854,0.17237186431884766,True
1159,84,2.424449380507918,0.00013480499910656363,0.1723642349243164,True
1164,62,2.10456477693016,0.00015135699868551455,0.17246341705322266,True
1166,231,2.3109301062169108,0.0002113230002578348,0.1723947525024414,True
1167,96,3.303898891712514,0.00013362800018512644,0.17243289947509766,True
1168,129,1.7732902484510276,0.00012568600141094066,0.1723794937133789,True
1169,112,1.6633930697598283,0.00012509600128396414,0.1723489761352539,True
1172,239,0.7732039886966955,0.0001267789994017221,0.17229557037353516,True
1174,231,1.9359909829281605,0.00013386100181378424,0.1724557876586914,True
1177,93,3.990264217576655,0.00013108100029057823,0.1724557876586914,True
1178,185,1.0002092387182622,0.0001260310018551536,0.1723794937133789,True
1179,103,17.15816709770917,0.00014101199849392287,0.1725625991821289,True
1180,235,4.151366712090675,0.00013269599730847403,0.17246341705322266,True
1181,169,13.163284125022466,0.0001374300009047147,0.17247867584228516,True
1182,245,2.0884358537778227,0.0001359590023639612,0.17244815826416016,True
1183,180,1.9179036106817247,0.0001347620018350426,0.17247867584228516,True
1185,181,3.284258156440698,0.00013034199946559966,0.17243289947509766,True
1186,100,2.3880519875314254,0.0001274149981327355,0.17237186431884766,True
1187,227,2.5131888120940595,0.0001295080001000315,0.1724405288696289,True
1188,220,1.5019646910858824,0.00012688999777310528,0.1723489761352539,True
1190,117,5.863480633037069,0.00014146199828246608,0.1725625991821289,True
1192,70,2.7061564928312856,0.00014188899876899086,0.17250919342041016,True
1194,112,5.133499027672965,0.00013760499859927222,0.1725473403930664,True
1199,122,1.8743275518576468,0.00013394599955063313,0.1724557876586914,True
1200,27,2.4311181538909414,0.00012864400196122006,0.17241764068603516,True
1202,101,1.9516836572765814,0.00014302599811344407,0.1724405288696289,True
1203,14,1.0887880771782716,0.0001757709978846833,0.17244815826416016,True
1204,122,2.8218914208415016,0.00013986499834572896,0.1725168228149414,True
1206,204,0.6335142841597847,0.00012747700020554475,0.17232608795166016,True
1208,151,1.7704748417652296,0.0001478220001445152,0.1725015640258789,True
1209,88,2.751045642385406,0.00013498500265995972,0.1725320816040039,True
1210,29,1.04790753191312,0.00014274600107455626,0.17244815826416016,True
1211,9,6.491579097606826,0.00013109999781590886,0.1724710464477539,True
1214,202,1.4030788824391864,0.00012769200111506507,0.17238712310791016,True
1215,82,1.9929895609792059,0.00014177100092638284,0.17241764068603516,True
1216,176,1.2583461816906338,0.0001370210011373274,0.17247867584228516,True
1217,234,2.2540950759817076,0.000135326998133678,0.17253971099853516,True
1219,138,8.683394567835986,0.00014233099864213727,0.1725625991821289,True
1220,143,0.7637597156566114,0.00012417099787853658,0.17235660552978516,True
1222,200,1.706479991600507,0.0001298849965678528,0.17240238189697266,True
1225,46,1.2801742110579075,0.0001284809986827895,0.1723947525024414,True
1227,253,1.2391963060393232,0.00012800200056517497,0.1723947525024414,True
1228,17,1.5138833149308708,0.0001497429984738119,0.1724100112915039,True
1229,158,3.9768681344540515,0.00013083399971947074,0.1725015640258789,True
1236,2,2.29971502728444,0.00013279799895826727,0.1724863052368164,True
1242,26,2.0004925247813157,0.0001323930009675678,0.17234134674072266,True
1246,180,1.3774680106644799,0.00014271899999585003,0.17241764068603516,True
1248,6,3.886310629101547,0.00015112799883354455,0.1724863052368164,True
1250,86,4.676372074612496,0.0001322149983025156,0.1725015640258789,True
1254,211,3.0403657437642053,0.00014609900244977325,0.17235660552978516,True
1256,58,2.8407131257512503,0.00013172200124245137,0.17244815826416016,True
1257,274,2.6015370282832944,0.00013498000043909997,0.17244815826416016,True
1259,204,2.3484082719706665,0.0001260839999304153,0.1723794937133789,True
1260,161,2.988347542863114,0.00013709099948755465,0.17252445220947266,True
1262,101,1.5034519767963257,0.00013202199988882057,0.1724100112915039,True
1263,168,3.2770991507697915,0.00013132700041751377,0.17238712310791016,True
1266,235,1.6490160995955858,0.00016018500173231587,0.17240238189697266,True
1270,266,1.358768239383474,0.00012670900105149485,0.17240238189697266,True
1271,62,2.5616887496741776,0.00018365399955655448,0.17240238189697266,True
1272,93,2.337513962646281,0.00013844299974152818,0.17257022857666016,True
1276,16,2.2932447055400456,0.000132081000629114,0.1724710464477539,True
1279,153,2.4658710165476667,0.00023222000163514167,0.17243289947509766,True
1280,114,2.8024384324870755,0.00014776600073673762,0.17249393463134766,True
1287,90,2.4418592613081187,0.00012538800001493655,0.17234134674072266,True
1290,107,1.7119654269239928,0.0001282580014958512,0.1723794937133789,True
1291,193,1.0729180178653563,0.00012736500138998963,0.1723947525024414,True
1294,0,1.6431668180104904,0.00012760200115735643,0.1724252700805664,True
1295,144,2.1481950035050534,0.000137537997943582,0.1725625991821289,True
1296,23,1.2449997068911465,0.00014030000238562934,0.1724557876586914,True
1299,192,1.837800241729948,0.00013971099906484596,0.17243289947509766,True
1301,77,3.8638973232623837,0.00013265099914860912,0.17247867584228516,True
1302,156,2.6991552093202777,0.0001310420011577662,0.1724557876586914,True
1303,229,2.132554470948369,0.00014272599946707487,0.17247867584228516,True
1306,284,1.0960251881905703,0.00013685000158147886,0.1723794937133789,True
1308,197,2.341134753130774,0.00012792099732905626,0.1724405288696289,True
1310,161,2.094374203926022,0.00013567100177169777,0.1724557876586914,True
1315,135,1.962365008679508,0.0001350149977952242,0.17241764068603516,True
1317,151,1.9046336009419207,0.00012733500261674635,0.1723794937133789,True
1318,284,2.1773311268282463,0.0001313880020461511,0.17238712310791016,True
1321,109,1.0382843329584146,0.0001279360003536567,0.1723794937133789,True
1322,151,2.091761468508105,0.00013304800086189061,0.1724405288696289,True
1325,275,3.7339172250439643,0.00015675300164730288,0.17241764068603516,True
1329,20,0.6661741674025079,0.0001290239997615572,0.17232608795166016,True
1332,6,2.3302226739474112,0.00013144600234227255,0.17235660552978516,True
1333,178,1.7860849418253095,0.00014094200014369562,0.17231082916259766,True
1334,152,1.669596546099538,0.00014742800340172835,0.17247867584228516,True
1335,152,2.0668182522727174,0.00012943599722348154,0.17237186431884766,True
1336,82,2.4698290164126546,0.0001354830019408837,0.1724252700805664,True
1337,261,2.922482395451013,0.00013451500126393512,0.17249393463134766,True
1339,90,1.530954912213035,0.0001298629977100063,0.17234134674072266,True
1341,102,2.293590241342337,0.000137799001095118,0.17252445220947266,True
1342,70,1.828826214382803,0.00014701299733133055,0.1724252700805664,True
1343,284,1.217791924494663,0.00013009299800614826,0.17237186431884766,True
1345,3,1.5357077157402215,0.0001321420022577513,0.1724100112915039,True
1350,107,3.7842006558191725,0.0001337040012003854,0.1725320816040039,True
1352,173,5.396582842021838,0.00013419199967756867,0.1725473403930664,True
1357,274,1.7738074181331271,0.00013000999751966447,0.17241764068603516,True
1358,260,1.3011100195148773,0.00012864399832324125,0.1723794937133789,True
1361,193,1.3517950534086798,0.00013132900130585767,0.17243289947509766,True
1364,240,1.9298107574527095,0.000126319002447417,0.1723489761352539,True
1367,155,2.174579432498385,0.00013914700321038254,0.1724252700805664,True
1368,275,3.763067058368559,0.00013529399802791886,0.17249393463134766,True
1369,51,3.2745545541388767,0.0001432940007362049,0.1725015640258789,True
1371,258,1.9231761247463819,0.00014724999709869735,0.17241764068603516,True
1372,194,2.3195025515635392,0.00013547799972002394,0.1724100112915039,True
1374,73,1.7724943782493108,0.00013187799777369946,0.17244815826416016,True
1375,271,1.7302422851685515,0.0001306509984715376,0.1723794937133789,True
1382,167,3.0253578850163354,0.0001359169982606545,0.1725168228149414,True
1383,68,4.159289616957565,0.00015018199701444246,0.1724557876586914,True
1392,145,52.2641762043633,0.00015181100025074556,0.17260074615478516,True
1394,108,1.8921664742069066,0.00014653600010205992,0.17234134674072266,True
1395,212,2.5347039947669177,0.0001380239991704002,0.17238712310791016,True
1398,122,3.0826206276177124,0.000130284002807457,0.1724557876586914,True
1399,147,2.8692116528101383,0.00013138100257492624,0.17246341705322266,True
1406,125,5.246638961164208,0.00013078999836579897,0.17244815826416016,True
1408,61,1.2438216649244944,0.000136088998260675,0.17244815826416016,True
1409,248,2.3073328738318075,0.00013490600031218491,0.1723794937133789,True
1411,133,1.0260780993139635,0.00012887699995189905,0.17234134674072266,True
1416,183,2.161477843276291,0.0002665819993126206,0.1724710464477539,True
1417,193,0.8941132695973791,0.00012859900016337633,0.17241764068603516,True
1419,119,2.3248830368922953,0.00013617699733003974,0.1725778579711914,True
1420,53,1.3539374858365074,0.000127696999697946,0.17237186431884766,True
1423,261,2.2964769956046025,0.0001335319975623861,0.17247867584228516,True
1424,53,1.7220023173515708,0.0001337670000793878,0.1724405288696289,True
1425,40,2.6709209454328557,0.0001339959999313578,0.1724557876586914,True
1426,105,1.1423359547651728,0.00013435499931802042,0.1724100112915039,True
1430,46,0.7951885006638004,0.00013420200048130937,0.17232608795166016,True
1432,116,1.567859911631438,0.00013955300164525397,0.17244815826416016,True
1433,220,1.4828123575300247,0.0001292730012210086,0.17244815826416016,True
1434,152,1.0057128613517534,0.00016582500029471703,0.1724252700805664,True
1436,156,1.3537772845147724,0.00013621200196212158,0.1724710464477539,True
1437,98,1.943298086412485,0.00013211300029070117,0.1724100112915039,True
1439,72,1.3020531719556392,0.0001290990003326442,0.17231082916259766,True
1443,291,1.2498158598539764,0.0001304969991906546,0.1724252700805664,True
1444,139,1.3663847466719847,0.00012763699851348065,0.17238712310791016,True
1445,250,3.8548496421599756,0.00013039600162301213,0.17247867584228516,True
1446,161,1.3298279276486145,0.00014106199887464754,0.17244815826416016,True
1450,92,8.109642451162403,0.000130828997498611,0.1724863052368164,True
1452,117,1.32166839802593,0.00012984299974050373,0.1723489761352539,True
1453,231,1.4474513633002413,0.00012495800183387473,0.17235660552978516,True
1455,287,2.111056263919606,0.00012650999997276813,0.17238712310791016,True
1456,228,1.3652203348004803,0.00013013099669478834,0.17238712310791016,True
1458,193,1.9546503385951977,0.0001290340005652979,0.1724405288696289,True
1459,250,2.2845962717903463,0.0001226739987032488,0.17231082916259766,True
1462,62,4.409773945065547,0.0001355720014544204,0.1725778579711914,True
1463,220,1.0115308369288707,0.00013311200018506497,0.1723947525024414,True
1464,5,1.1306899711859124,0.00014210599692887627,0.17232608795166016,True
1465,164,1.0379588717912787,0.00013714399756281637,0.17240238189697266,True
1469,87,1.7323169375059246,0.00013989499711897224,0.1723947525024414,True
1470,87,1.3008797904813325,0.00015039699792396277,0.17246341705322266,True
1472,27,1.8862874771171487,0.00015191800048341975,0.17241764068603516,True
1473,271,2.0300249927018545,0.0001391910009260755,0.17237186431884766,True
1474,166,1.0540368291901483,0.00019209199672332034,0.17234134674072266,True
1475,90,1.8576445175726177,0.00012815499940188602,0.1724100112915039,True
1477,117,1.2858815913708512,0.00013030199988861568,0.1723337173461914,True
1478,290,1.9108228444798332,0.00013073700029053725,0.1724557876586914,True
1481,47,4.958544053167175,0.00014861999807180837,0.1725015640258789,True
1482,133,2.2092405113952664,0.00013048400069237687,0.1724405288696289,True
1483,207,2.0185883214588203,0.00013379200026975013,0.17241764068603516,True
1484,164,1.4777627910526947,0.000141843000164954,0.1724100112915039,True
1486,99,5.623162970700289,0.00014020700109540485,0.1724863052368164,True
1487,269,3.35467627390182,0.0001270749999093823,0.1723642349243164,True
1488,161,1.6083815160051689,0.00013147099889465608,0.17246341705322266,True
1489,166,4.130643486682893,0.00013217100058682263,0.1724405288696289,True
1491,101,1.769182131340932,0.00012998300007893704,0.1724405288696289,True
1493,130,9.295659492290097,0.0001355620006506797,0.17249393463134766,True
1494,188,9.57758841271253,0.000145235000672983,0.17249393463134766,True
1495,225,1.2433691200767452,0.00013148200014256872,0.17243289947509766,True
1497,167,1.1845448546965396,0.00014797100084251724,0.17235660552978516,True
1498,241,1.7636431621932267,0.00013697000031243078,0.17252445220947266,True
1502,133,1.0996988805491066,0.00013420300092548132,0.17234134674072266,True
1503,52,1.9449719687134839,0.00013787100033368915,0.17247867584228516,True
1506,176,2.4234553366630336,0.00013336299889488146,0.1724710464477539,True
1509,37,1.3496765868440546,0.00015754699779790826,0.17250919342041016,True
1510,72,1.5533508183688214,0.00013531800141208805,0.1723947525024414,True
1511,96,2.080189750936934,0.00013124000179232098,0.17240238189697266,True
1512,245,2.5200231739160537,0.00013829200179316103,0.17240238189697266,True
1515,88,2.49496895808195,0.0001556940005684737,0.1725168228149414,True
1517,274,2.1962635796387926,0.00013406799916992895,0.1723947525024414,True
1518,198,1.3034970866185,0.000142912998853717,0.1724710464477539,True
1520,87,1.5173037738813866,0.00014931999976397492,0.17241764068603516,True
1521,211,1.8671201762446212,0.00016680599946994334,0.1724710464477539,True
1523,64,1.3042859217775162,0.00013372999819694087,0.1724405288696289,True
1524,29,1.1446477195750169,0.00013603600018541329,0.1724557876586914,True
1533,151,2.2879821863312038,0.00013998000213177875,0.1725015640258789,True
1536,172,2.2686890235169255,0.00013288999980431981,0.1724557876586914,True
1537,59,1.8575555829244565,0.00019698100004461594,0.1724405288696289,True
1541,143,2.987801201202433,0.0001292630004172679,0.17240238189697266,True
1542,220,0.9550081320997841,0.00012988399976165965,0.1723794937133789,True
1544,129,2.0154319000015803,0.00013569899965659715,0.1724557876586914,True
1547,128,2.269251333653425,0.00014628000280936249,0.17235660552978516,True
1549,120,6.67760910025657,0.00015603499923599884,0.1725625991821289,True
1550,67,2.3474187607488575,0.00018308800281374715,0.1724100112915039,True
1556,99,10.158994133435348,0.00013304400272318162,0.1724863052368164,True
1559,162,1.633084092055337,0.00012618799883057363,0.17235660552978516,True
1560,483,10.389787776626227,0.0001672629987297114,0.1725015640258789,False
1562,237,1.2148712380696318,0.00013265099914860912,0.1723794937133789,True
1565,175,2.4106205354330914,0.00014917099906597286,0.1723642349243164,True
1569,153,1.1439471415726377,0.00013481800124282017,0.1723947525024414,True
1571,132,1.0505221963520504,0.00012795500151696615,0.1724405288696289,True
1572,128,1.277530800064341,0.00012695199984591454,0.1723794937133789,True
1577,120,4.872134809752475,0.0001321359995927196,0.1725015640258789,True
1579,223,6.401912741585715,0.00015394699948956259,0.1724557876586914,True
1580,158,4.64632934768431,0.00014966299931984395,0.17266178131103516,True
1583,178,1.2346886985270118,0.00012908300050185062,0.17240238189697266,True
1588,114,12.276311844427108,0.00012990400136914104,0.17240238189697266,True
1590,68,4.207784792480827,0.00013303699961397797,0.1723794937133789,True
1591,265,11.799835547453974,0.0001389639983244706,0.1725168228149414,True
1592,34,1.4775516089092622,0.000134524998429697,0.1724100112915039,True
1594,52,1.1117000021405685,0.00015509900185861625,0.1723947525024414,True
1595,231,1.659616536314143,0.00013190400204621255,0.1724252700805664,True
1596,158,2.132511299669036,0.00013580900122178718,0.17249393463134766,True
1599,53,1.867496041840557,0.00026620399876264855,0.17246341705322266,True
1601,164,1.59178237205558,0.00013073899754090235,0.1724405288696289,True
1604,22,1.7997925117188798,0.00014640699737356044,0.17249393463134766,True
1606,208,2.470315299863055,0.00013538300117943436,0.1724710464477539,True
1612,74,2.3700670817124396,0.00013900400153943338,0.1724557876586914,True
1615,156,1.8531517700379438,0.00013605999993160367,0.1724863052368164,True
1618,164,1.4914080070443438,0.00013845899957232177,0.17246341705322266,True
1620,81,3.6980776925679124,0.0001375540014123544,0.1724863052368164,True
1621,226,2.3439851693964586,0.00013731399667449296,0.1724100112915039,True
1622,234,1.4144521675825081,0.0001295870024478063,0.1723794937133789,True
1623,37,2.241813837723749,0.00014202599777490832,0.1725168228149414,True
1624,38,2.1080071135408107,0.00013309300265973434,0.17243289947509766,True
1627,204,1.7401811940830294,0.00015932300084386952,0.17235660552978516,True
1629,172,2.206909822706499,0.00013088500054436736,0.1724100112915039,True
1630,183,2.524360377295335,0.00013808400035486557,0.17240238189697266,True
1632,149,1.7359522958830114,0.00012720100130536593,0.1723489761352539,True
1633,74,1.7544926873536717,0.00013212299745646305,0.1724100112915039,True
1635,218,3.0800062611910057,0.0006524090022139717,0.1725168228149414,True
1636,138,9.531923081631916,0.00013768300050287507,0.17250919342041016,True
1638,65,2.3895565018217804,0.00012740400052280165,0.17241764068603516,True
1641,188,2.0788580624754527,0.00018887400074163452,0.1725625991821289,True
1642,176,2.109570439121651,0.00014984800145612098,0.1725320816040039,True
1643,73,3.7418075017873678,0.00012892499944427982,0.1724100112915039,True
1644,67,1.8659303692731062,0.00021723800091422163,0.1723642349243164,True
1645,61,2.388794731074918,0.0001455470010114368,0.1724252700805664,True
1646,166,2.862812061822044,0.0001595840003574267,0.17247867584228516,True
1650,175,0.9676967692984527,0.00013423600103124045,0.17231082916259766,True
1652,60,1.8231719907855368,0.00014232099783839658,0.1724100112915039,True
1654,165,2.3884168275918256,0.00013488199692801572,0.17244815826416016,True
1655,193,1.173199854642587,0.00014261999967857264,0.1723947525024414,True
1657,261,1.6350537672026526,0.00012784400314558297,0.1724100112915039,True
1661,22,1.1749575124604892,0.00014223899779608473,0.17243289947509766,True
1664,235,3.882723870114621,0.00013072699948679656,0.17244815826416016,True
1666,132,2.45716317089965,0.00013583699910668656,0.17247867584228516,True
1668,94,2.03278904522711,0.00012512700050137937,0.1723184585571289,True
1671,145,4.597291101677976,0.0001342210016446188,0.17253971099853516,True
1672,184,3.237913564875366,0.00014855900008114986,0.1725168228149414,True
1675,135,1.2909592497252032,0.0001271069995709695,0.17240238189697266,True
1676,238,1.694479310747976,0.00017307899906882085,0.17240238189697266,True
1679,32,1.5586300480086446,0.00012679400242632255,0.17235660552978516,True
1680,199,1.1753847385472098,0.0001390129982610233,0.1723947525024414,True
1681,263,1.4585735886633542,0.00012833399887313135,0.17240238189697266,True
1684,22,1.4347157009441363,0.0001271149994863663,0.1723337173461914,True
1685,151,1.0743932081428142,0.00012768799933837727,0.17240238189697266,True
1689,0,2.1662706425934073,0.00015191299826256,0.17252445220947266,True
1691,93,4.31717176743121,0.00013783800022793002,0.1725473403930664,True
1693,120,11.48514158366568,0.0001383380003971979,0.1726083755493164,True
1695,133,1.8894704836441143,0.0001664789997448679,0.1723642349243164,True
1696,84,10.443418907095923,0.0001450710005883593,0.1724863052368164,True
1699,151,2.1450769460288317,0.00013373600086197257,0.1724100112915039,True
1700,192,1.5340873341517627,0.0001243719998456072,0.17232608795166016,True
1701,132,1.3508212442626353,0.00013202999980421737,0.1724100112915039,True
1703,186,1.3468268118338207,0.00013090499851386994,0.1723794937133789,True
1704,201,1.7528154189135756,0.00016085600145743228,0.1724405288696289,True
1705,65,1.587152727596182,0.00013223799760453403,0.17238712310791016,True
1708,63,2.8936754808145393,0.0001317589994869195,0.1723947525024414,True
1709,147,1.5113227053882106,0.0001261020006495528,0.17237186431884766,True
1712,235,1.8762095661643328,0.00012969500312465243,0.1723794937133789,True
1715,248,2.1595783903655716,0.00014017600187798962,0.17244815826416016,True
1716,60,1.45670248276741,0.00017246700008399785,0.1724100112915039,True
1717,185,1.2114478034426521,0.00012991699986741878,0.17234134674072266,True
1720,211,4.310528603858525,0.00013685399972018786,0.17243289947509766,True
1722,144,5.265797930262972,0.00013591400056611747,0.17257022857666016,True
1723,120,5.905979852837038,0.0001377139997202903,0.17249393463134766,True
1725,74,2.5032739649976365,0.00016096200124593452,0.17240238189697266,True
1726,82,3.284403224467034,0.0001481930012232624,0.1724405288696289,True
1727,51,2.2309928820554275,0.0001724419998936355,0.1724863052368164,True
1730,90,0.8264083144615031,0.00013447499804897234,0.1723489761352539,True
1732,58,1.9736060039755192,0.00012860599963460118,0.1723642349243164,True
1733,240,5.459362399678465,0.00013357900024857372,0.1725168228149414,True
1735,25,1.8888057026633638,0.00013646899969899096,0.1723642349243164,True
1737,90,0.7271532763409452,0.0001329139995505102,0.17237186431884766,True
1738,229,2.6893457659538282,0.00015056100164656527,0.17244815826416016,True
1740,86,4.83528701866418,0.00013046599997323938,0.1724557876586914,True
1741,259,2.9874369507361234,0.00013247899914858863,0.17249393463134766,True
1746,257,1.540911768618489,0.000130749998788815,0.17243289947509766,True
1748,114,6.0914501022459255,0.0005748709991166834,0.1726083755493164,True
1751,164,2.5847156068077672,0.00013363800098886713,0.17243289947509766,True
1756,109,1.1286995225098473,0.00013495299936039373,0.17234134674072266,True
1758,231,1.950706410960338,0.00014349599950946867,0.17234134674072266,True
1763,178,1.478049922946279,0.00013820499952998944,0.17247867584228516,True
1764,190,0.8854773584316195,0.000130520998936845,0.17240238189697266,True
1765,220,1.6397162731364578,0.00012977000005776063,0.1723947525024414,True
1768,140,1.8865547933516797,0.00013737599874730222,0.17237186431884766,True
1769,32,2.1251212806174897,0.00012623699876712635,0.1723642349243164,True
1770,55,2.1031180802904172,0.00014917100270395167,0.17252445220947266,True
1774,134,1.8060605603155433,0.00012838600014219992,0.17240238189697266,True
1777,210,2.636325917148787,0.00013619799938169308,0.1725168228149414,True
1778,269,1.259126590530829,0.00012713600153801963,0.1723947525024414,True
1779,87,1.4064442399507862,0.0001283349993173033,0.1724252700805664,True
1783,249,0.909367438565406,0.00014149599883239716,0.17241764068603516,True
1786,31,15.352344297192314,0.00014344499868457206,0.1725778579711914,True
1789,235,2.955065252289324,0.00012564999997266568,0.17238712310791016,True
1790,58,9.406568351264623,0.0001336269997409545,0.1724557876586914,True
1792,40,1.4790401311724077,0.00015614099902450107,0.1723794937133789,True
1793,153,1.9813430021254066,0.00013021199993090704,0.1723947525024414,True
1795,269,2.298395062702488,0.00014146800094749779,0.17244815826416016,True
1797,49,8.488589410916196,0.00015483199968002737,0.17253971099853516,True
1799,88,6.217500053059799,0.00014347300020745024,0.1725778579711914,True
1800,186,1.2476232722635678,0.00014560899944626726,0.17238712310791016,True
1801,12,2.100464258113591,0.00015528400035691448,0.1724863052368164,True
1802,160,2.635738933793455,0.00013747800039709546,0.17241764068603516,True
1803,61,1.8471316163599802,0.00014956799714127555,0.1724100112915039,True
1805,118,0.9868362139137914,0.00012475700350478292,0.1723489761352539,True
1807,266,2.3742996317777334,0.00013435100117931142,0.17249393463134766,True
1811,20,1.3808791884993266,0.00012534699999378063,0.17238712310791016,True
1813,81,3.6497799382826708,0.00013676399976247922,0.17250919342041016,True
1816,265,12.990600028727357,0.00013408599988906644,0.17252445220947266,True
1817,175,1.2238073188212575,0.0001412089986843057,0.17240238189697266,True
1819,121,1.8916135938513328,0.000150989002577262,0.17240238189697266,True
1820,28,1.1115830148719774,0.0001405220027663745,0.1723642349243164,True
1821,60,2.2598315094414057,0.0001385729992762208,0.1724710464477539,True
1824,257,1.365309078541219,0.00013516999752027914,0.1724252700805664,True
1825,17,1.0158027915370331,0.00013977900016470812,0.1724405288696289,True
1827,282,1.4064012261251746,0.00016704299923731014,0.1724863052368164,True
1828,227,1.8654986529464626,0.0001281850018131081,0.17240238189697266,True
1829,26,1.8922055140185416,0.00014355600069393404,0.17243289947509766,True
1830,175,2.6786218775508446,0.0001541480014566332,0.1724100112915039,True
1831,274,2.3300463456714127,0.00013196700092521496,0.1724405288696289,True
1834,21,4.663920334930735,0.00013066400060779415,0.1724863052368164,True
1835,101,2.2597316921703667,0.00013579199730884284,0.1725015640258789,True
1839,101,1.1893880263977206,0.00013559799845097587,0.1724100112915039,True
1844,241,2.2617474497038215,0.00012993299969821237,0.1724100112915039,True
1845,218,2.5099903392470284,0.00013680699703400023,0.17238712310791016,True
1846,273,1.9041229016988828,0.00013874399883206934,0.1724863052368164,True
1847,138,6.499074603151488,0.00013500600107363425,0.1725625991821289,True
1850,135,1.4964782902066995,0.00012781700206687674,0.1723947525024414,True
1852,225,1.3287205249908494,0.000135780999698909,0.17249393463134766,True
1853,84,4.0723396298541115,0.00012841499847127125,0.1724100112915039,True
1854,257,1.0318137973603938,0.00012442400111467578,0.17234134674072266,True
1856,88,2.5253641743657407,0.00013693500295630656,0.1725168228149414,True
1858,192,2.618715377144992,0.000128341001982335,0.1723489761352539,True
1861,161,1.3924348608054569,0.00013512700024875812,0.17241764068603516,True
1862,285,1.6190184037731825,0.00013473500075633638,0.17238712310791016,True
1864,168,1.9643695145934743,0.00013349499931791797,0.1724252700805664,True
1869,97,1.5974903921249977,0.0001291169974138029,0.17240238189697266,True
1870,283,1.4931871775256882,0.0001272529989364557,0.1723794937133789,True
1872,69,2.9577067259540795,0.00014306999946711585,0.1723947525024414,True
1876,230,2.2935459785723915,0.00014558499970007688,0.1724252700805664,True
1879,53,1.7663638351923154,0.0001398069980496075,0.1725015640258789,True
1880,151,2.2596230644416924,0.0003823099978035316,0.17237186431884766,True
1881,17,1.0635461153785821,0.00014339000335894525,0.17244815826416016,True
1883,75,1.4362490428241432,0.00013301400031195953,0.1723794937133789,True
1885,75,1.5513297517714533,0.00012986300134798512,0.1723184585571289,True
1891,231,1.336162699500598,0.0001334569969912991,0.17231082916259766,True
1897,141,2.5528593423964026,0.00014423700122279115,0.17246341705322266,True
1898,211,4.736765111742467,0.0001559310003358405,0.1725473403930664,True
1900,237,1.7905156745516604,0.00014365199967869557,0.1723947525024414,True
1902,7,1.595560504495838,0.0001303570024902001,0.17238712310791016,True
1904,204,1.0176188044612486,0.00012535800124169327,0.1723794937133789,True
1905,92,5.263792662436752,0.00013721599680138752,0.1724863052368164,True
1907,83,2.407867693400768,0.0001353049992758315,0.1724100112915039,True
1909,186,1.5357685942043564,0.00013190399840823375,0.1724405288696289,True
1913,74,2.8439108115464706,0.00014406100308406167,0.17240238189697266,True
1915,160,2.256846104475557,0.0001346930002910085,0.17240238189697266,True
1917,235,9.973544081540625,0.00013867199959349819,0.1725625991821289,True
1921,272,2.0489034155787107,0.00013967800259706564,0.17240238189697266,True
1922,111,7.305082658315995,0.00014123900109552778,0.1724863052368164,True
1923,232,1.463625013346325,0.00013184799900045618,0.17237186431884766,True
1924,59,1.8999658565885678,0.00013422600022749975,0.17237186431884766,True
1925,230,1.6490361456266347,0.00012706499910564162,0.17235660552978516,True
1926,51,2.82965282680375,0.00013170999955036677,0.17246341705322266,True
1927,236,1.988900438131695,0.00012894100291305222,0.1724405288696289,True
1931,175,2.9888935836653223,0.00014451699826167896,0.17249393463134766,True
1933,98,1.6283698074952901,0.00013123600001563318,0.1724557876586914,True
1935,133,1.4748251260294178,0.00013748800120083615,0.17243289947509766,True
1937,274,1.8444259937905565,0.00012839800183428451,0.1724100112915039,True
1945,136,2.9757453647324454,0.00012904300092486665,0.1724252700805664,True
1946,133,1.4579959750030387,0.00013456000306177884,0.1724252700805664,True
1950,153,1.4153217694065459,0.0001455569981771987,0.1723337173461914,True
1951,60,1.8588499068537676,0.00013603599654743448,0.17250919342041016,True
1953,228,2.572428018720142,0.00015195399828371592,0.1724100112915039,True
1956,71,3.842097061355243,0.0001332910032942891,0.17246341705322266,True
1958,240,3.844360984880693,0.00012757000149576925,0.17241764068603516,True
1960,291,1.3135352800004632,0.00012393500219332054,0.17232608795166016,True
1961,37,2.301529946224006,0.000132306002342375,0.1724710464477539,True
1964,49,3.866246098310878,0.00013750000289292075,0.17252445220947266,True
1965,24,1.436739200928865,0.0001411480006936472,0.1724405288696289,True
1967,232,2.474611405780871,0.00013116400077706203,0.1724405288696289,True
1968,141,3.6274991462937223,0.00013778200082015246,0.1725168228149414,True
1969,169,1.8258119182512813,0.00012906100164400414,0.17243289947509766,True
1970,161,1.8800434492163385,0.00013294399832375348,0.17249393463134766,True
1971,99,7.127396049100853,0.00012905100084026344,0.1724252700805664,True
1972,200,2.3584568628141875,0.00013155600026948377,0.1724100112915039,True
1973,17,1.8171899767123003,0.0003056660025322344,0.17246341705322266,True
1975,67,3.703011123182571,0.0001432370008842554,0.1724405288696289,True
1976,290,1.3645064450499325,0.00013255299927550368,0.1723184585571289,True
1978,97,2.092993720721648,0.0001339170012215618,0.17241764068603516,True
1982,138,26.2986868755367,0.00014270999963628128,0.17269229888916016,True
1984,285,1.866939620345794,0.00013848299931851216,0.17243289947509766,True
1985,213,8.897894461533681,0.0001349970007140655,0.17249393463134766,True
1987,21,2.438482721121292,0.00013536199912778102,0.17243289947509766,True
1990,167,1.4977546442006977,0.00013080599819659255,0.17238712310791016,True
1991,233,4.377785804560315,0.0001263170015590731,0.1723642349243164,True
1994,177,3.054287101524392,0.0001288759995077271,0.1724100112915039,True
1996,122,2.7638711263968117,0.00013612399925477803,0.1724405288696289,True
1997,128,1.637630144759452,0.00013090699940221384,0.17241764068603516,True
2001,175,1.3325452675226794,0.0001282619996345602,0.1723947525024414,True
2002,218,4.581377152058533,0.00014407499838853255,0.1725168228149414,True
2003,80,1.667021139103286,0.00013115099864080548,0.17246341705322266,True
2005,188,1.6831891432282442,0.0001492669980507344,0.1724863052368164,True
2006,183,2.514019904196924,0.0001439179977751337,0.1724405288696289,True
2007,140,1.943134414226047,0.00013682799908565357,0.1724100112915039,True
2008,168,1.9464097995793779,0.00013556499834521674,0.1723031997680664,True
2009,261,1.4371226426225852,0.00013351500092539936,0.1724405288696289,True
2012,129,2.0597998468922785,0.00012934500045957975,0.17244815826416016,True
2013,14,1.4116783761738605,0.00012921899906359613,0.1724100112915039,True
2017,183,1.8044910409803085,0.00013201500041759573,0.17240238189697266,True
2018,166,0.8566036396508092,0.00013347200001589954,0.1723642349243164,True
2019,261,2.2079954995171653,0.00013530000069295056,0.17249393463134766,True
2022,184,2.2987089010514037,0.00013726099859923124,0.1724863052368164,True
2024,54,1.8895012871903856,0.0001311229971179273,0.1724252700805664,True
2025,274,2.5461252070428757,0.0001282359990000259,0.17241764068603516,True
2031,53,2.303127400512348,0.00013469999976223335,0.1725015640258789,True
2032,112,2.3096278872601657,0.00012892400263808668,0.17244815826416016,True
2033,75,5.682068224721437,0.0001376569998683408,0.1725168228149414,True
2034,214,1.836730447182897,0.00015370500113931485,0.17238712310791016,True
2038,221,1.7197638608349823,0.0001350009988527745,0.17247867584228516,True
2039,107,2.7480954594331335,0.00013645300350617617,0.17249393463134766,True
2040,272,5.175301767460086,0.00013042499995208345,0.17247867584228516,True
2041,122,1.3129367717918077,0.00013535000107367523,0.1724100112915039,True
2049,66,2.1514564498111586,0.000129107000248041,0.17241764068603516,True
2050,34,1.7784780727156608,0.00012812099885195494,0.17243289947509766,True
2051,251,6.702209619772851,0.00013020400001551025,0.17241764068603516,True
2052,23,1.5807046437670755,0.00014280799950938672,0.1723794937133789,True
2055,192,2.058831771075769,0.00012807100210920908,0.17240238189697266,True
2056,263,4.963401230939713,0.00013574100012192503,0.1724863052368164,True
2058,143,2.0175597908265406,0.00012655499813263305,0.17240238189697266,True
2059,86,2.21446808597801,0.00014667799769085832,0.1724252700805664,True
2060,51,2.305939528735561,0.00013117699927533977,0.17243289947509766,True
2061,139,1.9011945791714424,0.00012494600014179014,0.17235660552978516,True
2062,52,1.7498202040503867,0.0001278039999306202,0.17241764068603516,True
2066,255,3.714437855991893,0.00022237899975152686,0.1725015640258789,True
2067,88,3.746530980692447,0.0001291330008825753,0.17243289947509766,True
2070,173,7.376128683107084,0.00013451199993141927,0.1724252700805664,True
2072,281,2.326757286186018,0.00013140699957148172,0.1724100112915039,True
2075,49,5.305618680894483,0.0001372619990434032,0.17260074615478516,True
2076,237,1.8944242520011139,0.000131815999338869,0.1724863052368164,True
2077,37,1.042578047472947,0.00013627699809148908,0.17246341705322266,True
2078,291,2.3639023614278467,0.00012648000119952485,0.17238712310791016,True
2079,172,0.8469163527560247,0.0001282640005229041,0.17241764068603516,True
2082,172,1.8845339673702006,0.00012203600272187032,0.17232608795166016,True
2084,260,2.4908862643222944,0.00012986100045964122,0.1723031997680664,True
2086,98,2.0692442042690113,0.00013133500033291057,0.1724863052368164,True
2087,32,1.6657003755604687,0.00014149799972074106,0.1723947525024414,True
2088,173,2.455486324608499,0.0001297249982599169,0.1724557876586914,True
2090,193,2.073211564132437,0.0001356979992124252,0.1724710464477539,True
2093,204,1.5678148472302942,0.00012758999946527183,0.17241764068603516,True
2094,255,1.9556647495331672,0.00014163900050334632,0.17243289947509766,True
2096,156,1.652890888167349,0.00012860100105172023,0.17241764068603516,True
2097,221,2.3446948204944897,0.00016805600171210244,0.1725320816040039,True
2098,27,5.232912937346972,0.00014652499885414727,0.1725625991821289,True
2102,279,19.25154354239943,0.00013368699728744105,0.1725015640258789,True
2104,231,1.097324804091091,0.00012990200048079714,0.1723947525024414,True
2107,166,1.5166616566428373,0.00014301699775387533,0.1724557876586914,True
2108,1,5.874486840816261,0.00014169399946695194,0.17260074615478516,True
2111,67,2.322093061104083,0.0001376510008412879,0.1724557876586914,True
2112,35,4.539456422524364,0.0001387859992973972,0.17247867584228516,True
2113,140,1.1185876725001698,0.0001480250029999297,0.1724405288696289,True
2117,118,1.1377609155360369,0.00013731199942412786,0.17238712310791016,True
2118,186,1.6515519399342442,0.00013952500012237579,0.1724100112915039,True
2120,242,1.8676710507055412,0.0001312870008405298,0.17246341705322266,True
2121,48,2.444447651778745,0.00013360599768930115,0.1724252700805664,True
2122,77,3.6869862869106815,0.0001316859998041764,0.1724252700805664,True
2128,46,0.6341012765968614,0.00014109000039752573,0.1723489761352539,True
2131,24,1.2725858539200172,0.0001415799997630529,0.1723184585571289,True
2132,99,7.357682125248031,0.00016524400052730925,0.1725931167602539,True
2133,276,2.1477444421219625,0.00012864200107287616,0.1724100112915039,True
2135,144,2.3587541372033733,0.00014054599887458608,0.17244815826416016,True
2137,225,1.2524222075508429,0.00013184299677959643,0.1724252700805664,True
2138,253,1.2110290880728927,0.00012558000162243843,0.17240238189697266,True
2140,274,2.385828345830711,0.0001301060001424048,0.1723947525024414,True
2143,153,2.6323356002688665,0.00014355600069393404,0.1724100112915039,True
2144,88,2.714179845429681,0.00013381299868342467,0.1724405288696289,True
2146,134,2.2901209725376392,0.00014080899927648716,0.1724863052368164,True
2147,255,2.9751285725445586,0.00014922899936209433,0.1723947525024414,True
2148,287,33.75634756640988,0.00013665399819728918,0.1724863052368164,True
2151,228,1.6553026134444926,0.00012850400162278675,0.1723642349243164,True
2152,53,1.8688352583953922,0.00014208499851520173,0.17241764068603516,True
2155,107,2.4045834535695563,0.00013718200352741405,0.17244815826416016,True
2157,60,2.9708652544890612,0.00013372100147535093,0.1724557876586914,True
2158,274,2.346177548704951,0.00014781700156163424,0.17249393463134766,True
2160,37,1.6955174283870034,0.00013650999972014688,0.17243289947509766,True
2161,87,1.5287680235059824,0.00012909399811178446,0.17240238189697266,True
2163,120,8.019795077503234,0.0001541620003990829,0.17260074615478516,True
2164,125,3.458411375789207,0.00012924799739266746,0.17243289947509766,True
2166,16,1.8246295620895894,0.0001299499999731779,0.1723947525024414,True
2167,152,1.3359427463907896,0.00013382299948716536,0.1723642349243164,True
2168,23,1.7125862766683126,0.00015046499902382493,0.1725320816040039,True
2169,53,1.6486542310095007,0.00013029099864070304,0.1724252700805664,True
2175,241,2.0715265413734762,0.00013217900050221942,0.17241764068603516,True
2179,282,1.6157489685855961,0.00013159399895812385,0.1724100112915039,True
2183,268,1.6117424897676098,0.0001288759995077271,0.1723337173461914,True
2184,268,1.4432026081813765,0.00013635999857797287,0.1724557876586914,True
2187,22,2.1272926991654635,0.00014770199777558446,0.1724252700805664,True
2188,133,1.7888487893850744,0.00031789899730938487,0.17241764068603516,True
2190,176,1.1092376210960744,0.00013896299788029864,0.17243289947509766,True
2192,49,2.976662739052462,0.00014338799883262254,0.1725320816040039,True
2194,141,2.83286380463016,0.00012944899935973808,0.1724252700805664,True
2199,122,2.0935564819235757,0.0003129739998257719,0.1724252700805664,True
2202,200,2.0365857566614816,0.00012941800014232285,0.1724252700805664,True
2203,239,1.9316549507807876,0.00014164700041874312,0.1723947525024414,True
2205,122,3.7289195031009643,0.00013656800001626834,0.17250919342041016,True
2206,156,2.137375080327654,0.000135322999994969,0.1724557876586914,True
2207,70,2.1460410779668107,0.0001305919977312442,0.1724252700805664,True
2209,71,3.634805043306398,0.00014790099885431118,0.17246341705322266,True
2210,260,1.6565545787605498,0.00014023399853613228,0.1723947525024414,True
2211,183,2.3136392893399282,0.00013231099728727713,0.17243289947509766,True
2212,163,3.2634957368415014,0.00013089099957142025,0.1724252700805664,True
2213,158,1.718339725801207,0.00013070800196146592,0.1724100112915039,True
2214,277,2.3468521145944354,0.00013011100236326456,0.1724100112915039,True
2215,151,1.5965118750896172,0.00013156700151739642,0.1724405288696289,True
2216,197,1.9132223032002513,0.00012776299990946427,0.1724100112915039,True
2217,17,1.110284533215853,0.0001313559987465851,0.17240238189697266,True
2228,159,2.3373862543028716,0.00014335800005937926,0.1724252700805664,True
2229,70,2.840532787338409,0.00026510400130064227,0.1724557876586914,True
2230,284,1.646005541192688,0.00013379500160226598,0.1724252700805664,True
2231,229,2.3867205670829463,0.00014970800111768767,0.17247867584228516,True
2233,29,1.136887988796024,0.0001493319978180807,0.1723947525024414,True
2234,242,1.467491300923787,0.00012596200031111948,0.17237186431884766,True
2235,178,1.7395281825404914,0.00013350200242712162,0.17246341705322266,True
2236,117,2.363356774486387,0.00013348799984669313,0.1724405288696289,True
2237,110,3.8676395672096198,0.00013494300219463184,0.1724557876586914,True
2238,14,1.8504332828670802,0.00014868400103296153,0.1723947525024414,True
2239,152,1.3057874689092115,0.0001318239992542658,0.17246341705322266,True
2240,212,2.92946528962728,0.00014913899940438569,0.1724252700805664,True
2241,268,1.067508685560106,0.00012847100151702762,0.17240238189697266,True
2243,29,0.8312513159378703,0.0001419200016243849,0.1723642349243164,True
2244,98,2.324503230843154,0.0001289369974983856,0.17244815826416016,True
2245,101,1.9171538859779715,0.000132843000756111,0.1723642349243164,True
2246,239,1.5665621957933165,0.0001442319990019314,0.1724252700805664,True
2247,22,1.8529716198312378,0.000146079997648485,0.1724710464477539,True
2248,150,28.056694927691588,0.00013240999760455452,0.1724557876586914,True
2249,131,3.4187046197466717,0.0001489100031903945,0.1724557876586914,True
2251,4,2.3595137320692166,0.00014917900261934847,0.17243289947509766,True
2252,22,2.1281609546631213,0.0001491290022386238,0.17244815826416016,True
2257,179,2.234680623975404,0.0001439059997210279,0.17238712310791016,True
2259,35,2.705382845352673,0.00014575699970009737,0.1723947525024414,True
2260,61,1.527068315808316,0.00013103899982525036,0.1723489761352539,True
2261,49,4.328870264653158,0.00013615900024888106,0.1724863052368164,True
2263,81,2.6471613208065676,0.00018436499885865487,0.1724405288696289,True
2264,287,1.7328446022014912,0.00015848499970161356,0.1723337173461914,True
2265,176,1.8925755138201146,0.00014984099834691733,0.17237186431884766,True
2266,173,5.306116533056478,0.00013755499821854755,0.17249393463134766,True
2269,151,3.398018532546181,0.0001367880031466484,0.17238712310791016,True
2273,10,1.9158120208629774,0.00015080500088515691,0.1724405288696289,True
2276,221,4.399927296446528,0.00015349699970101938,0.17250919342041016,True
2278,224,2.0909681177056254,0.0001384069983032532,0.1723794937133789,True
2282,152,1.7120808766425173,0.0001383869966957718,0.1725015640258789,True
2286,16,1.2361867327983198,0.00014035299682291225,0.17234134674072266,True
2288,55,2.1406524611185263,0.00013037000098847784,0.1723337173461914,True
2290,213,4.0255486734651065,0.0001689589989837259,0.1725320816040039,True
2293,149,3.279176253170199,0.00015880099817877635,0.1724863052368164,True
2294,46,2.0613434927695207,0.00019901900304830633,0.17244815826416016,True
2296,190,1.229304395087362,0.00017714900241116993,0.17234134674072266,True
2297,1,5.25760547775748,0.00014970099800848402,0.17246341705322266,True
2302,192,1.7239858605379201,0.0003974680003011599,0.1723031997680664,True
2308,258,2.035845902446488,0.0001437479986634571,0.1723489761352539,True
2310,258,2.065258740415929,0.00013690999912796542,0.1724100112915039,True
2312,185,1.450309720327721,0.00013155399938113987,0.1723794937133789,True
2314,182,15.657575630002594,0.00014549700063071214,0.17241764068603516,True
2317,82,4.604758061193195,0.00015219700071611442,0.17252445220947266,True
2320,175,2.0065163228978364,0.00013630499961436726,0.17244815826416016,True
2321,204,1.7254941619365933,0.00013598100122180767,0.17244815826416016,True
2322,67,2.4904641703637043,0.0001411359990015626,0.1725320816040039,True
2324,151,1.2239014453359107,0.00013478300024871714,0.1724100112915039,True
2328,21,7.137375514361529,0.0001588769991940353,0.17247867584228516,True
2329,422,16.63507483327405,0.00016111500008264557,0.1726236343383789,False
2330,60,2.899675336421394,0.00014085399743635207,0.1725320816040039,True
2331,163,2.32565192017728,0.00013636599760502577,0.17247867584228516,True
2332,185,1.5394404997007196,0.00013023600331507623,0.17235660552978516,True
2333,264,2.259386957143414,0.0001367799995932728,0.17241764068603516,True
2334,117,1.0400273700344116,0.0001300529984291643,0.17231082916259766,True
2336,288,1.5386978127520623,0.00014020299931871705,0.17249393463134766,True
2337,189,1.9643339776940247,0.00015077599891810678,0.1724405288696289,True
2338,105,1.1069166031147344,0.000135169000714086,0.17240238189697266,True
2339,167,2.0740390081451197,0.00013352500172914006,0.17240238189697266,True
2341,286,2.3855176186560554,0.00015007900219643489,0.1723947525024414,True
2342,258,1.2179029441588212,0.0001351569990220014,0.1724100112915039,True
2344,274,2.112795679674604,0.00013273700096760876,0.1724252700805664,True
2345,469,21.30446517467495,0.00013753499661106616,0.17249393463134766,False
2348,77,6.184751362046178,0.00019740300194825977,0.17241764068603516,True
2349,176,1.5170448933834446,0.00013557700003730133,0.17244815826416016,True
2350,2,1.270917119983049,0.0001486469991505146,0.1724405288696289,True
2354,152,2.348907595649961,0.00014107800234341994,0.1724100112915039,True
2355,52,1.5735327077838912,0.00013095800022711046,0.17246341705322266,True
2357,109,1.4776456931258788,0.00013182099792174995,0.17246341705322266,True
2358,66,3.0441113882351694,0.0001407469972036779,0.17243289947509766,True
2360,151,1.8553899804754768,0.00012896399857709184,0.17240238189697266,True
2361,248,2.1480375386037642,0.00012985200010007247,0.1724405288696289,True
2363,235,1.6523016051272887,0.00013458600005833432,0.1723794937133789,True
2364,226,1.3655872503683222,0.0001315910012635868,0.1724405288696289,True
2365,261,1.9603273728097215,0.00013086000035400502,0.17241764068603516,True
2370,164,2.3173757985482224,0.00014579900016542524,0.1724405288696289,True
2371,152,4.056425929347552,0.00013497400141204707,0.1724100112915039,True
2375,65,3.2696178837051626,0.00012985000284970738,0.1724252700805664,True
2376,253,1.4668502284560216,0.00012776699804817326,0.1723489761352539,True
2380,75,2.4346237255851157,0.00013029099864070304,0.1724557876586914,True
2382,253,1.6193476261459414,0.00013376599963521585,0.17244815826416016,True
2383,77,4.423661551946643,0.00013419199967756867,0.1725320816040039,True
2386,153,3.8922815717324197,0.00013176099673728459,0.17247867584228516,True
2391,90,1.534119506576992,0.0001301240008615423,0.1724100112915039,True
2392,274,1.8510427705860228,0.00013936799950897694,0.1723794937133789,True
2394,137,2.9273916224353447,0.00013597999713965692,0.17252445220947266,True
2396,77,10.143422788511465,0.00022477900347439572,0.17249393463134766,True
2397,261,1.5386918585077283,0.00014161299986881204,0.1723794937133789,True
2404,166,1.3154180906087305,0.0001294270005018916,0.17232608795166016,True
2406,81,2.458478802821708,0.00014104000001680106,0.1724252700805664,True
2407,167,1.9106382255378016,0.0001502619998063892,0.1723642349243164,True
2409,275,2.633510612509514,0.00014128700058790855,0.1723642349243164,True
2412,62,5.293825759019323,0.00014323799769044854,0.17250919342041016,True
2413,94,2.0822346432866587,0.00013106300320941955,0.17234134674072266,True
2414,201,1.570226342869181,0.00012410700219334103,0.1723337173461914,True
2418,15,1.7312539271433762,0.0001305879995925352,0.1724405288696289,True
2419,200,2.8510011466502276,0.00013643900092574768,0.1724405288696289,True
2420,151,2.18472151287363,0.00013247300012153573,0.17246341705322266,True
2423,65,3.7920443145191483,0.00012736300050164573,0.17238712310791016,True
2424,277,1.258458072866924,0.00012611500278580934,0.17237186431884766,True
2428,274,2.2464749132680053,0.00012936499842908233,0.1724710464477539,True
2430,143,1.6845345476839082,0.00013128200225764886,0.17246341705322266,True
2431,68,2.127145862987496,0.0001451819989597425,0.17249393463134766,True
2433,188,3.0514621236774087,0.0001442280008632224,0.17253971099853516,True
2434,164,1.1738061555592905,0.00013548599963542074,0.17237186431884766,True
2435,279,39.48755879486677,0.00013405299978330731,0.17250919342041016,True
2436,153,1.714028788360102,0.00013722700168727897,0.17240238189697266,True
2437,4,1.5171755058764849,0.00012691200026893057,0.17237186431884766,True
2438,107,4.618247574132947,0.0001295869988098275,0.1724252700805664,True
2439,132,2.1045394212448554,0.0001909300008264836,0.17241764068603516,True
2441,69,3.7384671250161343,0.00013024000145378523,0.17246341705322266,True
2442,238,1.392042987702197,0.00012987399895791896,0.17241764068603516,True
2443,251,27.293833618528627,0.0001439239968021866,0.17258548736572266,True
2444,151,2.932420683274314,0.00013085500177112408,0.1724405288696289,True
2446,60,2.6741344241386913,0.00013817500075674616,0.1724405288696289,True
2448,175,2.7955255940582866,0.0001342370014754124,0.17243289947509766,True
2449,270,1.5019952904937388,0.0001534510010969825,0.1724252700805664,True
2451,38,2.06088504810145,0.00013357900024857372,0.17244815826416016,True
2453,200,0.8023709674943225,0.00012463799794204533,0.1723337173461914,True
2454,28,2.888856114230041,0.00014818999989074655,0.1724557876586914,True
2455,10,1.3930695015609744,0.00012805599908460863,0.1724100112915039,True
2456,166,0.8607582612790876,0.00013777200001641177,0.17232608795166016,True
2457,34,1.3661880531566315,0.00012837200119975023,0.17237186431884766,True
2459,230,1.4812521101003233,0.0001360200003546197,0.17243289947509766,True
2463,239,3.3971949774399106,0.00012759200035361573,0.1724100112915039,True
2464,248,2.700177450102704,0.0001339920017926488,0.17252445220947266,True
2466,27,1.9028024999068613,0.00014527199891745113,0.1724252700805664,True
2467,38,2.722475902102121,0.00013994099936098792,0.1724710464477539,True
2468,32,2.0252645648450263,0.00013837499864166602,0.17243289947509766,True
2472,11,2.6247536602706725,0.00012954399790032767,0.1724710464477539,True
2475,85,2.1501087383974977,0.00013043900253251195,0.17244815826416016,True
2476,271,1.922375809689607,0.00014953999925637618,0.1724710464477539,True
2477,282,2.3479795978574423,0.0001397439991706051,0.1724710464477539,True
2478,70,1.848477634652429,0.00013061899880995043,0.17246341705322266,True
2481,81,2.449436901551628,0.00014783100050408393,0.17247867584228516,True
2488,183,1.1294953111423536,0.00012724000043817796,0.1723642349243164,True
2490,214,1.2383031486381544,0.0001333170002908446,0.1724863052368164,True
2493,130,8.248271546277042,0.00013194400162319653,0.17249393463134766,True
2496,250,1.9340448344616155,0.000133225999888964,0.17235660552978516,True
2497,139,1.8246352303664213,0.00012980500105186366,0.1723642349243164,True
2505,44,1.5702395199931323,0.00012759200035361573,0.1724100112915039,True
2506,239,2.9610757417809093,0.00013676399976247922,0.17246341705322266,True
2507,166,1.2558407523625317,0.00015119700037757866,0.1723642349243164,True
2508,19,22.668649694078585,0.00015706299745943397,0.17250919342041016,True
2509,8,2.146428708233314,0.00012683000022661872,0.17238712310791016,True
2512,204,1.5422657314927004,0.00012911999874631874,0.1724252700805664,True
2514,118,3.2788829704055047,0.0001441570020688232,0.17237186431884766,True
2520,181,15.332995983786502,0.0001484139975218568,0.1725931167602539,True
2521,35,1.1963542110129357,0.00013873799980501644,0.1723337173461914,True
2523,53,1.3311695989062011,0.00013269199916976504,0.1724557876586914,True
2524,92,3.4703443831691234,0.00014450999879045412,0.1724557876586914,True
2525,262,1.756619492885816,0.0001560160017106682,0.1723337173461914,True
2526,14,2.074873378431268,0.00013225500151747838,0.1724557876586914,True
2528,46,1.3112981246782598,0.00014910399841028266,0.17247867584228516,True
2529,23,2.0360323201762487,0.000128806997963693,0.17241764068603516,True
2531,241,2.5773215489780257,0.00013690999912796542,0.17238712310791016,True
2534,102,1.108618994562088,0.0001359510024485644,0.1724405288696289,True
2535,164,1.4347654373081744,0.00012998599777347408,0.1724100112915039,True
2540,147,1.7776916917982895,0.00013178000153857283,0.17246341705322266,True
2542,264,2.6716452181370736,0.0001528109969513025,0.17244815826416016,True
2543,164,1.5649933116093622,0.0001484139975218568,0.17237186431884766,True
2551,87,1.4830465448505041,0.00013108100029057823,0.17246341705322266,True
2553,249,2.0785100504042027,0.00013285499881021678,0.17246341705322266,True
2554,197,2.4822866536699197,0.00013223699716036208,0.17243289947509766,True
2555,162,1.8184577226508627,0.00012471899754018523,0.1723489761352539,True
2556,118,1.0598902348751045,0.00014094699872657657,0.17238712310791016,True
2557,140,2.500956380522246,0.00012620900088222697,0.17238712310791016,True
2559,17,1.773771128414136,0.00018452199947205372,0.1724405288696289,True
2560,15,1.1196105472397744,0.00012824900113628246,0.17241764068603516,True
2562,176,2.5570645621000425,0.00013520300126401708,0.17255496978759766,True
2564,114,10.683537584842433,0.0001447159993404057,0.1725320816040039,True
2569,81,2.555577938184586,0.00013433700223686174,0.17252445220947266,True
2570,135,0.8705615860369683,0.0001279500029340852,0.1724100112915039,True
2574,124,2.4292767174083427,0.0001326790006714873,0.17238712310791016,True
2575,170,11.022535507211364,0.00017938399832928553,0.17252445220947266,True
2576,273,1.6002257517278615,0.0001290460022573825,0.1723947525024414,True
2577,166,1.501957427967288,0.00015151900151977316,0.17240238189697266,True
2580,51,2.3657745309985954,0.00014506099978461862,0.1724557876586914,True
2584,220,1.0168738972240428,0.0001297269991482608,0.1724100112915039,True
2587,15,1.2136280305406197,0.00013055800081929192,0.1723489761352539,True
2588,153,1.5777262652992212,0.00013257500177132897,0.17237186431884766,True
2589,156,3.4847998076422435,0.00012596699889400043,0.17235660552978516,True
2590,230,1.76008205188313,0.0001341499992122408,0.17243289947509766,True
2591,182,16.785502101840187,0.0001322290008829441,0.17240238189697266,True
2592,253,1.0661962508667313,0.00012939500084030442,0.17238712310791016,True
2593,35,1.9088011733321588,0.00012965299902134575,0.1723947525024414,True
2594,288,10.145453837724304,0.00013505199967767112,0.17252445220947266,True
2595,81,2.2825304705190024,0.00014084199938224629,0.1725473403930664,True
2597,282,1.9702952280782595,0.00012792800043825991,0.17240238189697266,True
2599,271,2.322393534020271,0.00012717700155917555,0.17241764068603516,True
2601,137,2.1474985639222988,0.00013295600001583807,0.1725168228149414,True
2605,208,2.8217263096192684,0.00014043799819773994,0.1724710464477539,True
2607,174,2.5283619107726403,0.000344956002663821,0.17249393463134766,True
2608,51,15.850275827655556,0.00016817600044305436,0.17255496978759766,True
2610,61,1.816357100530364,0.00012821199925383553,0.1723794937133789,True
2612,185,2.0842951278276307,0.00013940700227976777,0.17237186431884766,True
2614,185,0.8358026250098924,0.00013825199857819825,0.17240238189697266,True
2615,271,1.8491051980611082,0.00015201199857983738,0.17243289947509766,True
2617,156,2.5139187308415125,0.00012885699834441766,0.1724252700805664,True
2620,71,2.7578325131355306,0.00013010000111535192,0.17243289947509766,True
2624,181,10.818397066608963,0.00013481000132742338,0.1725320816040039,True
2626,118,2.564782923404605,0.00013964000027044676,0.17244815826416016,True
2627,422,0.804160169608579,0.0001287380000576377,0.1724252700805664,True
2628,359,1.552053642268801,0.00013187099830247462,0.1724710464477539,True
2629,418,0.9274916675005468,0.00015114000052562915,0.17246341705322266,True
2630,398,1.9751321964907418,0.00013525500253308564,0.1724863052368164,True
2633,359,2.646084988556725,0.0001363260016660206,0.17234134674072266,True
2634,375,0.952886123665621,0.00013073299851384945,0.1724405288696289,True
2635,422,1.2694677579876354,0.00012775100185535848,0.1723947525024414,True
2636,311,2.3654510918564,0.000134832996991463,0.1725168228149414,True
2638,297,0.7326216003849055,0.00013151500024832785,0.1725015640258789,False
2641,494,2.1687577870296004,0.00013250600022729486,0.17247867584228516,False
2645,410,1.4918436415695857,0.0001329019978584256,0.17246341705322266,True
2646,410,1.8140206834416763,0.0001270970024052076,0.1723794937133789,True
2648,367,1.6048063973997244,0.00013178399967728183,0.17252445220947266,True
2652,363,1.572287500207421,0.0001342270006716717,0.1725168228149414,False
2656,311,1.2970308646493198,0.00014125300003797747,0.17252445220947266,True
2660,428,3.389590474671586,0.00014971299970056862,0.17252445220947266,True
2666,399,1.480717677995653,0.00013173199840821326,0.1724405288696289,True
2668,442,0.5150747303454645,0.00013396400026977062,0.1724710464477539,True
2670,310,1.5607982199084856,0.00013317800039658323,0.17250919342041016,True
2672,339,1.7581990621897212,0.00013630499961436726,0.1725015640258789,True
2673,456,1.3244381139727714,0.00012783800048055127,0.1723947525024414,True
2676,399,1.292945992680839,0.00013900599878979847,0.1724100112915039,True
2682,398,1.3244125509572895,0.00012925200280733407,0.1724405288696289,True
2684,148,15.843544496417902,0.00016857000082382,0.17261600494384766,False
2686,477,64.27093675510038,0.0001484060012444388,0.1725320816040039,False
2687,385,1.610049937021823,0.00013599500016425736,0.17249393463134766,True
2688,357,2.2411322149155666,0.00014288099919212982,0.17253971099853516,True
2689,309,1.309840264042597,0.00013514599777408876,0.17247867584228516,True
2691,313,1.4355259030964829,0.00013423000200418755,0.1725168228149414,True
2692,339,1.2976151166231094,0.0001632980020076502,0.1725473403930664,True
2693,450,1.550988756163235,0.00013727699843002483,0.17252445220947266,True
2694,357,5.320903452531595,0.00014030600141268224,0.17258548736572266,True
2695,301,2.1795961318427475,0.00012888099809060805,0.1724405288696289,True
2696,339,2.6547614791262584,0.00014074199862079695,0.17249393463134766,True
2697,329,3.2404893736298277,0.00013853099881089292,0.17244815826416016,True
2698,327,3.704272129578209,0.0001415270016877912,0.1725931167602539,True
2700,496,4.565663393313271,0.00013642699923366308,0.17255496978759766,False
2701,482,3.084761472114653,0.00013914299779571593,0.1725473403930664,False
2702,297,2.084632579143205,0.0001329000006080605,0.17241764068603516,True
2703,303,1.5574981874493619,0.00013092299923300743,0.1725015640258789,True
2704,449,1.2078595491449386,0.0001515160001872573,0.1724710464477539,True
2705,416,1.8728655533595253,0.00013774399849353358,0.1725625991821289,True
2706,350,1.6634541545654422,0.00013865099754184484,0.17258548736572266,True
2711,487,7.4580698395962175,0.00012898699787911028,0.1724710464477539,False
2713,466,1.5769404865335155,0.00012768899978254922,0.17243289947509766,True
2714,306,7.281931555669425,0.00014171300063026138,0.1726083755493164,True
2716,30,25.110844199575617,0.0001647829994908534,0.17260074615478516,False
2717,359,2.1867965111065515,0.00013357200077734888,0.17252445220947266,True
2718,485,2.1797470275721738,0.00013603600018541329,0.1725015640258789,False
2720,462,2.090475046996676,0.00013492099969880655,0.17252445220947266,True
2721,292,1.9126076011839428,0.0001488760026404634,0.1724710464477539,True
2722,340,1.4805179364026773,0.0001307540005655028,0.1724557876586914,True
2723,301,2.9175148900184245,0.0001347920006082859,0.1725625991821289,True
2725,297,1.2383390876284777,0.0001398959975631442,0.1725015640258789,True
2728,434,11.9838174942443,0.0001320570008829236,0.17249393463134766,True
2729,359,0.9166792843289794,0.00012521600001491606,0.1723794937133789,True
2732,89,6.889658848626171,0.00013598800069303252,0.1725473403930664,False
2733,413,1.3035827574188616,0.00013493300139089115,0.1724710464477539,True
2734,360,1.2755528849404902,0.00013210999895818532,0.1724557876586914,True
2737,376,0.95457183144217,0.0001295180009037722,0.17240238189697266,True
2740,340,1.6744083119499198,0.0001256140021723695,0.17235660552978516,True
2741,313,1.3849554413083804,0.00014197400014381856,0.1724557876586914,True
2743,407,1.4586931189270858,0.00013090100037516095,0.1724557876586914,True
2744,424,2.344306761757651,0.0001370940008200705,0.1724405288696289,True
2748,340,0.6125163776940604,0.00013251400014269166,0.1723947525024414,True
2749,391,1.3477997887237443,0.00012900000001536682,0.1724252700805664,True
2750,408,10.7121579368985,0.0001322370007983409,0.17249393463134766,True
2752,148,15.787829742624341,0.00013917100295657292,0.1726388931274414,False
2758,416,1.962794785159764,0.0001342369978374336,0.1725625991821289,True
2761,412,1.4314655333095565,0.00023169300038716756,0.17238712310791016,True
2763,360,1.6483318878302113,0.00014365900278789923,0.17252445220947266,True
2764,392,3.2790235998277395,0.00013261300045996904,0.17249393463134766,True
2769,459,1.3068747573116541,0.0001344519987469539,0.17244815826416016,True
2770,337,1.4321425651090134,0.00012202899961266667,0.1723031997680664,True
2773,309,0.9932904093307147,0.00013049000335740857,0.1723642349243164,True
2777,307,8.837415814915163,0.00014047899821889587,0.17258548736572266,True
2781,468,2.551438841645757,0.0001351810024061706,0.17252445220947266,True
2782,494,1.048195808976399,0.00013045699961367063,0.1725015640258789,False
2783,311,1.4646461816861498,0.00014833599925623275,0.1725931167602539,True
2787,292,0.9811597736691403,0.00013509700147551484,0.1724252700805664,True
2790,367,1.6400010190770598,0.00014317800014396198,0.17250919342041016,True
2791,410,1.5885957005488325,0.0001331390012637712,0.17252445220947266,True
2792,359,1.3320290804003425,0.00014036900029168464,0.1724710464477539,True
2793,390,1.5799990216463575,0.00015226800314849243,0.17249393463134766,True
2799,390,1.0806774267796713,0.00013307999688549899,0.1725015640258789,True
2802,297,1.2910551234413083,0.00014003500109538436,0.17250919342041016,True
2803,304,1.880901203714199,0.00013217199739301577,0.17255496978759766,True
2805,422,0.8775630777071128,0.0001277840019611176,0.17241764068603516,True
2806,363,2.188390998586266,0.00013179300003685057,0.1724710464477539,False
2807,332,1.3493720204794966,0.00013494899758370593,0.1724100112915039,False
2810,485,2.628772133825192,0.00013396899885265157,0.1725473403930664,False
2812,359,1.529291732838493,0.00018147100126952864,0.17253971099853516,True
2813,148,17.465380958642314,0.000136700997245498,0.1725931167602539,False
2816,311,1.3754165018092217,0.00012884699754067697,0.17244815826416016,True
2818,422,1.2652054261646732,0.00013755699910689145,0.17249393463134766,True
2820,383,1.797399408772273,0.00013562799722421914,0.1725015640258789,True
2822,338,1.3919143700631635,0.0001381209985993337,0.17244815826416016,False
2826,410,1.3486960037055253,0.0001310320003540255,0.17241764068603516,True
2827,413,2.5216036405937072,0.00013154599946574308,0.1724863052368164,True
2828,317,2.5794930076997606,0.00013062799916951917,0.1724557876586914,True
2832,359,1.4050924938286184,0.00013365600170800462,0.17249393463134766,True
2834,338,0.9537399262937297,0.00013675599984708242,0.17253971099853516,True
2838,396,2.1791616618132807,0.0001312200001848396,0.17243289947509766,True
2842,407,1.618278056144434,0.00013251999916974455,0.1724405288696289,True
2844,481,4.550994082236982,0.0001406500014127232,0.17249393463134766,False
2846,428,2.803802145692259,0.0001374749990645796,0.1725320816040039,True
2850,430,1.2844020001092529,0.00012903300012112595,0.1724100112915039,True
2855,491,4.101437873289574,0.00013964800018584356,0.1725778579711914,True
2856,158,12.525813018247314,0.00013058300100965425,0.1723947525024414,False
2860,382,2.1740681825445733,0.0001682879992586095,0.17253971099853516,True
2861,359,1.2081642737637945,0.00014412300151889212,0.1724557876586914,True
2862,309,2.2673402642664393,0.00014355599705595523,0.17257022857666016,True
2863,444,1.2464822000409002,0.00015552699915133417,0.17249393463134766,True
2865,339,2.495768801921053,0.0001374849998683203,0.17252445220947266,True
2866,328,1.6180456800086962,0.00015050000001792796,0.17247867584228516,True
2869,311,1.5143287226224627,0.0001348570003756322,0.17252445220947266,True
2870,422,1.1744103646699542,0.00013324300016392954,0.1724557876586914,True
2872,497,1.568981819423334,0.00013232399942353368,0.17247867584228516,True
2877,479,3.299591127868275,0.00013177800065022893,0.1724863052368164,False
2879,451,6.850249384107218,0.0001418450010532979,0.1725778579711914,True
2880,422,1.3225107718236049,0.00013694900189875625,0.1725473403930664,True
2881,315,6.896496676075236,0.0001568749976286199,0.1725473403930664,True
2882,330,1.7523787966221183,0.00013077800031169318,0.17247867584228516,True
2886,373,4.498722215946665,0.00013460700210998766,0.17255496978759766,True
2887,486,1.4296649034720759,0.00014910800018697046,0.1723642349243164,False
2888,315,1.7293630755793243,0.00013572899842984043,0.17246341705322266,True
2889,382,1.635706569265262,0.0001302860000578221,0.1724710464477539,True
2893,399,0.9105119438793775,0.00012598000103025697,0.17237186431884766,True
2895,430,0.9255603773666606,0.00013249299809103832,0.17243289947509766,True
2896,456,1.3885643347729708,0.0001315810004598461,0.17246341705322266,True
2897,371,6.991767826956728,0.0001414260004821699,0.1725473403930664,True
2898,382,1.8667201625193521,0.00013900600242777728,0.17257022857666016,True
2901,416,1.6015367170808756,0.00013396799840847962,0.17246341705322266,True
2903,430,1.171235338946796,0.00013497799955075607,0.17246341705322266,True
2905,321,1.982226472686159,0.00013745300020673312,0.1725320816040039,True
2906,489,1.0942345762376822,0.0001495710021117702,0.1724100112915039,False
2907,437,1.6024296914773335,0.00016607600264251232,0.17244815826416016,True
2908,481,4.182156390077679,0.00013874699652660638,0.17255496978759766,False
2909,496,2.8539770397124897,0.00013458699686452746,0.17253971099853516,False
2910,312,4.535016182820429,0.0001346400022157468,0.1725320816040039,True
2911,316,1.0643527454283825,0.0001393290003761649,0.1725015640258789,True
2913,495,4.763365932699584,0.00020540599871310405,0.17247867584228516,False
2914,492,1.6472627835949452,0.00013278500045998953,0.17244815826416016,False
2917,415,1.2757216169881846,0.0001447120012016967,0.17243289947509766,True
2919,407,1.9323892512106537,0.00014275200010160916,0.1725168228149414,True
2920,414,1.1964826904965287,0.00012747700020554475,0.17238712310791016,True
2923,385,1.6546121396127569,0.00014882299728924409,0.1724252700805664,True
2925,459,0.998395411360959,0.0001370290010527242,0.1725320816040039,True
2928,0,9.140350859673143,0.00014157500118017197,0.1725778579711914,False
2930,411,46.484842256018666,0.00014637899948866107,0.17266178131103516,False
2931,491,3.7653716325702065,0.0001398209969920572,0.17261600494384766,False
2933,294,2.090679613195453,0.0001302069977100473,0.1724710464477539,True
2934,350,1.3256921281590583,0.00014862099851598032,0.1724710464477539,True
2936,114,22.980466467746833,0.0001457230027881451,0.17258548736572266,False
2941,462,1.2838022997634762,0.00014140200073597953,0.1724557876586914,True
2945,490,1.706274646779691,0.00013650899927597493,0.1724710464477539,False
2946,399,1.4344485118479273,0.00014280699906521477,0.17244815826416016,True
2947,372,1.0694508822142568,0.00013394000052358024,0.1724100112915039,True
2948,309,1.4341215150648865,0.00013669700274476781,0.1725015640258789,True
2950,479,2.066104197849633,0.0001489729984314181,0.1725168228149414,True
2951,484,3.968618019801344,0.0001322919997619465,0.17249393463134766,True
2953,416,0.9157481885324636,0.00013227899762568995,0.1725015640258789,False
2956,408,3.8163215654434044,0.00014107600145507604,0.1725625991821289,True
2959,330,1.4212618262471013,0.00013705200035474263,0.17253971099853516,True
2963,399,1.1226022569470528,0.0001268640007765498,0.17243289947509766,True
2965,420,1.5888076957864186,0.00013342899910639971,0.1725015640258789,True
2966,416,0.7996587233984088,0.0001298019997193478,0.1724100112915039,True
2967,303,1.032211150426321,0.00012839600094594061,0.17240238189697266,True
2968,461,0.9610789535945727,0.00013076399773126468,0.17240238189697266,True
2969,485,2.404102213108702,0.000134407000587089,0.17244815826416016,True
2970,350,2.4116224100558594,0.00016153999968082644,0.1725168228149414,True
2974,414,0.8988244830582404,0.00012698300270130858,0.17238712310791016,True
2976,298,2.216335082196864,0.00014567299876944162,0.17247867584228516,True
2978,489,0.901278998077217,0.0001329160004388541,0.1724710464477539,False
2979,187,1.9495509676185543,0.00014345499948831275,0.17250919342041016,False
2983,444,1.08504771692693,0.00015164200158324093,0.1724557876586914,True
2984,329,2.5312462868569807,0.0001284930003748741,0.17243289947509766,False
2986,369,1.1165348495532614,0.00013996599955135025,0.1724863052368164,True
2987,310,1.9835752225653338,0.00013498300177161582,0.1724863052368164,True
2988,392,1.840456799006419,0.0001307299971813336,0.1724710464477539,True
2989,489,1.6538920567936228,0.00013426100122160278,0.17255496978759766,False
2991,430,1.8708770721081094,0.0001371649996144697,0.1725625991821289,True
2992,307,1.354891866319417,0.0001319029979640618,0.1725015640258789,True
2995,339,2.0016087602950567,0.00014387600094778463,0.17255496978759766,True
2997,323,1.410014494847117,0.0001301320007769391,0.1723947525024414,True
2998,331,2.291006134035939,0.00014074199862079695,0.1724863052368164,False
2999,398,0.7959322750730654,0.00015379599790321663,0.17232608795166016,False
3000,365,1.1253474164029769,0.00015097399955266155,0.1725473403930664,True
3001,369,1.3801315915234096,0.00013505499737220816,0.17249393463134766,True
3002,347,1.2969005106837903,0.0001281180011574179,0.1723947525024414,True
3003,219,50.819173104718296,0.00013729900092585012,0.17257022857666016,False
3004,310,2.1386034092244217,0.0001349239973933436,0.17240238189697266,True
3007,372,0.6574720340607962,0.00012791300105163828,0.1724252700805664,True
3010,437,0.7360731341341448,0.00012714900003629737,0.1724100112915039,True
3012,399,1.0011455789096462,0.00013142399984644726,0.17244815826416016,True
3013,310,0.7854030655839837,0.00014636999912909232,0.17241764068603516,True
3018,351,1.308110505939453,0.000128724001115188,0.17244815826416016,True
3019,460,9.753932101176034,0.00013550099902204238,0.1725320816040039,True
3021,316,0.6093045670582544,0.00013329200010048226,0.1725015640258789,True
3024,292,2.887715590966312,0.00016141499872901477,0.1726541519165039,True
3028,343,3.6706494813675192,0.0001391929981764406,0.17244815826416016,True
3029,364,1.5033487901682465,0.0001598150010977406,0.17246341705322266,True
3032,460,5.519324097534878,0.00014498000018647872,0.1725320816040039,True
3035,494,1.1575782561213661,0.00013333999959286302,0.1724100112915039,False
3036,310,1.720112547045749,0.0001358359986625146,0.17246341705322266,True
3039,479,2.5748457360082972,0.00013062899961369112,0.1724557876586914,False
3040,472,13.72815979157245,0.0001346890021522995,0.1725931167602539,False
3041,337,1.4393966019915627,0.00013213099737185985,0.17247867584228516,True
3042,379,2.285558355507437,0.0001316640009463299,0.1724252700805664,True
3043,496,7.189319586062025,0.00014254099733079784,0.17263126373291016,False
3045,310,1.4895325450506605,0.00014155399912851863,0.17257022857666016,True
3046,460,6.440955079977899,0.00013797000065096654,0.17253971099853516,True
3048,398,2.355487569825031,0.0001332319989160169,0.1725473403930664,True
3049,408,7.623493531827479,0.000141423999593826,0.1724557876586914,False
3050,489,1.0405000276530283,0.00013925699749961495,0.17252445220947266,False
3051,310,1.8078163976742936,0.00013196100189816207,0.17246341705322266,True
3056,138,9.438195309796647,0.0001373310005874373,0.1725625991821289,False
3057,464,1.2563894466072278,0.0001316130001214333,0.1724557876586914,True
3058,323,1.8235565688248405,0.00013107799895806238,0.1724557876586914,True
3059,464,1.18512580421249,0.00012815400259569287,0.17234134674072266,True
3061,485,2.948787720763738,0.0001439420011593029,0.17252445220947266,False
3062,471,2.482243426457906,0.00012946099741384387,0.1724405288696289,True
3068,428,3.8337926586605637,0.0001339350019406993,0.17257022857666016,True
3069,464,1.179050632432279,0.00012744799823849462,0.17234134674072266,True
3070,372,0.9040267736739808,0.00013444999785861,0.17249393463134766,True
3071,350,1.110363355839285,0.000130137999803992,0.17244815826416016,True
3072,476,1.4440760086726023,0.00013607199798570946,0.17255496978759766,True
3074,354,1.2561940742568283,0.0001314089968218468,0.17246341705322266,True
3077,464,1.4587099149637501,0.00013019000107306056,0.17244815826416016,True
3078,490,1.4895393024978132,0.00014877599824103527,0.1724100112915039,False
3081,299,0.9607764524075394,0.00012440399950719438,0.1723337173461914,True
3083,421,2.8175230819254797,0.0001363080009468831,0.17249393463134766,True
3086,345,1.7719796783939135,0.00013699800183530897,0.17246341705322266,True
3088,467,1.2726707596251272,0.00013262799984659068,0.1724405288696289,True
3089,449,1.4849904906543845,0.00013701400166610256,0.1725015640258789,True
3090,341,1.5299950786131498,0.00012732699906337075,0.1723794937133789,True
3091,493,2.9594976252568546,0.0001302759992540814,0.1724557876586914,True
3094,408,5.409918535770887,0.00013707699690712616,0.17253971099853516,False
3096,414,1.2685459433525244,0.0001382059999741614,0.1724252700805664,True
3097,414,1.0467520336502723,0.00014298699898063205,0.17240238189697266,True
3099,432,1.3838817993776453,0.00013266800306155346,0.1723947525024414,True
3102,417,1.561901469900748,0.00017734599896357395,0.1724863052368164,True
3103,354,1.4363547229462172,0.00014520900003844872,0.1724557876586914,True
3109,410,1.6405064631216684,0.0001664970004640054,0.1726083755493164,True
3111,374,1.0958860391229388,0.00017812800069805235,0.17247867584228516,True
3112,410,1.9329240776145513,0.00013768099961453117,0.1724710464477539,True
3113,374,1.551094166751965,0.00013288899936014786,0.1725015640258789,True
3115,374,1.3352425093018774,0.00014435100092669018,0.1726236343383789,True
3117,292,1.9684987341117939,0.00015000799976405688,0.1725778579711914,True
3118,417,3.1912554157613253,0.0001461710016883444,0.1724710464477539,True
3120,332,4.568811318998368,0.0001550289998704102,0.1725625991821289,True
3121,334,1.3418784381328375,0.0001363239971396979,0.17250919342041016,True
3124,367,1.1801753028694404,0.00013646500156028196,0.17260074615478516,True
3128,413,1.9481116981753817,0.0001367250006296672,0.1725168228149414,True
3129,422,1.4190715785952064,0.00013628500164486468,0.1725168228149414,False
3130,486,1.9568435047945674,0.0001586559992574621,0.17260074615478516,False
3131,374,1.068405358801145,0.00013779399887425825,0.17253971099853516,True
3132,374,1.3005880139801314,0.00013348699940252118,0.17247867584228516,True
3134,422,0.869274125592379,0.0001771770002960693,0.1724557876586914,False
3137,431,2.6280746020473176,0.00015011099822004326,0.17253971099853516,True
3140,422,1.2680368930406676,0.00013564699838752858,0.17255496978759766,False
3141,374,1.4354012781409626,0.00013992400272400118,0.17257022857666016,True
3142,416,1.5193284607798458,0.00013335200128494762,0.1725168228149414,True
3144,303,1.8099627698441365,0.0001353330007987097,0.17249393463134766,True
3145,375,0.9171420748809154,0.00013101600052323192,0.1724863052368164,True
3146,311,1.100013845107604,0.00013552300151786767,0.1725625991821289,True
3147,304,1.8364558097304442,0.0001367959994240664,0.17260074615478516,True
3149,431,2.103186276380734,0.00013424800272332504,0.1725168228149414,True
3150,331,1.8457913048112824,0.0001379610002913978,0.1725015640258789,True
3151,359,1.1755685244157739,0.0001341659990430344,0.1724557876586914,True
3155,359,0.89655939520629,0.00014122200082056224,0.1725015640258789,True
3156,379,4.768387185017944,0.00012702700041700155,0.17244815826416016,True
3160,309,1.530708013319352,0.00015517599968006834,0.17253971099853516,True
3161,359,1.2223697334059747,0.00012930799857713282,0.17241764068603516,True
3163,359,0.9065204702802317,0.0001353150000795722,0.1724710464477539,True
3164,375,1.0356638071088073,0.00015189999976428226,0.1725320816040039,True
3167,410,2.4786729844111086,0.0001368890007142909,0.17247867584228516,True
3169,390,1.0768564769311035,0.0001356389984721318,0.1724252700805664,True
3171,486,1.7338787469332557,0.00015597099991282448,0.17249393463134766,False
3172,148,36.84045847391216,0.00021538699729717337,0.17261600494384766,False
3177,444,0.8323935969107805,0.00016150000010384247,0.1724100112915039,True
3180,442,1.063711764645472,0.00017065200154320337,0.1724252700805664,True
3182,430,1.2894735624718567,0.00014736899902345613,0.17249393463134766,True
3184,386,1.1597581709551554,0.00014441399980569258,0.17243289947509766,True
3185,350,1.3920002751859766,0.00013223800124251284,0.17243289947509766,True
3186,303,1.1050779677131686,0.0001281950026168488,0.17243289947509766,True
3188,450,0.6611680152359358,0.00012984500062884763,0.1723947525024414,True
3190,365,1.226502682098007,0.00013253799988888204,0.1724863052368164,True
3192,456,1.035284043916416,0.00014666399874840863,0.17237186431884766,True
3193,415,1.1193596418976162,0.0001532789974589832,0.17244815826416016,True
3194,389,1.500577862005294,0.00013812999895890243,0.1724710464477539,True
3198,430,0.9824247421739165,0.00013131699961377308,0.17246341705322266,True
3202,489,1.1562696120205265,0.00015708699720562436,0.1724863052368164,False
3203,414,1.0734514269737425,0.0001379669993184507,0.17237186431884766,True
3204,429,1.269137625321902,0.0001277070005016867,0.1723794937133789,True
3207,467,1.3312452542626767,0.0001261469988094177,0.1723794937133789,True
3208,437,0.7807823071172619,0.00012558800153783523,0.1723642349243164,True
3209,414,0.937518840907152,0.00012795899965567514,0.1723794937133789,True
3211,309,0.7162790102171007,0.00014491600086330436,0.17244815826416016,True
3212,333,1.75209947938538,0.00032653200105414726,0.1723947525024414,True
3213,309,1.4458169224868103,0.00015327299843193032,0.1725015640258789,True
3214,437,1.4423262396026102,0.0001764920016285032,0.1724252700805664,True
3216,345,2.276084424866386,0.00016645200230414048,0.17234134674072266,True
3219,415,2.090543626880255,0.00016788200082373805,0.17241764068603516,True
3220,326,1.6781610566236114,0.0001782079998520203,0.1724100112915039,True
3221,467,2.1398496289641384,0.0001567170002090279,0.17244815826416016,True
3223,390,3.834925285337903,0.00016034299915190786,0.1726236343383789,True
3228,328,1.6708032919005107,0.00014403000022866763,0.17244815826416016,True
3229,468,2.36729119816956,0.00019856400103890337,0.1725168228149414,True
3230,408,4.106908270870509,0.00014922199989086948,0.1725320816040039,True
3231,328,1.634139956169748,0.00016954500097199343,0.1724863052368164,True
3233,390,1.9088863710353128,0.00017063699851860292,0.1724863052368164,True
3239,368,1.4378297602507817,0.00018617800014908426,0.17244815826416016,True
3240,311,1.1957007900259435,0.00013743299859925173,0.17244815826416016,True
3241,313,1.749673520650345,0.0001715460020932369,0.17250919342041016,True
3242,466,1.1104779700616203,0.00016459199832752347,0.1724863052368164,True
3243,410,2.4044842181633554,0.00013529799980460666,0.17257022857666016,True
3244,297,1.0421599591809407,0.00013629800014314242,0.17244815826416016,True
3245,302,2.8072578205189695,0.00015834700025152415,0.1724710464477539,True
3246,9,5.829272684157553,0.0001383580020046793,0.17244815826416016,False
3247,414,1.220739786459876,0.0001893720000225585,0.1724557876586914,True
3250,477,49.585130611865885,0.00014909799938322976,0.17257022857666016,False
3251,411,56.64778701119573,0.00013898700126446784,0.17260074615478516,False
3253,442,0.8367996781566175,0.0001483449996158015,0.17243289947509766,True
3258,386,1.2950800278210401,0.00015387399980681948,0.1725473403930664,True
3259,479,2.359730647592331,0.0001413630016031675,0.17253971099853516,False
3260,437,1.0368314997975505,0.0001412130004609935,0.1724863052368164,True
3261,437,1.2878253637003199,0.00013861799743608572,0.17249393463134766,True
3265,486,3.9207207815117897,0.0001552360008645337,0.1725473403930664,False
3266,31,11.490694186555965,0.0001453849981771782,0.1725931167602539,False
3268,402,1.5787668619256279,0.00019149899890180677,0.17252445220947266,True
3269,346,1.7541392600299877,0.00014744900181540288,0.17257022857666016,True
3274,412,1.0573771797509697,0.0001422240020474419,0.1723947525024414,True
3275,339,1.3256956781505629,0.00015926600099192,0.17243289947509766,True
3278,359,5.468053154655398,0.00015326499851653352,0.17255496978759766,True
3279,412,0.9578200181993763,0.00013410700194071978,0.1723947525024414,True
3281,398,2.0570400654092493,0.00015081400124472566,0.17241764068603516,True
3282,444,1.0841613899242935,0.0001410609984304756,0.17249393463134766,True
3284,398,1.4297813172833607,0.00014016400018590502,0.1724252700805664,True
3285,313,1.245229349569819,0.00013920199853600934,0.17243289947509766,True
3293,343,2.5408782440661013,0.00013205600043875165,0.1723337173461914,True
3294,323,1.3969846401955588,0.00014092900164541788,0.1723794937133789,True
3295,343,2.482200540039634,0.00012898799832328223,0.1723794937133789,True
3297,381,2.3371748659831164,0.00013063100050203502,0.17246341705322266,True
3299,438,2.629912050534854,0.00014521200137096457,0.17247867584228516,True
3301,492,1.6419592095871707,0.0001558639996801503,0.1724252700805664,False
3302,345,3.48651636895948,0.00013675100126420148,0.1724405288696289,True
3303,421,2.9640214387593495,0.00014154000018606894,0.17247867584228516,True
3305,360,1.4843455756108517,0.00013115999900037423,0.17243289947509766,True
3306,365,1.9020735969892342,0.00013527899864129722,0.17246341705322266,True
3307,424,2.7534365658753615,0.00013108399798511527,0.1724100112915039,True
3308,424,1.1094629297660086,0.00013401899923337623,0.17244815826416016,True
3310,393,4.367221379402686,0.00014954699872760102,0.1725320816040039,True
3314,492,1.9754452819503199,0.00015909099965938367,0.17247867584228516,False
3315,432,2.5840169389532512,0.0001296520022151526,0.17240238189697266,True
3316,339,1.9477406006588638,0.00014642700261902064,0.1725473403930664,True
3317,349,1.1559355414879036,0.00013805100024910644,0.1724405288696289,True
3320,70,6.650553194773984,0.000128727999253897,0.17243289947509766,False
3323,493,23.08685750409644,0.0001343039984931238,0.17247867584228516,False
3324,96,2.453649870451514,0.0001324340009887237,0.17249393463134766,False
3325,176,2.2689077280313152,0.000143907996971393,0.17229557037353516,False
3327,481,34.34681172025543,0.00014241999815567397,0.17269229888916016,False
3328,294,1.7921993294008791,0.00013663700156030245,0.17252445220947266,True
3331,315,1.5272350068823923,0.00016080800196505152,0.17249393463134766,True
3332,435,4.34447066649991,0.00013605500134872273,0.17246341705322266,True
3336,372,1.4103189662503137,0.00017153299995698035,0.17257022857666016,True
3337,314,0.8660383754168101,0.0001383279995934572,0.17238712310791016,True
3341,309,1.177790106758042,0.00013654800204676576,0.17243289947509766,False
3347,477,150.48228249700148,0.00014103700232226402,0.17263126373291016,True
3348,477,118.61176957048468,0.00013263100117910653,0.1725473403930664,False
3349,452,30.07544565843635,0.00016023700300138444,0.17267704010009766,True
3350,333,1.950198042307905,0.00013102899902150966,0.1724557876586914,False
3351,293,13.09278704250364,0.0001619179965928197,0.17270755767822266,False
3352,452,27.55678467155987,0.00014326800010167062,0.1726083755493164,False
3355,493,102.14441157077364,0.0001402630005031824,0.1726236343383789,False
3357,358,1.9167151248184315,0.0001413369973306544,0.1725320816040039,False
3359,326,2.003122282842724,0.00014116699821897782,0.17257022857666016,False
3361,342,9.337350319813892,0.0001389780009048991,0.1724863052368164,True
3363,299,1.6299674430801754,0.00013757700071437284,0.1724863052368164,True
3364,438,2.5406707143884035,0.00013102600132697262,0.1723642349243164,True
3366,343,3.4443550452171916,0.00013961500008008443,0.1725168228149414,True
3371,437,1.153813424068213,0.00017036400095093995,0.1723794937133789,True
3372,350,1.4101672169744137,0.00014927200027159415,0.17252445220947266,True
3373,432,1.7019480106520017,0.0001579650015628431,0.17244815826416016,True
3374,295,2.731595475412895,0.00015168900063144974,0.1725625991821289,True
3376,386,2.299266241266402,0.00018691600052989088,0.17255496978759766,True
3377,360,2.115125275687469,0.00025051600096048787,0.1725015640258789,True
3379,349,1.9573227346176558,0.00015041200094856322,0.17250919342041016,True
3380,407,2.0234132692480453,0.00014115900194155984,0.17235660552978516,True
3381,323,1.7170764488842403,0.00014612599989050068,0.1723794937133789,True
3382,326,1.2909917391259422,0.00015329999951063655,0.17237186431884766,True
3385,377,1.829083603131057,0.00017091299741878174,0.1724100112915039,True
3386,358,1.6758602266193416,0.00013187200238462538,0.17246341705322266,True
3388,329,1.3272950733661475,0.0001309549988945946,0.1723642349243164,True
3389,307,3.128354829568954,0.0001626250013941899,0.1725168228149414,True
3391,486,1.9246812263915716,0.0001405809998686891,0.1724710464477539,False
3400,496,1.9556523219822828,0.00014500500037684105,0.1724710464477539,True
3403,41,26.536232734363228,0.00014158699923427776,0.1725625991821289,False
3404,279,66.97376783025024,0.00015177400200627744,0.1725625991821289,False
3406,468,1.8894510257719899,0.00014500500037684105,0.17244815826416016,False
3410,333,2.1479268711150437,0.00014003499745740555,0.1723947525024414,False
3412,499,6.342994865091987,0.00013247199967736378,0.1724557876586914,True
3415,477,18.67983351151476,0.00013748000128543936,0.1725778579711914,False
3416,411,33.972082779176624,0.00015845800226088613,0.1727609634399414,False
3418,80,20.334837716594386,0.0001406459996360354,0.1725625991821289,False
3419,106,5.54748252209742,0.00014469499728875235,0.17240238189697266,False
3420,495,7.411715305829914,0.00017491600010544062,0.17255496978759766,False
3425,329,2.4016616305720953,0.0001351649989373982,0.1724100112915039,True
3426,350,1.4643014481856576,0.00015947300198604353,0.1724710464477539,True
3428,329,3.7228882841764,0.00013340399891603738,0.17246341705322266,True
3429,415,1.4477672864290816,0.00013704400043934584,0.17238712310791016,True
3432,78,11.981781274340904,0.00014261400065151975,0.17252445220947266,False
3433,299,2.190513984489759,0.00013171200043871067,0.17243289947509766,True
3434,424,0.9829344063220581,0.0001274189999094233,0.17240238189697266,True
3436,407,1.47783562398479,0.0001485519969719462,0.1723947525024414,True
3437,393,5.209851432816332,0.00015060300211189315,0.1724710464477539,True
3438,329,2.808080162205801,0.00013746500189881772,0.1725015640258789,True
3440,14,7.688945323012003,0.00017064900021068752,0.1726083755493164,False
3443,431,1.3031621859236495,0.0001367250006296672,0.17244815826416016,True
3444,410,0.9849755521302451,0.00014735500008100644,0.17241764068603516,True
3447,332,2.202223422273473,0.00015315000200644135,0.17257022857666016,True
3450,317,2.951246440657429,0.0001331390012637712,0.1725168228149414,True
3451,332,1.7215502461582517,0.00017682199904811569,0.1725168228149414,True
3452,297,1.4144080594724757,0.0001522149977972731,0.1724710464477539,True
3453,322,1.851432782644543,0.00014265700156101957,0.1724405288696289,True
3456,390,1.1191611067388276,0.00014878200090606697,0.17243289947509766,True
3458,297,1.216283336917618,0.00013824100096826442,0.17249393463134766,True
3460,334,1.1193865261566498,0.00013102299999445677,0.1724863052368164,True
3463,315,2.0671632526830104,0.00013163099720259197,0.17246341705322266,True
3464,331,2.43244902567415,0.00014700400060974061,0.1726236343383789,True
3468,332,3.476443784072555,0.00013759600187768228,0.1725473403930664,True
3469,297,1.3996290452703228,0.0001344779993814882,0.17240238189697266,True
3470,486,3.310130073815833,0.00014803600060986355,0.17266178131103516,False
3472,486,2.161020640689946,0.0001467120018787682,0.1725625991821289,False
3473,375,4.070305059858668,0.00013213499914854765,0.1724863052368164,True
3474,98,13.835877916645245,0.00017748599930200726,0.17263126373291016,False
3483,453,14.701604513164579,0.00014955200094846077,0.1725625991821289,True
3484,412,1.2916161803250448,0.0001350559978163801,0.1724710464477539,True
3485,402,1.9435084877234763,0.0001275510003324598,0.17244815826416016,True
3486,313,1.78846528175229,0.00014443899999605492,0.1724710464477539,True
3488,303,1.1379777974573304,0.00012609699842869304,0.17235660552978516,True
3489,350,1.2495235808183236,0.00012892800077679567,0.1724405288696289,True
3491,369,1.1365224973223211,0.00013345999832381494,0.17246341705322266,True
3492,325,0.907026892372257,0.00016369600052712485,0.17247867584228516,True
3494,430,1.2866620806228573,0.00013401699834503233,0.17240238189697266,True
3499,325,1.1801032988225768,0.00014653299876954406,0.17255496978759766,True
3502,456,1.0086126430451055,0.0001570210006320849,0.1723794937133789,True
3503,325,1.2271029490639418,0.00014930199904483743,0.1725015640258789,True
3504,360,1.9118757203731334,0.00013259700062917545,0.1724252700805664,True
3508,492,2.001706781369604,0.0001372719998471439,0.17246341705322266,False
3509,350,3.625308208781624,0.00013565499830292538,0.17252445220947266,True
3514,345,1.9027009114890021,0.000159341001563007,0.1723794937133789,True
3515,361,1.4151620911209533,0.00014586600082111545,0.17246341705322266,True
3518,345,2.3591542049278917,0.0002023289998760447,0.17243289947509766,True
3519,492,2.0771619112376007,0.0001354529995296616,0.1724863052368164,False
3526,413,3.5490778573668162,0.00013416699948720634,0.17253971099853516,True
3528,325,0.9173896825489096,0.00014815300164627843,0.1724405288696289,True
3529,360,1.3665334188497114,0.00021139299860806204,0.1725473403930664,True
3531,326,1.9197677087363223,0.00014651400124421343,0.17258548736572266,True
3532,323,1.018606608579516,0.00014116699821897782,0.17243289947509766,True
3535,303,0.6435035107096211,0.000136886999825947,0.1724100112915039,True
3536,444,1.1724397660540917,0.0001250610002898611,0.17232608795166016,True
3539,433,2.4062396859488047,0.000129182000819128,0.1724405288696289,False
3543,466,1.6890284054465037,0.00013217599916970357,0.17243289947509766,True
3546,476,2.8177930216498175,0.00013411699910648167,0.1725015640258789,False
3547,423,5.24841408709063,0.00018370999896433204,0.17255496978759766,True
3548,343,2.48238304753728,0.0001344860029348638,0.17243289947509766,True
3549,366,5.057713145869872,0.0001416160012013279,0.17252445220947266,True
3551,307,4.032000796122978,0.00013703800141229294,0.17253971099853516,True
3554,360,1.4359199764201795,0.00013138999929651618,0.1724557876586914,True
3558,299,1.0798596140506094,0.0001373329978378024,0.17243289947509766,True
3559,424,1.8785350964760146,0.0001260820026800502,0.1723794937133789,True
3562,112,9.438724171469767,0.00013333199967746623,0.1725168228149414,False
3565,348,1.334475974573902,0.00013606199718196876,0.1723794937133789,True
3566,407,2.691361427809059,0.00013442500130622648,0.1724557876586914,True
3567,299,1.6481060978157245,0.0001335259985353332,0.1724252700805664,True
3568,424,1.1935166929341312,0.00012990400136914104,0.1724405288696289,True
3570,310,1.7776200802031956,0.00012867799887317233,0.17240238189697266,True
3571,490,1.5335202480456516,0.0001326060009887442,0.1724557876586914,False
3572,427,3.941244128646376,0.00013348500215215608,0.17240238189697266,True
3576,349,1.5924142845151552,0.00013739299902226776,0.1724405288696289,True
3577,400,1.652970255698056,0.0001318399990850594,0.1723947525024414,True
3580,341,1.4936965430956002,0.0001395010003761854,0.17243289947509766,True
3581,360,2.8115565574081067,0.00013410199971986003,0.1725168228149414,True
3583,377,1.9653003241832279,0.0001325070006714668,0.1724863052368164,True
3584,407,2.4880970495144736,0.00013721700088353828,0.1724557876586914,True
3585,321,4.042901782005464,0.0001272610024898313,0.17241764068603516,True
3586,424,2.284476784642301,0.0001325150005868636,0.1724252700805664,False
3587,348,1.3689418563948523,0.00013607399887405336,0.1724405288696289,False
3589,358,1.596243451784558,0.00015470599828404374,0.1724405288696289,True
3590,385,1.8179620471925022,0.00013874199794372544,0.1724405288696289,True
3592,415,1.8769157161722223,0.00013788699652650394,0.1724710464477539,True
3596,351,1.3637740766653736,0.00015171999984886497,0.1724710464477539,True
3597,68,5.15180674659347,0.00014942999769118614,0.1724405288696289,False
3599,396,2.8366541684699427,0.00014043400005903095,0.17238712310791016,True
3600,395,0.8292181793135046,0.0001316010020673275,0.1724252700805664,True
3601,398,2.0658138583677954,0.00013785800183541141,0.1724557876586914,True
3603,307,5.984265202546745,0.00013729499914916232,0.17253971099853516,True
3605,417,0.7876806224565299,0.00012846499885199592,0.17241764068603516,True
3606,348,1.343012727426897,0.00013146900164429098,0.17240238189697266,True
3607,400,2.490131450444175,0.0001346260032732971,0.1724863052368164,True
3609,471,1.4533094922041656,0.00012932500249007717,0.1724252700805664,True
3611,379,1.4890942357441335,0.00015514199913013726,0.1725473403930664,True
3613,308,1.5108753200220926,0.00013989700164529495,0.1724557876586914,False
3615,312,1.3244674219575172,0.0001399689972458873,0.17246341705322266,True
3616,352,1.3958439602410753,0.00015781600086484104,0.1724405288696289,True
3617,397,1.1402627087245643,0.000146266000228934,0.17247867584228516,True
3618,307,4.120029588120795,0.00015349299792433158,0.1725931167602539,True
3624,379,1.5540971023773484,0.00013290100105223246,0.17250919342041016,True
3625,485,6.751239243325731,0.0001695810024102684,0.17263126373291016,False
3627,392,2.214125344017205,0.00013155900160199963,0.1724405288696289,True
3629,387,1.4199067955809157,0.0001289710016862955,0.1724405288696289,True
3632,428,2.1869812864445,0.00015118900046218187,0.1724863052368164,True
3633,420,1.2675074535467925,0.00012605300071300007,0.1723642349243164,True
3635,341,0.9885981550461103,0.00012923500253236853,0.1724100112915039,True
3638,439,1.3033527753009981,0.00013188000230002217,0.1724252700805664,True
3639,298,1.095990004854823,0.00012627899923245423,0.1723794937133789,False
3641,311,0.7043672657277992,0.00018409100084681995,0.1724100112915039,False
3642,390,1.2665432939765588,0.00012908600183436647,0.17243289947509766,False
3646,486,2.3958611240311485,0.00013949600179330446,0.17257022857666016,False
3650,323,1.568799859856042,0.00015491900194319896,0.17244815826416016,True
3652,349,1.3326564133801335,0.0001312690001213923,0.1723642349243164,True
3653,353,1.7572550499545043,0.0001385709983878769,0.17243289947509766,True
3654,306,1.3982577305320403,0.00013317800039658323,0.1724710464477539,True
3655,449,1.3596357300596436,0.00013070999921183102,0.17244815826416016,True
3656,420,2.411191753578067,0.00013008099995204248,0.17241764068603516,False
3659,349,1.7311430793852427,0.0001293440000154078,0.1724557876586914,True
3660,394,2.5268823308005683,0.00013245700029074214,0.17243289947509766,True
3662,307,5.742650332321756,0.00013762000162387267,0.1725778579711914,False
3663,475,0.7699482814352248,0.0001367760014545638,0.1725168228149414,True
3665,360,1.6844473442525059,0.00012786200022674166,0.17238712310791016,False
3669,350,1.193101935573544,0.0001308130013057962,0.17241764068603516,False
3670,485,2.0494114321185783,0.00013227700037532486,0.1724405288696289,True
3672,393,2.2258647538311758,0.00015267400158336386,0.17260074615478516,True
3673,389,1.3429102686706211,0.0001354609994450584,0.17253971099853516,False
3680,456,1.0408116530681089,0.00013320500147528946,0.17243289947509766,False
3682,351,1.3639138549388896,0.00013118899732944556,0.1723642349243164,False
3689,430,0.9612551634699815,0.00015877099940553308,0.1724710464477539,False
3690,490,1.1933393351334758,0.00013125000259606168,0.1724405288696289,False
3691,450,0.922166002482074,0.00013520300126401708,0.1724710464477539,True
3695,444,0.959262205119571,0.00012744600098812953,0.1723947525024414,True
3697,131,15.754946727590989,0.00013460700210998766,0.17258548736572266,False
3698,311,1.9811510922940696,0.00013360999946598895,0.17252445220947266,True
3700,468,2.2481158597871285,0.00014590700084227137,0.17257022857666016,True
3702,359,1.6052353308294165,0.00013359399963519536,0.1724710464477539,True
3703,367,1.5486555559387898,0.0001300169969908893,0.1724557876586914,True
3704,294,1.3797217836282027,0.00013659899923368357,0.17255496978759766,True
3706,292,1.466783241769656,0.00016263900033663958,0.1725015640258789,True
3708,369,1.4309039262295598,0.00015818300016690046,0.1725473403930664,True
3712,468,1.5903255449198577,0.0001985950002563186,0.1724863052368164,True
3714,416,1.4979869710427558,0.0001484120002714917,0.17253971099853516,True
3718,478,1.1732918030635269,0.00013371900058700703,0.1724710464477539,True
3722,344,1.4983923834207478,0.0001633749998291023,0.17263126373291016,True
3723,398,2.1086296006320047,0.00018035300308838487,0.17252445220947266,True
3726,362,0.7262934869060491,0.00018243299928144552,0.1725168228149414,True
3727,332,1.699197395366179,0.00013542300075641833,0.17249393463134766,True
3729,374,0.657856297933245,0.00013642400153912604,0.17257022857666016,True
3730,338,0.7798740665407677,0.00012721500024781562,0.1723794937133789,True
3733,484,4.068750819682655,0.0001287929990212433,0.17241764068603516,False
3737,330,1.9019002822865487,0.0001319680013693869,0.17249393463134766,True
3738,484,1.3545975460761837,0.00019737600086955354,0.1725625991821289,False
3739,417,3.361215212910503,0.0001350840029772371,0.1725320816040039,True
3741,441,2.1852263508987546,0.00015310100206988864,0.1725015640258789,True
3743,418,1.318674500147597,0.00015027300105430186,0.1724710464477539,True
3747,292,1.1401009995886109,0.00015490399891859852,0.1724557876586914,True
3749,372,1.142297333336621,0.000128040999697987,0.1723947525024414,True
3751,478,1.0690134582036996,0.00013726099859923124,0.1724863052368164,True
3755,369,1.2880387075367055,0.00014599800124415196,0.17244815826416016,True
3757,353,1.7547467391362808,0.00012742999751935713,0.17241764068603516,True
3758,352,1.9740870925743024,0.00013655799921252765,0.1724863052368164,True
3761,475,0.577411880082024,0.0001255229981325101,0.17229557037353516,True
3766,417,1.646631365291602,0.0001475549979659263,0.17244815826416016,True
3768,343,2.0249453420709354,0.00023112000053515658,0.17244815826416016,True
3770,414,1.106683408193408,0.00012671500007854775,0.17237186431884766,True
3772,302,2.3642577220574967,0.00013821100219502114,0.1725015640258789,True
3773,351,1.337650383973324,0.00014753299910807982,0.17241764068603516,True
3777,360,1.520484150791935,0.0001379649984301068,0.17247867584228516,True
3779,310,1.209530004483291,0.00013242900240584277,0.1724710464477539,True
3780,216,6.105839075730295,0.000129035997815663,0.17246341705322266,False
3782,480,2.32763502950557,0.00013653700079885311,0.17255496978759766,False
3784,460,7.234413462136124,0.0001377849985146895,0.1725778579711914,True
3786,350,0.5366627316249835,0.0001281810000364203,0.1724100112915039,True
3787,351,1.1441083075254708,0.00014101800115895458,0.1725320816040039,True
3790,414,1.1508357629039572,0.00013054100054432638,0.1723947525024414,True
3795,464,1.7215592098788983,0.00013324500105227344,0.1724252700805664,True
3796,428,1.8945365617524281,0.00012758199954987504,0.17241764068603516,True
3797,433,1.622127242699853,0.0001422280001861509,0.17246341705322266,True
3798,333,1.846631788242117,0.00013556100020650774,0.17247867584228516,True
3799,464,2.2733694478891313,0.00012962400069227442,0.1724405288696289,True
3804,349,1.438037492466884,0.00014116800230112858,0.1723947525024414,True
3807,460,5.363847138272544,0.00018934499894385226,0.1725625991821289,True
3810,350,1.6797441451332322,0.0001292060005653184,0.17243289947509766,True
3812,467,1.1215060809081117,0.00013216399747761898,0.17241764068603516,True
3813,349,1.2933318990093077,0.0001568590014358051,0.1724252700805664,True
3814,299,2.2905287399289147,0.00013415099965641275,0.17244815826416016,True
3815,432,1.0780805522842547,0.00013208000018494204,0.17249393463134766,True
3817,424,2.036485375648759,0.00014500500037684105,0.17240238189697266,True
3823,377,2.192082413305582,0.00013526699694921263,0.17253971099853516,True
3824,349,1.8443449329590569,0.00013000900071347132,0.1724405288696289,True
3827,432,1.5232763082189422,0.0001283310011785943,0.1724100112915039,True
3830,377,2.445140522012472,0.00028910499895573594,0.17244815826416016,True
3831,349,1.099990890926805,0.0001291779990424402,0.17234134674072266,True
3834,354,1.676479852544901,0.00013107699851389043,0.17240238189697266,True
3835,329,1.5713324829891948,0.00012591699851327576,0.17237186431884766,True
3836,400,1.6667064158084948,0.00013857399972039275,0.1725168228149414,True
3843,329,1.4602302485769454,0.00017380999997840263,0.1724405288696289,True
3847,467,1.4001073413408311,0.00013092600056552328,0.17247867584228516,True
3848,349,0.9804239992943314,0.0001321580020885449,0.1725015640258789,True
3849,329,1.4309732900162002,0.00014711800031363964,0.1724252700805664,True
3851,394,1.7068762541435278,0.00014056200234335847,0.17241764068603516,True
3853,400,1.6740706200455007,0.00013937600306235254,0.1724557876586914,True
3854,299,1.2725118156258817,0.0001587449987709988,0.17243289947509766,True
3855,414,0.9809922163993098,0.00014210299923433922,0.1723031997680664,True
3859,343,1.8265453804511478,0.0001525330008007586,0.17243289947509766,True
3861,329,1.2982886472395618,0.00014405399997485802,0.17246341705322266,True
3865,428,2.3977098140140414,0.0001488699999754317,0.17247867584228516,True
3867,467,2.0041938576336302,0.0001974439983314369,0.1725168228149414,True
3875,449,1.5151961817276727,0.00018406100207357667,0.17247867584228516,True
3876,417,16.222704321892657,0.00013994199980515987,0.1725473403930664,False
3879,369,1.4162682212863529,0.00015313100084313191,0.1724863052368164,True
3881,382,1.9640666097238655,0.00013146899800631218,0.17246341705322266,True
3891,383,1.297168366151666,0.000132692999613937,0.17237186431884766,True
3893,383,1.176946078665489,0.00013773899991065264,0.17238712310791016,True
3895,383,0.6573300527299742,0.0001376289983454626,0.17234134674072266,True
3896,417,1.7199346149398296,0.00014816200200584717,0.1724863052368164,True
3898,383,0.825225668938598,0.0001405180009896867,0.17237186431884766,True
3900,303,2.0603783701639102,0.00016622100156382658,0.1724557876586914,True
3901,303,1.6354124513360437,0.0001595920002728235,0.1724710464477539,True
3902,439,1.3162528345349045,0.00013491699792211875,0.17247867584228516,True
3903,485,5.5028655079318725,0.00014930600082152523,0.17249393463134766,False
3906,439,1.8395069443051422,0.00013557800048147328,0.1723947525024414,True
3907,351,1.3338918057936662,0.0001411140001437161,0.17238712310791016,True
3908,369,1.407757831513117,0.000143940000270959,0.17249393463134766,True
3910,352,0.7073383195509928,0.000148821000038879,0.17247867584228516,True
3913,313,1.240046086335264,0.00013659400065080263,0.17243289947509766,True
3914,320,1.3376001037024483,0.00015294799959519878,0.1725015640258789,True
3916,352,1.1681857332453491,0.00014173100134939887,0.17247867584228516,True
3921,221,4.108530665990054,0.00015353900016634725,0.17252445220947266,False
3922,489,1.402657521084597,0.00012988200251129456,0.1724252700805664,False
3923,437,0.7267303532256326,0.0001428099967597518,0.17241764068603516,True
3925,353,1.1726323043073952,0.00013778200082015246,0.1724252700805664,True
3927,310,1.8505410380670682,0.0001566579994687345,0.1724557876586914,False
3929,389,1.4348595308951644,0.0001349300000583753,0.17246341705322266,True
3935,385,1.0688223312438179,0.0001467219990445301,0.1723947525024414,True
3936,464,0.644183980169767,0.0001500590005889535,0.17237186431884766,True
3937,467,1.4649800810335705,0.00013180899986764416,0.17244815826416016,True
3943,333,2.2222917286663706,0.00015178499961621128,0.17244815826416016,True
3945,397,0.8602379604492848,0.00015614699805155396,0.1723184585571289,True
3947,352,1.2736989462650607,0.00014546099919243716,0.1724100112915039,True
3948,350,2.6977904033705187,0.00015853699733270332,0.17252445220947266,True
3949,421,2.727717503265651,0.00013417299851425923,0.17241764068603516,True
3950,482,1.9507030832182684,0.00013905800005886704,0.17247867584228516,False
3952,439,1.144279780015417,0.0001386600015393924,0.17244815826416016,True
3953,429,1.3396419031663032,0.00013475300147547387,0.1724405288696289,True
3955,399,1.3166840699169846,0.00014425799963646568,0.17247867584228516,True
3956,464,0.8854647983659852,0.00013852099800715223,0.17243289947509766,True
3958,386,1.424298748847815,0.00013252799908514135,0.17240238189697266,True
3961,335,1.3143000913609728,0.00014185899999574758,0.1725473403930664,True
3964,423,1.2796561855745059,0.00013150499944458716,0.1724405288696289,True
3967,383,1.8489813580395464,0.00012532800246845,0.17235660552978516,False
3969,494,1.465860308859911,0.00013286699686432257,0.17243289947509766,False
3971,489,0.9709633670040316,0.0001288900020881556,0.17246341705322266,False
3972,354,1.6841218141195435,0.00014580199785996228,0.1724405288696289,True
3973,313,1.6136206716567207,0.00013272100113681518,0.1724710464477539,True
3975,335,1.3594500677756978,0.0001321359995927196,0.17240238189697266,True
3976,321,1.9617952609216935,0.00013068999760434963,0.17244815826416016,True
3979,437,1.925896364916215,0.00013140000010025688,0.1724710464477539,True
3980,382,1.2761123750411143,0.0001322110001638066,0.17244815826416016,True
3981,336,1.321216141870551,0.0001319619987043552,0.1724405288696289,True
3982,323,0.9593293283904091,0.00013091499931761064,0.1724405288696289,True
3983,326,1.4632496920842515,0.00014302700219559483,0.17241764068603516,True
3984,494,2.130037879896287,0.00013197700172895566,0.1725015640258789,False
3986,303,1.143777627905921,0.00013202000263845548,0.1724405288696289,True
3987,320,2.0289304193646633,0.00013084300007903948,0.1724710464477539,True
3989,417,1.1850164205662956,0.00012729399895761162,0.17243289947509766,True
3990,420,1.4263795114951126,0.00013178899826016277,0.17241764068603516,True
3992,495,2.7648618611397877,0.00015644000086467713,0.1723794937133789,True
3994,386,1.4953724969447815,0.0001484099993831478,0.17253971099853516,True
3995,361,1.5389860756129474,0.00013458999819704331,0.1724863052368164,True
3999,298,0.9891357768384856,0.00014426099733100273,0.1724405288696289,True
4000,449,2.11670933367664,0.0001335359993390739,0.1724405288696289,True
4002,442,1.3100597311241695,0.0001316900015808642,0.17244815826416016,True
4004,306,1.5425732507763639,0.00013641799887409434,0.17241764068603516,True
4005,414,1.2220847064961355,0.0001626009980100207,0.1724405288696289,True
4008,428,2.7420450761361783,0.0001703589987300802,0.17244815826416016,False
4010,353,1.592709944273953,0.00013909100016462617,0.1724252700805664,True
4011,396,2.9380893466239275,0.00016645399955450557,0.17246341705322266,True
4012,319,1.2804418833950033,0.00013597300130641088,0.1725473403930664,True
4013,421,3.326780877298507,0.00013344200124265626,0.17253971099853516,True
4014,399,1.4430926684910828,0.00013848400340066291,0.17241764068603516,True
4016,347,1.2000408855145146,0.00014619200010201894,0.1724863052368164,True
4017,369,1.0740062819113767,0.00012936499842908233,0.17238712310791016,True
4018,369,1.1946662180609888,0.00012745599815389141,0.1724252700805664,True
4020,309,1.654746695033681,0.00013092900189803913,0.17244815826416016,True
4021,430,1.4746523458758363,0.00012683399836532772,0.17240238189697266,True
4022,313,0.9921920162215567,0.0001302960008615628,0.1724405288696289,True
4026,301,2.0380935417571306,0.000128878000396071,0.17244815826416016,True
4027,379,13.015953483281255,0.00013713999942410737,0.1726236343383789,False
4029,382,1.553366250742186,0.00013764600225840695,0.17250919342041016,True
4032,473,2.3928976756731113,0.00016669100295985118,0.17257022857666016,False
4033,451,0.48045500811598263,0.00015041299775475636,0.17235660552978516,True
4035,443,0.7837389271595421,0.00015753799743833952,0.17246341705322266,True
4037,446,1.8647913804892522,0.00014598699999623932,0.17244815826416016,True
4038,419,1.5625686938234538,0.00015323299885494635,0.17240238189697266,True
4041,478,2.3460323755706445,0.00015677899864385836,0.1724252700805664,True
4043,370,0.6881615954665332,0.00014332800128613599,0.17235660552978516,True
4044,401,0.8358339565017917,0.00014069499957258813,0.17231082916259766,True
4046,476,3.6722753013580447,0.0001445279995095916,0.1724863052368164,True
4048,446,0.6985556492994623,0.00013521900109481066,0.17238712310791016,True
4049,446,0.5324346500900865,0.0001556999995955266,0.17240238189697266,True
4051,327,0.5492825363927871,0.0001333129985141568,0.1723947525024414,True
4052,296,0.5529586064018878,0.00014636999912909232,0.1724710464477539,True
4053,370,1.1792683207863868,0.0001384250026603695,0.1722879409790039,True
4054,300,0.34988449863132065,0.00014544100122293457,0.1723794937133789,True
4055,419,0.4788638398773844,0.000140923002618365,0.1724557876586914,True
4057,443,0.5656800754183617,0.0001341440001851879,0.1723642349243164,True
4059,443,1.9013923328398836,0.00014172100054565817,0.17255496978759766,True
4063,454,0.44903213956642907,0.00012928000069223344,0.17234134674072266,True
4064,419,0.671948963128395,0.00014830999862169847,0.1724252700805664,True
4068,457,0.511420966967404,0.0001456099998904392,0.17229557037353516,True
4070,324,0.9536901166223288,0.00014556200039805844,0.1723947525024414,True
4071,445,1.3639206056487005,0.00014097299936111085,0.17244815826416016,True
4075,446,3.355086682834128,0.00013814299745718017,0.1725931167602539,True
4076,426,0.4921660787391807,0.00017327499881503172,0.1723947525024414,True
4077,342,1.095365293291783,0.00014635199840995483,0.17241764068603516,True
4081,409,3.7387281684541698,0.00018134399942937307,0.17246341705322266,True
4084,327,3.6592524332159146,0.00015312100003939122,0.17250919342041016,True
4085,446,1.0831229740409984,0.00014211199959390797,0.17241764068603516,True
4086,465,2.264757730524395,0.00014006799756316468,0.17247867584228516,True
4087,364,1.1656147111765498,0.00013179400048102252,0.1723947525024414,True
4094,380,1.8704560329235533,0.0001434520017937757,0.1725778579711914,True
4096,409,1.086598352739181,0.00014170600115903653,0.17243289947509766,True
4100,324,1.8124878572363103,0.0001378759989165701,0.17252445220947266,True
4103,355,1.0140352107850275,0.0001489060014137067,0.17243289947509766,True
4105,327,1.1415432277872093,0.00013983099779579788,0.17250919342041016,True
4108,169,3.2034405520781797,0.00013876600132789463,0.1724252700805664,False
4109,296,1.1955456867574696,0.00016078299813671038,0.1723337173461914,True
4110,454,1.8111978534551985,0.0001393569982610643,0.1724710464477539,True
4112,364,2.1309540350689873,0.000153015000250889,0.1724710464477539,True
4113,473,5.8457349832486925,0.00014557599934050813,0.17250919342041016,True
4114,409,1.8040386349958746,0.00013835599747835658,0.1725168228149414,True
4115,423,2.037419368528442,0.0001321179988735821,0.17246341705322266,True
4116,364,1.870566427782976,0.00012810300177079625,0.1724405288696289,True
4124,419,1.4927602819678247,0.0001494190000812523,0.17255496978759766,True
4126,300,0.5815426925087365,0.00012496899944380857,0.1723489761352539,True
4127,419,0.9799589994906273,0.00014319500041892752,0.17249393463134766,True
4128,419,2.5559786793116177,0.00013068900079815648,0.1724405288696289,True
4129,419,1.3026491144239651,0.0001908960002765525,0.17244815826416016,True
4134,380,1.1214408762973216,0.00012639299893635325,0.1723794937133789,True
4135,426,1.0065957090952142,0.00013258099716040306,0.17246341705322266,True
4137,294,2.446104017912578,0.00017023800319293514,0.17252445220947266,True
4139,445,0.516337847849741,0.00015868300033616833,0.1723642349243164,True
4140,446,1.2037584325567043,0.00013815200145472772,0.17249393463134766,True
4141,300,0.9236146816250278,0.0001362590010103304,0.17244815826416016,True
4142,300,0.7036964376041219,0.00012477399650379084,0.1723031997680664,True
4144,327,0.7003479210445838,0.00013442300041788258,0.1724405288696289,True
4145,419,1.0502584745123242,0.000162623000505846,0.17243289947509766,True
4146,473,1.8242038325888341,0.00014273099804995582,0.17258548736572266,True
4147,446,0.4332299236398608,0.00013282199870445766,0.17246341705322266,True
4148,443,0.5366965432796065,0.00013149400183465332,0.17238712310791016,True
4151,488,9.921823663065375,0.00013714599845116027,0.1724863052368164,False
4152,473,1.8937057638651356,0.0001278790005017072,0.1724100112915039,True
4153,419,1.0612589129557195,0.00026977200104738586,0.17244815826416016,True
4154,445,1.6818537057702245,0.00013003399726585485,0.1724252700805664,True
4156,355,1.1237207756275704,0.00012758099910570309,0.1723947525024414,True
4157,457,5.04832418915474,0.000138411000079941,0.1725625991821289,True
4158,426,1.0441158430551898,0.0001361070026177913,0.1724405288696289,True
4159,300,0.4377606108480706,0.00014334700244944543,0.1723642349243164,True
4160,300,0.5429868607125554,0.00013428500096779317,0.1725168228149414,True
4164,457,1.2314794520904477,0.00013001900151721202,0.17238712310791016,True
4165,451,0.5067823236711364,0.00012863399751950055,0.17235660552978516,True
4166,419,2.8710764782747216,0.00012472199887270108,0.1723794937133789,True
4171,370,1.377283743307921,0.00012717099889414385,0.1723642349243164,True
4172,419,1.425140679188412,0.000135018999571912,0.17250919342041016,True
4173,342,4.1407076604368385,0.0001387880001857411,0.1724863052368164,False
4175,419,1.1472431302662116,0.00012713599790004082,0.1723794937133789,True
4176,370,0.7737919233063005,0.0001274169990210794,0.17238712310791016,True
4178,364,1.417826764590808,0.00012805100050172769,0.17241764068603516,True
4179,370,0.44112270292926137,0.00013014599971938878,0.17231082916259766,True
4180,443,2.4974095809743826,0.0001353250008833129,0.1725015640258789,True
4182,300,1.0572088916291915,0.00013220399705460295,0.17246341705322266,True
4184,419,0.8454419742724331,0.00012541599789983593,0.17235660552978516,True
4188,342,0.8864388164860869,0.0001233000002685003,0.1723337173461914,True
4189,434,1.4544922046906783,0.00015693100067437626,0.17243289947509766,True
4192,331,2.0788660367826086,0.00013854400094714947,0.17246341705322266,True
4193,481,1.9124529300430142,0.00014420300067286007,0.17244815826416016,True
4195,293,1.3543767858187994,0.00013759099965682253,0.1725473403930664,True
4196,497,1.7459002214541446,0.00013238799874670804,0.1724710464477539,True
4197,309,0.8891976546234974,0.00012838800103054382,0.17241764068603516,True
4198,331,1.4505358562792874,0.00013590700109489262,0.1725015640258789,True
4200,313,1.4933927554561521,0.0001319009970757179,0.1724557876586914,True
4201,415,1.6373208830708448,0.00013333999959286302,0.17241764068603516,True
4206,359,1.5292152102512295,0.00014894200285198167,0.1725168228149414,True
4209,495,1.188416961912414,0.00013130400111549534,0.1724557876586914,True
4212,437,1.2694935555582427,0.00013908300024922937,0.17247867584228516,True
4216,452,8.037185547085214,0.00015375400107586756,0.1726083755493164,True
4217,318,7.750676459153116,0.00013729700003750622,0.17249393463134766,False
4219,399,1.0747984823300525,0.00013848500020685606,0.1724252700805664,True
4220,309,1.0303207077915535,0.00013421100084087811,0.1724252700805664,True
4221,494,1.4609023945989745,0.00013972699889563955,0.1724710464477539,False
4225,316,1.1629199761658122,0.00013267599933897145,0.1724710464477539,True
4226,361,1.9167664142651948,0.00028054900030838326,0.17249393463134766,True
4229,372,0.9325839958907752,0.0001580419993842952,0.17244815826416016,True
4230,482,1.0560754891622792,0.00013382300312514417,0.17247867584228516,False
4231,133,2.030029710168558,0.00014748899775440805,0.1725473403930664,False
4239,303,0.8151498198631415,0.00012976600191905163,0.17241764068603516,True
4240,334,9.32016907204805,0.00013455000225803815,0.17250919342041016,False
4241,420,1.4538865789808566,0.0001633320025575813,0.17247867584228516,True
4242,397,1.0831786956943563,0.0001492160008638166,0.17243289947509766,True
4243,408,3.9555627720496616,0.00017537300300318748,0.1724405288696289,False
4245,337,1.0500399029260032,0.00013032499919063412,0.17240238189697266,True
4246,439,1.1684335279428977,0.0001426880007784348,0.1723489761352539,True
4247,321,1.601485207450815,0.00012828899707528763,0.17240238189697266,True
4249,316,0.9941889116604662,0.000131590997625608,0.17249393463134766,True
4251,481,1.313281326702043,0.0001283550009247847,0.17243289947509766,True
4253,313,1.1576786769994933,0.00013242299974081106,0.1723794937133789,True
4254,430,1.3908754685673084,0.0001304180004808586,0.17243289947509766,True
4257,320,0.9488330037279173,0.00012971599790034816,0.17243289947509766,True
4258,354,1.3384271931046652,0.00020155799938947894,0.1724252700805664,True
4259,429,1.9597120194831394,0.0001399729990225751,0.17250919342041016,True
4262,299,0.8903893881409157,0.0001260999997612089,0.17235660552978516,True
4263,385,1.9647107850225178,0.0001291170010517817,0.1724557876586914,True
4264,299,1.2786721528319018,0.00013420200048130937,0.17234134674072266,True
4268,343,2.170349570731419,0.0001453420009056572,0.17244815826416016,True
4270,439,1.7040492254356572,0.00012843500007875264,0.17240238189697266,True
4271,439,1.3692603320517327,0.0001250749992323108,0.1723337173461914,True
4276,442,1.2768419844959211,0.00015513499965891242,0.1724557876586914,True
4278,397,1.3459622181450577,0.00013051199857727624,0.1724557876586914,True
4280,318,4.688925308013871,0.0001455450001230929,0.1724710464477539,True
4281,443,0.7844759348937684,0.0002700570003071334,0.1723794937133789,True
4282,419,1.013409788001615,0.00014477399963652715,0.1723947525024414,True
4283,419,0.9584471745341608,0.00013319800200406462,0.1724100112915039,True
4285,324,0.8381747970861182,0.00012594999861903489,0.17234134674072266,True
4286,401,1.195979816297206,0.00012377999883028679,0.1723489761352539,True
4287,324,0.4342885931686772,0.00014109399853623472,0.1723184585571289,True
4291,454,0.8199874803528728,0.00012970599709660746,0.17240238189697266,True
4292,342,1.865585567906692,0.00013453399878926575,0.17249393463134766,True
4293,454,0.8876105149815687,0.00012836699897889048,0.17237186431884766,True
4295,446,0.8944116478625147,0.00013275699893711135,0.17243289947509766,True
4297,404,0.7323529110170464,0.00012685500041698106,0.17234134674072266,True
4303,454,1.314400589642906,0.00013396799840847962,0.17246341705322266,True
4308,324,0.5000065881744807,0.00012907400014228188,0.1723947525024414,True
4309,473,1.9397483846477366,0.00015422199794556946,0.17260074615478516,False
4310,401,1.719449933210588,0.00013043299986748025,0.17241764068603516,True
4313,409,0.46242995196077413,0.00015443499796674587,0.1724252700805664,True
4314,295,2.641534012601358,0.00013482199938152917,0.1725168228149414,True
4315,404,0.5856628708000925,0.00012894400060758926,0.17232608795166016,True
4317,324,0.9669881015678965,0.00012869599959230982,0.17237186431884766,True
4319,426,1.1807320531232381,0.00015963099940563552,0.17238712310791016,True
4320,364,1.664794290787761,0.00012606200107256882,0.17237186431884766,True
4321,404,1.118405691188986,0.00013512099758372642,0.1724100112915039,True
4322,364,1.5572742424288437,0.00012997099838685244,0.17243289947509766,True
4323,454,0.782047606360364,0.00022033800269127823,0.17241764068603516,True
4324,296,1.2602415248302676,0.0001315199988312088,0.17244815826416016,True
4325,342,1.8299220343907932,0.00013039300029049627,0.1724252700805664,True
4326,454,1.0550836411695435,0.00014682699838886037,0.1724710464477539,True
4327,473,2.592097400103095,0.00013152099927538075,0.1724710464477539,False
4334,0,4.919659701552472,0.00016883499847608618,0.17255496978759766,False
4338,33,32.12650961834266,0.0001335119995928835,0.1726083755493164,False
4340,499,4.575946833011762,0.00013007800225750543,0.17243289947509766,False
4341,432,1.286167089201031,0.00013864900029147975,0.17241764068603516,True
4343,493,1.906349683476769,0.00016093599697342142,0.1724100112915039,True
4348,319,1.2501826664826883,0.00014682300025015138,0.17241764068603516,True
4350,390,1.7432848126683966,0.00013911900168750435,0.17253971099853516,True
4353,319,1.489711240987761,0.00013997200221638195,0.1725473403930664,True
4354,384,1.7361559045190877,0.00013770900113740936,0.1725168228149414,True
4355,390,1.9728124472089668,0.00015560500105493702,0.1724405288696289,True
4356,468,3.1354400944705505,0.00015769699894008227,0.1725778579711914,True
4357,436,9.97910103993401,0.00013494499944499694,0.1725625991821289,True
4360,468,1.9658462507593502,0.0001331610001216177,0.17253971099853516,True
4362,422,1.078973552724476,0.00012496099952841178,0.17240238189697266,True
4363,294,1.6040753470693494,0.000135705999127822,0.17255496978759766,True
4366,315,18.865609136545213,0.0001367760014545638,0.1725625991821289,True
4370,334,0.9644067781627328,0.00012674699974013492,0.1724100112915039,True
4373,334,1.7645215933219442,0.0001427469978807494,0.17243289947509766,True
4377,384,1.0639174123111923,0.00012924900147481821,0.1724405288696289,True
4382,30,7.728968708044799,0.00016000300092855468,0.1724710464477539,False
4383,280,24.37336541880108,0.00015994800196494907,0.17267704010009766,False
4385,460,1.1565608535383358,0.0001318139984505251,0.17246341705322266,True
4386,442,1.2461087588456192,0.00013066400060779415,0.17241764068603516,True
4387,489,1.4693191623552604,0.00012765100109390914,0.1723947525024414,False
4388,487,1.4669323795876872,0.0002708020001591649,0.17240238189697266,True
4395,487,1.2844603200947857,0.0001414380021742545,0.17234134674072266,True
4398,444,1.3112345402588068,0.00013193300037528388,0.17244815826416016,True
4401,493,1.3479718850953222,0.0001346080025541596,0.17243289947509766,True
4402,432,1.2999788403320596,0.00014231499881134368,0.17235660552978516,True
4403,466,2.191405234181092,0.0001446370006306097,0.1725473403930664,True
4405,493,1.6059365270170016,0.00013427600060822442,0.17243289947509766,True
4406,493,1.1666738570227502,0.00012837699978263117,0.17238712310791016,True
4407,313,1.0156364915876122,0.00012976799916941673,0.17244815826416016,True
4409,437,1.0043427135014096,0.0001301080010307487,0.17243289947509766,True
4411,309,0.8499295701000347,0.00013234900325187482,0.17244815826416016,True
4412,440,2.2885911653253395,0.0001446860005671624,0.1725625991821289,True
4413,487,2.0903015696778007,0.00012499099830165505,0.17237186431884766,True
4415,432,1.2554685923576188,0.00012857700130552985,0.1724252700805664,True
4416,497,0.9226919486480669,0.00015398400137200952,0.17240238189697266,True
4420,495,1.203788193021081,0.00012898099885205738,0.17240238189697266,True
4421,487,1.3221807118222326,0.000126215996715473,0.17237186431884766,True
4422,11,5.014247794568885,0.0001350089987681713,0.17255496978759766,False
4424,487,5.2338752765194485,0.00013726299948757514,0.1725778579711914,True
4426,487,3.9931720696912274,0.0001463919979869388,0.17260074615478516,True
4427,481,1.7365085016617887,0.00012986200090381317,0.1724405288696289,True
4431,373,1.049453455161603,0.00019849699674523436,0.1724405288696289,True
4432,493,1.6952531002978373,0.0001264849997824058,0.1723794937133789,True
4435,487,2.0091868100879444,0.00013437400048132986,0.1724405288696289,True
4436,487,1.0007761655410887,0.0001277110022783745,0.17237186431884766,True
4438,487,1.347975495669936,0.00012667499686358497,0.17238712310791016,True
4440,408,1.0236587632852356,0.00016778600183897652,0.1724405288696289,False
4442,497,1.7888594981663761,0.00012804000289179385,0.17235660552978516,True
4445,353,1.8179036454343107,0.00014445000124396756,0.1724557876586914,False
4447,487,1.5506324828958162,0.0003992870006186422,0.1723947525024414,True
4448,302,2.7961955080714547,0.00013148099969839677,0.1724863052368164,True
4449,330,4.286777839837951,0.0001365489988529589,0.17253971099853516,False
4450,322,0.928460429441665,0.00014138599726720713,0.1725168228149414,True
4451,436,6.991146304893973,0.0001381209985993337,0.1725168228149414,True
4452,310,2.0486827601206103,0.00015745099881314673,0.1725320816040039,True
4457,148,3.607477285058161,0.00015213500228128396,0.17249393463134766,False
4462,451,1.9551415212188044,0.0001336999994236976,0.1724710464477539,True
4463,384,1.2399370022439535,0.00013308699999470264,0.17246341705322266,True
4464,487,6.3516406873817415,0.0001339189984719269,0.1725320816040039,True
4465,431,1.2976092711290195,0.00014124500012258068,0.1725473403930664,True
4468,429,1.2110605957188976,0.00014107799870544113,0.1724100112915039,True
4470,319,1.1026249961584687,0.000139288000355009,0.1724863052368164,True
4472,372,1.4357355933769438,0.00014691300020786002,0.1724863052368164,True
4474,422,0.698048029189333,0.0001429799995094072,0.1724252700805664,True
4476,466,1.2527605339100913,0.00013667700113728642,0.1725625991821289,True
4479,297,1.6760876079856277,0.00013188199955038726,0.1724863052368164,True
4480,390,1.6723473959864439,0.00013765199764748104,0.1725625991821289,True
4481,384,2.0300632494025344,0.0001369439996778965,0.17257022857666016,True
4484,481,2.7307169695030615,0.000136771999677876,0.1725168228149414,True
4486,497,2.405701389010928,0.00019858800078509375,0.17247867584228516,False
4492,448,1.7382037545277018,0.00015434899978572503,0.17243289947509766,True
4494,408,1.9120314498934947,0.00012587599849211983,0.1723794937133789,True
4495,420,1.941773769157349,0.00012730600064969622,0.17243289947509766,False
4496,408,1.3363050191193149,0.000137570001243148,0.1724252700805664,True
4497,385,1.3756553852827236,0.00012891899677924812,0.17243289947509766,True
